solid h19.1_fill
   facet normal -2.612686e-02 1.286147e-01 9.913504e-01
      outer loop
         vertex 1.540973e+00 -1.629088e-01 -4.557588e+00
         vertex 1.556758e+00 -2.371587e-01 -4.547539e+00
         vertex 1.797821e+00 -2.238268e-01 -4.542916e+00
      endloop
   endfacet
   facet normal -6.819881e-02 -1.274194e-01 9.895015e-01
      outer loop
         vertex 1.975443e+00 -1.330885e+00 -4.469413e+00
         vertex 1.975941e+00 -1.338410e+00 -4.470347e+00
         vertex 1.989915e+00 -1.338353e+00 -4.469377e+00
      endloop
   endfacet
   facet normal -3.512850e-02 -9.388744e-02 9.949629e-01
      outer loop
         vertex 1.841662e+00 5.859136e-01 -4.573755e+00
         vertex 1.844900e+00 6.066667e-01 -4.571682e+00
         vertex 1.571639e+00 6.630844e-01 -4.576006e+00
      endloop
   endfacet
   facet normal -3.076893e-02 -3.672750e-02 9.988515e-01
      outer loop
         vertex 1.533636e+00 4.755218e-01 -4.590328e+00
         vertex 1.820159e+00 4.426330e-01 -4.582711e+00
         vertex 1.543837e+00 5.335516e-01 -4.587880e+00
      endloop
   endfacet
   facet normal -3.044712e-02 -3.574686e-02 9.988970e-01
      outer loop
         vertex 1.543837e+00 5.335516e-01 -4.587880e+00
         vertex 1.820159e+00 4.426330e-01 -4.582711e+00
         vertex 1.827709e+00 4.940412e-01 -4.580642e+00
      endloop
   endfacet
   facet normal -3.451413e-02 -6.526523e-02 9.972709e-01
      outer loop
         vertex 1.543837e+00 5.335516e-01 -4.587880e+00
         vertex 1.827709e+00 4.940412e-01 -4.580642e+00
         vertex 1.553758e+00 5.835709e-01 -4.584264e+00
      endloop
   endfacet
   facet normal -3.582680e-02 -6.929473e-02 9.969527e-01
      outer loop
         vertex 1.553758e+00 5.835709e-01 -4.584264e+00
         vertex 1.827709e+00 4.940412e-01 -4.580642e+00
         vertex 1.841662e+00 5.859136e-01 -4.573755e+00
      endloop
   endfacet
   facet normal -3.560627e-02 -8.929184e-02 9.953689e-01
      outer loop
         vertex 1.553758e+00 5.835709e-01 -4.584264e+00
         vertex 1.841662e+00 5.859136e-01 -4.573755e+00
         vertex 1.565609e+00 6.374709e-01 -4.579004e+00
      endloop
   endfacet
   facet normal -3.890415e-02 -1.071418e-01 9.934823e-01
      outer loop
         vertex 1.565609e+00 6.374709e-01 -4.579004e+00
         vertex 1.841662e+00 5.859136e-01 -4.573755e+00
         vertex 1.571639e+00 6.630844e-01 -4.576006e+00
      endloop
   endfacet
   facet normal -2.722657e-02 -1.506869e-01 9.882065e-01
      outer loop
         vertex 1.925811e+00 1.143328e+00 -4.486705e+00
         vertex 1.718887e+00 1.141205e+00 -4.492729e+00
         vertex 1.909925e+00 1.023093e+00 -4.505476e+00
      endloop
   endfacet
   facet normal -3.152112e-02 -1.575044e-01 9.870151e-01
      outer loop
         vertex 1.909925e+00 1.023093e+00 -4.505476e+00
         vertex 1.718887e+00 1.141205e+00 -4.492729e+00
         vertex 1.665984e+00 9.828431e-01 -4.519690e+00
      endloop
   endfacet
   facet normal -3.200696e-02 -1.547104e-01 9.874413e-01
      outer loop
         vertex 1.909925e+00 1.023093e+00 -4.505476e+00
         vertex 1.665984e+00 9.828431e-01 -4.519690e+00
         vertex 1.896951e+00 9.333153e-01 -4.519963e+00
      endloop
   endfacet
   facet normal -3.465009e-02 -1.670247e-01 9.853437e-01
      outer loop
         vertex 1.896951e+00 9.333153e-01 -4.519963e+00
         vertex 1.665984e+00 9.828431e-01 -4.519690e+00
         vertex 1.622017e+00 8.444524e-01 -4.544694e+00
      endloop
   endfacet
   facet normal -3.717145e-02 -1.038643e-01 9.938966e-01
      outer loop
         vertex 1.844900e+00 6.066667e-01 -4.571682e+00
         vertex 1.849016e+00 6.328523e-01 -4.568791e+00
         vertex 1.571639e+00 6.630844e-01 -4.576006e+00
      endloop
   endfacet
   facet normal -3.861343e-02 -1.174692e-01 9.923255e-01
      outer loop
         vertex 1.571639e+00 6.630844e-01 -4.576006e+00
         vertex 1.849016e+00 6.328523e-01 -4.568791e+00
         vertex 1.853707e+00 6.623785e-01 -4.565114e+00
      endloop
   endfacet
   facet normal -3.855952e-02 -1.390949e-01 9.895281e-01
      outer loop
         vertex 1.571639e+00 6.630844e-01 -4.576006e+00
         vertex 1.853707e+00 6.623785e-01 -4.565114e+00
         vertex 1.592278e+00 7.430368e-01 -4.563963e+00
      endloop
   endfacet
   facet normal -3.949950e-02 -1.421349e-01 9.890589e-01
      outer loop
         vertex 1.592278e+00 7.430368e-01 -4.563963e+00
         vertex 1.853707e+00 6.623785e-01 -4.565114e+00
         vertex 1.862661e+00 7.174485e-01 -4.556842e+00
      endloop
   endfacet
   facet normal -4.220489e-02 -1.720799e-01 9.841785e-01
      outer loop
         vertex 1.592278e+00 7.430368e-01 -4.563963e+00
         vertex 1.862661e+00 7.174485e-01 -4.556842e+00
         vertex 1.601576e+00 7.758768e-01 -4.557822e+00
      endloop
   endfacet
   facet normal -4.085403e-02 -1.660253e-01 9.852749e-01
      outer loop
         vertex 1.601576e+00 7.758768e-01 -4.557822e+00
         vertex 1.862661e+00 7.174485e-01 -4.556842e+00
         vertex 1.870975e+00 7.676597e-01 -4.548036e+00
      endloop
   endfacet
   facet normal -4.109578e-02 -1.760339e-01 9.835259e-01
      outer loop
         vertex 1.601576e+00 7.758768e-01 -4.557822e+00
         vertex 1.870975e+00 7.676597e-01 -4.548036e+00
         vertex 1.622017e+00 8.444524e-01 -4.544694e+00
      endloop
   endfacet
   facet normal -3.810658e-02 -1.664211e-01 9.853182e-01
      outer loop
         vertex 1.622017e+00 8.444524e-01 -4.544694e+00
         vertex 1.870975e+00 7.676597e-01 -4.548036e+00
         vertex 1.880449e+00 8.261252e-01 -4.537795e+00
      endloop
   endfacet
   facet normal -3.757070e-02 -1.583569e-01 9.866669e-01
      outer loop
         vertex 1.622017e+00 8.444524e-01 -4.544694e+00
         vertex 1.880449e+00 8.261252e-01 -4.537795e+00
         vertex 1.896951e+00 9.333153e-01 -4.519963e+00
      endloop
   endfacet
   facet normal -8.848921e-02 1.339260e-01 9.870327e-01
      outer loop
         vertex 1.994682e+00 2.008716e+00 -4.464368e+00
         vertex 1.979409e+00 2.014294e+00 -4.466495e+00
         vertex 1.978457e+00 2.007598e+00 -4.465671e+00
      endloop
   endfacet
   facet normal -8.816725e-02 1.283585e-01 9.878009e-01
      outer loop
         vertex 1.994682e+00 2.008716e+00 -4.464368e+00
         vertex 1.978457e+00 2.007598e+00 -4.465671e+00
         vertex 1.993535e+00 1.987086e+00 -4.461660e+00
      endloop
   endfacet
   facet normal -1.475399e-01 6.488487e-02 9.869255e-01
      outer loop
         vertex 1.994041e+00 2.043353e+00 -4.469360e+00
         vertex 1.976255e+00 2.082301e+00 -4.474579e+00
         vertex 1.977887e+00 2.067711e+00 -4.473376e+00
      endloop
   endfacet
   facet normal -2.460224e-02 1.467373e-01 9.888695e-01
      outer loop
         vertex 1.994041e+00 2.043353e+00 -4.469360e+00
         vertex 1.977887e+00 2.067711e+00 -4.473376e+00
         vertex 1.994344e+00 2.037931e+00 -4.468548e+00
      endloop
   endfacet
   facet normal -8.288461e-02 1.147033e-01 9.899360e-01
      outer loop
         vertex 1.994344e+00 2.037931e+00 -4.468548e+00
         vertex 1.977887e+00 2.067711e+00 -4.473376e+00
         vertex 1.980228e+00 2.041625e+00 -4.470157e+00
      endloop
   endfacet
   facet normal -7.586353e-02 1.403406e-01 9.871926e-01
      outer loop
         vertex 1.994344e+00 2.037931e+00 -4.468548e+00
         vertex 1.980228e+00 2.041625e+00 -4.470157e+00
         vertex 1.994682e+00 2.008716e+00 -4.464368e+00
      endloop
   endfacet
   facet normal -8.807927e-02 1.349296e-01 9.869326e-01
      outer loop
         vertex 1.994682e+00 2.008716e+00 -4.464368e+00
         vertex 1.980228e+00 2.041625e+00 -4.470157e+00
         vertex 1.980147e+00 2.022072e+00 -4.467492e+00
      endloop
   endfacet
   facet normal -8.812840e-02 1.348768e-01 9.869355e-01
      outer loop
         vertex 1.994682e+00 2.008716e+00 -4.464368e+00
         vertex 1.980147e+00 2.022072e+00 -4.467492e+00
         vertex 1.979409e+00 2.014294e+00 -4.466495e+00
      endloop
   endfacet
   facet normal -8.384121e-02 1.315305e-01 9.877603e-01
      outer loop
         vertex 1.978457e+00 2.007598e+00 -4.465671e+00
         vertex 1.974079e+00 1.987430e+00 -4.463357e+00
         vertex 1.993535e+00 1.987086e+00 -4.461660e+00
      endloop
   endfacet
   facet normal -8.387948e-02 1.302134e-01 9.879315e-01
      outer loop
         vertex 1.993535e+00 1.987086e+00 -4.461660e+00
         vertex 1.974079e+00 1.987430e+00 -4.463357e+00
         vertex 1.971911e+00 1.979657e+00 -4.462517e+00
      endloop
   endfacet
   facet normal -7.990902e-02 1.184476e-01 9.897397e-01
      outer loop
         vertex 1.993535e+00 1.987086e+00 -4.461660e+00
         vertex 1.971911e+00 1.979657e+00 -4.462517e+00
         vertex 1.983499e+00 1.875191e+00 -4.449079e+00
      endloop
   endfacet
   facet normal -6.183019e-02 1.205862e-01 9.907754e-01
      outer loop
         vertex 1.983499e+00 1.875191e+00 -4.449079e+00
         vertex 1.971911e+00 1.979657e+00 -4.462517e+00
         vertex 1.938790e+00 1.872013e+00 -4.451483e+00
      endloop
   endfacet
   facet normal -6.018615e-02 9.530114e-02 9.936274e-01
      outer loop
         vertex 1.983499e+00 1.875191e+00 -4.449079e+00
         vertex 1.938790e+00 1.872013e+00 -4.451483e+00
         vertex 1.980986e+00 1.844925e+00 -4.446329e+00
      endloop
   endfacet
   facet normal -5.799778e-02 9.867221e-02 9.934284e-01
      outer loop
         vertex 1.980986e+00 1.844925e+00 -4.446329e+00
         vertex 1.938790e+00 1.872013e+00 -4.451483e+00
         vertex 1.929761e+00 1.841394e+00 -4.448968e+00
      endloop
   endfacet
   facet normal -5.572085e-02 6.339761e-02 9.964316e-01
      outer loop
         vertex 1.980986e+00 1.844925e+00 -4.446329e+00
         vertex 1.929761e+00 1.841394e+00 -4.448968e+00
         vertex 1.974832e+00 1.769541e+00 -4.441876e+00
      endloop
   endfacet
   facet normal -5.088152e-02 6.643915e-02 9.964923e-01
      outer loop
         vertex 1.974832e+00 1.769541e+00 -4.441876e+00
         vertex 1.929761e+00 1.841394e+00 -4.448968e+00
         vertex 1.906537e+00 1.764060e+00 -4.444998e+00
      endloop
   endfacet
   facet normal -4.817971e-02 3.172099e-02 9.983349e-01
      outer loop
         vertex 1.974832e+00 1.769541e+00 -4.441876e+00
         vertex 1.906537e+00 1.764060e+00 -4.444998e+00
         vertex 1.970595e+00 1.713701e+00 -4.440307e+00
      endloop
   endfacet
   facet normal -4.569156e-02 3.488698e-02 9.983462e-01
      outer loop
         vertex 1.970595e+00 1.713701e+00 -4.440307e+00
         vertex 1.906537e+00 1.764060e+00 -4.444998e+00
         vertex 1.889389e+00 1.706181e+00 -4.443760e+00
      endloop
   endfacet
   facet normal -4.334707e-02 9.259016e-03 9.990172e-01
      outer loop
         vertex 1.970595e+00 1.713701e+00 -4.440307e+00
         vertex 1.889389e+00 1.706181e+00 -4.443760e+00
         vertex 1.967095e+00 1.663704e+00 -4.439995e+00
      endloop
   endfacet
   facet normal -4.163335e-02 1.239746e-02 9.990560e-01
      outer loop
         vertex 1.967095e+00 1.663704e+00 -4.439995e+00
         vertex 1.889389e+00 1.706181e+00 -4.443760e+00
         vertex 1.874748e+00 1.655401e+00 -4.443740e+00
      endloop
   endfacet
   facet normal -3.850270e-02 -2.240108e-02 9.990074e-01
      outer loop
         vertex 1.967095e+00 1.663704e+00 -4.439995e+00
         vertex 1.874748e+00 1.655401e+00 -4.443740e+00
         vertex 1.961289e+00 1.569579e+00 -4.442330e+00
      endloop
   endfacet
   facet normal -3.555610e-02 -1.942698e-02 9.991788e-01
      outer loop
         vertex 1.961289e+00 1.569579e+00 -4.442330e+00
         vertex 1.874748e+00 1.655401e+00 -4.443740e+00
         vertex 1.847494e+00 1.557175e+00 -4.446620e+00
      endloop
   endfacet
   facet normal -3.242751e-02 -4.783381e-02 9.983288e-01
      outer loop
         vertex 1.961289e+00 1.569579e+00 -4.442330e+00
         vertex 1.847494e+00 1.557175e+00 -4.446620e+00
         vertex 1.960638e+00 1.557328e+00 -4.442938e+00
      endloop
   endfacet
   facet normal -3.243708e-02 -4.448146e-02 9.984835e-01
      outer loop
         vertex 1.960638e+00 1.557328e+00 -4.442938e+00
         vertex 1.847494e+00 1.557175e+00 -4.446620e+00
         vertex 1.844375e+00 1.545641e+00 -4.447235e+00
      endloop
   endfacet
   facet normal -2.963089e-02 -7.184412e-02 9.969756e-01
      outer loop
         vertex 1.960638e+00 1.557328e+00 -4.442938e+00
         vertex 1.844375e+00 1.545641e+00 -4.447235e+00
         vertex 1.955383e+00 1.452537e+00 -4.450645e+00
      endloop
   endfacet
   facet normal -2.769259e-02 -6.954110e-02 9.971946e-01
      outer loop
         vertex 1.955383e+00 1.452537e+00 -4.450645e+00
         vertex 1.844375e+00 1.545641e+00 -4.447235e+00
         vertex 1.815323e+00 1.439548e+00 -4.455441e+00
      endloop
   endfacet
   facet normal -2.599168e-02 -8.738000e-02 9.958359e-01
      outer loop
         vertex 1.955383e+00 1.452537e+00 -4.450645e+00
         vertex 1.815323e+00 1.439548e+00 -4.455441e+00
         vertex 1.953254e+00 1.420156e+00 -4.453542e+00
      endloop
   endfacet
   facet normal -2.596089e-02 -8.715904e-02 9.958561e-01
      outer loop
         vertex 1.953254e+00 1.420156e+00 -4.453542e+00
         vertex 1.815323e+00 1.439548e+00 -4.455441e+00
         vertex 1.805613e+00 1.407069e+00 -4.458536e+00
      endloop
   endfacet
   facet normal -2.517121e-02 -9.577371e-02 9.950848e-01
      outer loop
         vertex 1.953254e+00 1.420156e+00 -4.453542e+00
         vertex 1.805613e+00 1.407069e+00 -4.458536e+00
         vertex 1.947596e+00 1.349994e+00 -4.460438e+00
      endloop
   endfacet
   facet normal -2.561507e-02 -9.687396e-02 9.949670e-01
      outer loop
         vertex 1.947596e+00 1.349994e+00 -4.460438e+00
         vertex 1.805613e+00 1.407069e+00 -4.458536e+00
         vertex 1.784172e+00 1.339286e+00 -4.465688e+00
      endloop
   endfacet
   facet normal -2.431800e-02 -1.156988e-01 9.929866e-01
      outer loop
         vertex 1.947596e+00 1.349994e+00 -4.460438e+00
         vertex 1.784172e+00 1.339286e+00 -4.465688e+00
         vertex 1.934807e+00 1.220100e+00 -4.475886e+00
      endloop
   endfacet
   facet normal -2.441763e-02 -1.158232e-01 9.929697e-01
      outer loop
         vertex 1.934807e+00 1.220100e+00 -4.475886e+00
         vertex 1.784172e+00 1.339286e+00 -4.465688e+00
         vertex 1.751875e+00 1.239898e+00 -4.478075e+00
      endloop
   endfacet
   facet normal -2.661604e-02 -1.364323e-01 9.902918e-01
      outer loop
         vertex 1.934807e+00 1.220100e+00 -4.475886e+00
         vertex 1.751875e+00 1.239898e+00 -4.478075e+00
         vertex 1.925811e+00 1.143328e+00 -4.486705e+00
      endloop
   endfacet
   facet normal -2.391351e-02 -1.316289e-01 9.910106e-01
      outer loop
         vertex 1.925811e+00 1.143328e+00 -4.486705e+00
         vertex 1.751875e+00 1.239898e+00 -4.478075e+00
         vertex 1.737998e+00 1.198123e+00 -4.483959e+00
      endloop
   endfacet
   facet normal -2.733467e-02 -1.432697e-01 9.893061e-01
      outer loop
         vertex 1.925811e+00 1.143328e+00 -4.486705e+00
         vertex 1.737998e+00 1.198123e+00 -4.483959e+00
         vertex 1.718887e+00 1.141205e+00 -4.492729e+00
      endloop
   endfacet
   facet normal -4.149674e-02 5.958986e-03 9.991209e-01
      outer loop
         vertex 1.975483e+00 -1.400236e+00 -4.474805e+00
         vertex 1.989922e+00 -1.400170e+00 -4.474205e+00
         vertex 1.974988e+00 -1.386892e+00 -4.474905e+00
      endloop
   endfacet
   facet normal -6.342349e-02 -1.876967e-02 9.978102e-01
      outer loop
         vertex 1.974988e+00 -1.386892e+00 -4.474905e+00
         vertex 1.989922e+00 -1.400170e+00 -4.474205e+00
         vertex 1.989781e+00 -1.376501e+00 -4.473769e+00
      endloop
   endfacet
   facet normal -6.828348e-02 -1.207627e-01 9.903301e-01
      outer loop
         vertex 1.989915e+00 -1.338353e+00 -4.469377e+00
         vertex 1.975941e+00 -1.338410e+00 -4.470347e+00
         vertex 1.989888e+00 -1.369227e+00 -4.473144e+00
      endloop
   endfacet
   facet normal -4.443938e-02 -1.102067e-01 9.929147e-01
      outer loop
         vertex 1.989888e+00 -1.369227e+00 -4.473144e+00
         vertex 1.975941e+00 -1.338410e+00 -4.470347e+00
         vertex 1.975637e+00 -1.369291e+00 -4.473789e+00
      endloop
   endfacet
   facet normal -4.466525e-02 -8.492133e-02 9.953860e-01
      outer loop
         vertex 1.989888e+00 -1.369227e+00 -4.473144e+00
         vertex 1.975637e+00 -1.369291e+00 -4.473789e+00
         vertex 1.989781e+00 -1.376501e+00 -4.473769e+00
      endloop
   endfacet
   facet normal -3.300625e-02 -6.204367e-02 9.975275e-01
      outer loop
         vertex 1.989781e+00 -1.376501e+00 -4.473769e+00
         vertex 1.975637e+00 -1.369291e+00 -4.473789e+00
         vertex 1.974988e+00 -1.386892e+00 -4.474905e+00
      endloop
   endfacet
   facet normal -6.738929e-02 -1.258493e-01 9.897579e-01
      outer loop
         vertex 1.975443e+00 -1.330885e+00 -4.469413e+00
         vertex 1.989915e+00 -1.338353e+00 -4.469377e+00
         vertex 1.971856e+00 -1.309188e+00 -4.466898e+00
      endloop
   endfacet
   facet normal -7.861921e-02 -1.326571e-01 9.880390e-01
      outer loop
         vertex 1.971856e+00 -1.309188e+00 -4.466898e+00
         vertex 1.989915e+00 -1.338353e+00 -4.469377e+00
         vertex 1.988138e+00 -1.309130e+00 -4.465595e+00
      endloop
   endfacet
   facet normal -7.871152e-02 -1.260347e-01 9.888982e-01
      outer loop
         vertex 1.971856e+00 -1.309188e+00 -4.466898e+00
         vertex 1.988138e+00 -1.309130e+00 -4.465595e+00
         vertex 1.971034e+00 -1.305876e+00 -4.466542e+00
      endloop
   endfacet
   facet normal -7.838420e-02 -1.242407e-01 9.891512e-01
      outer loop
         vertex 1.971034e+00 -1.305876e+00 -4.466542e+00
         vertex 1.988138e+00 -1.309130e+00 -4.465595e+00
         vertex 1.987558e+00 -1.303748e+00 -4.464965e+00
      endloop
   endfacet
   facet normal -7.834551e-02 -1.245175e-01 9.891195e-01
      outer loop
         vertex 1.971034e+00 -1.305876e+00 -4.466542e+00
         vertex 1.987558e+00 -1.303748e+00 -4.464965e+00
         vertex 1.963309e+00 -1.281725e+00 -4.464113e+00
      endloop
   endfacet
   facet normal -7.252565e-02 -1.181568e-01 9.903429e-01
      outer loop
         vertex 1.963309e+00 -1.281725e+00 -4.464113e+00
         vertex 1.987558e+00 -1.303748e+00 -4.464965e+00
         vertex 1.984534e+00 -1.281651e+00 -4.462550e+00
      endloop
   endfacet
   facet normal -7.248610e-02 -1.213572e-01 9.899587e-01
      outer loop
         vertex 1.963309e+00 -1.281725e+00 -4.464113e+00
         vertex 1.984534e+00 -1.281651e+00 -4.462550e+00
         vertex 1.953664e+00 -1.257336e+00 -4.461830e+00
      endloop
   endfacet
   facet normal -6.486953e-02 -1.117364e-01 9.916183e-01
      outer loop
         vertex 1.953664e+00 -1.257336e+00 -4.461830e+00
         vertex 1.984534e+00 -1.281651e+00 -4.462550e+00
         vertex 1.973819e+00 -1.216194e+00 -4.455875e+00
      endloop
   endfacet
   facet normal -6.052501e-02 -1.138694e-01 9.916504e-01
      outer loop
         vertex 1.953664e+00 -1.257336e+00 -4.461830e+00
         vertex 1.973819e+00 -1.216194e+00 -4.455875e+00
         vertex 1.922763e+00 -1.177231e+00 -4.454517e+00
      endloop
   endfacet
   facet normal -5.230724e-02 -1.031581e-01 9.932887e-01
      outer loop
         vertex 1.922763e+00 -1.177231e+00 -4.454517e+00
         vertex 1.973819e+00 -1.216194e+00 -4.455875e+00
         vertex 1.967579e+00 -1.176810e+00 -4.452114e+00
      endloop
   endfacet
   facet normal -5.253527e-02 -8.742176e-02 9.947851e-01
      outer loop
         vertex 1.922763e+00 -1.177231e+00 -4.454517e+00
         vertex 1.967579e+00 -1.176810e+00 -4.452114e+00
         vertex 1.903066e+00 -1.127550e+00 -4.451192e+00
      endloop
   endfacet
   facet normal -3.748965e-02 -6.775885e-02 9.969971e-01
      outer loop
         vertex 1.903066e+00 -1.127550e+00 -4.451192e+00
         vertex 1.967579e+00 -1.176810e+00 -4.452114e+00
         vertex 1.951303e+00 -1.083516e+00 -4.446385e+00
      endloop
   endfacet
   facet normal -4.626444e-02 -5.817233e-02 9.972340e-01
      outer loop
         vertex 1.903066e+00 -1.127550e+00 -4.451192e+00
         vertex 1.951303e+00 -1.083516e+00 -4.446385e+00
         vertex 1.880906e+00 -1.075042e+00 -4.449157e+00
      endloop
   endfacet
   facet normal -2.717252e-02 1.484968e-01 9.885395e-01
      outer loop
         vertex 1.797821e+00 -2.238268e-01 -4.542916e+00
         vertex 1.556758e+00 -2.371587e-01 -4.547539e+00
         vertex 1.803450e+00 -2.801139e-01 -4.534306e+00
      endloop
   endfacet
   facet normal -2.835426e-02 1.419941e-01 9.894613e-01
      outer loop
         vertex 1.803450e+00 -2.801139e-01 -4.534306e+00
         vertex 1.556758e+00 -2.371587e-01 -4.547539e+00
         vertex 1.567647e+00 -2.819053e-01 -4.540806e+00
      endloop
   endfacet
   facet normal -2.841804e-02 1.609280e-01 9.865569e-01
      outer loop
         vertex 1.803450e+00 -2.801139e-01 -4.534306e+00
         vertex 1.567647e+00 -2.819053e-01 -4.540806e+00
         vertex 1.808098e+00 -3.202153e-01 -4.527630e+00
      endloop
   endfacet
   facet normal -2.827760e-02 1.617638e-01 9.864243e-01
      outer loop
         vertex 1.808098e+00 -3.202153e-01 -4.527630e+00
         vertex 1.567647e+00 -2.819053e-01 -4.540806e+00
         vertex 1.592826e+00 -3.721068e-01 -4.525292e+00
      endloop
   endfacet
   facet normal -3.039730e-02 1.704883e-01 9.848907e-01
      outer loop
         vertex 1.808098e+00 -3.202153e-01 -4.527630e+00
         vertex 1.592826e+00 -3.721068e-01 -4.525292e+00
         vertex 1.810016e+00 -3.355079e-01 -4.524924e+00
      endloop
   endfacet
   facet normal -2.310981e-02 3.189847e-02 9.992239e-01
      outer loop
         vertex 1.511448e+00 2.927695e-01 -4.588952e+00
         vertex 1.508189e+00 2.204355e-01 -4.586718e+00
         vertex 1.791344e+00 1.933081e-01 -4.579303e+00
      endloop
   endfacet
   facet normal -2.193778e-02 4.401344e-02 9.987900e-01
      outer loop
         vertex 1.791344e+00 1.933081e-01 -4.579303e+00
         vertex 1.508189e+00 2.204355e-01 -4.586718e+00
         vertex 1.507782e+00 1.569454e-01 -4.583929e+00
      endloop
   endfacet
   facet normal -2.232891e-02 4.708240e-02 9.986414e-01
      outer loop
         vertex 1.791344e+00 1.933081e-01 -4.579303e+00
         vertex 1.507782e+00 1.569454e-01 -4.583929e+00
         vertex 1.788216e+00 1.359509e-01 -4.576669e+00
      endloop
   endfacet
   facet normal -2.212289e-02 4.979039e-02 9.985146e-01
      outer loop
         vertex 1.788216e+00 1.359509e-01 -4.576669e+00
         vertex 1.507782e+00 1.569454e-01 -4.583929e+00
         vertex 1.507812e+00 1.544748e-01 -4.583805e+00
      endloop
   endfacet
   facet normal -2.189684e-02 5.314754e-02 9.983466e-01
      outer loop
         vertex 1.788216e+00 1.359509e-01 -4.576669e+00
         vertex 1.507812e+00 1.544748e-01 -4.583805e+00
         vertex 1.788038e+00 1.317578e-01 -4.576450e+00
      endloop
   endfacet
   facet normal -2.138169e-02 5.939184e-02 9.980057e-01
      outer loop
         vertex 1.788038e+00 1.317578e-01 -4.576450e+00
         vertex 1.507812e+00 1.544748e-01 -4.583805e+00
         vertex 1.786251e+00 7.055005e-02 -4.572846e+00
      endloop
   endfacet
   facet normal -2.265024e-02 5.521083e-02 9.982178e-01
      outer loop
         vertex 1.786251e+00 7.055005e-02 -4.572846e+00
         vertex 1.507812e+00 1.544748e-01 -4.583805e+00
         vertex 1.509890e+00 8.881560e-02 -4.580127e+00
      endloop
   endfacet
   facet normal -2.162989e-02 7.028006e-02 9.972928e-01
      outer loop
         vertex 1.786251e+00 7.055005e-02 -4.572846e+00
         vertex 1.509890e+00 8.881560e-02 -4.580127e+00
         vertex 1.785998e+00 9.917573e-03 -4.568578e+00
      endloop
   endfacet
   facet normal -2.304099e-02 6.538594e-02 9.975940e-01
      outer loop
         vertex 1.509890e+00 8.881560e-02 -4.580127e+00
         vertex 1.514414e+00 2.391768e-02 -4.575768e+00
         vertex 1.785998e+00 9.917573e-03 -4.568578e+00
      endloop
   endfacet
   facet normal -2.275376e-02 7.077250e-02 9.972329e-01
      outer loop
         vertex 1.785998e+00 9.917573e-03 -4.568578e+00
         vertex 1.514414e+00 2.391768e-02 -4.575768e+00
         vertex 1.514668e+00 2.109913e-02 -4.575563e+00
      endloop
   endfacet
   facet normal -2.240860e-02 7.877780e-02 9.966403e-01
      outer loop
         vertex 1.785998e+00 9.917573e-03 -4.568578e+00
         vertex 1.514668e+00 2.109913e-02 -4.575563e+00
         vertex 1.786441e+00 -2.063773e-02 -4.566153e+00
      endloop
   endfacet
   facet normal -2.263478e-02 7.732947e-02 9.967486e-01
      outer loop
         vertex 1.786441e+00 -2.063773e-02 -4.566153e+00
         vertex 1.514668e+00 2.109913e-02 -4.575563e+00
         vertex 1.521279e+00 -3.970075e-02 -4.570696e+00
      endloop
   endfacet
   facet normal -2.385260e-02 9.463186e-02 9.952265e-01
      outer loop
         vertex 1.786441e+00 -2.063773e-02 -4.566153e+00
         vertex 1.521279e+00 -3.970075e-02 -4.570696e+00
         vertex 1.789635e+00 -1.087379e-01 -4.557699e+00
      endloop
   endfacet
   facet normal -2.423716e-02 9.316141e-02 9.953560e-01
      outer loop
         vertex 1.789635e+00 -1.087379e-01 -4.557699e+00
         vertex 1.521279e+00 -3.970075e-02 -4.570696e+00
         vertex 1.530259e+00 -1.023307e-01 -4.564615e+00
      endloop
   endfacet
   facet normal -2.358497e-02 1.168761e-01 9.928664e-01
      outer loop
         vertex 1.789635e+00 -1.087379e-01 -4.557699e+00
         vertex 1.530259e+00 -1.023307e-01 -4.564615e+00
         vertex 1.792987e+00 -1.638541e-01 -4.551132e+00
      endloop
   endfacet
   facet normal -2.503754e-02 1.108175e-01 9.935253e-01
      outer loop
         vertex 1.792987e+00 -1.638541e-01 -4.551132e+00
         vertex 1.530259e+00 -1.023307e-01 -4.564615e+00
         vertex 1.540973e+00 -1.629088e-01 -4.557588e+00
      endloop
   endfacet
   facet normal -2.493799e-02 1.254662e-01 9.917844e-01
      outer loop
         vertex 1.792987e+00 -1.638541e-01 -4.551132e+00
         vertex 1.540973e+00 -1.629088e-01 -4.557588e+00
         vertex 1.793187e+00 -1.666781e-01 -4.550769e+00
      endloop
   endfacet
   facet normal -2.477786e-02 1.341346e-01 9.906533e-01
      outer loop
         vertex 1.793187e+00 -1.666781e-01 -4.550769e+00
         vertex 1.540973e+00 -1.629088e-01 -4.557588e+00
         vertex 1.797821e+00 -2.238268e-01 -4.542916e+00
      endloop
   endfacet
   facet normal -4.265807e-02 -2.773141e-02 9.987048e-01
      outer loop
         vertex 1.880906e+00 -1.075042e+00 -4.449157e+00
         vertex 1.951303e+00 -1.083516e+00 -4.446385e+00
         vertex 1.843876e+00 -9.902412e-01 -4.448384e+00
      endloop
   endfacet
   facet normal -3.670445e-02 -2.086576e-02 9.991083e-01
      outer loop
         vertex 1.843876e+00 -9.902412e-01 -4.448384e+00
         vertex 1.951303e+00 -1.083516e+00 -4.446385e+00
         vertex 1.929424e+00 -9.706664e-01 -4.444832e+00
      endloop
   endfacet
   facet normal -4.015450e-02 -5.800365e-03 9.991766e-01
      outer loop
         vertex 1.843876e+00 -9.902412e-01 -4.448384e+00
         vertex 1.929424e+00 -9.706664e-01 -4.444832e+00
         vertex 1.836773e+00 -9.742815e-01 -4.448576e+00
      endloop
   endfacet
   facet normal -4.061987e-02 6.148382e-03 9.991558e-01
      outer loop
         vertex 1.836773e+00 -9.742815e-01 -4.448576e+00
         vertex 1.929424e+00 -9.706664e-01 -4.444832e+00
         vertex 1.924842e+00 -9.480414e-01 -4.445157e+00
      endloop
   endfacet
   facet normal -4.411742e-02 1.792489e-02 9.988655e-01
      outer loop
         vertex 1.836773e+00 -9.742815e-01 -4.448576e+00
         vertex 1.924842e+00 -9.480414e-01 -4.445157e+00
         vertex 1.791427e+00 -8.745874e-01 -4.452368e+00
      endloop
   endfacet
   facet normal -3.831942e-02 2.845533e-02 9.988603e-01
      outer loop
         vertex 1.791427e+00 -8.745874e-01 -4.452368e+00
         vertex 1.924842e+00 -9.480414e-01 -4.445157e+00
         vertex 1.908107e+00 -8.683003e-01 -4.448071e+00
      endloop
   endfacet
   facet normal -3.929624e-02 4.709174e-02 9.981173e-01
      outer loop
         vertex 1.791427e+00 -8.745874e-01 -4.452368e+00
         vertex 1.908107e+00 -8.683003e-01 -4.448071e+00
         vertex 1.780505e+00 -8.509039e-01 -4.453916e+00
      endloop
   endfacet
   facet normal -3.737623e-02 6.094773e-02 9.974409e-01
      outer loop
         vertex 1.780505e+00 -8.509039e-01 -4.453916e+00
         vertex 1.908107e+00 -8.683003e-01 -4.448071e+00
         vertex 1.891064e+00 -7.903586e-01 -4.453472e+00
      endloop
   endfacet
   facet normal -4.020830e-02 6.612247e-02 9.970011e-01
      outer loop
         vertex 1.780505e+00 -8.509039e-01 -4.453916e+00
         vertex 1.891064e+00 -7.903586e-01 -4.453472e+00
         vertex 1.745163e+00 -7.730365e-01 -4.460505e+00
      endloop
   endfacet
   facet normal -3.857880e-02 7.947753e-02 9.960899e-01
      outer loop
         vertex 1.745163e+00 -7.730365e-01 -4.460505e+00
         vertex 1.891064e+00 -7.903586e-01 -4.453472e+00
         vertex 1.885593e+00 -7.649134e-01 -4.455714e+00
      endloop
   endfacet
   facet normal -3.929879e-02 9.261059e-02 9.949266e-01
      outer loop
         vertex 1.745163e+00 -7.730365e-01 -4.460505e+00
         vertex 1.885593e+00 -7.649134e-01 -4.455714e+00
         vertex 1.711285e+00 -6.937878e-01 -4.469220e+00
      endloop
   endfacet
   facet normal -3.536813e-02 1.020952e-01 9.941457e-01
      outer loop
         vertex 1.711285e+00 -6.937878e-01 -4.469220e+00
         vertex 1.885593e+00 -7.649134e-01 -4.455714e+00
         vertex 1.864256e+00 -6.595853e-01 -4.467290e+00
      endloop
   endfacet
   facet normal -3.740178e-02 1.112504e-01 9.930883e-01
      outer loop
         vertex 1.711285e+00 -6.937878e-01 -4.469220e+00
         vertex 1.864256e+00 -6.595853e-01 -4.467290e+00
         vertex 1.700605e+00 -6.678984e-01 -4.472523e+00
      endloop
   endfacet
   facet normal -3.805604e-02 1.251913e-01 9.914025e-01
      outer loop
         vertex 1.700605e+00 -6.678984e-01 -4.472523e+00
         vertex 1.864256e+00 -6.595853e-01 -4.467290e+00
         vertex 1.858447e+00 -6.294425e-01 -4.471320e+00
      endloop
   endfacet
   facet normal -3.977807e-02 1.322903e-01 9.904125e-01
      outer loop
         vertex 1.700605e+00 -6.678984e-01 -4.472523e+00
         vertex 1.858447e+00 -6.294425e-01 -4.471320e+00
         vertex 1.658328e+00 -5.609661e-01 -4.488504e+00
      endloop
   endfacet
   facet normal -3.616427e-02 1.425294e-01 9.891297e-01
      outer loop
         vertex 1.658328e+00 -5.609661e-01 -4.488504e+00
         vertex 1.858447e+00 -6.294425e-01 -4.471320e+00
         vertex 1.844311e+00 -5.527819e-01 -4.482883e+00
      endloop
   endfacet
   facet normal -3.661576e-02 1.539805e-01 9.873952e-01
      outer loop
         vertex 1.658328e+00 -5.609661e-01 -4.488504e+00
         vertex 1.844311e+00 -5.527819e-01 -4.482883e+00
         vertex 1.648313e+00 -5.342517e-01 -4.493041e+00
      endloop
   endfacet
   facet normal -3.526499e-02 1.671223e-01 9.853053e-01
      outer loop
         vertex 1.648313e+00 -5.342517e-01 -4.493041e+00
         vertex 1.844311e+00 -5.527819e-01 -4.482883e+00
         vertex 1.832215e+00 -4.824465e-01 -4.495246e+00
      endloop
   endfacet
   facet normal -3.757838e-02 1.752706e-01 9.838029e-01
      outer loop
         vertex 1.648313e+00 -5.342517e-01 -4.493041e+00
         vertex 1.832215e+00 -4.824465e-01 -4.495246e+00
         vertex 1.618860e+00 -4.519436e-01 -4.508830e+00
      endloop
   endfacet
   facet normal -3.511514e-02 1.912159e-01 9.809197e-01
      outer loop
         vertex 1.618860e+00 -4.519436e-01 -4.508830e+00
         vertex 1.832215e+00 -4.824465e-01 -4.495246e+00
         vertex 1.825983e+00 -4.445054e-01 -4.502865e+00
      endloop
   endfacet
   facet normal -3.510348e-02 1.908307e-01 9.809951e-01
      outer loop
         vertex 1.618860e+00 -4.519436e-01 -4.508830e+00
         vertex 1.825983e+00 -4.445054e-01 -4.502865e+00
         vertex 1.592826e+00 -3.721068e-01 -4.525292e+00
      endloop
   endfacet
   facet normal -3.164118e-02 2.013645e-01 9.790052e-01
      outer loop
         vertex 1.592826e+00 -3.721068e-01 -4.525292e+00
         vertex 1.825983e+00 -4.445054e-01 -4.502865e+00
         vertex 1.817565e+00 -3.902113e-01 -4.514304e+00
      endloop
   endfacet
   facet normal -3.301854e-02 1.860728e-01 9.819810e-01
      outer loop
         vertex 1.592826e+00 -3.721068e-01 -4.525292e+00
         vertex 1.817565e+00 -3.902113e-01 -4.514304e+00
         vertex 1.810016e+00 -3.355079e-01 -4.524924e+00
      endloop
   endfacet
   facet normal -4.149306e-02 -5.830490e-04 9.991386e-01
      outer loop
         vertex 1.989930e+00 2.099526e+00 -4.474208e+00
         vertex 1.975524e+00 2.098551e+00 -4.474807e+00
         vertex 1.990617e+00 2.086522e+00 -4.474187e+00
      endloop
   endfacet
   facet normal -3.101344e-02 1.258214e-02 9.994398e-01
      outer loop
         vertex 1.990617e+00 2.086522e+00 -4.474187e+00
         vertex 1.975524e+00 2.098551e+00 -4.474807e+00
         vertex 1.976255e+00 2.082301e+00 -4.474579e+00
      endloop
   endfacet
   facet normal -4.984850e-02 7.701274e-02 9.957832e-01
      outer loop
         vertex 1.990617e+00 2.086522e+00 -4.474187e+00
         vertex 1.976255e+00 2.082301e+00 -4.474579e+00
         vertex 1.992106e+00 2.068676e+00 -4.472732e+00
      endloop
   endfacet
   facet normal -2.193991e-03 1.318435e-01 9.912681e-01
      outer loop
         vertex 1.992106e+00 2.068676e+00 -4.472732e+00
         vertex 1.976255e+00 2.082301e+00 -4.474579e+00
         vertex 1.994041e+00 2.043353e+00 -4.469360e+00
      endloop
   endfacet
   facet normal -2.207657e-02 3.479898e-02 9.991505e-01
      outer loop
         vertex 1.791344e+00 1.933081e-01 -4.579303e+00
         vertex 1.796142e+00 2.552338e-01 -4.581354e+00
         vertex 1.511448e+00 2.927695e-01 -4.588952e+00
      endloop
   endfacet
   facet normal -2.331089e-02 2.548831e-02 9.994033e-01
      outer loop
         vertex 1.511448e+00 2.927695e-01 -4.588952e+00
         vertex 1.796142e+00 2.552338e-01 -4.581354e+00
         vertex 1.799795e+00 2.926452e-01 -4.582223e+00
      endloop
   endfacet
   facet normal -2.331458e-02 2.173188e-02 9.994919e-01
      outer loop
         vertex 1.511448e+00 2.927695e-01 -4.588952e+00
         vertex 1.799795e+00 2.926452e-01 -4.582223e+00
         vertex 1.516553e+00 3.534589e-01 -4.590152e+00
      endloop
   endfacet
   facet normal -2.351511e-02 2.079989e-02 9.995071e-01
      outer loop
         vertex 1.516553e+00 3.534589e-01 -4.590152e+00
         vertex 1.799795e+00 2.926452e-01 -4.582223e+00
         vertex 1.802546e+00 3.171698e-01 -4.582669e+00
      endloop
   endfacet
   facet normal -2.447470e-02 1.325914e-02 9.996125e-01
      outer loop
         vertex 1.516553e+00 3.534589e-01 -4.590152e+00
         vertex 1.802546e+00 3.171698e-01 -4.582669e+00
         vertex 1.525370e+00 4.229895e-01 -4.590859e+00
      endloop
   endfacet
   facet normal -2.405525e-02 1.435743e-02 9.996075e-01
      outer loop
         vertex 1.525370e+00 4.229895e-01 -4.590859e+00
         vertex 1.802546e+00 3.171698e-01 -4.582669e+00
         vertex 1.810659e+00 3.781948e-01 -4.583350e+00
      endloop
   endfacet
   facet normal -2.722184e-02 -5.809149e-03 9.996125e-01
      outer loop
         vertex 1.525370e+00 4.229895e-01 -4.590859e+00
         vertex 1.810659e+00 3.781948e-01 -4.583350e+00
         vertex 1.533636e+00 4.755218e-01 -4.590328e+00
      endloop
   endfacet
   facet normal -2.678903e-02 -4.575948e-03 9.996306e-01
      outer loop
         vertex 1.533636e+00 4.755218e-01 -4.590328e+00
         vertex 1.810659e+00 3.781948e-01 -4.583350e+00
         vertex 1.819361e+00 4.372146e-01 -4.582847e+00
      endloop
   endfacet
   facet normal -2.893708e-02 -2.064911e-02 9.993679e-01
      outer loop
         vertex 1.533636e+00 4.755218e-01 -4.590328e+00
         vertex 1.819361e+00 4.372146e-01 -4.582847e+00
         vertex 1.820159e+00 4.426330e-01 -4.582711e+00
      endloop
   endfacet
   facet normal -4.917759e-02 1.782469e-01 9.827561e-01
      outer loop
         vertex 1.380451e+00 -4.035781e-01 -4.530211e+00
         vertex 1.385665e+00 -4.142835e-01 -4.528008e+00
         vertex 1.592826e+00 -3.721068e-01 -4.525292e+00
      endloop
   endfacet
   facet normal -5.667443e-02 -1.343853e-01 9.893071e-01
      outer loop
         vertex 1.592278e+00 7.430368e-01 -4.563963e+00
         vertex 1.299677e+00 7.201190e-01 -4.583838e+00
         vertex 1.571639e+00 6.630844e-01 -4.576006e+00
      endloop
   endfacet
   facet normal -5.400066e-02 -1.213847e-01 9.911356e-01
      outer loop
         vertex 1.571639e+00 6.630844e-01 -4.576006e+00
         vertex 1.299677e+00 7.201190e-01 -4.583838e+00
         vertex 1.290048e+00 6.919846e-01 -4.587809e+00
      endloop
   endfacet
   facet normal -5.229872e-02 -1.039563e-01 9.932059e-01
      outer loop
         vertex 1.571639e+00 6.630844e-01 -4.576006e+00
         vertex 1.290048e+00 6.919846e-01 -4.587809e+00
         vertex 1.565609e+00 6.374709e-01 -4.579004e+00
      endloop
   endfacet
   facet normal -5.393383e-02 -1.722178e-01 9.835813e-01
      outer loop
         vertex 1.622017e+00 8.444524e-01 -4.544694e+00
         vertex 1.360260e+00 8.637452e-01 -4.555670e+00
         vertex 1.601576e+00 7.758768e-01 -4.557822e+00
      endloop
   endfacet
   facet normal -5.703750e-02 -1.806999e-01 9.818830e-01
      outer loop
         vertex 1.601576e+00 7.758768e-01 -4.557822e+00
         vertex 1.360260e+00 8.637452e-01 -4.555670e+00
         vertex 1.324342e+00 7.840500e-01 -4.572423e+00
      endloop
   endfacet
   facet normal -5.678146e-02 -1.679493e-01 9.841590e-01
      outer loop
         vertex 1.601576e+00 7.758768e-01 -4.557822e+00
         vertex 1.324342e+00 7.840500e-01 -4.572423e+00
         vertex 1.592278e+00 7.430368e-01 -4.563963e+00
      endloop
   endfacet
   facet normal -5.739633e-02 -1.721223e-01 9.834020e-01
      outer loop
         vertex 1.592278e+00 7.430368e-01 -4.563963e+00
         vertex 1.324342e+00 7.840500e-01 -4.572423e+00
         vertex 1.318429e+00 7.696386e-01 -4.575290e+00
      endloop
   endfacet
   facet normal -5.535223e-02 -1.494547e-01 9.872180e-01
      outer loop
         vertex 1.592278e+00 7.430368e-01 -4.563963e+00
         vertex 1.318429e+00 7.696386e-01 -4.575290e+00
         vertex 1.299677e+00 7.201190e-01 -4.583838e+00
      endloop
   endfacet
   facet normal -3.792763e-02 -5.007713e-02 9.980249e-01
      outer loop
         vertex 1.726568e+00 1.534054e+00 -4.454072e+00
         vertex 1.713564e+00 1.507013e+00 -4.455923e+00
         vertex 1.815323e+00 1.439548e+00 -4.455441e+00
      endloop
   endfacet
   facet normal -4.772583e-02 -6.486500e-02 9.967521e-01
      outer loop
         vertex 1.815323e+00 1.439548e+00 -4.455441e+00
         vertex 1.713564e+00 1.507013e+00 -4.455923e+00
         vertex 1.673399e+00 1.426748e+00 -4.463069e+00
      endloop
   endfacet
   facet normal -4.620277e-02 -8.108682e-02 9.956356e-01
      outer loop
         vertex 1.815323e+00 1.439548e+00 -4.455441e+00
         vertex 1.673399e+00 1.426748e+00 -4.463069e+00
         vertex 1.805613e+00 1.407069e+00 -4.458536e+00
      endloop
   endfacet
   facet normal -4.613708e-02 -8.063635e-02 9.956752e-01
      outer loop
         vertex 1.805613e+00 1.407069e+00 -4.458536e+00
         vertex 1.673399e+00 1.426748e+00 -4.463069e+00
         vertex 1.645113e+00 1.375227e+00 -4.468552e+00
      endloop
   endfacet
   facet normal -4.402278e-02 -9.104149e-02 9.948736e-01
      outer loop
         vertex 1.805613e+00 1.407069e+00 -4.458536e+00
         vertex 1.645113e+00 1.375227e+00 -4.468552e+00
         vertex 1.784172e+00 1.339286e+00 -4.465688e+00
      endloop
   endfacet
   facet normal -4.837634e-02 -1.080373e-01 9.929691e-01
      outer loop
         vertex 1.784172e+00 1.339286e+00 -4.465688e+00
         vertex 1.645113e+00 1.375227e+00 -4.468552e+00
         vertex 1.751875e+00 1.239898e+00 -4.478075e+00
      endloop
   endfacet
   facet normal -6.538429e-02 7.474870e-02 9.950565e-01
      outer loop
         vertex 1.976255e+00 2.082301e+00 -4.474579e+00
         vertex 1.961458e+00 2.081254e+00 -4.475473e+00
         vertex 1.977887e+00 2.067711e+00 -4.473376e+00
      endloop
   endfacet
   facet normal -7.513908e-02 6.293493e-02 9.951851e-01
      outer loop
         vertex 1.961458e+00 2.081254e+00 -4.475473e+00
         vertex 1.963483e+00 2.066721e+00 -4.474401e+00
         vertex 1.977887e+00 2.067711e+00 -4.473376e+00
      endloop
   endfacet
   facet normal -7.675558e-02 8.860757e-02 9.931049e-01
      outer loop
         vertex 1.977887e+00 2.067711e+00 -4.473376e+00
         vertex 1.963483e+00 2.066721e+00 -4.474401e+00
         vertex 1.965064e+00 2.054620e+00 -4.473199e+00
      endloop
   endfacet
   facet normal -1.015583e-01 1.128391e-01 9.884095e-01
      outer loop
         vertex 1.977887e+00 2.067711e+00 -4.473376e+00
         vertex 1.965064e+00 2.054620e+00 -4.473199e+00
         vertex 1.980228e+00 2.041625e+00 -4.470157e+00
      endloop
   endfacet
   facet normal -1.070852e-01 1.064194e-01 9.885381e-01
      outer loop
         vertex 1.965064e+00 2.054620e+00 -4.473199e+00
         vertex 1.966293e+00 2.035985e+00 -4.471060e+00
         vertex 1.980228e+00 2.041625e+00 -4.470157e+00
      endloop
   endfacet
   facet normal -1.118932e-01 1.186075e-01 9.866165e-01
      outer loop
         vertex 1.980228e+00 2.041625e+00 -4.470157e+00
         vertex 1.966293e+00 2.035985e+00 -4.471060e+00
         vertex 1.966229e+00 2.031602e+00 -4.470540e+00
      endloop
   endfacet
   facet normal -1.232272e-01 1.345684e-01 9.832123e-01
      outer loop
         vertex 1.980228e+00 2.041625e+00 -4.470157e+00
         vertex 1.966229e+00 2.031602e+00 -4.470540e+00
         vertex 1.980147e+00 2.022072e+00 -4.467492e+00
      endloop
   endfacet
   facet normal -1.283481e-01 1.271944e-01 9.835387e-01
      outer loop
         vertex 1.980147e+00 2.022072e+00 -4.467492e+00
         vertex 1.966229e+00 2.031602e+00 -4.470540e+00
         vertex 1.964432e+00 2.016110e+00 -4.468771e+00
      endloop
   endfacet
   facet normal -1.324255e-01 1.383819e-01 9.814856e-01
      outer loop
         vertex 1.980147e+00 2.022072e+00 -4.467492e+00
         vertex 1.964432e+00 2.016110e+00 -4.468771e+00
         vertex 1.979409e+00 2.014294e+00 -4.466495e+00
      endloop
   endfacet
   facet normal -1.325727e-01 1.373287e-01 9.816136e-01
      outer loop
         vertex 1.979409e+00 2.014294e+00 -4.466495e+00
         vertex 1.964432e+00 2.016110e+00 -4.468771e+00
         vertex 1.962022e+00 2.006440e+00 -4.467744e+00
      endloop
   endfacet
   facet normal -1.335716e-01 1.396127e-01 9.811559e-01
      outer loop
         vertex 1.979409e+00 2.014294e+00 -4.466495e+00
         vertex 1.962022e+00 2.006440e+00 -4.467744e+00
         vertex 1.978457e+00 2.007598e+00 -4.465671e+00
      endloop
   endfacet
   facet normal -1.337949e-01 1.439617e-01 9.804968e-01
      outer loop
         vertex 1.978457e+00 2.007598e+00 -4.465671e+00
         vertex 1.962022e+00 2.006440e+00 -4.467744e+00
         vertex 1.959130e+00 1.997802e+00 -4.466870e+00
      endloop
   endfacet
   facet normal -1.324924e-01 1.413232e-01 9.810573e-01
      outer loop
         vertex 1.978457e+00 2.007598e+00 -4.465671e+00
         vertex 1.959130e+00 1.997802e+00 -4.466870e+00
         vertex 1.974079e+00 1.987430e+00 -4.463357e+00
      endloop
   endfacet
   facet normal -1.269998e-01 1.490964e-01 9.806331e-01
      outer loop
         vertex 1.974079e+00 1.987430e+00 -4.463357e+00
         vertex 1.959130e+00 1.997802e+00 -4.466870e+00
         vertex 1.950484e+00 1.978156e+00 -4.465003e+00
      endloop
   endfacet
   facet normal -1.238306e-01 1.407430e-01 9.822715e-01
      outer loop
         vertex 1.974079e+00 1.987430e+00 -4.463357e+00
         vertex 1.950484e+00 1.978156e+00 -4.465003e+00
         vertex 1.971911e+00 1.979657e+00 -4.462517e+00
      endloop
   endfacet
   facet normal -1.244846e-01 1.533440e-01 9.803006e-01
      outer loop
         vertex 1.971911e+00 1.979657e+00 -4.462517e+00
         vertex 1.950484e+00 1.978156e+00 -4.465003e+00
         vertex 1.945904e+00 1.969276e+00 -4.464196e+00
      endloop
   endfacet
   facet normal -1.182423e-01 1.371938e-01 9.834616e-01
      outer loop
         vertex 1.971911e+00 1.979657e+00 -4.462517e+00
         vertex 1.945904e+00 1.969276e+00 -4.464196e+00
         vertex 1.938790e+00 1.872013e+00 -4.451483e+00
      endloop
   endfacet
   facet normal -9.298478e-02 1.357271e-01 9.863732e-01
      outer loop
         vertex 1.938790e+00 1.872013e+00 -4.451483e+00
         vertex 1.945904e+00 1.969276e+00 -4.464196e+00
         vertex 1.893500e+00 1.868766e+00 -4.455305e+00
      endloop
   endfacet
   facet normal -9.131153e-02 1.082082e-01 9.899259e-01
      outer loop
         vertex 1.938790e+00 1.872013e+00 -4.451483e+00
         vertex 1.893500e+00 1.868766e+00 -4.455305e+00
         vertex 1.929761e+00 1.841394e+00 -4.448968e+00
      endloop
   endfacet
   facet normal -9.203736e-02 1.072551e-01 9.899624e-01
      outer loop
         vertex 1.929761e+00 1.841394e+00 -4.448968e+00
         vertex 1.893500e+00 1.868766e+00 -4.455305e+00
         vertex 1.863296e+00 1.809013e+00 -4.451639e+00
      endloop
   endfacet
   facet normal -7.594325e-02 7.385667e-02 9.943731e-01
      outer loop
         vertex 1.929761e+00 1.841394e+00 -4.448968e+00
         vertex 1.863296e+00 1.809013e+00 -4.451639e+00
         vertex 1.906537e+00 1.764060e+00 -4.444998e+00
      endloop
   endfacet
   facet normal -7.716923e-02 7.267630e-02 9.943657e-01
      outer loop
         vertex 1.906537e+00 1.764060e+00 -4.444998e+00
         vertex 1.863296e+00 1.809013e+00 -4.451639e+00
         vertex 1.837348e+00 1.758543e+00 -4.449965e+00
      endloop
   endfacet
   facet normal -5.164675e-02 -6.294183e-02 9.966800e-01
      outer loop
         vertex 1.815323e+00 1.439548e+00 -4.455441e+00
         vertex 1.844375e+00 1.545641e+00 -4.447235e+00
         vertex 1.726568e+00 1.534054e+00 -4.454072e+00
      endloop
   endfacet
   facet normal -5.410705e-02 -3.858381e-02 9.977894e-01
      outer loop
         vertex 1.726568e+00 1.534054e+00 -4.454072e+00
         vertex 1.844375e+00 1.545641e+00 -4.447235e+00
         vertex 1.847494e+00 1.557175e+00 -4.446620e+00
      endloop
   endfacet
   facet normal -5.975905e-02 -9.146394e-03 9.981709e-01
      outer loop
         vertex 1.726568e+00 1.534054e+00 -4.454072e+00
         vertex 1.847494e+00 1.557175e+00 -4.446620e+00
         vertex 1.782711e+00 1.650221e+00 -4.449646e+00
      endloop
   endfacet
   facet normal -6.337433e-02 -1.167163e-02 9.979216e-01
      outer loop
         vertex 1.782711e+00 1.650221e+00 -4.449646e+00
         vertex 1.847494e+00 1.557175e+00 -4.446620e+00
         vertex 1.874748e+00 1.655401e+00 -4.443740e+00
      endloop
   endfacet
   facet normal -6.602188e-02 3.623295e-02 9.971601e-01
      outer loop
         vertex 1.782711e+00 1.650221e+00 -4.449646e+00
         vertex 1.874748e+00 1.655401e+00 -4.443740e+00
         vertex 1.837348e+00 1.758543e+00 -4.449965e+00
      endloop
   endfacet
   facet normal -9.167902e-02 2.682495e-02 9.954272e-01
      outer loop
         vertex 1.837348e+00 1.758543e+00 -4.449965e+00
         vertex 1.874748e+00 1.655401e+00 -4.443740e+00
         vertex 1.889389e+00 1.706181e+00 -4.443760e+00
      endloop
   endfacet
   facet normal -7.497835e-02 4.351896e-02 9.962351e-01
      outer loop
         vertex 1.837348e+00 1.758543e+00 -4.449965e+00
         vertex 1.889389e+00 1.706181e+00 -4.443760e+00
         vertex 1.906537e+00 1.764060e+00 -4.444998e+00
      endloop
   endfacet
   facet normal -4.340818e-02 -1.041632e-01 9.936125e-01
      outer loop
         vertex 1.645113e+00 1.375227e+00 -4.468552e+00
         vertex 1.566186e+00 1.237726e+00 -4.486415e+00
         vertex 1.751875e+00 1.239898e+00 -4.478075e+00
      endloop
   endfacet
   facet normal -4.311224e-02 -1.217987e-01 9.916181e-01
      outer loop
         vertex 1.751875e+00 1.239898e+00 -4.478075e+00
         vertex 1.566186e+00 1.237726e+00 -4.486415e+00
         vertex 1.563597e+00 1.233251e+00 -4.487077e+00
      endloop
   endfacet
   facet normal -4.296706e-02 -1.253244e-01 9.911850e-01
      outer loop
         vertex 1.751875e+00 1.239898e+00 -4.478075e+00
         vertex 1.563597e+00 1.233251e+00 -4.487077e+00
         vertex 1.737998e+00 1.198123e+00 -4.483959e+00
      endloop
   endfacet
   facet normal -4.490618e-02 -1.350728e-01 9.898175e-01
      outer loop
         vertex 1.737998e+00 1.198123e+00 -4.483959e+00
         vertex 1.563597e+00 1.233251e+00 -4.487077e+00
         vertex 1.509254e+00 1.139665e+00 -4.502314e+00
      endloop
   endfacet
   facet normal -4.422767e-02 -1.376269e-01 9.894962e-01
      outer loop
         vertex 1.737998e+00 1.198123e+00 -4.483959e+00
         vertex 1.509254e+00 1.139665e+00 -4.502314e+00
         vertex 1.718887e+00 1.141205e+00 -4.492729e+00
      endloop
   endfacet
   facet normal -4.395704e-02 -1.567801e-01 9.866548e-01
      outer loop
         vertex 1.718887e+00 1.141205e+00 -4.492729e+00
         vertex 1.509254e+00 1.139665e+00 -4.502314e+00
         vertex 1.467380e+00 1.066541e+00 -4.515799e+00
      endloop
   endfacet
   facet normal -4.513242e-02 -1.529883e-01 9.871969e-01
      outer loop
         vertex 1.718887e+00 1.141205e+00 -4.492729e+00
         vertex 1.467380e+00 1.066541e+00 -4.515799e+00
         vertex 1.665984e+00 9.828431e-01 -4.519690e+00
      endloop
   endfacet
   facet normal -4.916852e-02 -1.624859e-01 9.854850e-01
      outer loop
         vertex 1.665984e+00 9.828431e-01 -4.519690e+00
         vertex 1.467380e+00 1.066541e+00 -4.515799e+00
         vertex 1.406474e+00 9.551763e-01 -4.537199e+00
      endloop
   endfacet
   facet normal -4.917422e-02 -1.624373e-01 9.854928e-01
      outer loop
         vertex 1.665984e+00 9.828431e-01 -4.519690e+00
         vertex 1.406474e+00 9.551763e-01 -4.537199e+00
         vertex 1.622017e+00 8.444524e-01 -4.544694e+00
      endloop
   endfacet
   facet normal -5.307589e-02 -1.699332e-01 9.840252e-01
      outer loop
         vertex 1.622017e+00 8.444524e-01 -4.544694e+00
         vertex 1.406474e+00 9.551763e-01 -4.537199e+00
         vertex 1.378741e+00 9.013150e-01 -4.547996e+00
      endloop
   endfacet
   facet normal -5.406605e-02 -1.742161e-01 9.832221e-01
      outer loop
         vertex 1.622017e+00 8.444524e-01 -4.544694e+00
         vertex 1.378741e+00 9.013150e-01 -4.547996e+00
         vertex 1.360260e+00 8.637452e-01 -4.555670e+00
      endloop
   endfacet
   facet normal -6.508798e-02 7.342207e-03 9.978525e-01
      outer loop
         vertex 1.960855e+00 -1.400296e+00 -4.475758e+00
         vertex 1.975483e+00 -1.400236e+00 -4.474805e+00
         vertex 1.960086e+00 -1.391036e+00 -4.475877e+00
      endloop
   endfacet
   facet normal -6.646789e-02 5.023901e-03 9.977759e-01
      outer loop
         vertex 1.960086e+00 -1.391036e+00 -4.475877e+00
         vertex 1.975483e+00 -1.400236e+00 -4.474805e+00
         vertex 1.974988e+00 -1.386892e+00 -4.474905e+00
      endloop
   endfacet
   facet normal -5.845895e-02 -2.382665e-02 9.980054e-01
      outer loop
         vertex 1.960086e+00 -1.391036e+00 -4.475877e+00
         vertex 1.974988e+00 -1.386892e+00 -4.474905e+00
         vertex 1.960175e+00 -1.384992e+00 -4.475727e+00
      endloop
   endfacet
   facet normal -6.329015e-02 -6.234144e-02 9.960461e-01
      outer loop
         vertex 1.960175e+00 -1.384992e+00 -4.475727e+00
         vertex 1.974988e+00 -1.386892e+00 -4.474905e+00
         vertex 1.961725e+00 -1.361001e+00 -4.474127e+00
      endloop
   endfacet
   facet normal -6.056002e-02 -6.095048e-02 9.963019e-01
      outer loop
         vertex 1.961725e+00 -1.361001e+00 -4.474127e+00
         vertex 1.974988e+00 -1.386892e+00 -4.474905e+00
         vertex 1.975637e+00 -1.369291e+00 -4.473789e+00
      endloop
   endfacet
   facet normal -8.227864e-02 -9.758416e-02 9.918203e-01
      outer loop
         vertex 1.961725e+00 -1.361001e+00 -4.474127e+00
         vertex 1.975637e+00 -1.369291e+00 -4.473789e+00
         vertex 1.961856e+00 -1.339563e+00 -4.472007e+00
      endloop
   endfacet
   facet normal -1.075009e-01 -1.090600e-01 9.882052e-01
      outer loop
         vertex 1.961856e+00 -1.339563e+00 -4.472007e+00
         vertex 1.975637e+00 -1.369291e+00 -4.473789e+00
         vertex 1.975941e+00 -1.338410e+00 -4.470347e+00
      endloop
   endfacet
   facet normal -1.067515e-01 -1.170151e-01 9.873761e-01
      outer loop
         vertex 1.961856e+00 -1.339563e+00 -4.472007e+00
         vertex 1.975941e+00 -1.338410e+00 -4.470347e+00
         vertex 1.959625e+00 -1.323305e+00 -4.470321e+00
      endloop
   endfacet
   facet normal -1.189063e-01 -1.301392e-01 9.843399e-01
      outer loop
         vertex 1.959625e+00 -1.323305e+00 -4.470321e+00
         vertex 1.975941e+00 -1.338410e+00 -4.470347e+00
         vertex 1.975443e+00 -1.330885e+00 -4.469413e+00
      endloop
   endfacet
   facet normal -1.194457e-01 -1.312908e-01 9.841217e-01
      outer loop
         vertex 1.959625e+00 -1.323305e+00 -4.470321e+00
         vertex 1.975443e+00 -1.330885e+00 -4.469413e+00
         vertex 1.954624e+00 -1.307323e+00 -4.468796e+00
      endloop
   endfacet
   facet normal -1.228398e-01 -1.342683e-01 9.833018e-01
      outer loop
         vertex 1.975443e+00 -1.330885e+00 -4.469413e+00
         vertex 1.971856e+00 -1.309188e+00 -4.466898e+00
         vertex 1.954624e+00 -1.307323e+00 -4.468796e+00
      endloop
   endfacet
   facet normal -1.230353e-01 -1.363969e-01 9.829843e-01
      outer loop
         vertex 1.954624e+00 -1.307323e+00 -4.468796e+00
         vertex 1.971856e+00 -1.309188e+00 -4.466898e+00
         vertex 1.971034e+00 -1.305876e+00 -4.466542e+00
      endloop
   endfacet
   facet normal -1.220978e-01 -1.452372e-01 9.818341e-01
      outer loop
         vertex 1.954624e+00 -1.307323e+00 -4.468796e+00
         vertex 1.971034e+00 -1.305876e+00 -4.466542e+00
         vertex 1.942835e+00 -1.283539e+00 -4.466744e+00
      endloop
   endfacet
   facet normal -1.144529e-01 -1.355651e-01 9.841355e-01
      outer loop
         vertex 1.942835e+00 -1.283539e+00 -4.466744e+00
         vertex 1.971034e+00 -1.305876e+00 -4.466542e+00
         vertex 1.963309e+00 -1.281725e+00 -4.464113e+00
      endloop
   endfacet
   facet normal -1.132535e-01 -1.469378e-01 9.826408e-01
      outer loop
         vertex 1.942835e+00 -1.283539e+00 -4.466744e+00
         vertex 1.963309e+00 -1.281725e+00 -4.464113e+00
         vertex 1.941808e+00 -1.281782e+00 -4.466600e+00
      endloop
   endfacet
   facet normal -1.134432e-01 -1.370022e-01 9.840534e-01
      outer loop
         vertex 1.941808e+00 -1.281782e+00 -4.466600e+00
         vertex 1.963309e+00 -1.281725e+00 -4.464113e+00
         vertex 1.953664e+00 -1.257336e+00 -4.461830e+00
      endloop
   endfacet
   facet normal -1.014572e-01 -1.429064e-01 9.845223e-01
      outer loop
         vertex 1.941808e+00 -1.281782e+00 -4.466600e+00
         vertex 1.953664e+00 -1.257336e+00 -4.461830e+00
         vertex 1.893242e+00 -1.203824e+00 -4.460289e+00
      endloop
   endfacet
   facet normal -8.313763e-02 -1.223503e-01 9.889988e-01
      outer loop
         vertex 1.893242e+00 -1.203824e+00 -4.460289e+00
         vertex 1.953664e+00 -1.257336e+00 -4.461830e+00
         vertex 1.922763e+00 -1.177231e+00 -4.454517e+00
      endloop
   endfacet
   facet normal -8.850046e-02 -1.164506e-01 9.892456e-01
      outer loop
         vertex 1.893242e+00 -1.203824e+00 -4.460289e+00
         vertex 1.922763e+00 -1.177231e+00 -4.454517e+00
         vertex 1.845203e+00 -1.126867e+00 -4.455527e+00
      endloop
   endfacet
   facet normal -7.550587e-02 -9.637433e-02 9.924771e-01
      outer loop
         vertex 1.845203e+00 -1.126867e+00 -4.455527e+00
         vertex 1.922763e+00 -1.177231e+00 -4.454517e+00
         vertex 1.903066e+00 -1.127550e+00 -4.451192e+00
      endloop
   endfacet
   facet normal -7.544218e-02 -8.360850e-02 9.936388e-01
      outer loop
         vertex 1.845203e+00 -1.126867e+00 -4.455527e+00
         vertex 1.903066e+00 -1.127550e+00 -4.451192e+00
         vertex 1.826834e+00 -1.099301e+00 -4.454602e+00
      endloop
   endfacet
   facet normal -6.972945e-02 -6.799818e-02 9.952457e-01
      outer loop
         vertex 1.826834e+00 -1.099301e+00 -4.454602e+00
         vertex 1.903066e+00 -1.127550e+00 -4.451192e+00
         vertex 1.880906e+00 -1.075042e+00 -4.449157e+00
      endloop
   endfacet
   facet normal -6.950708e-02 -6.848975e-02 9.952276e-01
      outer loop
         vertex 1.826834e+00 -1.099301e+00 -4.454602e+00
         vertex 1.880906e+00 -1.075042e+00 -4.449157e+00
         vertex 1.811513e+00 -1.076769e+00 -4.454122e+00
      endloop
   endfacet
   facet normal -7.019414e-02 -4.464813e-02 9.965337e-01
      outer loop
         vertex 1.811513e+00 -1.076769e+00 -4.454122e+00
         vertex 1.880906e+00 -1.075042e+00 -4.449157e+00
         vertex 1.742919e+00 -9.780851e-01 -4.454532e+00
      endloop
   endfacet
   facet normal -5.069684e-02 1.858043e-01 9.812780e-01
      outer loop
         vertex 1.592826e+00 -3.721068e-01 -4.525292e+00
         vertex 1.385665e+00 -4.142835e-01 -4.528008e+00
         vertex 1.618860e+00 -4.519436e-01 -4.508830e+00
      endloop
   endfacet
   facet normal -5.317493e-02 1.439293e-01 9.881583e-01
      outer loop
         vertex 1.469944e+00 -5.699162e-01 -4.497445e+00
         vertex 1.648313e+00 -5.342517e-01 -4.493041e+00
         vertex 1.448905e+00 -5.333014e-01 -4.503910e+00
      endloop
   endfacet
   facet normal -5.282747e-02 1.698615e-01 9.840510e-01
      outer loop
         vertex 1.448905e+00 -5.333014e-01 -4.503910e+00
         vertex 1.648313e+00 -5.342517e-01 -4.493041e+00
         vertex 1.618860e+00 -4.519436e-01 -4.508830e+00
      endloop
   endfacet
   facet normal -5.114352e-02 1.663850e-01 9.847336e-01
      outer loop
         vertex 1.448905e+00 -5.333014e-01 -4.503910e+00
         vertex 1.618860e+00 -4.519436e-01 -4.508830e+00
         vertex 1.409057e+00 -4.602773e-01 -4.518318e+00
      endloop
   endfacet
   facet normal -5.159665e-02 1.806945e-01 9.821850e-01
      outer loop
         vertex 1.409057e+00 -4.602773e-01 -4.518318e+00
         vertex 1.618860e+00 -4.519436e-01 -4.508830e+00
         vertex 1.385665e+00 -4.142835e-01 -4.528008e+00
      endloop
   endfacet
   facet normal -3.806841e-02 3.255751e-02 9.987446e-01
      outer loop
         vertex 1.511448e+00 2.927695e-01 -4.588952e+00
         vertex 1.221362e+00 2.840885e-01 -4.599726e+00
         vertex 1.508189e+00 2.204355e-01 -4.586718e+00
      endloop
   endfacet
   facet normal -3.789855e-02 3.331911e-02 9.987260e-01
      outer loop
         vertex 1.508189e+00 2.204355e-01 -4.586718e+00
         vertex 1.221362e+00 2.840885e-01 -4.599726e+00
         vertex 1.221319e+00 2.477074e-01 -4.598514e+00
      endloop
   endfacet
   facet normal -3.685904e-02 4.408984e-02 9.983474e-01
      outer loop
         vertex 1.508189e+00 2.204355e-01 -4.586718e+00
         vertex 1.221319e+00 2.477074e-01 -4.598514e+00
         vertex 1.507782e+00 1.569454e-01 -4.583929e+00
      endloop
   endfacet
   facet normal -3.741622e-02 4.234010e-02 9.984024e-01
      outer loop
         vertex 1.507782e+00 1.569454e-01 -4.583929e+00
         vertex 1.221319e+00 2.477074e-01 -4.598514e+00
         vertex 1.224984e+00 1.610700e-01 -4.594702e+00
      endloop
   endfacet
   facet normal -3.729807e-02 4.958164e-02 9.980734e-01
      outer loop
         vertex 1.507782e+00 1.569454e-01 -4.583929e+00
         vertex 1.224984e+00 1.610700e-01 -4.594702e+00
         vertex 1.507812e+00 1.544748e-01 -4.583805e+00
      endloop
   endfacet
   facet normal -3.716788e-02 5.472848e-02 9.978093e-01
      outer loop
         vertex 1.507812e+00 1.544748e-01 -4.583805e+00
         vertex 1.224984e+00 1.610700e-01 -4.594702e+00
         vertex 1.509890e+00 8.881560e-02 -4.580127e+00
      endloop
   endfacet
   facet normal -3.792404e-02 5.177296e-02 9.979385e-01
      outer loop
         vertex 1.509890e+00 8.881560e-02 -4.580127e+00
         vertex 1.224984e+00 1.610700e-01 -4.594702e+00
         vertex 1.229899e+00 1.069835e-01 -4.591709e+00
      endloop
   endfacet
   facet normal -3.707671e-02 6.438359e-02 9.972362e-01
      outer loop
         vertex 1.509890e+00 8.881560e-02 -4.580127e+00
         vertex 1.229899e+00 1.069835e-01 -4.591709e+00
         vertex 1.514414e+00 2.391768e-02 -4.575768e+00
      endloop
   endfacet
   facet normal -3.849219e-02 5.958229e-02 9.974810e-01
      outer loop
         vertex 1.514414e+00 2.391768e-02 -4.575768e+00
         vertex 1.229899e+00 1.069835e-01 -4.591709e+00
         vertex 1.239158e+00 3.835964e-02 -4.587253e+00
      endloop
   endfacet
   facet normal -3.795274e-02 6.937671e-02 9.968683e-01
      outer loop
         vertex 1.514414e+00 2.391768e-02 -4.575768e+00
         vertex 1.239158e+00 3.835964e-02 -4.587253e+00
         vertex 1.514668e+00 2.109913e-02 -4.575563e+00
      endloop
   endfacet
   facet normal -3.789574e-02 7.024674e-02 9.968096e-01
      outer loop
         vertex 1.514668e+00 2.109913e-02 -4.575563e+00
         vertex 1.239158e+00 3.835964e-02 -4.587253e+00
         vertex 1.251868e+00 -2.984810e-02 -4.581963e+00
      endloop
   endfacet
   facet normal -3.890973e-02 7.553059e-02 9.963840e-01
      outer loop
         vertex 1.514668e+00 2.109913e-02 -4.575563e+00
         vertex 1.251868e+00 -2.984810e-02 -4.581963e+00
         vertex 1.521279e+00 -3.970075e-02 -4.570696e+00
      endloop
   endfacet
   facet normal -3.863635e-02 8.239565e-02 9.958505e-01
      outer loop
         vertex 1.521279e+00 -3.970075e-02 -4.570696e+00
         vertex 1.251868e+00 -2.984810e-02 -4.581963e+00
         vertex 1.261636e+00 -7.280815e-02 -4.578030e+00
      endloop
   endfacet
   facet normal -3.970065e-02 9.091598e-02 9.950669e-01
      outer loop
         vertex 1.521279e+00 -3.970075e-02 -4.570696e+00
         vertex 1.261636e+00 -7.280815e-02 -4.578030e+00
         vertex 1.530259e+00 -1.023307e-01 -4.564615e+00
      endloop
   endfacet
   facet normal -3.972687e-02 9.068647e-02 9.950868e-01
      outer loop
         vertex 1.530259e+00 -1.023307e-01 -4.564615e+00
         vertex 1.261636e+00 -7.280815e-02 -4.578030e+00
         vertex 1.267353e+00 -9.556581e-02 -4.575728e+00
      endloop
   endfacet
   facet normal -3.920027e-02 1.082921e-01 9.933459e-01
      outer loop
         vertex 1.530259e+00 -1.023307e-01 -4.564615e+00
         vertex 1.267353e+00 -9.556581e-02 -4.575728e+00
         vertex 1.540973e+00 -1.629088e-01 -4.557588e+00
      endloop
   endfacet
   facet normal -4.006058e-02 1.048858e-01 9.936771e-01
      outer loop
         vertex 1.540973e+00 -1.629088e-01 -4.557588e+00
         vertex 1.267353e+00 -9.556581e-02 -4.575728e+00
         vertex 1.293569e+00 -1.855689e-01 -4.565171e+00
      endloop
   endfacet
   facet normal -4.185175e-02 1.252569e-01 9.912412e-01
      outer loop
         vertex 1.540973e+00 -1.629088e-01 -4.557588e+00
         vertex 1.293569e+00 -1.855689e-01 -4.565171e+00
         vertex 1.556758e+00 -2.371587e-01 -4.547539e+00
      endloop
   endfacet
   facet normal -4.315338e-02 1.188664e-01 9.919721e-01
      outer loop
         vertex 1.556758e+00 -2.371587e-01 -4.547539e+00
         vertex 1.293569e+00 -1.855689e-01 -4.565171e+00
         vertex 1.305994e+00 -2.226429e-01 -4.560187e+00
      endloop
   endfacet
   facet normal -4.187793e-02 1.387012e-01 9.894484e-01
      outer loop
         vertex 1.556758e+00 -2.371587e-01 -4.547539e+00
         vertex 1.305994e+00 -2.226429e-01 -4.560187e+00
         vertex 1.567647e+00 -2.819053e-01 -4.540806e+00
      endloop
   endfacet
   facet normal -4.370246e-02 1.309644e-01 9.904233e-01
      outer loop
         vertex 1.567647e+00 -2.819053e-01 -4.540806e+00
         vertex 1.305994e+00 -2.226429e-01 -4.560187e+00
         vertex 1.337099e+00 -3.054724e-01 -4.547862e+00
      endloop
   endfacet
   facet normal -4.622252e-02 1.567765e-01 9.865519e-01
      outer loop
         vertex 1.567647e+00 -2.819053e-01 -4.540806e+00
         vertex 1.337099e+00 -3.054724e-01 -4.547862e+00
         vertex 1.592826e+00 -3.721068e-01 -4.525292e+00
      endloop
   endfacet
   facet normal -4.983655e-02 1.435294e-01 9.883904e-01
      outer loop
         vertex 1.592826e+00 -3.721068e-01 -4.525292e+00
         vertex 1.337099e+00 -3.054724e-01 -4.547862e+00
         vertex 1.353609e+00 -3.449412e-01 -4.541298e+00
      endloop
   endfacet
   facet normal -4.722312e-02 1.646731e-01 9.852171e-01
      outer loop
         vertex 1.592826e+00 -3.721068e-01 -4.525292e+00
         vertex 1.353609e+00 -3.449412e-01 -4.541298e+00
         vertex 1.380451e+00 -4.035781e-01 -4.530211e+00
      endloop
   endfacet
   facet normal -6.525580e-02 -3.758521e-02 9.971605e-01
      outer loop
         vertex 1.880906e+00 -1.075042e+00 -4.449157e+00
         vertex 1.843876e+00 -9.902412e-01 -4.448384e+00
         vertex 1.742919e+00 -9.780851e-01 -4.454532e+00
      endloop
   endfacet
   facet normal -6.268318e-02 -1.584155e-02 9.979077e-01
      outer loop
         vertex 1.742919e+00 -9.780851e-01 -4.454532e+00
         vertex 1.843876e+00 -9.902412e-01 -4.448384e+00
         vertex 1.836773e+00 -9.742815e-01 -4.448576e+00
      endloop
   endfacet
   facet normal -6.279190e-02 -1.320819e-02 9.979392e-01
      outer loop
         vertex 1.742919e+00 -9.780851e-01 -4.454532e+00
         vertex 1.836773e+00 -9.742815e-01 -4.448576e+00
         vertex 1.724554e+00 -9.523131e-01 -4.455347e+00
      endloop
   endfacet
   facet normal -5.795257e-02 1.160853e-02 9.982518e-01
      outer loop
         vertex 1.724554e+00 -9.523131e-01 -4.455347e+00
         vertex 1.836773e+00 -9.742815e-01 -4.448576e+00
         vertex 1.791427e+00 -8.745874e-01 -4.452368e+00
      endloop
   endfacet
   facet normal -5.840779e-02 1.200138e-02 9.982207e-01
      outer loop
         vertex 1.724554e+00 -9.523131e-01 -4.455347e+00
         vertex 1.791427e+00 -8.745874e-01 -4.452368e+00
         vertex 1.673236e+00 -8.812108e-01 -4.459204e+00
      endloop
   endfacet
   facet normal -5.980054e-02 3.759590e-02 9.975021e-01
      outer loop
         vertex 1.673236e+00 -8.812108e-01 -4.459204e+00
         vertex 1.791427e+00 -8.745874e-01 -4.452368e+00
         vertex 1.780505e+00 -8.509039e-01 -4.453916e+00
      endloop
   endfacet
   facet normal -6.098533e-02 4.183129e-02 9.972617e-01
      outer loop
         vertex 1.673236e+00 -8.812108e-01 -4.459204e+00
         vertex 1.780505e+00 -8.509039e-01 -4.453916e+00
         vertex 1.619557e+00 -8.058473e-01 -4.465648e+00
      endloop
   endfacet
   facet normal -5.617988e-02 5.884671e-02 9.966849e-01
      outer loop
         vertex 1.619557e+00 -8.058473e-01 -4.465648e+00
         vertex 1.780505e+00 -8.509039e-01 -4.453916e+00
         vertex 1.745163e+00 -7.730365e-01 -4.460505e+00
      endloop
   endfacet
   facet normal -5.718480e-02 6.273991e-02 9.963903e-01
      outer loop
         vertex 1.619557e+00 -8.058473e-01 -4.465648e+00
         vertex 1.745163e+00 -7.730365e-01 -4.460505e+00
         vertex 1.602922e+00 -7.816450e-01 -4.468127e+00
      endloop
   endfacet
   facet normal -5.840716e-02 8.441888e-02 9.947171e-01
      outer loop
         vertex 1.602922e+00 -7.816450e-01 -4.468127e+00
         vertex 1.745163e+00 -7.730365e-01 -4.460505e+00
         vertex 1.711285e+00 -6.937878e-01 -4.469220e+00
      endloop
   endfacet
   facet normal -5.776822e-02 8.363209e-02 9.948208e-01
      outer loop
         vertex 1.602922e+00 -7.816450e-01 -4.468127e+00
         vertex 1.711285e+00 -6.937878e-01 -4.469220e+00
         vertex 1.533278e+00 -6.743388e-01 -4.481192e+00
      endloop
   endfacet
   facet normal -5.544539e-02 1.038025e-01 9.930513e-01
      outer loop
         vertex 1.533278e+00 -6.743388e-01 -4.481192e+00
         vertex 1.711285e+00 -6.937878e-01 -4.469220e+00
         vertex 1.700605e+00 -6.678984e-01 -4.472523e+00
      endloop
   endfacet
   facet normal -5.598275e-02 1.203146e-01 9.911561e-01
      outer loop
         vertex 1.533278e+00 -6.743388e-01 -4.481192e+00
         vertex 1.700605e+00 -6.678984e-01 -4.472523e+00
         vertex 1.469944e+00 -5.699162e-01 -4.497445e+00
      endloop
   endfacet
   facet normal -5.304655e-02 1.270539e-01 9.904763e-01
      outer loop
         vertex 1.469944e+00 -5.699162e-01 -4.497445e+00
         vertex 1.700605e+00 -6.678984e-01 -4.472523e+00
         vertex 1.658328e+00 -5.609661e-01 -4.488504e+00
      endloop
   endfacet
   facet normal -5.388270e-02 1.475396e-01 9.875873e-01
      outer loop
         vertex 1.469944e+00 -5.699162e-01 -4.497445e+00
         vertex 1.658328e+00 -5.609661e-01 -4.488504e+00
         vertex 1.648313e+00 -5.342517e-01 -4.493041e+00
      endloop
   endfacet
   facet normal -6.208244e-02 2.580000e-02 9.977375e-01
      outer loop
         vertex 1.961458e+00 2.081254e+00 -4.475473e+00
         vertex 1.976255e+00 2.082301e+00 -4.474579e+00
         vertex 1.960708e+00 2.092792e+00 -4.475818e+00
      endloop
   endfacet
   facet normal -7.223964e-02 1.069902e-02 9.973299e-01
      outer loop
         vertex 1.960708e+00 2.092792e+00 -4.475818e+00
         vertex 1.976255e+00 2.082301e+00 -4.474579e+00
         vertex 1.975524e+00 2.098551e+00 -4.474807e+00
      endloop
   endfacet
   facet normal -6.454997e-02 -9.179510e-03 9.978723e-01
      outer loop
         vertex 1.960708e+00 2.092792e+00 -4.475818e+00
         vertex 1.975524e+00 2.098551e+00 -4.474807e+00
         vertex 1.960931e+00 2.097551e+00 -4.475760e+00
      endloop
   endfacet
   facet normal -5.283610e-02 -1.067247e-01 9.928838e-01
      outer loop
         vertex 1.290048e+00 6.919846e-01 -4.587809e+00
         vertex 1.282724e+00 6.691497e-01 -4.590653e+00
         vertex 1.565609e+00 6.374709e-01 -4.579004e+00
      endloop
   endfacet
   facet normal -5.090995e-02 -8.884064e-02 9.947439e-01
      outer loop
         vertex 1.565609e+00 6.374709e-01 -4.579004e+00
         vertex 1.282724e+00 6.691497e-01 -4.590653e+00
         vertex 1.267694e+00 6.175519e-01 -4.596030e+00
      endloop
   endfacet
   facet normal -5.112478e-02 -8.584318e-02 9.949961e-01
      outer loop
         vertex 1.565609e+00 6.374709e-01 -4.579004e+00
         vertex 1.267694e+00 6.175519e-01 -4.596030e+00
         vertex 1.553758e+00 5.835709e-01 -4.584264e+00
      endloop
   endfacet
   facet normal -4.942263e-02 -7.108129e-02 9.962454e-01
      outer loop
         vertex 1.553758e+00 5.835709e-01 -4.584264e+00
         vertex 1.267694e+00 6.175519e-01 -4.596030e+00
         vertex 1.261586e+00 5.942108e-01 -4.597999e+00
      endloop
   endfacet
   facet normal -4.913232e-02 -6.233515e-02 9.968452e-01
      outer loop
         vertex 1.553758e+00 5.835709e-01 -4.584264e+00
         vertex 1.261586e+00 5.942108e-01 -4.597999e+00
         vertex 1.543837e+00 5.335516e-01 -4.587880e+00
      endloop
   endfacet
   facet normal -4.830255e-02 -5.842791e-02 9.971224e-01
      outer loop
         vertex 1.543837e+00 5.335516e-01 -4.587880e+00
         vertex 1.261586e+00 5.942108e-01 -4.597999e+00
         vertex 1.254933e+00 5.665409e-01 -4.599942e+00
      endloop
   endfacet
   facet normal -4.557754e-02 -3.410429e-02 9.983785e-01
      outer loop
         vertex 1.543837e+00 5.335516e-01 -4.587880e+00
         vertex 1.254933e+00 5.665409e-01 -4.599942e+00
         vertex 1.533636e+00 4.755218e-01 -4.590328e+00
      endloop
   endfacet
   facet normal -4.445059e-02 -3.063630e-02 9.985417e-01
      outer loop
         vertex 1.533636e+00 4.755218e-01 -4.590328e+00
         vertex 1.254933e+00 5.665409e-01 -4.599942e+00
         vertex 1.241955e+00 5.020457e-01 -4.602499e+00
      endloop
   endfacet
   facet normal -4.200473e-02 -3.478004e-03 9.991114e-01
      outer loop
         vertex 1.533636e+00 4.755218e-01 -4.590328e+00
         vertex 1.241955e+00 5.020457e-01 -4.602499e+00
         vertex 1.525370e+00 4.229895e-01 -4.590859e+00
      endloop
   endfacet
   facet normal -4.079454e-02 8.687210e-04 9.991672e-01
      outer loop
         vertex 1.525370e+00 4.229895e-01 -4.590859e+00
         vertex 1.241955e+00 5.020457e-01 -4.602499e+00
         vertex 1.234553e+00 4.559689e-01 -4.602761e+00
      endloop
   endfacet
   facet normal -3.917658e-02 1.511832e-02 9.991179e-01
      outer loop
         vertex 1.525370e+00 4.229895e-01 -4.590859e+00
         vertex 1.234553e+00 4.559689e-01 -4.602761e+00
         vertex 1.516553e+00 3.534589e-01 -4.590152e+00
      endloop
   endfacet
   facet normal -3.943248e-02 1.441438e-02 9.991183e-01
      outer loop
         vertex 1.516553e+00 3.534589e-01 -4.590152e+00
         vertex 1.234553e+00 4.559689e-01 -4.602761e+00
         vertex 1.228298e+00 4.054516e-01 -4.602279e+00
      endloop
   endfacet
   facet normal -3.788897e-02 2.294856e-02 9.990184e-01
      outer loop
         vertex 1.516553e+00 3.534589e-01 -4.590152e+00
         vertex 1.228298e+00 4.054516e-01 -4.602279e+00
         vertex 1.511448e+00 2.927695e-01 -4.588952e+00
      endloop
   endfacet
   facet normal -3.855612e-02 2.127349e-02 9.990300e-01
      outer loop
         vertex 1.511448e+00 2.927695e-01 -4.588952e+00
         vertex 1.228298e+00 4.054516e-01 -4.602279e+00
         vertex 1.222291e+00 3.192288e-01 -4.600675e+00
      endloop
   endfacet
   facet normal -3.793675e-02 2.797953e-02 9.988884e-01
      outer loop
         vertex 1.511448e+00 2.927695e-01 -4.588952e+00
         vertex 1.222291e+00 3.192288e-01 -4.600675e+00
         vertex 1.221362e+00 2.840885e-01 -4.599726e+00
      endloop
   endfacet
   facet normal -7.064784e-02 -5.691752e-02 9.958761e-01
      outer loop
         vertex 1.021988e+00 6.317017e-01 -4.612743e+00
         vertex 1.012143e+00 5.976759e-01 -4.615386e+00
         vertex 1.254933e+00 5.665409e-01 -4.599942e+00
      endloop
   endfacet
   facet normal -6.755317e-02 -3.212966e-02 9.971982e-01
      outer loop
         vertex 1.254933e+00 5.665409e-01 -4.599942e+00
         vertex 1.012143e+00 5.976759e-01 -4.615386e+00
         vertex 1.001104e+00 5.509647e-01 -4.617639e+00
      endloop
   endfacet
   facet normal -6.794868e-02 -2.586100e-02 9.973536e-01
      outer loop
         vertex 1.254933e+00 5.665409e-01 -4.599942e+00
         vertex 1.001104e+00 5.509647e-01 -4.617639e+00
         vertex 1.241955e+00 5.020457e-01 -4.602499e+00
      endloop
   endfacet
   facet normal -6.963173e-02 -5.323092e-02 9.961515e-01
      outer loop
         vertex 1.254933e+00 5.665409e-01 -4.599942e+00
         vertex 1.261586e+00 5.942108e-01 -4.597999e+00
         vertex 1.021988e+00 6.317017e-01 -4.612743e+00
      endloop
   endfacet
   facet normal -7.145835e-02 -6.523630e-02 9.953080e-01
      outer loop
         vertex 1.021988e+00 6.317017e-01 -4.612743e+00
         vertex 1.261586e+00 5.942108e-01 -4.597999e+00
         vertex 1.267694e+00 6.175519e-01 -4.596030e+00
      endloop
   endfacet
   facet normal -7.165878e-02 -6.903650e-02 9.950372e-01
      outer loop
         vertex 1.021988e+00 6.317017e-01 -4.612743e+00
         vertex 1.267694e+00 6.175519e-01 -4.596030e+00
         vertex 1.026744e+00 6.466315e-01 -4.611365e+00
      endloop
   endfacet
   facet normal -7.318431e-02 -8.226614e-02 9.939197e-01
      outer loop
         vertex 1.026744e+00 6.466315e-01 -4.611365e+00
         vertex 1.267694e+00 6.175519e-01 -4.596030e+00
         vertex 1.282724e+00 6.691497e-01 -4.590653e+00
      endloop
   endfacet
   facet normal -7.727931e-02 -1.716282e-01 9.821261e-01
      outer loop
         vertex 1.360260e+00 8.637452e-01 -4.555670e+00
         vertex 1.133065e+00 8.705204e-01 -4.572363e+00
         vertex 1.324342e+00 7.840500e-01 -4.572423e+00
      endloop
   endfacet
   facet normal -8.042357e-02 -1.785825e-01 9.806326e-01
      outer loop
         vertex 1.324342e+00 7.840500e-01 -4.572423e+00
         vertex 1.133065e+00 8.705204e-01 -4.572363e+00
         vertex 1.112913e+00 8.378907e-01 -4.579958e+00
      endloop
   endfacet
   facet normal -7.684771e-02 -1.641477e-01 9.834378e-01
      outer loop
         vertex 1.324342e+00 7.840500e-01 -4.572423e+00
         vertex 1.112913e+00 8.378907e-01 -4.579958e+00
         vertex 1.318429e+00 7.696386e-01 -4.575290e+00
      endloop
   endfacet
   facet normal -8.060134e-02 -1.756064e-01 9.811553e-01
      outer loop
         vertex 1.318429e+00 7.696386e-01 -4.575290e+00
         vertex 1.112913e+00 8.378907e-01 -4.579958e+00
         vertex 1.088634e+00 7.945143e-01 -4.589716e+00
      endloop
   endfacet
   facet normal -7.723410e-02 -1.411265e-01 9.869743e-01
      outer loop
         vertex 1.318429e+00 7.696386e-01 -4.575290e+00
         vertex 1.088634e+00 7.945143e-01 -4.589716e+00
         vertex 1.299677e+00 7.201190e-01 -4.583838e+00
      endloop
   endfacet
   facet normal -7.871155e-02 -1.453757e-01 9.862405e-01
      outer loop
         vertex 1.299677e+00 7.201190e-01 -4.583838e+00
         vertex 1.088634e+00 7.945143e-01 -4.589716e+00
         vertex 1.064885e+00 7.455940e-01 -4.598822e+00
      endloop
   endfacet
   facet normal -7.557812e-02 -1.139260e-01 9.906103e-01
      outer loop
         vertex 1.299677e+00 7.201190e-01 -4.583838e+00
         vertex 1.064885e+00 7.455940e-01 -4.598822e+00
         vertex 1.290048e+00 6.919846e-01 -4.587809e+00
      endloop
   endfacet
   facet normal -7.596553e-02 -1.155991e-01 9.903868e-01
      outer loop
         vertex 1.290048e+00 6.919846e-01 -4.587809e+00
         vertex 1.064885e+00 7.455940e-01 -4.598822e+00
         vertex 1.051984e+00 7.154174e-01 -4.603334e+00
      endloop
   endfacet
   facet normal -7.451924e-02 -9.968810e-02 9.922244e-01
      outer loop
         vertex 1.290048e+00 6.919846e-01 -4.587809e+00
         vertex 1.051984e+00 7.154174e-01 -4.603334e+00
         vertex 1.282724e+00 6.691497e-01 -4.590653e+00
      endloop
   endfacet
   facet normal -7.478539e-02 -1.010589e-01 9.920656e-01
      outer loop
         vertex 1.282724e+00 6.691497e-01 -4.590653e+00
         vertex 1.051984e+00 7.154174e-01 -4.603334e+00
         vertex 1.044465e+00 6.964381e-01 -4.605834e+00
      endloop
   endfacet
   facet normal -7.298413e-02 -8.439138e-02 9.937562e-01
      outer loop
         vertex 1.282724e+00 6.691497e-01 -4.590653e+00
         vertex 1.044465e+00 6.964381e-01 -4.605834e+00
         vertex 1.026744e+00 6.466315e-01 -4.611365e+00
      endloop
   endfacet
   facet normal -7.721470e-02 -6.350094e-02 9.949902e-01
      outer loop
         vertex 1.645113e+00 1.375227e+00 -4.468552e+00
         vertex 1.673399e+00 1.426748e+00 -4.463069e+00
         vertex 1.553788e+00 1.416419e+00 -4.473011e+00
      endloop
   endfacet
   facet normal -1.990407e-01 1.643521e-01 9.661114e-01
      outer loop
         vertex 1.962022e+00 2.006440e+00 -4.467744e+00
         vertex 1.944861e+00 1.998049e+00 -4.469852e+00
         vertex 1.959130e+00 1.997802e+00 -4.466870e+00
      endloop
   endfacet
   facet normal -1.977320e-01 1.889084e-01 9.618813e-01
      outer loop
         vertex 1.959130e+00 1.997802e+00 -4.466870e+00
         vertex 1.944861e+00 1.998049e+00 -4.469852e+00
         vertex 1.932434e+00 1.976852e+00 -4.468244e+00
      endloop
   endfacet
   facet normal -1.861734e-01 1.738435e-01 9.670150e-01
      outer loop
         vertex 1.959130e+00 1.997802e+00 -4.466870e+00
         vertex 1.932434e+00 1.976852e+00 -4.468244e+00
         vertex 1.950484e+00 1.978156e+00 -4.465003e+00
      endloop
   endfacet
   facet normal -9.640506e-02 1.072401e-01 9.895482e-01
      outer loop
         vertex 1.966293e+00 2.035985e+00 -4.471060e+00
         vertex 1.965064e+00 2.054620e+00 -4.473199e+00
         vertex 1.951408e+00 2.065517e+00 -4.475710e+00
      endloop
   endfacet
   facet normal -1.156336e-01 8.320278e-02 9.898011e-01
      outer loop
         vertex 1.951408e+00 2.065517e+00 -4.475710e+00
         vertex 1.965064e+00 2.054620e+00 -4.473199e+00
         vertex 1.963483e+00 2.066721e+00 -4.474401e+00
      endloop
   endfacet
   facet normal -1.119638e-01 4.317903e-02 9.927737e-01
      outer loop
         vertex 1.951408e+00 2.065517e+00 -4.475710e+00
         vertex 1.963483e+00 2.066721e+00 -4.474401e+00
         vertex 1.948868e+00 2.081327e+00 -4.476685e+00
      endloop
   endfacet
   facet normal -1.777184e-01 6.505529e-02 9.819287e-01
      outer loop
         vertex 1.951408e+00 2.065517e+00 -4.475710e+00
         vertex 1.954399e+00 2.038304e+00 -4.473366e+00
         vertex 1.966293e+00 2.035985e+00 -4.471060e+00
      endloop
   endfacet
   facet normal -1.723609e-01 9.139963e-02 9.807843e-01
      outer loop
         vertex 1.966293e+00 2.035985e+00 -4.471060e+00
         vertex 1.954399e+00 2.038304e+00 -4.473366e+00
         vertex 1.954403e+00 2.035129e+00 -4.473070e+00
      endloop
   endfacet
   facet normal -1.737765e-01 1.184435e-01 9.776364e-01
      outer loop
         vertex 1.966293e+00 2.035985e+00 -4.471060e+00
         vertex 1.954403e+00 2.035129e+00 -4.473070e+00
         vertex 1.966229e+00 2.031602e+00 -4.470540e+00
      endloop
   endfacet
   facet normal -1.784979e-01 1.032366e-01 9.785094e-01
      outer loop
         vertex 1.966229e+00 2.031602e+00 -4.470540e+00
         vertex 1.954403e+00 2.035129e+00 -4.473070e+00
         vertex 1.953753e+00 2.025841e+00 -4.472208e+00
      endloop
   endfacet
   facet normal -1.915417e-01 1.332520e-01 9.723969e-01
      outer loop
         vertex 1.966229e+00 2.031602e+00 -4.470540e+00
         vertex 1.953753e+00 2.025841e+00 -4.472208e+00
         vertex 1.964432e+00 2.016110e+00 -4.468771e+00
      endloop
   endfacet
   facet normal -1.962071e-01 1.280505e-01 9.721655e-01
      outer loop
         vertex 1.964432e+00 2.016110e+00 -4.468771e+00
         vertex 1.953753e+00 2.025841e+00 -4.472208e+00
         vertex 1.951240e+00 2.014117e+00 -4.471171e+00
      endloop
   endfacet
   facet normal -1.991466e-01 1.524831e-01 9.680338e-01
      outer loop
         vertex 1.964432e+00 2.016110e+00 -4.468771e+00
         vertex 1.951240e+00 2.014117e+00 -4.471171e+00
         vertex 1.962022e+00 2.006440e+00 -4.467744e+00
      endloop
   endfacet
   facet normal -1.999096e-01 1.514161e-01 9.680441e-01
      outer loop
         vertex 1.962022e+00 2.006440e+00 -4.467744e+00
         vertex 1.951240e+00 2.014117e+00 -4.471171e+00
         vertex 1.948177e+00 2.005432e+00 -4.470445e+00
      endloop
   endfacet
   facet normal -2.005430e-01 1.676449e-01 9.652345e-01
      outer loop
         vertex 1.962022e+00 2.006440e+00 -4.467744e+00
         vertex 1.948177e+00 2.005432e+00 -4.470445e+00
         vertex 1.944861e+00 1.998049e+00 -4.469852e+00
      endloop
   endfacet
   facet normal -1.865550e-01 1.839711e-01 9.650657e-01
      outer loop
         vertex 1.950484e+00 1.978156e+00 -4.465003e+00
         vertex 1.932434e+00 1.976852e+00 -4.468244e+00
         vertex 1.945904e+00 1.969276e+00 -4.464196e+00
      endloop
   endfacet
   facet normal -1.802105e-01 1.947638e-01 9.641531e-01
      outer loop
         vertex 1.945904e+00 1.969276e+00 -4.464196e+00
         vertex 1.932434e+00 1.976852e+00 -4.468244e+00
         vertex 1.925838e+00 1.967300e+00 -4.467547e+00
      endloop
   endfacet
   facet normal -1.791988e-01 1.789979e-01 9.673921e-01
      outer loop
         vertex 1.945904e+00 1.969276e+00 -4.464196e+00
         vertex 1.925838e+00 1.967300e+00 -4.467547e+00
         vertex 1.893500e+00 1.868766e+00 -4.455305e+00
      endloop
   endfacet
   facet normal -1.260947e-01 1.629553e-01 9.785426e-01
      outer loop
         vertex 1.925838e+00 1.967300e+00 -4.467547e+00
         vertex 1.896826e+00 1.927133e+00 -4.464597e+00
         vertex 1.893500e+00 1.868766e+00 -4.455305e+00
      endloop
   endfacet
   facet normal -1.394020e-01 1.634136e-01 9.766591e-01
      outer loop
         vertex 1.893500e+00 1.868766e+00 -4.455305e+00
         vertex 1.896826e+00 1.927133e+00 -4.464597e+00
         vertex 1.855347e+00 1.865995e+00 -4.460287e+00
      endloop
   endfacet
   facet normal -1.376515e-01 1.298198e-01 9.819363e-01
      outer loop
         vertex 1.893500e+00 1.868766e+00 -4.455305e+00
         vertex 1.855347e+00 1.865995e+00 -4.460287e+00
         vertex 1.863296e+00 1.809013e+00 -4.451639e+00
      endloop
   endfacet
   facet normal -1.210656e-01 1.324124e-01 9.837734e-01
      outer loop
         vertex 1.863296e+00 1.809013e+00 -4.451639e+00
         vertex 1.855347e+00 1.865995e+00 -4.460287e+00
         vertex 1.828533e+00 1.826093e+00 -4.458216e+00
      endloop
   endfacet
   facet normal -1.360034e-01 1.026269e-01 9.853785e-01
      outer loop
         vertex 1.863296e+00 1.809013e+00 -4.451639e+00
         vertex 1.828533e+00 1.826093e+00 -4.458216e+00
         vertex 1.837348e+00 1.758543e+00 -4.449965e+00
      endloop
   endfacet
   facet normal -1.179357e-01 1.052352e-01 9.874294e-01
      outer loop
         vertex 1.837348e+00 1.758543e+00 -4.449965e+00
         vertex 1.828533e+00 1.826093e+00 -4.458216e+00
         vertex 1.779054e+00 1.753939e+00 -4.456436e+00
      endloop
   endfacet
   facet normal -1.148844e-01 6.086220e-02 9.915127e-01
      outer loop
         vertex 1.837348e+00 1.758543e+00 -4.449965e+00
         vertex 1.779054e+00 1.753939e+00 -4.456436e+00
         vertex 1.782711e+00 1.650221e+00 -4.449646e+00
      endloop
   endfacet
   facet normal -9.841015e-02 6.155614e-02 9.932403e-01
      outer loop
         vertex 1.779054e+00 1.753939e+00 -4.456436e+00
         vertex 1.717708e+00 1.663483e+00 -4.456908e+00
         vertex 1.782711e+00 1.650221e+00 -4.449646e+00
      endloop
   endfacet
   facet normal -1.020731e-01 4.391304e-02 9.938072e-01
      outer loop
         vertex 1.782711e+00 1.650221e+00 -4.449646e+00
         vertex 1.717708e+00 1.663483e+00 -4.456908e+00
         vertex 1.702343e+00 1.640310e+00 -4.457463e+00
      endloop
   endfacet
   facet normal -9.795065e-02 9.426585e-03 9.951466e-01
      outer loop
         vertex 1.782711e+00 1.650221e+00 -4.449646e+00
         vertex 1.702343e+00 1.640310e+00 -4.457463e+00
         vertex 1.726568e+00 1.534054e+00 -4.454072e+00
      endloop
   endfacet
   facet normal -9.042316e-02 1.116490e-02 9.958408e-01
      outer loop
         vertex 1.726568e+00 1.534054e+00 -4.454072e+00
         vertex 1.702343e+00 1.640310e+00 -4.457463e+00
         vertex 1.627286e+00 1.524610e+00 -4.462981e+00
      endloop
   endfacet
   facet normal -8.685270e-02 -2.640069e-02 9.958713e-01
      outer loop
         vertex 1.726568e+00 1.534054e+00 -4.454072e+00
         vertex 1.627286e+00 1.524610e+00 -4.462981e+00
         vertex 1.713564e+00 1.507013e+00 -4.455923e+00
      endloop
   endfacet
   facet normal -8.544747e-02 -1.939757e-02 9.961538e-01
      outer loop
         vertex 1.713564e+00 1.507013e+00 -4.455923e+00
         vertex 1.627286e+00 1.524610e+00 -4.462981e+00
         vertex 1.613097e+00 1.502865e+00 -4.464621e+00
      endloop
   endfacet
   facet normal -8.426139e-02 -4.645881e-02 9.953600e-01
      outer loop
         vertex 1.713564e+00 1.507013e+00 -4.455923e+00
         vertex 1.613097e+00 1.502865e+00 -4.464621e+00
         vertex 1.673399e+00 1.426748e+00 -4.463069e+00
      endloop
   endfacet
   facet normal -7.381494e-02 -3.815871e-02 9.965417e-01
      outer loop
         vertex 1.673399e+00 1.426748e+00 -4.463069e+00
         vertex 1.613097e+00 1.502865e+00 -4.464621e+00
         vertex 1.590536e+00 1.468919e+00 -4.467592e+00
      endloop
   endfacet
   facet normal -7.864092e-02 -4.772522e-02 9.957600e-01
      outer loop
         vertex 1.673399e+00 1.426748e+00 -4.463069e+00
         vertex 1.590536e+00 1.468919e+00 -4.467592e+00
         vertex 1.553788e+00 1.416419e+00 -4.473011e+00
      endloop
   endfacet
   facet normal -7.466626e-02 -5.779219e-02 9.955325e-01
      outer loop
         vertex 1.553788e+00 1.416419e+00 -4.473011e+00
         vertex 1.537425e+00 1.394509e+00 -4.475510e+00
         vertex 1.645113e+00 1.375227e+00 -4.468552e+00
      endloop
   endfacet
   facet normal -7.619678e-02 -6.658012e-02 9.948674e-01
      outer loop
         vertex 1.645113e+00 1.375227e+00 -4.468552e+00
         vertex 1.537425e+00 1.394509e+00 -4.475510e+00
         vertex 1.479042e+00 1.320666e+00 -4.484923e+00
      endloop
   endfacet
   facet normal -6.844704e-02 -8.978984e-02 9.936060e-01
      outer loop
         vertex 1.645113e+00 1.375227e+00 -4.468552e+00
         vertex 1.479042e+00 1.320666e+00 -4.484923e+00
         vertex 1.566186e+00 1.237726e+00 -4.486415e+00
      endloop
   endfacet
   facet normal -6.623470e-02 -8.747178e-02 9.939626e-01
      outer loop
         vertex 1.566186e+00 1.237726e+00 -4.486415e+00
         vertex 1.479042e+00 1.320666e+00 -4.484923e+00
         vertex 1.456897e+00 1.293008e+00 -4.488833e+00
      endloop
   endfacet
   facet normal -7.440518e-02 -1.037180e-01 9.918198e-01
      outer loop
         vertex 1.566186e+00 1.237726e+00 -4.486415e+00
         vertex 1.456897e+00 1.293008e+00 -4.488833e+00
         vertex 1.563597e+00 1.233251e+00 -4.487077e+00
      endloop
   endfacet
   facet normal -7.041839e-02 -9.656958e-02 9.928321e-01
      outer loop
         vertex 1.563597e+00 1.233251e+00 -4.487077e+00
         vertex 1.456897e+00 1.293008e+00 -4.488833e+00
         vertex 1.404948e+00 1.228317e+00 -4.498810e+00
      endloop
   endfacet
   facet normal -6.947027e-02 -1.208768e-01 9.902337e-01
      outer loop
         vertex 1.563597e+00 1.233251e+00 -4.487077e+00
         vertex 1.404948e+00 1.228317e+00 -4.498810e+00
         vertex 1.509254e+00 1.139665e+00 -4.502314e+00
      endloop
   endfacet
   facet normal -7.034772e-02 -1.219017e-01 9.900460e-01
      outer loop
         vertex 1.509254e+00 1.139665e+00 -4.502314e+00
         vertex 1.404948e+00 1.228317e+00 -4.498810e+00
         vertex 1.326538e+00 1.131585e+00 -4.516291e+00
      endloop
   endfacet
   facet normal -6.923549e-02 -1.424383e-01 9.873792e-01
      outer loop
         vertex 1.509254e+00 1.139665e+00 -4.502314e+00
         vertex 1.326538e+00 1.131585e+00 -4.516291e+00
         vertex 1.467380e+00 1.066541e+00 -4.515799e+00
      endloop
   endfacet
   facet normal -7.081355e-02 -1.458599e-01 9.867676e-01
      outer loop
         vertex 1.467380e+00 1.066541e+00 -4.515799e+00
         vertex 1.326538e+00 1.131585e+00 -4.516291e+00
         vertex 1.263355e+00 1.051811e+00 -4.532618e+00
      endloop
   endfacet
   facet normal -7.038224e-02 -1.509882e-01 9.860268e-01
      outer loop
         vertex 1.467380e+00 1.066541e+00 -4.515799e+00
         vertex 1.263355e+00 1.051811e+00 -4.532618e+00
         vertex 1.406474e+00 9.551763e-01 -4.537199e+00
      endloop
   endfacet
   facet normal -7.254586e-02 -1.541618e-01 9.853787e-01
      outer loop
         vertex 1.406474e+00 9.551763e-01 -4.537199e+00
         vertex 1.263355e+00 1.051811e+00 -4.532618e+00
         vertex 1.209273e+00 9.802708e-01 -4.547792e+00
      endloop
   endfacet
   facet normal -7.319582e-02 -1.596595e-01 9.844548e-01
      outer loop
         vertex 1.406474e+00 9.551763e-01 -4.537199e+00
         vertex 1.209273e+00 9.802708e-01 -4.547792e+00
         vertex 1.378741e+00 9.013150e-01 -4.547996e+00
      endloop
   endfacet
   facet normal -7.380456e-02 -1.609654e-01 9.841966e-01
      outer loop
         vertex 1.378741e+00 9.013150e-01 -4.547996e+00
         vertex 1.209273e+00 9.802708e-01 -4.547792e+00
         vertex 1.198572e+00 9.656140e-01 -4.550991e+00
      endloop
   endfacet
   facet normal -7.489506e-02 -1.640486e-01 9.836050e-01
      outer loop
         vertex 1.378741e+00 9.013150e-01 -4.547996e+00
         vertex 1.198572e+00 9.656140e-01 -4.550991e+00
         vertex 1.360260e+00 8.637452e-01 -4.555670e+00
      endloop
   endfacet
   facet normal -7.678468e-02 -1.670181e-01 9.829593e-01
      outer loop
         vertex 1.360260e+00 8.637452e-01 -4.555670e+00
         vertex 1.198572e+00 9.656140e-01 -4.550991e+00
         vertex 1.139797e+00 8.809209e-01 -4.569973e+00
      endloop
   endfacet
   facet normal -7.734324e-02 -1.754481e-01 9.814459e-01
      outer loop
         vertex 1.360260e+00 8.637452e-01 -4.555670e+00
         vertex 1.139797e+00 8.809209e-01 -4.569973e+00
         vertex 1.133065e+00 8.705204e-01 -4.572363e+00
      endloop
   endfacet
   facet normal -9.247104e-02 -2.326675e-02 9.954435e-01
      outer loop
         vertex 1.960175e+00 -1.384992e+00 -4.475727e+00
         vertex 1.947664e+00 -1.385035e+00 -4.476890e+00
         vertex 1.960086e+00 -1.391036e+00 -4.475877e+00
      endloop
   endfacet
   facet normal -9.066879e-02 -1.949419e-02 9.956903e-01
      outer loop
         vertex 1.960086e+00 -1.391036e+00 -4.475877e+00
         vertex 1.947664e+00 -1.385035e+00 -4.476890e+00
         vertex 1.947609e+00 -1.393108e+00 -4.477053e+00
      endloop
   endfacet
   facet normal -9.469322e-02 4.853949e-03 9.954947e-01
      outer loop
         vertex 1.960086e+00 -1.391036e+00 -4.475877e+00
         vertex 1.947609e+00 -1.393108e+00 -4.477053e+00
         vertex 1.960855e+00 -1.400296e+00 -4.475758e+00
      endloop
   endfacet
   facet normal -1.002876e-01 -5.555171e-03 9.949430e-01
      outer loop
         vertex 1.960855e+00 -1.400296e+00 -4.475758e+00
         vertex 1.947609e+00 -1.393108e+00 -4.477053e+00
         vertex 1.948532e+00 -1.400337e+00 -4.477001e+00
      endloop
   endfacet
   facet normal -1.912670e-01 -1.523859e-01 9.696368e-01
      outer loop
         vertex 1.959625e+00 -1.323305e+00 -4.470321e+00
         vertex 1.954624e+00 -1.307323e+00 -4.468796e+00
         vertex 1.942799e+00 -1.312061e+00 -4.471873e+00
      endloop
   endfacet
   facet normal -1.835552e-01 -1.403901e-01 9.729327e-01
      outer loop
         vertex 1.942799e+00 -1.312061e+00 -4.471873e+00
         vertex 1.947242e+00 -1.324002e+00 -4.472758e+00
         vertex 1.959625e+00 -1.323305e+00 -4.470321e+00
      endloop
   endfacet
   facet normal -1.846793e-01 -1.263853e-01 9.746386e-01
      outer loop
         vertex 1.959625e+00 -1.323305e+00 -4.470321e+00
         vertex 1.947242e+00 -1.324002e+00 -4.472758e+00
         vertex 1.961856e+00 -1.339563e+00 -4.472007e+00
      endloop
   endfacet
   facet normal -1.678956e-01 -1.103843e-01 9.796052e-01
      outer loop
         vertex 1.961856e+00 -1.339563e+00 -4.472007e+00
         vertex 1.947242e+00 -1.324002e+00 -4.472758e+00
         vertex 1.949587e+00 -1.335845e+00 -4.473691e+00
      endloop
   endfacet
   facet normal -1.638640e-01 -9.609261e-02 9.817916e-01
      outer loop
         vertex 1.961856e+00 -1.339563e+00 -4.472007e+00
         vertex 1.949587e+00 -1.335845e+00 -4.473691e+00
         vertex 1.961725e+00 -1.361001e+00 -4.474127e+00
      endloop
   endfacet
   facet normal -1.388463e-01 -8.410737e-02 9.867359e-01
      outer loop
         vertex 1.961725e+00 -1.361001e+00 -4.474127e+00
         vertex 1.949587e+00 -1.335845e+00 -4.473691e+00
         vertex 1.950238e+00 -1.350519e+00 -4.474850e+00
      endloop
   endfacet
   facet normal -1.159056e-01 -5.864073e-02 9.915277e-01
      outer loop
         vertex 1.961725e+00 -1.361001e+00 -4.474127e+00
         vertex 1.950238e+00 -1.350519e+00 -4.474850e+00
         vertex 1.960175e+00 -1.384992e+00 -4.475727e+00
      endloop
   endfacet
   facet normal -1.044136e-01 -5.536565e-02 9.929917e-01
      outer loop
         vertex 1.960175e+00 -1.384992e+00 -4.475727e+00
         vertex 1.950238e+00 -1.350519e+00 -4.474850e+00
         vertex 1.948138e+00 -1.378804e+00 -4.476648e+00
      endloop
   endfacet
   facet normal -9.242044e-02 -3.170566e-02 9.952152e-01
      outer loop
         vertex 1.960175e+00 -1.384992e+00 -4.475727e+00
         vertex 1.948138e+00 -1.378804e+00 -4.476648e+00
         vertex 1.947664e+00 -1.385035e+00 -4.476890e+00
      endloop
   endfacet
   facet normal -1.250182e-01 -1.466069e-01 9.812629e-01
      outer loop
         vertex 1.807102e+00 -1.139379e+00 -4.461635e+00
         vertex 1.839113e+00 -1.177983e+00 -4.463324e+00
         vertex 1.893242e+00 -1.203824e+00 -4.460289e+00
      endloop
   endfacet
   facet normal -1.366046e-01 -1.715358e-01 9.756611e-01
      outer loop
         vertex 1.893242e+00 -1.203824e+00 -4.460289e+00
         vertex 1.839113e+00 -1.177983e+00 -4.463324e+00
         vertex 1.899684e+00 -1.252868e+00 -4.468009e+00
      endloop
   endfacet
   facet normal -1.513782e-01 -1.730894e-01 9.732033e-01
      outer loop
         vertex 1.893242e+00 -1.203824e+00 -4.460289e+00
         vertex 1.899684e+00 -1.252868e+00 -4.468009e+00
         vertex 1.941808e+00 -1.281782e+00 -4.466600e+00
      endloop
   endfacet
   facet normal -1.721384e-01 -2.037938e-01 9.637616e-01
      outer loop
         vertex 1.941808e+00 -1.281782e+00 -4.466600e+00
         vertex 1.899684e+00 -1.252868e+00 -4.468009e+00
         vertex 1.923694e+00 -1.281807e+00 -4.469840e+00
      endloop
   endfacet
   facet normal -1.729666e-01 -1.806489e-01 9.682192e-01
      outer loop
         vertex 1.941808e+00 -1.281782e+00 -4.466600e+00
         vertex 1.923694e+00 -1.281807e+00 -4.469840e+00
         vertex 1.942835e+00 -1.283539e+00 -4.466744e+00
      endloop
   endfacet
   facet normal -1.733784e-01 -1.877431e-01 9.667950e-01
      outer loop
         vertex 1.942835e+00 -1.283539e+00 -4.466744e+00
         vertex 1.923694e+00 -1.281807e+00 -4.469840e+00
         vertex 1.933167e+00 -1.294953e+00 -4.470694e+00
      endloop
   endfacet
   facet normal -1.870042e-01 -1.760821e-01 9.664494e-01
      outer loop
         vertex 1.942835e+00 -1.283539e+00 -4.466744e+00
         vertex 1.933167e+00 -1.294953e+00 -4.470694e+00
         vertex 1.954624e+00 -1.307323e+00 -4.468796e+00
      endloop
   endfacet
   facet normal -1.859192e-01 -1.741132e-01 9.670153e-01
      outer loop
         vertex 1.954624e+00 -1.307323e+00 -4.468796e+00
         vertex 1.933167e+00 -1.294953e+00 -4.470694e+00
         vertex 1.941464e+00 -1.309248e+00 -4.471673e+00
      endloop
   endfacet
   facet normal -1.886596e-01 -1.585794e-01 9.691543e-01
      outer loop
         vertex 1.954624e+00 -1.307323e+00 -4.468796e+00
         vertex 1.941464e+00 -1.309248e+00 -4.471673e+00
         vertex 1.942799e+00 -1.312061e+00 -4.471873e+00
      endloop
   endfacet
   facet normal -8.249846e-02 6.751861e-02 9.943014e-01
      outer loop
         vertex 1.533278e+00 -6.743388e-01 -4.481192e+00
         vertex 1.461371e+00 -7.644286e-01 -4.481040e+00
         vertex 1.602922e+00 -7.816450e-01 -4.468127e+00
      endloop
   endfacet
   facet normal -8.539138e-02 4.452167e-02 9.953523e-01
      outer loop
         vertex 1.602922e+00 -7.816450e-01 -4.468127e+00
         vertex 1.461371e+00 -7.644286e-01 -4.481040e+00
         vertex 1.483112e+00 -7.893788e-01 -4.478059e+00
      endloop
   endfacet
   facet normal -8.531765e-02 4.330215e-02 9.954124e-01
      outer loop
         vertex 1.602922e+00 -7.816450e-01 -4.468127e+00
         vertex 1.483112e+00 -7.893788e-01 -4.478059e+00
         vertex 1.619557e+00 -8.058473e-01 -4.465648e+00
      endloop
   endfacet
   facet normal -8.795596e-02 2.179991e-02 9.958858e-01
      outer loop
         vertex 1.619557e+00 -8.058473e-01 -4.465648e+00
         vertex 1.483112e+00 -7.893788e-01 -4.478059e+00
         vertex 1.564756e+00 -8.777668e-01 -4.468914e+00
      endloop
   endfacet
   facet normal -1.143788e-01 -1.323165e-01 9.845861e-01
      outer loop
         vertex 1.893242e+00 -1.203824e+00 -4.460289e+00
         vertex 1.845203e+00 -1.126867e+00 -4.455527e+00
         vertex 1.807102e+00 -1.139379e+00 -4.461635e+00
      endloop
   endfacet
   facet normal -1.207861e-01 -1.135737e-01 9.861601e-01
      outer loop
         vertex 1.807102e+00 -1.139379e+00 -4.461635e+00
         vertex 1.845203e+00 -1.126867e+00 -4.455527e+00
         vertex 1.826834e+00 -1.099301e+00 -4.454602e+00
      endloop
   endfacet
   facet normal -1.134901e-01 -1.172424e-01 9.865973e-01
      outer loop
         vertex 1.807102e+00 -1.139379e+00 -4.461635e+00
         vertex 1.826834e+00 -1.099301e+00 -4.454602e+00
         vertex 1.753052e+00 -1.078289e+00 -4.460593e+00
      endloop
   endfacet
   facet normal -1.071158e-01 -9.394696e-02 9.897981e-01
      outer loop
         vertex 1.753052e+00 -1.078289e+00 -4.460593e+00
         vertex 1.826834e+00 -1.099301e+00 -4.454602e+00
         vertex 1.811513e+00 -1.076769e+00 -4.454122e+00
      endloop
   endfacet
   facet normal -1.073132e-01 -8.842528e-02 9.902852e-01
      outer loop
         vertex 1.753052e+00 -1.078289e+00 -4.460593e+00
         vertex 1.811513e+00 -1.076769e+00 -4.454122e+00
         vertex 1.697400e+00 -1.017455e+00 -4.461192e+00
      endloop
   endfacet
   facet normal -9.303620e-02 -6.053659e-02 9.938207e-01
      outer loop
         vertex 1.697400e+00 -1.017455e+00 -4.461192e+00
         vertex 1.811513e+00 -1.076769e+00 -4.454122e+00
         vertex 1.742919e+00 -9.780851e-01 -4.454532e+00
      endloop
   endfacet
   facet normal -9.507416e-02 -5.817161e-02 9.937691e-01
      outer loop
         vertex 1.697400e+00 -1.017455e+00 -4.461192e+00
         vertex 1.742919e+00 -9.780851e-01 -4.454532e+00
         vertex 1.663855e+00 -9.814691e-01 -4.462294e+00
      endloop
   endfacet
   facet normal -9.606929e-02 -3.702410e-02 9.946858e-01
      outer loop
         vertex 1.663855e+00 -9.814691e-01 -4.462294e+00
         vertex 1.742919e+00 -9.780851e-01 -4.454532e+00
         vertex 1.724554e+00 -9.523131e-01 -4.455347e+00
      endloop
   endfacet
   facet normal -9.892946e-02 -3.105153e-02 9.946099e-01
      outer loop
         vertex 1.663855e+00 -9.814691e-01 -4.462294e+00
         vertex 1.724554e+00 -9.523131e-01 -4.455347e+00
         vertex 1.564756e+00 -8.777668e-01 -4.468914e+00
      endloop
   endfacet
   facet normal -8.947583e-02 -1.054588e-02 9.959332e-01
      outer loop
         vertex 1.564756e+00 -8.777668e-01 -4.468914e+00
         vertex 1.724554e+00 -9.523131e-01 -4.455347e+00
         vertex 1.673236e+00 -8.812108e-01 -4.459204e+00
      endloop
   endfacet
   facet normal -8.842870e-02 2.216239e-02 9.958359e-01
      outer loop
         vertex 1.564756e+00 -8.777668e-01 -4.468914e+00
         vertex 1.673236e+00 -8.812108e-01 -4.459204e+00
         vertex 1.619557e+00 -8.058473e-01 -4.465648e+00
      endloop
   endfacet
   facet normal -7.837073e-02 1.295079e-01 9.884765e-01
      outer loop
         vertex 1.469944e+00 -5.699162e-01 -4.497445e+00
         vertex 1.448905e+00 -5.333014e-01 -4.503910e+00
         vertex 1.270638e+00 -5.232965e-01 -4.519355e+00
      endloop
   endfacet
   facet normal -7.701649e-02 1.494518e-01 9.857650e-01
      outer loop
         vertex 1.270638e+00 -5.232965e-01 -4.519355e+00
         vertex 1.448905e+00 -5.333014e-01 -4.503910e+00
         vertex 1.232333e+00 -4.683109e-01 -4.530684e+00
      endloop
   endfacet
   facet normal -6.979390e-02 1.351759e-01 9.883604e-01
      outer loop
         vertex 1.337099e+00 -3.054724e-01 -4.547862e+00
         vertex 1.144702e+00 -3.214313e-01 -4.559266e+00
         vertex 1.353609e+00 -3.449412e-01 -4.541298e+00
      endloop
   endfacet
   facet normal -7.054427e-02 1.290891e-01 9.891206e-01
      outer loop
         vertex 1.353609e+00 -3.449412e-01 -4.541298e+00
         vertex 1.144702e+00 -3.214313e-01 -4.559266e+00
         vertex 1.160125e+00 -3.502750e-01 -4.554402e+00
      endloop
   endfacet
   facet normal -7.098458e-02 1.538570e-01 9.855401e-01
      outer loop
         vertex 1.353609e+00 -3.449412e-01 -4.541298e+00
         vertex 1.160125e+00 -3.502750e-01 -4.554402e+00
         vertex 1.380451e+00 -4.035781e-01 -4.530211e+00
      endloop
   endfacet
   facet normal -7.265323e-02 1.473553e-01 9.864116e-01
      outer loop
         vertex 1.380451e+00 -4.035781e-01 -4.530211e+00
         vertex 1.160125e+00 -3.502750e-01 -4.554402e+00
         vertex 1.201791e+00 -4.213209e-01 -4.540720e+00
      endloop
   endfacet
   facet normal -7.433264e-02 1.661078e-01 9.833020e-01
      outer loop
         vertex 1.380451e+00 -4.035781e-01 -4.530211e+00
         vertex 1.201791e+00 -4.213209e-01 -4.540720e+00
         vertex 1.385665e+00 -4.142835e-01 -4.528008e+00
      endloop
   endfacet
   facet normal -7.422117e-02 1.619185e-01 9.840090e-01
      outer loop
         vertex 1.385665e+00 -4.142835e-01 -4.528008e+00
         vertex 1.201791e+00 -4.213209e-01 -4.540720e+00
         vertex 1.232333e+00 -4.683109e-01 -4.530684e+00
      endloop
   endfacet
   facet normal -7.641312e-02 1.681998e-01 9.827868e-01
      outer loop
         vertex 1.385665e+00 -4.142835e-01 -4.528008e+00
         vertex 1.232333e+00 -4.683109e-01 -4.530684e+00
         vertex 1.409057e+00 -4.602773e-01 -4.518318e+00
      endloop
   endfacet
   facet normal -7.589819e-02 1.529905e-01 9.853088e-01
      outer loop
         vertex 1.409057e+00 -4.602773e-01 -4.518318e+00
         vertex 1.232333e+00 -4.683109e-01 -4.530684e+00
         vertex 1.448905e+00 -5.333014e-01 -4.503910e+00
      endloop
   endfacet
   facet normal -6.214328e-02 6.565818e-02 9.959052e-01
      outer loop
         vertex 1.239158e+00 3.835964e-02 -4.587253e+00
         vertex 1.018358e+00 2.363477e-03 -4.598658e+00
         vertex 1.251868e+00 -2.984810e-02 -4.581963e+00
      endloop
   endfacet
   facet normal -6.221008e-02 6.518783e-02 9.959320e-01
      outer loop
         vertex 1.251868e+00 -2.984810e-02 -4.581963e+00
         vertex 1.018358e+00 2.363477e-03 -4.598658e+00
         vertex 1.024872e+00 -2.213924e-02 -4.596647e+00
      endloop
   endfacet
   facet normal -6.175341e-02 7.707178e-02 9.951113e-01
      outer loop
         vertex 1.251868e+00 -2.984810e-02 -4.581963e+00
         vertex 1.024872e+00 -2.213924e-02 -4.596647e+00
         vertex 1.261636e+00 -7.280815e-02 -4.578030e+00
      endloop
   endfacet
   facet normal -6.190521e-02 7.637861e-02 9.951553e-01
      outer loop
         vertex 1.261636e+00 -7.280815e-02 -4.578030e+00
         vertex 1.024872e+00 -2.213924e-02 -4.596647e+00
         vertex 1.049834e+00 -1.024778e-01 -4.588928e+00
      endloop
   endfacet
   facet normal -6.304084e-02 8.476107e-02 9.944051e-01
      outer loop
         vertex 1.261636e+00 -7.280815e-02 -4.578030e+00
         vertex 1.049834e+00 -1.024778e-01 -4.588928e+00
         vertex 1.267353e+00 -9.556581e-02 -4.575728e+00
      endloop
   endfacet
   facet normal -6.338711e-02 9.803099e-02 9.931626e-01
      outer loop
         vertex 1.267353e+00 -9.556581e-02 -4.575728e+00
         vertex 1.049834e+00 -1.024778e-01 -4.588928e+00
         vertex 1.293569e+00 -1.855689e-01 -4.565171e+00
      endloop
   endfacet
   facet normal -6.622392e-02 8.987722e-02 9.937487e-01
      outer loop
         vertex 1.293569e+00 -1.855689e-01 -4.565171e+00
         vertex 1.049834e+00 -1.024778e-01 -4.588928e+00
         vertex 1.070172e+00 -1.577716e-01 -4.582572e+00
      endloop
   endfacet
   facet normal -6.330081e-02 1.120751e-01 9.916815e-01
      outer loop
         vertex 1.293569e+00 -1.855689e-01 -4.565171e+00
         vertex 1.070172e+00 -1.577716e-01 -4.582572e+00
         vertex 1.305994e+00 -2.226429e-01 -4.560187e+00
      endloop
   endfacet
   facet normal -6.648270e-02 1.008520e-01 9.926777e-01
      outer loop
         vertex 1.305994e+00 -2.226429e-01 -4.560187e+00
         vertex 1.070172e+00 -1.577716e-01 -4.582572e+00
         vertex 1.091917e+00 -2.105991e-01 -4.575748e+00
      endloop
   endfacet
   facet normal -6.506697e-02 1.229202e-01 9.902812e-01
      outer loop
         vertex 1.305994e+00 -2.226429e-01 -4.560187e+00
         vertex 1.091917e+00 -2.105991e-01 -4.575748e+00
         vertex 1.337099e+00 -3.054724e-01 -4.547862e+00
      endloop
   endfacet
   facet normal -6.975923e-02 1.111101e-01 9.913567e-01
      outer loop
         vertex 1.337099e+00 -3.054724e-01 -4.547862e+00
         vertex 1.091917e+00 -2.105991e-01 -4.575748e+00
         vertex 1.127520e+00 -2.875325e-01 -4.564621e+00
      endloop
   endfacet
   facet normal -6.877286e-02 1.215523e-01 9.901996e-01
      outer loop
         vertex 1.337099e+00 -3.054724e-01 -4.547862e+00
         vertex 1.127520e+00 -2.875325e-01 -4.564621e+00
         vertex 1.144702e+00 -3.214313e-01 -4.559266e+00
      endloop
   endfacet
   facet normal -7.925916e-02 1.258957e-01 9.888722e-01
      outer loop
         vertex 1.270638e+00 -5.232965e-01 -4.519355e+00
         vertex 1.311266e+00 -5.782925e-01 -4.509096e+00
         vertex 1.469944e+00 -5.699162e-01 -4.497445e+00
      endloop
   endfacet
   facet normal -7.844733e-02 1.073944e-01 9.911168e-01
      outer loop
         vertex 1.469944e+00 -5.699162e-01 -4.497445e+00
         vertex 1.311266e+00 -5.782925e-01 -4.509096e+00
         vertex 1.358831e+00 -6.396566e-01 -4.498682e+00
      endloop
   endfacet
   facet normal -7.813032e-02 1.068879e-01 9.911966e-01
      outer loop
         vertex 1.469944e+00 -5.699162e-01 -4.497445e+00
         vertex 1.358831e+00 -6.396566e-01 -4.498682e+00
         vertex 1.533278e+00 -6.743388e-01 -4.481192e+00
      endloop
   endfacet
   facet normal -8.223856e-02 8.703514e-02 9.928050e-01
      outer loop
         vertex 1.533278e+00 -6.743388e-01 -4.481192e+00
         vertex 1.358831e+00 -6.396566e-01 -4.498682e+00
         vertex 1.395220e+00 -6.850082e-01 -4.491692e+00
      endloop
   endfacet
   facet normal -8.075457e-02 6.612707e-02 9.945380e-01
      outer loop
         vertex 1.533278e+00 -6.743388e-01 -4.481192e+00
         vertex 1.395220e+00 -6.850082e-01 -4.491692e+00
         vertex 1.461371e+00 -7.644286e-01 -4.481040e+00
      endloop
   endfacet
   facet normal -9.999192e-02 -7.482768e-03 9.949601e-01
      outer loop
         vertex 1.960931e+00 2.097551e+00 -4.475760e+00
         vertex 1.948637e+00 2.096694e+00 -4.477002e+00
         vertex 1.960708e+00 2.092792e+00 -4.475818e+00
      endloop
   endfacet
   facet normal -9.431557e-02 1.023700e-02 9.954897e-01
      outer loop
         vertex 1.960708e+00 2.092792e+00 -4.475818e+00
         vertex 1.948637e+00 2.096694e+00 -4.477002e+00
         vertex 1.948224e+00 2.090348e+00 -4.476976e+00
      endloop
   endfacet
   facet normal -9.685963e-02 2.345616e-02 9.950216e-01
      outer loop
         vertex 1.960708e+00 2.092792e+00 -4.475818e+00
         vertex 1.948224e+00 2.090348e+00 -4.476976e+00
         vertex 1.961458e+00 2.081254e+00 -4.475473e+00
      endloop
   endfacet
   facet normal -9.561633e-02 2.527802e-02 9.950973e-01
      outer loop
         vertex 1.961458e+00 2.081254e+00 -4.475473e+00
         vertex 1.948224e+00 2.090348e+00 -4.476976e+00
         vertex 1.948868e+00 2.081327e+00 -4.476685e+00
      endloop
   endfacet
   facet normal -9.527441e-02 6.001511e-02 9.936403e-01
      outer loop
         vertex 1.961458e+00 2.081254e+00 -4.475473e+00
         vertex 1.948868e+00 2.081327e+00 -4.476685e+00
         vertex 1.963483e+00 2.066721e+00 -4.474401e+00
      endloop
   endfacet
   facet normal -6.577210e-02 -1.503080e-02 9.977215e-01
      outer loop
         vertex 1.001104e+00 5.509647e-01 -4.617639e+00
         vertex 1.000370e+00 5.473743e-01 -4.617742e+00
         vertex 1.241955e+00 5.020457e-01 -4.602499e+00
      endloop
   endfacet
   facet normal -6.271399e-02 1.371766e-03 9.980306e-01
      outer loop
         vertex 1.241955e+00 5.020457e-01 -4.602499e+00
         vertex 1.000370e+00 5.473743e-01 -4.617742e+00
         vertex 9.903036e-01 4.889522e-01 -4.618294e+00
      endloop
   endfacet
   facet normal -6.287152e-02 4.422032e-03 9.980118e-01
      outer loop
         vertex 1.241955e+00 5.020457e-01 -4.602499e+00
         vertex 9.903036e-01 4.889522e-01 -4.618294e+00
         vertex 1.234553e+00 4.559689e-01 -4.602761e+00
      endloop
   endfacet
   facet normal -6.146468e-02 1.483396e-02 9.979990e-01
      outer loop
         vertex 1.234553e+00 4.559689e-01 -4.602761e+00
         vertex 9.903036e-01 4.889522e-01 -4.618294e+00
         vertex 9.872296e-01 4.657828e-01 -4.618139e+00
      endloop
   endfacet
   facet normal -6.137205e-02 1.711985e-02 9.979681e-01
      outer loop
         vertex 1.234553e+00 4.559689e-01 -4.602761e+00
         vertex 9.872296e-01 4.657828e-01 -4.618139e+00
         vertex 1.228298e+00 4.054516e-01 -4.602279e+00
      endloop
   endfacet
   facet normal -6.095449e-02 1.878718e-02 9.979637e-01
      outer loop
         vertex 1.228298e+00 4.054516e-01 -4.602279e+00
         vertex 9.872296e-01 4.657828e-01 -4.618139e+00
         vertex 9.827118e-01 4.209473e-01 -4.617571e+00
      endloop
   endfacet
   facet normal -6.069739e-02 2.279497e-02 9.978959e-01
      outer loop
         vertex 1.228298e+00 4.054516e-01 -4.602279e+00
         vertex 9.827118e-01 4.209473e-01 -4.617571e+00
         vertex 1.222291e+00 3.192288e-01 -4.600675e+00
      endloop
   endfacet
   facet normal -6.108174e-02 2.188918e-02 9.978927e-01
      outer loop
         vertex 1.222291e+00 3.192288e-01 -4.600675e+00
         vertex 9.827118e-01 4.209473e-01 -4.617571e+00
         vertex 9.791714e-01 3.544506e-01 -4.616329e+00
      endloop
   endfacet
   facet normal -6.011176e-02 2.853600e-02 9.977837e-01
      outer loop
         vertex 1.222291e+00 3.192288e-01 -4.600675e+00
         vertex 9.791714e-01 3.544506e-01 -4.616329e+00
         vertex 1.221362e+00 2.840885e-01 -4.599726e+00
      endloop
   endfacet
   facet normal -6.006517e-02 2.869595e-02 9.977819e-01
      outer loop
         vertex 1.221362e+00 2.840885e-01 -4.599726e+00
         vertex 9.791714e-01 3.544506e-01 -4.616329e+00
         vertex 9.796125e-01 2.704175e-01 -4.613886e+00
      endloop
   endfacet
   facet normal -6.031674e-02 3.330863e-02 9.976234e-01
      outer loop
         vertex 1.221362e+00 2.840885e-01 -4.599726e+00
         vertex 9.796125e-01 2.704175e-01 -4.613886e+00
         vertex 1.221319e+00 2.477074e-01 -4.598514e+00
      endloop
   endfacet
   facet normal -6.008732e-02 3.570369e-02 9.975544e-01
      outer loop
         vertex 1.221319e+00 2.477074e-01 -4.598514e+00
         vertex 9.796125e-01 2.704175e-01 -4.613886e+00
         vertex 9.815145e-01 2.346130e-01 -4.612490e+00
      endloop
   endfacet
   facet normal -6.038038e-02 4.132115e-02 9.973198e-01
      outer loop
         vertex 1.221319e+00 2.477074e-01 -4.598514e+00
         vertex 9.815145e-01 2.346130e-01 -4.612490e+00
         vertex 1.224984e+00 1.610700e-01 -4.594702e+00
      endloop
   endfacet
   facet normal -6.084826e-02 3.978048e-02 9.973540e-01
      outer loop
         vertex 1.224984e+00 1.610700e-01 -4.594702e+00
         vertex 9.815145e-01 2.346130e-01 -4.612490e+00
         vertex 9.846938e-01 1.960224e-01 -4.610756e+00
      endloop
   endfacet
   facet normal -5.937094e-02 4.977152e-02 9.969944e-01
      outer loop
         vertex 1.224984e+00 1.610700e-01 -4.594702e+00
         vertex 9.846938e-01 1.960224e-01 -4.610756e+00
         vertex 1.229899e+00 1.069835e-01 -4.591709e+00
      endloop
   endfacet
   facet normal -6.087583e-02 4.564996e-02 9.971009e-01
      outer loop
         vertex 1.229899e+00 1.069835e-01 -4.591709e+00
         vertex 9.846938e-01 1.960224e-01 -4.610756e+00
         vertex 9.944186e-01 1.190680e-01 -4.606640e+00
      endloop
   endfacet
   facet normal -6.028147e-02 5.658377e-02 9.965764e-01
      outer loop
         vertex 1.229899e+00 1.069835e-01 -4.591709e+00
         vertex 9.944186e-01 1.190680e-01 -4.606640e+00
         vertex 1.239158e+00 3.835964e-02 -4.587253e+00
      endloop
   endfacet
   facet normal -6.153469e-02 5.281480e-02 9.967066e-01
      outer loop
         vertex 1.239158e+00 3.835964e-02 -4.587253e+00
         vertex 9.944186e-01 1.190680e-01 -4.606640e+00
         vertex 1.007430e+00 4.880962e-02 -4.602113e+00
      endloop
   endfacet
   facet normal -6.119913e-02 5.973000e-02 9.963368e-01
      outer loop
         vertex 1.239158e+00 3.835964e-02 -4.587253e+00
         vertex 1.007430e+00 4.880962e-02 -4.602113e+00
         vertex 1.018358e+00 2.363477e-03 -4.598658e+00
      endloop
   endfacet
   facet normal -1.757567e-01 1.549816e-02 9.843116e-01
      outer loop
         vertex 1.948224e+00 2.090348e+00 -4.476976e+00
         vertex 1.948637e+00 2.096694e+00 -4.477002e+00
         vertex 1.940485e+00 2.096104e+00 -4.478448e+00
      endloop
   endfacet
   facet normal -2.870249e-01 4.516673e-02 9.568577e-01
      outer loop
         vertex 1.945633e+00 2.050582e+00 -4.476430e+00
         vertex 1.946514e+00 2.034351e+00 -4.475399e+00
         vertex 1.954403e+00 2.035129e+00 -4.473070e+00
      endloop
   endfacet
   facet normal -1.192020e-01 -6.808020e-02 9.905332e-01
      outer loop
         vertex 8.668585e-01 6.661335e-01 -4.629266e+00
         vertex 1.026744e+00 6.466315e-01 -4.611365e+00
         vertex 8.865360e-01 7.153869e-01 -4.623512e+00
      endloop
   endfacet
   facet normal -1.190034e-01 -6.766591e-02 9.905854e-01
      outer loop
         vertex 8.865360e-01 7.153869e-01 -4.623512e+00
         vertex 1.026744e+00 6.466315e-01 -4.611365e+00
         vertex 1.044465e+00 6.964381e-01 -4.605834e+00
      endloop
   endfacet
   facet normal -1.210259e-01 -8.608637e-02 9.889094e-01
      outer loop
         vertex 8.865360e-01 7.153869e-01 -4.623512e+00
         vertex 1.044465e+00 6.964381e-01 -4.605834e+00
         vertex 9.002651e-01 7.454110e-01 -4.619218e+00
      endloop
   endfacet
   facet normal -1.199500e-01 -8.280584e-02 9.893206e-01
      outer loop
         vertex 9.002651e-01 7.454110e-01 -4.619218e+00
         vertex 1.044465e+00 6.964381e-01 -4.605834e+00
         vertex 1.051984e+00 7.154174e-01 -4.603334e+00
      endloop
   endfacet
   facet normal -1.230324e-01 -9.940889e-02 9.874112e-01
      outer loop
         vertex 9.002651e-01 7.454110e-01 -4.619218e+00
         vertex 1.051984e+00 7.154174e-01 -4.603334e+00
         vertex 9.092688e-01 7.635506e-01 -4.616270e+00
      endloop
   endfacet
   facet normal -1.218069e-01 -9.563457e-02 9.879358e-01
      outer loop
         vertex 9.092688e-01 7.635506e-01 -4.616270e+00
         vertex 1.051984e+00 7.154174e-01 -4.603334e+00
         vertex 1.064885e+00 7.455940e-01 -4.598822e+00
      endloop
   endfacet
   facet normal -1.249099e-01 -1.262498e-01 9.841029e-01
      outer loop
         vertex 9.092688e-01 7.635506e-01 -4.616270e+00
         vertex 1.064885e+00 7.455940e-01 -4.598822e+00
         vertex 9.391491e-01 8.164161e-01 -4.605696e+00
      endloop
   endfacet
   facet normal -1.233432e-01 -1.234142e-01 9.846600e-01
      outer loop
         vertex 9.391491e-01 8.164161e-01 -4.605696e+00
         vertex 1.064885e+00 7.455940e-01 -4.598822e+00
         vertex 1.088634e+00 7.945143e-01 -4.589716e+00
      endloop
   endfacet
   facet normal -1.272182e-01 -1.532934e-01 9.799575e-01
      outer loop
         vertex 9.391491e-01 8.164161e-01 -4.605696e+00
         vertex 1.088634e+00 7.945143e-01 -4.589716e+00
         vertex 9.632268e-01 8.527764e-01 -4.596882e+00
      endloop
   endfacet
   facet normal -1.258105e-01 -1.501818e-01 9.806208e-01
      outer loop
         vertex 9.632268e-01 8.527764e-01 -4.596882e+00
         vertex 1.088634e+00 7.945143e-01 -4.589716e+00
         vertex 1.112913e+00 8.378907e-01 -4.579958e+00
      endloop
   endfacet
   facet normal -1.260930e-01 -1.536799e-01 9.800424e-01
      outer loop
         vertex 9.632268e-01 8.527764e-01 -4.596882e+00
         vertex 1.112913e+00 8.378907e-01 -4.579958e+00
         vertex 9.861843e-01 8.839866e-01 -4.589034e+00
      endloop
   endfacet
   facet normal -1.251406e-01 -1.509542e-01 9.805879e-01
      outer loop
         vertex 9.861843e-01 8.839866e-01 -4.589034e+00
         vertex 1.112913e+00 8.378907e-01 -4.579958e+00
         vertex 1.133065e+00 8.705204e-01 -4.572363e+00
      endloop
   endfacet
   facet normal -1.249189e-01 -1.479308e-01 9.810768e-01
      outer loop
         vertex 9.861843e-01 8.839866e-01 -4.589034e+00
         vertex 1.133065e+00 8.705204e-01 -4.572363e+00
         vertex 9.936665e-01 8.936193e-01 -4.586629e+00
      endloop
   endfacet
   facet normal -1.244788e-01 -1.449666e-01 9.815751e-01
      outer loop
         vertex 9.936665e-01 8.936193e-01 -4.586629e+00
         vertex 1.133065e+00 8.705204e-01 -4.572363e+00
         vertex 1.139797e+00 8.809209e-01 -4.569973e+00
      endloop
   endfacet
   facet normal -1.238363e-01 -1.357377e-01 9.829750e-01
      outer loop
         vertex 9.936665e-01 8.936193e-01 -4.586629e+00
         vertex 1.139797e+00 8.809209e-01 -4.569973e+00
         vertex 1.065685e+00 9.794345e-01 -4.565706e+00
      endloop
   endfacet
   facet normal -1.229163e-01 -1.350546e-01 9.831845e-01
      outer loop
         vertex 1.065685e+00 9.794345e-01 -4.565706e+00
         vertex 1.139797e+00 8.809209e-01 -4.569973e+00
         vertex 1.198572e+00 9.656140e-01 -4.550991e+00
      endloop
   endfacet
   facet normal -1.214007e-01 -1.179394e-01 9.855720e-01
      outer loop
         vertex 1.065685e+00 9.794345e-01 -4.565706e+00
         vertex 1.198572e+00 9.656140e-01 -4.550991e+00
         vertex 1.135264e+00 1.056070e+00 -4.547965e+00
      endloop
   endfacet
   facet normal -1.426035e-01 -1.794162e-04 9.897799e-01
      outer loop
         vertex 1.424126e+00 1.355271e+00 -4.491840e+00
         vertex 1.537425e+00 1.394509e+00 -4.475510e+00
         vertex 1.474396e+00 1.410214e+00 -4.484588e+00
      endloop
   endfacet
   facet normal -1.438805e-01 -5.419800e-03 9.895802e-01
      outer loop
         vertex 1.474396e+00 1.410214e+00 -4.484588e+00
         vertex 1.537425e+00 1.394509e+00 -4.475510e+00
         vertex 1.553788e+00 1.416419e+00 -4.473011e+00
      endloop
   endfacet
   facet normal -1.446860e-01 5.102968e-03 9.894645e-01
      outer loop
         vertex 1.474396e+00 1.410214e+00 -4.484588e+00
         vertex 1.553788e+00 1.416419e+00 -4.473011e+00
         vertex 1.501986e+00 1.442977e+00 -4.480722e+00
      endloop
   endfacet
   facet normal -1.468842e-01 7.249053e-04 9.891534e-01
      outer loop
         vertex 1.501986e+00 1.442977e+00 -4.480722e+00
         vertex 1.553788e+00 1.416419e+00 -4.473011e+00
         vertex 1.590536e+00 1.468919e+00 -4.467592e+00
      endloop
   endfacet
   facet normal -1.536186e-01 2.438204e-02 9.878294e-01
      outer loop
         vertex 1.501986e+00 1.442977e+00 -4.480722e+00
         vertex 1.590536e+00 1.468919e+00 -4.467592e+00
         vertex 1.561392e+00 1.518799e+00 -4.473356e+00
      endloop
   endfacet
   facet normal -1.604555e-01 2.027233e-02 9.868349e-01
      outer loop
         vertex 1.561392e+00 1.518799e+00 -4.473356e+00
         vertex 1.590536e+00 1.468919e+00 -4.467592e+00
         vertex 1.613097e+00 1.502865e+00 -4.464621e+00
      endloop
   endfacet
   facet normal -1.579281e-01 2.858421e-02 9.870368e-01
      outer loop
         vertex 1.561392e+00 1.518799e+00 -4.473356e+00
         vertex 1.613097e+00 1.502865e+00 -4.464621e+00
         vertex 1.627286e+00 1.524610e+00 -4.462981e+00
      endloop
   endfacet
   facet normal -1.882300e-01 1.234196e-01 9.743393e-01
      outer loop
         vertex 1.726159e+00 1.733135e+00 -4.464099e+00
         vertex 1.650032e+00 1.636028e+00 -4.466505e+00
         vertex 1.717708e+00 1.663483e+00 -4.456908e+00
      endloop
   endfacet
   facet normal -1.770381e-01 9.395485e-02 9.797091e-01
      outer loop
         vertex 1.717708e+00 1.663483e+00 -4.456908e+00
         vertex 1.650032e+00 1.636028e+00 -4.466505e+00
         vertex 1.702343e+00 1.640310e+00 -4.457463e+00
      endloop
   endfacet
   facet normal -3.310602e-01 1.939392e-01 9.234645e-01
      outer loop
         vertex 1.948177e+00 2.005432e+00 -4.470445e+00
         vertex 1.951240e+00 2.014117e+00 -4.471171e+00
         vertex 1.942387e+00 2.012748e+00 -4.474058e+00
      endloop
   endfacet
   facet normal -2.913767e-01 1.085243e-01 9.504326e-01
      outer loop
         vertex 1.954403e+00 2.035129e+00 -4.473070e+00
         vertex 1.946514e+00 2.034351e+00 -4.475399e+00
         vertex 1.953753e+00 2.025841e+00 -4.472208e+00
      endloop
   endfacet
   facet normal -3.075512e-01 9.345133e-02 9.469314e-01
      outer loop
         vertex 1.953753e+00 2.025841e+00 -4.472208e+00
         vertex 1.946514e+00 2.034351e+00 -4.475399e+00
         vertex 1.945293e+00 2.023101e+00 -4.474686e+00
      endloop
   endfacet
   facet normal -3.227378e-01 1.518194e-01 9.342329e-01
      outer loop
         vertex 1.953753e+00 2.025841e+00 -4.472208e+00
         vertex 1.945293e+00 2.023101e+00 -4.474686e+00
         vertex 1.951240e+00 2.014117e+00 -4.471171e+00
      endloop
   endfacet
   facet normal -3.447249e-01 1.351864e-01 9.289184e-01
      outer loop
         vertex 1.951240e+00 2.014117e+00 -4.471171e+00
         vertex 1.945293e+00 2.023101e+00 -4.474686e+00
         vertex 1.944473e+00 2.019472e+00 -4.474462e+00
      endloop
   endfacet
   facet normal -3.280545e-01 1.577708e-01 9.313907e-01
      outer loop
         vertex 1.951240e+00 2.014117e+00 -4.471171e+00
         vertex 1.944473e+00 2.019472e+00 -4.474462e+00
         vertex 1.942387e+00 2.012748e+00 -4.474058e+00
      endloop
   endfacet
   facet normal -2.337500e-01 2.289725e-01 9.449511e-01
      outer loop
         vertex 1.855593e+00 1.896877e+00 -4.467709e+00
         vertex 1.830047e+00 1.864107e+00 -4.466088e+00
         vertex 1.855347e+00 1.865995e+00 -4.460287e+00
      endloop
   endfacet
   facet normal -2.168425e-01 2.297589e-01 9.487835e-01
      outer loop
         vertex 1.855593e+00 1.896877e+00 -4.467709e+00
         vertex 1.855347e+00 1.865995e+00 -4.460287e+00
         vertex 1.902498e+00 1.954177e+00 -4.470865e+00
      endloop
   endfacet
   facet normal -3.127954e-01 2.762637e-01 9.087559e-01
      outer loop
         vertex 1.902498e+00 1.954177e+00 -4.470865e+00
         vertex 1.855347e+00 1.865995e+00 -4.460287e+00
         vertex 1.896826e+00 1.927133e+00 -4.464597e+00
      endloop
   endfacet
   facet normal -2.683652e-01 2.706003e-01 9.245300e-01
      outer loop
         vertex 1.902498e+00 1.954177e+00 -4.470865e+00
         vertex 1.896826e+00 1.927133e+00 -4.464597e+00
         vertex 1.920467e+00 1.975931e+00 -4.472017e+00
      endloop
   endfacet
   facet normal -3.315058e-01 1.935481e-01 9.233867e-01
      outer loop
         vertex 1.942387e+00 2.012748e+00 -4.474058e+00
         vertex 1.938999e+00 2.004717e+00 -4.473591e+00
         vertex 1.948177e+00 2.005432e+00 -4.470445e+00
      endloop
   endfacet
   facet normal -3.315282e-01 2.194258e-01 9.175736e-01
      outer loop
         vertex 1.948177e+00 2.005432e+00 -4.470445e+00
         vertex 1.938999e+00 2.004717e+00 -4.473591e+00
         vertex 1.937026e+00 2.000810e+00 -4.473369e+00
      endloop
   endfacet
   facet normal -3.326982e-01 2.230737e-01 9.162696e-01
      outer loop
         vertex 1.948177e+00 2.005432e+00 -4.470445e+00
         vertex 1.937026e+00 2.000810e+00 -4.473369e+00
         vertex 1.944861e+00 1.998049e+00 -4.469852e+00
      endloop
   endfacet
   facet normal -3.203105e-01 2.536948e-01 9.127103e-01
      outer loop
         vertex 1.944861e+00 1.998049e+00 -4.469852e+00
         vertex 1.937026e+00 2.000810e+00 -4.473369e+00
         vertex 1.925214e+00 1.982239e+00 -4.472353e+00
      endloop
   endfacet
   facet normal -3.243471e-01 2.591811e-01 9.097385e-01
      outer loop
         vertex 1.944861e+00 1.998049e+00 -4.469852e+00
         vertex 1.925214e+00 1.982239e+00 -4.472353e+00
         vertex 1.932434e+00 1.976852e+00 -4.468244e+00
      endloop
   endfacet
   facet normal -3.081996e-01 2.803251e-01 9.090824e-01
      outer loop
         vertex 1.932434e+00 1.976852e+00 -4.468244e+00
         vertex 1.925214e+00 1.982239e+00 -4.472353e+00
         vertex 1.920467e+00 1.975931e+00 -4.472017e+00
      endloop
   endfacet
   facet normal -3.082205e-01 2.791732e-01 9.094297e-01
      outer loop
         vertex 1.932434e+00 1.976852e+00 -4.468244e+00
         vertex 1.920467e+00 1.975931e+00 -4.472017e+00
         vertex 1.925838e+00 1.967300e+00 -4.467547e+00
      endloop
   endfacet
   facet normal -3.008911e-01 2.841985e-01 9.103273e-01
      outer loop
         vertex 1.925838e+00 1.967300e+00 -4.467547e+00
         vertex 1.920467e+00 1.975931e+00 -4.472017e+00
         vertex 1.896826e+00 1.927133e+00 -4.464597e+00
      endloop
   endfacet
   facet normal -1.595143e-01 1.205006e-01 9.798137e-01
      outer loop
         vertex 1.726159e+00 1.733135e+00 -4.464099e+00
         vertex 1.717708e+00 1.663483e+00 -4.456908e+00
         vertex 1.740387e+00 1.750948e+00 -4.463973e+00
      endloop
   endfacet
   facet normal -1.993741e-01 1.301438e-01 9.712428e-01
      outer loop
         vertex 1.740387e+00 1.750948e+00 -4.463973e+00
         vertex 1.717708e+00 1.663483e+00 -4.456908e+00
         vertex 1.779054e+00 1.753939e+00 -4.456436e+00
      endloop
   endfacet
   facet normal -2.014902e-01 1.776546e-01 9.632448e-01
      outer loop
         vertex 1.740387e+00 1.750948e+00 -4.463973e+00
         vertex 1.779054e+00 1.753939e+00 -4.456436e+00
         vertex 1.830047e+00 1.864107e+00 -4.466088e+00
      endloop
   endfacet
   facet normal -2.659641e-01 2.056179e-01 9.417985e-01
      outer loop
         vertex 1.830047e+00 1.864107e+00 -4.466088e+00
         vertex 1.779054e+00 1.753939e+00 -4.456436e+00
         vertex 1.828533e+00 1.826093e+00 -4.458216e+00
      endloop
   endfacet
   facet normal -2.332740e-01 2.060815e-01 9.503229e-01
      outer loop
         vertex 1.830047e+00 1.864107e+00 -4.466088e+00
         vertex 1.828533e+00 1.826093e+00 -4.458216e+00
         vertex 1.855347e+00 1.865995e+00 -4.460287e+00
      endloop
   endfacet
   facet normal -1.752585e-01 6.684765e-02 9.822504e-01
      outer loop
         vertex 1.702343e+00 1.640310e+00 -4.457463e+00
         vertex 1.650032e+00 1.636028e+00 -4.466505e+00
         vertex 1.627286e+00 1.524610e+00 -4.462981e+00
      endloop
   endfacet
   facet normal -1.453032e-01 6.089864e-02 9.875112e-01
      outer loop
         vertex 1.627286e+00 1.524610e+00 -4.462981e+00
         vertex 1.650032e+00 1.636028e+00 -4.466505e+00
         vertex 1.598773e+00 1.568340e+00 -4.469873e+00
      endloop
   endfacet
   facet normal -1.597347e-01 5.122386e-02 9.858301e-01
      outer loop
         vertex 1.627286e+00 1.524610e+00 -4.462981e+00
         vertex 1.598773e+00 1.568340e+00 -4.469873e+00
         vertex 1.561392e+00 1.518799e+00 -4.473356e+00
      endloop
   endfacet
   facet normal -1.272395e-01 -1.219847e-01 9.843423e-01
      outer loop
         vertex 1.198572e+00 9.656140e-01 -4.550991e+00
         vertex 1.209273e+00 9.802708e-01 -4.547792e+00
         vertex 1.135264e+00 1.056070e+00 -4.547965e+00
      endloop
   endfacet
   facet normal -1.219789e-01 -1.168454e-01 9.856309e-01
      outer loop
         vertex 1.135264e+00 1.056070e+00 -4.547965e+00
         vertex 1.209273e+00 9.802708e-01 -4.547792e+00
         vertex 1.263355e+00 1.051811e+00 -4.532618e+00
      endloop
   endfacet
   facet normal -1.217556e-01 -1.053763e-01 9.869506e-01
      outer loop
         vertex 1.135264e+00 1.056070e+00 -4.547965e+00
         vertex 1.263355e+00 1.051811e+00 -4.532618e+00
         vertex 1.191970e+00 1.115665e+00 -4.534606e+00
      endloop
   endfacet
   facet normal -1.218437e-01 -1.054754e-01 9.869291e-01
      outer loop
         vertex 1.191970e+00 1.115665e+00 -4.534606e+00
         vertex 1.263355e+00 1.051811e+00 -4.532618e+00
         vertex 1.326538e+00 1.131585e+00 -4.516291e+00
      endloop
   endfacet
   facet normal -1.256642e-01 -7.576572e-02 9.891754e-01
      outer loop
         vertex 1.191970e+00 1.115665e+00 -4.534606e+00
         vertex 1.326538e+00 1.131585e+00 -4.516291e+00
         vertex 1.299688e+00 1.225989e+00 -4.512472e+00
      endloop
   endfacet
   facet normal -1.266858e-01 -7.605012e-02 9.890233e-01
      outer loop
         vertex 1.299688e+00 1.225989e+00 -4.512472e+00
         vertex 1.326538e+00 1.131585e+00 -4.516291e+00
         vertex 1.404948e+00 1.228317e+00 -4.498810e+00
      endloop
   endfacet
   facet normal -1.275057e-01 -4.852213e-02 9.906502e-01
      outer loop
         vertex 1.299688e+00 1.225989e+00 -4.512472e+00
         vertex 1.404948e+00 1.228317e+00 -4.498810e+00
         vertex 1.333943e+00 1.261382e+00 -4.506329e+00
      endloop
   endfacet
   facet normal -1.281199e-01 -4.987438e-02 9.905038e-01
      outer loop
         vertex 1.333943e+00 1.261382e+00 -4.506329e+00
         vertex 1.404948e+00 1.228317e+00 -4.498810e+00
         vertex 1.456897e+00 1.293008e+00 -4.488833e+00
      endloop
   endfacet
   facet normal -1.349914e-01 -2.319920e-02 9.905751e-01
      outer loop
         vertex 1.333943e+00 1.261382e+00 -4.506329e+00
         vertex 1.456897e+00 1.293008e+00 -4.488833e+00
         vertex 1.424126e+00 1.355271e+00 -4.491840e+00
      endloop
   endfacet
   facet normal -1.414373e-01 -2.663950e-02 9.895887e-01
      outer loop
         vertex 1.424126e+00 1.355271e+00 -4.491840e+00
         vertex 1.456897e+00 1.293008e+00 -4.488833e+00
         vertex 1.479042e+00 1.320666e+00 -4.484923e+00
      endloop
   endfacet
   facet normal -1.363819e-01 -1.843776e-02 9.904847e-01
      outer loop
         vertex 1.424126e+00 1.355271e+00 -4.491840e+00
         vertex 1.479042e+00 1.320666e+00 -4.484923e+00
         vertex 1.537425e+00 1.394509e+00 -4.475510e+00
      endloop
   endfacet
   facet normal -1.741577e-01 -3.266746e-02 9.841758e-01
      outer loop
         vertex 1.940359e+00 -1.400352e+00 -4.478448e+00
         vertex 1.948532e+00 -1.400337e+00 -4.477001e+00
         vertex 1.939415e+00 -1.394677e+00 -4.478426e+00
      endloop
   endfacet
   facet normal -1.626819e-01 -1.357781e-02 9.865851e-01
      outer loop
         vertex 1.939415e+00 -1.394677e+00 -4.478426e+00
         vertex 1.948532e+00 -1.400337e+00 -4.477001e+00
         vertex 1.947609e+00 -1.393108e+00 -4.477053e+00
      endloop
   endfacet
   facet normal -1.615414e-01 -1.961034e-02 9.866711e-01
      outer loop
         vertex 1.939415e+00 -1.394677e+00 -4.478426e+00
         vertex 1.947609e+00 -1.393108e+00 -4.477053e+00
         vertex 1.939328e+00 -1.385684e+00 -4.478262e+00
      endloop
   endfacet
   facet normal -1.608724e-01 -1.884385e-02 9.867953e-01
      outer loop
         vertex 1.939328e+00 -1.385684e+00 -4.478262e+00
         vertex 1.947609e+00 -1.393108e+00 -4.477053e+00
         vertex 1.947664e+00 -1.385035e+00 -4.476890e+00
      endloop
   endfacet
   facet normal -3.230990e-01 -1.790270e-01 9.292773e-01
      outer loop
         vertex 1.938924e+00 -1.323973e+00 -4.475516e+00
         vertex 1.942799e+00 -1.312061e+00 -4.471873e+00
         vertex 1.934629e+00 -1.313673e+00 -4.475025e+00
      endloop
   endfacet
   facet normal -3.142212e-01 -2.150367e-01 9.246752e-01
      outer loop
         vertex 1.934629e+00 -1.313673e+00 -4.475025e+00
         vertex 1.942799e+00 -1.312061e+00 -4.471873e+00
         vertex 1.941464e+00 -1.309248e+00 -4.471673e+00
      endloop
   endfacet
   facet normal -3.160045e-01 -2.123005e-01 9.246998e-01
      outer loop
         vertex 1.934629e+00 -1.313673e+00 -4.475025e+00
         vertex 1.941464e+00 -1.309248e+00 -4.471673e+00
         vertex 1.932247e+00 -1.309232e+00 -4.474819e+00
      endloop
   endfacet
   facet normal -2.894153e-01 -8.814295e-02 9.531367e-01
      outer loop
         vertex 1.950238e+00 -1.350519e+00 -4.474850e+00
         vertex 1.949587e+00 -1.335845e+00 -4.473691e+00
         vertex 1.941383e+00 -1.334137e+00 -4.476024e+00
      endloop
   endfacet
   facet normal -2.966636e-01 -1.331987e-01 9.456473e-01
      outer loop
         vertex 1.941383e+00 -1.334137e+00 -4.476024e+00
         vertex 1.949587e+00 -1.335845e+00 -4.473691e+00
         vertex 1.947242e+00 -1.324002e+00 -4.472758e+00
      endloop
   endfacet
   facet normal -3.126634e-01 -1.227425e-01 9.419001e-01
      outer loop
         vertex 1.941383e+00 -1.334137e+00 -4.476024e+00
         vertex 1.947242e+00 -1.324002e+00 -4.472758e+00
         vertex 1.938924e+00 -1.323973e+00 -4.475516e+00
      endloop
   endfacet
   facet normal -3.098363e-01 -1.843998e-01 9.327369e-01
      outer loop
         vertex 1.938924e+00 -1.323973e+00 -4.475516e+00
         vertex 1.947242e+00 -1.324002e+00 -4.472758e+00
         vertex 1.942799e+00 -1.312061e+00 -4.471873e+00
      endloop
   endfacet
   facet normal -2.589843e-01 -7.096677e-02 9.632709e-01
      outer loop
         vertex 1.941383e+00 -1.334137e+00 -4.476024e+00
         vertex 1.942384e+00 -1.345878e+00 -4.476620e+00
         vertex 1.950238e+00 -1.350519e+00 -4.474850e+00
      endloop
   endfacet
   facet normal -2.443909e-01 -4.420626e-02 9.686686e-01
      outer loop
         vertex 1.950238e+00 -1.350519e+00 -4.474850e+00
         vertex 1.942384e+00 -1.345878e+00 -4.476620e+00
         vertex 1.942270e+00 -1.353810e+00 -4.477011e+00
      endloop
   endfacet
   facet normal -2.447116e-01 -4.340056e-02 9.686241e-01
      outer loop
         vertex 1.950238e+00 -1.350519e+00 -4.474850e+00
         vertex 1.942270e+00 -1.353810e+00 -4.477011e+00
         vertex 1.948138e+00 -1.378804e+00 -4.476648e+00
      endloop
   endfacet
   facet normal -1.830489e-01 -2.871797e-02 9.826843e-01
      outer loop
         vertex 1.948138e+00 -1.378804e+00 -4.476648e+00
         vertex 1.942270e+00 -1.353810e+00 -4.477011e+00
         vertex 1.940971e+00 -1.369401e+00 -4.477708e+00
      endloop
   endfacet
   facet normal -1.779809e-01 -2.473787e-02 9.837230e-01
      outer loop
         vertex 1.948138e+00 -1.378804e+00 -4.476648e+00
         vertex 1.940971e+00 -1.369401e+00 -4.477708e+00
         vertex 1.947664e+00 -1.385035e+00 -4.476890e+00
      endloop
   endfacet
   facet normal -1.609936e-01 -1.730505e-02 9.868037e-01
      outer loop
         vertex 1.947664e+00 -1.385035e+00 -4.476890e+00
         vertex 1.940971e+00 -1.369401e+00 -4.477708e+00
         vertex 1.939328e+00 -1.385684e+00 -4.478262e+00
      endloop
   endfacet
   facet normal -3.136665e-01 -2.438576e-01 9.176856e-01
      outer loop
         vertex 1.932247e+00 -1.309232e+00 -4.474819e+00
         vertex 1.941464e+00 -1.309248e+00 -4.471673e+00
         vertex 1.925484e+00 -1.298763e+00 -4.474349e+00
      endloop
   endfacet
   facet normal -3.145126e-01 -2.453205e-01 9.170058e-01
      outer loop
         vertex 1.925484e+00 -1.298763e+00 -4.474349e+00
         vertex 1.941464e+00 -1.309248e+00 -4.471673e+00
         vertex 1.933167e+00 -1.294953e+00 -4.470694e+00
      endloop
   endfacet
   facet normal -2.896621e-01 -2.905788e-01 9.119538e-01
      outer loop
         vertex 1.925484e+00 -1.298763e+00 -4.474349e+00
         vertex 1.933167e+00 -1.294953e+00 -4.470694e+00
         vertex 1.899309e+00 -1.268600e+00 -4.473052e+00
      endloop
   endfacet
   facet normal -1.372552e-01 2.012495e-02 9.903313e-01
      outer loop
         vertex 1.284688e+00 -6.720865e-01 -4.507404e+00
         vertex 1.352684e+00 -7.439088e-01 -4.496521e+00
         vertex 1.461371e+00 -7.644286e-01 -4.481040e+00
      endloop
   endfacet
   facet normal -1.424413e-01 -7.765275e-03 9.897728e-01
      outer loop
         vertex 1.461371e+00 -7.644286e-01 -4.481040e+00
         vertex 1.352684e+00 -7.439088e-01 -4.496521e+00
         vertex 1.399392e+00 -7.909865e-01 -4.490168e+00
      endloop
   endfacet
   facet normal -1.430260e-01 -6.375213e-03 9.896984e-01
      outer loop
         vertex 1.461371e+00 -7.644286e-01 -4.481040e+00
         vertex 1.399392e+00 -7.909865e-01 -4.490168e+00
         vertex 1.483112e+00 -7.893788e-01 -4.478059e+00
      endloop
   endfacet
   facet normal -1.427859e-01 -1.805346e-02 9.895889e-01
      outer loop
         vertex 1.483112e+00 -7.893788e-01 -4.478059e+00
         vertex 1.399392e+00 -7.909865e-01 -4.490168e+00
         vertex 1.403687e+00 -7.951904e-01 -4.489625e+00
      endloop
   endfacet
   facet normal -1.419817e-01 -2.876972e-02 9.894511e-01
      outer loop
         vertex 1.483112e+00 -7.893788e-01 -4.478059e+00
         vertex 1.403687e+00 -7.951904e-01 -4.489625e+00
         vertex 1.564756e+00 -8.777668e-01 -4.468914e+00
      endloop
   endfacet
   facet normal -1.414171e-01 -2.764012e-02 9.895642e-01
      outer loop
         vertex 1.564756e+00 -8.777668e-01 -4.468914e+00
         vertex 1.403687e+00 -7.951904e-01 -4.489625e+00
         vertex 1.455515e+00 -8.442677e-01 -4.483589e+00
      endloop
   endfacet
   facet normal -2.559282e-01 -2.451692e-01 9.350897e-01
      outer loop
         vertex 1.933167e+00 -1.294953e+00 -4.470694e+00
         vertex 1.923694e+00 -1.281807e+00 -4.469840e+00
         vertex 1.899309e+00 -1.268600e+00 -4.473052e+00
      endloop
   endfacet
   facet normal -2.763965e-01 -2.873391e-01 9.170830e-01
      outer loop
         vertex 1.899309e+00 -1.268600e+00 -4.473052e+00
         vertex 1.923694e+00 -1.281807e+00 -4.469840e+00
         vertex 1.899684e+00 -1.252868e+00 -4.468009e+00
      endloop
   endfacet
   facet normal -2.629232e-01 -2.887825e-01 9.205846e-01
      outer loop
         vertex 1.899309e+00 -1.268600e+00 -4.473052e+00
         vertex 1.899684e+00 -1.252868e+00 -4.468009e+00
         vertex 1.813744e+00 -1.178187e+00 -4.469127e+00
      endloop
   endfacet
   facet normal -2.150556e-01 -2.332824e-01 9.483303e-01
      outer loop
         vertex 1.813744e+00 -1.178187e+00 -4.469127e+00
         vertex 1.899684e+00 -1.252868e+00 -4.468009e+00
         vertex 1.839113e+00 -1.177983e+00 -4.463324e+00
      endloop
   endfacet
   facet normal -2.151223e-01 -2.321897e-01 9.485833e-01
      outer loop
         vertex 1.813744e+00 -1.178187e+00 -4.469127e+00
         vertex 1.839113e+00 -1.177983e+00 -4.463324e+00
         vertex 1.777200e+00 -1.140325e+00 -4.468147e+00
      endloop
   endfacet
   facet normal -2.017690e-01 -2.091795e-01 9.568350e-01
      outer loop
         vertex 1.777200e+00 -1.140325e+00 -4.468147e+00
         vertex 1.839113e+00 -1.177983e+00 -4.463324e+00
         vertex 1.807102e+00 -1.139379e+00 -4.461635e+00
      endloop
   endfacet
   facet normal -2.018076e-01 -2.086689e-01 9.569383e-01
      outer loop
         vertex 1.777200e+00 -1.140325e+00 -4.468147e+00
         vertex 1.807102e+00 -1.139379e+00 -4.461635e+00
         vertex 1.714282e+00 -1.079387e+00 -4.468128e+00
      endloop
   endfacet
   facet normal -1.828604e-01 -1.782816e-01 9.668390e-01
      outer loop
         vertex 1.714282e+00 -1.079387e+00 -4.468128e+00
         vertex 1.807102e+00 -1.139379e+00 -4.461635e+00
         vertex 1.753052e+00 -1.078289e+00 -4.460593e+00
      endloop
   endfacet
   facet normal -1.832207e-01 -1.724061e-01 9.678359e-01
      outer loop
         vertex 1.714282e+00 -1.079387e+00 -4.468128e+00
         vertex 1.753052e+00 -1.078289e+00 -4.460593e+00
         vertex 1.660317e+00 -1.028850e+00 -4.469342e+00
      endloop
   endfacet
   facet normal -1.695201e-01 -1.454872e-01 9.747289e-01
      outer loop
         vertex 1.660317e+00 -1.028850e+00 -4.469342e+00
         vertex 1.753052e+00 -1.078289e+00 -4.460593e+00
         vertex 1.697400e+00 -1.017455e+00 -4.461192e+00
      endloop
   endfacet
   facet normal -1.705108e-01 -1.424593e-01 9.750033e-01
      outer loop
         vertex 1.660317e+00 -1.028850e+00 -4.469342e+00
         vertex 1.697400e+00 -1.017455e+00 -4.461192e+00
         vertex 1.611427e+00 -9.839678e-01 -4.471334e+00
      endloop
   endfacet
   facet normal -1.629946e-01 -1.219336e-01 9.790633e-01
      outer loop
         vertex 1.611427e+00 -9.839678e-01 -4.471334e+00
         vertex 1.697400e+00 -1.017455e+00 -4.461192e+00
         vertex 1.663855e+00 -9.814691e-01 -4.462294e+00
      endloop
   endfacet
   facet normal -1.638721e-01 -1.086484e-01 9.804802e-01
      outer loop
         vertex 1.611427e+00 -9.839678e-01 -4.471334e+00
         vertex 1.663855e+00 -9.814691e-01 -4.462294e+00
         vertex 1.510786e+00 -8.942609e-01 -4.478214e+00
      endloop
   endfacet
   facet normal -1.464220e-01 -7.697125e-02 9.862231e-01
      outer loop
         vertex 1.510786e+00 -8.942609e-01 -4.478214e+00
         vertex 1.663855e+00 -9.814691e-01 -4.462294e+00
         vertex 1.564756e+00 -8.777668e-01 -4.468914e+00
      endloop
   endfacet
   facet normal -1.486803e-01 -6.969635e-02 9.864262e-01
      outer loop
         vertex 1.510786e+00 -8.942609e-01 -4.478214e+00
         vertex 1.564756e+00 -8.777668e-01 -4.468914e+00
         vertex 1.507674e+00 -8.914855e-01 -4.478487e+00
      endloop
   endfacet
   facet normal -1.510119e-01 -6.018456e-02 9.866981e-01
      outer loop
         vertex 1.507674e+00 -8.914855e-01 -4.478487e+00
         vertex 1.564756e+00 -8.777668e-01 -4.468914e+00
         vertex 1.455515e+00 -8.442677e-01 -4.483589e+00
      endloop
   endfacet
   facet normal -1.218464e-01 1.183241e-01 9.854709e-01
      outer loop
         vertex 1.201791e+00 -4.213209e-01 -4.540720e+00
         vertex 1.160125e+00 -3.502750e-01 -4.554402e+00
         vertex 1.032140e+00 -3.557537e-01 -4.569568e+00
      endloop
   endfacet
   facet normal -1.213594e-01 1.016273e-01 9.873924e-01
      outer loop
         vertex 1.032140e+00 -3.557537e-01 -4.569568e+00
         vertex 1.160125e+00 -3.502750e-01 -4.554402e+00
         vertex 1.144702e+00 -3.214313e-01 -4.559266e+00
      endloop
   endfacet
   facet normal -1.190741e-01 9.381714e-02 9.884431e-01
      outer loop
         vertex 1.032140e+00 -3.557537e-01 -4.569568e+00
         vertex 1.144702e+00 -3.214313e-01 -4.559266e+00
         vertex 9.940494e-01 -2.908945e-01 -4.580313e+00
      endloop
   endfacet
   facet normal -1.186126e-01 9.598814e-02 9.882901e-01
      outer loop
         vertex 9.940494e-01 -2.908945e-01 -4.580313e+00
         vertex 1.144702e+00 -3.214313e-01 -4.559266e+00
         vertex 1.127520e+00 -2.875325e-01 -4.564621e+00
      endloop
   endfacet
   facet normal -1.184675e-01 8.575927e-02 9.892476e-01
      outer loop
         vertex 9.940494e-01 -2.908945e-01 -4.580313e+00
         vertex 1.127520e+00 -2.875325e-01 -4.564621e+00
         vertex 9.730585e-01 -2.520440e-01 -4.586195e+00
      endloop
   endfacet
   facet normal -1.178038e-01 8.854691e-02 9.890812e-01
      outer loop
         vertex 9.730585e-01 -2.520440e-01 -4.586195e+00
         vertex 1.127520e+00 -2.875325e-01 -4.564621e+00
         vertex 1.091917e+00 -2.105991e-01 -4.575748e+00
      endloop
   endfacet
   facet normal -1.259904e-01 1.078989e-01 9.861462e-01
      outer loop
         vertex 1.032140e+00 -3.557537e-01 -4.569568e+00
         vertex 1.072301e+00 -4.167678e-01 -4.557761e+00
         vertex 1.201791e+00 -4.213209e-01 -4.540720e+00
      endloop
   endfacet
   facet normal -1.253031e-01 1.217363e-01 9.846214e-01
      outer loop
         vertex 1.201791e+00 -4.213209e-01 -4.540720e+00
         vertex 1.072301e+00 -4.167678e-01 -4.557761e+00
         vertex 1.095344e+00 -4.488249e-01 -4.550865e+00
      endloop
   endfacet
   facet normal -1.267549e-01 1.277022e-01 9.836795e-01
      outer loop
         vertex 1.201791e+00 -4.213209e-01 -4.540720e+00
         vertex 1.095344e+00 -4.488249e-01 -4.550865e+00
         vertex 1.232333e+00 -4.683109e-01 -4.530684e+00
      endloop
   endfacet
   facet normal -1.279347e-01 1.202252e-01 9.844687e-01
      outer loop
         vertex 1.232333e+00 -4.683109e-01 -4.530684e+00
         vertex 1.095344e+00 -4.488249e-01 -4.550865e+00
         vertex 1.115166e+00 -4.750750e-01 -4.545084e+00
      endloop
   endfacet
   facet normal -1.276728e-01 1.140541e-01 9.852367e-01
      outer loop
         vertex 1.232333e+00 -4.683109e-01 -4.530684e+00
         vertex 1.115166e+00 -4.750750e-01 -4.545084e+00
         vertex 1.270638e+00 -5.232965e-01 -4.519355e+00
      endloop
   endfacet
   facet normal -1.319046e-01 1.008793e-01 9.861159e-01
      outer loop
         vertex 1.270638e+00 -5.232965e-01 -4.519355e+00
         vertex 1.115166e+00 -4.750750e-01 -4.545084e+00
         vertex 1.171782e+00 -5.451434e-01 -4.530343e+00
      endloop
   endfacet
   facet normal -1.293688e-01 8.864511e-02 9.876263e-01
      outer loop
         vertex 1.270638e+00 -5.232965e-01 -4.519355e+00
         vertex 1.171782e+00 -5.451434e-01 -4.530343e+00
         vertex 1.311266e+00 -5.782925e-01 -4.509096e+00
      endloop
   endfacet
   facet normal -1.323697e-01 7.641759e-02 9.882503e-01
      outer loop
         vertex 1.311266e+00 -5.782925e-01 -4.509096e+00
         vertex 1.171782e+00 -5.451434e-01 -4.530343e+00
         vertex 1.206071e+00 -5.850334e-01 -4.522665e+00
      endloop
   endfacet
   facet normal -1.317924e-01 6.570226e-02 9.890976e-01
      outer loop
         vertex 1.311266e+00 -5.782925e-01 -4.509096e+00
         vertex 1.206071e+00 -5.850334e-01 -4.522665e+00
         vertex 1.358831e+00 -6.396566e-01 -4.498682e+00
      endloop
   endfacet
   facet normal -1.377952e-01 4.898120e-02 9.892489e-01
      outer loop
         vertex 1.358831e+00 -6.396566e-01 -4.498682e+00
         vertex 1.206071e+00 -5.850334e-01 -4.522665e+00
         vertex 1.284688e+00 -6.720865e-01 -4.507404e+00
      endloop
   endfacet
   facet normal -1.355811e-01 4.377124e-02 9.897989e-01
      outer loop
         vertex 1.358831e+00 -6.396566e-01 -4.498682e+00
         vertex 1.284688e+00 -6.720865e-01 -4.507404e+00
         vertex 1.395220e+00 -6.850082e-01 -4.491692e+00
      endloop
   endfacet
   facet normal -1.387357e-01 1.724889e-02 9.901792e-01
      outer loop
         vertex 1.395220e+00 -6.850082e-01 -4.491692e+00
         vertex 1.284688e+00 -6.720865e-01 -4.507404e+00
         vertex 1.461371e+00 -7.644286e-01 -4.481040e+00
      endloop
   endfacet
   facet normal -2.130860e-01 9.060216e-02 9.728235e-01
      outer loop
         vertex 1.954403e+00 2.035129e+00 -4.473070e+00
         vertex 1.954399e+00 2.038304e+00 -4.473366e+00
         vertex 1.945633e+00 2.050582e+00 -4.476430e+00
      endloop
   endfacet
   facet normal -2.606918e-01 5.438355e-02 9.638891e-01
      outer loop
         vertex 1.945633e+00 2.050582e+00 -4.476430e+00
         vertex 1.954399e+00 2.038304e+00 -4.473366e+00
         vertex 1.951408e+00 2.065517e+00 -4.475710e+00
      endloop
   endfacet
   facet normal -1.822771e-01 2.313919e-02 9.829749e-01
      outer loop
         vertex 1.945633e+00 2.050582e+00 -4.476430e+00
         vertex 1.951408e+00 2.065517e+00 -4.475710e+00
         vertex 1.941178e+00 2.076914e+00 -4.477876e+00
      endloop
   endfacet
   facet normal -1.715215e-01 3.310669e-02 9.846240e-01
      outer loop
         vertex 1.941178e+00 2.076914e+00 -4.477876e+00
         vertex 1.951408e+00 2.065517e+00 -4.475710e+00
         vertex 1.948868e+00 2.081327e+00 -4.476685e+00
      endloop
   endfacet
   facet normal -1.631731e-01 1.807182e-02 9.864319e-01
      outer loop
         vertex 1.941178e+00 2.076914e+00 -4.477876e+00
         vertex 1.948868e+00 2.081327e+00 -4.476685e+00
         vertex 1.940050e+00 2.085974e+00 -4.478228e+00
      endloop
   endfacet
   facet normal -1.620446e-01 2.026078e-02 9.865754e-01
      outer loop
         vertex 1.940050e+00 2.085974e+00 -4.478228e+00
         vertex 1.948868e+00 2.081327e+00 -4.476685e+00
         vertex 1.948224e+00 2.090348e+00 -4.476976e+00
      endloop
   endfacet
   facet normal -1.647412e-01 2.546174e-02 9.860081e-01
      outer loop
         vertex 1.940050e+00 2.085974e+00 -4.478228e+00
         vertex 1.948224e+00 2.090348e+00 -4.476976e+00
         vertex 1.940068e+00 2.092763e+00 -4.478401e+00
      endloop
   endfacet
   facet normal -1.621706e-01 3.423793e-02 9.861686e-01
      outer loop
         vertex 1.940068e+00 2.092763e+00 -4.478401e+00
         vertex 1.948224e+00 2.090348e+00 -4.476976e+00
         vertex 1.940485e+00 2.096104e+00 -4.478448e+00
      endloop
   endfacet
   facet normal -1.081022e-01 2.231438e-02 9.938893e-01
      outer loop
         vertex 8.283118e-01 5.108379e-01 -4.636383e+00
         vertex 8.207946e-01 4.412355e-01 -4.635638e+00
         vertex 9.827118e-01 4.209473e-01 -4.617571e+00
      endloop
   endfacet
   facet normal -1.079889e-01 2.321131e-02 9.938811e-01
      outer loop
         vertex 9.827118e-01 4.209473e-01 -4.617571e+00
         vertex 8.207946e-01 4.412355e-01 -4.635638e+00
         vertex 8.188438e-01 4.087311e-01 -4.635090e+00
      endloop
   endfacet
   facet normal -1.080675e-01 2.431522e-02 9.938462e-01
      outer loop
         vertex 9.827118e-01 4.209473e-01 -4.617571e+00
         vertex 8.188438e-01 4.087311e-01 -4.635090e+00
         vertex 9.791714e-01 3.544506e-01 -4.616329e+00
      endloop
   endfacet
   facet normal -1.081536e-01 2.405979e-02 9.938430e-01
      outer loop
         vertex 9.791714e-01 3.544506e-01 -4.616329e+00
         vertex 8.188438e-01 4.087311e-01 -4.635090e+00
         vertex 8.175605e-01 3.636844e-01 -4.634140e+00
      endloop
   endfacet
   facet normal -1.079004e-01 2.832786e-02 9.937580e-01
      outer loop
         vertex 9.791714e-01 3.544506e-01 -4.616329e+00
         vertex 8.175605e-01 3.636844e-01 -4.634140e+00
         vertex 9.796125e-01 2.704175e-01 -4.613886e+00
      endloop
   endfacet
   facet normal -1.086040e-01 2.709610e-02 9.937157e-01
      outer loop
         vertex 9.796125e-01 2.704175e-01 -4.613886e+00
         vertex 8.175605e-01 3.636844e-01 -4.634140e+00
         vertex 8.188263e-01 2.937190e-01 -4.632093e+00
      endloop
   endfacet
   facet normal -1.077360e-01 3.301954e-02 9.936311e-01
      outer loop
         vertex 9.796125e-01 2.704175e-01 -4.613886e+00
         vertex 8.188263e-01 2.937190e-01 -4.632093e+00
         vertex 9.815145e-01 2.346130e-01 -4.612490e+00
      endloop
   endfacet
   facet normal -1.079426e-01 3.244966e-02 9.936274e-01
      outer loop
         vertex 9.815145e-01 2.346130e-01 -4.612490e+00
         vertex 8.188263e-01 2.937190e-01 -4.632093e+00
         vertex 8.260000e-01 2.080030e-01 -4.628515e+00
      endloop
   endfacet
   facet normal -1.084781e-01 3.568150e-02 9.934583e-01
      outer loop
         vertex 9.815145e-01 2.346130e-01 -4.612490e+00
         vertex 8.260000e-01 2.080030e-01 -4.628515e+00
         vertex 9.846938e-01 1.960224e-01 -4.610756e+00
      endloop
   endfacet
   facet normal -1.084638e-01 3.586459e-02 9.934532e-01
      outer loop
         vertex 9.846938e-01 1.960224e-01 -4.610756e+00
         vertex 8.260000e-01 2.080030e-01 -4.628515e+00
         vertex 8.296194e-01 1.801105e-01 -4.627113e+00
      endloop
   endfacet
   facet normal -1.088073e-01 3.938848e-02 9.932822e-01
      outer loop
         vertex 9.846938e-01 1.960224e-01 -4.610756e+00
         vertex 8.296194e-01 1.801105e-01 -4.627113e+00
         vertex 9.944186e-01 1.190680e-01 -4.606640e+00
      endloop
   endfacet
   facet normal -1.093913e-01 3.781099e-02 9.932794e-01
      outer loop
         vertex 9.944186e-01 1.190680e-01 -4.606640e+00
         vertex 8.296194e-01 1.801105e-01 -4.627113e+00
         vertex 8.374786e-01 1.311275e-01 -4.624383e+00
      endloop
   endfacet
   facet normal -1.089085e-01 4.380838e-02 9.930860e-01
      outer loop
         vertex 9.944186e-01 1.190680e-01 -4.606640e+00
         vertex 8.374786e-01 1.311275e-01 -4.624383e+00
         vertex 1.007430e+00 4.880962e-02 -4.602113e+00
      endloop
   endfacet
   facet normal -1.104957e-01 4.052199e-02 9.930502e-01
      outer loop
         vertex 1.007430e+00 4.880962e-02 -4.602113e+00
         vertex 8.374786e-01 1.311275e-01 -4.624383e+00
         vertex 8.506702e-01 6.769111e-02 -4.620326e+00
      endloop
   endfacet
   facet normal -1.095569e-01 4.809028e-02 9.928165e-01
      outer loop
         vertex 1.007430e+00 4.880962e-02 -4.602113e+00
         vertex 8.506702e-01 6.769111e-02 -4.620326e+00
         vertex 1.018358e+00 2.363477e-03 -4.598658e+00
      endloop
   endfacet
   facet normal -1.104217e-01 4.587342e-02 9.928256e-01
      outer loop
         vertex 1.018358e+00 2.363477e-03 -4.598658e+00
         vertex 8.506702e-01 6.769111e-02 -4.620326e+00
         vertex 8.742870e-01 -1.786555e-02 -4.613746e+00
      endloop
   endfacet
   facet normal -1.112235e-01 5.187026e-02 9.924408e-01
      outer loop
         vertex 1.018358e+00 2.363477e-03 -4.598658e+00
         vertex 8.742870e-01 -1.786555e-02 -4.613746e+00
         vertex 1.024872e+00 -2.213924e-02 -4.596647e+00
      endloop
   endfacet
   facet normal -1.112283e-01 5.172674e-02 9.924478e-01
      outer loop
         vertex 1.024872e+00 -2.213924e-02 -4.596647e+00
         vertex 8.742870e-01 -1.786555e-02 -4.613746e+00
         vertex 8.795682e-01 -3.420599e-02 -4.612303e+00
      endloop
   endfacet
   facet normal -1.118976e-01 6.053046e-02 9.918745e-01
      outer loop
         vertex 1.024872e+00 -2.213924e-02 -4.596647e+00
         vertex 8.795682e-01 -3.420599e-02 -4.612303e+00
         vertex 1.049834e+00 -1.024778e-01 -4.588928e+00
      endloop
   endfacet
   facet normal -1.133460e-01 5.693506e-02 9.919229e-01
      outer loop
         vertex 1.049834e+00 -1.024778e-01 -4.588928e+00
         vertex 8.795682e-01 -3.420599e-02 -4.612303e+00
         vertex 8.989885e-01 -8.875963e-02 -4.606952e+00
      endloop
   endfacet
   facet normal -1.117997e-01 7.280424e-02 9.910602e-01
      outer loop
         vertex 1.049834e+00 -1.024778e-01 -4.588928e+00
         vertex 8.989885e-01 -8.875963e-02 -4.606952e+00
         vertex 1.070172e+00 -1.577716e-01 -4.582572e+00
      endloop
   endfacet
   facet normal -1.150218e-01 6.487605e-02 9.912422e-01
      outer loop
         vertex 1.070172e+00 -1.577716e-01 -4.582572e+00
         vertex 8.989885e-01 -8.875963e-02 -4.606952e+00
         vertex 9.181743e-01 -1.363871e-01 -4.601609e+00
      endloop
   endfacet
   facet normal -1.125525e-01 8.158107e-02 9.902911e-01
      outer loop
         vertex 1.070172e+00 -1.577716e-01 -4.582572e+00
         vertex 9.181743e-01 -1.363871e-01 -4.601609e+00
         vertex 1.091917e+00 -2.105991e-01 -4.575748e+00
      endloop
   endfacet
   facet normal -1.152139e-01 7.541404e-02 9.904739e-01
      outer loop
         vertex 1.091917e+00 -2.105991e-01 -4.575748e+00
         vertex 9.181743e-01 -1.363871e-01 -4.601609e+00
         vertex 9.591513e-01 -2.249085e-01 -4.590102e+00
      endloop
   endfacet
   facet normal -1.159667e-01 8.310452e-02 9.897704e-01
      outer loop
         vertex 1.091917e+00 -2.105991e-01 -4.575748e+00
         vertex 9.591513e-01 -2.249085e-01 -4.590102e+00
         vertex 9.730585e-01 -2.520440e-01 -4.586195e+00
      endloop
   endfacet
   facet normal -1.074624e-01 2.342247e-02 9.939332e-01
      outer loop
         vertex 9.827118e-01 4.209473e-01 -4.617571e+00
         vertex 9.872296e-01 4.657828e-01 -4.618139e+00
         vertex 8.283118e-01 5.108379e-01 -4.636383e+00
      endloop
   endfacet
   facet normal -1.081469e-01 2.100006e-02 9.939131e-01
      outer loop
         vertex 8.283118e-01 5.108379e-01 -4.636383e+00
         vertex 9.872296e-01 4.657828e-01 -4.618139e+00
         vertex 9.903036e-01 4.889522e-01 -4.618294e+00
      endloop
   endfacet
   facet normal -1.096856e-01 9.616524e-03 9.939198e-01
      outer loop
         vertex 8.283118e-01 5.108379e-01 -4.636383e+00
         vertex 9.903036e-01 4.889522e-01 -4.618294e+00
         vertex 8.386844e-01 5.694191e-01 -4.635805e+00
      endloop
   endfacet
   facet normal -1.097396e-01 9.513715e-03 9.939148e-01
      outer loop
         vertex 8.386844e-01 5.694191e-01 -4.635805e+00
         vertex 9.903036e-01 4.889522e-01 -4.618294e+00
         vertex 1.000370e+00 5.473743e-01 -4.617742e+00
      endloop
   endfacet
   facet normal -1.126162e-01 -1.186915e-02 9.935677e-01
      outer loop
         vertex 8.386844e-01 5.694191e-01 -4.635805e+00
         vertex 1.000370e+00 5.473743e-01 -4.617742e+00
         vertex 8.441483e-01 5.930037e-01 -4.634904e+00
      endloop
   endfacet
   facet normal -1.108454e-01 -5.710778e-03 9.938213e-01
      outer loop
         vertex 8.441483e-01 5.930037e-01 -4.634904e+00
         vertex 1.000370e+00 5.473743e-01 -4.617742e+00
         vertex 1.001104e+00 5.509647e-01 -4.617639e+00
      endloop
   endfacet
   facet normal -1.165166e-01 -2.729863e-02 9.928135e-01
      outer loop
         vertex 8.441483e-01 5.930037e-01 -4.634904e+00
         vertex 1.001104e+00 5.509647e-01 -4.617639e+00
         vertex 8.511705e-01 6.187494e-01 -4.633372e+00
      endloop
   endfacet
   facet normal -1.137314e-01 -2.102776e-02 9.932890e-01
      outer loop
         vertex 8.511705e-01 6.187494e-01 -4.633372e+00
         vertex 1.001104e+00 5.509647e-01 -4.617639e+00
         vertex 1.012143e+00 5.976759e-01 -4.615386e+00
      endloop
   endfacet
   facet normal -1.170174e-01 -4.722278e-02 9.920065e-01
      outer loop
         vertex 8.511705e-01 6.187494e-01 -4.633372e+00
         vertex 1.012143e+00 5.976759e-01 -4.615386e+00
         vertex 8.668585e-01 6.661335e-01 -4.629266e+00
      endloop
   endfacet
   facet normal -1.153904e-01 -4.369848e-02 9.923585e-01
      outer loop
         vertex 8.668585e-01 6.661335e-01 -4.629266e+00
         vertex 1.012143e+00 5.976759e-01 -4.615386e+00
         vertex 1.021988e+00 6.317017e-01 -4.612743e+00
      endloop
   endfacet
   facet normal -1.176121e-01 -5.407860e-02 9.915861e-01
      outer loop
         vertex 8.668585e-01 6.661335e-01 -4.629266e+00
         vertex 1.021988e+00 6.317017e-01 -4.612743e+00
         vertex 1.026744e+00 6.466315e-01 -4.611365e+00
      endloop
   endfacet
   facet normal -3.215318e-01 2.486691e-02 9.465722e-01
      outer loop
         vertex 7.949751e-01 6.268300e-01 -4.652672e+00
         vertex 8.511705e-01 6.187494e-01 -4.633372e+00
         vertex 8.112887e-01 6.746016e-01 -4.648386e+00
      endloop
   endfacet
   facet normal -3.219128e-01 2.456216e-02 9.464507e-01
      outer loop
         vertex 8.112887e-01 6.746016e-01 -4.648386e+00
         vertex 8.511705e-01 6.187494e-01 -4.633372e+00
         vertex 8.668585e-01 6.661335e-01 -4.629266e+00
      endloop
   endfacet
   facet normal -3.227139e-01 1.897930e-02 9.463063e-01
      outer loop
         vertex 8.112887e-01 6.746016e-01 -4.648386e+00
         vertex 8.668585e-01 6.661335e-01 -4.629266e+00
         vertex 8.314698e-01 7.234414e-01 -4.642483e+00
      endloop
   endfacet
   facet normal -3.232331e-01 1.861940e-02 9.461362e-01
      outer loop
         vertex 8.314698e-01 7.234414e-01 -4.642483e+00
         vertex 8.668585e-01 6.661335e-01 -4.629266e+00
         vertex 8.865360e-01 7.153869e-01 -4.623512e+00
      endloop
   endfacet
   facet normal -3.241929e-01 1.155003e-02 9.459205e-01
      outer loop
         vertex 8.314698e-01 7.234414e-01 -4.642483e+00
         vertex 8.865360e-01 7.153869e-01 -4.623512e+00
         vertex 8.550351e-01 7.716119e-01 -4.634995e+00
      endloop
   endfacet
   facet normal -3.229458e-01 1.233379e-02 9.463371e-01
      outer loop
         vertex 8.865360e-01 7.153869e-01 -4.623512e+00
         vertex 9.002651e-01 7.454110e-01 -4.619218e+00
         vertex 8.550351e-01 7.716119e-01 -4.634995e+00
      endloop
   endfacet
   facet normal -3.253105e-01 7.792809e-03 9.455751e-01
      outer loop
         vertex 8.550351e-01 7.716119e-01 -4.634995e+00
         vertex 9.002651e-01 7.454110e-01 -4.619218e+00
         vertex 9.092688e-01 7.635506e-01 -4.616270e+00
      endloop
   endfacet
   facet normal -3.266157e-01 -1.963613e-03 9.451552e-01
      outer loop
         vertex 8.550351e-01 7.716119e-01 -4.634995e+00
         vertex 9.092688e-01 7.635506e-01 -4.616270e+00
         vertex 8.816830e-01 8.174493e-01 -4.625691e+00
      endloop
   endfacet
   facet normal -3.286766e-01 -3.143844e-03 9.444373e-01
      outer loop
         vertex 8.816830e-01 8.174493e-01 -4.625691e+00
         vertex 9.092688e-01 7.635506e-01 -4.616270e+00
         vertex 9.391491e-01 8.164161e-01 -4.605696e+00
      endloop
   endfacet
   facet normal -3.287621e-01 -9.252491e-03 9.443674e-01
      outer loop
         vertex 8.816830e-01 8.174493e-01 -4.625691e+00
         vertex 9.391491e-01 8.164161e-01 -4.605696e+00
         vertex 9.110625e-01 8.601686e-01 -4.615045e+00
      endloop
   endfacet
   facet normal -3.300932e-01 -1.020834e-02 9.438931e-01
      outer loop
         vertex 9.110625e-01 8.601686e-01 -4.615045e+00
         vertex 9.391491e-01 8.164161e-01 -4.605696e+00
         vertex 9.632268e-01 8.527764e-01 -4.596882e+00
      endloop
   endfacet
   facet normal -3.275159e-01 1.018467e-02 9.447908e-01
      outer loop
         vertex 9.110625e-01 8.601686e-01 -4.615045e+00
         vertex 9.632268e-01 8.527764e-01 -4.596882e+00
         vertex 9.427174e-01 9.002560e-01 -4.604504e+00
      endloop
   endfacet
   facet normal -4.117537e-01 2.447714e-01 8.778074e-01
      outer loop
         vertex 1.538273e+00 1.517526e+00 -4.484489e+00
         vertex 1.492370e+00 1.461420e+00 -4.490376e+00
         vertex 1.501986e+00 1.442977e+00 -4.480722e+00
      endloop
   endfacet
   facet normal -4.127826e-01 2.440823e-01 8.775160e-01
      outer loop
         vertex 1.501986e+00 1.442977e+00 -4.480722e+00
         vertex 1.492370e+00 1.461420e+00 -4.490376e+00
         vertex 1.474396e+00 1.410214e+00 -4.484588e+00
      endloop
   endfacet
   facet normal -4.030094e-01 2.412520e-01 8.828255e-01
      outer loop
         vertex 1.474396e+00 1.410214e+00 -4.484588e+00
         vertex 1.492370e+00 1.461420e+00 -4.490376e+00
         vertex 1.446531e+00 1.409129e+00 -4.497012e+00
      endloop
   endfacet
   facet normal -4.022540e-01 2.518530e-01 8.802055e-01
      outer loop
         vertex 1.474396e+00 1.410214e+00 -4.484588e+00
         vertex 1.446531e+00 1.409129e+00 -4.497012e+00
         vertex 1.424126e+00 1.355271e+00 -4.491840e+00
      endloop
   endfacet
   facet normal -3.885440e-01 2.468733e-01 8.877427e-01
      outer loop
         vertex 1.424126e+00 1.355271e+00 -4.491840e+00
         vertex 1.446531e+00 1.409129e+00 -4.497012e+00
         vertex 1.400269e+00 1.361209e+00 -4.503933e+00
      endloop
   endfacet
   facet normal -3.868804e-01 2.520647e-01 8.870101e-01
      outer loop
         vertex 1.424126e+00 1.355271e+00 -4.491840e+00
         vertex 1.400269e+00 1.361209e+00 -4.503933e+00
         vertex 1.353966e+00 1.315711e+00 -4.511199e+00
      endloop
   endfacet
   facet normal -6.300796e-01 4.935766e-01 5.994847e-01
      outer loop
         vertex 1.916289e+00 1.975516e+00 -4.476066e+00
         vertex 1.920467e+00 1.975931e+00 -4.472017e+00
         vertex 1.927093e+00 1.989852e+00 -4.476514e+00
      endloop
   endfacet
   facet normal -6.083609e-01 4.910113e-01 6.235423e-01
      outer loop
         vertex 1.927093e+00 1.989852e+00 -4.476514e+00
         vertex 1.920467e+00 1.975931e+00 -4.472017e+00
         vertex 1.925214e+00 1.982239e+00 -4.472353e+00
      endloop
   endfacet
   facet normal -7.353342e-01 4.557050e-01 5.016140e-01
      outer loop
         vertex 1.927093e+00 1.989852e+00 -4.476514e+00
         vertex 1.925214e+00 1.982239e+00 -4.472353e+00
         vertex 1.935794e+00 2.004390e+00 -4.476966e+00
      endloop
   endfacet
   facet normal -4.372983e-01 -1.944358e-02 8.991063e-01
      outer loop
         vertex 1.940050e+00 2.085974e+00 -4.478228e+00
         vertex 1.937692e+00 2.080541e+00 -4.479493e+00
         vertex 1.941178e+00 2.076914e+00 -4.477876e+00
      endloop
   endfacet
   facet normal -4.657419e-01 -5.383832e-02 8.832813e-01
      outer loop
         vertex 1.941178e+00 2.076914e+00 -4.477876e+00
         vertex 1.937692e+00 2.080541e+00 -4.479493e+00
         vertex 1.940493e+00 2.065043e+00 -4.478961e+00
      endloop
   endfacet
   facet normal -5.413464e-01 -4.547744e-02 8.395689e-01
      outer loop
         vertex 1.941178e+00 2.076914e+00 -4.477876e+00
         vertex 1.940493e+00 2.065043e+00 -4.478961e+00
         vertex 1.945633e+00 2.050582e+00 -4.476430e+00
      endloop
   endfacet
   facet normal -5.853757e-01 -6.664835e-02 8.080182e-01
      outer loop
         vertex 1.945633e+00 2.050582e+00 -4.476430e+00
         vertex 1.940493e+00 2.065043e+00 -4.478961e+00
         vertex 1.942979e+00 2.049581e+00 -4.478435e+00
      endloop
   endfacet
   facet normal -6.069346e-01 1.749300e-02 7.945593e-01
      outer loop
         vertex 1.945633e+00 2.050582e+00 -4.476430e+00
         vertex 1.942979e+00 2.049581e+00 -4.478435e+00
         vertex 1.946514e+00 2.034351e+00 -4.475399e+00
      endloop
   endfacet
   facet normal -6.761871e-01 -1.011620e-02 7.366605e-01
      outer loop
         vertex 1.946514e+00 2.034351e+00 -4.475399e+00
         vertex 1.942979e+00 2.049581e+00 -4.478435e+00
         vertex 1.943766e+00 2.034261e+00 -4.477923e+00
      endloop
   endfacet
   facet normal -6.736804e-01 1.193635e-01 7.293196e-01
      outer loop
         vertex 1.946514e+00 2.034351e+00 -4.475399e+00
         vertex 1.943766e+00 2.034261e+00 -4.477923e+00
         vertex 1.945293e+00 2.023101e+00 -4.474686e+00
      endloop
   endfacet
   facet normal -7.543895e-01 8.555068e-02 6.508284e-01
      outer loop
         vertex 1.945293e+00 2.023101e+00 -4.474686e+00
         vertex 1.943766e+00 2.034261e+00 -4.477923e+00
         vertex 1.943121e+00 2.026685e+00 -4.477675e+00
      endloop
   endfacet
   facet normal -6.671711e-01 1.951726e-01 7.188813e-01
      outer loop
         vertex 1.945293e+00 2.023101e+00 -4.474686e+00
         vertex 1.943121e+00 2.026685e+00 -4.477675e+00
         vertex 1.944473e+00 2.019472e+00 -4.474462e+00
      endloop
   endfacet
   facet normal -7.138890e-01 1.689119e-01 6.795817e-01
      outer loop
         vertex 1.944473e+00 2.019472e+00 -4.474462e+00
         vertex 1.943121e+00 2.026685e+00 -4.477675e+00
         vertex 1.941575e+00 2.019180e+00 -4.477433e+00
      endloop
   endfacet
   facet normal -7.042087e-01 2.582442e-01 6.613623e-01
      outer loop
         vertex 1.944473e+00 2.019472e+00 -4.474462e+00
         vertex 1.941575e+00 2.019180e+00 -4.477433e+00
         vertex 1.942387e+00 2.012748e+00 -4.474058e+00
      endloop
   endfacet
   facet normal -7.073167e-01 2.564712e-01 6.587303e-01
      outer loop
         vertex 1.942387e+00 2.012748e+00 -4.474058e+00
         vertex 1.941575e+00 2.019180e+00 -4.477433e+00
         vertex 1.939101e+00 2.011751e+00 -4.477197e+00
      endloop
   endfacet
   facet normal -7.023280e-01 3.328736e-01 6.292301e-01
      outer loop
         vertex 1.942387e+00 2.012748e+00 -4.474058e+00
         vertex 1.939101e+00 2.011751e+00 -4.477197e+00
         vertex 1.938999e+00 2.004717e+00 -4.473591e+00
      endloop
   endfacet
   facet normal -6.995333e-01 3.340950e-01 6.316911e-01
      outer loop
         vertex 1.938999e+00 2.004717e+00 -4.473591e+00
         vertex 1.939101e+00 2.011751e+00 -4.477197e+00
         vertex 1.935794e+00 2.004390e+00 -4.476966e+00
      endloop
   endfacet
   facet normal -6.883310e-01 3.824735e-01 6.163721e-01
      outer loop
         vertex 1.938999e+00 2.004717e+00 -4.473591e+00
         vertex 1.935794e+00 2.004390e+00 -4.476966e+00
         vertex 1.937026e+00 2.000810e+00 -4.473369e+00
      endloop
   endfacet
   facet normal -6.269637e-01 4.341896e-01 6.468353e-01
      outer loop
         vertex 1.937026e+00 2.000810e+00 -4.473369e+00
         vertex 1.935794e+00 2.004390e+00 -4.476966e+00
         vertex 1.925214e+00 1.982239e+00 -4.472353e+00
      endloop
   endfacet
   facet normal -5.904954e-01 5.212336e-01 6.161418e-01
      outer loop
         vertex 1.821206e+00 1.863364e+00 -4.472314e+00
         vertex 1.855593e+00 1.896877e+00 -4.467709e+00
         vertex 1.916289e+00 1.975516e+00 -4.476066e+00
      endloop
   endfacet
   facet normal -6.214243e-01 5.399571e-01 5.676955e-01
      outer loop
         vertex 1.916289e+00 1.975516e+00 -4.476066e+00
         vertex 1.855593e+00 1.896877e+00 -4.467709e+00
         vertex 1.902498e+00 1.954177e+00 -4.470865e+00
      endloop
   endfacet
   facet normal -6.137905e-01 5.375752e-01 5.781644e-01
      outer loop
         vertex 1.916289e+00 1.975516e+00 -4.476066e+00
         vertex 1.902498e+00 1.954177e+00 -4.470865e+00
         vertex 1.920467e+00 1.975931e+00 -4.472017e+00
      endloop
   endfacet
   facet normal -4.890738e-01 4.087846e-01 7.705206e-01
      outer loop
         vertex 1.726858e+00 1.750008e+00 -4.472061e+00
         vertex 1.740387e+00 1.750948e+00 -4.463973e+00
         vertex 1.821206e+00 1.863364e+00 -4.472314e+00
      endloop
   endfacet
   facet normal -5.410424e-01 4.420596e-01 7.154414e-01
      outer loop
         vertex 1.821206e+00 1.863364e+00 -4.472314e+00
         vertex 1.740387e+00 1.750948e+00 -4.463973e+00
         vertex 1.830047e+00 1.864107e+00 -4.466088e+00
      endloop
   endfacet
   facet normal -5.381040e-01 4.546107e-01 7.097698e-01
      outer loop
         vertex 1.821206e+00 1.863364e+00 -4.472314e+00
         vertex 1.830047e+00 1.864107e+00 -4.466088e+00
         vertex 1.855593e+00 1.896877e+00 -4.467709e+00
      endloop
   endfacet
   facet normal -4.309976e-01 2.535417e-01 8.660009e-01
      outer loop
         vertex 1.501986e+00 1.442977e+00 -4.480722e+00
         vertex 1.561392e+00 1.518799e+00 -4.473356e+00
         vertex 1.538273e+00 1.517526e+00 -4.484489e+00
      endloop
   endfacet
   facet normal -4.302494e-01 2.639552e-01 8.632572e-01
      outer loop
         vertex 1.538273e+00 1.517526e+00 -4.484489e+00
         vertex 1.561392e+00 1.518799e+00 -4.473356e+00
         vertex 1.598773e+00 1.568340e+00 -4.469873e+00
      endloop
   endfacet
   facet normal -4.587312e-01 3.062433e-01 8.341347e-01
      outer loop
         vertex 1.538273e+00 1.517526e+00 -4.484489e+00
         vertex 1.598773e+00 1.568340e+00 -4.469873e+00
         vertex 1.631705e+00 1.634925e+00 -4.476208e+00
      endloop
   endfacet
   facet normal -4.597076e-01 3.066605e-01 8.334436e-01
      outer loop
         vertex 1.631705e+00 1.634925e+00 -4.476208e+00
         vertex 1.598773e+00 1.568340e+00 -4.469873e+00
         vertex 1.650032e+00 1.636028e+00 -4.466505e+00
      endloop
   endfacet
   facet normal -4.550888e-01 3.467272e-01 8.201673e-01
      outer loop
         vertex 1.631705e+00 1.634925e+00 -4.476208e+00
         vertex 1.650032e+00 1.636028e+00 -4.466505e+00
         vertex 1.726858e+00 1.750008e+00 -4.472061e+00
      endloop
   endfacet
   facet normal -5.135100e-01 3.835423e-01 7.675955e-01
      outer loop
         vertex 1.726858e+00 1.750008e+00 -4.472061e+00
         vertex 1.650032e+00 1.636028e+00 -4.466505e+00
         vertex 1.726159e+00 1.733135e+00 -4.464099e+00
      endloop
   endfacet
   facet normal -4.926561e-01 3.880248e-01 7.789267e-01
      outer loop
         vertex 1.726858e+00 1.750008e+00 -4.472061e+00
         vertex 1.726159e+00 1.733135e+00 -4.464099e+00
         vertex 1.740387e+00 1.750948e+00 -4.463973e+00
      endloop
   endfacet
   facet normal -3.327368e-01 7.640154e-03 9.429888e-01
      outer loop
         vertex 9.632268e-01 8.527764e-01 -4.596882e+00
         vertex 9.861843e-01 8.839866e-01 -4.589034e+00
         vertex 9.427174e-01 9.002560e-01 -4.604504e+00
      endloop
   endfacet
   facet normal -3.287135e-01 1.956658e-02 9.442270e-01
      outer loop
         vertex 9.427174e-01 9.002560e-01 -4.604504e+00
         vertex 9.861843e-01 8.839866e-01 -4.589034e+00
         vertex 9.936665e-01 8.936193e-01 -4.586629e+00
      endloop
   endfacet
   facet normal -3.252967e-01 4.645248e-02 9.444703e-01
      outer loop
         vertex 9.427174e-01 9.002560e-01 -4.604504e+00
         vertex 9.936665e-01 8.936193e-01 -4.586629e+00
         vertex 1.012618e+00 9.787353e-01 -4.584288e+00
      endloop
   endfacet
   facet normal -3.306703e-01 4.770201e-02 9.425400e-01
      outer loop
         vertex 1.012618e+00 9.787353e-01 -4.584288e+00
         vertex 9.936665e-01 8.936193e-01 -4.586629e+00
         vertex 1.065685e+00 9.794345e-01 -4.565706e+00
      endloop
   endfacet
   facet normal -3.302484e-01 8.735465e-02 9.398432e-01
      outer loop
         vertex 1.012618e+00 9.787353e-01 -4.584288e+00
         vertex 1.065685e+00 9.794345e-01 -4.565706e+00
         vertex 1.090501e+00 1.059568e+00 -4.564434e+00
      endloop
   endfacet
   facet normal -3.377180e-01 8.971354e-02 9.369621e-01
      outer loop
         vertex 1.090501e+00 1.059568e+00 -4.564434e+00
         vertex 1.065685e+00 9.794345e-01 -4.565706e+00
         vertex 1.135264e+00 1.056070e+00 -4.547965e+00
      endloop
   endfacet
   facet normal -3.345276e-01 1.199707e-01 9.347183e-01
      outer loop
         vertex 1.090501e+00 1.059568e+00 -4.564434e+00
         vertex 1.135264e+00 1.056070e+00 -4.547965e+00
         vertex 1.174480e+00 1.142000e+00 -4.544959e+00
      endloop
   endfacet
   facet normal -3.539060e-01 1.291079e-01 9.263270e-01
      outer loop
         vertex 1.174480e+00 1.142000e+00 -4.544959e+00
         vertex 1.135264e+00 1.056070e+00 -4.547965e+00
         vertex 1.191970e+00 1.115665e+00 -4.534606e+00
      endloop
   endfacet
   facet normal -3.297617e-01 1.475547e-01 9.324617e-01
      outer loop
         vertex 1.174480e+00 1.142000e+00 -4.544959e+00
         vertex 1.191970e+00 1.115665e+00 -4.534606e+00
         vertex 1.262815e+00 1.226763e+00 -4.527132e+00
      endloop
   endfacet
   facet normal -3.611316e-01 1.685889e-01 9.171487e-01
      outer loop
         vertex 1.262815e+00 1.226763e+00 -4.527132e+00
         vertex 1.191970e+00 1.115665e+00 -4.534606e+00
         vertex 1.299688e+00 1.225989e+00 -4.512472e+00
      endloop
   endfacet
   facet normal -3.580383e-01 2.036811e-01 9.112204e-01
      outer loop
         vertex 1.262815e+00 1.226763e+00 -4.527132e+00
         vertex 1.299688e+00 1.225989e+00 -4.512472e+00
         vertex 1.353966e+00 1.315711e+00 -4.511199e+00
      endloop
   endfacet
   facet normal -3.918358e-01 2.243964e-01 8.922505e-01
      outer loop
         vertex 1.353966e+00 1.315711e+00 -4.511199e+00
         vertex 1.299688e+00 1.225989e+00 -4.512472e+00
         vertex 1.333943e+00 1.261382e+00 -4.506329e+00
      endloop
   endfacet
   facet normal -3.718694e-01 2.179421e-01 9.023383e-01
      outer loop
         vertex 1.353966e+00 1.315711e+00 -4.511199e+00
         vertex 1.333943e+00 1.261382e+00 -4.506329e+00
         vertex 1.424126e+00 1.355271e+00 -4.491840e+00
      endloop
   endfacet
   facet normal -4.651067e-01 -4.683606e-01 7.512084e-01
      outer loop
         vertex 1.813744e+00 -1.178187e+00 -4.469127e+00
         vertex 1.777200e+00 -1.140325e+00 -4.468147e+00
         vertex 1.753891e+00 -1.128484e+00 -4.475196e+00
      endloop
   endfacet
   facet normal -4.743659e-01 -5.041893e-01 7.216440e-01
      outer loop
         vertex 1.753891e+00 -1.128484e+00 -4.475196e+00
         vertex 1.777200e+00 -1.140325e+00 -4.468147e+00
         vertex 1.700729e+00 -1.079924e+00 -4.476215e+00
      endloop
   endfacet
   facet normal -4.934401e-01 -5.079986e-01 7.060129e-01
      outer loop
         vertex 1.753891e+00 -1.128484e+00 -4.475196e+00
         vertex 1.804874e+00 -1.178227e+00 -4.475355e+00
         vertex 1.813744e+00 -1.178187e+00 -4.469127e+00
      endloop
   endfacet
   facet normal -4.961041e-01 -5.001247e-01 7.097577e-01
      outer loop
         vertex 1.813744e+00 -1.178187e+00 -4.469127e+00
         vertex 1.804874e+00 -1.178227e+00 -4.475355e+00
         vertex 1.854801e+00 -1.229326e+00 -4.476464e+00
      endloop
   endfacet
   facet normal -4.953831e-01 -4.996645e-01 7.105850e-01
      outer loop
         vertex 1.813744e+00 -1.178187e+00 -4.469127e+00
         vertex 1.854801e+00 -1.229326e+00 -4.476464e+00
         vertex 1.899309e+00 -1.268600e+00 -4.473052e+00
      endloop
   endfacet
   facet normal -5.404404e-01 -5.577334e-01 6.299664e-01
      outer loop
         vertex 1.899309e+00 -1.268600e+00 -4.473052e+00
         vertex 1.854801e+00 -1.229326e+00 -4.476464e+00
         vertex 1.907478e+00 -1.281726e+00 -4.477664e+00
      endloop
   endfacet
   facet normal -6.393128e-01 -5.766459e-01 5.086833e-01
      outer loop
         vertex 1.899309e+00 -1.268600e+00 -4.473052e+00
         vertex 1.907478e+00 -1.281726e+00 -4.477664e+00
         vertex 1.925484e+00 -1.298763e+00 -4.474349e+00
      endloop
   endfacet
   facet normal -6.276943e-01 -5.576594e-01 5.431536e-01
      outer loop
         vertex 1.925484e+00 -1.298763e+00 -4.474349e+00
         vertex 1.907478e+00 -1.281726e+00 -4.477664e+00
         vertex 1.919284e+00 -1.295273e+00 -4.477930e+00
      endloop
   endfacet
   facet normal -6.208107e-01 -4.304802e-01 6.551953e-01
      outer loop
         vertex 1.925484e+00 -1.298763e+00 -4.474349e+00
         vertex 1.919284e+00 -1.295273e+00 -4.477930e+00
         vertex 1.932247e+00 -1.309232e+00 -4.474819e+00
      endloop
   endfacet
   facet normal -6.446773e-01 -4.631158e-01 6.082063e-01
      outer loop
         vertex 1.932247e+00 -1.309232e+00 -4.474819e+00
         vertex 1.919284e+00 -1.295273e+00 -4.477930e+00
         vertex 1.929024e+00 -1.309180e+00 -4.478196e+00
      endloop
   endfacet
   facet normal -6.695361e-01 -3.884866e-01 6.330873e-01
      outer loop
         vertex 1.932247e+00 -1.309232e+00 -4.474819e+00
         vertex 1.929024e+00 -1.309180e+00 -4.478196e+00
         vertex 1.934629e+00 -1.313673e+00 -4.475025e+00
      endloop
   endfacet
   facet normal -6.643118e-01 -3.706980e-01 6.490553e-01
      outer loop
         vertex 1.934629e+00 -1.313673e+00 -4.475025e+00
         vertex 1.929024e+00 -1.309180e+00 -4.478196e+00
         vertex 1.932864e+00 -1.316299e+00 -4.478331e+00
      endloop
   endfacet
   facet normal -7.036587e-01 -3.235410e-01 6.326023e-01
      outer loop
         vertex 1.934629e+00 -1.313673e+00 -4.475025e+00
         vertex 1.932864e+00 -1.316299e+00 -4.478331e+00
         vertex 1.938924e+00 -1.323973e+00 -4.475516e+00
      endloop
   endfacet
   facet normal -6.862770e-01 -2.985842e-01 6.632280e-01
      outer loop
         vertex 1.938924e+00 -1.323973e+00 -4.475516e+00
         vertex 1.932864e+00 -1.316299e+00 -4.478331e+00
         vertex 1.935882e+00 -1.323544e+00 -4.478469e+00
      endloop
   endfacet
   facet normal -6.967930e-01 -2.030058e-01 6.879449e-01
      outer loop
         vertex 1.938924e+00 -1.323973e+00 -4.475516e+00
         vertex 1.935882e+00 -1.323544e+00 -4.478469e+00
         vertex 1.941383e+00 -1.334137e+00 -4.476024e+00
      endloop
   endfacet
   facet normal -7.116675e-01 -2.151599e-01 6.687567e-01
      outer loop
         vertex 1.941383e+00 -1.334137e+00 -4.476024e+00
         vertex 1.935882e+00 -1.323544e+00 -4.478469e+00
         vertex 1.937981e+00 -1.330927e+00 -4.478612e+00
      endloop
   endfacet
   facet normal -6.573675e-01 -9.396214e-02 7.476892e-01
      outer loop
         vertex 1.941383e+00 -1.334137e+00 -4.476024e+00
         vertex 1.937981e+00 -1.330927e+00 -4.478612e+00
         vertex 1.942384e+00 -1.345878e+00 -4.476620e+00
      endloop
   endfacet
   facet normal -7.437574e-01 -1.317072e-01 6.553458e-01
      outer loop
         vertex 1.942384e+00 -1.345878e+00 -4.476620e+00
         vertex 1.937981e+00 -1.330927e+00 -4.478612e+00
         vertex 1.939183e+00 -1.338443e+00 -4.478759e+00
      endloop
   endfacet
   facet normal -6.034443e-01 -3.059360e-02 7.968180e-01
      outer loop
         vertex 1.942384e+00 -1.345878e+00 -4.476620e+00
         vertex 1.939183e+00 -1.338443e+00 -4.478759e+00
         vertex 1.942270e+00 -1.353810e+00 -4.477011e+00
      endloop
   endfacet
   facet normal -5.974520e-01 -2.887016e-02 8.013848e-01
      outer loop
         vertex 1.942270e+00 -1.353810e+00 -4.477011e+00
         vertex 1.939183e+00 -1.338443e+00 -4.478759e+00
         vertex 1.939515e+00 -1.353785e+00 -4.479063e+00
      endloop
   endfacet
   facet normal -5.973901e-01 1.389251e-02 8.018305e-01
      outer loop
         vertex 1.942270e+00 -1.353810e+00 -4.477011e+00
         vertex 1.939515e+00 -1.353785e+00 -4.479063e+00
         vertex 1.940971e+00 -1.369401e+00 -4.477708e+00
      endloop
   endfacet
   facet normal -5.093308e-01 2.716104e-02 8.601421e-01
      outer loop
         vertex 1.940971e+00 -1.369401e+00 -4.477708e+00
         vertex 1.939515e+00 -1.353785e+00 -4.479063e+00
         vertex 1.938150e+00 -1.369383e+00 -4.479379e+00
      endloop
   endfacet
   facet normal -5.094172e-01 2.216432e-02 8.602342e-01
      outer loop
         vertex 1.940971e+00 -1.369401e+00 -4.477708e+00
         vertex 1.938150e+00 -1.369383e+00 -4.479379e+00
         vertex 1.939328e+00 -1.385684e+00 -4.478262e+00
      endloop
   endfacet
   facet normal -4.432020e-01 2.939297e-02 8.959398e-01
      outer loop
         vertex 1.939328e+00 -1.385684e+00 -4.478262e+00
         vertex 1.938150e+00 -1.369383e+00 -4.479379e+00
         vertex 1.936464e+00 -1.385039e+00 -4.479699e+00
      endloop
   endfacet
   facet normal -4.508831e-01 -1.234842e-02 8.924976e-01
      outer loop
         vertex 1.939328e+00 -1.385684e+00 -4.478262e+00
         vertex 1.936464e+00 -1.385039e+00 -4.479699e+00
         vertex 1.936369e+00 -1.392769e+00 -4.479854e+00
      endloop
   endfacet
   facet normal -4.350281e-01 -2.069530e-02 9.001790e-01
      outer loop
         vertex 1.939328e+00 -1.385684e+00 -4.478262e+00
         vertex 1.936369e+00 -1.392769e+00 -4.479854e+00
         vertex 1.939415e+00 -1.394677e+00 -4.478426e+00
      endloop
   endfacet
   facet normal -4.555318e-01 -6.253868e-02 8.880201e-01
      outer loop
         vertex 1.939415e+00 -1.394677e+00 -4.478426e+00
         vertex 1.936369e+00 -1.392769e+00 -4.479854e+00
         vertex 1.936747e+00 -1.396578e+00 -4.479929e+00
      endloop
   endfacet
   facet normal -4.466537e-01 -7.761847e-02 8.913338e-01
      outer loop
         vertex 1.939415e+00 -1.394677e+00 -4.478426e+00
         vertex 1.936747e+00 -1.396578e+00 -4.479929e+00
         vertex 1.940359e+00 -1.400352e+00 -4.478448e+00
      endloop
   endfacet
   facet normal -4.748336e-01 -1.118017e-01 8.729452e-01
      outer loop
         vertex 1.940359e+00 -1.400352e+00 -4.478448e+00
         vertex 1.936747e+00 -1.396578e+00 -4.479929e+00
         vertex 1.937501e+00 -1.400337e+00 -4.480000e+00
      endloop
   endfacet
   facet normal -3.816613e-01 -3.390593e-01 8.598683e-01
      outer loop
         vertex 1.484634e+00 -8.937828e-01 -4.489619e+00
         vertex 1.507674e+00 -8.914855e-01 -4.478487e+00
         vertex 1.430132e+00 -8.470425e-01 -4.495380e+00
      endloop
   endfacet
   facet normal -3.711463e-01 -3.156104e-01 8.732929e-01
      outer loop
         vertex 1.430132e+00 -8.470425e-01 -4.495380e+00
         vertex 1.507674e+00 -8.914855e-01 -4.478487e+00
         vertex 1.455515e+00 -8.442677e-01 -4.483589e+00
      endloop
   endfacet
   facet normal -3.752693e-01 -2.974469e-01 8.778943e-01
      outer loop
         vertex 1.430132e+00 -8.470425e-01 -4.495380e+00
         vertex 1.455515e+00 -8.442677e-01 -4.483589e+00
         vertex 1.375977e+00 -7.983694e-01 -4.502038e+00
      endloop
   endfacet
   facet normal -4.423582e-01 -4.569826e-01 7.716775e-01
      outer loop
         vertex 1.777200e+00 -1.140325e+00 -4.468147e+00
         vertex 1.714282e+00 -1.079387e+00 -4.468128e+00
         vertex 1.700729e+00 -1.079924e+00 -4.476215e+00
      endloop
   endfacet
   facet normal -4.430658e-01 -4.545587e-01 7.727025e-01
      outer loop
         vertex 1.700729e+00 -1.079924e+00 -4.476215e+00
         vertex 1.714282e+00 -1.079387e+00 -4.468128e+00
         vertex 1.660317e+00 -1.028850e+00 -4.469342e+00
      endloop
   endfacet
   facet normal -4.241164e-01 -4.419528e-01 7.904448e-01
      outer loop
         vertex 1.700729e+00 -1.079924e+00 -4.476215e+00
         vertex 1.660317e+00 -1.028850e+00 -4.469342e+00
         vertex 1.593112e+00 -9.852691e-01 -4.481034e+00
      endloop
   endfacet
   facet normal -4.052661e-01 -4.050736e-01 8.195577e-01
      outer loop
         vertex 1.593112e+00 -9.852691e-01 -4.481034e+00
         vertex 1.660317e+00 -1.028850e+00 -4.469342e+00
         vertex 1.611427e+00 -9.839678e-01 -4.471334e+00
      endloop
   endfacet
   facet normal -4.055647e-01 -4.039398e-01 8.199695e-01
      outer loop
         vertex 1.593112e+00 -9.852691e-01 -4.481034e+00
         vertex 1.611427e+00 -9.839678e-01 -4.471334e+00
         vertex 1.484634e+00 -8.937828e-01 -4.489619e+00
      endloop
   endfacet
   facet normal -3.785760e-01 -3.593017e-01 8.529845e-01
      outer loop
         vertex 1.484634e+00 -8.937828e-01 -4.489619e+00
         vertex 1.611427e+00 -9.839678e-01 -4.471334e+00
         vertex 1.510786e+00 -8.942609e-01 -4.478214e+00
      endloop
   endfacet
   facet normal -3.808356e-01 -3.425013e-01 8.588697e-01
      outer loop
         vertex 1.484634e+00 -8.937828e-01 -4.489619e+00
         vertex 1.510786e+00 -8.942609e-01 -4.478214e+00
         vertex 1.507674e+00 -8.914855e-01 -4.478487e+00
      endloop
   endfacet
   facet normal -3.470402e-01 -5.608545e-02 9.361717e-01
      outer loop
         vertex 1.074270e+00 -4.798536e-01 -4.560537e+00
         vertex 1.095344e+00 -4.488249e-01 -4.550865e+00
         vertex 1.029398e+00 -4.213871e-01 -4.573668e+00
      endloop
   endfacet
   facet normal -3.430465e-01 -4.475849e-02 9.382514e-01
      outer loop
         vertex 1.029398e+00 -4.213871e-01 -4.573668e+00
         vertex 1.095344e+00 -4.488249e-01 -4.550865e+00
         vertex 1.072301e+00 -4.167678e-01 -4.557761e+00
      endloop
   endfacet
   facet normal -3.427649e-01 -4.729966e-02 9.382297e-01
      outer loop
         vertex 1.029398e+00 -4.213871e-01 -4.573668e+00
         vertex 1.072301e+00 -4.167678e-01 -4.557761e+00
         vertex 9.869876e-01 -3.593610e-01 -4.586035e+00
      endloop
   endfacet
   facet normal -3.393923e-01 -4.155021e-02 9.397268e-01
      outer loop
         vertex 9.869876e-01 -3.593610e-01 -4.586035e+00
         vertex 1.072301e+00 -4.167678e-01 -4.557761e+00
         vertex 1.032140e+00 -3.557537e-01 -4.569568e+00
      endloop
   endfacet
   facet normal -3.390302e-01 -4.578075e-02 9.396609e-01
      outer loop
         vertex 9.869876e-01 -3.593610e-01 -4.586035e+00
         vertex 1.032140e+00 -3.557537e-01 -4.569568e+00
         vertex 9.473868e-01 -2.942890e-01 -4.597153e+00
      endloop
   endfacet
   facet normal -3.287444e-01 -2.006681e-02 9.442057e-01
      outer loop
         vertex 8.215769e-01 -1.778145e-02 -4.632097e+00
         vertex 8.742870e-01 -1.786555e-02 -4.613746e+00
         vertex 7.997914e-01 5.658043e-02 -4.638101e+00
      endloop
   endfacet
   facet normal -3.263748e-01 -1.740958e-02 9.450801e-01
      outer loop
         vertex 7.997914e-01 5.658043e-02 -4.638101e+00
         vertex 8.742870e-01 -1.786555e-02 -4.613746e+00
         vertex 8.506702e-01 6.769111e-02 -4.620326e+00
      endloop
   endfacet
   facet normal -3.279023e-01 -9.745134e-03 9.446614e-01
      outer loop
         vertex 7.997914e-01 5.658043e-02 -4.638101e+00
         vertex 8.506702e-01 6.769111e-02 -4.620326e+00
         vertex 7.826872e-01 1.333509e-01 -4.643247e+00
      endloop
   endfacet
   facet normal -3.257891e-01 -7.294299e-03 9.454143e-01
      outer loop
         vertex 8.506702e-01 6.769111e-02 -4.620326e+00
         vertex 8.374786e-01 1.311275e-01 -4.624383e+00
         vertex 7.826872e-01 1.333509e-01 -4.643247e+00
      endloop
   endfacet
   facet normal -3.255159e-01 4.732908e-04 9.455364e-01
      outer loop
         vertex 7.826872e-01 1.333509e-01 -4.643247e+00
         vertex 8.374786e-01 1.311275e-01 -4.624383e+00
         vertex 8.296194e-01 1.801105e-01 -4.627113e+00
      endloop
   endfacet
   facet normal -3.261894e-01 1.229563e-03 9.453036e-01
      outer loop
         vertex 7.826872e-01 1.333509e-01 -4.643247e+00
         vertex 8.296194e-01 1.801105e-01 -4.627113e+00
         vertex 7.704444e-01 2.113619e-01 -4.647573e+00
      endloop
   endfacet
   facet normal -3.241752e-01 5.486881e-03 9.459811e-01
      outer loop
         vertex 7.704444e-01 2.113619e-01 -4.647573e+00
         vertex 8.296194e-01 1.801105e-01 -4.627113e+00
         vertex 8.260000e-01 2.080030e-01 -4.628515e+00
      endloop
   endfacet
   facet normal -3.238515e-01 1.118631e-02 9.460418e-01
      outer loop
         vertex 7.704444e-01 2.113619e-01 -4.647573e+00
         vertex 8.260000e-01 2.080030e-01 -4.628515e+00
         vertex 7.631434e-01 2.896040e-01 -4.650997e+00
      endloop
   endfacet
   facet normal -3.222714e-01 1.254733e-02 9.465642e-01
      outer loop
         vertex 7.631434e-01 2.896040e-01 -4.650997e+00
         vertex 8.260000e-01 2.080030e-01 -4.628515e+00
         vertex 8.188263e-01 2.937190e-01 -4.632093e+00
      endloop
   endfacet
   facet normal -3.227767e-01 2.084802e-02 9.462455e-01
      outer loop
         vertex 7.631434e-01 2.896040e-01 -4.650997e+00
         vertex 8.188263e-01 2.937190e-01 -4.632093e+00
         vertex 7.610750e-01 3.693870e-01 -4.653460e+00
      endloop
   endfacet
   facet normal -3.215846e-01 2.186589e-02 9.466283e-01
      outer loop
         vertex 7.610750e-01 3.693870e-01 -4.653460e+00
         vertex 8.188263e-01 2.937190e-01 -4.632093e+00
         vertex 8.175605e-01 3.636844e-01 -4.634140e+00
      endloop
   endfacet
   facet normal -3.206446e-01 3.135422e-02 9.466805e-01
      outer loop
         vertex 7.610750e-01 3.693870e-01 -4.653460e+00
         vertex 8.175605e-01 3.636844e-01 -4.634140e+00
         vertex 7.641502e-01 4.480901e-01 -4.655025e+00
      endloop
   endfacet
   facet normal -3.364695e-01 -4.175280e-02 9.407683e-01
      outer loop
         vertex 1.032140e+00 -3.557537e-01 -4.569568e+00
         vertex 9.940494e-01 -2.908945e-01 -4.580313e+00
         vertex 9.473868e-01 -2.942890e-01 -4.597153e+00
      endloop
   endfacet
   facet normal -3.366490e-01 -3.945798e-02 9.408031e-01
      outer loop
         vertex 9.473868e-01 -2.942890e-01 -4.597153e+00
         vertex 9.940494e-01 -2.908945e-01 -4.580313e+00
         vertex 9.730585e-01 -2.520440e-01 -4.586195e+00
      endloop
   endfacet
   facet normal -3.357833e-01 -4.005775e-02 9.410871e-01
      outer loop
         vertex 9.473868e-01 -2.942890e-01 -4.597153e+00
         vertex 9.730585e-01 -2.520440e-01 -4.586195e+00
         vertex 9.107728e-01 -2.275145e-01 -4.607374e+00
      endloop
   endfacet
   facet normal -3.343082e-01 -3.570787e-02 9.417871e-01
      outer loop
         vertex 9.107728e-01 -2.275145e-01 -4.607374e+00
         vertex 9.730585e-01 -2.520440e-01 -4.586195e+00
         vertex 9.591513e-01 -2.249085e-01 -4.590102e+00
      endloop
   endfacet
   facet normal -3.343600e-01 -3.484064e-02 9.418012e-01
      outer loop
         vertex 9.107728e-01 -2.275145e-01 -4.607374e+00
         vertex 9.591513e-01 -2.249085e-01 -4.590102e+00
         vertex 8.774039e-01 -1.593714e-01 -4.616700e+00
      endloop
   endfacet
   facet normal -3.315860e-01 -3.092737e-02 9.429179e-01
      outer loop
         vertex 8.774039e-01 -1.593714e-01 -4.616700e+00
         vertex 9.591513e-01 -2.249085e-01 -4.590102e+00
         vertex 9.181743e-01 -1.363871e-01 -4.601609e+00
      endloop
   endfacet
   facet normal -3.320187e-01 -3.007802e-02 9.427931e-01
      outer loop
         vertex 8.774039e-01 -1.593714e-01 -4.616700e+00
         vertex 9.181743e-01 -1.363871e-01 -4.601609e+00
         vertex 8.475744e-01 -8.964414e-02 -4.624981e+00
      endloop
   endfacet
   facet normal -3.303527e-01 -2.722587e-02 9.434648e-01
      outer loop
         vertex 8.475744e-01 -8.964414e-02 -4.624981e+00
         vertex 9.181743e-01 -1.363871e-01 -4.601609e+00
         vertex 8.989885e-01 -8.875963e-02 -4.606952e+00
      endloop
   endfacet
   facet normal -3.303801e-01 -2.609120e-02 9.434873e-01
      outer loop
         vertex 8.475744e-01 -8.964414e-02 -4.624981e+00
         vertex 8.989885e-01 -8.875963e-02 -4.606952e+00
         vertex 8.215769e-01 -1.778145e-02 -4.632097e+00
      endloop
   endfacet
   facet normal -3.291614e-01 -2.459697e-02 9.439533e-01
      outer loop
         vertex 8.215769e-01 -1.778145e-02 -4.632097e+00
         vertex 8.989885e-01 -8.875963e-02 -4.606952e+00
         vertex 8.795682e-01 -3.420599e-02 -4.612303e+00
      endloop
   endfacet
   facet normal -3.287288e-01 -2.283490e-02 9.441482e-01
      outer loop
         vertex 8.215769e-01 -1.778145e-02 -4.632097e+00
         vertex 8.795682e-01 -3.420599e-02 -4.612303e+00
         vertex 8.742870e-01 -1.786555e-02 -4.613746e+00
      endloop
   endfacet
   facet normal -3.660894e-01 -2.773629e-01 8.882839e-01
      outer loop
         vertex 1.455515e+00 -8.442677e-01 -4.483589e+00
         vertex 1.403687e+00 -7.951904e-01 -4.489625e+00
         vertex 1.375977e+00 -7.983694e-01 -4.502038e+00
      endloop
   endfacet
   facet normal -3.693105e-01 -2.621244e-01 8.915720e-01
      outer loop
         vertex 1.375977e+00 -7.983694e-01 -4.502038e+00
         vertex 1.403687e+00 -7.951904e-01 -4.489625e+00
         vertex 1.399392e+00 -7.909865e-01 -4.490168e+00
      endloop
   endfacet
   facet normal -3.711734e-01 -2.572533e-01 8.922170e-01
      outer loop
         vertex 1.375977e+00 -7.983694e-01 -4.502038e+00
         vertex 1.399392e+00 -7.909865e-01 -4.490168e+00
         vertex 1.322667e+00 -7.474039e-01 -4.509521e+00
      endloop
   endfacet
   facet normal -3.625109e-01 -2.380778e-01 9.010576e-01
      outer loop
         vertex 1.322667e+00 -7.474039e-01 -4.509521e+00
         vertex 1.399392e+00 -7.909865e-01 -4.490168e+00
         vertex 1.352684e+00 -7.439088e-01 -4.496521e+00
      endloop
   endfacet
   facet normal -3.657424e-01 -2.213295e-01 9.040165e-01
      outer loop
         vertex 1.322667e+00 -7.474039e-01 -4.509521e+00
         vertex 1.352684e+00 -7.439088e-01 -4.496521e+00
         vertex 1.270368e+00 -6.951184e-01 -4.517879e+00
      endloop
   endfacet
   facet normal -3.535539e-01 -1.961224e-01 9.146232e-01
      outer loop
         vertex 1.270368e+00 -6.951184e-01 -4.517879e+00
         vertex 1.352684e+00 -7.439088e-01 -4.496521e+00
         vertex 1.284688e+00 -6.720865e-01 -4.507404e+00
      endloop
   endfacet
   facet normal -3.684272e-01 -1.852338e-01 9.110158e-01
      outer loop
         vertex 1.270368e+00 -6.951184e-01 -4.517879e+00
         vertex 1.284688e+00 -6.720865e-01 -4.507404e+00
         vertex 1.169365e+00 -5.893830e-01 -4.537227e+00
      endloop
   endfacet
   facet normal -3.487156e-01 -1.528184e-01 9.246859e-01
      outer loop
         vertex 1.169365e+00 -5.893830e-01 -4.537227e+00
         vertex 1.284688e+00 -6.720865e-01 -4.507404e+00
         vertex 1.206071e+00 -5.850334e-01 -4.522665e+00
      endloop
   endfacet
   facet normal -3.526750e-01 -1.273051e-01 9.270457e-01
      outer loop
         vertex 1.169365e+00 -5.893830e-01 -4.537227e+00
         vertex 1.206071e+00 -5.850334e-01 -4.522665e+00
         vertex 1.121028e+00 -5.355276e-01 -4.548220e+00
      endloop
   endfacet
   facet normal -3.502742e-01 -1.223685e-01 9.286194e-01
      outer loop
         vertex 1.121028e+00 -5.355276e-01 -4.548220e+00
         vertex 1.206071e+00 -5.850334e-01 -4.522665e+00
         vertex 1.171782e+00 -5.451434e-01 -4.530343e+00
      endloop
   endfacet
   facet normal -3.450239e-01 -8.293910e-02 9.349222e-01
      outer loop
         vertex 1.121028e+00 -5.355276e-01 -4.548220e+00
         vertex 1.171782e+00 -5.451434e-01 -4.530343e+00
         vertex 1.074270e+00 -4.798536e-01 -4.560537e+00
      endloop
   endfacet
   facet normal -3.439869e-01 -8.114058e-02 9.354620e-01
      outer loop
         vertex 1.074270e+00 -4.798536e-01 -4.560537e+00
         vertex 1.171782e+00 -5.451434e-01 -4.530343e+00
         vertex 1.115166e+00 -4.750750e-01 -4.545084e+00
      endloop
   endfacet
   facet normal -3.471783e-01 -5.597768e-02 9.361270e-01
      outer loop
         vertex 1.074270e+00 -4.798536e-01 -4.560537e+00
         vertex 1.115166e+00 -4.750750e-01 -4.545084e+00
         vertex 1.095344e+00 -4.488249e-01 -4.550865e+00
      endloop
   endfacet
   facet normal -4.819688e-01 7.250645e-02 8.731832e-01
      outer loop
         vertex 1.940485e+00 2.096104e+00 -4.478448e+00
         vertex 1.937637e+00 2.095863e+00 -4.480000e+00
         vertex 1.940068e+00 2.092763e+00 -4.478401e+00
      endloop
   endfacet
   facet normal -4.670400e-01 8.766795e-02 8.798795e-01
      outer loop
         vertex 1.940068e+00 2.092763e+00 -4.478401e+00
         vertex 1.937637e+00 2.095863e+00 -4.480000e+00
         vertex 1.937153e+00 2.092066e+00 -4.479879e+00
      endloop
   endfacet
   facet normal -4.565708e-01 2.378481e-02 8.893691e-01
      outer loop
         vertex 1.940068e+00 2.092763e+00 -4.478401e+00
         vertex 1.937153e+00 2.092066e+00 -4.479879e+00
         vertex 1.940050e+00 2.085974e+00 -4.478228e+00
      endloop
   endfacet
   facet normal -4.271712e-01 4.151985e-02 9.032170e-01
      outer loop
         vertex 1.940050e+00 2.085974e+00 -4.478228e+00
         vertex 1.937153e+00 2.092066e+00 -4.479879e+00
         vertex 1.937047e+00 2.088243e+00 -4.479753e+00
      endloop
   endfacet
   facet normal -4.576346e-01 -8.284584e-03 8.891017e-01
      outer loop
         vertex 1.940050e+00 2.085974e+00 -4.478228e+00
         vertex 1.937047e+00 2.088243e+00 -4.479753e+00
         vertex 1.937692e+00 2.080541e+00 -4.479493e+00
      endloop
   endfacet
   facet normal -3.236953e-01 2.918393e-02 9.457112e-01
      outer loop
         vertex 8.175605e-01 3.636844e-01 -4.634140e+00
         vertex 8.188438e-01 4.087311e-01 -4.635090e+00
         vertex 7.641502e-01 4.480901e-01 -4.655025e+00
      endloop
   endfacet
   facet normal -3.198208e-01 3.513280e-02 9.468265e-01
      outer loop
         vertex 7.641502e-01 4.480901e-01 -4.655025e+00
         vertex 8.188438e-01 4.087311e-01 -4.635090e+00
         vertex 8.207946e-01 4.412355e-01 -4.635638e+00
      endloop
   endfacet
   facet normal -3.186971e-01 4.439052e-02 9.468166e-01
      outer loop
         vertex 7.641502e-01 4.480901e-01 -4.655025e+00
         vertex 8.207946e-01 4.412355e-01 -4.635638e+00
         vertex 7.716744e-01 5.185075e-01 -4.655794e+00
      endloop
   endfacet
   facet normal -3.184961e-01 4.453420e-02 9.468775e-01
      outer loop
         vertex 7.716744e-01 5.185075e-01 -4.655794e+00
         vertex 8.207946e-01 4.412355e-01 -4.635638e+00
         vertex 8.283118e-01 5.108379e-01 -4.636383e+00
      endloop
   endfacet
   facet normal -3.181524e-01 4.705609e-02 9.468710e-01
      outer loop
         vertex 7.716744e-01 5.185075e-01 -4.655794e+00
         vertex 8.283118e-01 5.108379e-01 -4.636383e+00
         vertex 7.821966e-01 5.774683e-01 -4.655189e+00
      endloop
   endfacet
   facet normal -3.182191e-01 4.700435e-02 9.468512e-01
      outer loop
         vertex 7.821966e-01 5.774683e-01 -4.655189e+00
         vertex 8.283118e-01 5.108379e-01 -4.636383e+00
         vertex 8.386844e-01 5.694191e-01 -4.635805e+00
      endloop
   endfacet
   facet normal -3.199726e-01 3.456567e-02 9.467960e-01
      outer loop
         vertex 7.821966e-01 5.774683e-01 -4.655189e+00
         vertex 8.386844e-01 5.694191e-01 -4.635805e+00
         vertex 7.949751e-01 6.268300e-01 -4.652672e+00
      endloop
   endfacet
   facet normal -3.168724e-01 3.720279e-02 9.477383e-01
      outer loop
         vertex 7.949751e-01 6.268300e-01 -4.652672e+00
         vertex 8.386844e-01 5.694191e-01 -4.635805e+00
         vertex 8.441483e-01 5.930037e-01 -4.634904e+00
      endloop
   endfacet
   facet normal -3.206683e-01 3.112874e-02 9.466799e-01
      outer loop
         vertex 7.949751e-01 6.268300e-01 -4.652672e+00
         vertex 8.441483e-01 5.930037e-01 -4.634904e+00
         vertex 8.511705e-01 6.187494e-01 -4.633372e+00
      endloop
   endfacet
   facet normal -4.758113e-01 -5.936732e-02 -8.775415e-01
      outer loop
         vertex 1.940358e+00 -1.400290e+00 -4.481553e+00
         vertex 1.937501e+00 -1.400337e+00 -4.480000e+00
         vertex 1.939638e+00 -1.396532e+00 -4.481416e+00
      endloop
   endfacet
   facet normal -4.552705e-01 -7.451303e-02 -8.872297e-01
      outer loop
         vertex 1.939638e+00 -1.396532e+00 -4.481416e+00
         vertex 1.937501e+00 -1.400337e+00 -4.480000e+00
         vertex 1.936747e+00 -1.396578e+00 -4.479929e+00
      endloop
   endfacet
   facet normal -4.571803e-01 -1.750329e-02 -8.892018e-01
      outer loop
         vertex 1.939638e+00 -1.396532e+00 -4.481416e+00
         vertex 1.936747e+00 -1.396578e+00 -4.479929e+00
         vertex 1.939277e+00 -1.392724e+00 -4.481305e+00
      endloop
   endfacet
   facet normal -4.460648e-01 -2.672889e-02 -8.946015e-01
      outer loop
         vertex 1.939277e+00 -1.392724e+00 -4.481305e+00
         vertex 1.936747e+00 -1.396578e+00 -4.479929e+00
         vertex 1.936369e+00 -1.392769e+00 -4.479854e+00
      endloop
   endfacet
   facet normal -4.467194e-01 2.275689e-02 -8.943846e-01
      outer loop
         vertex 1.939277e+00 -1.392724e+00 -4.481305e+00
         vertex 1.936369e+00 -1.392769e+00 -4.479854e+00
         vertex 1.939366e+00 -1.384994e+00 -4.481153e+00
      endloop
   endfacet
   facet normal -4.481834e-01 2.344640e-02 -8.936341e-01
      outer loop
         vertex 1.939366e+00 -1.384994e+00 -4.481153e+00
         vertex 1.936369e+00 -1.392769e+00 -4.479854e+00
         vertex 1.936464e+00 -1.385039e+00 -4.479699e+00
      endloop
   endfacet
   facet normal -4.480549e-01 5.181896e-02 -8.925030e-01
      outer loop
         vertex 1.939366e+00 -1.384994e+00 -4.481153e+00
         vertex 1.936464e+00 -1.385039e+00 -4.479699e+00
         vertex 1.940971e+00 -1.369334e+00 -4.481050e+00
      endloop
   endfacet
   facet normal -5.092759e-01 7.239125e-02 -8.575532e-01
      outer loop
         vertex 1.940971e+00 -1.369334e+00 -4.481050e+00
         vertex 1.936464e+00 -1.385039e+00 -4.479699e+00
         vertex 1.938150e+00 -1.369383e+00 -4.479379e+00
      endloop
   endfacet
   facet normal -5.098029e-01 3.876084e-02 -8.594176e-01
      outer loop
         vertex 1.940971e+00 -1.369334e+00 -4.481050e+00
         vertex 1.938150e+00 -1.369383e+00 -4.479379e+00
         vertex 1.942269e+00 -1.353729e+00 -4.481116e+00
      endloop
   endfacet
   facet normal -5.971675e-01 6.843400e-02 -7.991919e-01
      outer loop
         vertex 1.942269e+00 -1.353729e+00 -4.481116e+00
         vertex 1.938150e+00 -1.369383e+00 -4.479379e+00
         vertex 1.939515e+00 -1.353785e+00 -4.479063e+00
      endloop
   endfacet
   facet normal -5.972863e-01 -2.067840e-02 -8.017615e-01
      outer loop
         vertex 1.942269e+00 -1.353729e+00 -4.481116e+00
         vertex 1.939515e+00 -1.353785e+00 -4.479063e+00
         vertex 1.941948e+00 -1.338379e+00 -4.481273e+00
      endloop
   endfacet
   facet normal -6.726833e-01 9.452532e-05 -7.399305e-01
      outer loop
         vertex 1.941948e+00 -1.338379e+00 -4.481273e+00
         vertex 1.939515e+00 -1.353785e+00 -4.479063e+00
         vertex 1.939183e+00 -1.338443e+00 -4.478759e+00
      endloop
   endfacet
   facet normal -6.671453e-01 -1.104721e-01 -7.366906e-01
      outer loop
         vertex 1.941948e+00 -1.338379e+00 -4.481273e+00
         vertex 1.939183e+00 -1.338443e+00 -4.478759e+00
         vertex 1.940799e+00 -1.330857e+00 -4.481360e+00
      endloop
   endfacet
   facet normal -6.936241e-01 -9.697229e-02 -7.137801e-01
      outer loop
         vertex 1.940799e+00 -1.330857e+00 -4.481360e+00
         vertex 1.939183e+00 -1.338443e+00 -4.478759e+00
         vertex 1.937981e+00 -1.330927e+00 -4.478612e+00
      endloop
   endfacet
   facet normal -6.825720e-01 -1.929421e-01 -7.048893e-01
      outer loop
         vertex 1.940799e+00 -1.330857e+00 -4.481360e+00
         vertex 1.937981e+00 -1.330927e+00 -4.478612e+00
         vertex 1.938795e+00 -1.323469e+00 -4.481442e+00
      endloop
   endfacet
   facet normal -6.995290e-01 -1.854845e-01 -6.901120e-01
      outer loop
         vertex 1.938795e+00 -1.323469e+00 -4.481442e+00
         vertex 1.937981e+00 -1.330927e+00 -4.478612e+00
         vertex 1.935882e+00 -1.323544e+00 -4.478469e+00
      endloop
   endfacet
   facet normal -6.826180e-01 -2.778832e-01 -6.758799e-01
      outer loop
         vertex 1.938795e+00 -1.323469e+00 -4.481442e+00
         vertex 1.935882e+00 -1.323544e+00 -4.478469e+00
         vertex 1.935913e+00 -1.316218e+00 -4.481512e+00
      endloop
   endfacet
   facet normal -6.907153e-01 -2.749207e-01 -6.688280e-01
      outer loop
         vertex 1.935913e+00 -1.316218e+00 -4.481512e+00
         vertex 1.935882e+00 -1.323544e+00 -4.478469e+00
         vertex 1.932864e+00 -1.316299e+00 -4.478331e+00
      endloop
   endfacet
   facet normal -6.715939e-01 -3.511326e-01 -6.524320e-01
      outer loop
         vertex 1.935913e+00 -1.316218e+00 -4.481512e+00
         vertex 1.932864e+00 -1.316299e+00 -4.478331e+00
         vertex 1.932246e+00 -1.309094e+00 -4.481572e+00
      endloop
   endfacet
   facet normal -6.729823e-01 -3.507099e-01 -6.512276e-01
      outer loop
         vertex 1.932246e+00 -1.309094e+00 -4.481572e+00
         vertex 1.932864e+00 -1.316299e+00 -4.478331e+00
         vertex 1.929024e+00 -1.309180e+00 -4.478196e+00
      endloop
   endfacet
   facet normal -6.456653e-01 -4.354360e-01 -6.273052e-01
      outer loop
         vertex 1.932246e+00 -1.309094e+00 -4.481572e+00
         vertex 1.929024e+00 -1.309180e+00 -4.478196e+00
         vertex 1.922948e+00 -1.295177e+00 -4.481662e+00
      endloop
   endfacet
   facet normal -6.371948e-01 -4.341133e-01 -6.368111e-01
      outer loop
         vertex 1.922948e+00 -1.295177e+00 -4.481662e+00
         vertex 1.929024e+00 -1.309180e+00 -4.478196e+00
         vertex 1.919284e+00 -1.295273e+00 -4.477930e+00
      endloop
   endfacet
   facet normal -6.081108e-01 -5.078601e-01 -6.101470e-01
      outer loop
         vertex 1.922948e+00 -1.295177e+00 -4.481662e+00
         vertex 1.919284e+00 -1.295273e+00 -4.477930e+00
         vertex 1.911679e+00 -1.281620e+00 -4.481714e+00
      endloop
   endfacet
   facet normal -5.927955e-01 -5.042614e-01 -6.279442e-01
      outer loop
         vertex 1.911679e+00 -1.281620e+00 -4.481714e+00
         vertex 1.919284e+00 -1.295273e+00 -4.477930e+00
         vertex 1.907478e+00 -1.281726e+00 -4.477664e+00
      endloop
   endfacet
   facet normal -5.730934e-01 -5.487141e-01 -6.086681e-01
      outer loop
         vertex 1.911679e+00 -1.281620e+00 -4.481714e+00
         vertex 1.907478e+00 -1.281726e+00 -4.477664e+00
         vertex 1.861399e+00 -1.229194e+00 -4.481635e+00
      endloop
   endfacet
   facet normal -5.238594e-01 -5.110308e-01 -6.814828e-01
      outer loop
         vertex 1.861399e+00 -1.229194e+00 -4.481635e+00
         vertex 1.907478e+00 -1.281726e+00 -4.477664e+00
         vertex 1.854801e+00 -1.229326e+00 -4.476464e+00
      endloop
   endfacet
   facet normal -5.302573e-01 -4.937821e-01 -6.892071e-01
      outer loop
         vertex 1.861399e+00 -1.229194e+00 -4.481635e+00
         vertex 1.854801e+00 -1.229326e+00 -4.476464e+00
         vertex 1.813743e+00 -1.178092e+00 -4.481582e+00
      endloop
   endfacet
   facet normal -5.011635e-01 -4.739453e-01 -7.240241e-01
      outer loop
         vertex 1.813743e+00 -1.178092e+00 -4.481582e+00
         vertex 1.854801e+00 -1.229326e+00 -4.476464e+00
         vertex 1.804874e+00 -1.178227e+00 -4.475355e+00
      endloop
   endfacet
   facet normal -4.941122e-01 -4.953998e-01 -7.144454e-01
      outer loop
         vertex 1.813743e+00 -1.178092e+00 -4.481582e+00
         vertex 1.804874e+00 -1.178227e+00 -4.475355e+00
         vertex 1.765066e+00 -1.128368e+00 -4.482396e+00
      endloop
   endfacet
   facet normal -4.713664e-01 -4.807603e-01 -7.393803e-01
      outer loop
         vertex 1.765066e+00 -1.128368e+00 -4.482396e+00
         vertex 1.804874e+00 -1.178227e+00 -4.475355e+00
         vertex 1.753891e+00 -1.128484e+00 -4.475196e+00
      endloop
   endfacet
   facet normal -4.616398e-01 -5.114550e-01 -7.247775e-01
      outer loop
         vertex 1.765066e+00 -1.128368e+00 -4.482396e+00
         vertex 1.753891e+00 -1.128484e+00 -4.475196e+00
         vertex 1.714292e+00 -1.079840e+00 -4.484301e+00
      endloop
   endfacet
   facet normal -4.414946e-01 -4.989763e-01 -7.457246e-01
      outer loop
         vertex 1.714292e+00 -1.079840e+00 -4.484301e+00
         vertex 1.753891e+00 -1.128484e+00 -4.475196e+00
         vertex 1.700729e+00 -1.079924e+00 -4.476215e+00
      endloop
   endfacet
   facet normal -4.343817e-01 -5.220213e-01 -7.340343e-01
      outer loop
         vertex 1.714292e+00 -1.079840e+00 -4.484301e+00
         vertex 1.700729e+00 -1.079924e+00 -4.476215e+00
         vertex 1.611473e+00 -9.852364e-01 -4.490735e+00
      endloop
   endfacet
   facet normal -4.042191e-01 -4.986143e-01 -7.668055e-01
      outer loop
         vertex 1.611473e+00 -9.852364e-01 -4.490735e+00
         vertex 1.700729e+00 -1.079924e+00 -4.476215e+00
         vertex 1.593112e+00 -9.852691e-01 -4.481034e+00
      endloop
   endfacet
   facet normal -3.953102e-01 -5.302415e-01 -7.500491e-01
      outer loop
         vertex 1.611473e+00 -9.852364e-01 -4.490735e+00
         vertex 1.593112e+00 -9.852691e-01 -4.481034e+00
         vertex 1.507788e+00 -8.937657e-01 -4.500752e+00
      endloop
   endfacet
   facet normal -3.715991e-01 -5.132162e-01 -7.736429e-01
      outer loop
         vertex 1.507788e+00 -8.937657e-01 -4.500752e+00
         vertex 1.593112e+00 -9.852691e-01 -4.481034e+00
         vertex 1.484634e+00 -8.937828e-01 -4.489619e+00
      endloop
   endfacet
   facet normal -3.700256e-01 -5.192268e-01 -7.703795e-01
      outer loop
         vertex 1.507788e+00 -8.937657e-01 -4.500752e+00
         vertex 1.484634e+00 -8.937828e-01 -4.489619e+00
         vertex 1.455666e+00 -8.470991e-01 -4.507170e+00
      endloop
   endfacet
   facet normal -3.601016e-01 -5.157124e-01 -7.774109e-01
      outer loop
         vertex 1.455666e+00 -8.470991e-01 -4.507170e+00
         vertex 1.484634e+00 -8.937828e-01 -4.489619e+00
         vertex 1.430132e+00 -8.470425e-01 -4.495380e+00
      endloop
   endfacet
   facet normal -3.627624e-01 -5.049372e-01 -7.832253e-01
      outer loop
         vertex 1.455666e+00 -8.470991e-01 -4.507170e+00
         vertex 1.430132e+00 -8.470425e-01 -4.495380e+00
         vertex 1.403868e+00 -7.985928e-01 -4.514450e+00
      endloop
   endfacet
   facet normal -3.548493e-01 -5.026476e-01 -7.883066e-01
      outer loop
         vertex 1.403868e+00 -7.985928e-01 -4.514450e+00
         vertex 1.430132e+00 -8.470425e-01 -4.495380e+00
         vertex 1.375977e+00 -7.983694e-01 -4.502038e+00
      endloop
   endfacet
   facet normal -3.583273e-01 -4.871840e-01 -7.964002e-01
      outer loop
         vertex 1.403868e+00 -7.985928e-01 -4.514450e+00
         vertex 1.375977e+00 -7.983694e-01 -4.502038e+00
         vertex 1.352883e+00 -7.479004e-01 -4.522521e+00
      endloop
   endfacet
   facet normal -3.521631e-01 -4.858153e-01 -7.999779e-01
      outer loop
         vertex 1.352883e+00 -7.479004e-01 -4.522521e+00
         vertex 1.375977e+00 -7.983694e-01 -4.502038e+00
         vertex 1.322667e+00 -7.474039e-01 -4.509521e+00
      endloop
   endfacet
   facet normal -3.536813e-01 -4.783608e-01 -8.037913e-01
      outer loop
         vertex 1.352883e+00 -7.479004e-01 -4.522521e+00
         vertex 1.322667e+00 -7.474039e-01 -4.509521e+00
         vertex 1.302869e+00 -6.959452e-01 -4.531434e+00
      endloop
   endfacet
   facet normal -3.485161e-01 -4.775402e-01 -8.065308e-01
      outer loop
         vertex 1.302869e+00 -6.959452e-01 -4.531434e+00
         vertex 1.322667e+00 -7.474039e-01 -4.509521e+00
         vertex 1.270368e+00 -6.951184e-01 -4.517879e+00
      endloop
   endfacet
   facet normal -3.486120e-01 -4.770289e-01 -8.067919e-01
      outer loop
         vertex 1.302869e+00 -6.959452e-01 -4.531434e+00
         vertex 1.270368e+00 -6.951184e-01 -4.517879e+00
         vertex 1.206295e+00 -5.909445e-01 -4.551788e+00
      endloop
   endfacet
   facet normal -3.403090e-01 -4.737070e-01 -8.122755e-01
      outer loop
         vertex 1.206295e+00 -5.909445e-01 -4.551788e+00
         vertex 1.270368e+00 -6.951184e-01 -4.517879e+00
         vertex 1.169365e+00 -5.893830e-01 -4.537227e+00
      endloop
   endfacet
   facet normal -3.410056e-01 -4.693502e-01 -8.145094e-01
      outer loop
         vertex 1.206295e+00 -5.909445e-01 -4.551788e+00
         vertex 1.169365e+00 -5.893830e-01 -4.537227e+00
         vertex 1.160084e+00 -5.375117e-01 -4.563231e+00
      endloop
   endfacet
   facet normal -3.374521e-01 -4.694321e-01 -8.159409e-01
      outer loop
         vertex 1.160084e+00 -5.375117e-01 -4.563231e+00
         vertex 1.169365e+00 -5.893830e-01 -4.537227e+00
         vertex 1.121028e+00 -5.355276e-01 -4.548220e+00
      endloop
   endfacet
   facet normal -3.384113e-01 -4.628274e-01 -8.193098e-01
      outer loop
         vertex 1.160084e+00 -5.375117e-01 -4.563231e+00
         vertex 1.121028e+00 -5.355276e-01 -4.548220e+00
         vertex 1.115375e+00 -4.822348e-01 -4.575990e+00
      endloop
   endfacet
   facet normal -3.352714e-01 -4.630894e-01 -8.204519e-01
      outer loop
         vertex 1.115375e+00 -4.822348e-01 -4.575990e+00
         vertex 1.121028e+00 -5.355276e-01 -4.548220e+00
         vertex 1.074270e+00 -4.798536e-01 -4.560537e+00
      endloop
   endfacet
   facet normal -3.378130e-01 -4.433519e-01 -8.302539e-01
      outer loop
         vertex 1.115375e+00 -4.822348e-01 -4.575990e+00
         vertex 1.074270e+00 -4.798536e-01 -4.560537e+00
         vertex 1.072463e+00 -4.240988e-01 -4.589574e+00
      endloop
   endfacet
   facet normal -3.349565e-01 -4.437508e-01 -8.311975e-01
      outer loop
         vertex 1.072463e+00 -4.240988e-01 -4.589574e+00
         vertex 1.074270e+00 -4.798536e-01 -4.560537e+00
         vertex 1.029398e+00 -4.213871e-01 -4.573668e+00
      endloop
   endfacet
   facet normal -3.396289e-01 -3.998645e-01 -8.513287e-01
      outer loop
         vertex 1.072463e+00 -4.240988e-01 -4.589574e+00
         vertex 1.029398e+00 -4.213871e-01 -4.573668e+00
         vertex 1.031911e+00 -3.623291e-01 -4.602409e+00
      endloop
   endfacet
   facet normal -3.370500e-01 -4.003596e-01 -8.521206e-01
      outer loop
         vertex 1.031911e+00 -3.623291e-01 -4.602409e+00
         vertex 1.029398e+00 -4.213871e-01 -4.573668e+00
         vertex 9.869876e-01 -3.593610e-01 -4.586035e+00
      endloop
   endfacet
   facet normal -3.408114e-01 -3.544162e-01 -8.707679e-01
      outer loop
         vertex 1.031911e+00 -3.623291e-01 -4.602409e+00
         vertex 9.869876e-01 -3.593610e-01 -4.586035e+00
         vertex 9.940643e-01 -2.974773e-01 -4.613992e+00
      endloop
   endfacet
   facet normal -3.386191e-01 -3.549542e-01 -8.714038e-01
      outer loop
         vertex 9.940643e-01 -2.974773e-01 -4.613992e+00
         vertex 9.869876e-01 -3.593610e-01 -4.586035e+00
         vertex 9.473868e-01 -2.942890e-01 -4.597153e+00
      endloop
   endfacet
   facet normal -3.407457e-01 -3.206022e-01 -8.838024e-01
      outer loop
         vertex 9.940643e-01 -2.974773e-01 -4.613992e+00
         vertex 9.473868e-01 -2.942890e-01 -4.597153e+00
         vertex 9.590990e-01 -2.309470e-01 -4.624646e+00
      endloop
   endfacet
   facet normal -3.388600e-01 -3.211752e-01 -8.843192e-01
      outer loop
         vertex 9.590990e-01 -2.309470e-01 -4.624646e+00
         vertex 9.473868e-01 -2.942890e-01 -4.597153e+00
         vertex 9.107728e-01 -2.275145e-01 -4.607374e+00
      endloop
   endfacet
   facet normal -3.403662e-01 -2.877963e-01 -8.951671e-01
      outer loop
         vertex 9.590990e-01 -2.309470e-01 -4.624646e+00
         vertex 9.107728e-01 -2.275145e-01 -4.607374e+00
         vertex 9.272652e-01 -1.630629e-01 -4.634366e+00
      endloop
   endfacet
   facet normal -3.386748e-01 -2.884144e-01 -8.956096e-01
      outer loop
         vertex 9.272652e-01 -1.630629e-01 -4.634366e+00
         vertex 9.107728e-01 -2.275145e-01 -4.607374e+00
         vertex 8.774039e-01 -1.593714e-01 -4.616700e+00
      endloop
   endfacet
   facet normal -3.397167e-01 -2.517146e-01 -9.062187e-01
      outer loop
         vertex 9.272652e-01 -1.630629e-01 -4.634366e+00
         vertex 8.774039e-01 -1.593714e-01 -4.616700e+00
         vertex 8.988444e-01 -9.359406e-02 -4.643008e+00
      endloop
   endfacet
   facet normal -3.382217e-01 -2.523544e-01 -9.065999e-01
      outer loop
         vertex 8.988444e-01 -9.359406e-02 -4.643008e+00
         vertex 8.774039e-01 -1.593714e-01 -4.616700e+00
         vertex 8.475744e-01 -8.964414e-02 -4.624981e+00
      endloop
   endfacet
   facet normal -3.386667e-01 -2.123708e-01 -9.166261e-01
      outer loop
         vertex 8.988444e-01 -9.359406e-02 -4.643008e+00
         vertex 8.475744e-01 -8.964414e-02 -4.624981e+00
         vertex 8.741140e-01 -2.204895e-02 -4.650447e+00
      endloop
   endfacet
   facet normal -3.375558e-01 -2.129138e-01 -9.169099e-01
      outer loop
         vertex 8.741140e-01 -2.204895e-02 -4.650447e+00
         vertex 8.475744e-01 -8.964414e-02 -4.624981e+00
         vertex 8.215769e-01 -1.778145e-02 -4.632097e+00
      endloop
   endfacet
   facet normal -3.372699e-01 -1.729507e-01 -9.253848e-01
      outer loop
         vertex 8.741140e-01 -2.204895e-02 -4.650447e+00
         vertex 8.215769e-01 -1.778145e-02 -4.632097e+00
         vertex 8.534384e-01 5.188640e-02 -4.656730e+00
      endloop
   endfacet
   facet normal -3.365606e-01 -1.733406e-01 -9.255701e-01
      outer loop
         vertex 8.534384e-01 5.188640e-02 -4.656730e+00
         vertex 8.215769e-01 -1.778145e-02 -4.632097e+00
         vertex 7.997914e-01 5.658043e-02 -4.638101e+00
      endloop
   endfacet
   facet normal -3.356071e-01 -1.369525e-01 -9.319935e-01
      outer loop
         vertex 8.534384e-01 5.188640e-02 -4.656730e+00
         vertex 7.997914e-01 5.658043e-02 -4.638101e+00
         vertex 8.372731e-01 1.281139e-01 -4.662110e+00
      endloop
   endfacet
   facet normal -3.352640e-01 -1.371633e-01 -9.320860e-01
      outer loop
         vertex 8.372731e-01 1.281139e-01 -4.662110e+00
         vertex 7.997914e-01 5.658043e-02 -4.638101e+00
         vertex 7.826872e-01 1.333509e-01 -4.643247e+00
      endloop
   endfacet
   facet normal -3.337569e-01 -1.041626e-01 -9.368866e-01
      outer loop
         vertex 8.372731e-01 1.281139e-01 -4.662110e+00
         vertex 7.826872e-01 1.333509e-01 -4.643247e+00
         vertex 8.257962e-01 2.055405e-01 -4.666630e+00
      endloop
   endfacet
   facet normal -3.335523e-01 -1.043034e-01 -9.369438e-01
      outer loop
         vertex 8.257962e-01 2.055405e-01 -4.666630e+00
         vertex 7.826872e-01 1.333509e-01 -4.643247e+00
         vertex 7.704444e-01 2.113619e-01 -4.647573e+00
      endloop
   endfacet
   facet normal -3.314513e-01 -7.194834e-02 -9.407250e-01
      outer loop
         vertex 8.257962e-01 2.055405e-01 -4.666630e+00
         vertex 7.704444e-01 2.113619e-01 -4.647573e+00
         vertex 8.190862e-01 2.832239e-01 -4.670207e+00
      endloop
   endfacet
   facet normal -3.312703e-01 -7.208762e-02 -9.407781e-01
      outer loop
         vertex 8.190862e-01 2.832239e-01 -4.670207e+00
         vertex 7.704444e-01 2.113619e-01 -4.647573e+00
         vertex 7.631434e-01 2.896040e-01 -4.650997e+00
      endloop
   endfacet
   facet normal -3.283773e-01 -3.763310e-02 -9.437966e-01
      outer loop
         vertex 8.190862e-01 2.832239e-01 -4.670207e+00
         vertex 7.631434e-01 2.896040e-01 -4.650997e+00
         vertex 8.174134e-01 3.623776e-01 -4.672781e+00
      endloop
   endfacet
   facet normal -3.283536e-01 -3.765301e-02 -9.438041e-01
      outer loop
         vertex 8.174134e-01 3.623776e-01 -4.672781e+00
         vertex 7.631434e-01 2.896040e-01 -4.650997e+00
         vertex 7.610750e-01 3.693870e-01 -4.653460e+00
      endloop
   endfacet
   facet normal -3.250640e-01 -6.062334e-03 -9.456726e-01
      outer loop
         vertex 8.174134e-01 3.623776e-01 -4.672781e+00
         vertex 7.610750e-01 3.693870e-01 -4.653460e+00
         vertex 8.207042e-01 4.405260e-01 -4.674413e+00
      endloop
   endfacet
   facet normal -3.250169e-01 -6.106539e-03 -9.456885e-01
      outer loop
         vertex 8.207042e-01 4.405260e-01 -4.674413e+00
         vertex 7.610750e-01 3.693870e-01 -4.653460e+00
         vertex 7.641502e-01 4.480901e-01 -4.655025e+00
      endloop
   endfacet
   facet normal -3.213097e-01 2.411869e-02 -9.466670e-01
      outer loop
         vertex 8.207042e-01 4.405260e-01 -4.674413e+00
         vertex 7.641502e-01 4.480901e-01 -4.655025e+00
         vertex 8.283196e-01 5.108890e-01 -4.675205e+00
      endloop
   endfacet
   facet normal -3.211914e-01 2.398378e-02 -9.467106e-01
      outer loop
         vertex 8.283196e-01 5.108890e-01 -4.675205e+00
         vertex 7.641502e-01 4.480901e-01 -4.655025e+00
         vertex 7.716744e-01 5.185075e-01 -4.655794e+00
      endloop
   endfacet
   facet normal -3.155541e-01 6.569505e-02 -9.466307e-01
      outer loop
         vertex 8.283196e-01 5.108890e-01 -4.675205e+00
         vertex 7.716744e-01 5.185075e-01 -4.655794e+00
         vertex 8.388187e-01 5.704316e-01 -4.674573e+00
      endloop
   endfacet
   facet normal -3.158191e-01 6.607938e-02 -9.465156e-01
      outer loop
         vertex 8.388187e-01 5.704316e-01 -4.674573e+00
         vertex 7.716744e-01 5.185075e-01 -4.655794e+00
         vertex 7.821966e-01 5.774683e-01 -4.655189e+00
      endloop
   endfacet
   facet normal -3.073308e-01 1.254989e-01 -9.432909e-01
      outer loop
         vertex 8.388187e-01 5.704316e-01 -4.674573e+00
         vertex 7.821966e-01 5.774683e-01 -4.655189e+00
         vertex 8.514327e-01 6.208625e-01 -4.671973e+00
      endloop
   endfacet
   facet normal -3.086858e-01 1.279600e-01 -9.425175e-01
      outer loop
         vertex 8.514327e-01 6.208625e-01 -4.671973e+00
         vertex 7.821966e-01 5.774683e-01 -4.655189e+00
         vertex 7.949751e-01 6.268300e-01 -4.652672e+00
      endloop
   endfacet
   facet normal -3.006762e-01 1.827996e-01 -9.360439e-01
      outer loop
         vertex 8.514327e-01 6.208625e-01 -4.671973e+00
         vertex 7.949751e-01 6.268300e-01 -4.652672e+00
         vertex 8.673830e-01 6.697506e-01 -4.667549e+00
      endloop
   endfacet
   facet normal -3.030155e-01 1.873177e-01 -9.343948e-01
      outer loop
         vertex 8.673830e-01 6.697506e-01 -4.667549e+00
         vertex 7.949751e-01 6.268300e-01 -4.652672e+00
         vertex 8.112887e-01 6.746016e-01 -4.648386e+00
      endloop
   endfacet
   facet normal -2.967570e-01 2.299236e-01 -9.268605e-01
      outer loop
         vertex 8.673830e-01 6.697506e-01 -4.667549e+00
         vertex 8.112887e-01 6.746016e-01 -4.648386e+00
         vertex 8.869910e-01 7.196265e-01 -4.661455e+00
      endloop
   endfacet
   facet normal -2.997093e-01 2.355760e-01 -9.244881e-01
      outer loop
         vertex 8.869910e-01 7.196265e-01 -4.661455e+00
         vertex 8.112887e-01 6.746016e-01 -4.648386e+00
         vertex 8.314698e-01 7.234414e-01 -4.642483e+00
      endloop
   endfacet
   facet normal -2.931953e-01 2.795547e-01 -9.142678e-01
      outer loop
         vertex 8.869910e-01 7.196265e-01 -4.661455e+00
         vertex 8.314698e-01 7.234414e-01 -4.642483e+00
         vertex 9.097941e-01 7.688394e-01 -4.653720e+00
      endloop
   endfacet
   facet normal -2.969229e-01 2.868441e-01 -9.108003e-01
      outer loop
         vertex 9.097941e-01 7.688394e-01 -4.653720e+00
         vertex 8.314698e-01 7.234414e-01 -4.642483e+00
         vertex 8.550351e-01 7.716119e-01 -4.634995e+00
      endloop
   endfacet
   facet normal -2.885930e-01 3.413978e-01 -8.945175e-01
      outer loop
         vertex 9.097941e-01 7.688394e-01 -4.653720e+00
         vertex 8.550351e-01 7.716119e-01 -4.634995e+00
         vertex 9.354923e-01 8.156653e-01 -4.644139e+00
      endloop
   endfacet
   facet normal -2.932461e-01 3.509834e-01 -8.892791e-01
      outer loop
         vertex 9.354923e-01 8.156653e-01 -4.644139e+00
         vertex 8.550351e-01 7.716119e-01 -4.634995e+00
         vertex 8.816830e-01 8.174493e-01 -4.625691e+00
      endloop
   endfacet
   facet normal -2.848809e-01 4.026829e-01 -8.698790e-01
      outer loop
         vertex 9.354923e-01 8.156653e-01 -4.644139e+00
         vertex 8.816830e-01 8.174493e-01 -4.625691e+00
         vertex 9.637400e-01 8.592654e-01 -4.633207e+00
      endloop
   endfacet
   facet normal -2.902608e-01 4.145690e-01 -8.624855e-01
      outer loop
         vertex 9.637400e-01 8.592654e-01 -4.633207e+00
         vertex 8.816830e-01 8.174493e-01 -4.625691e+00
         vertex 9.110625e-01 8.601686e-01 -4.615045e+00
      endloop
   endfacet
   facet normal -2.862394e-01 4.383550e-01 -8.520046e-01
      outer loop
         vertex 9.637400e-01 8.592654e-01 -4.633207e+00
         vertex 9.110625e-01 8.601686e-01 -4.615045e+00
         vertex 9.940974e-01 9.001360e-01 -4.622378e+00
      endloop
   endfacet
   facet normal -2.921073e-01 4.522534e-01 -8.426982e-01
      outer loop
         vertex 9.940974e-01 9.001360e-01 -4.622378e+00
         vertex 9.110625e-01 8.601686e-01 -4.615045e+00
         vertex 9.427174e-01 9.002560e-01 -4.604504e+00
      endloop
   endfacet
   facet normal -2.904396e-01 4.620077e-01 -8.379700e-01
      outer loop
         vertex 9.940974e-01 9.001360e-01 -4.622378e+00
         vertex 9.427174e-01 9.002560e-01 -4.604504e+00
         vertex 1.060970e+00 9.799997e-01 -4.601524e+00
      endloop
   endfacet
   facet normal -3.051514e-01 4.831757e-01 -8.206241e-01
      outer loop
         vertex 1.060970e+00 9.799997e-01 -4.601524e+00
         vertex 9.427174e-01 9.002560e-01 -4.604504e+00
         vertex 1.012618e+00 9.787353e-01 -4.584288e+00
      endloop
   endfacet
   facet normal -3.051858e-01 4.829636e-01 -8.207361e-01
      outer loop
         vertex 1.060970e+00 9.799997e-01 -4.601524e+00
         vertex 1.012618e+00 9.787353e-01 -4.584288e+00
         vertex 1.135333e+00 1.062032e+00 -4.580903e+00
      endloop
   endfacet
   facet normal -3.217045e-01 5.064572e-01 -8.000046e-01
      outer loop
         vertex 1.135333e+00 1.062032e+00 -4.580903e+00
         vertex 1.012618e+00 9.787353e-01 -4.584288e+00
         vertex 1.090501e+00 1.059568e+00 -4.564434e+00
      endloop
   endfacet
   facet normal -3.219669e-01 5.047571e-01 -8.009729e-01
      outer loop
         vertex 1.135333e+00 1.062032e+00 -4.580903e+00
         vertex 1.090501e+00 1.059568e+00 -4.564434e+00
         vertex 1.215388e+00 1.145365e+00 -4.560568e+00
      endloop
   endfacet
   facet normal -3.400226e-01 5.299534e-01 -7.768745e-01
      outer loop
         vertex 1.215388e+00 1.145365e+00 -4.560568e+00
         vertex 1.090501e+00 1.059568e+00 -4.564434e+00
         vertex 1.174480e+00 1.142000e+00 -4.544959e+00
      endloop
   endfacet
   facet normal -3.427794e-01 5.112106e-01 -7.881409e-01
      outer loop
         vertex 1.215388e+00 1.145365e+00 -4.560568e+00
         vertex 1.174480e+00 1.142000e+00 -4.544959e+00
         vertex 1.299485e+00 1.230699e+00 -4.541794e+00
      endloop
   endfacet
   facet normal -3.621544e-01 5.375653e-01 -7.614904e-01
      outer loop
         vertex 1.299485e+00 1.230699e+00 -4.541794e+00
         vertex 1.174480e+00 1.142000e+00 -4.544959e+00
         vertex 1.262815e+00 1.226763e+00 -4.527132e+00
      endloop
   endfacet
   facet normal -3.666351e-01 5.048413e-01 -7.814819e-01
      outer loop
         vertex 1.299485e+00 1.230699e+00 -4.541794e+00
         vertex 1.262815e+00 1.226763e+00 -4.527132e+00
         vertex 1.386162e+00 1.319951e+00 -4.524801e+00
      endloop
   endfacet
   facet normal -3.879686e-01 5.323509e-01 -7.523848e-01
      outer loop
         vertex 1.386162e+00 1.319951e+00 -4.524801e+00
         vertex 1.262815e+00 1.226763e+00 -4.527132e+00
         vertex 1.353966e+00 1.315711e+00 -4.511199e+00
      endloop
   endfacet
   facet normal -3.909882e-01 5.090872e-01 -7.667845e-01
      outer loop
         vertex 1.386162e+00 1.319951e+00 -4.524801e+00
         vertex 1.353966e+00 1.315711e+00 -4.511199e+00
         vertex 1.430155e+00 1.365549e+00 -4.516960e+00
      endloop
   endfacet
   facet normal -4.024763e-01 5.289171e-01 -7.471676e-01
      outer loop
         vertex 1.430155e+00 1.365549e+00 -4.516960e+00
         vertex 1.353966e+00 1.315711e+00 -4.511199e+00
         vertex 1.400269e+00 1.361209e+00 -4.503933e+00
      endloop
   endfacet
   facet normal -4.067090e-01 4.938855e-01 -7.685473e-01
      outer loop
         vertex 1.430155e+00 1.365549e+00 -4.516960e+00
         vertex 1.400269e+00 1.361209e+00 -4.503933e+00
         vertex 1.474083e+00 1.413432e+00 -4.509436e+00
      endloop
   endfacet
   facet normal -4.182532e-01 5.121370e-01 -7.501866e-01
      outer loop
         vertex 1.474083e+00 1.413432e+00 -4.509436e+00
         vertex 1.400269e+00 1.361209e+00 -4.503933e+00
         vertex 1.446531e+00 1.409129e+00 -4.497012e+00
      endloop
   endfacet
   facet normal -4.234303e-01 4.629687e-01 -7.786956e-01
      outer loop
         vertex 1.474083e+00 1.413432e+00 -4.509436e+00
         vertex 1.446531e+00 1.409129e+00 -4.497012e+00
         vertex 1.517586e+00 1.465441e+00 -4.502169e+00
      endloop
   endfacet
   facet normal -4.335971e-01 4.771031e-01 -7.644385e-01
      outer loop
         vertex 1.517586e+00 1.465441e+00 -4.502169e+00
         vertex 1.446531e+00 1.409129e+00 -4.497012e+00
         vertex 1.492370e+00 1.461420e+00 -4.490376e+00
      endloop
   endfacet
   facet normal -4.374216e-01 4.353446e-01 -7.868528e-01
      outer loop
         vertex 1.517586e+00 1.465441e+00 -4.502169e+00
         vertex 1.492370e+00 1.461420e+00 -4.490376e+00
         vertex 1.561157e+00 1.521052e+00 -4.495623e+00
      endloop
   endfacet
   facet normal -4.461617e-01 4.464107e-01 -7.756657e-01
      outer loop
         vertex 1.561157e+00 1.521052e+00 -4.495623e+00
         vertex 1.492370e+00 1.461420e+00 -4.490376e+00
         vertex 1.538273e+00 1.517526e+00 -4.484489e+00
      endloop
   endfacet
   facet normal -4.493519e-01 4.098036e-01 -7.938160e-01
      outer loop
         vertex 1.561157e+00 1.521052e+00 -4.495623e+00
         vertex 1.538273e+00 1.517526e+00 -4.484489e+00
         vertex 1.649924e+00 1.637199e+00 -4.485911e+00
      endloop
   endfacet
   facet normal -4.661610e-01 4.257030e-01 -7.755455e-01
      outer loop
         vertex 1.649924e+00 1.637199e+00 -4.485911e+00
         vertex 1.538273e+00 1.517526e+00 -4.484489e+00
         vertex 1.631705e+00 1.634925e+00 -4.476208e+00
      endloop
   endfacet
   facet normal -4.680047e-01 4.106019e-01 -7.825457e-01
      outer loop
         vertex 1.649924e+00 1.637199e+00 -4.485911e+00
         vertex 1.631705e+00 1.634925e+00 -4.476208e+00
         vertex 1.740361e+00 1.751260e+00 -4.480149e+00
      endloop
   endfacet
   facet normal -4.922000e-01 4.341508e-01 -7.544881e-01
      outer loop
         vertex 1.740361e+00 1.751260e+00 -4.480149e+00
         vertex 1.631705e+00 1.634925e+00 -4.476208e+00
         vertex 1.726858e+00 1.750008e+00 -4.472061e+00
      endloop
   endfacet
   facet normal -4.968916e-01 4.068060e-01 -7.665557e-01
      outer loop
         vertex 1.740361e+00 1.751260e+00 -4.480149e+00
         vertex 1.726858e+00 1.750008e+00 -4.472061e+00
         vertex 1.830064e+00 1.863859e+00 -4.478540e+00
      endloop
   endfacet
   facet normal -5.323518e-01 4.414695e-01 -7.222924e-01
      outer loop
         vertex 1.830064e+00 1.863859e+00 -4.478540e+00
         vertex 1.726858e+00 1.750008e+00 -4.472061e+00
         vertex 1.821206e+00 1.863364e+00 -4.472314e+00
      endloop
   endfacet
   facet normal -5.365950e-01 4.237259e-01 -7.297412e-01
      outer loop
         vertex 1.830064e+00 1.863859e+00 -4.478540e+00
         vertex 1.821206e+00 1.863364e+00 -4.472314e+00
         vertex 1.920485e+00 1.975654e+00 -4.480115e+00
      endloop
   endfacet
   facet normal -6.108146e-01 4.972358e-01 -6.161673e-01
      outer loop
         vertex 1.920485e+00 1.975654e+00 -4.480115e+00
         vertex 1.821206e+00 1.863364e+00 -4.472314e+00
         vertex 1.916289e+00 1.975516e+00 -4.476066e+00
      endloop
   endfacet
   facet normal -6.291388e-01 4.455594e-01 -6.369154e-01
      outer loop
         vertex 1.920485e+00 1.975654e+00 -4.480115e+00
         vertex 1.916289e+00 1.975516e+00 -4.476066e+00
         vertex 1.930753e+00 1.989966e+00 -4.480246e+00
      endloop
   endfacet
   facet normal -6.397635e-01 4.629725e-01 -6.134811e-01
      outer loop
         vertex 1.930753e+00 1.989966e+00 -4.480246e+00
         vertex 1.916289e+00 1.975516e+00 -4.476066e+00
         vertex 1.927093e+00 1.989852e+00 -4.476514e+00
      endloop
   endfacet
   facet normal -6.673688e-01 3.753211e-01 -6.432364e-01
      outer loop
         vertex 1.930753e+00 1.989966e+00 -4.480246e+00
         vertex 1.927093e+00 1.989852e+00 -4.476514e+00
         vertex 1.939014e+00 2.004489e+00 -4.480342e+00
      endloop
   endfacet
   facet normal -6.738205e-01 3.836474e-01 -6.314908e-01
      outer loop
         vertex 1.939014e+00 2.004489e+00 -4.480342e+00
         vertex 1.927093e+00 1.989852e+00 -4.476514e+00
         vertex 1.935794e+00 2.004390e+00 -4.476966e+00
      endloop
   endfacet
   facet normal -6.960608e-01 2.933258e-01 -6.553315e-01
      outer loop
         vertex 1.939014e+00 2.004489e+00 -4.480342e+00
         vertex 1.935794e+00 2.004390e+00 -4.476966e+00
         vertex 1.942147e+00 2.011845e+00 -4.480377e+00
      endloop
   endfacet
   facet normal -6.950569e-01 2.916395e-01 -6.571471e-01
      outer loop
         vertex 1.942147e+00 2.011845e+00 -4.480377e+00
         vertex 1.935794e+00 2.004390e+00 -4.476966e+00
         vertex 1.939101e+00 2.011751e+00 -4.477197e+00
      endloop
   endfacet
   facet normal -7.076427e-01 2.204031e-01 -6.713154e-01
      outer loop
         vertex 1.942147e+00 2.011845e+00 -4.480377e+00
         vertex 1.939101e+00 2.011751e+00 -4.477197e+00
         vertex 1.944486e+00 2.019273e+00 -4.480404e+00
      endloop
   endfacet
   facet normal -7.014110e-01 2.120320e-01 -6.804888e-01
      outer loop
         vertex 1.944486e+00 2.019273e+00 -4.480404e+00
         vertex 1.939101e+00 2.011751e+00 -4.477197e+00
         vertex 1.941575e+00 2.019180e+00 -4.477433e+00
      endloop
   endfacet
   facet normal -7.098594e-01 1.356748e-01 -6.911527e-01
      outer loop
         vertex 1.944486e+00 2.019273e+00 -4.480404e+00
         vertex 1.941575e+00 2.019180e+00 -4.477433e+00
         vertex 1.945938e+00 2.026780e+00 -4.480422e+00
      endloop
   endfacet
   facet normal -6.951772e-01 1.203489e-01 -7.086923e-01
      outer loop
         vertex 1.945938e+00 2.026780e+00 -4.480422e+00
         vertex 1.941575e+00 2.019180e+00 -4.477433e+00
         vertex 1.943121e+00 2.026685e+00 -4.477675e+00
      endloop
   endfacet
   facet normal -6.981035e-01 5.326209e-02 -7.140130e-01
      outer loop
         vertex 1.945938e+00 2.026780e+00 -4.480422e+00
         vertex 1.943121e+00 2.026685e+00 -4.477675e+00
         vertex 1.946530e+00 2.034361e+00 -4.480435e+00
      endloop
   endfacet
   facet normal -6.728955e-01 3.308192e-02 -7.389975e-01
      outer loop
         vertex 1.946530e+00 2.034361e+00 -4.480435e+00
         vertex 1.943121e+00 2.026685e+00 -4.477675e+00
         vertex 1.943766e+00 2.034261e+00 -4.477923e+00
      endloop
   endfacet
   facet normal -6.714025e-01 -3.737609e-02 -7.401498e-01
      outer loop
         vertex 1.946530e+00 2.034361e+00 -4.480435e+00
         vertex 1.943766e+00 2.034261e+00 -4.477923e+00
         vertex 1.945732e+00 2.049696e+00 -4.480485e+00
      endloop
   endfacet
   facet normal -5.949554e-01 -5.733220e-02 -8.017113e-01
      outer loop
         vertex 1.945732e+00 2.049696e+00 -4.480485e+00
         vertex 1.943766e+00 2.034261e+00 -4.477923e+00
         vertex 1.942979e+00 2.049581e+00 -4.478435e+00
      endloop
   endfacet
   facet normal -5.917973e-01 -1.000214e-01 -7.998573e-01
      outer loop
         vertex 1.945732e+00 2.049696e+00 -4.480485e+00
         vertex 1.942979e+00 2.049581e+00 -4.478435e+00
         vertex 1.943311e+00 2.065175e+00 -4.480630e+00
      endloop
   endfacet
   facet normal -5.026588e-01 -1.100243e-01 -8.574548e-01
      outer loop
         vertex 1.943311e+00 2.065175e+00 -4.480630e+00
         vertex 1.942979e+00 2.049581e+00 -4.478435e+00
         vertex 1.940493e+00 2.065043e+00 -4.478961e+00
      endloop
   endfacet
   facet normal -5.030453e-01 -1.057238e-01 -8.577691e-01
      outer loop
         vertex 1.943311e+00 2.065175e+00 -4.480630e+00
         vertex 1.940493e+00 2.065043e+00 -4.478961e+00
         vertex 1.940590e+00 2.080684e+00 -4.480946e+00
      endloop
   endfacet
   facet normal -4.410032e-01 -1.102911e-01 -8.907031e-01
      outer loop
         vertex 1.940590e+00 2.080684e+00 -4.480946e+00
         vertex 1.940493e+00 2.065043e+00 -4.478961e+00
         vertex 1.937692e+00 2.080541e+00 -4.479493e+00
      endloop
   endfacet
   facet normal -4.444604e-01 -6.670166e-02 -8.933117e-01
      outer loop
         vertex 1.940590e+00 2.080684e+00 -4.480946e+00
         vertex 1.937692e+00 2.080541e+00 -4.479493e+00
         vertex 1.939952e+00 2.088386e+00 -4.481203e+00
      endloop
   endfacet
   facet normal -4.431136e-01 -6.722697e-02 -8.939412e-01
      outer loop
         vertex 1.939952e+00 2.088386e+00 -4.481203e+00
         vertex 1.937692e+00 2.080541e+00 -4.479493e+00
         vertex 1.937047e+00 2.088243e+00 -4.479753e+00
      endloop
   endfacet
   facet normal -4.455320e-01 -2.740502e-02 -8.948465e-01
      outer loop
         vertex 1.939952e+00 2.088386e+00 -4.481203e+00
         vertex 1.937047e+00 2.088243e+00 -4.479753e+00
         vertex 1.940041e+00 2.092207e+00 -4.481365e+00
      endloop
   endfacet
   facet normal -4.568691e-01 -1.661871e-02 -8.893787e-01
      outer loop
         vertex 1.940041e+00 2.092207e+00 -4.481365e+00
         vertex 1.937047e+00 2.088243e+00 -4.479753e+00
         vertex 1.937153e+00 2.092066e+00 -4.479879e+00
      endloop
   endfacet
   facet normal -4.579587e-01 1.052323e-02 -8.889112e-01
      outer loop
         vertex 1.940041e+00 2.092207e+00 -4.481365e+00
         vertex 1.937153e+00 2.092066e+00 -4.479879e+00
         vertex 1.940492e+00 2.096001e+00 -4.481552e+00
      endloop
   endfacet
   facet normal -4.785797e-01 3.290282e-02 -8.774274e-01
      outer loop
         vertex 1.940492e+00 2.096001e+00 -4.481552e+00
         vertex 1.937153e+00 2.092066e+00 -4.479879e+00
         vertex 1.937637e+00 2.095863e+00 -4.480000e+00
      endloop
   endfacet
   facet normal -1.292381e-01 -2.761457e-01 -9.523870e-01
      outer loop
         vertex 1.483461e+00 -7.959517e-01 -4.526017e+00
         vertex 1.403868e+00 -7.985928e-01 -4.514450e+00
         vertex 1.439109e+00 -7.454721e-01 -4.534635e+00
      endloop
   endfacet
   facet normal -1.259433e-01 -2.782648e-01 -9.522116e-01
      outer loop
         vertex 1.439109e+00 -7.454721e-01 -4.534635e+00
         vertex 1.403868e+00 -7.985928e-01 -4.514450e+00
         vertex 1.352883e+00 -7.479004e-01 -4.522521e+00
      endloop
   endfacet
   facet normal -1.258235e-01 -2.800251e-01 -9.517113e-01
      outer loop
         vertex 1.439109e+00 -7.454721e-01 -4.534635e+00
         vertex 1.352883e+00 -7.479004e-01 -4.522521e+00
         vertex 1.395623e+00 -6.938814e-01 -4.544065e+00
      endloop
   endfacet
   facet normal -1.233026e-01 -2.819272e-01 -9.514796e-01
      outer loop
         vertex 1.395623e+00 -6.938814e-01 -4.544065e+00
         vertex 1.352883e+00 -7.479004e-01 -4.522521e+00
         vertex 1.302869e+00 -6.959452e-01 -4.531434e+00
      endloop
   endfacet
   facet normal -1.226353e-01 -2.926322e-01 -9.483285e-01
      outer loop
         vertex 1.395623e+00 -6.938814e-01 -4.544065e+00
         vertex 1.302869e+00 -6.959452e-01 -4.531434e+00
         vertex 1.311698e+00 -5.897118e-01 -4.565357e+00
      endloop
   endfacet
   facet normal -1.187004e-01 -2.930754e-01 -9.486923e-01
      outer loop
         vertex 1.311698e+00 -5.897118e-01 -4.565357e+00
         vertex 1.302869e+00 -6.959452e-01 -4.531434e+00
         vertex 1.206295e+00 -5.909445e-01 -4.551788e+00
      endloop
   endfacet
   facet normal -1.182563e-01 -3.017351e-01 -9.460293e-01
      outer loop
         vertex 1.311698e+00 -5.897118e-01 -4.565357e+00
         vertex 1.206295e+00 -5.909445e-01 -4.551788e+00
         vertex 1.271566e+00 -5.367915e-01 -4.577219e+00
      endloop
   endfacet
   facet normal -1.166962e-01 -3.034490e-01 -9.456747e-01
      outer loop
         vertex 1.271566e+00 -5.367915e-01 -4.577219e+00
         vertex 1.206295e+00 -5.909445e-01 -4.551788e+00
         vertex 1.160084e+00 -5.375117e-01 -4.563231e+00
      endloop
   endfacet
   facet normal -1.163867e-01 -3.101062e-01 -9.435509e-01
      outer loop
         vertex 1.271566e+00 -5.367915e-01 -4.577219e+00
         vertex 1.160084e+00 -5.375117e-01 -4.563231e+00
         vertex 1.232737e+00 -4.821426e-01 -4.590390e+00
      endloop
   endfacet
   facet normal -1.154989e-01 -3.111552e-01 -9.433146e-01
      outer loop
         vertex 1.232737e+00 -4.821426e-01 -4.590390e+00
         vertex 1.160084e+00 -5.375117e-01 -4.563231e+00
         vertex 1.115375e+00 -4.822348e-01 -4.575990e+00
      endloop
   endfacet
   facet normal -1.157087e-01 -3.059474e-01 -9.449909e-01
      outer loop
         vertex 1.232737e+00 -4.821426e-01 -4.590390e+00
         vertex 1.115375e+00 -4.822348e-01 -4.575990e+00
         vertex 1.195473e+00 -4.247865e-01 -4.604397e+00
      endloop
   endfacet
   facet normal -1.155770e-01 -3.061125e-01 -9.449535e-01
      outer loop
         vertex 1.195473e+00 -4.247865e-01 -4.604397e+00
         vertex 1.115375e+00 -4.822348e-01 -4.575990e+00
         vertex 1.072463e+00 -4.240988e-01 -4.589574e+00
      endloop
   endfacet
   facet normal -1.165175e-01 -2.756405e-01 -9.541729e-01
      outer loop
         vertex 1.195473e+00 -4.247865e-01 -4.604397e+00
         vertex 1.072463e+00 -4.240988e-01 -4.589574e+00
         vertex 1.160303e+00 -3.639791e-01 -4.617668e+00
      endloop
   endfacet
   facet normal -1.169469e-01 -2.750660e-01 -9.542862e-01
      outer loop
         vertex 1.160303e+00 -3.639791e-01 -4.617668e+00
         vertex 1.072463e+00 -4.240988e-01 -4.589574e+00
         vertex 1.031911e+00 -3.623291e-01 -4.602409e+00
      endloop
   endfacet
   facet normal -1.175722e-01 -2.420268e-01 -9.631198e-01
      outer loop
         vertex 1.160303e+00 -3.639791e-01 -4.617668e+00
         vertex 1.031911e+00 -3.623291e-01 -4.602409e+00
         vertex 1.127549e+00 -3.002495e-01 -4.629685e+00
      endloop
   endfacet
   facet normal -1.182488e-01 -2.410551e-01 -9.632807e-01
      outer loop
         vertex 1.127549e+00 -3.002495e-01 -4.629685e+00
         vertex 1.031911e+00 -3.623291e-01 -4.602409e+00
         vertex 9.940643e-01 -2.974773e-01 -4.613992e+00
      endloop
   endfacet
   facet normal -1.184077e-01 -2.186979e-01 -9.685819e-01
      outer loop
         vertex 1.127549e+00 -3.002495e-01 -4.629685e+00
         vertex 9.940643e-01 -2.974773e-01 -4.613992e+00
         vertex 1.097364e+00 -2.349424e-01 -4.640740e+00
      endloop
   endfacet
   facet normal -1.190553e-01 -2.176912e-01 -9.687293e-01
      outer loop
         vertex 1.097364e+00 -2.349424e-01 -4.640740e+00
         vertex 9.940643e-01 -2.974773e-01 -4.613992e+00
         vertex 9.590990e-01 -2.309470e-01 -4.624646e+00
      endloop
   endfacet
   facet normal -1.189696e-01 -1.963725e-01 -9.732852e-01
      outer loop
         vertex 1.097364e+00 -2.349424e-01 -4.640740e+00
         vertex 9.590990e-01 -2.309470e-01 -4.624646e+00
         vertex 1.069970e+00 -1.683444e-01 -4.650829e+00
      endloop
   endfacet
   facet normal -1.195256e-01 -1.954378e-01 -9.734052e-01
      outer loop
         vertex 1.069970e+00 -1.683444e-01 -4.650829e+00
         vertex 9.590990e-01 -2.309470e-01 -4.624646e+00
         vertex 9.272652e-01 -1.630629e-01 -4.634366e+00
      endloop
   endfacet
   facet normal -1.191644e-01 -1.715198e-01 -9.779472e-01
      outer loop
         vertex 1.069970e+00 -1.683444e-01 -4.650829e+00
         vertex 9.272652e-01 -1.630629e-01 -4.634366e+00
         vertex 1.045617e+00 -1.002301e-01 -4.659808e+00
      endloop
   endfacet
   facet normal -1.196620e-01 -1.706216e-01 -9.780436e-01
      outer loop
         vertex 1.045617e+00 -1.002301e-01 -4.659808e+00
         vertex 9.272652e-01 -1.630629e-01 -4.634366e+00
         vertex 8.988444e-01 -9.359406e-02 -4.643008e+00
      endloop
   endfacet
   facet normal -1.189686e-01 -1.444076e-01 -9.823405e-01
      outer loop
         vertex 1.045617e+00 -1.002301e-01 -4.659808e+00
         vertex 8.988444e-01 -9.359406e-02 -4.643008e+00
         vertex 1.024538e+00 -3.022095e-02 -4.667547e+00
      endloop
   endfacet
   facet normal -1.194702e-01 -1.434440e-01 -9.824208e-01
      outer loop
         vertex 1.024538e+00 -3.022095e-02 -4.667547e+00
         vertex 8.988444e-01 -9.359406e-02 -4.643008e+00
         vertex 8.741140e-01 -2.204895e-02 -4.650447e+00
      endloop
   endfacet
   facet normal -1.184915e-01 -1.181483e-01 -9.859010e-01
      outer loop
         vertex 1.024538e+00 -3.022095e-02 -4.667547e+00
         vertex 8.741140e-01 -2.204895e-02 -4.650447e+00
         vertex 1.007056e+00 4.190641e-02 -4.674089e+00
      endloop
   endfacet
   facet normal -1.190232e-01 -1.170672e-01 -9.859659e-01
      outer loop
         vertex 1.007056e+00 4.190641e-02 -4.674089e+00
         vertex 8.741140e-01 -2.204895e-02 -4.650447e+00
         vertex 8.534384e-01 5.188640e-02 -4.656730e+00
      endloop
   endfacet
   facet normal -1.179301e-01 -9.607147e-02 -9.883637e-01
      outer loop
         vertex 1.007056e+00 4.190641e-02 -4.674089e+00
         vertex 8.534384e-01 5.188640e-02 -4.656730e+00
         vertex 9.935881e-01 1.160415e-01 -4.679688e+00
      endloop
   endfacet
   facet normal -1.184793e-01 -9.488908e-02 -9.884122e-01
      outer loop
         vertex 9.935881e-01 1.160415e-01 -4.679688e+00
         vertex 8.534384e-01 5.188640e-02 -4.656730e+00
         vertex 8.372731e-01 1.281139e-01 -4.662110e+00
      endloop
   endfacet
   facet normal -1.172439e-01 -7.634128e-02 -9.901646e-01
      outer loop
         vertex 9.935881e-01 1.160415e-01 -4.679688e+00
         vertex 8.372731e-01 1.281139e-01 -4.662110e+00
         vertex 9.842999e-01 1.912652e-01 -4.684388e+00
      endloop
   endfacet
   facet normal -1.177165e-01 -7.525068e-02 -9.901920e-01
      outer loop
         vertex 9.842999e-01 1.912652e-01 -4.684388e+00
         vertex 8.372731e-01 1.281139e-01 -4.662110e+00
         vertex 8.257962e-01 2.055405e-01 -4.666630e+00
      endloop
   endfacet
   facet normal -1.161954e-01 -5.659409e-02 -9.916127e-01
      outer loop
         vertex 9.842999e-01 1.912652e-01 -4.684388e+00
         vertex 8.257962e-01 2.055405e-01 -4.666630e+00
         vertex 9.792598e-01 2.667879e-01 -4.688108e+00
      endloop
   endfacet
   facet normal -1.165418e-01 -5.572910e-02 -9.916210e-01
      outer loop
         vertex 9.792598e-01 2.667879e-01 -4.688108e+00
         vertex 8.257962e-01 2.055405e-01 -4.666630e+00
         vertex 8.190862e-01 2.832239e-01 -4.670207e+00
      endloop
   endfacet
   facet normal -1.145917e-01 -3.546369e-02 -9.927795e-01
      outer loop
         vertex 9.792598e-01 2.667879e-01 -4.688108e+00
         vertex 8.190862e-01 2.832239e-01 -4.670207e+00
         vertex 9.786844e-01 3.435904e-01 -4.690785e+00
      endloop
   endfacet
   facet normal -1.148746e-01 -3.471388e-02 -9.927733e-01
      outer loop
         vertex 9.786844e-01 3.435904e-01 -4.690785e+00
         vertex 8.190862e-01 2.832239e-01 -4.670207e+00
         vertex 8.174134e-01 3.623776e-01 -4.672781e+00
      endloop
   endfacet
   facet normal -1.128246e-01 -1.644089e-02 -9.934789e-01
      outer loop
         vertex 9.786844e-01 3.435904e-01 -4.690785e+00
         vertex 8.174134e-01 3.623776e-01 -4.672781e+00
         vertex 9.825371e-01 4.195765e-01 -4.692480e+00
      endloop
   endfacet
   facet normal -1.129791e-01 -1.599130e-02 -9.934687e-01
      outer loop
         vertex 9.825371e-01 4.195765e-01 -4.692480e+00
         vertex 8.174134e-01 3.623776e-01 -4.672781e+00
         vertex 8.207042e-01 4.405260e-01 -4.674413e+00
      endloop
   endfacet
   facet normal -1.108502e-01 7.720836e-04 -9.938368e-01
      outer loop
         vertex 9.825371e-01 4.195765e-01 -4.692480e+00
         vertex 8.207042e-01 4.405260e-01 -4.674413e+00
         vertex 9.903187e-01 4.890509e-01 -4.693294e+00
      endloop
   endfacet
   facet normal -1.108611e-01 8.107597e-04 -9.938356e-01
      outer loop
         vertex 9.903187e-01 4.890509e-01 -4.693294e+00
         vertex 8.207042e-01 4.405260e-01 -4.674413e+00
         vertex 8.283196e-01 5.108890e-01 -4.675205e+00
      endloop
   endfacet
   facet normal -1.070389e-01 2.915751e-02 -9.938272e-01
      outer loop
         vertex 9.903187e-01 4.890509e-01 -4.693294e+00
         vertex 8.283196e-01 5.108890e-01 -4.675205e+00
         vertex 1.000630e+00 5.493303e-01 -4.692636e+00
      endloop
   endfacet
   facet normal -1.071004e-01 2.943965e-02 -9.938123e-01
      outer loop
         vertex 1.000630e+00 5.493303e-01 -4.692636e+00
         vertex 8.283196e-01 5.108890e-01 -4.675205e+00
         vertex 8.388187e-01 5.704316e-01 -4.674573e+00
      endloop
   endfacet
   facet normal -1.011206e-01 7.385324e-02 -9.921292e-01
      outer loop
         vertex 1.000630e+00 5.493303e-01 -4.692636e+00
         vertex 8.388187e-01 5.704316e-01 -4.674573e+00
         vertex 1.012650e+00 6.017581e-01 -4.689958e+00
      endloop
   endfacet
   facet normal -1.015828e-01 7.654107e-02 -9.918782e-01
      outer loop
         vertex 1.012650e+00 6.017581e-01 -4.689958e+00
         vertex 8.388187e-01 5.704316e-01 -4.674573e+00
         vertex 8.514327e-01 6.208625e-01 -4.671973e+00
      endloop
   endfacet
   facet normal -9.651565e-02 1.161505e-01 -9.885311e-01
      outer loop
         vertex 1.012650e+00 6.017581e-01 -4.689958e+00
         vertex 8.514327e-01 6.208625e-01 -4.671973e+00
         vertex 1.027458e+00 6.527985e-01 -4.685407e+00
      endloop
   endfacet
   facet normal -9.737166e-02 1.211568e-01 -9.878460e-01
      outer loop
         vertex 1.027458e+00 6.527985e-01 -4.685407e+00
         vertex 8.514327e-01 6.208625e-01 -4.671973e+00
         vertex 8.673830e-01 6.697506e-01 -4.667549e+00
      endloop
   endfacet
   facet normal -9.373455e-02 1.514593e-01 -9.840091e-01
      outer loop
         vertex 1.027458e+00 6.527985e-01 -4.685407e+00
         vertex 8.673830e-01 6.697506e-01 -4.667549e+00
         vertex 1.045344e+00 7.046284e-01 -4.679133e+00
      endloop
   endfacet
   facet normal -9.483040e-02 1.573953e-01 -9.829720e-01
      outer loop
         vertex 1.045344e+00 7.046284e-01 -4.679133e+00
         vertex 8.673830e-01 6.697506e-01 -4.667549e+00
         vertex 8.869910e-01 7.196265e-01 -4.661455e+00
      endloop
   endfacet
   facet normal -9.127376e-02 1.888074e-01 -9.777632e-01
      outer loop
         vertex 1.045344e+00 7.046284e-01 -4.679133e+00
         vertex 8.869910e-01 7.196265e-01 -4.661455e+00
         vertex 1.065899e+00 7.558112e-01 -4.671169e+00
      endloop
   endfacet
   facet normal -9.271813e-02 1.963864e-01 -9.761331e-01
      outer loop
         vertex 1.065899e+00 7.558112e-01 -4.671169e+00
         vertex 8.869910e-01 7.196265e-01 -4.661455e+00
         vertex 9.097941e-01 7.688394e-01 -4.653720e+00
      endloop
   endfacet
   facet normal -8.843589e-02 2.363239e-01 -9.676415e-01
      outer loop
         vertex 1.065899e+00 7.558112e-01 -4.671169e+00
         vertex 9.097941e-01 7.688394e-01 -4.653720e+00
         vertex 1.088858e+00 8.046868e-01 -4.661330e+00
      endloop
   endfacet
   facet normal -9.045845e-02 2.470355e-01 -9.647750e-01
      outer loop
         vertex 1.088858e+00 8.046868e-01 -4.661330e+00
         vertex 9.097941e-01 7.688394e-01 -4.653720e+00
         vertex 9.354923e-01 8.156653e-01 -4.644139e+00
      endloop
   endfacet
   facet normal -8.695622e-02 2.815781e-01 -9.555901e-01
      outer loop
         vertex 1.088858e+00 8.046868e-01 -4.661330e+00
         vertex 9.354923e-01 8.156653e-01 -4.644139e+00
         vertex 1.113904e+00 8.504265e-01 -4.650131e+00
      endloop
   endfacet
   facet normal -8.970758e-02 2.965247e-01 -9.508026e-01
      outer loop
         vertex 1.113904e+00 8.504265e-01 -4.650131e+00
         vertex 9.354923e-01 8.156653e-01 -4.644139e+00
         vertex 9.637400e-01 8.592654e-01 -4.633207e+00
      endloop
   endfacet
   facet normal -8.937742e-02 3.000652e-01 -9.497224e-01
      outer loop
         vertex 1.113904e+00 8.504265e-01 -4.650131e+00
         vertex 9.637400e-01 8.592654e-01 -4.633207e+00
         vertex 1.140630e+00 8.935102e-01 -4.639034e+00
      endloop
   endfacet
   facet normal -9.280105e-02 3.188510e-01 -9.432508e-01
      outer loop
         vertex 1.140630e+00 8.935102e-01 -4.639034e+00
         vertex 9.637400e-01 8.592654e-01 -4.633207e+00
         vertex 9.940974e-01 9.001360e-01 -4.622378e+00
      endloop
   endfacet
   facet normal -9.379923e-02 3.066645e-01 -9.471845e-01
      outer loop
         vertex 1.140630e+00 8.935102e-01 -4.639034e+00
         vertex 9.940974e-01 9.001360e-01 -4.622378e+00
         vertex 1.199030e+00 9.776228e-01 -4.617585e+00
      endloop
   endfacet
   facet normal -1.033908e-01 3.314506e-01 -9.377904e-01
      outer loop
         vertex 1.199030e+00 9.776228e-01 -4.617585e+00
         vertex 9.940974e-01 9.001360e-01 -4.622378e+00
         vertex 1.060970e+00 9.799997e-01 -4.601524e+00
      endloop
   endfacet
   facet normal -1.044044e-01 3.134669e-01 -9.438423e-01
      outer loop
         vertex 1.199030e+00 9.776228e-01 -4.617585e+00
         vertex 1.060970e+00 9.799997e-01 -4.601524e+00
         vertex 1.263488e+00 1.063328e+00 -4.596251e+00
      endloop
   endfacet
   facet normal -1.152408e-01 3.391579e-01 -9.336442e-01
      outer loop
         vertex 1.263488e+00 1.063328e+00 -4.596251e+00
         vertex 1.060970e+00 9.799997e-01 -4.601524e+00
         vertex 1.135333e+00 1.062032e+00 -4.580903e+00
      endloop
   endfacet
   facet normal -1.157743e-01 3.223324e-01 -9.395202e-01
      outer loop
         vertex 1.263488e+00 1.063328e+00 -4.596251e+00
         vertex 1.135333e+00 1.062032e+00 -4.580903e+00
         vertex 1.332468e+00 1.149714e+00 -4.575113e+00
      endloop
   endfacet
   facet normal -1.282849e-01 3.497016e-01 -9.280365e-01
      outer loop
         vertex 1.332468e+00 1.149714e+00 -4.575113e+00
         vertex 1.135333e+00 1.062032e+00 -4.580903e+00
         vertex 1.215388e+00 1.145365e+00 -4.560568e+00
      endloop
   endfacet
   facet normal -1.285196e-01 3.163164e-01 -9.399078e-01
      outer loop
         vertex 1.332468e+00 1.149714e+00 -4.575113e+00
         vertex 1.215388e+00 1.145365e+00 -4.560568e+00
         vertex 1.404557e+00 1.237415e+00 -4.555456e+00
      endloop
   endfacet
   facet normal -1.426718e-01 3.447277e-01 -9.277972e-01
      outer loop
         vertex 1.404557e+00 1.237415e+00 -4.555456e+00
         vertex 1.215388e+00 1.145365e+00 -4.560568e+00
         vertex 1.299485e+00 1.230699e+00 -4.541794e+00
      endloop
   endfacet
   facet normal -1.418775e-01 3.020115e-01 -9.426876e-01
      outer loop
         vertex 1.404557e+00 1.237415e+00 -4.555456e+00
         vertex 1.299485e+00 1.230699e+00 -4.541794e+00
         vertex 1.478508e+00 1.328279e+00 -4.537475e+00
      endloop
   endfacet
   facet normal -1.575096e-01 3.301595e-01 -9.306908e-01
      outer loop
         vertex 1.478508e+00 1.328279e+00 -4.537475e+00
         vertex 1.299485e+00 1.230699e+00 -4.541794e+00
         vertex 1.386162e+00 1.319951e+00 -4.524801e+00
      endloop
   endfacet
   facet normal -1.560801e-01 2.970828e-01 -9.420089e-01
      outer loop
         vertex 1.478508e+00 1.328279e+00 -4.537475e+00
         vertex 1.386162e+00 1.319951e+00 -4.524801e+00
         vertex 1.515923e+00 1.374496e+00 -4.529099e+00
      endloop
   endfacet
   facet normal -1.654128e-01 3.200059e-01 -9.328638e-01
      outer loop
         vertex 1.515923e+00 1.374496e+00 -4.529099e+00
         vertex 1.386162e+00 1.319951e+00 -4.524801e+00
         vertex 1.430155e+00 1.365549e+00 -4.516960e+00
      endloop
   endfacet
   facet normal -1.634152e-01 2.851307e-01 -9.444554e-01
      outer loop
         vertex 1.515923e+00 1.374496e+00 -4.529099e+00
         vertex 1.430155e+00 1.365549e+00 -4.516960e+00
         vertex 1.553184e+00 1.422636e+00 -4.521013e+00
      endloop
   endfacet
   facet normal -1.725999e-01 3.054953e-01 -9.364197e-01
      outer loop
         vertex 1.553184e+00 1.422636e+00 -4.521013e+00
         vertex 1.430155e+00 1.365549e+00 -4.516960e+00
         vertex 1.474083e+00 1.413432e+00 -4.509436e+00
      endloop
   endfacet
   facet normal -1.697825e-01 2.653467e-01 -9.490864e-01
      outer loop
         vertex 1.553184e+00 1.422636e+00 -4.521013e+00
         vertex 1.474083e+00 1.413432e+00 -4.509436e+00
         vertex 1.589981e+00 1.474270e+00 -4.513159e+00
      endloop
   endfacet
   facet normal -1.773863e-01 2.801794e-01 -9.434159e-01
      outer loop
         vertex 1.589981e+00 1.474270e+00 -4.513159e+00
         vertex 1.474083e+00 1.413432e+00 -4.509436e+00
         vertex 1.517586e+00 1.465441e+00 -4.502169e+00
      endloop
   endfacet
   facet normal -1.744494e-01 2.425030e-01 -9.543373e-01
      outer loop
         vertex 1.589981e+00 1.474270e+00 -4.513159e+00
         vertex 1.517586e+00 1.465441e+00 -4.502169e+00
         vertex 1.626832e+00 1.528964e+00 -4.505998e+00
      endloop
   endfacet
   facet normal -1.806559e-01 2.534179e-01 -9.503383e-01
      outer loop
         vertex 1.626832e+00 1.528964e+00 -4.505998e+00
         vertex 1.517586e+00 1.465441e+00 -4.502169e+00
         vertex 1.561157e+00 1.521052e+00 -4.495623e+00
      endloop
   endfacet
   facet normal -1.772701e-01 2.109524e-01 -9.612879e-01
      outer loop
         vertex 1.626832e+00 1.528964e+00 -4.505998e+00
         vertex 1.561157e+00 1.521052e+00 -4.495623e+00
         vertex 1.702135e+00 1.642572e+00 -4.494953e+00
      endloop
   endfacet
   facet normal -1.886555e-01 2.241323e-01 -9.561244e-01
      outer loop
         vertex 1.702135e+00 1.642572e+00 -4.494953e+00
         vertex 1.561157e+00 1.521052e+00 -4.495623e+00
         vertex 1.649924e+00 1.637199e+00 -4.485911e+00
      endloop
   endfacet
   facet normal -1.865316e-01 1.906108e-01 -9.637808e-01
      outer loop
         vertex 1.702135e+00 1.642572e+00 -4.494953e+00
         vertex 1.649924e+00 1.637199e+00 -4.485911e+00
         vertex 1.779005e+00 1.754542e+00 -4.487686e+00
      endloop
   endfacet
   facet normal -2.043188e-01 2.102942e-01 -9.560492e-01
      outer loop
         vertex 1.779005e+00 1.754542e+00 -4.487686e+00
         vertex 1.649924e+00 1.637199e+00 -4.485911e+00
         vertex 1.740361e+00 1.751260e+00 -4.480149e+00
      endloop
   endfacet
   facet normal -2.024495e-01 1.684033e-01 -9.647044e-01
      outer loop
         vertex 1.779005e+00 1.754542e+00 -4.487686e+00
         vertex 1.740361e+00 1.751260e+00 -4.480149e+00
         vertex 1.855381e+00 1.865515e+00 -4.484342e+00
      endloop
   endfacet
   facet normal -2.312322e-01 1.978240e-01 -9.525741e-01
      outer loop
         vertex 1.855381e+00 1.865515e+00 -4.484342e+00
         vertex 1.740361e+00 1.751260e+00 -4.480149e+00
         vertex 1.830064e+00 1.863859e+00 -4.478540e+00
      endloop
   endfacet
   facet normal -2.305337e-01 1.643140e-01 -9.590908e-01
      outer loop
         vertex 1.855381e+00 1.865515e+00 -4.484342e+00
         vertex 1.830064e+00 1.863859e+00 -4.478540e+00
         vertex 1.932470e+00 1.976315e+00 -4.483889e+00
      endloop
   endfacet
   facet normal -3.037683e-01 2.326772e-01 -9.238973e-01
      outer loop
         vertex 1.932470e+00 1.976315e+00 -4.483889e+00
         vertex 1.830064e+00 1.863859e+00 -4.478540e+00
         vertex 1.920485e+00 1.975654e+00 -4.480115e+00
      endloop
   endfacet
   facet normal -3.043319e-01 1.978743e-01 -9.317874e-01
      outer loop
         vertex 1.932470e+00 1.976315e+00 -4.483889e+00
         vertex 1.920485e+00 1.975654e+00 -4.480115e+00
         vertex 1.941206e+00 1.990537e+00 -4.483722e+00
      endloop
   endfacet
   facet normal -3.186681e-01 2.202226e-01 -9.219288e-01
      outer loop
         vertex 1.941206e+00 1.990537e+00 -4.483722e+00
         vertex 1.920485e+00 1.975654e+00 -4.480115e+00
         vertex 1.930753e+00 1.989966e+00 -4.480246e+00
      endloop
   endfacet
   facet normal -3.193612e-01 1.698241e-01 -9.322919e-01
      outer loop
         vertex 1.941206e+00 1.990537e+00 -4.483722e+00
         vertex 1.930753e+00 1.989966e+00 -4.480246e+00
         vertex 1.948207e+00 2.004990e+00 -4.483487e+00
      endloop
   endfacet
   facet normal -3.272296e-01 1.799667e-01 -9.276491e-01
      outer loop
         vertex 1.948207e+00 2.004990e+00 -4.483487e+00
         vertex 1.930753e+00 1.989966e+00 -4.480246e+00
         vertex 1.939014e+00 2.004489e+00 -4.480342e+00
      endloop
   endfacet
   facet normal -3.273697e-01 1.365354e-01 -9.349798e-01
      outer loop
         vertex 1.948207e+00 2.004990e+00 -4.483487e+00
         vertex 1.939014e+00 2.004489e+00 -4.480342e+00
         vertex 1.950845e+00 2.012321e+00 -4.483341e+00
      endloop
   endfacet
   facet normal -3.261545e-01 1.344199e-01 -9.357107e-01
      outer loop
         vertex 1.950845e+00 2.012321e+00 -4.483341e+00
         vertex 1.939014e+00 2.004489e+00 -4.480342e+00
         vertex 1.942147e+00 2.011845e+00 -4.480377e+00
      endloop
   endfacet
   facet normal -3.258906e-01 1.071406e-01 -9.393169e-01
      outer loop
         vertex 1.950845e+00 2.012321e+00 -4.483341e+00
         vertex 1.942147e+00 2.011845e+00 -4.480377e+00
         vertex 1.952797e+00 2.019731e+00 -4.483173e+00
      endloop
   endfacet
   facet normal -3.193925e-01 9.719278e-02 -9.426251e-01
      outer loop
         vertex 1.952797e+00 2.019731e+00 -4.483173e+00
         vertex 1.942147e+00 2.011845e+00 -4.480377e+00
         vertex 1.944486e+00 2.019273e+00 -4.480404e+00
      endloop
   endfacet
   facet normal -3.188877e-01 7.454019e-02 -9.448568e-01
      outer loop
         vertex 1.952797e+00 2.019731e+00 -4.483173e+00
         vertex 1.944486e+00 2.019273e+00 -4.480404e+00
         vertex 1.953982e+00 2.027228e+00 -4.482981e+00
      endloop
   endfacet
   facet normal -3.056078e-01 5.687145e-02 -9.504575e-01
      outer loop
         vertex 1.953982e+00 2.027228e+00 -4.482981e+00
         vertex 1.944486e+00 2.019273e+00 -4.480404e+00
         vertex 1.945938e+00 2.026780e+00 -4.480422e+00
      endloop
   endfacet
   facet normal -3.051389e-01 4.357687e-02 -9.513103e-01
      outer loop
         vertex 1.953982e+00 2.027228e+00 -4.482981e+00
         vertex 1.945938e+00 2.026780e+00 -4.480422e+00
         vertex 1.954424e+00 2.034807e+00 -4.482776e+00
      endloop
   endfacet
   facet normal -2.853030e-01 2.058021e-02 -9.582164e-01
      outer loop
         vertex 1.954424e+00 2.034807e+00 -4.482776e+00
         vertex 1.945938e+00 2.026780e+00 -4.480422e+00
         vertex 1.946530e+00 2.034361e+00 -4.480435e+00
      endloop
   endfacet
   facet normal -2.847168e-01 8.322487e-03 -9.585756e-01
      outer loop
         vertex 1.954424e+00 2.034807e+00 -4.482776e+00
         vertex 1.946530e+00 2.034361e+00 -4.480435e+00
         vertex 1.953595e+00 2.050154e+00 -4.482396e+00
      endloop
   endfacet
   facet normal -2.352821e-01 -1.543421e-02 -9.718046e-01
      outer loop
         vertex 1.953595e+00 2.050154e+00 -4.482396e+00
         vertex 1.946530e+00 2.034361e+00 -4.480435e+00
         vertex 1.945732e+00 2.049696e+00 -4.480485e+00
      endloop
   endfacet
   facet normal -2.349774e-01 -2.057079e-02 -9.717831e-01
      outer loop
         vertex 1.953595e+00 2.050154e+00 -4.482396e+00
         vertex 1.945732e+00 2.049696e+00 -4.480485e+00
         vertex 1.951364e+00 2.065657e+00 -4.482185e+00
      endloop
   endfacet
   facet normal -1.872719e-01 -3.844490e-02 -9.815555e-01
      outer loop
         vertex 1.951364e+00 2.065657e+00 -4.482185e+00
         vertex 1.945732e+00 2.049696e+00 -4.480485e+00
         vertex 1.943311e+00 2.065175e+00 -4.480630e+00
      endloop
   endfacet
   facet normal -1.873479e-01 -3.727319e-02 -9.815862e-01
      outer loop
         vertex 1.951364e+00 2.065657e+00 -4.482185e+00
         vertex 1.943311e+00 2.065175e+00 -4.480630e+00
         vertex 1.948874e+00 2.081188e+00 -4.482300e+00
      endloop
   endfacet
   facet normal -1.582566e-01 -4.786470e-02 -9.862372e-01
      outer loop
         vertex 1.948874e+00 2.081188e+00 -4.482300e+00
         vertex 1.943311e+00 2.065175e+00 -4.480630e+00
         vertex 1.940590e+00 2.080684e+00 -4.480946e+00
      endloop
   endfacet
   facet normal -1.584184e-01 -4.544161e-02 -9.863259e-01
      outer loop
         vertex 1.948874e+00 2.081188e+00 -4.482300e+00
         vertex 1.940590e+00 2.080684e+00 -4.480946e+00
         vertex 1.948253e+00 2.088891e+00 -4.482555e+00
      endloop
   endfacet
   facet normal -1.577769e-01 -4.605514e-02 -9.864002e-01
      outer loop
         vertex 1.948253e+00 2.088891e+00 -4.482555e+00
         vertex 1.940590e+00 2.080684e+00 -4.480946e+00
         vertex 1.939952e+00 2.088386e+00 -4.481203e+00
      endloop
   endfacet
   facet normal -1.575947e-01 -4.877819e-02 -9.862984e-01
      outer loop
         vertex 1.948253e+00 2.088891e+00 -4.482555e+00
         vertex 1.939952e+00 2.088386e+00 -4.481203e+00
         vertex 1.948296e+00 2.092708e+00 -4.482750e+00
      endloop
   endfacet
   facet normal -1.631647e-01 -3.787070e-02 -9.858717e-01
      outer loop
         vertex 1.948296e+00 2.092708e+00 -4.482750e+00
         vertex 1.939952e+00 2.088386e+00 -4.481203e+00
         vertex 1.940041e+00 2.092207e+00 -4.481365e+00
      endloop
   endfacet
   facet normal -1.624013e-01 -4.939488e-02 -9.854877e-01
      outer loop
         vertex 1.948296e+00 2.092708e+00 -4.482750e+00
         vertex 1.940041e+00 2.092207e+00 -4.481365e+00
         vertex 1.948650e+00 2.096493e+00 -4.482999e+00
      endloop
   endfacet
   facet normal -1.728481e-01 -2.805427e-02 -9.845489e-01
      outer loop
         vertex 1.948650e+00 2.096493e+00 -4.482999e+00
         vertex 1.940041e+00 2.092207e+00 -4.481365e+00
         vertex 1.940492e+00 2.096001e+00 -4.481552e+00
      endloop
   endfacet
   facet normal -2.154653e-01 -2.146209e-01 -9.526345e-01
      outer loop
         vertex 1.839111e+00 -1.177799e+00 -4.487386e+00
         vertex 1.813743e+00 -1.178092e+00 -4.481582e+00
         vertex 1.797024e+00 -1.127918e+00 -4.489105e+00
      endloop
   endfacet
   facet normal -1.980573e-01 -2.095539e-01 -9.575283e-01
      outer loop
         vertex 1.797024e+00 -1.127918e+00 -4.489105e+00
         vertex 1.813743e+00 -1.178092e+00 -4.481582e+00
         vertex 1.765066e+00 -1.128368e+00 -4.482396e+00
      endloop
   endfacet
   facet normal -1.967862e-01 -2.307853e-01 -9.528973e-01
      outer loop
         vertex 1.797024e+00 -1.127918e+00 -4.489105e+00
         vertex 1.765066e+00 -1.128368e+00 -4.482396e+00
         vertex 1.753072e+00 -1.079163e+00 -4.491836e+00
      endloop
   endfacet
   facet normal -1.818881e-01 -2.278558e-01 -9.565555e-01
      outer loop
         vertex 1.753072e+00 -1.079163e+00 -4.491836e+00
         vertex 1.765066e+00 -1.128368e+00 -4.482396e+00
         vertex 1.714292e+00 -1.079840e+00 -4.484301e+00
      endloop
   endfacet
   facet normal -1.805877e-01 -2.483046e-01 -9.517000e-01
      outer loop
         vertex 1.753072e+00 -1.079163e+00 -4.491836e+00
         vertex 1.714292e+00 -1.079840e+00 -4.484301e+00
         vertex 1.663944e+00 -9.839197e-01 -4.499773e+00
      endloop
   endfacet
   facet normal -1.590809e-01 -2.380539e-01 -9.581355e-01
      outer loop
         vertex 1.663944e+00 -9.839197e-01 -4.499773e+00
         vertex 1.714292e+00 -1.079840e+00 -4.484301e+00
         vertex 1.611473e+00 -9.852364e-01 -4.490735e+00
      endloop
   endfacet
   facet normal -1.569033e-01 -2.696325e-01 -9.500946e-01
      outer loop
         vertex 1.663944e+00 -9.839197e-01 -4.499773e+00
         vertex 1.611473e+00 -9.852364e-01 -4.490735e+00
         vertex 1.573901e+00 -8.915185e-01 -4.511126e+00
      endloop
   endfacet
   facet normal -1.407506e-01 -2.640467e-01 -9.541848e-01
      outer loop
         vertex 1.573901e+00 -8.915185e-01 -4.511126e+00
         vertex 1.611473e+00 -9.852364e-01 -4.490735e+00
         vertex 1.507788e+00 -8.937657e-01 -4.500752e+00
      endloop
   endfacet
   facet normal -1.395196e-01 -2.800243e-01 -9.498003e-01
      outer loop
         vertex 1.573901e+00 -8.915185e-01 -4.511126e+00
         vertex 1.507788e+00 -8.937657e-01 -4.500752e+00
         vertex 1.483461e+00 -7.959517e-01 -4.526017e+00
      endloop
   endfacet
   facet normal -1.323205e-01 -2.786073e-01 -9.512462e-01
      outer loop
         vertex 1.483461e+00 -7.959517e-01 -4.526017e+00
         vertex 1.507788e+00 -8.937657e-01 -4.500752e+00
         vertex 1.455666e+00 -8.470991e-01 -4.507170e+00
      endloop
   endfacet
   facet normal -1.289201e-01 -2.804299e-01 -9.511775e-01
      outer loop
         vertex 1.483461e+00 -7.959517e-01 -4.526017e+00
         vertex 1.455666e+00 -8.470991e-01 -4.507170e+00
         vertex 1.403868e+00 -7.985928e-01 -4.514450e+00
      endloop
   endfacet
   facet normal -1.744656e-01 2.272368e-02 -9.844010e-01
      outer loop
         vertex 1.948531e+00 -1.400217e+00 -4.482999e+00
         vertex 1.940358e+00 -1.400290e+00 -4.481553e+00
         vertex 1.947907e+00 -1.396460e+00 -4.482802e+00
      endloop
   endfacet
   facet normal -1.653241e-01 4.110154e-03 -9.862307e-01
      outer loop
         vertex 1.947907e+00 -1.396460e+00 -4.482802e+00
         vertex 1.940358e+00 -1.400290e+00 -4.481553e+00
         vertex 1.939638e+00 -1.396532e+00 -4.481416e+00
      endloop
   endfacet
   facet normal -1.654454e-01 2.370044e-02 -9.859341e-01
      outer loop
         vertex 1.947907e+00 -1.396460e+00 -4.482802e+00
         vertex 1.939638e+00 -1.396532e+00 -4.481416e+00
         vertex 1.947592e+00 -1.392653e+00 -4.482658e+00
      endloop
   endfacet
   facet normal -1.606152e-01 1.348138e-02 -9.869250e-01
      outer loop
         vertex 1.947592e+00 -1.392653e+00 -4.482658e+00
         vertex 1.939638e+00 -1.396532e+00 -4.481416e+00
         vertex 1.939277e+00 -1.392724e+00 -4.481305e+00
      endloop
   endfacet
   facet normal -1.606557e-01 2.061853e-02 -9.867951e-01
      outer loop
         vertex 1.947592e+00 -1.392653e+00 -4.482658e+00
         vertex 1.939277e+00 -1.392724e+00 -4.481305e+00
         vertex 1.947663e+00 -1.384922e+00 -4.482508e+00
      endloop
   endfacet
   facet normal -1.612647e-01 2.129067e-02 -9.866815e-01
      outer loop
         vertex 1.947663e+00 -1.384922e+00 -4.482508e+00
         vertex 1.939277e+00 -1.392724e+00 -4.481305e+00
         vertex 1.939366e+00 -1.384994e+00 -4.481153e+00
      endloop
   endfacet
   facet normal -1.611836e-01 7.919040e-03 -9.868927e-01
      outer loop
         vertex 1.947663e+00 -1.384922e+00 -4.482508e+00
         vertex 1.939366e+00 -1.384994e+00 -4.481153e+00
         vertex 1.949037e+00 -1.369260e+00 -4.482606e+00
      endloop
   endfacet
   facet normal -1.896594e-01 2.592019e-02 -9.815077e-01
      outer loop
         vertex 1.949037e+00 -1.369260e+00 -4.482606e+00
         vertex 1.939366e+00 -1.384994e+00 -4.481153e+00
         vertex 1.940971e+00 -1.369334e+00 -4.481050e+00
      endloop
   endfacet
   facet normal -1.893593e-01 -1.310542e-02 -9.818204e-01
      outer loop
         vertex 1.949037e+00 -1.369260e+00 -4.482606e+00
         vertex 1.940971e+00 -1.369334e+00 -4.481050e+00
         vertex 1.950146e+00 -1.353648e+00 -4.483029e+00
      endloop
   endfacet
   facet normal -2.360589e-01 1.549985e-02 -9.716151e-01
      outer loop
         vertex 1.950146e+00 -1.353648e+00 -4.483029e+00
         vertex 1.940971e+00 -1.369334e+00 -4.481050e+00
         vertex 1.942269e+00 -1.353729e+00 -4.481116e+00
      endloop
   endfacet
   facet normal -2.353320e-01 -4.149130e-02 -9.710290e-01
      outer loop
         vertex 1.950146e+00 -1.353648e+00 -4.483029e+00
         vertex 1.942269e+00 -1.353729e+00 -4.481116e+00
         vertex 1.949857e+00 -1.338289e+00 -4.483615e+00
      endloop
   endfacet
   facet normal -2.837475e-01 -1.571362e-02 -9.587703e-01
      outer loop
         vertex 1.949857e+00 -1.338289e+00 -4.483615e+00
         vertex 1.942269e+00 -1.353729e+00 -4.481116e+00
         vertex 1.941948e+00 -1.338379e+00 -4.481273e+00
      endloop
   endfacet
   facet normal -2.823234e-01 -7.632774e-02 -9.562780e-01
      outer loop
         vertex 1.949857e+00 -1.338289e+00 -4.483615e+00
         vertex 1.941948e+00 -1.338379e+00 -4.481273e+00
         vertex 1.948860e+00 -1.330763e+00 -4.483921e+00
      endloop
   endfacet
   facet normal -3.016889e-01 -5.715605e-02 -9.516917e-01
      outer loop
         vertex 1.948860e+00 -1.330763e+00 -4.483921e+00
         vertex 1.941948e+00 -1.338379e+00 -4.481273e+00
         vertex 1.940799e+00 -1.330857e+00 -4.481360e+00
      endloop
   endfacet
   facet normal -2.998914e-01 -1.075188e-01 -9.478950e-01
      outer loop
         vertex 1.948860e+00 -1.330763e+00 -4.483921e+00
         vertex 1.940799e+00 -1.330857e+00 -4.481360e+00
         vertex 1.947125e+00 -1.323369e+00 -4.484211e+00
      endloop
   endfacet
   facet normal -3.129951e-01 -9.533148e-02 -9.449582e-01
      outer loop
         vertex 1.947125e+00 -1.323369e+00 -4.484211e+00
         vertex 1.940799e+00 -1.330857e+00 -4.481360e+00
         vertex 1.938795e+00 -1.323469e+00 -4.481442e+00
      endloop
   endfacet
   facet normal -3.107778e-01 -1.411435e-01 -9.399445e-01
      outer loop
         vertex 1.947125e+00 -1.323369e+00 -4.484211e+00
         vertex 1.938795e+00 -1.323469e+00 -4.481442e+00
         vertex 1.944632e+00 -1.316112e+00 -4.484477e+00
      endloop
   endfacet
   facet normal -3.174511e-01 -1.352834e-01 -9.385751e-01
      outer loop
         vertex 1.944632e+00 -1.316112e+00 -4.484477e+00
         vertex 1.938795e+00 -1.323469e+00 -4.481442e+00
         vertex 1.935913e+00 -1.316218e+00 -4.481512e+00
      endloop
   endfacet
   facet normal -3.152280e-01 -1.717763e-01 -9.333403e-01
      outer loop
         vertex 1.944632e+00 -1.316112e+00 -4.484477e+00
         vertex 1.935913e+00 -1.316218e+00 -4.481512e+00
         vertex 1.941462e+00 -1.308982e+00 -4.484718e+00
      endloop
   endfacet
   facet normal -3.164898e-01 -1.707064e-01 -9.331096e-01
      outer loop
         vertex 1.941462e+00 -1.308982e+00 -4.484718e+00
         vertex 1.935913e+00 -1.316218e+00 -4.481512e+00
         vertex 1.932246e+00 -1.309094e+00 -4.481572e+00
      endloop
   endfacet
   facet normal -3.136856e-01 -2.089281e-01 -9.262561e-01
      outer loop
         vertex 1.941462e+00 -1.308982e+00 -4.484718e+00
         vertex 1.932246e+00 -1.309094e+00 -4.481572e+00
         vertex 1.933427e+00 -1.295052e+00 -4.485139e+00
      endloop
   endfacet
   facet normal -3.056532e-01 -2.102114e-01 -9.286481e-01
      outer loop
         vertex 1.933427e+00 -1.295052e+00 -4.485139e+00
         vertex 1.932246e+00 -1.309094e+00 -4.481572e+00
         vertex 1.922948e+00 -1.295177e+00 -4.481662e+00
      endloop
   endfacet
   facet normal -3.030639e-01 -2.411340e-01 -9.219581e-01
      outer loop
         vertex 1.933427e+00 -1.295052e+00 -4.485139e+00
         vertex 1.922948e+00 -1.295177e+00 -4.481662e+00
         vertex 1.923692e+00 -1.281481e+00 -4.485488e+00
      endloop
   endfacet
   facet normal -2.881625e-01 -2.431300e-01 -9.262020e-01
      outer loop
         vertex 1.923692e+00 -1.281481e+00 -4.485488e+00
         vertex 1.922948e+00 -1.295177e+00 -4.481662e+00
         vertex 1.911679e+00 -1.281620e+00 -4.481714e+00
      endloop
   endfacet
   facet normal -2.874424e-01 -2.514038e-01 -9.242148e-01
      outer loop
         vertex 1.923692e+00 -1.281481e+00 -4.485488e+00
         vertex 1.911679e+00 -1.281620e+00 -4.481714e+00
         vertex 1.839111e+00 -1.177799e+00 -4.487386e+00
      endloop
   endfacet
   facet normal -2.068550e-01 -1.969401e-01 -9.583452e-01
      outer loop
         vertex 1.839111e+00 -1.177799e+00 -4.487386e+00
         vertex 1.911679e+00 -1.281620e+00 -4.481714e+00
         vertex 1.861399e+00 -1.229194e+00 -4.481635e+00
      endloop
   endfacet
   facet normal -2.162770e-01 -2.007054e-01 -9.554798e-01
      outer loop
         vertex 1.839111e+00 -1.177799e+00 -4.487386e+00
         vertex 1.861399e+00 -1.229194e+00 -4.481635e+00
         vertex 1.813743e+00 -1.178092e+00 -4.481582e+00
      endloop
   endfacet
   facet normal -6.770432e-02 -2.343421e-01 -9.697938e-01
      outer loop
         vertex 1.439109e+00 -7.454721e-01 -4.534635e+00
         vertex 1.395623e+00 -6.938814e-01 -4.544065e+00
         vertex 1.535412e+00 -6.893806e-01 -4.554912e+00
      endloop
   endfacet
   facet normal -8.267827e-02 2.986581e-01 -9.507721e-01
      outer loop
         vertex 1.263488e+00 1.063328e+00 -4.596251e+00
         vertex 1.332468e+00 1.149714e+00 -4.575113e+00
         vertex 1.532711e+00 1.194834e+00 -4.578353e+00
      endloop
   endfacet
   facet normal -7.833354e-02 2.789204e-01 -9.571140e-01
      outer loop
         vertex 1.532711e+00 1.194834e+00 -4.578353e+00
         vertex 1.332468e+00 1.149714e+00 -4.575113e+00
         vertex 1.404557e+00 1.237415e+00 -4.555456e+00
      endloop
   endfacet
   facet normal -8.857017e-02 2.516799e-01 -9.637492e-01
      outer loop
         vertex 1.532711e+00 1.194834e+00 -4.578353e+00
         vertex 1.404557e+00 1.237415e+00 -4.555456e+00
         vertex 1.617829e+00 1.339644e+00 -4.548359e+00
      endloop
   endfacet
   facet normal -6.581499e-02 2.656389e-01 -9.618235e-01
      outer loop
         vertex 1.532711e+00 1.194834e+00 -4.578353e+00
         vertex 1.456696e+00 1.063481e+00 -4.609429e+00
         vertex 1.263488e+00 1.063328e+00 -4.596251e+00
      endloop
   endfacet
   facet normal -6.579797e-02 2.665841e-01 -9.615631e-01
      outer loop
         vertex 1.263488e+00 1.063328e+00 -4.596251e+00
         vertex 1.456696e+00 1.063481e+00 -4.609429e+00
         vertex 1.426150e+00 1.007911e+00 -4.622745e+00
      endloop
   endfacet
   facet normal -5.949413e-02 2.830316e-01 -9.572636e-01
      outer loop
         vertex 1.263488e+00 1.063328e+00 -4.596251e+00
         vertex 1.426150e+00 1.007911e+00 -4.622745e+00
         vertex 1.199030e+00 9.776228e-01 -4.617585e+00
      endloop
   endfacet
   facet normal -5.693699e-02 2.628525e-01 -9.631546e-01
      outer loop
         vertex 1.199030e+00 9.776228e-01 -4.617585e+00
         vertex 1.426150e+00 1.007911e+00 -4.622745e+00
         vertex 1.407122e+00 9.721593e-01 -4.631377e+00
      endloop
   endfacet
   facet normal -5.602920e-02 2.830616e-01 -9.574638e-01
      outer loop
         vertex 1.199030e+00 9.776228e-01 -4.617585e+00
         vertex 1.407122e+00 9.721593e-01 -4.631377e+00
         vertex 1.140630e+00 8.935102e-01 -4.639034e+00
      endloop
   endfacet
   facet normal -4.850830e-02 2.582968e-01 -9.648470e-01
      outer loop
         vertex 1.407122e+00 9.721593e-01 -4.631377e+00
         vertex 1.361437e+00 8.815494e-01 -4.653337e+00
         vertex 1.140630e+00 8.935102e-01 -4.639034e+00
      endloop
   endfacet
   facet normal -4.855608e-02 2.576263e-01 -9.650238e-01
      outer loop
         vertex 1.140630e+00 8.935102e-01 -4.639034e+00
         vertex 1.361437e+00 8.815494e-01 -4.653337e+00
         vertex 1.356388e+00 8.708855e-01 -4.655930e+00
      endloop
   endfacet
   facet normal -4.624340e-02 2.759690e-01 -9.600535e-01
      outer loop
         vertex 1.140630e+00 8.935102e-01 -4.639034e+00
         vertex 1.356388e+00 8.708855e-01 -4.655930e+00
         vertex 1.113904e+00 8.504265e-01 -4.650131e+00
      endloop
   endfacet
   facet normal -4.470891e-02 2.562139e-01 -9.655856e-01
      outer loop
         vertex 1.113904e+00 8.504265e-01 -4.650131e+00
         vertex 1.356388e+00 8.708855e-01 -4.655930e+00
         vertex 1.340162e+00 8.351370e-01 -4.664665e+00
      endloop
   endfacet
   facet normal -4.435303e-02 2.604245e-01 -9.644749e-01
      outer loop
         vertex 1.113904e+00 8.504265e-01 -4.650131e+00
         vertex 1.340162e+00 8.351370e-01 -4.664665e+00
         vertex 1.088858e+00 8.046868e-01 -4.661330e+00
      endloop
   endfacet
   facet normal -4.231502e-02 2.431008e-01 -9.690776e-01
      outer loop
         vertex 1.088858e+00 8.046868e-01 -4.661330e+00
         vertex 1.340162e+00 8.351370e-01 -4.664665e+00
         vertex 1.318613e+00 7.828927e-01 -4.676830e+00
      endloop
   endfacet
   facet normal -4.514676e-02 2.174753e-01 -9.750212e-01
      outer loop
         vertex 1.088858e+00 8.046868e-01 -4.661330e+00
         vertex 1.318613e+00 7.828927e-01 -4.676830e+00
         vertex 1.065899e+00 7.558112e-01 -4.671169e+00
      endloop
   endfacet
   facet normal -4.382146e-02 2.045098e-01 -9.778831e-01
      outer loop
         vertex 1.065899e+00 7.558112e-01 -4.671169e+00
         vertex 1.318613e+00 7.828927e-01 -4.676830e+00
         vertex 1.301112e+00 7.345683e-01 -4.686152e+00
      endloop
   endfacet
   facet normal -4.714033e-02 1.720476e-01 -9.839601e-01
      outer loop
         vertex 1.065899e+00 7.558112e-01 -4.671169e+00
         vertex 1.301112e+00 7.345683e-01 -4.686152e+00
         vertex 1.045344e+00 7.046284e-01 -4.679133e+00
      endloop
   endfacet
   facet normal -4.661159e-02 1.673345e-01 -9.847977e-01
      outer loop
         vertex 1.045344e+00 7.046284e-01 -4.679133e+00
         vertex 1.301112e+00 7.345683e-01 -4.686152e+00
         vertex 1.286750e+00 6.899451e-01 -4.693054e+00
      endloop
   endfacet
   facet normal -4.874854e-02 1.365905e-01 -9.894274e-01
      outer loop
         vertex 1.045344e+00 7.046284e-01 -4.679133e+00
         vertex 1.286750e+00 6.899451e-01 -4.693054e+00
         vertex 1.027458e+00 6.527985e-01 -4.685407e+00
      endloop
   endfacet
   facet normal -9.676866e-02 2.684145e-01 -9.584307e-01
      outer loop
         vertex 1.404557e+00 1.237415e+00 -4.555456e+00
         vertex 1.478508e+00 1.328279e+00 -4.537475e+00
         vertex 1.617829e+00 1.339644e+00 -4.548359e+00
      endloop
   endfacet
   facet normal -9.578900e-02 2.520706e-01 -9.629563e-01
      outer loop
         vertex 1.617829e+00 1.339644e+00 -4.548359e+00
         vertex 1.478508e+00 1.328279e+00 -4.537475e+00
         vertex 1.515923e+00 1.374496e+00 -4.529099e+00
      endloop
   endfacet
   facet normal -1.008703e-01 2.387942e-01 -9.658170e-01
      outer loop
         vertex 1.617829e+00 1.339644e+00 -4.548359e+00
         vertex 1.515923e+00 1.374496e+00 -4.529099e+00
         vertex 1.647732e+00 1.391076e+00 -4.538766e+00
      endloop
   endfacet
   facet normal -1.010385e-01 2.403697e-01 -9.654085e-01
      outer loop
         vertex 1.647732e+00 1.391076e+00 -4.538766e+00
         vertex 1.515923e+00 1.374496e+00 -4.529099e+00
         vertex 1.553184e+00 1.422636e+00 -4.521013e+00
      endloop
   endfacet
   facet normal -1.053384e-01 2.288080e-01 -9.677555e-01
      outer loop
         vertex 1.647732e+00 1.391076e+00 -4.538766e+00
         vertex 1.553184e+00 1.422636e+00 -4.521013e+00
         vertex 1.672545e+00 1.435539e+00 -4.530954e+00
      endloop
   endfacet
   facet normal -1.031393e-01 2.040272e-01 -9.735169e-01
      outer loop
         vertex 1.672545e+00 1.435539e+00 -4.530954e+00
         vertex 1.553184e+00 1.422636e+00 -4.521013e+00
         vertex 1.720842e+00 1.529962e+00 -4.516282e+00
      endloop
   endfacet
   facet normal -1.971494e-01 9.049082e-02 -9.761883e-01
      outer loop
         vertex 1.961290e+00 2.003289e+00 -4.486287e+00
         vertex 1.948207e+00 2.004990e+00 -4.483487e+00
         vertex 1.950845e+00 2.012321e+00 -4.483341e+00
      endloop
   endfacet
   facet normal -1.982089e-01 8.923327e-02 -9.760895e-01
      outer loop
         vertex 1.961290e+00 2.003289e+00 -4.486287e+00
         vertex 1.950845e+00 2.012321e+00 -4.483341e+00
         vertex 1.965154e+00 2.019364e+00 -4.485602e+00
      endloop
   endfacet
   facet normal -9.571552e-02 -2.268383e-02 -9.951502e-01
      outer loop
         vertex 1.948874e+00 2.081188e+00 -4.482300e+00
         vertex 1.960938e+00 2.086524e+00 -4.483582e+00
         vertex 1.951364e+00 2.065657e+00 -4.482185e+00
      endloop
   endfacet
   facet normal -1.028916e-01 -1.934808e-02 -9.945044e-01
      outer loop
         vertex 1.951364e+00 2.065657e+00 -4.482185e+00
         vertex 1.960938e+00 2.086524e+00 -4.483582e+00
         vertex 1.963102e+00 2.069223e+00 -4.483469e+00
      endloop
   endfacet
   facet normal -1.095152e-01 2.644622e-03 -9.939816e-01
      outer loop
         vertex 1.951364e+00 2.065657e+00 -4.482185e+00
         vertex 1.963102e+00 2.069223e+00 -4.483469e+00
         vertex 1.963503e+00 2.066418e+00 -4.483521e+00
      endloop
   endfacet
   facet normal -1.903640e-01 7.234726e-02 -9.790441e-01
      outer loop
         vertex 1.950845e+00 2.012321e+00 -4.483341e+00
         vertex 1.952797e+00 2.019731e+00 -4.483173e+00
         vertex 1.965154e+00 2.019364e+00 -4.485602e+00
      endloop
   endfacet
   facet normal -1.910647e-01 5.522855e-02 -9.800225e-01
      outer loop
         vertex 1.965154e+00 2.019364e+00 -4.485602e+00
         vertex 1.952797e+00 2.019731e+00 -4.483173e+00
         vertex 1.953982e+00 2.027228e+00 -4.482981e+00
      endloop
   endfacet
   facet normal -1.857052e-01 6.302962e-02 -9.805819e-01
      outer loop
         vertex 1.965154e+00 2.019364e+00 -4.485602e+00
         vertex 1.953982e+00 2.027228e+00 -4.482981e+00
         vertex 1.966324e+00 2.035460e+00 -4.484789e+00
      endloop
   endfacet
   facet normal -1.686753e-01 3.652862e-02 -9.849946e-01
      outer loop
         vertex 1.966324e+00 2.035460e+00 -4.484789e+00
         vertex 1.953982e+00 2.027228e+00 -4.482981e+00
         vertex 1.954424e+00 2.034807e+00 -4.482776e+00
      endloop
   endfacet
   facet normal -1.681235e-01 2.507600e-02 -9.854469e-01
      outer loop
         vertex 1.966324e+00 2.035460e+00 -4.484789e+00
         vertex 1.954424e+00 2.034807e+00 -4.482776e+00
         vertex 1.963503e+00 2.066418e+00 -4.483521e+00
      endloop
   endfacet
   facet normal -1.400763e-01 1.691317e-02 -9.899963e-01
      outer loop
         vertex 1.963503e+00 2.066418e+00 -4.483521e+00
         vertex 1.954424e+00 2.034807e+00 -4.482776e+00
         vertex 1.953595e+00 2.050154e+00 -4.482396e+00
      endloop
   endfacet
   facet normal -1.092174e-01 -2.165356e-03 -9.940155e-01
      outer loop
         vertex 1.963503e+00 2.066418e+00 -4.483521e+00
         vertex 1.953595e+00 2.050154e+00 -4.482396e+00
         vertex 1.951364e+00 2.065657e+00 -4.482185e+00
      endloop
   endfacet
   facet normal -1.943139e-01 1.099462e-01 -9.747584e-01
      outer loop
         vertex 1.948207e+00 2.004990e+00 -4.483487e+00
         vertex 1.961290e+00 2.003289e+00 -4.486287e+00
         vertex 1.941206e+00 1.990537e+00 -4.483722e+00
      endloop
   endfacet
   facet normal -1.962792e-01 1.131955e-01 -9.739924e-01
      outer loop
         vertex 1.941206e+00 1.990537e+00 -4.483722e+00
         vertex 1.961290e+00 2.003289e+00 -4.486287e+00
         vertex 1.950534e+00 1.977397e+00 -4.487129e+00
      endloop
   endfacet
   facet normal -1.823566e-01 1.234563e-01 -9.754510e-01
      outer loop
         vertex 1.941206e+00 1.990537e+00 -4.483722e+00
         vertex 1.950534e+00 1.977397e+00 -4.487129e+00
         vertex 1.932470e+00 1.976315e+00 -4.483889e+00
      endloop
   endfacet
   facet normal -1.821362e-01 1.174227e-01 -9.762368e-01
      outer loop
         vertex 1.932470e+00 1.976315e+00 -4.483889e+00
         vertex 1.950534e+00 1.977397e+00 -4.487129e+00
         vertex 1.948901e+00 1.974149e+00 -4.487215e+00
      endloop
   endfacet
   facet normal -1.803128e-01 1.294385e-01 -9.750554e-01
      outer loop
         vertex 1.932470e+00 1.976315e+00 -4.483889e+00
         vertex 1.948901e+00 1.974149e+00 -4.487215e+00
         vertex 1.855381e+00 1.865515e+00 -4.484342e+00
      endloop
   endfacet
   facet normal -1.438438e-01 9.778671e-02 -9.847572e-01
      outer loop
         vertex 1.948901e+00 1.974149e+00 -4.487215e+00
         vertex 1.925083e+00 1.929897e+00 -4.488130e+00
         vertex 1.855381e+00 1.865515e+00 -4.484342e+00
      endloop
   endfacet
   facet normal -1.393751e-01 9.288308e-02 -9.858739e-01
      outer loop
         vertex 1.855381e+00 1.865515e+00 -4.484342e+00
         vertex 1.925083e+00 1.929897e+00 -4.488130e+00
         vertex 1.880251e+00 1.841817e+00 -4.490091e+00
      endloop
   endfacet
   facet normal -1.205798e-01 1.127074e-01 -9.862847e-01
      outer loop
         vertex 1.855381e+00 1.865515e+00 -4.484342e+00
         vertex 1.880251e+00 1.841817e+00 -4.490091e+00
         vertex 1.779005e+00 1.754542e+00 -4.487686e+00
      endloop
   endfacet
   facet normal -1.188087e-01 1.106405e-01 -9.867336e-01
      outer loop
         vertex 1.779005e+00 1.754542e+00 -4.487686e+00
         vertex 1.880251e+00 1.841817e+00 -4.490091e+00
         vertex 1.837278e+00 1.759395e+00 -4.494158e+00
      endloop
   endfacet
   facet normal -1.212733e-01 1.469708e-01 -9.816783e-01
      outer loop
         vertex 1.779005e+00 1.754542e+00 -4.487686e+00
         vertex 1.837278e+00 1.759395e+00 -4.494158e+00
         vertex 1.702135e+00 1.642572e+00 -4.494953e+00
      endloop
   endfacet
   facet normal -1.055357e-01 1.287950e-01 -9.860396e-01
      outer loop
         vertex 1.837278e+00 1.759395e+00 -4.494158e+00
         vertex 1.793472e+00 1.675019e+00 -4.500491e+00
         vertex 1.702135e+00 1.642572e+00 -4.494953e+00
      endloop
   endfacet
   facet normal -1.112194e-01 1.452931e-01 -9.831176e-01
      outer loop
         vertex 1.702135e+00 1.642572e+00 -4.494953e+00
         vertex 1.793472e+00 1.675019e+00 -4.500491e+00
         vertex 1.780889e+00 1.650320e+00 -4.502717e+00
      endloop
   endfacet
   facet normal -1.132543e-01 1.702304e-01 -9.788744e-01
      outer loop
         vertex 1.702135e+00 1.642572e+00 -4.494953e+00
         vertex 1.780889e+00 1.650320e+00 -4.502717e+00
         vertex 1.626832e+00 1.528964e+00 -4.505998e+00
      endloop
   endfacet
   facet normal -1.089914e-01 1.648568e-01 -9.802771e-01
      outer loop
         vertex 1.626832e+00 1.528964e+00 -4.505998e+00
         vertex 1.780889e+00 1.650320e+00 -4.502717e+00
         vertex 1.720842e+00 1.529962e+00 -4.516282e+00
      endloop
   endfacet
   facet normal -1.086427e-01 2.006890e-01 -9.736122e-01
      outer loop
         vertex 1.626832e+00 1.528964e+00 -4.505998e+00
         vertex 1.720842e+00 1.529962e+00 -4.516282e+00
         vertex 1.589981e+00 1.474270e+00 -4.513159e+00
      endloop
   endfacet
   facet normal -1.226369e-01 2.340853e-01 -9.644502e-01
      outer loop
         vertex 1.589981e+00 1.474270e+00 -4.513159e+00
         vertex 1.720842e+00 1.529962e+00 -4.516282e+00
         vertex 1.553184e+00 1.422636e+00 -4.521013e+00
      endloop
   endfacet
   facet normal -1.005319e-01 4.276185e-02 -9.940145e-01
      outer loop
         vertex 1.960854e+00 -1.400126e+00 -4.484242e+00
         vertex 1.948531e+00 -1.400217e+00 -4.482999e+00
         vertex 1.960085e+00 -1.390819e+00 -4.483764e+00
      endloop
   endfacet
   facet normal -9.541640e-02 3.641210e-02 -9.947713e-01
      outer loop
         vertex 1.960085e+00 -1.390819e+00 -4.483764e+00
         vertex 1.948531e+00 -1.400217e+00 -4.482999e+00
         vertex 1.947907e+00 -1.396460e+00 -4.482802e+00
      endloop
   endfacet
   facet normal -9.252236e-02 3.008246e-02 -9.952561e-01
      outer loop
         vertex 1.947907e+00 -1.396460e+00 -4.482802e+00
         vertex 1.947592e+00 -1.392653e+00 -4.482658e+00
         vertex 1.960085e+00 -1.390819e+00 -4.483764e+00
      endloop
   endfacet
   facet normal -9.109805e-02 2.015003e-02 -9.956380e-01
      outer loop
         vertex 1.960085e+00 -1.390819e+00 -4.483764e+00
         vertex 1.947592e+00 -1.392653e+00 -4.482658e+00
         vertex 1.947663e+00 -1.384922e+00 -4.482508e+00
      endloop
   endfacet
   facet normal -9.268607e-02 1.678670e-02 -9.955539e-01
      outer loop
         vertex 1.960085e+00 -1.390819e+00 -4.483764e+00
         vertex 1.947663e+00 -1.384922e+00 -4.482508e+00
         vertex 1.960174e+00 -1.384832e+00 -4.483671e+00
      endloop
   endfacet
   facet normal -9.241325e-02 -2.044113e-02 -9.955109e-01
      outer loop
         vertex 1.960174e+00 -1.384832e+00 -4.483671e+00
         vertex 1.947663e+00 -1.384922e+00 -4.482508e+00
         vertex 1.961762e+00 -1.360060e+00 -4.484327e+00
      endloop
   endfacet
   facet normal -1.825550e-01 -1.139970e-01 -9.765646e-01
      outer loop
         vertex 1.954316e+00 -1.306170e+00 -4.487563e+00
         vertex 1.959380e+00 -1.321923e+00 -4.486671e+00
         vertex 1.947125e+00 -1.323369e+00 -4.484211e+00
      endloop
   endfacet
   facet normal -1.381619e-01 5.877445e-03 -9.903922e-01
      outer loop
         vertex 1.947663e+00 -1.384922e+00 -4.482508e+00
         vertex 1.949037e+00 -1.369260e+00 -4.482606e+00
         vertex 1.961762e+00 -1.360060e+00 -4.484327e+00
      endloop
   endfacet
   facet normal -1.210002e-01 -1.825194e-02 -9.924847e-01
      outer loop
         vertex 1.961762e+00 -1.360060e+00 -4.484327e+00
         vertex 1.949037e+00 -1.369260e+00 -4.482606e+00
         vertex 1.950146e+00 -1.353648e+00 -4.483029e+00
      endloop
   endfacet
   facet normal -1.427922e-01 -5.863870e-02 -9.880141e-01
      outer loop
         vertex 1.961762e+00 -1.360060e+00 -4.484327e+00
         vertex 1.950146e+00 -1.353648e+00 -4.483029e+00
         vertex 1.961777e+00 -1.338088e+00 -4.485633e+00
      endloop
   endfacet
   facet normal -1.661327e-01 -4.073278e-02 -9.852618e-01
      outer loop
         vertex 1.961777e+00 -1.338088e+00 -4.485633e+00
         vertex 1.950146e+00 -1.353648e+00 -4.483029e+00
         vertex 1.949857e+00 -1.338289e+00 -4.483615e+00
      endloop
   endfacet
   facet normal -1.648620e-01 -8.750365e-02 -9.824274e-01
      outer loop
         vertex 1.961777e+00 -1.338088e+00 -4.485633e+00
         vertex 1.949857e+00 -1.338289e+00 -4.483615e+00
         vertex 1.959380e+00 -1.321923e+00 -4.486671e+00
      endloop
   endfacet
   facet normal -1.998122e-01 -6.626572e-02 -9.775909e-01
      outer loop
         vertex 1.959380e+00 -1.321923e+00 -4.486671e+00
         vertex 1.949857e+00 -1.338289e+00 -4.483615e+00
         vertex 1.948860e+00 -1.330763e+00 -4.483921e+00
      endloop
   endfacet
   facet normal -1.867878e-01 -8.218930e-02 -9.789562e-01
      outer loop
         vertex 1.959380e+00 -1.321923e+00 -4.486671e+00
         vertex 1.948860e+00 -1.330763e+00 -4.483921e+00
         vertex 1.947125e+00 -1.323369e+00 -4.484211e+00
      endloop
   endfacet
   facet normal -2.023812e-01 -1.051387e-01 -9.736466e-01
      outer loop
         vertex 1.947125e+00 -1.323369e+00 -4.484211e+00
         vertex 1.944632e+00 -1.316112e+00 -4.484477e+00
         vertex 1.954316e+00 -1.306170e+00 -4.487563e+00
      endloop
   endfacet
   facet normal -1.900182e-01 -1.175145e-01 -9.747222e-01
      outer loop
         vertex 1.954316e+00 -1.306170e+00 -4.487563e+00
         vertex 1.944632e+00 -1.316112e+00 -4.484477e+00
         vertex 1.941462e+00 -1.308982e+00 -4.484718e+00
      endloop
   endfacet
   facet normal -1.850033e-01 -1.386104e-01 -9.729136e-01
      outer loop
         vertex 1.954316e+00 -1.306170e+00 -4.487563e+00
         vertex 1.941462e+00 -1.308982e+00 -4.484718e+00
         vertex 1.942078e+00 -1.281786e+00 -4.488710e+00
      endloop
   endfacet
   facet normal -7.136722e-02 -2.284650e-01 -9.709328e-01
      outer loop
         vertex 1.439109e+00 -7.454721e-01 -4.534635e+00
         vertex 1.535412e+00 -6.893806e-01 -4.554912e+00
         vertex 1.483461e+00 -7.959517e-01 -4.526017e+00
      endloop
   endfacet
   facet normal -7.106911e-02 -2.286072e-01 -9.709212e-01
      outer loop
         vertex 1.483461e+00 -7.959517e-01 -4.526017e+00
         vertex 1.535412e+00 -6.893806e-01 -4.554912e+00
         vertex 1.605671e+00 -7.941604e-01 -4.535384e+00
      endloop
   endfacet
   facet normal -7.137267e-02 -2.191601e-01 -9.730749e-01
      outer loop
         vertex 1.483461e+00 -7.959517e-01 -4.526017e+00
         vertex 1.605671e+00 -7.941604e-01 -4.535384e+00
         vertex 1.573901e+00 -8.915185e-01 -4.511126e+00
      endloop
   endfacet
   facet normal -7.811291e-02 -2.169548e-01 -9.730514e-01
      outer loop
         vertex 1.573901e+00 -8.915185e-01 -4.511126e+00
         vertex 1.605671e+00 -7.941604e-01 -4.535384e+00
         vertex 1.673548e+00 -8.874406e-01 -4.520035e+00
      endloop
   endfacet
   facet normal -7.928132e-02 -1.973128e-01 -9.771295e-01
      outer loop
         vertex 1.573901e+00 -8.915185e-01 -4.511126e+00
         vertex 1.673548e+00 -8.874406e-01 -4.520035e+00
         vertex 1.663944e+00 -9.839197e-01 -4.499773e+00
      endloop
   endfacet
   facet normal -7.753863e-02 -1.975074e-01 -9.772301e-01
      outer loop
         vertex 1.673548e+00 -8.874406e-01 -4.520035e+00
         vertex 1.704867e+00 -9.295819e-01 -4.514003e+00
         vertex 1.663944e+00 -9.839197e-01 -4.499773e+00
      endloop
   endfacet
   facet normal -9.033822e-02 -1.880675e-01 -9.779926e-01
      outer loop
         vertex 1.663944e+00 -9.839197e-01 -4.499773e+00
         vertex 1.704867e+00 -9.295819e-01 -4.514003e+00
         vertex 1.743045e+00 -9.815509e-01 -4.507536e+00
      endloop
   endfacet
   facet normal -9.132225e-02 -1.672680e-01 -9.816729e-01
      outer loop
         vertex 1.663944e+00 -9.839197e-01 -4.499773e+00
         vertex 1.743045e+00 -9.815509e-01 -4.507536e+00
         vertex 1.753072e+00 -1.079163e+00 -4.491836e+00
      endloop
   endfacet
   facet normal -1.070438e-01 -1.685910e-01 -9.798565e-01
      outer loop
         vertex 1.753072e+00 -1.079163e+00 -4.491836e+00
         vertex 1.743045e+00 -9.815509e-01 -4.507536e+00
         vertex 1.815993e+00 -1.084398e+00 -4.497809e+00
      endloop
   endfacet
   facet normal -1.058284e-01 -1.504718e-01 -9.829337e-01
      outer loop
         vertex 1.753072e+00 -1.079163e+00 -4.491836e+00
         vertex 1.815993e+00 -1.084398e+00 -4.497809e+00
         vertex 1.797024e+00 -1.127918e+00 -4.489105e+00
      endloop
   endfacet
   facet normal -1.152899e-01 -1.462622e-01 -9.825048e-01
      outer loop
         vertex 1.797024e+00 -1.127918e+00 -4.489105e+00
         vertex 1.815993e+00 -1.084398e+00 -4.497809e+00
         vertex 1.845209e+00 -1.127202e+00 -4.494865e+00
      endloop
   endfacet
   facet normal -1.157492e-01 -1.315858e-01 -9.845239e-01
      outer loop
         vertex 1.797024e+00 -1.127918e+00 -4.489105e+00
         vertex 1.845209e+00 -1.127202e+00 -4.494865e+00
         vertex 1.839111e+00 -1.177799e+00 -4.487386e+00
      endloop
   endfacet
   facet normal -1.326199e-01 -1.292825e-01 -9.826993e-01
      outer loop
         vertex 1.839111e+00 -1.177799e+00 -4.487386e+00
         vertex 1.845209e+00 -1.127202e+00 -4.494865e+00
         vertex 1.889306e+00 -1.196935e+00 -4.491643e+00
      endloop
   endfacet
   facet normal -1.310044e-01 -1.248700e-01 -9.834863e-01
      outer loop
         vertex 1.839111e+00 -1.177799e+00 -4.487386e+00
         vertex 1.889306e+00 -1.196935e+00 -4.491643e+00
         vertex 1.923692e+00 -1.281481e+00 -4.485488e+00
      endloop
   endfacet
   facet normal -1.731256e-01 -1.413620e-01 -9.747022e-01
      outer loop
         vertex 1.923692e+00 -1.281481e+00 -4.485488e+00
         vertex 1.889306e+00 -1.196935e+00 -4.491643e+00
         vertex 1.942078e+00 -1.281786e+00 -4.488710e+00
      endloop
   endfacet
   facet normal -1.730530e-01 -1.491966e-01 -9.735466e-01
      outer loop
         vertex 1.923692e+00 -1.281481e+00 -4.485488e+00
         vertex 1.942078e+00 -1.281786e+00 -4.488710e+00
         vertex 1.933427e+00 -1.295052e+00 -4.485139e+00
      endloop
   endfacet
   facet normal -1.890256e-01 -1.384101e-01 -9.721687e-01
      outer loop
         vertex 1.933427e+00 -1.295052e+00 -4.485139e+00
         vertex 1.942078e+00 -1.281786e+00 -4.488710e+00
         vertex 1.941462e+00 -1.308982e+00 -4.484718e+00
      endloop
   endfacet
   facet normal -6.877162e-02 -5.365459e-02 -9.961886e-01
      outer loop
         vertex 9.792598e-01 2.667879e-01 -4.688108e+00
         vertex 1.220821e+00 2.425744e-01 -4.703480e+00
         vertex 9.842999e-01 1.912652e-01 -4.684388e+00
      endloop
   endfacet
   facet normal -6.836775e-02 -5.548923e-02 -9.961159e-01
      outer loop
         vertex 9.842999e-01 1.912652e-01 -4.684388e+00
         vertex 1.220821e+00 2.425744e-01 -4.703480e+00
         vertex 1.223349e+00 1.704861e-01 -4.699638e+00
      endloop
   endfacet
   facet normal -6.962846e-02 -7.076784e-02 -9.950597e-01
      outer loop
         vertex 9.842999e-01 1.912652e-01 -4.684388e+00
         vertex 1.223349e+00 1.704861e-01 -4.699638e+00
         vertex 9.935881e-01 1.160415e-01 -4.679688e+00
      endloop
   endfacet
   facet normal -7.014699e-02 -6.862132e-02 -9.951736e-01
      outer loop
         vertex 1.223349e+00 1.704861e-01 -4.699638e+00
         vertex 1.225740e+00 1.366868e-01 -4.697476e+00
         vertex 9.935881e-01 1.160415e-01 -4.679688e+00
      endloop
   endfacet
   facet normal -6.934349e-02 -7.716572e-02 -9.946039e-01
      outer loop
         vertex 9.935881e-01 1.160415e-01 -4.679688e+00
         vertex 1.225740e+00 1.366868e-01 -4.697476e+00
         vertex 1.229338e+00 9.875028e-02 -4.694783e+00
      endloop
   endfacet
   facet normal -7.006214e-02 -8.777626e-02 -9.936733e-01
      outer loop
         vertex 9.935881e-01 1.160415e-01 -4.679688e+00
         vertex 1.229338e+00 9.875028e-02 -4.694783e+00
         vertex 1.007056e+00 4.190641e-02 -4.674089e+00
      endloop
   endfacet
   facet normal -6.885833e-02 -9.236286e-02 -9.933416e-01
      outer loop
         vertex 1.007056e+00 4.190641e-02 -4.674089e+00
         vertex 1.229338e+00 9.875028e-02 -4.694783e+00
         vertex 1.241312e+00 1.221827e-02 -4.687567e+00
      endloop
   endfacet
   facet normal -7.063098e-02 -1.070778e-01 -9.917387e-01
      outer loop
         vertex 1.007056e+00 4.190641e-02 -4.674089e+00
         vertex 1.241312e+00 1.221827e-02 -4.687567e+00
         vertex 1.024538e+00 -3.022095e-02 -4.667547e+00
      endloop
   endfacet
   facet normal -6.962211e-02 -1.120077e-01 -9.912654e-01
      outer loop
         vertex 1.024538e+00 -3.022095e-02 -4.667547e+00
         vertex 1.241312e+00 1.221827e-02 -4.687567e+00
         vertex 1.251396e+00 -4.127736e-02 -4.682231e+00
      endloop
   endfacet
   facet normal -7.037362e-02 -1.305067e-01 -9.889467e-01
      outer loop
         vertex 1.024538e+00 -3.022095e-02 -4.667547e+00
         vertex 1.251396e+00 -4.127736e-02 -4.682231e+00
         vertex 1.045617e+00 -1.002301e-01 -4.659808e+00
      endloop
   endfacet
   facet normal -6.999116e-02 -1.317875e-01 -9.888040e-01
      outer loop
         vertex 1.045617e+00 -1.002301e-01 -4.659808e+00
         vertex 1.251396e+00 -4.127736e-02 -4.682231e+00
         vertex 1.264972e+00 -1.008570e-01 -4.675251e+00
      endloop
   endfacet
   facet normal -6.982203e-02 -1.548689e-01 -9.854646e-01
      outer loop
         vertex 1.045617e+00 -1.002301e-01 -4.659808e+00
         vertex 1.264972e+00 -1.008570e-01 -4.675251e+00
         vertex 1.069970e+00 -1.683444e-01 -4.650829e+00
      endloop
   endfacet
   facet normal -6.930301e-02 -1.563000e-01 -9.852753e-01
      outer loop
         vertex 1.069970e+00 -1.683444e-01 -4.650829e+00
         vertex 1.264972e+00 -1.008570e-01 -4.675251e+00
         vertex 1.285169e+00 -1.746526e-01 -4.664965e+00
      endloop
   endfacet
   facet normal -6.968410e-02 -1.773709e-01 -9.816739e-01
      outer loop
         vertex 1.069970e+00 -1.683444e-01 -4.650829e+00
         vertex 1.285169e+00 -1.746526e-01 -4.664965e+00
         vertex 1.097364e+00 -2.349424e-01 -4.640740e+00
      endloop
   endfacet
   facet normal -6.994332e-02 -1.766111e-01 -9.817925e-01
      outer loop
         vertex 1.285169e+00 -1.746526e-01 -4.664965e+00
         vertex 1.297733e+00 -2.148496e-01 -4.658629e+00
         vertex 1.097364e+00 -2.349424e-01 -4.640740e+00
      endloop
   endfacet
   facet normal -6.872800e-02 -1.870792e-01 -9.799377e-01
      outer loop
         vertex 1.097364e+00 -2.349424e-01 -4.640740e+00
         vertex 1.297733e+00 -2.148496e-01 -4.658629e+00
         vertex 1.305851e+00 -2.391404e-01 -4.654561e+00
      endloop
   endfacet
   facet normal -6.880077e-02 -1.973496e-01 -9.779159e-01
      outer loop
         vertex 1.097364e+00 -2.349424e-01 -4.640740e+00
         vertex 1.305851e+00 -2.391404e-01 -4.654561e+00
         vertex 1.127549e+00 -3.002495e-01 -4.629685e+00
      endloop
   endfacet
   facet normal -6.623230e-02 -2.043320e-01 -9.766585e-01
      outer loop
         vertex 1.127549e+00 -3.002495e-01 -4.629685e+00
         vertex 1.305851e+00 -2.391404e-01 -4.654561e+00
         vertex 1.339218e+00 -3.289991e-01 -4.638024e+00
      endloop
   endfacet
   facet normal -6.803260e-02 -2.185147e-01 -9.734592e-01
      outer loop
         vertex 1.127549e+00 -3.002495e-01 -4.629685e+00
         vertex 1.339218e+00 -3.289991e-01 -4.638024e+00
         vertex 1.160303e+00 -3.639791e-01 -4.617668e+00
      endloop
   endfacet
   facet normal -6.617690e-02 -2.269557e-01 -9.716541e-01
      outer loop
         vertex 1.160303e+00 -3.639791e-01 -4.617668e+00
         vertex 1.339218e+00 -3.289991e-01 -4.638024e+00
         vertex 1.353862e+00 -3.643217e-01 -4.630771e+00
      endloop
   endfacet
   facet normal -6.585128e-02 -2.489765e-01 -9.662682e-01
      outer loop
         vertex 1.160303e+00 -3.639791e-01 -4.617668e+00
         vertex 1.353862e+00 -3.643217e-01 -4.630771e+00
         vertex 1.195473e+00 -4.247865e-01 -4.604397e+00
      endloop
   endfacet
   facet normal -6.382427e-02 -2.537982e-01 -9.651492e-01
      outer loop
         vertex 1.195473e+00 -4.247865e-01 -4.604397e+00
         vertex 1.353862e+00 -3.643217e-01 -4.630771e+00
         vertex 1.385035e+00 -4.320770e-01 -4.615015e+00
      endloop
   endfacet
   facet normal -6.433361e-02 -2.759912e-01 -9.590047e-01
      outer loop
         vertex 1.195473e+00 -4.247865e-01 -4.604397e+00
         vertex 1.385035e+00 -4.320770e-01 -4.615015e+00
         vertex 1.232737e+00 -4.821426e-01 -4.590390e+00
      endloop
   endfacet
   facet normal -6.335894e-02 -2.786148e-01 -9.583107e-01
      outer loop
         vertex 1.232737e+00 -4.821426e-01 -4.590390e+00
         vertex 1.385035e+00 -4.320770e-01 -4.615015e+00
         vertex 1.409628e+00 -4.798382e-01 -4.602755e+00
      endloop
   endfacet
   facet normal -6.343858e-02 -2.762089e-01 -9.590017e-01
      outer loop
         vertex 1.232737e+00 -4.821426e-01 -4.590390e+00
         vertex 1.409628e+00 -4.798382e-01 -4.602755e+00
         vertex 1.271566e+00 -5.367915e-01 -4.577219e+00
      endloop
   endfacet
   facet normal -6.346069e-02 -2.761608e-01 -9.590140e-01
      outer loop
         vertex 1.271566e+00 -5.367915e-01 -4.577219e+00
         vertex 1.409628e+00 -4.798382e-01 -4.602755e+00
         vertex 1.439405e+00 -5.333822e-01 -4.589307e+00
      endloop
   endfacet
   facet normal -6.394345e-02 -2.642043e-01 -9.623447e-01
      outer loop
         vertex 1.271566e+00 -5.367915e-01 -4.577219e+00
         vertex 1.439405e+00 -5.333822e-01 -4.589307e+00
         vertex 1.311698e+00 -5.897118e-01 -4.565357e+00
      endloop
   endfacet
   facet normal -6.457411e-02 -2.629075e-01 -9.626577e-01
      outer loop
         vertex 1.311698e+00 -5.897118e-01 -4.565357e+00
         vertex 1.439405e+00 -5.333822e-01 -4.589307e+00
         vertex 1.470555e+00 -5.860655e-01 -4.577009e+00
      endloop
   endfacet
   facet normal -6.512264e-02 -2.499238e-01 -9.660730e-01
      outer loop
         vertex 1.311698e+00 -5.897118e-01 -4.565357e+00
         vertex 1.470555e+00 -5.860655e-01 -4.577009e+00
         vertex 1.395623e+00 -6.938814e-01 -4.544065e+00
      endloop
   endfacet
   facet normal -6.420374e-02 -2.505330e-01 -9.659768e-01
      outer loop
         vertex 1.395623e+00 -6.938814e-01 -4.544065e+00
         vertex 1.470555e+00 -5.860655e-01 -4.577009e+00
         vertex 1.514181e+00 -6.562850e-01 -4.561696e+00
      endloop
   endfacet
   facet normal -6.733287e-02 -2.416283e-01 -9.680300e-01
      outer loop
         vertex 1.395623e+00 -6.938814e-01 -4.544065e+00
         vertex 1.514181e+00 -6.562850e-01 -4.561696e+00
         vertex 1.535412e+00 -6.893806e-01 -4.554912e+00
      endloop
   endfacet
   facet normal -9.681286e-02 -5.608049e-02 -9.937214e-01
      outer loop
         vertex 1.948650e+00 2.096493e+00 -4.482999e+00
         vertex 1.960950e+00 2.097267e+00 -4.484240e+00
         vertex 1.948296e+00 2.092708e+00 -4.482750e+00
      endloop
   endfacet
   facet normal -9.508637e-02 -6.083472e-02 -9.936084e-01
      outer loop
         vertex 1.948296e+00 2.092708e+00 -4.482750e+00
         vertex 1.960950e+00 2.097267e+00 -4.484240e+00
         vertex 1.960938e+00 2.086524e+00 -4.483582e+00
      endloop
   endfacet
   facet normal -8.984237e-02 -4.996727e-02 -9.947018e-01
      outer loop
         vertex 1.948296e+00 2.092708e+00 -4.482750e+00
         vertex 1.960938e+00 2.086524e+00 -4.483582e+00
         vertex 1.948253e+00 2.088891e+00 -4.482555e+00
      endloop
   endfacet
   facet normal -8.804398e-02 -4.006739e-02 -9.953104e-01
      outer loop
         vertex 1.948253e+00 2.088891e+00 -4.482555e+00
         vertex 1.960938e+00 2.086524e+00 -4.483582e+00
         vertex 1.948874e+00 2.081188e+00 -4.482300e+00
      endloop
   endfacet
   facet normal -4.827766e-02 1.332039e-01 -9.899121e-01
      outer loop
         vertex 1.286750e+00 6.899451e-01 -4.693054e+00
         vertex 1.268703e+00 6.262733e-01 -4.700742e+00
         vertex 1.027458e+00 6.527985e-01 -4.685407e+00
      endloop
   endfacet
   facet normal -5.171873e-02 1.038366e-01 -9.932488e-01
      outer loop
         vertex 1.027458e+00 6.527985e-01 -4.685407e+00
         vertex 1.268703e+00 6.262733e-01 -4.700742e+00
         vertex 1.259614e+00 5.896802e-01 -4.704094e+00
      endloop
   endfacet
   facet normal -5.178588e-02 1.035960e-01 -9.932704e-01
      outer loop
         vertex 1.027458e+00 6.527985e-01 -4.685407e+00
         vertex 1.259614e+00 5.896802e-01 -4.704094e+00
         vertex 1.012650e+00 6.017581e-01 -4.689958e+00
      endloop
   endfacet
   facet normal -5.268665e-02 8.698558e-02 -9.948154e-01
      outer loop
         vertex 1.012650e+00 6.017581e-01 -4.689958e+00
         vertex 1.259614e+00 5.896802e-01 -4.704094e+00
         vertex 1.255649e+00 5.723139e-01 -4.705403e+00
      endloop
   endfacet
   facet normal -5.561754e-02 6.363998e-02 -9.964219e-01
      outer loop
         vertex 1.012650e+00 6.017581e-01 -4.689958e+00
         vertex 1.255649e+00 5.723139e-01 -4.705403e+00
         vertex 1.000630e+00 5.493303e-01 -4.692636e+00
      endloop
   endfacet
   facet normal -5.462888e-02 5.227252e-02 -9.971375e-01
      outer loop
         vertex 1.000630e+00 5.493303e-01 -4.692636e+00
         vertex 1.255649e+00 5.723139e-01 -4.705403e+00
         vertex 1.240648e+00 4.948917e-01 -4.708639e+00
      endloop
   endfacet
   facet normal -6.167034e-02 2.144113e-02 -9.978662e-01
      outer loop
         vertex 1.000630e+00 5.493303e-01 -4.692636e+00
         vertex 1.240648e+00 4.948917e-01 -4.708639e+00
         vertex 9.903187e-01 4.890509e-01 -4.693294e+00
      endloop
   endfacet
   facet normal -6.151580e-02 1.446287e-02 -9.980013e-01
      outer loop
         vertex 9.903187e-01 4.890509e-01 -4.693294e+00
         vertex 1.240648e+00 4.948917e-01 -4.708639e+00
         vertex 1.234574e+00 4.561084e-01 -4.708827e+00
      endloop
   endfacet
   facet normal -6.407119e-02 -4.515546e-03 -9.979351e-01
      outer loop
         vertex 9.903187e-01 4.890509e-01 -4.693294e+00
         vertex 1.234574e+00 4.561084e-01 -4.708827e+00
         vertex 9.825371e-01 4.195765e-01 -4.692480e+00
      endloop
   endfacet
   facet normal -6.399096e-02 -5.070217e-03 -9.979376e-01
      outer loop
         vertex 9.825371e-01 4.195765e-01 -4.692480e+00
         vertex 1.234574e+00 4.561084e-01 -4.708827e+00
         vertex 1.226278e+00 3.849309e-01 -4.707933e+00
      endloop
   endfacet
   facet normal -6.593971e-02 -1.891096e-02 -9.976444e-01
      outer loop
         vertex 9.825371e-01 4.195765e-01 -4.692480e+00
         vertex 1.226278e+00 3.849309e-01 -4.707933e+00
         vertex 9.786844e-01 3.435904e-01 -4.690785e+00
      endloop
   endfacet
   facet normal -6.573399e-02 -2.013868e-02 -9.976339e-01
      outer loop
         vertex 9.786844e-01 3.435904e-01 -4.690785e+00
         vertex 1.226278e+00 3.849309e-01 -4.707933e+00
         vertex 1.221889e+00 3.156587e-01 -4.706246e+00
      endloop
   endfacet
   facet normal -6.743684e-02 -3.526100e-02 -9.971003e-01
      outer loop
         vertex 9.786844e-01 3.435904e-01 -4.690785e+00
         vertex 1.221889e+00 3.156587e-01 -4.706246e+00
         vertex 9.792598e-01 2.667879e-01 -4.688108e+00
      endloop
   endfacet
   facet normal -6.762313e-02 -3.434332e-02 -9.971197e-01
      outer loop
         vertex 9.792598e-01 2.667879e-01 -4.688108e+00
         vertex 1.221889e+00 3.156587e-01 -4.706246e+00
         vertex 1.220746e+00 2.609778e-01 -4.704285e+00
      endloop
   endfacet
   facet normal -6.782665e-02 -4.388257e-02 -9.967316e-01
      outer loop
         vertex 9.792598e-01 2.667879e-01 -4.688108e+00
         vertex 1.220746e+00 2.609778e-01 -4.704285e+00
         vertex 1.220821e+00 2.425744e-01 -4.703480e+00
      endloop
   endfacet
   facet normal -4.706417e-02 -9.048516e-02 -9.947851e-01
      outer loop
         vertex 1.508788e+00 8.755371e-02 -4.707074e+00
         vertex 1.513767e+00 1.196097e-02 -4.700434e+00
         vertex 1.241312e+00 1.221827e-02 -4.687567e+00
      endloop
   endfacet
   facet normal -4.899285e-02 -1.771144e-01 -9.829701e-01
      outer loop
         vertex 1.704867e+00 -9.295819e-01 -4.514003e+00
         vertex 1.673548e+00 -8.874406e-01 -4.520035e+00
         vertex 1.791809e+00 -8.822173e-01 -4.526870e+00
      endloop
   endfacet
   facet normal -5.460257e-02 2.307002e-01 -9.714916e-01
      outer loop
         vertex 1.532711e+00 1.194834e+00 -4.578353e+00
         vertex 1.751198e+00 1.255656e+00 -4.576190e+00
         vertex 1.718606e+00 1.159518e+00 -4.597188e+00
      endloop
   endfacet
   facet normal -2.957240e-02 8.905068e-02 -9.955880e-01
      outer loop
         vertex 1.544041e+00 5.370096e-01 -4.717254e+00
         vertex 1.259614e+00 5.896802e-01 -4.704094e+00
         vertex 1.555617e+00 5.973349e-01 -4.712202e+00
      endloop
   endfacet
   facet normal -2.979272e-02 9.852282e-02 -9.946887e-01
      outer loop
         vertex 1.555617e+00 5.973349e-01 -4.712202e+00
         vertex 1.259614e+00 5.896802e-01 -4.704094e+00
         vertex 1.268703e+00 6.262733e-01 -4.700742e+00
      endloop
   endfacet
   facet normal -2.755287e-02 1.198286e-01 -9.924122e-01
      outer loop
         vertex 1.555617e+00 5.973349e-01 -4.712202e+00
         vertex 1.268703e+00 6.262733e-01 -4.700742e+00
         vertex 1.567132e+00 6.516568e-01 -4.705962e+00
      endloop
   endfacet
   facet normal -2.820451e-02 1.276955e-01 -9.914123e-01
      outer loop
         vertex 1.567132e+00 6.516568e-01 -4.705962e+00
         vertex 1.268703e+00 6.262733e-01 -4.700742e+00
         vertex 1.286750e+00 6.899451e-01 -4.693054e+00
      endloop
   endfacet
   facet normal -2.414652e-02 1.560759e-01 -9.874499e-01
      outer loop
         vertex 1.567132e+00 6.516568e-01 -4.705962e+00
         vertex 1.286750e+00 6.899451e-01 -4.693054e+00
         vertex 1.584606e+00 7.264192e-01 -4.694573e+00
      endloop
   endfacet
   facet normal -2.469392e-02 1.605767e-01 -9.867144e-01
      outer loop
         vertex 1.584606e+00 7.264192e-01 -4.694573e+00
         vertex 1.286750e+00 6.899451e-01 -4.693054e+00
         vertex 1.301112e+00 7.345683e-01 -4.686152e+00
      endloop
   endfacet
   facet normal -2.350206e-02 1.955306e-01 -9.804159e-01
      outer loop
         vertex 1.584606e+00 7.264192e-01 -4.694573e+00
         vertex 1.301112e+00 7.345683e-01 -4.686152e+00
         vertex 1.594119e+00 7.634311e-01 -4.687419e+00
      endloop
   endfacet
   facet normal -2.370718e-02 1.976317e-01 -9.799896e-01
      outer loop
         vertex 1.594119e+00 7.634311e-01 -4.687419e+00
         vertex 1.301112e+00 7.345683e-01 -4.686152e+00
         vertex 1.318613e+00 7.828927e-01 -4.676830e+00
      endloop
   endfacet
   facet normal -2.161522e-02 2.241576e-01 -9.743132e-01
      outer loop
         vertex 1.594119e+00 7.634311e-01 -4.687419e+00
         vertex 1.318613e+00 7.828927e-01 -4.676830e+00
         vertex 1.616003e+00 8.412297e-01 -4.670006e+00
      endloop
   endfacet
   facet normal -4.902401e-02 2.567299e-01 -9.652390e-01
      outer loop
         vertex 1.532711e+00 1.194834e+00 -4.578353e+00
         vertex 1.718606e+00 1.159518e+00 -4.597188e+00
         vertex 1.456696e+00 1.063481e+00 -4.609429e+00
      endloop
   endfacet
   facet normal -4.193724e-02 2.380541e-01 -9.703461e-01
      outer loop
         vertex 1.718606e+00 1.159518e+00 -4.597188e+00
         vertex 1.686018e+00 1.062660e+00 -4.619542e+00
         vertex 1.456696e+00 1.063481e+00 -4.609429e+00
      endloop
   endfacet
   facet normal -4.196073e-02 2.364149e-01 -9.707457e-01
      outer loop
         vertex 1.456696e+00 1.063481e+00 -4.609429e+00
         vertex 1.686018e+00 1.062660e+00 -4.619542e+00
         vertex 1.684076e+00 1.056799e+00 -4.620885e+00
      endloop
   endfacet
   facet normal -4.121285e-02 2.541989e-01 -9.662735e-01
      outer loop
         vertex 1.456696e+00 1.063481e+00 -4.609429e+00
         vertex 1.684076e+00 1.056799e+00 -4.620885e+00
         vertex 1.426150e+00 1.007911e+00 -4.622745e+00
      endloop
   endfacet
   facet normal -3.740343e-02 2.342980e-01 -9.714450e-01
      outer loop
         vertex 1.426150e+00 1.007911e+00 -4.622745e+00
         vertex 1.684076e+00 1.056799e+00 -4.620885e+00
         vertex 1.654083e+00 9.646305e-01 -4.641960e+00
      endloop
   endfacet
   facet normal -2.402494e-02 2.361047e-01 -9.714306e-01
      outer loop
         vertex 1.318613e+00 7.828927e-01 -4.676830e+00
         vertex 1.340162e+00 8.351370e-01 -4.664665e+00
         vertex 1.616003e+00 8.412297e-01 -4.670006e+00
      endloop
   endfacet
   facet normal -2.422394e-02 2.476400e-01 -9.685492e-01
      outer loop
         vertex 1.616003e+00 8.412297e-01 -4.670006e+00
         vertex 1.340162e+00 8.351370e-01 -4.664665e+00
         vertex 1.356388e+00 8.708855e-01 -4.655930e+00
      endloop
   endfacet
   facet normal -2.656688e-02 2.292446e-01 -9.730062e-01
      outer loop
         vertex 1.616003e+00 8.412297e-01 -4.670006e+00
         vertex 1.356388e+00 8.708855e-01 -4.655930e+00
         vertex 1.623459e+00 8.662579e-01 -4.664313e+00
      endloop
   endfacet
   facet normal -2.610196e-02 2.478278e-01 -9.684524e-01
      outer loop
         vertex 1.623459e+00 8.662579e-01 -4.664313e+00
         vertex 1.356388e+00 8.708855e-01 -4.655930e+00
         vertex 1.361437e+00 8.815494e-01 -4.653337e+00
      endloop
   endfacet
   facet normal -2.735319e-02 2.295831e-01 -9.729046e-01
      outer loop
         vertex 1.623459e+00 8.662579e-01 -4.664313e+00
         vertex 1.361437e+00 8.815494e-01 -4.653337e+00
         vertex 1.654083e+00 9.646305e-01 -4.641960e+00
      endloop
   endfacet
   facet normal -3.378318e-02 2.514616e-01 -9.672775e-01
      outer loop
         vertex 1.654083e+00 9.646305e-01 -4.641960e+00
         vertex 1.361437e+00 8.815494e-01 -4.653337e+00
         vertex 1.407122e+00 9.721593e-01 -4.631377e+00
      endloop
   endfacet
   facet normal -3.378077e-02 2.515197e-01 -9.672625e-01
      outer loop
         vertex 1.654083e+00 9.646305e-01 -4.641960e+00
         vertex 1.407122e+00 9.721593e-01 -4.631377e+00
         vertex 1.426150e+00 1.007911e+00 -4.622745e+00
      endloop
   endfacet
   facet normal -9.800008e-02 6.187792e-02 -9.932608e-01
      outer loop
         vertex 1.938849e+00 1.871182e+00 -4.493146e+00
         vertex 1.925083e+00 1.929897e+00 -4.488130e+00
         vertex 1.966943e+00 1.962475e+00 -4.490231e+00
      endloop
   endfacet
   facet normal -1.129392e-01 8.126630e-02 -9.902730e-01
      outer loop
         vertex 1.966943e+00 1.962475e+00 -4.490231e+00
         vertex 1.925083e+00 1.929897e+00 -4.488130e+00
         vertex 1.948901e+00 1.974149e+00 -4.487215e+00
      endloop
   endfacet
   facet normal -1.176900e-01 7.392994e-02 -9.902946e-01
      outer loop
         vertex 1.966943e+00 1.962475e+00 -4.490231e+00
         vertex 1.948901e+00 1.974149e+00 -4.487215e+00
         vertex 1.971972e+00 1.978727e+00 -4.489615e+00
      endloop
   endfacet
   facet normal -1.200615e-01 8.656551e-02 -9.889852e-01
      outer loop
         vertex 1.971972e+00 1.978727e+00 -4.489615e+00
         vertex 1.948901e+00 1.974149e+00 -4.487215e+00
         vertex 1.950534e+00 1.977397e+00 -4.487129e+00
      endloop
   endfacet
   facet normal -1.194883e-01 7.550728e-02 -9.899602e-01
      outer loop
         vertex 1.971972e+00 1.978727e+00 -4.489615e+00
         vertex 1.950534e+00 1.977397e+00 -4.487129e+00
         vertex 1.978061e+00 2.004194e+00 -4.488408e+00
      endloop
   endfacet
   facet normal -1.295170e-01 8.591017e-02 -9.878486e-01
      outer loop
         vertex 1.978061e+00 2.004194e+00 -4.488408e+00
         vertex 1.950534e+00 1.977397e+00 -4.487129e+00
         vertex 1.961290e+00 2.003289e+00 -4.486287e+00
      endloop
   endfacet
   facet normal -1.290294e-01 7.457164e-02 -9.888329e-01
      outer loop
         vertex 1.978061e+00 2.004194e+00 -4.488408e+00
         vertex 1.961290e+00 2.003289e+00 -4.486287e+00
         vertex 1.980496e+00 2.028733e+00 -4.486875e+00
      endloop
   endfacet
   facet normal -1.263270e-01 7.252028e-02 -9.893343e-01
      outer loop
         vertex 1.980496e+00 2.028733e+00 -4.486875e+00
         vertex 1.961290e+00 2.003289e+00 -4.486287e+00
         vertex 1.965154e+00 2.019364e+00 -4.485602e+00
      endloop
   endfacet
   facet normal -1.245593e-01 6.956647e-02 -9.897704e-01
      outer loop
         vertex 1.980496e+00 2.028733e+00 -4.486875e+00
         vertex 1.965154e+00 2.019364e+00 -4.485602e+00
         vertex 1.980446e+00 2.036416e+00 -4.486328e+00
      endloop
   endfacet
   facet normal -1.120497e-01 5.825312e-02 -9.919937e-01
      outer loop
         vertex 1.980446e+00 2.036416e+00 -4.486328e+00
         vertex 1.965154e+00 2.019364e+00 -4.485602e+00
         vertex 1.966324e+00 2.035460e+00 -4.484789e+00
      endloop
   endfacet
   facet normal -1.114294e-01 4.810118e-02 -9.926076e-01
      outer loop
         vertex 1.980446e+00 2.036416e+00 -4.486328e+00
         vertex 1.966324e+00 2.035460e+00 -4.484789e+00
         vertex 1.977912e+00 2.067340e+00 -4.484545e+00
      endloop
   endfacet
   facet normal -5.108722e-02 2.181818e-01 -9.745701e-01
      outer loop
         vertex 1.751198e+00 1.255656e+00 -4.576190e+00
         vertex 1.532711e+00 1.194834e+00 -4.578353e+00
         vertex 1.762197e+00 1.288577e+00 -4.569396e+00
      endloop
   endfacet
   facet normal -5.819435e-02 2.351639e-01 -9.702120e-01
      outer loop
         vertex 1.762197e+00 1.288577e+00 -4.569396e+00
         vertex 1.532711e+00 1.194834e+00 -4.578353e+00
         vertex 1.617829e+00 1.339644e+00 -4.548359e+00
      endloop
   endfacet
   facet normal -6.587828e-02 2.151486e-01 -9.743568e-01
      outer loop
         vertex 1.762197e+00 1.288577e+00 -4.569396e+00
         vertex 1.617829e+00 1.339644e+00 -4.548359e+00
         vertex 1.783247e+00 1.352472e+00 -4.556711e+00
      endloop
   endfacet
   facet normal -6.620021e-02 2.200232e-01 -9.732458e-01
      outer loop
         vertex 1.783247e+00 1.352472e+00 -4.556711e+00
         vertex 1.617829e+00 1.339644e+00 -4.548359e+00
         vertex 1.647732e+00 1.391076e+00 -4.538766e+00
      endloop
   endfacet
   facet normal -7.141617e-02 2.032363e-01 -9.765218e-01
      outer loop
         vertex 1.783247e+00 1.352472e+00 -4.556711e+00
         vertex 1.647732e+00 1.391076e+00 -4.538766e+00
         vertex 1.815387e+00 1.454046e+00 -4.537921e+00
      endloop
   endfacet
   facet normal -7.512038e-02 2.130668e-01 -9.741455e-01
      outer loop
         vertex 1.815387e+00 1.454046e+00 -4.537921e+00
         vertex 1.647732e+00 1.391076e+00 -4.538766e+00
         vertex 1.672545e+00 1.435539e+00 -4.530954e+00
      endloop
   endfacet
   facet normal -7.121755e-02 1.803563e-01 -9.810197e-01
      outer loop
         vertex 1.815387e+00 1.454046e+00 -4.537921e+00
         vertex 1.672545e+00 1.435539e+00 -4.530954e+00
         vertex 1.843588e+00 1.553182e+00 -4.521743e+00
      endloop
   endfacet
   facet normal -7.999570e-02 1.928791e-01 -9.779562e-01
      outer loop
         vertex 1.843588e+00 1.553182e+00 -4.521743e+00
         vertex 1.672545e+00 1.435539e+00 -4.530954e+00
         vertex 1.720842e+00 1.529962e+00 -4.516282e+00
      endloop
   endfacet
   facet normal -7.230187e-02 1.503192e-01 -9.859902e-01
      outer loop
         vertex 1.843588e+00 1.553182e+00 -4.521743e+00
         vertex 1.720842e+00 1.529962e+00 -4.516282e+00
         vertex 1.860708e+00 1.612789e+00 -4.513911e+00
      endloop
   endfacet
   facet normal -6.973561e-02 1.460095e-01 -9.868223e-01
      outer loop
         vertex 1.860708e+00 1.612789e+00 -4.513911e+00
         vertex 1.720842e+00 1.529962e+00 -4.516282e+00
         vertex 1.780889e+00 1.650320e+00 -4.502717e+00
      endloop
   endfacet
   facet normal -7.581283e-02 1.334800e-01 -9.881475e-01
      outer loop
         vertex 1.860708e+00 1.612789e+00 -4.513911e+00
         vertex 1.780889e+00 1.650320e+00 -4.502717e+00
         vertex 1.874387e+00 1.659319e+00 -4.508675e+00
      endloop
   endfacet
   facet normal -7.529168e-02 1.275183e-01 -9.889743e-01
      outer loop
         vertex 1.874387e+00 1.659319e+00 -4.508675e+00
         vertex 1.780889e+00 1.650320e+00 -4.502717e+00
         vertex 1.793472e+00 1.675019e+00 -4.500491e+00
      endloop
   endfacet
   facet normal -7.859905e-02 1.113550e-01 -9.906676e-01
      outer loop
         vertex 1.874387e+00 1.659319e+00 -4.508675e+00
         vertex 1.793472e+00 1.675019e+00 -4.500491e+00
         vertex 1.910628e+00 1.778592e+00 -4.498144e+00
      endloop
   endfacet
   facet normal -8.470106e-02 1.182278e-01 -9.893674e-01
      outer loop
         vertex 1.910628e+00 1.778592e+00 -4.498144e+00
         vertex 1.793472e+00 1.675019e+00 -4.500491e+00
         vertex 1.837278e+00 1.759395e+00 -4.494158e+00
      endloop
   endfacet
   facet normal -7.397668e-02 7.621730e-02 -9.943432e-01
      outer loop
         vertex 1.910628e+00 1.778592e+00 -4.498144e+00
         vertex 1.837278e+00 1.759395e+00 -4.494158e+00
         vertex 1.938849e+00 1.871182e+00 -4.493146e+00
      endloop
   endfacet
   facet normal -1.029628e-01 1.025098e-01 -9.893889e-01
      outer loop
         vertex 1.938849e+00 1.871182e+00 -4.493146e+00
         vertex 1.837278e+00 1.759395e+00 -4.494158e+00
         vertex 1.880251e+00 1.841817e+00 -4.490091e+00
      endloop
   endfacet
   facet normal -8.448877e-02 6.513407e-02 -9.942933e-01
      outer loop
         vertex 1.938849e+00 1.871182e+00 -4.493146e+00
         vertex 1.880251e+00 1.841817e+00 -4.490091e+00
         vertex 1.925083e+00 1.929897e+00 -4.488130e+00
      endloop
   endfacet
   facet normal -5.883646e-02 1.632376e-02 -9.981342e-01
      outer loop
         vertex 1.960174e+00 -1.384832e+00 -4.483671e+00
         vertex 1.974990e+00 -1.386496e+00 -4.484572e+00
         vertex 1.960085e+00 -1.390819e+00 -4.483764e+00
      endloop
   endfacet
   facet normal -6.664967e-02 4.350896e-02 -9.968274e-01
      outer loop
         vertex 1.960085e+00 -1.390819e+00 -4.483764e+00
         vertex 1.974990e+00 -1.386496e+00 -4.484572e+00
         vertex 1.975482e+00 -1.400028e+00 -4.485195e+00
      endloop
   endfacet
   facet normal -6.526534e-02 4.582141e-02 -9.968153e-01
      outer loop
         vertex 1.960085e+00 -1.390819e+00 -4.483764e+00
         vertex 1.975482e+00 -1.400028e+00 -4.485195e+00
         vertex 1.960854e+00 -1.400126e+00 -4.484242e+00
      endloop
   endfacet
   facet normal -7.115958e-02 -1.166992e-01 -9.906148e-01
      outer loop
         vertex 1.895739e+00 -1.110604e+00 -4.500451e+00
         vertex 1.845209e+00 -1.127202e+00 -4.494865e+00
         vertex 1.815993e+00 -1.084398e+00 -4.497809e+00
      endloop
   endfacet
   facet normal -7.504084e-02 -1.052196e-01 -9.916137e-01
      outer loop
         vertex 1.895739e+00 -1.110604e+00 -4.500451e+00
         vertex 1.902403e+00 -1.126332e+00 -4.499286e+00
         vertex 1.845209e+00 -1.127202e+00 -4.494865e+00
      endloop
   endfacet
   facet normal -7.536283e-02 -9.105111e-02 -9.929905e-01
      outer loop
         vertex 1.845209e+00 -1.127202e+00 -4.494865e+00
         vertex 1.902403e+00 -1.126332e+00 -4.499286e+00
         vertex 1.922759e+00 -1.176912e+00 -4.496193e+00
      endloop
   endfacet
   facet normal -7.801044e-02 -9.519743e-02 -9.923970e-01
      outer loop
         vertex 1.845209e+00 -1.127202e+00 -4.494865e+00
         vertex 1.922759e+00 -1.176912e+00 -4.496193e+00
         vertex 1.889306e+00 -1.196935e+00 -4.491643e+00
      endloop
   endfacet
   facet normal -8.715615e-02 -8.004825e-02 -9.929734e-01
      outer loop
         vertex 1.889306e+00 -1.196935e+00 -4.491643e+00
         vertex 1.922759e+00 -1.176912e+00 -4.496193e+00
         vertex 1.952649e+00 -1.254217e+00 -4.492585e+00
      endloop
   endfacet
   facet normal -1.043206e-01 -9.908440e-02 -9.895956e-01
      outer loop
         vertex 1.889306e+00 -1.196935e+00 -4.491643e+00
         vertex 1.952649e+00 -1.254217e+00 -4.492585e+00
         vertex 1.942078e+00 -1.281786e+00 -4.488710e+00
      endloop
   endfacet
   facet normal -1.139444e-01 -9.529731e-02 -9.889060e-01
      outer loop
         vertex 1.942078e+00 -1.281786e+00 -4.488710e+00
         vertex 1.952649e+00 -1.254217e+00 -4.492585e+00
         vertex 1.963307e+00 -1.281162e+00 -4.491216e+00
      endloop
   endfacet
   facet normal -1.136108e-01 -1.034951e-01 -9.881201e-01
      outer loop
         vertex 1.942078e+00 -1.281786e+00 -4.488710e+00
         vertex 1.963307e+00 -1.281162e+00 -4.491216e+00
         vertex 1.954316e+00 -1.306170e+00 -4.487563e+00
      endloop
   endfacet
   facet normal -1.229535e-01 -1.000250e-01 -9.873588e-01
      outer loop
         vertex 1.954316e+00 -1.306170e+00 -4.487563e+00
         vertex 1.963307e+00 -1.281162e+00 -4.491216e+00
         vertex 1.970713e+00 -1.304180e+00 -4.489806e+00
      endloop
   endfacet
   facet normal -1.235333e-01 -9.565546e-02 -9.877194e-01
      outer loop
         vertex 1.954316e+00 -1.306170e+00 -4.487563e+00
         vertex 1.970713e+00 -1.304180e+00 -4.489806e+00
         vertex 1.959380e+00 -1.321923e+00 -4.486671e+00
      endloop
   endfacet
   facet normal -1.217284e-01 -9.682774e-02 -9.878292e-01
      outer loop
         vertex 1.959380e+00 -1.321923e+00 -4.486671e+00
         vertex 1.970713e+00 -1.304180e+00 -4.489806e+00
         vertex 1.975351e+00 -1.329551e+00 -4.487891e+00
      endloop
   endfacet
   facet normal -1.141002e-01 -8.047485e-02 -9.902045e-01
      outer loop
         vertex 1.959380e+00 -1.321923e+00 -4.486671e+00
         vertex 1.975351e+00 -1.329551e+00 -4.487891e+00
         vertex 1.961777e+00 -1.338088e+00 -4.485633e+00
      endloop
   endfacet
   facet normal -1.073835e-01 -9.110984e-02 -9.900342e-01
      outer loop
         vertex 1.961777e+00 -1.338088e+00 -4.485633e+00
         vertex 1.975351e+00 -1.329551e+00 -4.487891e+00
         vertex 1.975940e+00 -1.338077e+00 -4.487170e+00
      endloop
   endfacet
   facet normal -1.076694e-01 -5.892519e-02 -9.924390e-01
      outer loop
         vertex 1.961777e+00 -1.338088e+00 -4.485633e+00
         vertex 1.975940e+00 -1.338077e+00 -4.487170e+00
         vertex 1.961762e+00 -1.360060e+00 -4.484327e+00
      endloop
   endfacet
   facet normal -9.121534e-02 -6.965983e-02 -9.933918e-01
      outer loop
         vertex 1.961762e+00 -1.360060e+00 -4.484327e+00
         vertex 1.975940e+00 -1.338077e+00 -4.487170e+00
         vertex 1.975636e+00 -1.369069e+00 -4.484969e+00
      endloop
   endfacet
   facet normal -6.081919e-02 -2.253038e-02 -9.978945e-01
      outer loop
         vertex 1.961762e+00 -1.360060e+00 -4.484327e+00
         vertex 1.975636e+00 -1.369069e+00 -4.484969e+00
         vertex 1.960174e+00 -1.384832e+00 -4.483671e+00
      endloop
   endfacet
   facet normal -6.294532e-02 -2.043767e-02 -9.978077e-01
      outer loop
         vertex 1.960174e+00 -1.384832e+00 -4.483671e+00
         vertex 1.975636e+00 -1.369069e+00 -4.484969e+00
         vertex 1.974990e+00 -1.386496e+00 -4.484572e+00
      endloop
   endfacet
   facet normal -5.641518e-02 -1.639997e-01 -9.848459e-01
      outer loop
         vertex 1.704867e+00 -9.295819e-01 -4.514003e+00
         vertex 1.791809e+00 -8.822173e-01 -4.526870e+00
         vertex 1.743045e+00 -9.815509e-01 -4.507536e+00
      endloop
   endfacet
   facet normal -5.523014e-02 -1.645758e-01 -9.848170e-01
      outer loop
         vertex 1.743045e+00 -9.815509e-01 -4.507536e+00
         vertex 1.791809e+00 -8.822173e-01 -4.526870e+00
         vertex 1.832289e+00 -9.684433e-01 -4.514731e+00
      endloop
   endfacet
   facet normal -5.976986e-02 -1.359167e-01 -9.889157e-01
      outer loop
         vertex 1.743045e+00 -9.815509e-01 -4.507536e+00
         vertex 1.832289e+00 -9.684433e-01 -4.514731e+00
         vertex 1.815993e+00 -1.084398e+00 -4.497809e+00
      endloop
   endfacet
   facet normal -6.687100e-02 -1.348732e-01 -9.886038e-01
      outer loop
         vertex 1.815993e+00 -1.084398e+00 -4.497809e+00
         vertex 1.832289e+00 -9.684433e-01 -4.514731e+00
         vertex 1.880941e+00 -1.076555e+00 -4.503272e+00
      endloop
   endfacet
   facet normal -6.979308e-02 -1.124820e-01 -9.911996e-01
      outer loop
         vertex 1.815993e+00 -1.084398e+00 -4.497809e+00
         vertex 1.880941e+00 -1.076555e+00 -4.503272e+00
         vertex 1.895739e+00 -1.110604e+00 -4.500451e+00
      endloop
   endfacet
   facet normal -3.921115e-02 -2.673348e-01 -9.628056e-01
      outer loop
         vertex 1.385035e+00 -4.320770e-01 -4.615015e+00
         vertex 1.600958e+00 -4.209751e-01 -4.626892e+00
         vertex 1.409628e+00 -4.798382e-01 -4.602755e+00
      endloop
   endfacet
   facet normal -3.875403e-02 -2.686752e-01 -9.624509e-01
      outer loop
         vertex 1.409628e+00 -4.798382e-01 -4.602755e+00
         vertex 1.600958e+00 -4.209751e-01 -4.626892e+00
         vertex 1.633883e+00 -5.153026e-01 -4.601885e+00
      endloop
   endfacet
   facet normal -3.788017e-02 -2.631874e-01 -9.640008e-01
      outer loop
         vertex 1.409628e+00 -4.798382e-01 -4.602755e+00
         vertex 1.633883e+00 -5.153026e-01 -4.601885e+00
         vertex 1.439405e+00 -5.333822e-01 -4.589307e+00
      endloop
   endfacet
   facet normal -4.565663e-02 -1.957449e-01 -9.795915e-01
      outer loop
         vertex 1.553330e+00 -2.431095e-01 -4.665166e+00
         vertex 1.563212e+00 -2.857510e-01 -4.657106e+00
         vertex 1.339218e+00 -3.289991e-01 -4.638024e+00
      endloop
   endfacet
   facet normal -4.112308e-02 -2.173043e-01 -9.752373e-01
      outer loop
         vertex 1.339218e+00 -3.289991e-01 -4.638024e+00
         vertex 1.563212e+00 -2.857510e-01 -4.657106e+00
         vertex 1.353862e+00 -3.643217e-01 -4.630771e+00
      endloop
   endfacet
   facet normal -4.196421e-02 -2.152070e-01 -9.756664e-01
      outer loop
         vertex 1.353862e+00 -3.643217e-01 -4.630771e+00
         vertex 1.563212e+00 -2.857510e-01 -4.657106e+00
         vertex 1.583597e+00 -3.635373e-01 -4.640825e+00
      endloop
   endfacet
   facet normal -4.156329e-02 -2.444012e-01 -9.687830e-01
      outer loop
         vertex 1.353862e+00 -3.643217e-01 -4.630771e+00
         vertex 1.583597e+00 -3.635373e-01 -4.640825e+00
         vertex 1.385035e+00 -4.320770e-01 -4.615015e+00
      endloop
   endfacet
   facet normal -4.236076e-02 -2.422786e-01 -9.692815e-01
      outer loop
         vertex 1.385035e+00 -4.320770e-01 -4.615015e+00
         vertex 1.583597e+00 -3.635373e-01 -4.640825e+00
         vertex 1.595152e+00 -4.025730e-01 -4.631573e+00
      endloop
   endfacet
   facet normal -3.982149e-02 -2.581230e-01 -9.652910e-01
      outer loop
         vertex 1.385035e+00 -4.320770e-01 -4.615015e+00
         vertex 1.595152e+00 -4.025730e-01 -4.631573e+00
         vertex 1.600958e+00 -4.209751e-01 -4.626892e+00
      endloop
   endfacet
   facet normal -4.699860e-02 -1.079210e-01 -9.930479e-01
      outer loop
         vertex 1.241312e+00 1.221827e-02 -4.687567e+00
         vertex 1.513767e+00 1.196097e-02 -4.700434e+00
         vertex 1.251396e+00 -4.127736e-02 -4.682231e+00
      endloop
   endfacet
   facet normal -4.677241e-02 -1.089991e-01 -9.929409e-01
      outer loop
         vertex 1.251396e+00 -4.127736e-02 -4.682231e+00
         vertex 1.513767e+00 1.196097e-02 -4.700434e+00
         vertex 1.520078e+00 -4.859952e-02 -4.694083e+00
      endloop
   endfacet
   facet normal -4.716380e-02 -1.268202e-01 -9.908038e-01
      outer loop
         vertex 1.251396e+00 -4.127736e-02 -4.682231e+00
         vertex 1.520078e+00 -4.859952e-02 -4.694083e+00
         vertex 1.264972e+00 -1.008570e-01 -4.675251e+00
      endloop
   endfacet
   facet normal -4.734361e-02 -8.951236e-02 -9.948598e-01
      outer loop
         vertex 1.241312e+00 1.221827e-02 -4.687567e+00
         vertex 1.229338e+00 9.875028e-02 -4.694783e+00
         vertex 1.508788e+00 8.755371e-02 -4.707074e+00
      endloop
   endfacet
   facet normal -4.682092e-02 -7.513411e-02 -9.960736e-01
      outer loop
         vertex 1.508788e+00 8.755371e-02 -4.707074e+00
         vertex 1.229338e+00 9.875028e-02 -4.694783e+00
         vertex 1.225740e+00 1.366868e-01 -4.697476e+00
      endloop
   endfacet
   facet normal -4.657936e-02 -7.371968e-02 -9.961906e-01
      outer loop
         vertex 1.508788e+00 8.755371e-02 -4.707074e+00
         vertex 1.225740e+00 1.366868e-01 -4.697476e+00
         vertex 1.507130e+00 1.462351e-01 -4.711339e+00
      endloop
   endfacet
   facet normal -4.682772e-02 -6.706611e-02 -9.966490e-01
      outer loop
         vertex 1.507130e+00 1.462351e-01 -4.711339e+00
         vertex 1.225740e+00 1.366868e-01 -4.697476e+00
         vertex 1.223349e+00 1.704861e-01 -4.699638e+00
      endloop
   endfacet
   facet normal -4.594043e-02 -5.634306e-02 -9.973540e-01
      outer loop
         vertex 1.507130e+00 1.462351e-01 -4.711339e+00
         vertex 1.223349e+00 1.704861e-01 -4.699638e+00
         vertex 1.507820e+00 2.228673e-01 -4.715700e+00
      endloop
   endfacet
   facet normal -4.866862e-02 -1.197642e-01 -9.916087e-01
      outer loop
         vertex 1.520078e+00 -4.859952e-02 -4.694083e+00
         vertex 1.520700e+00 -5.369868e-02 -4.693498e+00
         vertex 1.264972e+00 -1.008570e-01 -4.675251e+00
      endloop
   endfacet
   facet normal -4.622141e-02 -1.324552e-01 -9.901107e-01
      outer loop
         vertex 1.264972e+00 -1.008570e-01 -4.675251e+00
         vertex 1.520700e+00 -5.369868e-02 -4.693498e+00
         vertex 1.529712e+00 -1.181031e-01 -4.685303e+00
      endloop
   endfacet
   facet normal -4.730191e-02 -1.505838e-01 -9.874650e-01
      outer loop
         vertex 1.264972e+00 -1.008570e-01 -4.675251e+00
         vertex 1.529712e+00 -1.181031e-01 -4.685303e+00
         vertex 1.285169e+00 -1.746526e-01 -4.664965e+00
      endloop
   endfacet
   facet normal -4.628545e-02 -1.547642e-01 -9.868666e-01
      outer loop
         vertex 1.285169e+00 -1.746526e-01 -4.664965e+00
         vertex 1.529712e+00 -1.181031e-01 -4.685303e+00
         vertex 1.539004e+00 -1.725691e-01 -4.677197e+00
      endloop
   endfacet
   facet normal -4.604724e-02 -1.695597e-01 -9.844436e-01
      outer loop
         vertex 1.285169e+00 -1.746526e-01 -4.664965e+00
         vertex 1.539004e+00 -1.725691e-01 -4.677197e+00
         vertex 1.297733e+00 -2.148496e-01 -4.658629e+00
      endloop
   endfacet
   facet normal -4.469099e-02 -1.767692e-01 -9.832372e-01
      outer loop
         vertex 1.297733e+00 -2.148496e-01 -4.658629e+00
         vertex 1.539004e+00 -1.725691e-01 -4.677197e+00
         vertex 1.553330e+00 -2.431095e-01 -4.665166e+00
      endloop
   endfacet
   facet normal -4.499167e-02 -1.796110e-01 -9.827083e-01
      outer loop
         vertex 1.297733e+00 -2.148496e-01 -4.658629e+00
         vertex 1.553330e+00 -2.431095e-01 -4.665166e+00
         vertex 1.305851e+00 -2.391404e-01 -4.654561e+00
      endloop
   endfacet
   facet normal -4.512721e-02 -1.969933e-01 -9.793657e-01
      outer loop
         vertex 1.305851e+00 -2.391404e-01 -4.654561e+00
         vertex 1.553330e+00 -2.431095e-01 -4.665166e+00
         vertex 1.339218e+00 -3.289991e-01 -4.638024e+00
      endloop
   endfacet
   facet normal -3.941671e-02 -2.491981e-01 -9.676501e-01
      outer loop
         vertex 1.439405e+00 -5.333822e-01 -4.589307e+00
         vertex 1.633883e+00 -5.153026e-01 -4.601885e+00
         vertex 1.470555e+00 -5.860655e-01 -4.577009e+00
      endloop
   endfacet
   facet normal -3.880930e-02 -2.504913e-01 -9.673407e-01
      outer loop
         vertex 1.470555e+00 -5.860655e-01 -4.577009e+00
         vertex 1.633883e+00 -5.153026e-01 -4.601885e+00
         vertex 1.659077e+00 -5.807449e-01 -4.585950e+00
      endloop
   endfacet
   facet normal -3.938223e-02 -2.361875e-01 -9.709091e-01
      outer loop
         vertex 1.470555e+00 -5.860655e-01 -4.577009e+00
         vertex 1.659077e+00 -5.807449e-01 -4.585950e+00
         vertex 1.514181e+00 -6.562850e-01 -4.561696e+00
      endloop
   endfacet
   facet normal -3.983963e-02 -2.353680e-01 -9.710894e-01
      outer loop
         vertex 1.514181e+00 -6.562850e-01 -4.561696e+00
         vertex 1.659077e+00 -5.807449e-01 -4.585950e+00
         vertex 1.687507e+00 -6.505259e-01 -4.570203e+00
      endloop
   endfacet
   facet normal -4.028646e-02 -2.253866e-01 -9.734361e-01
      outer loop
         vertex 1.514181e+00 -6.562850e-01 -4.561696e+00
         vertex 1.687507e+00 -6.505259e-01 -4.570203e+00
         vertex 1.535412e+00 -6.893806e-01 -4.554912e+00
      endloop
   endfacet
   facet normal -4.058554e-02 -2.243089e-01 -9.736726e-01
      outer loop
         vertex 1.535412e+00 -6.893806e-01 -4.554912e+00
         vertex 1.687507e+00 -6.505259e-01 -4.570203e+00
         vertex 1.701303e+00 -6.832671e-01 -4.563235e+00
      endloop
   endfacet
   facet normal -4.128335e-02 -2.097458e-01 -9.768840e-01
      outer loop
         vertex 1.535412e+00 -6.893806e-01 -4.554912e+00
         vertex 1.701303e+00 -6.832671e-01 -4.563235e+00
         vertex 1.605671e+00 -7.941604e-01 -4.535384e+00
      endloop
   endfacet
   facet normal -4.258684e-02 -2.086657e-01 -9.770593e-01
      outer loop
         vertex 1.605671e+00 -7.941604e-01 -4.535384e+00
         vertex 1.701303e+00 -6.832671e-01 -4.563235e+00
         vertex 1.745768e+00 -7.844212e-01 -4.543570e+00
      endloop
   endfacet
   facet normal -4.384492e-02 -1.931921e-01 -9.801808e-01
      outer loop
         vertex 1.605671e+00 -7.941604e-01 -4.535384e+00
         vertex 1.745768e+00 -7.844212e-01 -4.543570e+00
         vertex 1.673548e+00 -8.874406e-01 -4.520035e+00
      endloop
   endfacet
   facet normal -4.059434e-02 -1.954027e-01 -9.798826e-01
      outer loop
         vertex 1.673548e+00 -8.874406e-01 -4.520035e+00
         vertex 1.745768e+00 -7.844212e-01 -4.543570e+00
         vertex 1.756422e+00 -8.074804e-01 -4.539413e+00
      endloop
   endfacet
   facet normal -4.842015e-02 -1.875761e-01 -9.810559e-01
      outer loop
         vertex 1.673548e+00 -8.874406e-01 -4.520035e+00
         vertex 1.756422e+00 -8.074804e-01 -4.539413e+00
         vertex 1.791809e+00 -8.822173e-01 -4.526870e+00
      endloop
   endfacet
   facet normal -7.308937e-02 3.419644e-02 -9.967390e-01
      outer loop
         vertex 1.966324e+00 2.035460e+00 -4.484789e+00
         vertex 1.963503e+00 2.066418e+00 -4.483521e+00
         vertex 1.977912e+00 2.067340e+00 -4.484545e+00
      endloop
   endfacet
   facet normal -7.147048e-02 8.152219e-03 -9.974094e-01
      outer loop
         vertex 1.977912e+00 2.067340e+00 -4.484545e+00
         vertex 1.963503e+00 2.066418e+00 -4.483521e+00
         vertex 1.963102e+00 2.069223e+00 -4.483469e+00
      endloop
   endfacet
   facet normal -7.059062e-02 1.506258e-02 -9.973916e-01
      outer loop
         vertex 1.977912e+00 2.067340e+00 -4.484545e+00
         vertex 1.963102e+00 2.069223e+00 -4.483469e+00
         vertex 1.976955e+00 2.075681e+00 -4.484352e+00
      endloop
   endfacet
   facet normal -5.725339e-02 -1.366382e-02 -9.982662e-01
      outer loop
         vertex 1.976955e+00 2.075681e+00 -4.484352e+00
         vertex 1.963102e+00 2.069223e+00 -4.483469e+00
         vertex 1.960938e+00 2.086524e+00 -4.483582e+00
      endloop
   endfacet
   facet normal -7.000495e-02 -3.258944e-02 -9.970142e-01
      outer loop
         vertex 1.976955e+00 2.075681e+00 -4.484352e+00
         vertex 1.960938e+00 2.086524e+00 -4.483582e+00
         vertex 1.975506e+00 2.094677e+00 -4.484871e+00
      endloop
   endfacet
   facet normal -5.403743e-02 -6.106696e-02 -9.966698e-01
      outer loop
         vertex 1.975506e+00 2.094677e+00 -4.484871e+00
         vertex 1.960938e+00 2.086524e+00 -4.483582e+00
         vertex 1.960950e+00 2.097267e+00 -4.484240e+00
      endloop
   endfacet
   facet normal -5.910422e-02 -9.014408e-02 -9.941734e-01
      outer loop
         vertex 1.975506e+00 2.094677e+00 -4.484871e+00
         vertex 1.960950e+00 2.097267e+00 -4.484240e+00
         vertex 1.975547e+00 2.098204e+00 -4.485193e+00
      endloop
   endfacet
   facet normal -4.623190e-02 -5.478267e-02 -9.974274e-01
      outer loop
         vertex 1.223349e+00 1.704861e-01 -4.699638e+00
         vertex 1.220821e+00 2.425744e-01 -4.703480e+00
         vertex 1.507820e+00 2.228673e-01 -4.715700e+00
      endloop
   endfacet
   facet normal -4.550543e-02 -4.384705e-02 -9.980013e-01
      outer loop
         vertex 1.507820e+00 2.228673e-01 -4.715700e+00
         vertex 1.220821e+00 2.425744e-01 -4.703480e+00
         vertex 1.220746e+00 2.609778e-01 -4.704285e+00
      endloop
   endfacet
   facet normal -4.475340e-02 -3.810148e-02 -9.982712e-01
      outer loop
         vertex 1.507820e+00 2.228673e-01 -4.715700e+00
         vertex 1.220746e+00 2.609778e-01 -4.704285e+00
         vertex 1.510592e+00 2.827237e-01 -4.718109e+00
      endloop
   endfacet
   facet normal -4.500160e-02 -3.486155e-02 -9.983784e-01
      outer loop
         vertex 1.510592e+00 2.827237e-01 -4.718109e+00
         vertex 1.220746e+00 2.609778e-01 -4.704285e+00
         vertex 1.221889e+00 3.156587e-01 -4.706246e+00
      endloop
   endfacet
   facet normal -4.352983e-02 -2.180324e-02 -9.988142e-01
      outer loop
         vertex 1.510592e+00 2.827237e-01 -4.718109e+00
         vertex 1.221889e+00 3.156587e-01 -4.706246e+00
         vertex 1.516993e+00 3.580672e-01 -4.720033e+00
      endloop
   endfacet
   facet normal -4.356319e-02 -2.157226e-02 -9.988177e-01
      outer loop
         vertex 1.516993e+00 3.580672e-01 -4.720033e+00
         vertex 1.221889e+00 3.156587e-01 -4.706246e+00
         vertex 1.226278e+00 3.849309e-01 -4.707933e+00
      endloop
   endfacet
   facet normal -4.220118e-02 -6.711699e-03 -9.990866e-01
      outer loop
         vertex 1.516993e+00 3.580672e-01 -4.720033e+00
         vertex 1.226278e+00 3.849309e-01 -4.707933e+00
         vertex 1.524499e+00 4.169978e-01 -4.720746e+00
      endloop
   endfacet
   facet normal -4.210170e-02 -7.635918e-03 -9.990842e-01
      outer loop
         vertex 1.524499e+00 4.169978e-01 -4.720746e+00
         vertex 1.226278e+00 3.849309e-01 -4.707933e+00
         vertex 1.234574e+00 4.561084e-01 -4.708827e+00
      endloop
   endfacet
   facet normal -3.868296e-02 1.771021e-02 -9.990946e-01
      outer loop
         vertex 1.524499e+00 4.169978e-01 -4.720746e+00
         vertex 1.234574e+00 4.561084e-01 -4.708827e+00
         vertex 1.534354e+00 4.805539e-01 -4.720001e+00
      endloop
   endfacet
   facet normal -3.812438e-02 1.080547e-02 -9.992146e-01
      outer loop
         vertex 1.534354e+00 4.805539e-01 -4.720001e+00
         vertex 1.234574e+00 4.561084e-01 -4.708827e+00
         vertex 1.240648e+00 4.948917e-01 -4.708639e+00
      endloop
   endfacet
   facet normal -3.592820e-02 5.471681e-02 -9.978553e-01
      outer loop
         vertex 1.534354e+00 4.805539e-01 -4.720001e+00
         vertex 1.240648e+00 4.948917e-01 -4.708639e+00
         vertex 1.544041e+00 5.370096e-01 -4.717254e+00
      endloop
   endfacet
   facet normal -3.507916e-02 4.852920e-02 -9.982056e-01
      outer loop
         vertex 1.544041e+00 5.370096e-01 -4.717254e+00
         vertex 1.240648e+00 4.948917e-01 -4.708639e+00
         vertex 1.255649e+00 5.723139e-01 -4.705403e+00
      endloop
   endfacet
   facet normal -3.088380e-02 8.210811e-02 -9.961448e-01
      outer loop
         vertex 1.544041e+00 5.370096e-01 -4.717254e+00
         vertex 1.255649e+00 5.723139e-01 -4.705403e+00
         vertex 1.259614e+00 5.896802e-01 -4.704094e+00
      endloop
   endfacet
   facet normal -2.936952e-02 -1.975914e-01 -9.798444e-01
      outer loop
         vertex 1.797626e+00 -2.463628e-01 -4.671833e+00
         vertex 1.800876e+00 -2.799158e-01 -4.665164e+00
         vertex 1.553330e+00 -2.431095e-01 -4.665166e+00
      endloop
   endfacet
   facet normal -2.027984e-02 -2.679806e-01 -9.632108e-01
      outer loop
         vertex 1.816689e+00 -4.076633e-01 -4.635681e+00
         vertex 1.826763e+00 -4.712261e-01 -4.618209e+00
         vertex 1.633883e+00 -5.153026e-01 -4.601885e+00
      endloop
   endfacet
   facet normal -2.402860e-02 -1.942112e-01 -9.806654e-01
      outer loop
         vertex 1.875015e+00 -7.251597e-01 -4.558473e+00
         vertex 1.886267e+00 -7.776113e-01 -4.548362e+00
         vertex 1.745768e+00 -7.844212e-01 -4.543570e+00
      endloop
   endfacet
   facet normal -2.422140e-02 1.547365e-02 -9.995869e-01
      outer loop
         vertex 1.524499e+00 4.169978e-01 -4.720746e+00
         vertex 1.534354e+00 4.805539e-01 -4.720001e+00
         vertex 1.819862e+00 4.409933e-01 -4.727531e+00
      endloop
   endfacet
   facet normal -1.834636e-02 5.760428e-02 -9.981709e-01
      outer loop
         vertex 1.819862e+00 4.409933e-01 -4.727531e+00
         vertex 1.534354e+00 4.805539e-01 -4.720001e+00
         vertex 1.833221e+00 5.330064e-01 -4.722467e+00
      endloop
   endfacet
   facet normal -1.964286e-02 2.111377e-01 -9.772589e-01
      outer loop
         vertex 1.882058e+00 8.504461e-01 -4.671212e+00
         vertex 1.654083e+00 9.646305e-01 -4.641960e+00
         vertex 1.897836e+00 9.565144e-01 -4.648613e+00
      endloop
   endfacet
   facet normal -1.894965e-02 2.287189e-01 -9.733081e-01
      outer loop
         vertex 1.897836e+00 9.565144e-01 -4.648613e+00
         vertex 1.654083e+00 9.646305e-01 -4.641960e+00
         vertex 1.684076e+00 1.056799e+00 -4.620885e+00
      endloop
   endfacet
   facet normal -2.558454e-02 2.153749e-01 -9.761962e-01
      outer loop
         vertex 1.897836e+00 9.565144e-01 -4.648613e+00
         vertex 1.684076e+00 1.056799e+00 -4.620885e+00
         vertex 1.912378e+00 1.061194e+00 -4.625899e+00
      endloop
   endfacet
   facet normal -1.728681e-02 5.155065e-02 -9.985208e-01
      outer loop
         vertex 1.534354e+00 4.805539e-01 -4.720001e+00
         vertex 1.544041e+00 5.370096e-01 -4.717254e+00
         vertex 1.833221e+00 5.330064e-01 -4.722467e+00
      endloop
   endfacet
   facet normal -1.675748e-02 8.663433e-02 -9.960992e-01
      outer loop
         vertex 1.833221e+00 5.330064e-01 -4.722467e+00
         vertex 1.544041e+00 5.370096e-01 -4.717254e+00
         vertex 1.555617e+00 5.973349e-01 -4.712202e+00
      endloop
   endfacet
   facet normal -1.268738e-02 1.039437e-01 -9.945023e-01
      outer loop
         vertex 1.833221e+00 5.330064e-01 -4.722467e+00
         vertex 1.555617e+00 5.973349e-01 -4.712202e+00
         vertex 1.846598e+00 6.224891e-01 -4.713285e+00
      endloop
   endfacet
   facet normal -1.380949e-02 1.169871e-01 -9.930374e-01
      outer loop
         vertex 1.846598e+00 6.224891e-01 -4.713285e+00
         vertex 1.555617e+00 5.973349e-01 -4.712202e+00
         vertex 1.567132e+00 6.516568e-01 -4.705962e+00
      endloop
   endfacet
   facet normal -1.129568e-02 1.403207e-01 -9.900417e-01
      outer loop
         vertex 1.846598e+00 6.224891e-01 -4.713285e+00
         vertex 1.567132e+00 6.516568e-01 -4.705962e+00
         vertex 1.855129e+00 6.786121e-01 -4.705428e+00
      endloop
   endfacet
   facet normal -1.252872e-02 1.534559e-01 -9.880761e-01
      outer loop
         vertex 1.855129e+00 6.786121e-01 -4.705428e+00
         vertex 1.567132e+00 6.516568e-01 -4.705962e+00
         vertex 1.584606e+00 7.264192e-01 -4.694573e+00
      endloop
   endfacet
   facet normal -8.510627e-03 1.753730e-01 -9.844653e-01
      outer loop
         vertex 1.855129e+00 6.786121e-01 -4.705428e+00
         vertex 1.584606e+00 7.264192e-01 -4.694573e+00
         vertex 1.864714e+00 7.401954e-01 -4.694540e+00
      endloop
   endfacet
   facet normal -9.332024e-03 1.920668e-01 -9.813375e-01
      outer loop
         vertex 1.864714e+00 7.401954e-01 -4.694540e+00
         vertex 1.584606e+00 7.264192e-01 -4.694573e+00
         vertex 1.594119e+00 7.634311e-01 -4.687419e+00
      endloop
   endfacet
   facet normal -7.929710e-03 2.074408e-01 -9.782154e-01
      outer loop
         vertex 1.864714e+00 7.401954e-01 -4.694540e+00
         vertex 1.594119e+00 7.634311e-01 -4.687419e+00
         vertex 1.876443e+00 8.142237e-01 -4.678937e+00
      endloop
   endfacet
   facet normal -1.050069e-02 2.212222e-01 -9.751669e-01
      outer loop
         vertex 1.876443e+00 8.142237e-01 -4.678937e+00
         vertex 1.594119e+00 7.634311e-01 -4.687419e+00
         vertex 1.616003e+00 8.412297e-01 -4.670006e+00
      endloop
   endfacet
   facet normal -1.171624e-02 2.102938e-01 -9.775680e-01
      outer loop
         vertex 1.876443e+00 8.142237e-01 -4.678937e+00
         vertex 1.616003e+00 8.412297e-01 -4.670006e+00
         vertex 1.882058e+00 8.504461e-01 -4.671212e+00
      endloop
   endfacet
   facet normal -1.221910e-02 2.252478e-01 -9.742249e-01
      outer loop
         vertex 1.882058e+00 8.504461e-01 -4.671212e+00
         vertex 1.616003e+00 8.412297e-01 -4.670006e+00
         vertex 1.623459e+00 8.662579e-01 -4.664313e+00
      endloop
   endfacet
   facet normal -1.222387e-02 2.251770e-01 -9.742412e-01
      outer loop
         vertex 1.882058e+00 8.504461e-01 -4.671212e+00
         vertex 1.623459e+00 8.662579e-01 -4.664313e+00
         vertex 1.654083e+00 9.646305e-01 -4.641960e+00
      endloop
   endfacet
   facet normal -4.463233e-02 -9.806077e-03 -9.989554e-01
      outer loop
         vertex 1.990126e+00 2.094526e+00 -4.485358e+00
         vertex 1.992134e+00 2.068262e+00 -4.485190e+00
         vertex 1.977912e+00 2.067340e+00 -4.484545e+00
      endloop
   endfacet
   facet normal -4.812614e-02 4.487052e-02 -9.978329e-01
      outer loop
         vertex 1.977912e+00 2.067340e+00 -4.484545e+00
         vertex 1.992134e+00 2.068262e+00 -4.485190e+00
         vertex 1.992706e+00 2.061472e+00 -4.485523e+00
      endloop
   endfacet
   facet normal -4.453928e-02 5.386732e-02 -9.975543e-01
      outer loop
         vertex 1.977912e+00 2.067340e+00 -4.484545e+00
         vertex 1.992706e+00 2.061472e+00 -4.485523e+00
         vertex 1.980446e+00 2.036416e+00 -4.486328e+00
      endloop
   endfacet
   facet normal -7.355687e-02 6.798338e-02 -9.949712e-01
      outer loop
         vertex 1.980446e+00 2.036416e+00 -4.486328e+00
         vertex 1.992706e+00 2.061472e+00 -4.485523e+00
         vertex 1.994385e+00 2.037308e+00 -4.487298e+00
      endloop
   endfacet
   facet normal -7.369067e-02 7.025426e-02 -9.948035e-01
      outer loop
         vertex 1.980446e+00 2.036416e+00 -4.486328e+00
         vertex 1.994385e+00 2.037308e+00 -4.487298e+00
         vertex 1.980496e+00 2.028733e+00 -4.486875e+00
      endloop
   endfacet
   facet normal -7.317228e-02 6.940979e-02 -9.949010e-01
      outer loop
         vertex 1.980496e+00 2.028733e+00 -4.486875e+00
         vertex 1.994385e+00 2.037308e+00 -4.487298e+00
         vertex 1.978061e+00 2.004194e+00 -4.488408e+00
      endloop
   endfacet
   facet normal -8.581089e-02 7.559104e-02 -9.934397e-01
      outer loop
         vertex 1.978061e+00 2.004194e+00 -4.488408e+00
         vertex 1.994385e+00 2.037308e+00 -4.487298e+00
         vertex 1.994757e+00 2.008532e+00 -4.489520e+00
      endloop
   endfacet
   facet normal -8.366875e-02 6.714506e-02 -9.942289e-01
      outer loop
         vertex 1.978061e+00 2.004194e+00 -4.488408e+00
         vertex 1.994757e+00 2.008532e+00 -4.489520e+00
         vertex 1.971972e+00 1.978727e+00 -4.489615e+00
      endloop
   endfacet
   facet normal -7.747333e-02 6.241156e-02 -9.950390e-01
      outer loop
         vertex 1.971972e+00 1.978727e+00 -4.489615e+00
         vertex 1.994757e+00 2.008532e+00 -4.489520e+00
         vertex 1.993132e+00 1.980071e+00 -4.491178e+00
      endloop
   endfacet
   facet normal -7.742886e-02 6.165226e-02 -9.950898e-01
      outer loop
         vertex 1.971972e+00 1.978727e+00 -4.489615e+00
         vertex 1.993132e+00 1.980071e+00 -4.491178e+00
         vertex 1.966943e+00 1.962475e+00 -4.490231e+00
      endloop
   endfacet
   facet normal -6.985361e-02 5.031323e-02 -9.962876e-01
      outer loop
         vertex 1.966943e+00 1.962475e+00 -4.490231e+00
         vertex 1.993132e+00 1.980071e+00 -4.491178e+00
         vertex 1.989867e+00 1.945348e+00 -4.492703e+00
      endloop
   endfacet
   facet normal -6.803138e-02 5.275237e-02 -9.962876e-01
      outer loop
         vertex 1.966943e+00 1.962475e+00 -4.490231e+00
         vertex 1.989867e+00 1.945348e+00 -4.492703e+00
         vertex 1.938849e+00 1.871182e+00 -4.493146e+00
      endloop
   endfacet
   facet normal -5.907332e-02 4.659556e-02 -9.971656e-01
      outer loop
         vertex 1.938849e+00 1.871182e+00 -4.493146e+00
         vertex 1.989867e+00 1.945348e+00 -4.492703e+00
         vertex 1.982180e+00 1.857953e+00 -4.496331e+00
      endloop
   endfacet
   facet normal -5.197691e-02 6.961300e-02 -9.962191e-01
      outer loop
         vertex 1.938849e+00 1.871182e+00 -4.493146e+00
         vertex 1.982180e+00 1.857953e+00 -4.496331e+00
         vertex 1.910628e+00 1.778592e+00 -4.498144e+00
      endloop
   endfacet
   facet normal -5.484074e-02 7.218736e-02 -9.958823e-01
      outer loop
         vertex 1.910628e+00 1.778592e+00 -4.498144e+00
         vertex 1.982180e+00 1.857953e+00 -4.496331e+00
         vertex 1.974737e+00 1.770705e+00 -4.502246e+00
      endloop
   endfacet
   facet normal -5.086830e-02 1.031670e-01 -9.933625e-01
      outer loop
         vertex 1.910628e+00 1.778592e+00 -4.498144e+00
         vertex 1.974737e+00 1.770705e+00 -4.502246e+00
         vertex 1.874387e+00 1.659319e+00 -4.508675e+00
      endloop
   endfacet
   facet normal -2.581316e-02 2.314672e-01 -9.725002e-01
      outer loop
         vertex 1.684076e+00 1.056799e+00 -4.620885e+00
         vertex 1.686018e+00 1.062660e+00 -4.619542e+00
         vertex 1.912378e+00 1.061194e+00 -4.625899e+00
      endloop
   endfacet
   facet normal -2.579253e-02 2.330332e-01 -9.721267e-01
      outer loop
         vertex 1.912378e+00 1.061194e+00 -4.625899e+00
         vertex 1.686018e+00 1.062660e+00 -4.619542e+00
         vertex 1.718606e+00 1.159518e+00 -4.597188e+00
      endloop
   endfacet
   facet normal -3.286714e-02 2.199193e-01 -9.749642e-01
      outer loop
         vertex 1.912378e+00 1.061194e+00 -4.625899e+00
         vertex 1.718606e+00 1.159518e+00 -4.597188e+00
         vertex 1.922505e+00 1.139481e+00 -4.608581e+00
      endloop
   endfacet
   facet normal -3.244187e-02 2.237581e-01 -9.741046e-01
      outer loop
         vertex 1.922505e+00 1.139481e+00 -4.608581e+00
         vertex 1.718606e+00 1.159518e+00 -4.597188e+00
         vertex 1.751198e+00 1.255656e+00 -4.576190e+00
      endloop
   endfacet
   facet normal -3.995550e-02 2.132571e-01 -9.761788e-01
      outer loop
         vertex 1.922505e+00 1.139481e+00 -4.608581e+00
         vertex 1.751198e+00 1.255656e+00 -4.576190e+00
         vertex 1.936950e+00 1.264553e+00 -4.581849e+00
      endloop
   endfacet
   facet normal -4.001683e-02 2.147468e-01 -9.758496e-01
      outer loop
         vertex 1.936950e+00 1.264553e+00 -4.581849e+00
         vertex 1.751198e+00 1.255656e+00 -4.576190e+00
         vertex 1.762197e+00 1.288577e+00 -4.569396e+00
      endloop
   endfacet
   facet normal -4.244395e-02 1.987880e-01 -9.791230e-01
      outer loop
         vertex 1.936950e+00 1.264553e+00 -4.581849e+00
         vertex 1.762197e+00 1.288577e+00 -4.569396e+00
         vertex 1.946213e+00 1.360706e+00 -4.562729e+00
      endloop
   endfacet
   facet normal -4.664514e-02 2.092859e-01 -9.767413e-01
      outer loop
         vertex 1.946213e+00 1.360706e+00 -4.562729e+00
         vertex 1.762197e+00 1.288577e+00 -4.569396e+00
         vertex 1.783247e+00 1.352472e+00 -4.556711e+00
      endloop
   endfacet
   facet normal -4.566164e-02 1.864090e-01 -9.814106e-01
      outer loop
         vertex 1.946213e+00 1.360706e+00 -4.562729e+00
         vertex 1.783247e+00 1.352472e+00 -4.556711e+00
         vertex 1.954216e+00 1.464546e+00 -4.543378e+00
      endloop
   endfacet
   facet normal -5.344180e-02 1.979613e-01 -9.787519e-01
      outer loop
         vertex 1.954216e+00 1.464546e+00 -4.543378e+00
         vertex 1.783247e+00 1.352472e+00 -4.556711e+00
         vertex 1.815387e+00 1.454046e+00 -4.537921e+00
      endloop
   endfacet
   facet normal -5.184071e-02 1.744259e-01 -9.833047e-01
      outer loop
         vertex 1.954216e+00 1.464546e+00 -4.543378e+00
         vertex 1.815387e+00 1.454046e+00 -4.537921e+00
         vertex 1.958643e+00 1.545825e+00 -4.529194e+00
      endloop
   endfacet
   facet normal -5.245011e-02 1.753582e-01 -9.831065e-01
      outer loop
         vertex 1.958643e+00 1.545825e+00 -4.529194e+00
         vertex 1.815387e+00 1.454046e+00 -4.537921e+00
         vertex 1.843588e+00 1.553182e+00 -4.521743e+00
      endloop
   endfacet
   facet normal -5.366428e-02 1.591001e-01 -9.858029e-01
      outer loop
         vertex 1.958643e+00 1.545825e+00 -4.529194e+00
         vertex 1.843588e+00 1.553182e+00 -4.521743e+00
         vertex 1.959760e+00 1.565739e+00 -4.526041e+00
      endloop
   endfacet
   facet normal -5.220522e-02 1.448216e-01 -9.880796e-01
      outer loop
         vertex 1.959760e+00 1.565739e+00 -4.526041e+00
         vertex 1.843588e+00 1.553182e+00 -4.521743e+00
         vertex 1.860708e+00 1.612789e+00 -4.513911e+00
      endloop
   endfacet
   facet normal -5.676690e-02 1.354943e-01 -9.891506e-01
      outer loop
         vertex 1.959760e+00 1.565739e+00 -4.526041e+00
         vertex 1.860708e+00 1.612789e+00 -4.513911e+00
         vertex 1.966692e+00 1.668074e+00 -4.512420e+00
      endloop
   endfacet
   facet normal -5.221953e-02 1.268145e-01 -9.905510e-01
      outer loop
         vertex 1.966692e+00 1.668074e+00 -4.512420e+00
         vertex 1.860708e+00 1.612789e+00 -4.513911e+00
         vertex 1.874387e+00 1.659319e+00 -4.508675e+00
      endloop
   endfacet
   facet normal -5.099354e-02 1.131536e-01 -9.922681e-01
      outer loop
         vertex 1.966692e+00 1.668074e+00 -4.512420e+00
         vertex 1.874387e+00 1.659319e+00 -4.508675e+00
         vertex 1.969029e+00 1.699226e+00 -4.508988e+00
      endloop
   endfacet
   facet normal -4.432566e-02 9.732466e-02 -9.942651e-01
      outer loop
         vertex 1.969029e+00 1.699226e+00 -4.508988e+00
         vertex 1.874387e+00 1.659319e+00 -4.508675e+00
         vertex 1.974737e+00 1.770705e+00 -4.502246e+00
      endloop
   endfacet
   facet normal -4.158146e-02 1.902722e-02 -9.989539e-01
      outer loop
         vertex 1.989794e+00 -1.375327e+00 -4.485320e+00
         vertex 1.989920e+00 -1.399939e+00 -4.485794e+00
         vertex 1.975482e+00 -1.400028e+00 -4.485195e+00
      endloop
   endfacet
   facet normal -8.270496e-02 4.287165e-02 -9.956515e-01
      outer loop
         vertex 1.975482e+00 -1.400028e+00 -4.485195e+00
         vertex 1.974990e+00 -1.386496e+00 -4.484572e+00
         vertex 1.989794e+00 -1.375327e+00 -4.485320e+00
      endloop
   endfacet
   facet normal -1.581296e-02 -4.600367e-02 -9.988161e-01
      outer loop
         vertex 1.989794e+00 -1.375327e+00 -4.485320e+00
         vertex 1.974990e+00 -1.386496e+00 -4.484572e+00
         vertex 1.989886e+00 -1.368979e+00 -4.485614e+00
      endloop
   endfacet
   facet normal -4.506844e-02 -2.112172e-02 -9.987606e-01
      outer loop
         vertex 1.989886e+00 -1.368979e+00 -4.485614e+00
         vertex 1.974990e+00 -1.386496e+00 -4.484572e+00
         vertex 1.975636e+00 -1.369069e+00 -4.484969e+00
      endloop
   endfacet
   facet normal -4.455187e-02 -8.112288e-02 -9.957079e-01
      outer loop
         vertex 1.989886e+00 -1.368979e+00 -4.485614e+00
         vertex 1.975636e+00 -1.369069e+00 -4.484969e+00
         vertex 1.989913e+00 -1.337981e+00 -4.488141e+00
      endloop
   endfacet
   facet normal -6.863589e-02 -7.000837e-02 -9.951824e-01
      outer loop
         vertex 1.975636e+00 -1.369069e+00 -4.484969e+00
         vertex 1.975940e+00 -1.338077e+00 -4.487170e+00
         vertex 1.989913e+00 -1.337981e+00 -4.488141e+00
      endloop
   endfacet
   facet normal -6.840546e-02 -8.873140e-02 -9.937039e-01
      outer loop
         vertex 1.989913e+00 -1.337981e+00 -4.488141e+00
         vertex 1.975940e+00 -1.338077e+00 -4.487170e+00
         vertex 1.975351e+00 -1.329551e+00 -4.487891e+00
      endloop
   endfacet
   facet normal -7.151876e-02 -9.412990e-02 -9.929877e-01
      outer loop
         vertex 1.989913e+00 -1.337981e+00 -4.488141e+00
         vertex 1.975351e+00 -1.329551e+00 -4.487891e+00
         vertex 1.988136e+00 -1.308616e+00 -4.490796e+00
      endloop
   endfacet
   facet normal -7.918453e-02 -8.942818e-02 -9.928406e-01
      outer loop
         vertex 1.988136e+00 -1.308616e+00 -4.490796e+00
         vertex 1.975351e+00 -1.329551e+00 -4.487891e+00
         vertex 1.970713e+00 -1.304180e+00 -4.489806e+00
      endloop
   endfacet
   facet normal -7.842977e-02 -8.639032e-02 -9.931694e-01
      outer loop
         vertex 1.988136e+00 -1.308616e+00 -4.490796e+00
         vertex 1.970713e+00 -1.304180e+00 -4.489806e+00
         vertex 1.987488e+00 -1.302621e+00 -4.491267e+00
      endloop
   endfacet
   facet normal -7.846209e-02 -8.606668e-02 -9.931950e-01
      outer loop
         vertex 1.987488e+00 -1.302621e+00 -4.491267e+00
         vertex 1.970713e+00 -1.304180e+00 -4.489806e+00
         vertex 1.963307e+00 -1.281162e+00 -4.491216e+00
      endloop
   endfacet
   facet normal -7.270112e-02 -7.957255e-02 -9.941744e-01
      outer loop
         vertex 1.987488e+00 -1.302621e+00 -4.491267e+00
         vertex 1.963307e+00 -1.281162e+00 -4.491216e+00
         vertex 1.984531e+00 -1.281022e+00 -4.492779e+00
      endloop
   endfacet
   facet normal -5.840671e-02 -8.433311e-02 -9.947244e-01
      outer loop
         vertex 1.902403e+00 -1.126332e+00 -4.499286e+00
         vertex 1.949446e+00 -1.075074e+00 -4.506394e+00
         vertex 1.922759e+00 -1.176912e+00 -4.496193e+00
      endloop
   endfacet
   facet normal -5.248656e-02 -8.590408e-02 -9.949199e-01
      outer loop
         vertex 1.922759e+00 -1.176912e+00 -4.496193e+00
         vertex 1.949446e+00 -1.075074e+00 -4.506394e+00
         vertex 1.967574e+00 -1.176454e+00 -4.498597e+00
      endloop
   endfacet
   facet normal -5.280313e-02 -6.361174e-02 -9.965768e-01
      outer loop
         vertex 1.922759e+00 -1.176912e+00 -4.496193e+00
         vertex 1.967574e+00 -1.176454e+00 -4.498597e+00
         vertex 1.973830e+00 -1.215657e+00 -4.496426e+00
      endloop
   endfacet
   facet normal -7.284626e-02 -6.743805e-02 -9.950606e-01
      outer loop
         vertex 1.984531e+00 -1.281022e+00 -4.492779e+00
         vertex 1.963307e+00 -1.281162e+00 -4.491216e+00
         vertex 1.973830e+00 -1.215657e+00 -4.496426e+00
      endloop
   endfacet
   facet normal -5.147841e-02 -7.095724e-02 -9.961501e-01
      outer loop
         vertex 1.973830e+00 -1.215657e+00 -4.496426e+00
         vertex 1.963307e+00 -1.281162e+00 -4.491216e+00
         vertex 1.952649e+00 -1.254217e+00 -4.492585e+00
      endloop
   endfacet
   facet normal -5.634131e-02 -6.827849e-02 -9.960741e-01
      outer loop
         vertex 1.973830e+00 -1.215657e+00 -4.496426e+00
         vertex 1.952649e+00 -1.254217e+00 -4.492585e+00
         vertex 1.922759e+00 -1.176912e+00 -4.496193e+00
      endloop
   endfacet
   facet normal -2.808261e-02 -1.522707e-01 -9.879398e-01
      outer loop
         vertex 1.832289e+00 -9.684433e-01 -4.514731e+00
         vertex 1.791809e+00 -8.822173e-01 -4.526870e+00
         vertex 1.913471e+00 -8.992559e-01 -4.527702e+00
      endloop
   endfacet
   facet normal -1.849874e-02 -2.057114e-01 -9.784379e-01
      outer loop
         vertex 1.875015e+00 -7.251597e-01 -4.558473e+00
         vertex 1.745768e+00 -7.844212e-01 -4.543570e+00
         vertex 1.865034e+00 -6.767269e-01 -4.568467e+00
      endloop
   endfacet
   facet normal -3.111615e-02 -1.741123e-01 -9.842341e-01
      outer loop
         vertex 1.913471e+00 -8.992559e-01 -4.527702e+00
         vertex 1.791809e+00 -8.822173e-01 -4.526870e+00
         vertex 1.886267e+00 -7.776113e-01 -4.548362e+00
      endloop
   endfacet
   facet normal -2.688483e-02 -1.778224e-01 -9.836953e-01
      outer loop
         vertex 1.886267e+00 -7.776113e-01 -4.548362e+00
         vertex 1.791809e+00 -8.822173e-01 -4.526870e+00
         vertex 1.756422e+00 -8.074804e-01 -4.539413e+00
      endloop
   endfacet
   facet normal -2.435689e-02 -1.882497e-01 -9.818191e-01
      outer loop
         vertex 1.886267e+00 -7.776113e-01 -4.548362e+00
         vertex 1.756422e+00 -8.074804e-01 -4.539413e+00
         vertex 1.745768e+00 -7.844212e-01 -4.543570e+00
      endloop
   endfacet
   facet normal -4.790426e-02 -9.393038e-02 -9.944256e-01
      outer loop
         vertex 1.902403e+00 -1.126332e+00 -4.499286e+00
         vertex 1.895739e+00 -1.110604e+00 -4.500451e+00
         vertex 1.949446e+00 -1.075074e+00 -4.506394e+00
      endloop
   endfacet
   facet normal -4.310179e-02 -1.011087e-01 -9.939413e-01
      outer loop
         vertex 1.949446e+00 -1.075074e+00 -4.506394e+00
         vertex 1.895739e+00 -1.110604e+00 -4.500451e+00
         vertex 1.880941e+00 -1.076555e+00 -4.503272e+00
      endloop
   endfacet
   facet normal -4.303178e-02 -1.037743e-01 -9.936695e-01
      outer loop
         vertex 1.949446e+00 -1.075074e+00 -4.506394e+00
         vertex 1.880941e+00 -1.076555e+00 -4.503272e+00
         vertex 1.946667e+00 -1.060715e+00 -4.507773e+00
      endloop
   endfacet
   facet normal -3.841112e-02 -1.223978e-01 -9.917375e-01
      outer loop
         vertex 1.946667e+00 -1.060715e+00 -4.507773e+00
         vertex 1.880941e+00 -1.076555e+00 -4.503272e+00
         vertex 1.832289e+00 -9.684433e-01 -4.514731e+00
      endloop
   endfacet
   facet normal -3.391170e-02 -1.168829e-01 -9.925666e-01
      outer loop
         vertex 1.946667e+00 -1.060715e+00 -4.507773e+00
         vertex 1.832289e+00 -9.684433e-01 -4.514731e+00
         vertex 1.929595e+00 -9.754007e-01 -4.517236e+00
      endloop
   endfacet
   facet normal -3.572345e-02 -1.435049e-01 -9.890046e-01
      outer loop
         vertex 1.929595e+00 -9.754007e-01 -4.517236e+00
         vertex 1.832289e+00 -9.684433e-01 -4.514731e+00
         vertex 1.913471e+00 -8.992559e-01 -4.527702e+00
      endloop
   endfacet
   facet normal -2.581590e-02 -2.458823e-01 -9.689558e-01
      outer loop
         vertex 1.633883e+00 -5.153026e-01 -4.601885e+00
         vertex 1.826763e+00 -4.712261e-01 -4.618209e+00
         vertex 1.659077e+00 -5.807449e-01 -4.585950e+00
      endloop
   endfacet
   facet normal -2.301861e-02 -2.636822e-01 -9.643349e-01
      outer loop
         vertex 1.633883e+00 -5.153026e-01 -4.601885e+00
         vertex 1.600958e+00 -4.209751e-01 -4.626892e+00
         vertex 1.816689e+00 -4.076633e-01 -4.635681e+00
      endloop
   endfacet
   facet normal -2.375722e-02 -2.535007e-01 -9.670434e-01
      outer loop
         vertex 1.816689e+00 -4.076633e-01 -4.635681e+00
         vertex 1.600958e+00 -4.209751e-01 -4.626892e+00
         vertex 1.595152e+00 -4.025730e-01 -4.631573e+00
      endloop
   endfacet
   facet normal -2.362868e-02 -2.464303e-01 -9.688724e-01
      outer loop
         vertex 1.816689e+00 -4.076633e-01 -4.635681e+00
         vertex 1.595152e+00 -4.025730e-01 -4.631573e+00
         vertex 1.810362e+00 -3.619822e-01 -4.647146e+00
      endloop
   endfacet
   facet normal -2.543424e-02 -2.376778e-01 -9.710110e-01
      outer loop
         vertex 1.810362e+00 -3.619822e-01 -4.647146e+00
         vertex 1.595152e+00 -4.025730e-01 -4.631573e+00
         vertex 1.583597e+00 -3.635373e-01 -4.640825e+00
      endloop
   endfacet
   facet normal -2.570767e-02 -2.172124e-01 -9.757858e-01
      outer loop
         vertex 1.810362e+00 -3.619822e-01 -4.647146e+00
         vertex 1.583597e+00 -3.635373e-01 -4.640825e+00
         vertex 1.800876e+00 -2.799158e-01 -4.665164e+00
      endloop
   endfacet
   facet normal -2.792167e-02 -2.117887e-01 -9.769165e-01
      outer loop
         vertex 1.800876e+00 -2.799158e-01 -4.665164e+00
         vertex 1.583597e+00 -3.635373e-01 -4.640825e+00
         vertex 1.563212e+00 -2.857510e-01 -4.657106e+00
      endloop
   endfacet
   facet normal -2.854405e-02 -1.920396e-01 -9.809720e-01
      outer loop
         vertex 1.800876e+00 -2.799158e-01 -4.665164e+00
         vertex 1.563212e+00 -2.857510e-01 -4.657106e+00
         vertex 1.553330e+00 -2.431095e-01 -4.665166e+00
      endloop
   endfacet
   facet normal -3.068693e-02 -3.877338e-02 -9.987767e-01
      outer loop
         vertex 1.510592e+00 2.827237e-01 -4.718109e+00
         vertex 1.794668e+00 2.397163e-01 -4.725168e+00
         vertex 1.507820e+00 2.228673e-01 -4.715700e+00
      endloop
   endfacet
   facet normal -3.037122e-02 -4.403108e-02 -9.985684e-01
      outer loop
         vertex 1.507820e+00 2.228673e-01 -4.715700e+00
         vertex 1.794668e+00 2.397163e-01 -4.725168e+00
         vertex 1.790663e+00 1.862964e-01 -4.722690e+00
      endloop
   endfacet
   facet normal -3.196659e-02 -5.649938e-02 -9.978908e-01
      outer loop
         vertex 1.507820e+00 2.228673e-01 -4.715700e+00
         vertex 1.790663e+00 1.862964e-01 -4.722690e+00
         vertex 1.507130e+00 1.462351e-01 -4.711339e+00
      endloop
   endfacet
   facet normal -3.133896e-02 -6.087419e-02 -9.976533e-01
      outer loop
         vertex 1.790663e+00 1.862964e-01 -4.722690e+00
         vertex 1.787278e+00 1.225675e-01 -4.718695e+00
         vertex 1.507130e+00 1.462351e-01 -4.711339e+00
      endloop
   endfacet
   facet normal -3.249724e-02 -7.489257e-02 -9.966619e-01
      outer loop
         vertex 1.507130e+00 1.462351e-01 -4.711339e+00
         vertex 1.787278e+00 1.225675e-01 -4.718695e+00
         vertex 1.786056e+00 8.630009e-02 -4.715930e+00
      endloop
   endfacet
   facet normal -3.216909e-02 -7.335587e-02 -9.967869e-01
      outer loop
         vertex 1.507130e+00 1.462351e-01 -4.711339e+00
         vertex 1.786056e+00 8.630009e-02 -4.715930e+00
         vertex 1.508788e+00 8.755371e-02 -4.707074e+00
      endloop
   endfacet
   facet normal -3.218952e-02 -8.354925e-02 -9.959836e-01
      outer loop
         vertex 1.508788e+00 8.755371e-02 -4.707074e+00
         vertex 1.786056e+00 8.630009e-02 -4.715930e+00
         vertex 1.785484e+00 5.930322e-02 -4.713647e+00
      endloop
   endfacet
   facet normal -3.279460e-02 -8.960265e-02 -9.954375e-01
      outer loop
         vertex 1.508788e+00 8.755371e-02 -4.707074e+00
         vertex 1.785484e+00 5.930322e-02 -4.713647e+00
         vertex 1.513767e+00 1.196097e-02 -4.700434e+00
      endloop
   endfacet
   facet normal -3.175404e-02 -9.543300e-02 -9.949293e-01
      outer loop
         vertex 1.513767e+00 1.196097e-02 -4.700434e+00
         vertex 1.785484e+00 5.930322e-02 -4.713647e+00
         vertex 1.785276e+00 -3.418404e-03 -4.707624e+00
      endloop
   endfacet
   facet normal -3.240861e-02 -1.075785e-01 -9.936682e-01
      outer loop
         vertex 1.513767e+00 1.196097e-02 -4.700434e+00
         vertex 1.785276e+00 -3.418404e-03 -4.707624e+00
         vertex 1.520078e+00 -4.859952e-02 -4.694083e+00
      endloop
   endfacet
   facet normal -3.140004e-02 -1.133170e-01 -9.930626e-01
      outer loop
         vertex 1.520078e+00 -4.859952e-02 -4.694083e+00
         vertex 1.785276e+00 -3.418404e-03 -4.707624e+00
         vertex 1.786554e+00 -6.549957e-02 -4.700581e+00
      endloop
   endfacet
   facet normal -3.167123e-02 -1.177969e-01 -9.925325e-01
      outer loop
         vertex 1.520078e+00 -4.859952e-02 -4.694083e+00
         vertex 1.786554e+00 -6.549957e-02 -4.700581e+00
         vertex 1.520700e+00 -5.369868e-02 -4.693498e+00
      endloop
   endfacet
   facet normal -3.219616e-02 -1.305946e-01 -9.909129e-01
      outer loop
         vertex 1.520700e+00 -5.369868e-02 -4.693498e+00
         vertex 1.786554e+00 -6.549957e-02 -4.700581e+00
         vertex 1.529712e+00 -1.181031e-01 -4.685303e+00
      endloop
   endfacet
   facet normal -3.110567e-02 -1.357287e-01 -9.902576e-01
      outer loop
         vertex 1.529712e+00 -1.181031e-01 -4.685303e+00
         vertex 1.786554e+00 -6.549957e-02 -4.700581e+00
         vertex 1.789097e+00 -1.267803e-01 -4.692261e+00
      endloop
   endfacet
   facet normal -3.159779e-02 -1.523995e-01 -9.878137e-01
      outer loop
         vertex 1.529712e+00 -1.181031e-01 -4.685303e+00
         vertex 1.789097e+00 -1.267803e-01 -4.692261e+00
         vertex 1.539004e+00 -1.725691e-01 -4.677197e+00
      endloop
   endfacet
   facet normal -3.025594e-02 -1.593798e-01 -9.867536e-01
      outer loop
         vertex 1.539004e+00 -1.725691e-01 -4.677197e+00
         vertex 1.789097e+00 -1.267803e-01 -4.692261e+00
         vertex 1.792797e+00 -1.871033e-01 -4.682631e+00
      endloop
   endfacet
   facet normal -3.104869e-02 -1.741674e-01 -9.842264e-01
      outer loop
         vertex 1.539004e+00 -1.725691e-01 -4.677197e+00
         vertex 1.792797e+00 -1.871033e-01 -4.682631e+00
         vertex 1.553330e+00 -2.431095e-01 -4.665166e+00
      endloop
   endfacet
   facet normal -3.121022e-02 -1.735113e-01 -9.843372e-01
      outer loop
         vertex 1.553330e+00 -2.431095e-01 -4.665166e+00
         vertex 1.792797e+00 -1.871033e-01 -4.682631e+00
         vertex 1.793852e+00 -2.013786e-01 -4.680148e+00
      endloop
   endfacet
   facet normal -2.926135e-02 -1.840758e-01 -9.824764e-01
      outer loop
         vertex 1.553330e+00 -2.431095e-01 -4.665166e+00
         vertex 1.793852e+00 -2.013786e-01 -4.680148e+00
         vertex 1.797626e+00 -2.463628e-01 -4.671833e+00
      endloop
   endfacet
   facet normal -1.899986e-02 -2.556217e-01 -9.665902e-01
      outer loop
         vertex 1.826763e+00 -4.712261e-01 -4.618209e+00
         vertex 1.841291e+00 -5.539781e-01 -4.596610e+00
         vertex 1.659077e+00 -5.807449e-01 -4.585950e+00
      endloop
   endfacet
   facet normal -2.175692e-02 -2.385629e-01 -9.708833e-01
      outer loop
         vertex 1.659077e+00 -5.807449e-01 -4.585950e+00
         vertex 1.841291e+00 -5.539781e-01 -4.596610e+00
         vertex 1.845146e+00 -5.748423e-01 -4.591570e+00
      endloop
   endfacet
   facet normal -2.214318e-02 -2.286473e-01 -9.732575e-01
      outer loop
         vertex 1.659077e+00 -5.807449e-01 -4.585950e+00
         vertex 1.845146e+00 -5.748423e-01 -4.591570e+00
         vertex 1.687507e+00 -6.505259e-01 -4.570203e+00
      endloop
   endfacet
   facet normal -2.375729e-02 -2.254829e-01 -9.739574e-01
      outer loop
         vertex 1.687507e+00 -6.505259e-01 -4.570203e+00
         vertex 1.845146e+00 -5.748423e-01 -4.591570e+00
         vertex 1.865034e+00 -6.767269e-01 -4.568467e+00
      endloop
   endfacet
   facet normal -2.251043e-02 -2.171619e-01 -9.758760e-01
      outer loop
         vertex 1.687507e+00 -6.505259e-01 -4.570203e+00
         vertex 1.865034e+00 -6.767269e-01 -4.568467e+00
         vertex 1.701303e+00 -6.832671e-01 -4.563235e+00
      endloop
   endfacet
   facet normal -2.328295e-02 -2.006332e-01 -9.793897e-01
      outer loop
         vertex 1.701303e+00 -6.832671e-01 -4.563235e+00
         vertex 1.865034e+00 -6.767269e-01 -4.568467e+00
         vertex 1.745768e+00 -7.844212e-01 -4.543570e+00
      endloop
   endfacet
   facet normal -3.551927e-02 -9.051594e-02 -9.952614e-01
      outer loop
         vertex 1.975547e+00 2.098204e+00 -4.485193e+00
         vertex 1.989956e+00 2.099139e+00 -4.485792e+00
         vertex 1.975506e+00 2.094677e+00 -4.484871e+00
      endloop
   endfacet
   facet normal -3.412821e-02 -9.494480e-02 -9.948974e-01
      outer loop
         vertex 1.975506e+00 2.094677e+00 -4.484871e+00
         vertex 1.989956e+00 2.099139e+00 -4.485792e+00
         vertex 1.990126e+00 2.094526e+00 -4.485358e+00
      endloop
   endfacet
   facet normal -3.359190e-02 -2.986690e-02 -9.989893e-01
      outer loop
         vertex 1.975506e+00 2.094677e+00 -4.484871e+00
         vertex 1.990126e+00 2.094526e+00 -4.485358e+00
         vertex 1.976955e+00 2.075681e+00 -4.484352e+00
      endloop
   endfacet
   facet normal -9.374555e-02 1.236209e-02 -9.955194e-01
      outer loop
         vertex 1.976955e+00 2.075681e+00 -4.484352e+00
         vertex 1.990126e+00 2.094526e+00 -4.485358e+00
         vertex 1.977912e+00 2.067340e+00 -4.484545e+00
      endloop
   endfacet
   facet normal -2.444653e-02 1.825967e-02 -9.995344e-01
      outer loop
         vertex 1.819862e+00 4.409933e-01 -4.727531e+00
         vertex 1.812676e+00 3.920914e-01 -4.728249e+00
         vertex 1.524499e+00 4.169978e-01 -4.720746e+00
      endloop
   endfacet
   facet normal -2.577251e-02 2.956430e-03 -9.996635e-01
      outer loop
         vertex 1.524499e+00 4.169978e-01 -4.720746e+00
         vertex 1.812676e+00 3.920914e-01 -4.728249e+00
         vertex 1.810688e+00 3.783854e-01 -4.728238e+00
      endloop
   endfacet
   facet normal -2.733134e-02 -8.611696e-03 -9.995893e-01
      outer loop
         vertex 1.524499e+00 4.169978e-01 -4.720746e+00
         vertex 1.810688e+00 3.783854e-01 -4.728238e+00
         vertex 1.516993e+00 3.580672e-01 -4.720033e+00
      endloop
   endfacet
   facet normal -2.725043e-02 -9.777674e-03 -9.995808e-01
      outer loop
         vertex 1.516993e+00 3.580672e-01 -4.720033e+00
         vertex 1.810688e+00 3.783854e-01 -4.728238e+00
         vertex 1.802208e+00 3.145217e-01 -4.727382e+00
      endloop
   endfacet
   facet normal -2.926631e-02 -2.302759e-02 -9.993064e-01
      outer loop
         vertex 1.516993e+00 3.580672e-01 -4.720033e+00
         vertex 1.802208e+00 3.145217e-01 -4.727382e+00
         vertex 1.510592e+00 2.827237e-01 -4.718109e+00
      endloop
   endfacet
   facet normal -2.901883e-02 -2.528339e-02 -9.992591e-01
      outer loop
         vertex 1.510592e+00 2.827237e-01 -4.718109e+00
         vertex 1.802208e+00 3.145217e-01 -4.727382e+00
         vertex 1.795593e+00 2.503569e-01 -4.725567e+00
      endloop
   endfacet
   facet normal -3.009673e-02 -3.484833e-02 -9.989393e-01
      outer loop
         vertex 1.510592e+00 2.827237e-01 -4.718109e+00
         vertex 1.795593e+00 2.503569e-01 -4.725567e+00
         vertex 1.794668e+00 2.397163e-01 -4.725168e+00
      endloop
   endfacet
   facet normal -2.536732e-02 -7.488172e-02 -9.968697e-01
      outer loop
         vertex 1.997787e+00 -1.097997e+00 -4.505259e+00
         vertex 1.998858e+00 -1.176141e+00 -4.499416e+00
         vertex 1.967574e+00 -1.176454e+00 -4.498597e+00
      endloop
   endfacet
   facet normal -1.434121e-02 -1.149518e-02 -9.998311e-01
      outer loop
         vertex 1.802208e+00 3.145217e-01 -4.727382e+00
         vertex 1.810688e+00 3.783854e-01 -4.728238e+00
         vertex 2.010462e+00 3.514286e-01 -4.730794e+00
      endloop
   endfacet
   facet normal -1.264912e-02 1.053043e-03 -9.999194e-01
      outer loop
         vertex 2.010462e+00 3.514286e-01 -4.730794e+00
         vertex 1.810688e+00 3.783854e-01 -4.728238e+00
         vertex 1.812676e+00 3.920914e-01 -4.728249e+00
      endloop
   endfacet
   facet normal -1.025197e-02 1.270959e-02 -9.998667e-01
      outer loop
         vertex 2.010462e+00 3.514286e-01 -4.730794e+00
         vertex 1.812676e+00 3.920914e-01 -4.728249e+00
         vertex 2.019339e+00 4.144561e-01 -4.730084e+00
      endloop
   endfacet
   facet normal -1.063285e-02 1.623374e-02 -9.998117e-01
      outer loop
         vertex 2.019339e+00 4.144561e-01 -4.730084e+00
         vertex 1.812676e+00 3.920914e-01 -4.728249e+00
         vertex 1.819862e+00 4.409933e-01 -4.727531e+00
      endloop
   endfacet
   facet normal -8.729875e-03 3.050788e-02 -9.994964e-01
      outer loop
         vertex 2.019339e+00 4.144561e-01 -4.730084e+00
         vertex 1.819862e+00 4.409933e-01 -4.727531e+00
         vertex 2.019934e+00 4.188980e-01 -4.729953e+00
      endloop
   endfacet
   facet normal -5.922096e-03 5.581445e-02 -9.984236e-01
      outer loop
         vertex 2.019934e+00 4.188980e-01 -4.729953e+00
         vertex 1.819862e+00 4.409933e-01 -4.727531e+00
         vertex 1.833221e+00 5.330064e-01 -4.722467e+00
      endloop
   endfacet
   facet normal -6.750114e-04 2.084796e-01 -9.780265e-01
      outer loop
         vertex 1.897836e+00 9.565144e-01 -4.648613e+00
         vertex 2.063697e+00 8.581929e-01 -4.669686e+00
         vertex 1.882058e+00 8.504461e-01 -4.671212e+00
      endloop
   endfacet
   facet normal -1.970215e-04 1.977121e-01 -9.802601e-01
      outer loop
         vertex 1.882058e+00 8.504461e-01 -4.671212e+00
         vertex 2.063697e+00 8.581929e-01 -4.669686e+00
         vertex 2.062542e+00 8.389598e-01 -4.673565e+00
      endloop
   endfacet
   facet normal 5.183363e-04 2.084944e-01 -9.780234e-01
      outer loop
         vertex 1.882058e+00 8.504461e-01 -4.671212e+00
         vertex 2.062542e+00 8.389598e-01 -4.673565e+00
         vertex 1.876443e+00 8.142237e-01 -4.678937e+00
      endloop
   endfacet
   facet normal 1.891381e-03 1.986104e-01 -9.800767e-01
      outer loop
         vertex 1.876443e+00 8.142237e-01 -4.678937e+00
         vertex 2.062542e+00 8.389598e-01 -4.673565e+00
         vertex 2.053564e+00 7.235559e-01 -4.696968e+00
      endloop
   endfacet
   facet normal 5.513556e-03 2.054049e-01 -9.786615e-01
      outer loop
         vertex 1.876443e+00 8.142237e-01 -4.678937e+00
         vertex 2.053564e+00 7.235559e-01 -4.696968e+00
         vertex 1.864714e+00 7.401954e-01 -4.694540e+00
      endloop
   endfacet
   facet normal 3.203321e-03 1.799168e-01 -9.836766e-01
      outer loop
         vertex 1.864714e+00 7.401954e-01 -4.694540e+00
         vertex 2.053564e+00 7.235559e-01 -4.696968e+00
         vertex 2.051195e+00 6.977770e-01 -4.701691e+00
      endloop
   endfacet
   facet normal 1.775933e-03 1.738268e-01 -9.847746e-01
      outer loop
         vertex 1.864714e+00 7.401954e-01 -4.694540e+00
         vertex 2.051195e+00 6.977770e-01 -4.701691e+00
         vertex 1.855129e+00 6.786121e-01 -4.705428e+00
      endloop
   endfacet
   facet normal 2.998238e-03 1.617232e-01 -9.868316e-01
      outer loop
         vertex 1.855129e+00 6.786121e-01 -4.705428e+00
         vertex 2.051195e+00 6.977770e-01 -4.701691e+00
         vertex 2.047909e+00 6.633597e-01 -4.707342e+00
      endloop
   endfacet
   facet normal 1.124053e-03 1.384781e-01 -9.903649e-01
      outer loop
         vertex 1.855129e+00 6.786121e-01 -4.705428e+00
         vertex 2.047909e+00 6.633597e-01 -4.707342e+00
         vertex 1.846598e+00 6.224891e-01 -4.713285e+00
      endloop
   endfacet
   facet normal 4.186876e-03 1.236754e-01 -9.923139e-01
      outer loop
         vertex 1.846598e+00 6.224891e-01 -4.713285e+00
         vertex 2.047909e+00 6.633597e-01 -4.707342e+00
         vertex 2.036198e+00 5.522553e-01 -4.721238e+00
      endloop
   endfacet
   facet normal -3.712102e-03 1.026235e-01 -9.947133e-01
      outer loop
         vertex 1.846598e+00 6.224891e-01 -4.713285e+00
         vertex 2.036198e+00 5.522553e-01 -4.721238e+00
         vertex 1.833221e+00 5.330064e-01 -4.722467e+00
      endloop
   endfacet
   facet normal -1.558609e-03 8.004774e-02 -9.967898e-01
      outer loop
         vertex 1.833221e+00 5.330064e-01 -4.722467e+00
         vertex 2.036198e+00 5.522553e-01 -4.721238e+00
         vertex 2.027367e+00 4.772928e-01 -4.727244e+00
      endloop
   endfacet
   facet normal -1.088596e-02 4.771698e-02 -9.988016e-01
      outer loop
         vertex 1.833221e+00 5.330064e-01 -4.722467e+00
         vertex 2.027367e+00 4.772928e-01 -4.727244e+00
         vertex 2.019934e+00 4.188980e-01 -4.729953e+00
      endloop
   endfacet
   facet normal -3.439001e-02 5.649555e-02 -9.978104e-01
      outer loop
         vertex 2.008579e+00 1.970805e+00 -4.492235e+00
         vertex 1.993132e+00 1.980071e+00 -4.491178e+00
         vertex 2.006068e+00 2.008597e+00 -4.490009e+00
      endloop
   endfacet
   facet normal -4.349258e-02 6.059884e-02 -9.972142e-01
      outer loop
         vertex 2.006068e+00 2.008597e+00 -4.490009e+00
         vertex 1.993132e+00 1.980071e+00 -4.491178e+00
         vertex 1.994757e+00 2.008532e+00 -4.489520e+00
      endloop
   endfacet
   facet normal -4.353239e-02 7.518852e-02 -9.962187e-01
      outer loop
         vertex 2.006068e+00 2.008597e+00 -4.490009e+00
         vertex 1.994757e+00 2.008532e+00 -4.489520e+00
         vertex 2.004709e+00 2.028997e+00 -4.488410e+00
      endloop
   endfacet
   facet normal -4.585334e-02 7.630697e-02 -9.960295e-01
      outer loop
         vertex 2.004709e+00 2.028997e+00 -4.488410e+00
         vertex 1.994757e+00 2.008532e+00 -4.489520e+00
         vertex 1.994385e+00 2.037308e+00 -4.487298e+00
      endloop
   endfacet
   facet normal -5.640261e-02 6.325274e-02 -9.964024e-01
      outer loop
         vertex 2.004709e+00 2.028997e+00 -4.488410e+00
         vertex 1.994385e+00 2.037308e+00 -4.487298e+00
         vertex 2.001477e+00 2.077735e+00 -4.485133e+00
      endloop
   endfacet
   facet normal -3.217288e-02 1.340025e-01 -9.904586e-01
      outer loop
         vertex 1.959760e+00 1.565739e+00 -4.526041e+00
         vertex 1.966692e+00 1.668074e+00 -4.512420e+00
         vertex 2.031133e+00 1.674105e+00 -4.513698e+00
      endloop
   endfacet
   facet normal -3.014186e-02 1.117014e-01 -9.932846e-01
      outer loop
         vertex 2.031133e+00 1.674105e+00 -4.513698e+00
         vertex 1.966692e+00 1.668074e+00 -4.512420e+00
         vertex 1.969029e+00 1.699226e+00 -4.508988e+00
      endloop
   endfacet
   facet normal -3.623442e-02 9.689311e-02 -9.946350e-01
      outer loop
         vertex 2.031133e+00 1.674105e+00 -4.513698e+00
         vertex 1.969029e+00 1.699226e+00 -4.508988e+00
         vertex 2.021008e+00 1.791925e+00 -4.501851e+00
      endloop
   endfacet
   facet normal -3.586200e-02 9.668686e-02 -9.946686e-01
      outer loop
         vertex 2.021008e+00 1.791925e+00 -4.501851e+00
         vertex 1.969029e+00 1.699226e+00 -4.508988e+00
         vertex 1.974737e+00 1.770705e+00 -4.502246e+00
      endloop
   endfacet
   facet normal -2.048692e-02 6.321875e-02 -9.977894e-01
      outer loop
         vertex 2.021008e+00 1.791925e+00 -4.501851e+00
         vertex 1.974737e+00 1.770705e+00 -4.502246e+00
         vertex 2.014776e+00 1.876432e+00 -4.496369e+00
      endloop
   endfacet
   facet normal -4.145737e-02 7.109473e-02 -9.966077e-01
      outer loop
         vertex 2.014776e+00 1.876432e+00 -4.496369e+00
         vertex 1.974737e+00 1.770705e+00 -4.502246e+00
         vertex 1.982180e+00 1.857953e+00 -4.496331e+00
      endloop
   endfacet
   facet normal -2.502589e-02 4.210584e-02 -9.987997e-01
      outer loop
         vertex 2.014776e+00 1.876432e+00 -4.496369e+00
         vertex 1.982180e+00 1.857953e+00 -4.496331e+00
         vertex 2.008579e+00 1.970805e+00 -4.492235e+00
      endloop
   endfacet
   facet normal -3.571827e-02 4.459133e-02 -9.983666e-01
      outer loop
         vertex 2.008579e+00 1.970805e+00 -4.492235e+00
         vertex 1.982180e+00 1.857953e+00 -4.496331e+00
         vertex 1.989867e+00 1.945348e+00 -4.492703e+00
      endloop
   endfacet
   facet normal -3.976734e-02 4.756236e-02 -9.980763e-01
      outer loop
         vertex 2.008579e+00 1.970805e+00 -4.492235e+00
         vertex 1.989867e+00 1.945348e+00 -4.492703e+00
         vertex 1.993132e+00 1.980071e+00 -4.491178e+00
      endloop
   endfacet
   facet normal -2.033971e-02 1.263589e-01 -9.917760e-01
      outer loop
         vertex 2.031133e+00 1.674105e+00 -4.513698e+00
         vertex 2.036171e+00 1.620461e+00 -4.520636e+00
         vertex 1.959760e+00 1.565739e+00 -4.526041e+00
      endloop
   endfacet
   facet normal -3.315202e-02 1.439776e-01 -9.890255e-01
      outer loop
         vertex 1.959760e+00 1.565739e+00 -4.526041e+00
         vertex 2.036171e+00 1.620461e+00 -4.520636e+00
         vertex 2.040870e+00 1.574348e+00 -4.527506e+00
      endloop
   endfacet
   facet normal -3.462043e-02 1.581897e-01 -9.868016e-01
      outer loop
         vertex 1.959760e+00 1.565739e+00 -4.526041e+00
         vertex 2.040870e+00 1.574348e+00 -4.527506e+00
         vertex 1.958643e+00 1.545825e+00 -4.529194e+00
      endloop
   endfacet
   facet normal -3.842295e-02 1.690369e-01 -9.848605e-01
      outer loop
         vertex 1.958643e+00 1.545825e+00 -4.529194e+00
         vertex 2.040870e+00 1.574348e+00 -4.527506e+00
         vertex 2.053334e+00 1.460079e+00 -4.547605e+00
      endloop
   endfacet
   facet normal -3.414663e-02 1.736219e-01 -9.842202e-01
      outer loop
         vertex 1.958643e+00 1.545825e+00 -4.529194e+00
         vertex 2.053334e+00 1.460079e+00 -4.547605e+00
         vertex 1.954216e+00 1.464546e+00 -4.543378e+00
      endloop
   endfacet
   facet normal -3.351481e-02 1.855930e-01 -9.820550e-01
      outer loop
         vertex 1.954216e+00 1.464546e+00 -4.543378e+00
         vertex 2.053334e+00 1.460079e+00 -4.547605e+00
         vertex 1.946213e+00 1.360706e+00 -4.562729e+00
      endloop
   endfacet
   facet normal -2.807242e-02 1.799130e-01 -9.832819e-01
      outer loop
         vertex 1.946213e+00 1.360706e+00 -4.562729e+00
         vertex 2.053334e+00 1.460079e+00 -4.547605e+00
         vertex 2.060586e+00 1.372966e+00 -4.563751e+00
      endloop
   endfacet
   facet normal -2.994999e-02 1.977192e-01 -9.798011e-01
      outer loop
         vertex 1.946213e+00 1.360706e+00 -4.562729e+00
         vertex 2.060586e+00 1.372966e+00 -4.563751e+00
         vertex 1.936950e+00 1.264553e+00 -4.581849e+00
      endloop
   endfacet
   facet normal -2.350314e-02 1.906308e-01 -9.813804e-01
      outer loop
         vertex 1.936950e+00 1.264553e+00 -4.581849e+00
         vertex 2.060586e+00 1.372966e+00 -4.563751e+00
         vertex 2.066906e+00 1.264227e+00 -4.585025e+00
      endloop
   endfacet
   facet normal -2.334578e-02 2.115339e-01 -9.770918e-01
      outer loop
         vertex 1.936950e+00 1.264553e+00 -4.581849e+00
         vertex 2.066906e+00 1.264227e+00 -4.585025e+00
         vertex 1.922505e+00 1.139481e+00 -4.608581e+00
      endloop
   endfacet
   facet normal -1.478831e-02 2.020386e-01 -9.792659e-01
      outer loop
         vertex 1.922505e+00 1.139481e+00 -4.608581e+00
         vertex 2.066906e+00 1.264227e+00 -4.585025e+00
         vertex 2.069923e+00 1.166332e+00 -4.605268e+00
      endloop
   endfacet
   facet normal -1.780098e-02 2.181452e-01 -9.757540e-01
      outer loop
         vertex 1.922505e+00 1.139481e+00 -4.608581e+00
         vertex 2.069923e+00 1.166332e+00 -4.605268e+00
         vertex 1.912378e+00 1.061194e+00 -4.625899e+00
      endloop
   endfacet
   facet normal -1.162137e-02 2.092841e-01 -9.777858e-01
      outer loop
         vertex 1.912378e+00 1.061194e+00 -4.625899e+00
         vertex 2.069923e+00 1.166332e+00 -4.605268e+00
         vertex 2.070430e+00 1.065556e+00 -4.626844e+00
      endloop
   endfacet
   facet normal -1.173472e-02 2.135932e-01 -9.768522e-01
      outer loop
         vertex 1.912378e+00 1.061194e+00 -4.625899e+00
         vertex 2.070430e+00 1.065556e+00 -4.626844e+00
         vertex 1.897836e+00 9.565144e-01 -4.648613e+00
      endloop
   endfacet
   facet normal -5.731320e-03 2.044902e-01 -9.788518e-01
      outer loop
         vertex 1.897836e+00 9.565144e-01 -4.648613e+00
         vertex 2.070430e+00 1.065556e+00 -4.626844e+00
         vertex 2.067972e+00 9.504209e-01 -4.650882e+00
      endloop
   endfacet
   facet normal -5.903183e-03 2.000340e-01 -9.797712e-01
      outer loop
         vertex 1.897836e+00 9.565144e-01 -4.648613e+00
         vertex 2.067972e+00 9.504209e-01 -4.650882e+00
         vertex 2.063697e+00 8.581929e-01 -4.669686e+00
      endloop
   endfacet
   facet normal -2.035281e-02 1.319219e-02 -9.997058e-01
      outer loop
         vertex 1.999999e+00 -1.399880e+00 -4.485999e+00
         vertex 1.989920e+00 -1.399939e+00 -4.485794e+00
         vertex 1.999853e+00 -1.372687e+00 -4.485637e+00
      endloop
   endfacet
   facet normal -3.645319e-02 1.905741e-02 -9.991536e-01
      outer loop
         vertex 1.999853e+00 -1.372687e+00 -4.485637e+00
         vertex 1.989920e+00 -1.399939e+00 -4.485794e+00
         vertex 1.989794e+00 -1.375327e+00 -4.485320e+00
      endloop
   endfacet
   facet normal -1.769784e-02 -5.231825e-02 -9.984736e-01
      outer loop
         vertex 1.999853e+00 -1.372687e+00 -4.485637e+00
         vertex 1.989794e+00 -1.375327e+00 -4.485320e+00
         vertex 1.999834e+00 -1.368921e+00 -4.485834e+00
      endloop
   endfacet
   facet normal -2.179759e-02 -4.591172e-02 -9.987077e-01
      outer loop
         vertex 1.999834e+00 -1.368921e+00 -4.485834e+00
         vertex 1.989794e+00 -1.375327e+00 -4.485320e+00
         vertex 1.989886e+00 -1.368979e+00 -4.485614e+00
      endloop
   endfacet
   facet normal -2.151333e-02 -8.487135e-02 -9.961596e-01
      outer loop
         vertex 1.999834e+00 -1.368921e+00 -4.485834e+00
         vertex 1.989886e+00 -1.368979e+00 -4.485614e+00
         vertex 1.999668e+00 -1.337922e+00 -4.488471e+00
      endloop
   endfacet
   facet normal -3.326665e-02 -8.116835e-02 -9.961451e-01
      outer loop
         vertex 1.999668e+00 -1.337922e+00 -4.488471e+00
         vertex 1.989886e+00 -1.368979e+00 -4.485614e+00
         vertex 1.989913e+00 -1.337981e+00 -4.488141e+00
      endloop
   endfacet
   facet normal -3.315000e-02 -9.399538e-02 -9.950206e-01
      outer loop
         vertex 1.999668e+00 -1.337922e+00 -4.488471e+00
         vertex 1.989913e+00 -1.337981e+00 -4.488141e+00
         vertex 1.999502e+00 -1.308548e+00 -4.491241e+00
      endloop
   endfacet
   facet normal -3.833677e-02 -9.230278e-02 -9.949927e-01
      outer loop
         vertex 1.989913e+00 -1.337981e+00 -4.488141e+00
         vertex 1.988136e+00 -1.308616e+00 -4.490796e+00
         vertex 1.999502e+00 -1.308548e+00 -4.491241e+00
      endloop
   endfacet
   facet normal -3.843105e-02 -8.227751e-02 -9.958682e-01
      outer loop
         vertex 1.999502e+00 -1.308548e+00 -4.491241e+00
         vertex 1.988136e+00 -1.308616e+00 -4.490796e+00
         vertex 1.987488e+00 -1.302621e+00 -4.491267e+00
      endloop
   endfacet
   facet normal -3.572570e-02 -7.679637e-02 -9.964065e-01
      outer loop
         vertex 1.999502e+00 -1.308548e+00 -4.491241e+00
         vertex 1.987488e+00 -1.302621e+00 -4.491267e+00
         vertex 1.999380e+00 -1.287170e+00 -4.492884e+00
      endloop
   endfacet
   facet normal -3.807627e-02 -7.499234e-02 -9.964569e-01
      outer loop
         vertex 1.999380e+00 -1.287170e+00 -4.492884e+00
         vertex 1.987488e+00 -1.302621e+00 -4.491267e+00
         vertex 1.984531e+00 -1.281022e+00 -4.492779e+00
      endloop
   endfacet
   facet normal -3.140331e-02 -5.885100e-02 -9.977727e-01
      outer loop
         vertex 1.999380e+00 -1.287170e+00 -4.492884e+00
         vertex 1.984531e+00 -1.281022e+00 -4.492779e+00
         vertex 1.998858e+00 -1.176141e+00 -4.499416e+00
      endloop
   endfacet
   facet normal -2.490126e-02 -5.974743e-02 -9.979029e-01
      outer loop
         vertex 1.998858e+00 -1.176141e+00 -4.499416e+00
         vertex 1.984531e+00 -1.281022e+00 -4.492779e+00
         vertex 1.973830e+00 -1.215657e+00 -4.496426e+00
      endloop
   endfacet
   facet normal -2.555003e-02 -5.933713e-02 -9.979110e-01
      outer loop
         vertex 1.998858e+00 -1.176141e+00 -4.499416e+00
         vertex 1.973830e+00 -1.215657e+00 -4.496426e+00
         vertex 1.967574e+00 -1.176454e+00 -4.498597e+00
      endloop
   endfacet
   facet normal -3.414309e-03 -1.741573e-01 -9.847119e-01
      outer loop
         vertex 1.982981e+00 -7.474564e-01 -4.554791e+00
         vertex 1.990005e+00 -8.728790e-01 -4.532633e+00
         vertex 1.913471e+00 -8.992559e-01 -4.527702e+00
      endloop
   endfacet
   facet normal -1.298863e-02 -1.471829e-01 -9.890240e-01
      outer loop
         vertex 1.913471e+00 -8.992559e-01 -4.527702e+00
         vertex 1.990005e+00 -8.728790e-01 -4.532633e+00
         vertex 1.992558e+00 -9.281765e-01 -4.524437e+00
      endloop
   endfacet
   facet normal -9.636556e-03 -1.381672e-01 -9.903620e-01
      outer loop
         vertex 1.913471e+00 -8.992559e-01 -4.527702e+00
         vertex 1.992558e+00 -9.281765e-01 -4.524437e+00
         vertex 1.929595e+00 -9.754007e-01 -4.517236e+00
      endloop
   endfacet
   facet normal -1.496453e-02 -1.311979e-01 -9.912432e-01
      outer loop
         vertex 1.929595e+00 -9.754007e-01 -4.517236e+00
         vertex 1.992558e+00 -9.281765e-01 -4.524437e+00
         vertex 1.994279e+00 -9.731316e-01 -4.518513e+00
      endloop
   endfacet
   facet normal -1.563489e-02 -1.133220e-01 -9.934353e-01
      outer loop
         vertex 1.929595e+00 -9.754007e-01 -4.517236e+00
         vertex 1.994279e+00 -9.731316e-01 -4.518513e+00
         vertex 1.946667e+00 -1.060715e+00 -4.507773e+00
      endloop
   endfacet
   facet normal -2.864964e-02 -1.063064e-01 -9.939206e-01
      outer loop
         vertex 1.946667e+00 -1.060715e+00 -4.507773e+00
         vertex 1.994279e+00 -9.731316e-01 -4.518513e+00
         vertex 1.997787e+00 -1.097997e+00 -4.505259e+00
      endloop
   endfacet
   facet normal -2.417503e-02 -1.002218e-01 -9.946714e-01
      outer loop
         vertex 1.946667e+00 -1.060715e+00 -4.507773e+00
         vertex 1.997787e+00 -1.097997e+00 -4.505259e+00
         vertex 1.949446e+00 -1.075074e+00 -4.506394e+00
      endloop
   endfacet
   facet normal -1.415312e-02 -7.919072e-02 -9.967590e-01
      outer loop
         vertex 1.949446e+00 -1.075074e+00 -4.506394e+00
         vertex 1.997787e+00 -1.097997e+00 -4.505259e+00
         vertex 1.967574e+00 -1.176454e+00 -4.498597e+00
      endloop
   endfacet
   facet normal -7.822694e-03 -2.525609e-01 -9.675494e-01
      outer loop
         vertex 1.971387e+00 -4.674697e-01 -4.620243e+00
         vertex 1.974898e+00 -5.672197e-01 -4.594234e+00
         vertex 1.841291e+00 -5.539781e-01 -4.596610e+00
      endloop
   endfacet
   facet normal -1.709371e-02 -1.347604e-01 -9.907308e-01
      outer loop
         vertex 1.970170e+00 -1.325043e-01 -4.694635e+00
         vertex 1.786554e+00 -6.549957e-02 -4.700581e+00
         vertex 1.973165e+00 -4.865038e-02 -4.706092e+00
      endloop
   endfacet
   facet normal -1.913523e-02 -1.130255e-01 -9.934078e-01
      outer loop
         vertex 1.973165e+00 -4.865038e-02 -4.706092e+00
         vertex 1.786554e+00 -6.549957e-02 -4.700581e+00
         vertex 1.974816e+00 -1.390777e-02 -4.710077e+00
      endloop
   endfacet
   facet normal -1.887881e-02 -7.282103e-02 -9.971663e-01
      outer loop
         vertex 1.982848e+00 1.062161e-01 -4.721204e+00
         vertex 1.787278e+00 1.225675e-01 -4.718695e+00
         vertex 1.983252e+00 1.110978e-01 -4.721568e+00
      endloop
   endfacet
   facet normal -1.823265e-02 -6.158807e-02 -9.979351e-01
      outer loop
         vertex 1.983252e+00 1.110978e-01 -4.721568e+00
         vertex 1.787278e+00 1.225675e-01 -4.718695e+00
         vertex 1.790663e+00 1.862964e-01 -4.722690e+00
      endloop
   endfacet
   facet normal -1.544224e-02 -5.444853e-02 -9.983972e-01
      outer loop
         vertex 1.983252e+00 1.110978e-01 -4.721568e+00
         vertex 1.790663e+00 1.862964e-01 -4.722690e+00
         vertex 1.994547e+00 2.278533e-01 -4.728110e+00
      endloop
   endfacet
   facet normal -1.911375e-02 -1.131023e-01 -9.933995e-01
      outer loop
         vertex 1.786554e+00 -6.549957e-02 -4.700581e+00
         vertex 1.785276e+00 -3.418404e-03 -4.707624e+00
         vertex 1.974816e+00 -1.390777e-02 -4.710077e+00
      endloop
   endfacet
   facet normal -1.816428e-02 -9.551012e-02 -9.952627e-01
      outer loop
         vertex 1.974816e+00 -1.390777e-02 -4.710077e+00
         vertex 1.785276e+00 -3.418404e-03 -4.707624e+00
         vertex 1.785484e+00 5.930322e-02 -4.713647e+00
      endloop
   endfacet
   facet normal -1.646243e-02 -9.113041e-02 -9.957029e-01
      outer loop
         vertex 1.974816e+00 -1.390777e-02 -4.710077e+00
         vertex 1.785484e+00 5.930322e-02 -4.713647e+00
         vertex 1.982848e+00 1.062161e-01 -4.721204e+00
      endloop
   endfacet
   facet normal -1.821079e-02 -8.387282e-02 -9.963101e-01
      outer loop
         vertex 1.982848e+00 1.062161e-01 -4.721204e+00
         vertex 1.785484e+00 5.930322e-02 -4.713647e+00
         vertex 1.786056e+00 8.630009e-02 -4.715930e+00
      endloop
   endfacet
   facet normal -1.908927e-02 -7.536797e-02 -9.969731e-01
      outer loop
         vertex 1.982848e+00 1.062161e-01 -4.721204e+00
         vertex 1.786056e+00 8.630009e-02 -4.715930e+00
         vertex 1.787278e+00 1.225675e-01 -4.718695e+00
      endloop
   endfacet
   facet normal -1.522591e-02 -1.672594e-01 -9.857954e-01
      outer loop
         vertex 1.968524e+00 -2.109850e-01 -4.681293e+00
         vertex 1.792797e+00 -1.871033e-01 -4.682631e+00
         vertex 1.970170e+00 -1.325043e-01 -4.694635e+00
      endloop
   endfacet
   facet normal -1.795610e-02 -1.586910e-01 -9.871650e-01
      outer loop
         vertex 1.970170e+00 -1.325043e-01 -4.694635e+00
         vertex 1.792797e+00 -1.871033e-01 -4.682631e+00
         vertex 1.789097e+00 -1.267803e-01 -4.692261e+00
      endloop
   endfacet
   facet normal -1.725972e-02 -1.352097e-01 -9.906667e-01
      outer loop
         vertex 1.970170e+00 -1.325043e-01 -4.694635e+00
         vertex 1.789097e+00 -1.267803e-01 -4.692261e+00
         vertex 1.786554e+00 -6.549957e-02 -4.700581e+00
      endloop
   endfacet
   facet normal -7.017460e-03 -2.536927e-01 -9.672594e-01
      outer loop
         vertex 1.841291e+00 -5.539781e-01 -4.596610e+00
         vertex 1.826763e+00 -4.712261e-01 -4.618209e+00
         vertex 1.971387e+00 -4.674697e-01 -4.620243e+00
      endloop
   endfacet
   facet normal -6.650584e-03 -2.660220e-01 -9.639440e-01
      outer loop
         vertex 1.971387e+00 -4.674697e-01 -4.620243e+00
         vertex 1.826763e+00 -4.712261e-01 -4.618209e+00
         vertex 1.816689e+00 -4.076633e-01 -4.635681e+00
      endloop
   endfacet
   facet normal -5.335985e-03 -2.628484e-01 -9.648224e-01
      outer loop
         vertex 1.971387e+00 -4.674697e-01 -4.620243e+00
         vertex 1.816689e+00 -4.076633e-01 -4.635681e+00
         vertex 1.968704e+00 -3.640075e-01 -4.648415e+00
      endloop
   endfacet
   facet normal -1.090374e-02 -2.448267e-01 -9.695055e-01
      outer loop
         vertex 1.968704e+00 -3.640075e-01 -4.648415e+00
         vertex 1.816689e+00 -4.076633e-01 -4.635681e+00
         vertex 1.810362e+00 -3.619822e-01 -4.647146e+00
      endloop
   endfacet
   facet normal -1.084428e-02 -2.393149e-01 -9.708814e-01
      outer loop
         vertex 1.968704e+00 -3.640075e-01 -4.648415e+00
         vertex 1.810362e+00 -3.619822e-01 -4.647146e+00
         vertex 1.968648e+00 -3.604080e-01 -4.649302e+00
      endloop
   endfacet
   facet normal -1.115469e-02 -2.156660e-01 -9.764035e-01
      outer loop
         vertex 1.968648e+00 -3.604080e-01 -4.649302e+00
         vertex 1.810362e+00 -3.619822e-01 -4.647146e+00
         vertex 1.800876e+00 -2.799158e-01 -4.665164e+00
      endloop
   endfacet
   facet normal -1.127988e-02 -2.159158e-01 -9.763468e-01
      outer loop
         vertex 1.968648e+00 -3.604080e-01 -4.649302e+00
         vertex 1.800876e+00 -2.799158e-01 -4.665164e+00
         vertex 1.968161e+00 -2.482178e-01 -4.674106e+00
      endloop
   endfacet
   facet normal -1.520806e-02 -1.963339e-01 -9.804192e-01
      outer loop
         vertex 1.968161e+00 -2.482178e-01 -4.674106e+00
         vertex 1.800876e+00 -2.799158e-01 -4.665164e+00
         vertex 1.797626e+00 -2.463628e-01 -4.671833e+00
      endloop
   endfacet
   facet normal -1.515054e-02 -1.893662e-01 -9.817896e-01
      outer loop
         vertex 1.968161e+00 -2.482178e-01 -4.674106e+00
         vertex 1.797626e+00 -2.463628e-01 -4.671833e+00
         vertex 1.968524e+00 -2.109850e-01 -4.681293e+00
      endloop
   endfacet
   facet normal -1.651336e-02 -1.830949e-01 -9.829565e-01
      outer loop
         vertex 1.968524e+00 -2.109850e-01 -4.681293e+00
         vertex 1.797626e+00 -2.463628e-01 -4.671833e+00
         vertex 1.793852e+00 -2.013786e-01 -4.680148e+00
      endloop
   endfacet
   facet normal -1.594211e-02 -1.724783e-01 -9.848843e-01
      outer loop
         vertex 1.968524e+00 -2.109850e-01 -4.681293e+00
         vertex 1.793852e+00 -2.013786e-01 -4.680148e+00
         vertex 1.792797e+00 -1.871033e-01 -4.682631e+00
      endloop
   endfacet
   facet normal -1.245900e-02 -1.701283e-01 -9.853431e-01
      outer loop
         vertex 1.913471e+00 -8.992559e-01 -4.527702e+00
         vertex 1.886267e+00 -7.776113e-01 -4.548362e+00
         vertex 1.982981e+00 -7.474564e-01 -4.554791e+00
      endloop
   endfacet
   facet normal -5.860691e-03 -1.905070e-01 -9.816683e-01
      outer loop
         vertex 1.982981e+00 -7.474564e-01 -4.554791e+00
         vertex 1.886267e+00 -7.776113e-01 -4.548362e+00
         vertex 1.875015e+00 -7.251597e-01 -4.558473e+00
      endloop
   endfacet
   facet normal -8.035783e-03 -2.007009e-01 -9.796196e-01
      outer loop
         vertex 1.982981e+00 -7.474564e-01 -4.554791e+00
         vertex 1.875015e+00 -7.251597e-01 -4.558473e+00
         vertex 1.979312e+00 -6.718451e-01 -4.570252e+00
      endloop
   endfacet
   facet normal -6.599336e-03 -2.033907e-01 -9.790754e-01
      outer loop
         vertex 1.979312e+00 -6.718451e-01 -4.570252e+00
         vertex 1.875015e+00 -7.251597e-01 -4.558473e+00
         vertex 1.865034e+00 -6.767269e-01 -4.568467e+00
      endloop
   endfacet
   facet normal -5.664959e-03 -2.236472e-01 -9.746537e-01
      outer loop
         vertex 1.979312e+00 -6.718451e-01 -4.570252e+00
         vertex 1.865034e+00 -6.767269e-01 -4.568467e+00
         vertex 1.974898e+00 -5.672197e-01 -4.594234e+00
      endloop
   endfacet
   facet normal -6.950339e-03 -2.224217e-01 -9.749258e-01
      outer loop
         vertex 1.974898e+00 -5.672197e-01 -4.594234e+00
         vertex 1.865034e+00 -6.767269e-01 -4.568467e+00
         vertex 1.845146e+00 -5.748423e-01 -4.591570e+00
      endloop
   endfacet
   facet normal -6.094672e-03 -2.358815e-01 -9.717627e-01
      outer loop
         vertex 1.974898e+00 -5.672197e-01 -4.594234e+00
         vertex 1.845146e+00 -5.748423e-01 -4.591570e+00
         vertex 1.841291e+00 -5.539781e-01 -4.596610e+00
      endloop
   endfacet
   facet normal -8.085508e-02 6.743746e-02 -9.944419e-01
      outer loop
         vertex 1.994385e+00 2.037308e+00 -4.487298e+00
         vertex 1.992706e+00 2.061472e+00 -4.485523e+00
         vertex 2.001477e+00 2.077735e+00 -4.485133e+00
      endloop
   endfacet
   facet normal -4.012531e-02 4.556095e-02 -9.981554e-01
      outer loop
         vertex 2.001477e+00 2.077735e+00 -4.485133e+00
         vertex 1.992706e+00 2.061472e+00 -4.485523e+00
         vertex 1.992134e+00 2.068262e+00 -4.485190e+00
      endloop
   endfacet
   facet normal 4.280069e-02 -3.622613e-02 -9.984266e-01
      outer loop
         vertex 2.001477e+00 2.077735e+00 -4.485133e+00
         vertex 1.992134e+00 2.068262e+00 -4.485190e+00
         vertex 2.000013e+00 2.099800e+00 -4.485996e+00
      endloop
   endfacet
   facet normal -5.865429e-02 -1.087337e-02 -9.982191e-01
      outer loop
         vertex 2.000013e+00 2.099800e+00 -4.485996e+00
         vertex 1.992134e+00 2.068262e+00 -4.485190e+00
         vertex 1.990126e+00 2.094526e+00 -4.485358e+00
      endloop
   endfacet
   facet normal -1.399886e-02 -9.425426e-02 -9.954497e-01
      outer loop
         vertex 2.000013e+00 2.099800e+00 -4.485996e+00
         vertex 1.990126e+00 2.094526e+00 -4.485358e+00
         vertex 1.989956e+00 2.099139e+00 -4.485792e+00
      endloop
   endfacet
   facet normal -1.737613e-02 -4.501769e-02 -9.988351e-01
      outer loop
         vertex 1.790663e+00 1.862964e-01 -4.722690e+00
         vertex 1.794668e+00 2.397163e-01 -4.725168e+00
         vertex 1.994547e+00 2.278533e-01 -4.728110e+00
      endloop
   endfacet
   facet normal -1.684705e-02 -3.601031e-02 -9.992094e-01
      outer loop
         vertex 1.994547e+00 2.278533e-01 -4.728110e+00
         vertex 1.794668e+00 2.397163e-01 -4.725168e+00
         vertex 1.795593e+00 2.503569e-01 -4.725567e+00
      endloop
   endfacet
   facet normal -1.605695e-02 -2.899779e-02 -9.994505e-01
      outer loop
         vertex 1.994547e+00 2.278533e-01 -4.728110e+00
         vertex 1.795593e+00 2.503569e-01 -4.725567e+00
         vertex 2.000757e+00 2.806688e-01 -4.729742e+00
      endloop
   endfacet
   facet normal -1.641392e-02 -2.659006e-02 -9.995117e-01
      outer loop
         vertex 2.000757e+00 2.806688e-01 -4.729742e+00
         vertex 1.795593e+00 2.503569e-01 -4.725567e+00
         vertex 1.802208e+00 3.145217e-01 -4.727382e+00
      endloop
   endfacet
   facet normal -1.546709e-02 -2.102655e-02 -9.996593e-01
      outer loop
         vertex 2.000757e+00 2.806688e-01 -4.729742e+00
         vertex 1.802208e+00 3.145217e-01 -4.727382e+00
         vertex 2.001826e+00 2.890478e-01 -4.729935e+00
      endloop
   endfacet
   facet normal -1.428986e-02 -1.178464e-02 -9.998284e-01
      outer loop
         vertex 2.001826e+00 2.890478e-01 -4.729935e+00
         vertex 1.802208e+00 3.145217e-01 -4.727382e+00
         vertex 2.010462e+00 3.514286e-01 -4.730794e+00
      endloop
   endfacet
   facet normal 2.973706e-02 1.850895e-01 -9.822716e-01
      outer loop
         vertex 2.243034e+00 7.371555e-01 -4.688670e+00
         vertex 2.242342e+00 7.061139e-01 -4.694540e+00
         vertex 2.053564e+00 7.235559e-01 -4.696968e+00
      endloop
   endfacet
   facet normal 2.018927e-02 7.399888e-02 -9.970539e-01
      outer loop
         vertex 2.231939e+00 5.168139e-01 -4.719905e+00
         vertex 2.226699e+00 4.592467e-01 -4.724284e+00
         vertex 2.036198e+00 5.522553e-01 -4.721238e+00
      endloop
   endfacet
   facet normal 2.905788e-02 1.775420e-01 -9.836841e-01
      outer loop
         vertex 2.053564e+00 7.235559e-01 -4.696968e+00
         vertex 2.242342e+00 7.061139e-01 -4.694540e+00
         vertex 2.051195e+00 6.977770e-01 -4.701691e+00
      endloop
   endfacet
   facet normal 2.979609e-02 1.627844e-01 -9.862117e-01
      outer loop
         vertex 2.051195e+00 6.977770e-01 -4.701691e+00
         vertex 2.242342e+00 7.061139e-01 -4.694540e+00
         vertex 2.240082e+00 6.439064e-01 -4.704876e+00
      endloop
   endfacet
   facet normal 2.878055e-02 1.592594e-01 -9.868172e-01
      outer loop
         vertex 2.051195e+00 6.977770e-01 -4.701691e+00
         vertex 2.240082e+00 6.439064e-01 -4.704876e+00
         vertex 2.047909e+00 6.633597e-01 -4.707342e+00
      endloop
   endfacet
   facet normal 2.635826e-02 1.348620e-01 -9.905137e-01
      outer loop
         vertex 2.047909e+00 6.633597e-01 -4.707342e+00
         vertex 2.240082e+00 6.439064e-01 -4.704876e+00
         vertex 2.237822e+00 6.000506e-01 -4.710908e+00
      endloop
   endfacet
   facet normal 2.197038e-02 1.218006e-01 -9.923114e-01
      outer loop
         vertex 2.047909e+00 6.633597e-01 -4.707342e+00
         vertex 2.237822e+00 6.000506e-01 -4.710908e+00
         vertex 2.036198e+00 5.522553e-01 -4.721238e+00
      endloop
   endfacet
   facet normal 2.238415e-02 1.200980e-01 -9.925097e-01
      outer loop
         vertex 2.036198e+00 5.522553e-01 -4.721238e+00
         vertex 2.237822e+00 6.000506e-01 -4.710908e+00
         vertex 2.236638e+00 5.806258e-01 -4.713285e+00
      endloop
   endfacet
   facet normal 2.512088e-02 1.013307e-01 -9.945356e-01
      outer loop
         vertex 2.036198e+00 5.522553e-01 -4.721238e+00
         vertex 2.236638e+00 5.806258e-01 -4.713285e+00
         vertex 2.231939e+00 5.168139e-01 -4.719905e+00
      endloop
   endfacet
   facet normal 2.917512e-02 1.921060e-01 -9.809404e-01
      outer loop
         vertex 2.243034e+00 7.371555e-01 -4.688670e+00
         vertex 2.053564e+00 7.235559e-01 -4.696968e+00
         vertex 2.243376e+00 7.669376e-01 -4.682827e+00
      endloop
   endfacet
   facet normal 2.809034e-02 1.965741e-01 -9.800865e-01
      outer loop
         vertex 2.243376e+00 7.669376e-01 -4.682827e+00
         vertex 2.053564e+00 7.235559e-01 -4.696968e+00
         vertex 2.062542e+00 8.389598e-01 -4.673565e+00
      endloop
   endfacet
   facet normal 2.587447e-02 1.911560e-01 -9.812186e-01
      outer loop
         vertex 2.243376e+00 7.669376e-01 -4.682827e+00
         vertex 2.062542e+00 8.389598e-01 -4.673565e+00
         vertex 2.242970e+00 8.266155e-01 -4.671212e+00
      endloop
   endfacet
   facet normal 2.620131e-02 1.961218e-01 -9.802294e-01
      outer loop
         vertex 2.242970e+00 8.266155e-01 -4.671212e+00
         vertex 2.062542e+00 8.389598e-01 -4.673565e+00
         vertex 2.063697e+00 8.581929e-01 -4.669686e+00
      endloop
   endfacet
   facet normal 2.489962e-02 1.888028e-01 -9.816993e-01
      outer loop
         vertex 2.242970e+00 8.266155e-01 -4.671212e+00
         vertex 2.063697e+00 8.581929e-01 -4.669686e+00
         vertex 2.241150e+00 8.854064e-01 -4.659951e+00
      endloop
   endfacet
   facet normal 2.659997e-02 4.548787e-02 -9.986107e-01
      outer loop
         vertex 2.008579e+00 1.970805e+00 -4.492235e+00
         vertex 2.028773e+00 1.955346e+00 -4.492402e+00
         vertex 2.014776e+00 1.876432e+00 -4.496369e+00
      endloop
   endfacet
   facet normal 1.314897e-02 4.788141e-02 -9.987665e-01
      outer loop
         vertex 2.014776e+00 1.876432e+00 -4.496369e+00
         vertex 2.028773e+00 1.955346e+00 -4.492402e+00
         vertex 2.054198e+00 1.842975e+00 -4.497454e+00
      endloop
   endfacet
   facet normal 2.929569e-02 6.685987e-02 -9.973322e-01
      outer loop
         vertex 2.014776e+00 1.876432e+00 -4.496369e+00
         vertex 2.054198e+00 1.842975e+00 -4.497454e+00
         vertex 2.021008e+00 1.791925e+00 -4.501851e+00
      endloop
   endfacet
   facet normal 1.322232e-02 7.727492e-02 -9.969221e-01
      outer loop
         vertex 2.021008e+00 1.791925e+00 -4.501851e+00
         vertex 2.054198e+00 1.842975e+00 -4.497454e+00
         vertex 2.070077e+00 1.778441e+00 -4.502246e+00
      endloop
   endfacet
   facet normal 1.995850e-02 1.017199e-01 -9.946128e-01
      outer loop
         vertex 2.021008e+00 1.791925e+00 -4.501851e+00
         vertex 2.070077e+00 1.778441e+00 -4.502246e+00
         vertex 2.031133e+00 1.674105e+00 -4.513698e+00
      endloop
   endfacet
   facet normal 1.559264e-02 1.033397e-01 -9.945239e-01
      outer loop
         vertex 2.031133e+00 1.674105e+00 -4.513698e+00
         vertex 2.070077e+00 1.778441e+00 -4.502246e+00
         vertex 2.090343e+00 1.699884e+00 -4.510091e+00
      endloop
   endfacet
   facet normal 4.391178e-03 1.286691e-01 -9.916779e-01
      outer loop
         vertex 2.031133e+00 1.674105e+00 -4.513698e+00
         vertex 2.090343e+00 1.699884e+00 -4.510091e+00
         vertex 2.036171e+00 1.620461e+00 -4.520636e+00
      endloop
   endfacet
   facet normal -3.429587e-03 1.339117e-01 -9.909873e-01
      outer loop
         vertex 2.036171e+00 1.620461e+00 -4.520636e+00
         vertex 2.090343e+00 1.699884e+00 -4.510091e+00
         vertex 2.122011e+00 1.582661e+00 -4.526041e+00
      endloop
   endfacet
   facet normal 2.736870e-03 1.476364e-01 -9.890379e-01
      outer loop
         vertex 2.036171e+00 1.620461e+00 -4.520636e+00
         vertex 2.122011e+00 1.582661e+00 -4.526041e+00
         vertex 2.040870e+00 1.574348e+00 -4.527506e+00
      endloop
   endfacet
   facet normal 6.998141e-04 1.669771e-01 -9.859605e-01
      outer loop
         vertex 2.040870e+00 1.574348e+00 -4.527506e+00
         vertex 2.122011e+00 1.582661e+00 -4.526041e+00
         vertex 2.134390e+00 1.538893e+00 -4.533444e+00
      endloop
   endfacet
   facet normal 3.274752e-03 1.735772e-01 -9.848148e-01
      outer loop
         vertex 2.040870e+00 1.574348e+00 -4.527506e+00
         vertex 2.134390e+00 1.538893e+00 -4.533444e+00
         vertex 2.053334e+00 1.460079e+00 -4.547605e+00
      endloop
   endfacet
   facet normal 1.387881e-04 1.767034e-01 -9.842641e-01
      outer loop
         vertex 2.053334e+00 1.460079e+00 -4.547605e+00
         vertex 2.134390e+00 1.538893e+00 -4.533444e+00
         vertex 2.149669e+00 1.483548e+00 -4.543378e+00
      endloop
   endfacet
   facet normal -1.230539e-03 1.821454e-01 -9.832708e-01
      outer loop
         vertex 2.053334e+00 1.460079e+00 -4.547605e+00
         vertex 2.149669e+00 1.483548e+00 -4.543378e+00
         vertex 2.060586e+00 1.372966e+00 -4.563751e+00
      endloop
   endfacet
   facet normal 3.177570e-03 1.787096e-01 -9.838967e-01
      outer loop
         vertex 2.060586e+00 1.372966e+00 -4.563751e+00
         vertex 2.149669e+00 1.483548e+00 -4.543378e+00
         vertex 2.175576e+00 1.376549e+00 -4.562729e+00
      endloop
   endfacet
   facet normal 2.736199e-03 1.921521e-01 -9.813613e-01
      outer loop
         vertex 2.060586e+00 1.372966e+00 -4.563751e+00
         vertex 2.175576e+00 1.376549e+00 -4.562729e+00
         vertex 2.066906e+00 1.264227e+00 -4.585025e+00
      endloop
   endfacet
   facet normal 7.446720e-03 1.877586e-01 -9.821870e-01
      outer loop
         vertex 2.175576e+00 1.376549e+00 -4.562729e+00
         vertex 2.196333e+00 1.275706e+00 -4.581849e+00
         vertex 2.066906e+00 1.264227e+00 -4.585025e+00
      endloop
   endfacet
   facet normal 6.918142e-03 1.934152e-01 -9.810926e-01
      outer loop
         vertex 2.066906e+00 1.264227e+00 -4.585025e+00
         vertex 2.196333e+00 1.275706e+00 -4.581849e+00
         vertex 2.206606e+00 1.217667e+00 -4.593219e+00
      endloop
   endfacet
   facet normal 1.015450e-02 2.027874e-01 -9.791701e-01
      outer loop
         vertex 2.066906e+00 1.264227e+00 -4.585025e+00
         vertex 2.206606e+00 1.217667e+00 -4.593219e+00
         vertex 2.069923e+00 1.166332e+00 -4.605268e+00
      endloop
   endfacet
   facet normal 1.136993e-02 1.996971e-01 -9.797917e-01
      outer loop
         vertex 2.069923e+00 1.166332e+00 -4.605268e+00
         vertex 2.206606e+00 1.217667e+00 -4.593219e+00
         vertex 2.214360e+00 1.168191e+00 -4.603213e+00
      endloop
   endfacet
   facet normal 1.121632e-02 2.093950e-01 -9.777668e-01
      outer loop
         vertex 2.069923e+00 1.166332e+00 -4.605268e+00
         vertex 2.214360e+00 1.168191e+00 -4.603213e+00
         vertex 2.070430e+00 1.065556e+00 -4.626844e+00
      endloop
   endfacet
   facet normal 1.618237e-02 2.027377e-01 -9.790994e-01
      outer loop
         vertex 2.070430e+00 1.065556e+00 -4.626844e+00
         vertex 2.214360e+00 1.168191e+00 -4.603213e+00
         vertex 2.228555e+00 1.055901e+00 -4.626229e+00
      endloop
   endfacet
   facet normal 1.625942e-02 2.040165e-01 -9.788324e-01
      outer loop
         vertex 2.070430e+00 1.065556e+00 -4.626844e+00
         vertex 2.228555e+00 1.055901e+00 -4.626229e+00
         vertex 2.067972e+00 9.504209e-01 -4.650882e+00
      endloop
   endfacet
   facet normal 2.108003e-02 1.969922e-01 -9.801784e-01
      outer loop
         vertex 2.067972e+00 9.504209e-01 -4.650882e+00
         vertex 2.228555e+00 1.055901e+00 -4.626229e+00
         vertex 2.238076e+00 9.435089e-01 -4.648613e+00
      endloop
   endfacet
   facet normal 2.114817e-02 1.987888e-01 -9.798141e-01
      outer loop
         vertex 2.067972e+00 9.504209e-01 -4.650882e+00
         vertex 2.238076e+00 9.435089e-01 -4.648613e+00
         vertex 2.063697e+00 8.581929e-01 -4.669686e+00
      endloop
   endfacet
   facet normal 2.397234e-02 1.932728e-01 -9.808522e-01
      outer loop
         vertex 2.063697e+00 8.581929e-01 -4.669686e+00
         vertex 2.238076e+00 9.435089e-01 -4.648613e+00
         vertex 2.240534e+00 8.991655e-01 -4.657290e+00
      endloop
   endfacet
   facet normal 2.456136e-02 1.908686e-01 -9.813083e-01
      outer loop
         vertex 2.063697e+00 8.581929e-01 -4.669686e+00
         vertex 2.240534e+00 8.991655e-01 -4.657290e+00
         vertex 2.241150e+00 8.854064e-01 -4.659951e+00
      endloop
   endfacet
   facet normal 3.929409e-02 -9.356866e-02 -9.948371e-01
      outer loop
         vertex 1.999502e+00 -1.308548e+00 -4.491241e+00
         vertex 2.010868e+00 -1.308498e+00 -4.490796e+00
         vertex 1.999668e+00 -1.337922e+00 -4.488471e+00
      endloop
   endfacet
   facet normal 3.417034e-02 -9.164740e-02 -9.952051e-01
      outer loop
         vertex 1.999668e+00 -1.337922e+00 -4.488471e+00
         vertex 2.010868e+00 -1.308498e+00 -4.490796e+00
         vertex 2.009422e+00 -1.337875e+00 -4.488141e+00
      endloop
   endfacet
   facet normal 3.415767e-02 -8.454510e-02 -9.958340e-01
      outer loop
         vertex 1.999668e+00 -1.337922e+00 -4.488471e+00
         vertex 2.009422e+00 -1.337875e+00 -4.488141e+00
         vertex 1.999834e+00 -1.368921e+00 -4.485834e+00
      endloop
   endfacet
   facet normal 2.241991e-02 -8.096688e-02 -9.964646e-01
      outer loop
         vertex 1.999834e+00 -1.368921e+00 -4.485834e+00
         vertex 2.009422e+00 -1.337875e+00 -4.488141e+00
         vertex 2.009781e+00 -1.368871e+00 -4.485614e+00
      endloop
   endfacet
   facet normal 2.231895e-02 -5.210615e-02 -9.983921e-01
      outer loop
         vertex 1.999834e+00 -1.368921e+00 -4.485834e+00
         vertex 2.009781e+00 -1.368871e+00 -4.485614e+00
         vertex 1.999853e+00 -1.372687e+00 -4.485637e+00
      endloop
   endfacet
   facet normal 1.995993e-02 -4.596555e-02 -9.987436e-01
      outer loop
         vertex 1.999853e+00 -1.372687e+00 -4.485637e+00
         vertex 2.009781e+00 -1.368871e+00 -4.485614e+00
         vertex 2.009935e+00 -1.375047e+00 -4.485327e+00
      endloop
   endfacet
   facet normal 3.389601e-02 1.347848e-02 -9.993345e-01
      outer loop
         vertex 1.999853e+00 -1.372687e+00 -4.485637e+00
         vertex 2.009935e+00 -1.375047e+00 -4.485327e+00
         vertex 1.999999e+00 -1.399880e+00 -4.485999e+00
      endloop
   endfacet
   facet normal 2.018005e-02 1.897408e-02 -9.996163e-01
      outer loop
         vertex 1.999999e+00 -1.399880e+00 -4.485999e+00
         vertex 2.009935e+00 -1.375047e+00 -4.485327e+00
         vertex 2.010078e+00 -1.399830e+00 -4.485794e+00
      endloop
   endfacet
   facet normal 5.183917e-03 -9.257676e-02 -9.956921e-01
      outer loop
         vertex 1.974816e+00 -1.390777e-02 -4.710077e+00
         vertex 1.982848e+00 1.062161e-01 -4.721204e+00
         vertex 2.178445e+00 9.018885e-02 -4.718695e+00
      endloop
   endfacet
   facet normal 6.648521e-03 -7.493343e-02 -9.971664e-01
      outer loop
         vertex 2.178445e+00 9.018885e-02 -4.718695e+00
         vertex 1.982848e+00 1.062161e-01 -4.721204e+00
         vertex 1.983252e+00 1.110978e-01 -4.721568e+00
      endloop
   endfacet
   facet normal 7.136820e-03 -7.041968e-02 -9.974919e-01
      outer loop
         vertex 2.178445e+00 9.018885e-02 -4.718695e+00
         vertex 1.983252e+00 1.110978e-01 -4.721568e+00
         vertex 2.185555e+00 1.450895e-01 -4.722520e+00
      endloop
   endfacet
   facet normal 4.777690e-03 -5.640459e-02 -9.983966e-01
      outer loop
         vertex 2.185555e+00 1.450895e-01 -4.722520e+00
         vertex 1.983252e+00 1.110978e-01 -4.721568e+00
         vertex 1.994547e+00 2.278533e-01 -4.728110e+00
      endloop
   endfacet
   facet normal 7.011897e-03 -5.126617e-02 -9.986604e-01
      outer loop
         vertex 2.185555e+00 1.450895e-01 -4.722520e+00
         vertex 1.994547e+00 2.278533e-01 -4.728110e+00
         vertex 2.193521e+00 2.055218e-01 -4.725567e+00
      endloop
   endfacet
   facet normal 7.239423e-03 -9.656522e-02 -9.953003e-01
      outer loop
         vertex 2.178445e+00 9.018885e-02 -4.718695e+00
         vertex 2.165087e+00 -1.796810e-02 -4.708299e+00
         vertex 1.974816e+00 -1.390777e-02 -4.710077e+00
      endloop
   endfacet
   facet normal 6.865394e-03 -1.133196e-01 -9.935349e-01
      outer loop
         vertex 1.974816e+00 -1.390777e-02 -4.710077e+00
         vertex 2.165087e+00 -1.796810e-02 -4.708299e+00
         vertex 2.164382e+00 -2.392670e-02 -4.707624e+00
      endloop
   endfacet
   facet normal 6.814246e-03 -1.142610e-01 -9.934274e-01
      outer loop
         vertex 1.974816e+00 -1.390777e-02 -4.710077e+00
         vertex 2.164382e+00 -2.392670e-02 -4.707624e+00
         vertex 1.973165e+00 -4.865038e-02 -4.706092e+00
      endloop
   endfacet
   facet normal 9.518858e-03 -1.350160e-01 -9.907977e-01
      outer loop
         vertex 1.973165e+00 -4.865038e-02 -4.706092e+00
         vertex 2.164382e+00 -2.392670e-02 -4.707624e+00
         vertex 2.151261e+00 -1.375919e-01 -4.692261e+00
      endloop
   endfacet
   facet normal 9.172496e-03 -1.356956e-01 -9.907081e-01
      outer loop
         vertex 1.973165e+00 -4.865038e-02 -4.706092e+00
         vertex 2.151261e+00 -1.375919e-01 -4.692261e+00
         vertex 1.970170e+00 -1.325043e-01 -4.694635e+00
      endloop
   endfacet
   facet normal 8.194205e-03 -1.681910e-01 -9.857204e-01
      outer loop
         vertex 1.970170e+00 -1.325043e-01 -4.694635e+00
         vertex 2.151261e+00 -1.375919e-01 -4.692261e+00
         vertex 2.145684e+00 -1.867447e-01 -4.683921e+00
      endloop
   endfacet
   facet normal 8.334007e-03 -1.677531e-01 -9.857938e-01
      outer loop
         vertex 1.970170e+00 -1.325043e-01 -4.694635e+00
         vertex 2.145684e+00 -1.867447e-01 -4.683921e+00
         vertex 1.968524e+00 -2.109850e-01 -4.681293e+00
      endloop
   endfacet
   facet normal 1.158199e-02 -1.910273e-01 -9.815164e-01
      outer loop
         vertex 1.968524e+00 -2.109850e-01 -4.681293e+00
         vertex 2.145684e+00 -1.867447e-01 -4.683921e+00
         vertex 2.138702e+00 -2.492778e-01 -4.671833e+00
      endloop
   endfacet
   facet normal 1.191144e-02 -1.896292e-01 -9.817835e-01
      outer loop
         vertex 1.968524e+00 -2.109850e-01 -4.681293e+00
         vertex 2.138702e+00 -2.492778e-01 -4.671833e+00
         vertex 1.968161e+00 -2.482178e-01 -4.674106e+00
      endloop
   endfacet
   facet normal 1.167639e-02 -2.158197e-01 -9.763634e-01
      outer loop
         vertex 1.968161e+00 -2.482178e-01 -4.674106e+00
         vertex 2.138702e+00 -2.492778e-01 -4.671833e+00
         vertex 1.968648e+00 -3.604080e-01 -4.649302e+00
      endloop
   endfacet
   facet normal 1.543522e-02 -2.213115e-01 -9.750810e-01
      outer loop
         vertex 1.968648e+00 -3.604080e-01 -4.649302e+00
         vertex 2.138702e+00 -2.492778e-01 -4.671833e+00
         vertex 2.127912e+00 -3.485945e-01 -4.649462e+00
      endloop
   endfacet
   facet normal 1.674344e-02 -2.388917e-01 -9.709019e-01
      outer loop
         vertex 1.968648e+00 -3.604080e-01 -4.649302e+00
         vertex 2.127912e+00 -3.485945e-01 -4.649462e+00
         vertex 1.968704e+00 -3.640075e-01 -4.648415e+00
      endloop
   endfacet
   facet normal 1.939968e-02 -2.658482e-01 -9.638197e-01
      outer loop
         vertex 1.968704e+00 -3.640075e-01 -4.648415e+00
         vertex 2.127912e+00 -3.485945e-01 -4.649462e+00
         vertex 2.115983e+00 -4.627707e-01 -4.618209e+00
      endloop
   endfacet
   facet normal 2.209294e-02 -2.621258e-01 -9.647808e-01
      outer loop
         vertex 1.968704e+00 -3.640075e-01 -4.648415e+00
         vertex 2.115983e+00 -4.627707e-01 -4.618209e+00
         vertex 1.971387e+00 -4.674697e-01 -4.620243e+00
      endloop
   endfacet
   facet normal 2.221625e-02 -2.664326e-01 -9.635975e-01
      outer loop
         vertex 1.971387e+00 -4.674697e-01 -4.620243e+00
         vertex 2.115983e+00 -4.627707e-01 -4.618209e+00
         vertex 2.111220e+00 -5.073833e-01 -4.605983e+00
      endloop
   endfacet
   facet normal 2.692724e-02 -2.513317e-01 -9.675264e-01
      outer loop
         vertex 1.971387e+00 -4.674697e-01 -4.620243e+00
         vertex 2.111220e+00 -5.073833e-01 -4.605983e+00
         vertex 1.974898e+00 -5.672197e-01 -4.594234e+00
      endloop
   endfacet
   facet normal 2.403690e-02 -2.450765e-01 -9.692057e-01
      outer loop
         vertex 1.974898e+00 -5.672197e-01 -4.594234e+00
         vertex 2.111220e+00 -5.073833e-01 -4.605983e+00
         vertex 2.104856e+00 -5.650091e-01 -4.591570e+00
      endloop
   endfacet
   facet normal 2.376319e-02 -2.224080e-01 -9.746641e-01
      outer loop
         vertex 1.974898e+00 -5.672197e-01 -4.594234e+00
         vertex 2.104856e+00 -5.650091e-01 -4.591570e+00
         vertex 1.979312e+00 -6.718451e-01 -4.570252e+00
      endloop
   endfacet
   facet normal 2.258957e-02 -2.210940e-01 -9.749908e-01
      outer loop
         vertex 1.979312e+00 -6.718451e-01 -4.570252e+00
         vertex 2.104856e+00 -5.650091e-01 -4.591570e+00
         vertex 2.090467e+00 -6.939725e-01 -4.562659e+00
      endloop
   endfacet
   facet normal 2.730679e-02 -1.989867e-01 -9.796217e-01
      outer loop
         vertex 1.979312e+00 -6.718451e-01 -4.570252e+00
         vertex 2.090467e+00 -6.939725e-01 -4.562659e+00
         vertex 1.982981e+00 -7.474564e-01 -4.554791e+00
      endloop
   endfacet
   facet normal 2.487423e-02 -1.942474e-01 -9.806372e-01
      outer loop
         vertex 1.982981e+00 -7.474564e-01 -4.554791e+00
         vertex 2.090467e+00 -6.939725e-01 -4.562659e+00
         vertex 2.082369e+00 -7.671874e-01 -4.548362e+00
      endloop
   endfacet
   facet normal 2.948880e-02 -1.722955e-01 -9.846038e-01
      outer loop
         vertex 1.982981e+00 -7.474564e-01 -4.554791e+00
         vertex 2.082369e+00 -7.671874e-01 -4.548362e+00
         vertex 1.990005e+00 -8.728790e-01 -4.532633e+00
      endloop
   endfacet
   facet normal 2.690087e-02 -1.701017e-01 -9.850593e-01
      outer loop
         vertex 1.990005e+00 -8.728790e-01 -4.532633e+00
         vertex 2.082369e+00 -7.671874e-01 -4.548362e+00
         vertex 2.071659e+00 -8.669043e-01 -4.531435e+00
      endloop
   endfacet
   facet normal 2.515383e-02 -1.454255e-01 -9.890494e-01
      outer loop
         vertex 1.990005e+00 -8.728790e-01 -4.532633e+00
         vertex 2.071659e+00 -8.669043e-01 -4.531435e+00
         vertex 1.992558e+00 -9.281765e-01 -4.524437e+00
      endloop
   endfacet
   facet normal 1.914724e-02 -1.378110e-01 -9.902735e-01
      outer loop
         vertex 1.992558e+00 -9.281765e-01 -4.524437e+00
         vertex 2.071659e+00 -8.669043e-01 -4.531435e+00
         vertex 2.058957e+00 -9.706956e-01 -4.517236e+00
      endloop
   endfacet
   facet normal 2.445363e-02 -1.296903e-01 -9.912530e-01
      outer loop
         vertex 1.992558e+00 -9.281765e-01 -4.524437e+00
         vertex 2.058957e+00 -9.706956e-01 -4.517236e+00
         vertex 1.994279e+00 -9.731316e-01 -4.518513e+00
      endloop
   endfacet
   facet normal 2.391369e-02 -1.143596e-01 -9.931516e-01
      outer loop
         vertex 1.994279e+00 -9.731316e-01 -4.518513e+00
         vertex 2.058957e+00 -9.706956e-01 -4.517236e+00
         vertex 2.050938e+00 -1.030897e+00 -4.510497e+00
      endloop
   endfacet
   facet normal 3.402872e-02 -1.045474e-01 -9.939376e-01
      outer loop
         vertex 1.994279e+00 -9.731316e-01 -4.518513e+00
         vertex 2.050938e+00 -1.030897e+00 -4.510497e+00
         vertex 1.997787e+00 -1.097997e+00 -4.505259e+00
      endloop
   endfacet
   facet normal 2.996186e-02 -1.013620e-01 -9.943983e-01
      outer loop
         vertex 1.997787e+00 -1.097997e+00 -4.505259e+00
         vertex 2.050938e+00 -1.030897e+00 -4.510497e+00
         vertex 2.045082e+00 -1.072884e+00 -4.506394e+00
      endloop
   endfacet
   facet normal 1.554792e-02 -7.433904e-02 -9.971118e-01
      outer loop
         vertex 1.997787e+00 -1.097997e+00 -4.505259e+00
         vertex 2.045082e+00 -1.072884e+00 -4.506394e+00
         vertex 1.998858e+00 -1.176141e+00 -4.499416e+00
      endloop
   endfacet
   facet normal 7.747979e-03 -7.087054e-02 -9.974554e-01
      outer loop
         vertex 1.998858e+00 -1.176141e+00 -4.499416e+00
         vertex 2.045082e+00 -1.072884e+00 -4.506394e+00
         vertex 2.024214e+00 -1.215891e+00 -4.496395e+00
      endloop
   endfacet
   facet normal 2.706327e-02 -5.858427e-02 -9.979156e-01
      outer loop
         vertex 1.998858e+00 -1.176141e+00 -4.499416e+00
         vertex 2.024214e+00 -1.215891e+00 -4.496395e+00
         vertex 1.999380e+00 -1.287170e+00 -4.492884e+00
      endloop
   endfacet
   facet normal 3.288677e-02 -6.059863e-02 -9.976203e-01
      outer loop
         vertex 1.999380e+00 -1.287170e+00 -4.492884e+00
         vertex 2.024214e+00 -1.215891e+00 -4.496395e+00
         vertex 2.014162e+00 -1.280873e+00 -4.492779e+00
      endloop
   endfacet
   facet normal 3.959197e-02 -7.636034e-02 -9.962939e-01
      outer loop
         vertex 1.999380e+00 -1.287170e+00 -4.492884e+00
         vertex 2.014162e+00 -1.280873e+00 -4.492779e+00
         vertex 1.999502e+00 -1.308548e+00 -4.491241e+00
      endloop
   endfacet
   facet normal 3.518976e-02 -7.404725e-02 -9.966337e-01
      outer loop
         vertex 1.999502e+00 -1.308548e+00 -4.491241e+00
         vertex 2.014162e+00 -1.280873e+00 -4.492779e+00
         vertex 2.011476e+00 -1.302218e+00 -4.491288e+00
      endloop
   endfacet
   facet normal 3.928290e-02 -8.178461e-02 -9.958756e-01
      outer loop
         vertex 1.999502e+00 -1.308548e+00 -4.491241e+00
         vertex 2.011476e+00 -1.302218e+00 -4.491288e+00
         vertex 2.010868e+00 -1.308498e+00 -4.490796e+00
      endloop
   endfacet
   facet normal 2.277927e-02 -3.757814e-02 -9.990340e-01
      outer loop
         vertex 2.001477e+00 2.077735e+00 -4.485133e+00
         vertex 2.000013e+00 2.099800e+00 -4.485996e+00
         vertex 2.010070e+00 2.100474e+00 -4.485792e+00
      endloop
   endfacet
   facet normal 6.278667e-02 -5.262728e-02 -9.966385e-01
      outer loop
         vertex 2.010070e+00 2.100474e+00 -4.485792e+00
         vertex 2.011237e+00 2.085235e+00 -4.484914e+00
         vertex 2.001477e+00 2.077735e+00 -4.485133e+00
      endloop
   endfacet
   facet normal 6.657926e-03 2.051104e-02 -9.997675e-01
      outer loop
         vertex 2.001477e+00 2.077735e+00 -4.485133e+00
         vertex 2.011237e+00 2.085235e+00 -4.484914e+00
         vertex 2.012071e+00 2.067805e+00 -4.485266e+00
      endloop
   endfacet
   facet normal 5.358573e-02 7.052401e-02 -9.960697e-01
      outer loop
         vertex 2.001477e+00 2.077735e+00 -4.485133e+00
         vertex 2.012071e+00 2.067805e+00 -4.485266e+00
         vertex 2.004709e+00 2.028997e+00 -4.488410e+00
      endloop
   endfacet
   facet normal 4.552601e-02 7.207640e-02 -9.963596e-01
      outer loop
         vertex 2.004709e+00 2.028997e+00 -4.488410e+00
         vertex 2.012071e+00 2.067805e+00 -4.485266e+00
         vertex 2.013843e+00 2.038600e+00 -4.487298e+00
      endloop
   endfacet
   facet normal 3.661939e-02 8.051535e-02 -9.960805e-01
      outer loop
         vertex 2.004709e+00 2.028997e+00 -4.488410e+00
         vertex 2.013843e+00 2.038600e+00 -4.487298e+00
         vertex 2.006068e+00 2.008597e+00 -4.490009e+00
      endloop
   endfacet
   facet normal 2.825684e-02 8.269087e-02 -9.961746e-01
      outer loop
         vertex 2.006068e+00 2.008597e+00 -4.490009e+00
         vertex 2.013843e+00 2.038600e+00 -4.487298e+00
         vertex 2.016325e+00 2.016356e+00 -4.489074e+00
      endloop
   endfacet
   facet normal 4.423813e-02 6.167949e-02 -9.971152e-01
      outer loop
         vertex 2.006068e+00 2.008597e+00 -4.490009e+00
         vertex 2.016325e+00 2.016356e+00 -4.489074e+00
         vertex 2.008579e+00 1.970805e+00 -4.492235e+00
      endloop
   endfacet
   facet normal 2.280664e-02 6.535742e-02 -9.976013e-01
      outer loop
         vertex 2.008579e+00 1.970805e+00 -4.492235e+00
         vertex 2.016325e+00 2.016356e+00 -4.489074e+00
         vertex 2.022669e+00 1.982022e+00 -4.491178e+00
      endloop
   endfacet
   facet normal 3.251377e-02 5.320734e-02 -9.980540e-01
      outer loop
         vertex 2.008579e+00 1.970805e+00 -4.492235e+00
         vertex 2.022669e+00 1.982022e+00 -4.491178e+00
         vertex 2.028773e+00 1.955346e+00 -4.492402e+00
      endloop
   endfacet
   facet normal 9.188078e-03 -3.196599e-02 -9.994467e-01
      outer loop
         vertex 1.994547e+00 2.278533e-01 -4.728110e+00
         vertex 2.000757e+00 2.806688e-01 -4.729742e+00
         vertex 2.193521e+00 2.055218e-01 -4.725567e+00
      endloop
   endfacet
   facet normal 1.208629e-02 -2.454159e-02 -9.996257e-01
      outer loop
         vertex 2.193521e+00 2.055218e-01 -4.725567e+00
         vertex 2.000757e+00 2.806688e-01 -4.729742e+00
         vertex 2.001826e+00 2.890478e-01 -4.729935e+00
      endloop
   endfacet
   facet normal 1.224710e-02 -2.417290e-02 -9.996328e-01
      outer loop
         vertex 2.193521e+00 2.055218e-01 -4.725567e+00
         vertex 2.001826e+00 2.890478e-01 -4.729935e+00
         vertex 2.210234e+00 3.244651e-01 -4.728238e+00
      endloop
   endfacet
   facet normal 1.073200e-02 -1.524833e-02 -9.998261e-01
      outer loop
         vertex 2.210234e+00 3.244651e-01 -4.728238e+00
         vertex 2.001826e+00 2.890478e-01 -4.729935e+00
         vertex 2.010462e+00 3.514286e-01 -4.730794e+00
      endloop
   endfacet
   facet normal 1.220727e-02 -4.326669e-03 -9.999161e-01
      outer loop
         vertex 2.210234e+00 3.244651e-01 -4.728238e+00
         vertex 2.010462e+00 3.514286e-01 -4.730794e+00
         vertex 2.210986e+00 3.297091e-01 -4.728252e+00
      endloop
   endfacet
   facet normal 1.368662e-02 9.337643e-03 -9.998627e-01
      outer loop
         vertex 2.210986e+00 3.297091e-01 -4.728252e+00
         vertex 2.010462e+00 3.514286e-01 -4.730794e+00
         vertex 2.019339e+00 4.144561e-01 -4.730084e+00
      endloop
   endfacet
   facet normal 1.419701e-02 1.049225e-02 -9.998442e-01
      outer loop
         vertex 2.210986e+00 3.297091e-01 -4.728252e+00
         vertex 2.019339e+00 4.144561e-01 -4.730084e+00
         vertex 2.218799e+00 3.877856e-01 -4.727531e+00
      endloop
   endfacet
   facet normal 1.641876e-02 2.714112e-02 -9.994968e-01
      outer loop
         vertex 2.218799e+00 3.877856e-01 -4.727531e+00
         vertex 2.019339e+00 4.144561e-01 -4.730084e+00
         vertex 2.019934e+00 4.188980e-01 -4.729953e+00
      endloop
   endfacet
   facet normal 1.893934e-02 4.330000e-02 -9.988826e-01
      outer loop
         vertex 2.218799e+00 3.877856e-01 -4.727531e+00
         vertex 2.019934e+00 4.188980e-01 -4.729953e+00
         vertex 2.226699e+00 4.592467e-01 -4.724284e+00
      endloop
   endfacet
   facet normal 1.881396e-02 4.393891e-02 -9.988571e-01
      outer loop
         vertex 2.226699e+00 4.592467e-01 -4.724284e+00
         vertex 2.019934e+00 4.188980e-01 -4.729953e+00
         vertex 2.027367e+00 4.772928e-01 -4.727244e+00
      endloop
   endfacet
   facet normal 2.180272e-02 7.729426e-02 -9.967699e-01
      outer loop
         vertex 2.226699e+00 4.592467e-01 -4.724284e+00
         vertex 2.027367e+00 4.772928e-01 -4.727244e+00
         vertex 2.036198e+00 5.522553e-01 -4.721238e+00
      endloop
   endfacet
   facet normal 3.135459e-02 1.430679e-01 -9.892161e-01
      outer loop
         vertex 2.122011e+00 1.582661e+00 -4.526041e+00
         vertex 2.090343e+00 1.699884e+00 -4.510091e+00
         vertex 2.187935e+00 1.688284e+00 -4.508675e+00
      endloop
   endfacet
   facet normal 6.376131e-02 7.932864e-02 -9.948072e-01
      outer loop
         vertex 2.027778e+00 2.039558e+00 -4.486328e+00
         vertex 2.028731e+00 2.032029e+00 -4.486868e+00
         vertex 2.013843e+00 2.038600e+00 -4.487298e+00
      endloop
   endfacet
   facet normal 4.016552e-02 1.235213e-01 -9.915287e-01
      outer loop
         vertex 2.515330e+00 6.155163e-01 -4.697649e+00
         vertex 2.515826e+00 5.392689e-01 -4.707127e+00
         vertex 2.236638e+00 5.806258e-01 -4.713285e+00
      endloop
   endfacet
   facet normal 3.680697e-02 1.004419e-01 -9.942619e-01
      outer loop
         vertex 2.236638e+00 5.806258e-01 -4.713285e+00
         vertex 2.515826e+00 5.392689e-01 -4.707127e+00
         vertex 2.231939e+00 5.168139e-01 -4.719905e+00
      endloop
   endfacet
   facet normal 3.724361e-02 9.520545e-02 -9.947607e-01
      outer loop
         vertex 2.231939e+00 5.168139e-01 -4.719905e+00
         vertex 2.515826e+00 5.392689e-01 -4.707127e+00
         vertex 2.514359e+00 4.836221e-01 -4.712508e+00
      endloop
   endfacet
   facet normal 3.464616e-02 7.266013e-02 -9.967548e-01
      outer loop
         vertex 2.231939e+00 5.168139e-01 -4.719905e+00
         vertex 2.514359e+00 4.836221e-01 -4.712508e+00
         vertex 2.226699e+00 4.592467e-01 -4.724284e+00
      endloop
   endfacet
   facet normal 3.486718e-02 7.013554e-02 -9.969279e-01
      outer loop
         vertex 2.226699e+00 4.592467e-01 -4.724284e+00
         vertex 2.514359e+00 4.836221e-01 -4.712508e+00
         vertex 2.511086e+00 4.239103e-01 -4.716823e+00
      endloop
   endfacet
   facet normal 3.140466e-02 4.191030e-02 -9.986277e-01
      outer loop
         vertex 2.226699e+00 4.592467e-01 -4.724284e+00
         vertex 2.511086e+00 4.239103e-01 -4.716823e+00
         vertex 2.218799e+00 3.877856e-01 -4.727531e+00
      endloop
   endfacet
   facet normal 3.071732e-02 1.956220e-01 -9.801982e-01
      outer loop
         vertex 2.452445e+00 1.062560e+00 -4.617884e+00
         vertex 2.228555e+00 1.055901e+00 -4.626229e+00
         vertex 2.438745e+00 1.112585e+00 -4.608330e+00
      endloop
   endfacet
   facet normal 2.827551e-02 2.041500e-01 -9.785312e-01
      outer loop
         vertex 2.438745e+00 1.112585e+00 -4.608330e+00
         vertex 2.228555e+00 1.055901e+00 -4.626229e+00
         vertex 2.214360e+00 1.168191e+00 -4.603213e+00
      endloop
   endfacet
   facet normal 3.081604e-02 1.929599e-01 -9.807226e-01
      outer loop
         vertex 2.452445e+00 1.062560e+00 -4.617884e+00
         vertex 2.454715e+00 1.053774e+00 -4.619542e+00
         vertex 2.228555e+00 1.055901e+00 -4.626229e+00
      endloop
   endfacet
   facet normal 3.080744e-02 1.905842e-01 -9.811873e-01
      outer loop
         vertex 2.228555e+00 1.055901e+00 -4.626229e+00
         vertex 2.454715e+00 1.053774e+00 -4.619542e+00
         vertex 2.469090e+00 9.938848e-01 -4.630723e+00
      endloop
   endfacet
   facet normal 3.271631e-02 1.978788e-01 -9.796804e-01
      outer loop
         vertex 2.228555e+00 1.055901e+00 -4.626229e+00
         vertex 2.469090e+00 9.938848e-01 -4.630723e+00
         vertex 2.238076e+00 9.435089e-01 -4.648613e+00
      endloop
   endfacet
   facet normal 3.492752e-02 1.883761e-01 -9.814757e-01
      outer loop
         vertex 2.238076e+00 9.435089e-01 -4.648613e+00
         vertex 2.469090e+00 9.938848e-01 -4.630723e+00
         vertex 2.481737e+00 9.329935e-01 -4.641960e+00
      endloop
   endfacet
   facet normal 3.513274e-02 1.938052e-01 -9.804108e-01
      outer loop
         vertex 2.238076e+00 9.435089e-01 -4.648613e+00
         vertex 2.481737e+00 9.329935e-01 -4.641960e+00
         vertex 2.240534e+00 8.991655e-01 -4.657290e+00
      endloop
   endfacet
   facet normal 3.621832e-02 1.866735e-01 -9.817542e-01
      outer loop
         vertex 2.240534e+00 8.991655e-01 -4.657290e+00
         vertex 2.481737e+00 9.329935e-01 -4.641960e+00
         vertex 2.482868e+00 9.270337e-01 -4.643051e+00
      endloop
   endfacet
   facet normal 3.563735e-02 1.912828e-01 -9.808878e-01
      outer loop
         vertex 2.240534e+00 8.991655e-01 -4.657290e+00
         vertex 2.482868e+00 9.270337e-01 -4.643051e+00
         vertex 2.241150e+00 8.854064e-01 -4.659951e+00
      endloop
   endfacet
   facet normal 3.696604e-02 1.841048e-01 -9.822113e-01
      outer loop
         vertex 2.482868e+00 9.270337e-01 -4.643051e+00
         vertex 2.492546e+00 8.711158e-01 -4.653168e+00
         vertex 2.241150e+00 8.854064e-01 -4.659951e+00
      endloop
   endfacet
   facet normal 3.673018e-02 1.795514e-01 -9.830627e-01
      outer loop
         vertex 2.241150e+00 8.854064e-01 -4.659951e+00
         vertex 2.492546e+00 8.711158e-01 -4.653168e+00
         vertex 2.501403e+00 8.082884e-01 -4.664313e+00
      endloop
   endfacet
   facet normal 3.960731e-02 1.891527e-01 -9.811486e-01
      outer loop
         vertex 2.241150e+00 8.854064e-01 -4.659951e+00
         vertex 2.501403e+00 8.082884e-01 -4.664313e+00
         vertex 2.242970e+00 8.266155e-01 -4.671212e+00
      endloop
   endfacet
   facet normal 3.900318e-02 1.799753e-01 -9.828976e-01
      outer loop
         vertex 2.242970e+00 8.266155e-01 -4.671212e+00
         vertex 2.501403e+00 8.082884e-01 -4.664313e+00
         vertex 2.503514e+00 7.905224e-01 -4.667482e+00
      endloop
   endfacet
   facet normal 4.052132e-02 1.911591e-01 -9.807223e-01
      outer loop
         vertex 2.242970e+00 8.266155e-01 -4.671212e+00
         vertex 2.503514e+00 7.905224e-01 -4.667482e+00
         vertex 2.243376e+00 7.669376e-01 -4.682827e+00
      endloop
   endfacet
   facet normal 4.135512e-02 1.829569e-01 -9.822507e-01
      outer loop
         vertex 2.243376e+00 7.669376e-01 -4.682827e+00
         vertex 2.503514e+00 7.905224e-01 -4.667482e+00
         vertex 2.508141e+00 7.447287e-01 -4.675817e+00
      endloop
   endfacet
   facet normal 4.205732e-02 1.918752e-01 -9.805178e-01
      outer loop
         vertex 2.243376e+00 7.669376e-01 -4.682827e+00
         vertex 2.508141e+00 7.447287e-01 -4.675817e+00
         vertex 2.243034e+00 7.371555e-01 -4.688670e+00
      endloop
   endfacet
   facet normal 4.248189e-02 1.806095e-01 -9.826370e-01
      outer loop
         vertex 2.243034e+00 7.371555e-01 -4.688670e+00
         vertex 2.508141e+00 7.447287e-01 -4.675817e+00
         vertex 2.512724e+00 6.805257e-01 -4.687419e+00
      endloop
   endfacet
   facet normal 4.333798e-02 1.847041e-01 -9.818382e-01
      outer loop
         vertex 2.243034e+00 7.371555e-01 -4.688670e+00
         vertex 2.512724e+00 6.805257e-01 -4.687419e+00
         vertex 2.242342e+00 7.061139e-01 -4.694540e+00
      endloop
   endfacet
   facet normal 4.194325e-02 1.691719e-01 -9.846937e-01
      outer loop
         vertex 2.242342e+00 7.061139e-01 -4.694540e+00
         vertex 2.512724e+00 6.805257e-01 -4.687419e+00
         vertex 2.513503e+00 6.654385e-01 -4.689978e+00
      endloop
   endfacet
   facet normal 4.093640e-02 1.623258e-01 -9.858877e-01
      outer loop
         vertex 2.242342e+00 7.061139e-01 -4.694540e+00
         vertex 2.513503e+00 6.654385e-01 -4.689978e+00
         vertex 2.240082e+00 6.439064e-01 -4.704876e+00
      endloop
   endfacet
   facet normal 4.172994e-02 1.532324e-01 -9.873087e-01
      outer loop
         vertex 2.240082e+00 6.439064e-01 -4.704876e+00
         vertex 2.513503e+00 6.654385e-01 -4.689978e+00
         vertex 2.515330e+00 6.155163e-01 -4.697649e+00
      endloop
   endfacet
   facet normal 3.983358e-02 1.341198e-01 -9.901642e-01
      outer loop
         vertex 2.240082e+00 6.439064e-01 -4.704876e+00
         vertex 2.515330e+00 6.155163e-01 -4.697649e+00
         vertex 2.237822e+00 6.000506e-01 -4.710908e+00
      endloop
   endfacet
   facet normal 4.077140e-02 1.189226e-01 -9.920661e-01
      outer loop
         vertex 2.237822e+00 6.000506e-01 -4.710908e+00
         vertex 2.515330e+00 6.155163e-01 -4.697649e+00
         vertex 2.236638e+00 5.806258e-01 -4.713285e+00
      endloop
   endfacet
   facet normal 1.736325e-02 1.820080e-01 -9.831437e-01
      outer loop
         vertex 2.301634e+00 1.472046e+00 -4.542823e+00
         vertex 2.175576e+00 1.376549e+00 -4.562729e+00
         vertex 2.149669e+00 1.483548e+00 -4.543378e+00
      endloop
   endfacet
   facet normal 3.668828e-02 1.086699e-01 -9.934006e-01
      outer loop
         vertex 2.070077e+00 1.778441e+00 -4.502246e+00
         vertex 2.138372e+00 1.783921e+00 -4.499124e+00
         vertex 2.090343e+00 1.699884e+00 -4.510091e+00
      endloop
   endfacet
   facet normal 4.097560e-02 1.062321e-01 -9.934967e-01
      outer loop
         vertex 2.090343e+00 1.699884e+00 -4.510091e+00
         vertex 2.138372e+00 1.783921e+00 -4.499124e+00
         vertex 2.148865e+00 1.763434e+00 -4.500882e+00
      endloop
   endfacet
   facet normal 2.838890e-02 1.176994e-01 -9.926434e-01
      outer loop
         vertex 2.090343e+00 1.699884e+00 -4.510091e+00
         vertex 2.148865e+00 1.763434e+00 -4.500882e+00
         vertex 2.187935e+00 1.688284e+00 -4.508675e+00
      endloop
   endfacet
   facet normal 6.705343e-02 8.684319e-02 -9.939628e-01
      outer loop
         vertex 2.013843e+00 2.038600e+00 -4.487298e+00
         vertex 2.028731e+00 2.032029e+00 -4.486868e+00
         vertex 2.016325e+00 2.016356e+00 -4.489074e+00
      endloop
   endfacet
   facet normal 7.439124e-02 8.103036e-02 -9.939316e-01
      outer loop
         vertex 2.016325e+00 2.016356e+00 -4.489074e+00
         vertex 2.028731e+00 2.032029e+00 -4.486868e+00
         vertex 2.034373e+00 2.008046e+00 -4.488401e+00
      endloop
   endfacet
   facet normal 7.124284e-02 7.413026e-02 -9.947005e-01
      outer loop
         vertex 2.016325e+00 2.016356e+00 -4.489074e+00
         vertex 2.034373e+00 2.008046e+00 -4.488401e+00
         vertex 2.022669e+00 1.982022e+00 -4.491178e+00
      endloop
   endfacet
   facet normal 6.834126e-02 7.544636e-02 -9.948052e-01
      outer loop
         vertex 2.022669e+00 1.982022e+00 -4.491178e+00
         vertex 2.034373e+00 2.008046e+00 -4.488401e+00
         vertex 2.043822e+00 1.983473e+00 -4.489615e+00
      endloop
   endfacet
   facet normal 6.936141e-02 6.153000e-02 -9.956922e-01
      outer loop
         vertex 2.022669e+00 1.982022e+00 -4.491178e+00
         vertex 2.043822e+00 1.983473e+00 -4.489615e+00
         vertex 2.028773e+00 1.955346e+00 -4.492402e+00
      endloop
   endfacet
   facet normal 5.913779e-02 6.703034e-02 -9.959968e-01
      outer loop
         vertex 2.028773e+00 1.955346e+00 -4.492402e+00
         vertex 2.043822e+00 1.983473e+00 -4.489615e+00
         vertex 2.050761e+00 1.968426e+00 -4.490216e+00
      endloop
   endfacet
   facet normal 6.380037e-02 5.922674e-02 -9.962036e-01
      outer loop
         vertex 2.028773e+00 1.955346e+00 -4.492402e+00
         vertex 2.050761e+00 1.968426e+00 -4.490216e+00
         vertex 2.054198e+00 1.842975e+00 -4.497454e+00
      endloop
   endfacet
   facet normal 5.638739e-02 5.905001e-02 -9.966612e-01
      outer loop
         vertex 2.050761e+00 1.968426e+00 -4.490216e+00
         vertex 2.082731e+00 1.899354e+00 -4.492499e+00
         vertex 2.054198e+00 1.842975e+00 -4.497454e+00
      endloop
   endfacet
   facet normal 5.295906e-02 6.079233e-02 -9.967445e-01
      outer loop
         vertex 2.054198e+00 1.842975e+00 -4.497454e+00
         vertex 2.082731e+00 1.899354e+00 -4.492499e+00
         vertex 2.090695e+00 1.881812e+00 -4.493146e+00
      endloop
   endfacet
   facet normal 3.080750e-02 8.154751e-02 -9.961932e-01
      outer loop
         vertex 2.054198e+00 1.842975e+00 -4.497454e+00
         vertex 2.090695e+00 1.881812e+00 -4.493146e+00
         vertex 2.070077e+00 1.778441e+00 -4.502246e+00
      endloop
   endfacet
   facet normal 5.603872e-02 7.645369e-02 -9.954971e-01
      outer loop
         vertex 2.070077e+00 1.778441e+00 -4.502246e+00
         vertex 2.090695e+00 1.881812e+00 -4.493146e+00
         vertex 2.114027e+00 1.832459e+00 -4.495623e+00
      endloop
   endfacet
   facet normal 3.819069e-02 9.092965e-02 -9.951248e-01
      outer loop
         vertex 2.070077e+00 1.778441e+00 -4.502246e+00
         vertex 2.114027e+00 1.832459e+00 -4.495623e+00
         vertex 2.138372e+00 1.783921e+00 -4.499124e+00
      endloop
   endfacet
   facet normal 2.405975e-02 1.475463e-01 -9.887625e-01
      outer loop
         vertex 2.187935e+00 1.688284e+00 -4.508675e+00
         vertex 2.231203e+00 1.607430e+00 -4.519687e+00
         vertex 2.122011e+00 1.582661e+00 -4.526041e+00
      endloop
   endfacet
   facet normal 1.979883e-02 1.656198e-01 -9.859909e-01
      outer loop
         vertex 2.122011e+00 1.582661e+00 -4.526041e+00
         vertex 2.231203e+00 1.607430e+00 -4.519687e+00
         vertex 2.238274e+00 1.594348e+00 -4.521743e+00
      endloop
   endfacet
   facet normal 1.911672e-02 1.720083e-01 -9.849100e-01
      outer loop
         vertex 2.122011e+00 1.582661e+00 -4.526041e+00
         vertex 2.238274e+00 1.594348e+00 -4.521743e+00
         vertex 2.134390e+00 1.538893e+00 -4.533444e+00
      endloop
   endfacet
   facet normal 1.734107e-02 1.752220e-01 -9.843762e-01
      outer loop
         vertex 2.134390e+00 1.538893e+00 -4.533444e+00
         vertex 2.238274e+00 1.594348e+00 -4.521743e+00
         vertex 2.264095e+00 1.546315e+00 -4.529838e+00
      endloop
   endfacet
   facet normal 1.697044e-02 1.811778e-01 -9.833039e-01
      outer loop
         vertex 2.134390e+00 1.538893e+00 -4.533444e+00
         vertex 2.264095e+00 1.546315e+00 -4.529838e+00
         vertex 2.149669e+00 1.483548e+00 -4.543378e+00
      endloop
   endfacet
   facet normal 1.684137e-02 1.814045e-01 -9.832643e-01
      outer loop
         vertex 2.149669e+00 1.483548e+00 -4.543378e+00
         vertex 2.264095e+00 1.546315e+00 -4.529838e+00
         vertex 2.289730e+00 1.496537e+00 -4.538583e+00
      endloop
   endfacet
   facet normal 1.711247e-02 1.786647e-01 -9.837612e-01
      outer loop
         vertex 2.149669e+00 1.483548e+00 -4.543378e+00
         vertex 2.289730e+00 1.496537e+00 -4.538583e+00
         vertex 2.301634e+00 1.472046e+00 -4.542823e+00
      endloop
   endfacet
   facet normal 2.009558e-02 1.785236e-01 -9.837304e-01
      outer loop
         vertex 2.301634e+00 1.472046e+00 -4.542823e+00
         vertex 2.338069e+00 1.391420e+00 -4.556711e+00
         vertex 2.175576e+00 1.376549e+00 -4.562729e+00
      endloop
   endfacet
   facet normal 1.968541e-02 1.826984e-01 -9.829719e-01
      outer loop
         vertex 2.175576e+00 1.376549e+00 -4.562729e+00
         vertex 2.338069e+00 1.391420e+00 -4.556711e+00
         vertex 2.360733e+00 1.337390e+00 -4.566299e+00
      endloop
   endfacet
   facet normal 2.136132e-02 1.904845e-01 -9.814578e-01
      outer loop
         vertex 2.175576e+00 1.376549e+00 -4.562729e+00
         vertex 2.360733e+00 1.337390e+00 -4.566299e+00
         vertex 2.196333e+00 1.275706e+00 -4.581849e+00
      endloop
   endfacet
   facet normal 2.279064e-02 1.868433e-01 -9.821253e-01
      outer loop
         vertex 2.196333e+00 1.275706e+00 -4.581849e+00
         vertex 2.360733e+00 1.337390e+00 -4.566299e+00
         vertex 2.382163e+00 1.282786e+00 -4.576190e+00
      endloop
   endfacet
   facet normal 2.238735e-02 1.960071e-01 -9.803469e-01
      outer loop
         vertex 2.196333e+00 1.275706e+00 -4.581849e+00
         vertex 2.382163e+00 1.282786e+00 -4.576190e+00
         vertex 2.206606e+00 1.217667e+00 -4.593219e+00
      endloop
   endfacet
   facet normal 2.450957e-02 1.905535e-01 -9.813708e-01
      outer loop
         vertex 2.206606e+00 1.217667e+00 -4.593219e+00
         vertex 2.382163e+00 1.282786e+00 -4.576190e+00
         vertex 2.411871e+00 1.199227e+00 -4.591673e+00
      endloop
   endfacet
   facet normal 2.550027e-02 2.017720e-01 -9.791005e-01
      outer loop
         vertex 2.206606e+00 1.217667e+00 -4.593219e+00
         vertex 2.411871e+00 1.199227e+00 -4.591673e+00
         vertex 2.214360e+00 1.168191e+00 -4.603213e+00
      endloop
   endfacet
   facet normal 2.653582e-02 1.956345e-01 -9.803178e-01
      outer loop
         vertex 2.214360e+00 1.168191e+00 -4.603213e+00
         vertex 2.411871e+00 1.199227e+00 -4.591673e+00
         vertex 2.421283e+00 1.170314e+00 -4.597188e+00
      endloop
   endfacet
   facet normal 2.651118e-02 1.971667e-01 -9.800115e-01
      outer loop
         vertex 2.214360e+00 1.168191e+00 -4.603213e+00
         vertex 2.421283e+00 1.170314e+00 -4.597188e+00
         vertex 2.438745e+00 1.112585e+00 -4.608330e+00
      endloop
   endfacet
   facet normal 4.122571e-02 4.469178e-02 -9.981498e-01
      outer loop
         vertex 2.024517e+00 -1.399764e+00 -4.485195e+00
         vertex 2.010078e+00 -1.399830e+00 -4.485794e+00
         vertex 2.024857e+00 -1.386131e+00 -4.484571e+00
      endloop
   endfacet
   facet normal 6.482432e-02 1.919569e-02 -9.977120e-01
      outer loop
         vertex 2.024857e+00 -1.386131e+00 -4.484571e+00
         vertex 2.010078e+00 -1.399830e+00 -4.485794e+00
         vertex 2.009935e+00 -1.375047e+00 -4.485327e+00
      endloop
   endfacet
   facet normal 6.938088e-02 -8.025080e-02 -9.943571e-01
      outer loop
         vertex 2.009422e+00 -1.337875e+00 -4.488141e+00
         vertex 2.023396e+00 -1.337818e+00 -4.487170e+00
         vertex 2.009781e+00 -1.368871e+00 -4.485614e+00
      endloop
   endfacet
   facet normal 4.541520e-02 -6.985206e-02 -9.965230e-01
      outer loop
         vertex 2.009781e+00 -1.368871e+00 -4.485614e+00
         vertex 2.023396e+00 -1.337818e+00 -4.487170e+00
         vertex 2.024032e+00 -1.368807e+00 -4.484969e+00
      endloop
   endfacet
   facet normal 4.536852e-02 -4.529416e-02 -9.979430e-01
      outer loop
         vertex 2.009781e+00 -1.368871e+00 -4.485614e+00
         vertex 2.024032e+00 -1.368807e+00 -4.484969e+00
         vertex 2.009935e+00 -1.375047e+00 -4.485327e+00
      endloop
   endfacet
   facet normal 3.479295e-02 -2.133403e-02 -9.991668e-01
      outer loop
         vertex 2.009935e+00 -1.375047e+00 -4.485327e+00
         vertex 2.024032e+00 -1.368807e+00 -4.484969e+00
         vertex 2.024857e+00 -1.386131e+00 -4.484571e+00
      endloop
   endfacet
   facet normal 7.949899e-02 -9.472255e-02 -9.923243e-01
      outer loop
         vertex 2.108505e+00 -1.084826e+00 -4.502153e+00
         vertex 2.074957e+00 -1.175420e+00 -4.496193e+00
         vertex 2.024214e+00 -1.215891e+00 -4.496395e+00
      endloop
   endfacet
   facet normal 5.771062e-02 -6.738509e-02 -9.960566e-01
      outer loop
         vertex 2.024214e+00 -1.215891e+00 -4.496395e+00
         vertex 2.074957e+00 -1.175420e+00 -4.496193e+00
         vertex 2.046149e+00 -1.252769e+00 -4.492629e+00
      endloop
   endfacet
   facet normal 6.175295e-02 -6.497241e-02 -9.959745e-01
      outer loop
         vertex 2.024214e+00 -1.215891e+00 -4.496395e+00
         vertex 2.046149e+00 -1.252769e+00 -4.492629e+00
         vertex 2.014162e+00 -1.280873e+00 -4.492779e+00
      endloop
   endfacet
   facet normal 7.350197e-02 -7.835439e-02 -9.942123e-01
      outer loop
         vertex 2.014162e+00 -1.280873e+00 -4.492779e+00
         vertex 2.046149e+00 -1.252769e+00 -4.492629e+00
         vertex 2.035386e+00 -1.280798e+00 -4.491216e+00
      endloop
   endfacet
   facet normal 7.350119e-02 -7.869670e-02 -9.941853e-01
      outer loop
         vertex 2.014162e+00 -1.280873e+00 -4.492779e+00
         vertex 2.035386e+00 -1.280798e+00 -4.491216e+00
         vertex 2.011476e+00 -1.302218e+00 -4.491288e+00
      endloop
   endfacet
   facet normal 7.927035e-02 -8.513989e-02 -9.932107e-01
      outer loop
         vertex 2.011476e+00 -1.302218e+00 -4.491288e+00
         vertex 2.035386e+00 -1.280798e+00 -4.491216e+00
         vertex 2.028380e+00 -1.303324e+00 -4.489844e+00
      endloop
   endfacet
   facet normal 7.924824e-02 -8.544572e-02 -9.931862e-01
      outer loop
         vertex 2.011476e+00 -1.302218e+00 -4.491288e+00
         vertex 2.028380e+00 -1.303324e+00 -4.489844e+00
         vertex 2.010868e+00 -1.308498e+00 -4.490796e+00
      endloop
   endfacet
   facet normal 7.979626e-02 -8.733923e-02 -9.929776e-01
      outer loop
         vertex 2.010868e+00 -1.308498e+00 -4.490796e+00
         vertex 2.028380e+00 -1.303324e+00 -4.489844e+00
         vertex 2.027150e+00 -1.308440e+00 -4.489493e+00
      endloop
   endfacet
   facet normal 7.977283e-02 -9.363839e-02 -9.924052e-01
      outer loop
         vertex 2.010868e+00 -1.308498e+00 -4.490796e+00
         vertex 2.027150e+00 -1.308440e+00 -4.489493e+00
         vertex 2.009422e+00 -1.337875e+00 -4.488141e+00
      endloop
   endfacet
   facet normal 6.877143e-02 -8.707764e-02 -9.938249e-01
      outer loop
         vertex 2.009422e+00 -1.337875e+00 -4.488141e+00
         vertex 2.027150e+00 -1.308440e+00 -4.489493e+00
         vertex 2.023927e+00 -1.328854e+00 -4.487928e+00
      endloop
   endfacet
   facet normal 6.936690e-02 -8.803803e-02 -9.936989e-01
      outer loop
         vertex 2.009422e+00 -1.337875e+00 -4.488141e+00
         vertex 2.023927e+00 -1.328854e+00 -4.487928e+00
         vertex 2.023396e+00 -1.337818e+00 -4.487170e+00
      endloop
   endfacet
   facet normal 4.861447e-02 -1.412135e-01 -9.887848e-01
      outer loop
         vertex 2.071659e+00 -8.669043e-01 -4.531435e+00
         vertex 2.170598e+00 -9.132981e-01 -4.519945e+00
         vertex 2.058957e+00 -9.706956e-01 -4.517236e+00
      endloop
   endfacet
   facet normal 4.526116e-02 -1.347412e-01 -9.898466e-01
      outer loop
         vertex 2.058957e+00 -9.706956e-01 -4.517236e+00
         vertex 2.170598e+00 -9.132981e-01 -4.519945e+00
         vertex 2.151607e+00 -9.670805e-01 -4.513492e+00
      endloop
   endfacet
   facet normal 4.466138e-02 -1.170084e-01 -9.921262e-01
      outer loop
         vertex 2.058957e+00 -9.706956e-01 -4.517236e+00
         vertex 2.151607e+00 -9.670805e-01 -4.513492e+00
         vertex 2.050938e+00 -1.030897e+00 -4.510497e+00
      endloop
   endfacet
   facet normal 4.047449e-02 -1.104474e-01 -9.930575e-01
      outer loop
         vertex 2.050938e+00 -1.030897e+00 -4.510497e+00
         vertex 2.151607e+00 -9.670805e-01 -4.513492e+00
         vertex 2.108505e+00 -1.084826e+00 -4.502153e+00
      endloop
   endfacet
   facet normal 4.691696e-02 -1.036398e-01 -9.935077e-01
      outer loop
         vertex 2.050938e+00 -1.030897e+00 -4.510497e+00
         vertex 2.108505e+00 -1.084826e+00 -4.502153e+00
         vertex 2.045082e+00 -1.072884e+00 -4.506394e+00
      endloop
   endfacet
   facet normal 5.203724e-02 -7.720750e-02 -9.956561e-01
      outer loop
         vertex 2.045082e+00 -1.072884e+00 -4.506394e+00
         vertex 2.108505e+00 -1.084826e+00 -4.502153e+00
         vertex 2.024214e+00 -1.215891e+00 -4.496395e+00
      endloop
   endfacet
   facet normal 3.208099e-02 -2.669937e-01 -9.631642e-01
      outer loop
         vertex 2.127912e+00 -3.485945e-01 -4.649462e+00
         vertex 2.338964e+00 -4.031371e-01 -4.627313e+00
         vertex 2.115983e+00 -4.627707e-01 -4.618209e+00
      endloop
   endfacet
   facet normal 3.789246e-02 -2.877749e-01 -9.569481e-01
      outer loop
         vertex 2.115983e+00 -4.627707e-01 -4.618209e+00
         vertex 2.338964e+00 -4.031371e-01 -4.627313e+00
         vertex 2.323106e+00 -4.553325e-01 -4.612244e+00
      endloop
   endfacet
   facet normal 3.734261e-02 -2.678142e-01 -9.627466e-01
      outer loop
         vertex 2.115983e+00 -4.627707e-01 -4.618209e+00
         vertex 2.323106e+00 -4.553325e-01 -4.612244e+00
         vertex 2.111220e+00 -5.073833e-01 -4.605983e+00
      endloop
   endfacet
   facet normal 3.551260e-02 -2.606105e-01 -9.647907e-01
      outer loop
         vertex 2.111220e+00 -5.073833e-01 -4.605983e+00
         vertex 2.323106e+00 -4.553325e-01 -4.612244e+00
         vertex 2.289822e+00 -5.599385e-01 -4.585213e+00
      endloop
   endfacet
   facet normal 4.003778e-02 -2.466139e-01 -9.682864e-01
      outer loop
         vertex 2.111220e+00 -5.073833e-01 -4.605983e+00
         vertex 2.289822e+00 -5.599385e-01 -4.585213e+00
         vertex 2.104856e+00 -5.650091e-01 -4.591570e+00
      endloop
   endfacet
   facet normal 1.770124e-02 -9.783283e-02 -9.950454e-01
      outer loop
         vertex 2.178445e+00 9.018885e-02 -4.718695e+00
         vertex 2.452183e+00 3.610842e-02 -4.708508e+00
         vertex 2.165087e+00 -1.796810e-02 -4.708299e+00
      endloop
   endfacet
   facet normal 2.052935e-02 -1.128411e-01 -9.934009e-01
      outer loop
         vertex 2.165087e+00 -1.796810e-02 -4.708299e+00
         vertex 2.452183e+00 3.610842e-02 -4.708508e+00
         vertex 2.435965e+00 -3.792681e-02 -4.700434e+00
      endloop
   endfacet
   facet normal 2.037258e-02 -1.148781e-01 -9.931707e-01
      outer loop
         vertex 2.165087e+00 -1.796810e-02 -4.708299e+00
         vertex 2.435965e+00 -3.792681e-02 -4.700434e+00
         vertex 2.164382e+00 -2.392670e-02 -4.707624e+00
      endloop
   endfacet
   facet normal 1.911615e-02 -1.377667e-01 -9.902802e-01
      outer loop
         vertex 2.164382e+00 -2.392670e-02 -4.707624e+00
         vertex 2.435965e+00 -3.792681e-02 -4.700434e+00
         vertex 2.419040e+00 -1.104330e-01 -4.690674e+00
      endloop
   endfacet
   facet normal 1.968030e-02 -1.361477e-01 -9.904931e-01
      outer loop
         vertex 2.164382e+00 -2.392670e-02 -4.707624e+00
         vertex 2.419040e+00 -1.104330e-01 -4.690674e+00
         vertex 2.151261e+00 -1.375919e-01 -4.692261e+00
      endloop
   endfacet
   facet normal 2.222361e-02 -1.614498e-01 -9.866307e-01
      outer loop
         vertex 2.151261e+00 -1.375919e-01 -4.692261e+00
         vertex 2.419040e+00 -1.104330e-01 -4.690674e+00
         vertex 2.410701e+00 -1.444030e-01 -4.685303e+00
      endloop
   endfacet
   facet normal 2.197078e-02 -1.696752e-01 -9.852551e-01
      outer loop
         vertex 2.151261e+00 -1.375919e-01 -4.692261e+00
         vertex 2.410701e+00 -1.444030e-01 -4.685303e+00
         vertex 2.145684e+00 -1.867447e-01 -4.683921e+00
      endloop
   endfacet
   facet normal 2.578791e-02 -1.934205e-01 -9.807770e-01
      outer loop
         vertex 2.145684e+00 -1.867447e-01 -4.683921e+00
         vertex 2.410701e+00 -1.444030e-01 -4.685303e+00
         vertex 2.383018e+00 -2.502004e-01 -4.665166e+00
      endloop
   endfacet
   facet normal 2.603899e-02 -1.925312e-01 -9.809453e-01
      outer loop
         vertex 2.145684e+00 -1.867447e-01 -4.683921e+00
         vertex 2.383018e+00 -2.502004e-01 -4.665166e+00
         vertex 2.138702e+00 -2.492778e-01 -4.671833e+00
      endloop
   endfacet
   facet normal 2.579375e-02 -2.183474e-01 -9.755302e-01
      outer loop
         vertex 2.138702e+00 -2.492778e-01 -4.671833e+00
         vertex 2.383018e+00 -2.502004e-01 -4.665166e+00
         vertex 2.379575e+00 -2.627238e-01 -4.662454e+00
      endloop
   endfacet
   facet normal 2.553794e-02 -2.223100e-01 -9.746415e-01
      outer loop
         vertex 2.138702e+00 -2.492778e-01 -4.671833e+00
         vertex 2.379575e+00 -2.627238e-01 -4.662454e+00
         vertex 2.127912e+00 -3.485945e-01 -4.649462e+00
      endloop
   endfacet
   facet normal 3.179289e-02 -2.399782e-01 -9.702575e-01
      outer loop
         vertex 2.127912e+00 -3.485945e-01 -4.649462e+00
         vertex 2.379575e+00 -2.627238e-01 -4.662454e+00
         vertex 2.353652e+00 -3.536067e-01 -4.640825e+00
      endloop
   endfacet
   facet normal 3.077324e-02 -2.715533e-01 -9.619313e-01
      outer loop
         vertex 2.127912e+00 -3.485945e-01 -4.649462e+00
         vertex 2.353652e+00 -3.536067e-01 -4.640825e+00
         vertex 2.338964e+00 -4.031371e-01 -4.627313e+00
      endloop
   endfacet
   facet normal 3.958303e-02 -2.227823e-01 -9.740643e-01
      outer loop
         vertex 2.104856e+00 -5.650091e-01 -4.591570e+00
         vertex 2.289822e+00 -5.599385e-01 -4.585213e+00
         vertex 2.090467e+00 -6.939725e-01 -4.562659e+00
      endloop
   endfacet
   facet normal 4.688086e-02 -2.331723e-01 -9.713047e-01
      outer loop
         vertex 2.090467e+00 -6.939725e-01 -4.562659e+00
         vertex 2.289822e+00 -5.599385e-01 -4.585213e+00
         vertex 2.257214e+00 -6.580455e-01 -4.563235e+00
      endloop
   endfacet
   facet normal 3.876481e-02 -1.956416e-01 -9.799090e-01
      outer loop
         vertex 2.090467e+00 -6.939725e-01 -4.562659e+00
         vertex 2.257214e+00 -6.580455e-01 -4.563235e+00
         vertex 2.082369e+00 -7.671874e-01 -4.548362e+00
      endloop
   endfacet
   facet normal 4.862708e-02 -2.109473e-01 -9.762872e-01
      outer loop
         vertex 2.082369e+00 -7.671874e-01 -4.548362e+00
         vertex 2.257214e+00 -6.580455e-01 -4.563235e+00
         vertex 2.232166e+00 -7.314800e-01 -4.548616e+00
      endloop
   endfacet
   facet normal 3.916562e-02 -1.713135e-01 -9.844378e-01
      outer loop
         vertex 2.082369e+00 -7.671874e-01 -4.548362e+00
         vertex 2.232166e+00 -7.314800e-01 -4.548616e+00
         vertex 2.071659e+00 -8.669043e-01 -4.531435e+00
      endloop
   endfacet
   facet normal 4.548110e-02 -1.785998e-01 -9.828701e-01
      outer loop
         vertex 2.071659e+00 -8.669043e-01 -4.531435e+00
         vertex 2.232166e+00 -7.314800e-01 -4.548616e+00
         vertex 2.188142e+00 -8.623603e-01 -4.526870e+00
      endloop
   endfacet
   facet normal 4.454204e-02 -1.496388e-01 -9.877369e-01
      outer loop
         vertex 2.071659e+00 -8.669043e-01 -4.531435e+00
         vertex 2.188142e+00 -8.623603e-01 -4.526870e+00
         vertex 2.170598e+00 -9.132981e-01 -4.519945e+00
      endloop
   endfacet
   facet normal 6.513224e-02 6.061648e-02 -9.960339e-01
      outer loop
         vertex 2.027778e+00 2.039558e+00 -4.486328e+00
         vertex 2.013843e+00 2.038600e+00 -4.487298e+00
         vertex 2.026206e+00 2.070544e+00 -4.484545e+00
      endloop
   endfacet
   facet normal 3.695619e-02 7.158361e-02 -9.967497e-01
      outer loop
         vertex 2.026206e+00 2.070544e+00 -4.484545e+00
         vertex 2.013843e+00 2.038600e+00 -4.487298e+00
         vertex 2.012071e+00 2.067805e+00 -4.485266e+00
      endloop
   endfacet
   facet normal 4.631013e-02 2.381596e-02 -9.986432e-01
      outer loop
         vertex 2.026206e+00 2.070544e+00 -4.484545e+00
         vertex 2.012071e+00 2.067805e+00 -4.485266e+00
         vertex 2.026055e+00 2.078980e+00 -4.484351e+00
      endloop
   endfacet
   facet normal 4.741139e-02 2.243630e-02 -9.986234e-01
      outer loop
         vertex 2.026055e+00 2.078980e+00 -4.484351e+00
         vertex 2.012071e+00 2.067805e+00 -4.485266e+00
         vertex 2.011237e+00 2.085235e+00 -4.484914e+00
      endloop
   endfacet
   facet normal 2.713540e-02 -2.566308e-02 -9.993023e-01
      outer loop
         vertex 2.026055e+00 2.078980e+00 -4.484351e+00
         vertex 2.011237e+00 2.085235e+00 -4.484914e+00
         vertex 2.024993e+00 2.097893e+00 -4.484866e+00
      endloop
   endfacet
   facet normal 5.268344e-02 -5.343251e-02 -9.971807e-01
      outer loop
         vertex 2.024993e+00 2.097893e+00 -4.484866e+00
         vertex 2.011237e+00 2.085235e+00 -4.484914e+00
         vertex 2.010070e+00 2.100474e+00 -4.485792e+00
      endloop
   endfacet
   facet normal 4.714700e-02 -8.476830e-02 -9.952846e-01
      outer loop
         vertex 2.024993e+00 2.097893e+00 -4.484866e+00
         vertex 2.010070e+00 2.100474e+00 -4.485792e+00
         vertex 2.024476e+00 2.101449e+00 -4.485193e+00
      endloop
   endfacet
   facet normal 3.158069e-02 4.050161e-02 -9.986803e-01
      outer loop
         vertex 2.511086e+00 4.239103e-01 -4.716823e+00
         vertex 2.504524e+00 3.494783e-01 -4.720049e+00
         vertex 2.218799e+00 3.877856e-01 -4.727531e+00
      endloop
   endfacet
   facet normal 2.781356e-02 1.223584e-02 -9.995382e-01
      outer loop
         vertex 2.218799e+00 3.877856e-01 -4.727531e+00
         vertex 2.504524e+00 3.494783e-01 -4.720049e+00
         vertex 2.499193e+00 3.057175e-01 -4.720734e+00
      endloop
   endfacet
   facet normal 2.680740e-02 8.792906e-03 -9.996019e-01
      outer loop
         vertex 2.218799e+00 3.877856e-01 -4.727531e+00
         vertex 2.499193e+00 3.057175e-01 -4.720734e+00
         vertex 2.210986e+00 3.297091e-01 -4.728252e+00
      endloop
   endfacet
   facet normal 2.582787e-02 -2.992871e-03 -9.996619e-01
      outer loop
         vertex 2.210986e+00 3.297091e-01 -4.728252e+00
         vertex 2.499193e+00 3.057175e-01 -4.720734e+00
         vertex 2.496420e+00 2.858330e-01 -4.720746e+00
      endloop
   endfacet
   facet normal 2.533335e-02 -6.209582e-03 -9.996598e-01
      outer loop
         vertex 2.210986e+00 3.297091e-01 -4.728252e+00
         vertex 2.496420e+00 2.858330e-01 -4.720746e+00
         vertex 2.210234e+00 3.244651e-01 -4.728238e+00
      endloop
   endfacet
   facet normal 2.299298e-02 -2.350810e-02 -9.994592e-01
      outer loop
         vertex 2.210234e+00 3.244651e-01 -4.728238e+00
         vertex 2.496420e+00 2.858330e-01 -4.720746e+00
         vertex 2.482081e+00 1.943990e-01 -4.718925e+00
      endloop
   endfacet
   facet normal 2.201915e-02 -2.554147e-02 -9.994312e-01
      outer loop
         vertex 2.210234e+00 3.244651e-01 -4.728238e+00
         vertex 2.482081e+00 1.943990e-01 -4.718925e+00
         vertex 2.193521e+00 2.055218e-01 -4.725567e+00
      endloop
   endfacet
   facet normal 2.133686e-02 -4.289604e-02 -9.988517e-01
      outer loop
         vertex 2.193521e+00 2.055218e-01 -4.725567e+00
         vertex 2.482081e+00 1.943990e-01 -4.718925e+00
         vertex 2.478578e+00 1.736594e-01 -4.718109e+00
      endloop
   endfacet
   facet normal 2.019649e-02 -5.299049e-02 -9.983908e-01
      outer loop
         vertex 2.193521e+00 2.055218e-01 -4.725567e+00
         vertex 2.478578e+00 1.736594e-01 -4.718109e+00
         vertex 2.185555e+00 1.450895e-01 -4.722520e+00
      endloop
   endfacet
   facet normal 2.060311e-02 -5.719805e-02 -9.981502e-01
      outer loop
         vertex 2.185555e+00 1.450895e-01 -4.722520e+00
         vertex 2.478578e+00 1.736594e-01 -4.718109e+00
         vertex 2.469080e+00 1.207904e-01 -4.715275e+00
      endloop
   endfacet
   facet normal 1.931267e-02 -7.197742e-02 -9.972193e-01
      outer loop
         vertex 2.185555e+00 1.450895e-01 -4.722520e+00
         vertex 2.469080e+00 1.207904e-01 -4.715275e+00
         vertex 2.178445e+00 9.018885e-02 -4.718695e+00
      endloop
   endfacet
   facet normal 1.988604e-02 -7.747013e-02 -9.967963e-01
      outer loop
         vertex 2.178445e+00 9.018885e-02 -4.718695e+00
         vertex 2.469080e+00 1.207904e-01 -4.715275e+00
         vertex 2.458672e+00 6.747179e-02 -4.711339e+00
      endloop
   endfacet
   facet normal 1.853615e-02 -9.367918e-02 -9.954299e-01
      outer loop
         vertex 2.178445e+00 9.018885e-02 -4.718695e+00
         vertex 2.458672e+00 6.747179e-02 -4.711339e+00
         vertex 2.452183e+00 3.610842e-02 -4.708508e+00
      endloop
   endfacet
   facet normal 7.787238e-02 8.666011e-02 -9.931898e-01
      outer loop
         vertex 2.114027e+00 1.832459e+00 -4.495623e+00
         vertex 2.090695e+00 1.881812e+00 -4.493146e+00
         vertex 2.148158e+00 1.867870e+00 -4.489857e+00
      endloop
   endfacet
   facet normal 5.674320e-02 1.524666e-01 -9.866783e-01
      outer loop
         vertex 2.786774e+00 6.523972e-01 -4.676339e+00
         vertex 2.794111e+00 5.861659e-01 -4.686152e+00
         vertex 2.515330e+00 6.155163e-01 -4.697649e+00
      endloop
   endfacet
   facet normal 5.417522e-02 1.265877e-01 -9.904749e-01
      outer loop
         vertex 2.515330e+00 6.155163e-01 -4.697649e+00
         vertex 2.794111e+00 5.861659e-01 -4.686152e+00
         vertex 2.797814e+00 5.369750e-01 -4.692236e+00
      endloop
   endfacet
   facet normal 5.333327e-02 1.235297e-01 -9.909066e-01
      outer loop
         vertex 2.515330e+00 6.155163e-01 -4.697649e+00
         vertex 2.797814e+00 5.369750e-01 -4.692236e+00
         vertex 2.515826e+00 5.392689e-01 -4.707127e+00
      endloop
   endfacet
   facet normal 4.611574e-02 3.461315e-02 -9.983363e-01
      outer loop
         vertex 2.793222e+00 3.029102e-01 -4.708328e+00
         vertex 2.504524e+00 3.494783e-01 -4.720049e+00
         vertex 2.798789e+00 3.798803e-01 -4.705403e+00
      endloop
   endfacet
   facet normal 4.563014e-02 3.924165e-02 -9.981873e-01
      outer loop
         vertex 2.798789e+00 3.798803e-01 -4.705403e+00
         vertex 2.504524e+00 3.494783e-01 -4.720049e+00
         vertex 2.511086e+00 4.239103e-01 -4.716823e+00
      endloop
   endfacet
   facet normal 4.864374e-02 5.922604e-02 -9.970587e-01
      outer loop
         vertex 2.798789e+00 3.798803e-01 -4.705403e+00
         vertex 2.511086e+00 4.239103e-01 -4.716823e+00
         vertex 2.800133e+00 4.203169e-01 -4.702935e+00
      endloop
   endfacet
   facet normal 4.873789e-02 6.933731e-02 -9.964020e-01
      outer loop
         vertex 2.800133e+00 4.203169e-01 -4.702935e+00
         vertex 2.511086e+00 4.239103e-01 -4.716823e+00
         vertex 2.514359e+00 4.836221e-01 -4.712508e+00
      endloop
   endfacet
   facet normal 4.975880e-02 7.400436e-02 -9.960158e-01
      outer loop
         vertex 2.800133e+00 4.203169e-01 -4.702935e+00
         vertex 2.514359e+00 4.836221e-01 -4.712508e+00
         vertex 2.800422e+00 4.496412e-01 -4.700742e+00
      endloop
   endfacet
   facet normal 5.214597e-02 9.475193e-02 -9.941342e-01
      outer loop
         vertex 2.800422e+00 4.496412e-01 -4.700742e+00
         vertex 2.514359e+00 4.836221e-01 -4.712508e+00
         vertex 2.515826e+00 5.392689e-01 -4.707127e+00
      endloop
   endfacet
   facet normal 5.207103e-02 9.451205e-02 -9.941610e-01
      outer loop
         vertex 2.800422e+00 4.496412e-01 -4.700742e+00
         vertex 2.515826e+00 5.392689e-01 -4.707127e+00
         vertex 2.798814e+00 5.181427e-01 -4.694314e+00
      endloop
   endfacet
   facet normal 5.331252e-02 1.123055e-01 -9.922425e-01
      outer loop
         vertex 2.798814e+00 5.181427e-01 -4.694314e+00
         vertex 2.515826e+00 5.392689e-01 -4.707127e+00
         vertex 2.797814e+00 5.369750e-01 -4.692236e+00
      endloop
   endfacet
   facet normal 5.656854e-02 1.536516e-01 -9.865045e-01
      outer loop
         vertex 2.515330e+00 6.155163e-01 -4.697649e+00
         vertex 2.513503e+00 6.654385e-01 -4.689978e+00
         vertex 2.786774e+00 6.523972e-01 -4.676339e+00
      endloop
   endfacet
   facet normal 5.720548e-02 1.698111e-01 -9.838149e-01
      outer loop
         vertex 2.786774e+00 6.523972e-01 -4.676339e+00
         vertex 2.513503e+00 6.654385e-01 -4.689978e+00
         vertex 2.512724e+00 6.805257e-01 -4.687419e+00
      endloop
   endfacet
   facet normal 5.767940e-02 1.747825e-01 -9.829162e-01
      outer loop
         vertex 2.786774e+00 6.523972e-01 -4.676339e+00
         vertex 2.512724e+00 6.805257e-01 -4.687419e+00
         vertex 2.776303e+00 7.215065e-01 -4.664665e+00
      endloop
   endfacet
   facet normal 5.654289e-02 1.814570e-01 -9.817720e-01
      outer loop
         vertex 2.776303e+00 7.215065e-01 -4.664665e+00
         vertex 2.512724e+00 6.805257e-01 -4.687419e+00
         vertex 2.508141e+00 7.447287e-01 -4.675817e+00
      endloop
   endfacet
   facet normal 5.615427e-02 1.765272e-01 -9.826926e-01
      outer loop
         vertex 2.776303e+00 7.215065e-01 -4.664665e+00
         vertex 2.508141e+00 7.447287e-01 -4.675817e+00
         vertex 2.766681e+00 7.723164e-01 -4.656087e+00
      endloop
   endfacet
   facet normal 5.523287e-02 1.841927e-01 -9.813370e-01
      outer loop
         vertex 2.508141e+00 7.447287e-01 -4.675817e+00
         vertex 2.503514e+00 7.905224e-01 -4.667482e+00
         vertex 2.766681e+00 7.723164e-01 -4.656087e+00
      endloop
   endfacet
   facet normal 5.508043e-02 1.816922e-01 -9.818116e-01
      outer loop
         vertex 2.766681e+00 7.723164e-01 -4.656087e+00
         vertex 2.503514e+00 7.905224e-01 -4.667482e+00
         vertex 2.501403e+00 8.082884e-01 -4.664313e+00
      endloop
   endfacet
   facet normal 5.405774e-02 1.738113e-01 -9.832942e-01
      outer loop
         vertex 2.766681e+00 7.723164e-01 -4.656087e+00
         vertex 2.501403e+00 8.082884e-01 -4.664313e+00
         vertex 2.747187e+00 8.559299e-01 -4.642379e+00
      endloop
   endfacet
   facet normal 5.243585e-02 1.815730e-01 -9.819785e-01
      outer loop
         vertex 2.747187e+00 8.559299e-01 -4.642379e+00
         vertex 2.501403e+00 8.082884e-01 -4.664313e+00
         vertex 2.492546e+00 8.711158e-01 -4.653168e+00
      endloop
   endfacet
   facet normal 5.226424e-02 1.782575e-01 -9.825949e-01
      outer loop
         vertex 2.747187e+00 8.559299e-01 -4.642379e+00
         vertex 2.492546e+00 8.711158e-01 -4.653168e+00
         vertex 2.734606e+00 9.014090e-01 -4.634798e+00
      endloop
   endfacet
   facet normal 5.113976e-02 1.863656e-01 -9.811486e-01
      outer loop
         vertex 2.734606e+00 9.014090e-01 -4.634798e+00
         vertex 2.492546e+00 8.711158e-01 -4.653168e+00
         vertex 2.482868e+00 9.270337e-01 -4.643051e+00
      endloop
   endfacet
   facet normal 5.063943e-02 1.811261e-01 -9.821553e-01
      outer loop
         vertex 2.734606e+00 9.014090e-01 -4.634798e+00
         vertex 2.482868e+00 9.270337e-01 -4.643051e+00
         vertex 2.728553e+00 9.216479e-01 -4.631377e+00
      endloop
   endfacet
   facet normal 5.074407e-02 1.892224e-01 -9.806222e-01
      outer loop
         vertex 2.728553e+00 9.216479e-01 -4.631377e+00
         vertex 2.482868e+00 9.270337e-01 -4.643051e+00
         vertex 2.481737e+00 9.329935e-01 -4.641960e+00
      endloop
   endfacet
   facet normal 5.055829e-02 1.842975e-01 -9.815693e-01
      outer loop
         vertex 2.728553e+00 9.216479e-01 -4.631377e+00
         vertex 2.481737e+00 9.329935e-01 -4.641960e+00
         vertex 2.707429e+00 9.860849e-01 -4.620367e+00
      endloop
   endfacet
   facet normal 4.885135e-02 1.910625e-01 -9.803615e-01
      outer loop
         vertex 2.707429e+00 9.860849e-01 -4.620367e+00
         vertex 2.481737e+00 9.329935e-01 -4.641960e+00
         vertex 2.469090e+00 9.938848e-01 -4.630723e+00
      endloop
   endfacet
   facet normal 4.875098e-02 1.869322e-01 -9.811624e-01
      outer loop
         vertex 2.707429e+00 9.860849e-01 -4.620367e+00
         vertex 2.469090e+00 9.938848e-01 -4.630723e+00
         vertex 2.693052e+00 1.025710e+00 -4.613532e+00
      endloop
   endfacet
   facet normal 4.759065e-02 1.943495e-01 -9.797772e-01
      outer loop
         vertex 2.693052e+00 1.025710e+00 -4.613532e+00
         vertex 2.469090e+00 9.938848e-01 -4.630723e+00
         vertex 2.454715e+00 1.053774e+00 -4.619542e+00
      endloop
   endfacet
   facet normal 4.729965e-02 1.917662e-01 -9.803002e-01
      outer loop
         vertex 2.693052e+00 1.025710e+00 -4.613532e+00
         vertex 2.454715e+00 1.053774e+00 -4.619542e+00
         vertex 2.658439e+00 1.111216e+00 -4.598475e+00
      endloop
   endfacet
   facet normal 3.583782e-02 1.873972e-01 -9.816302e-01
      outer loop
         vertex 2.289730e+00 1.496537e+00 -4.538583e+00
         vertex 2.434286e+00 1.505700e+00 -4.531556e+00
         vertex 2.301634e+00 1.472046e+00 -4.542823e+00
      endloop
   endfacet
   facet normal 3.658731e-02 1.846105e-01 -9.821305e-01
      outer loop
         vertex 2.301634e+00 1.472046e+00 -4.542823e+00
         vertex 2.434286e+00 1.505700e+00 -4.531556e+00
         vertex 2.468269e+00 1.456578e+00 -4.539523e+00
      endloop
   endfacet
   facet normal 3.668507e-02 1.857087e-01 -9.819198e-01
      outer loop
         vertex 2.301634e+00 1.472046e+00 -4.542823e+00
         vertex 2.468269e+00 1.456578e+00 -4.539523e+00
         vertex 2.338069e+00 1.391420e+00 -4.556711e+00
      endloop
   endfacet
   facet normal 3.801148e-02 1.831706e-01 -9.823460e-01
      outer loop
         vertex 2.338069e+00 1.391420e+00 -4.556711e+00
         vertex 2.468269e+00 1.456578e+00 -4.539523e+00
         vertex 2.505131e+00 1.399484e+00 -4.548743e+00
      endloop
   endfacet
   facet normal 3.762703e-02 1.898890e-01 -9.810843e-01
      outer loop
         vertex 2.338069e+00 1.391420e+00 -4.556711e+00
         vertex 2.505131e+00 1.399484e+00 -4.548743e+00
         vertex 2.360733e+00 1.337390e+00 -4.566299e+00
      endloop
   endfacet
   facet normal 3.899766e-02 1.868514e-01 -9.816138e-01
      outer loop
         vertex 2.360733e+00 1.337390e+00 -4.566299e+00
         vertex 2.505131e+00 1.399484e+00 -4.548743e+00
         vertex 2.537762e+00 1.346191e+00 -4.557591e+00
      endloop
   endfacet
   facet normal 3.864780e-02 1.927693e-01 -9.804827e-01
      outer loop
         vertex 2.360733e+00 1.337390e+00 -4.566299e+00
         vertex 2.537762e+00 1.346191e+00 -4.557591e+00
         vertex 2.382163e+00 1.282786e+00 -4.576190e+00
      endloop
   endfacet
   facet normal 1.057030e-01 8.435307e-02 -9.908135e-01
      outer loop
         vertex 2.027778e+00 2.039558e+00 -4.486328e+00
         vertex 2.042274e+00 2.037834e+00 -4.484929e+00
         vertex 2.028731e+00 2.032029e+00 -4.486868e+00
      endloop
   endfacet
   facet normal 1.093615e-01 7.591349e-02 -9.910990e-01
      outer loop
         vertex 2.028731e+00 2.032029e+00 -4.486868e+00
         vertex 2.042274e+00 2.037834e+00 -4.484929e+00
         vertex 2.045877e+00 2.022472e+00 -4.485708e+00
      endloop
   endfacet
   facet normal 1.175439e-01 9.086039e-02 -9.889023e-01
      outer loop
         vertex 2.028731e+00 2.032029e+00 -4.486868e+00
         vertex 2.045877e+00 2.022472e+00 -4.485708e+00
         vertex 2.034373e+00 2.008046e+00 -4.488401e+00
      endloop
   endfacet
   facet normal 1.173844e-01 9.098893e-02 -9.889095e-01
      outer loop
         vertex 2.034373e+00 2.008046e+00 -4.488401e+00
         vertex 2.045877e+00 2.022472e+00 -4.485708e+00
         vertex 2.052234e+00 2.006998e+00 -4.486377e+00
      endloop
   endfacet
   facet normal 1.175298e-01 9.405540e-02 -9.886052e-01
      outer loop
         vertex 2.034373e+00 2.008046e+00 -4.488401e+00
         vertex 2.052234e+00 2.006998e+00 -4.486377e+00
         vertex 2.043822e+00 1.983473e+00 -4.489615e+00
      endloop
   endfacet
   facet normal 1.079563e-01 9.758196e-02 -9.893549e-01
      outer loop
         vertex 2.043822e+00 1.983473e+00 -4.489615e+00
         vertex 2.052234e+00 2.006998e+00 -4.486377e+00
         vertex 2.065250e+00 1.984974e+00 -4.487129e+00
      endloop
   endfacet
   facet normal 7.768050e-02 8.584912e-02 -9.932752e-01
      outer loop
         vertex 2.148158e+00 1.867870e+00 -4.489857e+00
         vertex 2.090695e+00 1.881812e+00 -4.493146e+00
         vertex 2.135984e+00 1.885059e+00 -4.489324e+00
      endloop
   endfacet
   facet normal 7.872828e-02 7.239927e-02 -9.942636e-01
      outer loop
         vertex 2.135984e+00 1.885059e+00 -4.489324e+00
         vertex 2.090695e+00 1.881812e+00 -4.493146e+00
         vertex 2.082731e+00 1.899354e+00 -4.492499e+00
      endloop
   endfacet
   facet normal 8.039370e-02 7.874010e-02 -9.936483e-01
      outer loop
         vertex 2.135984e+00 1.885059e+00 -4.489324e+00
         vertex 2.082731e+00 1.899354e+00 -4.492499e+00
         vertex 2.065250e+00 1.984974e+00 -4.487129e+00
      endloop
   endfacet
   facet normal 1.135090e-01 8.526439e-02 -9.898716e-01
      outer loop
         vertex 2.065250e+00 1.984974e+00 -4.487129e+00
         vertex 2.082731e+00 1.899354e+00 -4.492499e+00
         vertex 2.050761e+00 1.968426e+00 -4.490216e+00
      endloop
   endfacet
   facet normal 1.085951e-01 8.959811e-02 -9.900400e-01
      outer loop
         vertex 2.065250e+00 1.984974e+00 -4.487129e+00
         vertex 2.050761e+00 1.968426e+00 -4.490216e+00
         vertex 2.043822e+00 1.983473e+00 -4.489615e+00
      endloop
   endfacet
   facet normal 6.145081e-02 1.024312e-01 -9.928402e-01
      outer loop
         vertex 2.114027e+00 1.832459e+00 -4.495623e+00
         vertex 2.148158e+00 1.867870e+00 -4.489857e+00
         vertex 2.138372e+00 1.783921e+00 -4.499124e+00
      endloop
   endfacet
   facet normal 6.309977e-02 1.022299e-01 -9.927575e-01
      outer loop
         vertex 2.138372e+00 1.783921e+00 -4.499124e+00
         vertex 2.148158e+00 1.867870e+00 -4.489857e+00
         vertex 2.207561e+00 1.789438e+00 -4.494158e+00
      endloop
   endfacet
   facet normal 6.183504e-02 1.167223e-01 -9.912378e-01
      outer loop
         vertex 2.138372e+00 1.783921e+00 -4.499124e+00
         vertex 2.207561e+00 1.789438e+00 -4.494158e+00
         vertex 2.148865e+00 1.763434e+00 -4.500882e+00
      endloop
   endfacet
   facet normal 5.802899e-02 1.251080e-01 -9.904447e-01
      outer loop
         vertex 2.148865e+00 1.763434e+00 -4.500882e+00
         vertex 2.207561e+00 1.789438e+00 -4.494158e+00
         vertex 2.235317e+00 1.754239e+00 -4.496978e+00
      endloop
   endfacet
   facet normal 5.883859e-02 1.331876e-01 -9.893428e-01
      outer loop
         vertex 2.148865e+00 1.763434e+00 -4.500882e+00
         vertex 2.235317e+00 1.754239e+00 -4.496978e+00
         vertex 2.187935e+00 1.688284e+00 -4.508675e+00
      endloop
   endfacet
   facet normal 5.067306e-02 1.389923e-01 -9.889962e-01
      outer loop
         vertex 2.187935e+00 1.688284e+00 -4.508675e+00
         vertex 2.235317e+00 1.754239e+00 -4.496978e+00
         vertex 2.281499e+00 1.696564e+00 -4.502717e+00
      endloop
   endfacet
   facet normal 4.859026e-02 1.602804e-01 -9.858748e-01
      outer loop
         vertex 2.187935e+00 1.688284e+00 -4.508675e+00
         vertex 2.281499e+00 1.696564e+00 -4.502717e+00
         vertex 2.231203e+00 1.607430e+00 -4.519687e+00
      endloop
   endfacet
   facet normal 4.025257e-02 1.649112e-01 -9.854867e-01
      outer loop
         vertex 2.231203e+00 1.607430e+00 -4.519687e+00
         vertex 2.281499e+00 1.696564e+00 -4.502717e+00
         vertex 2.353388e+00 1.609215e+00 -4.514398e+00
      endloop
   endfacet
   facet normal 4.000434e-02 1.761573e-01 -9.835488e-01
      outer loop
         vertex 2.231203e+00 1.607430e+00 -4.519687e+00
         vertex 2.353388e+00 1.609215e+00 -4.514398e+00
         vertex 2.238274e+00 1.594348e+00 -4.521743e+00
      endloop
   endfacet
   facet normal 3.887502e-02 1.841956e-01 -9.821205e-01
      outer loop
         vertex 2.238274e+00 1.594348e+00 -4.521743e+00
         vertex 2.353388e+00 1.609215e+00 -4.514398e+00
         vertex 2.356081e+00 1.605936e+00 -4.514907e+00
      endloop
   endfacet
   facet normal 3.865264e-02 1.862347e-01 -9.817447e-01
      outer loop
         vertex 2.238274e+00 1.594348e+00 -4.521743e+00
         vertex 2.356081e+00 1.605936e+00 -4.514907e+00
         vertex 2.264095e+00 1.546315e+00 -4.529838e+00
      endloop
   endfacet
   facet normal 3.622406e-02 1.898323e-01 -9.811481e-01
      outer loop
         vertex 2.264095e+00 1.546315e+00 -4.529838e+00
         vertex 2.356081e+00 1.605936e+00 -4.514907e+00
         vertex 2.393988e+00 1.558957e+00 -4.522596e+00
      endloop
   endfacet
   facet normal 3.610689e-02 1.909181e-01 -9.809417e-01
      outer loop
         vertex 2.264095e+00 1.546315e+00 -4.529838e+00
         vertex 2.393988e+00 1.558957e+00 -4.522596e+00
         vertex 2.289730e+00 1.496537e+00 -4.538583e+00
      endloop
   endfacet
   facet normal 3.539380e-02 1.920588e-01 -9.807450e-01
      outer loop
         vertex 2.289730e+00 1.496537e+00 -4.538583e+00
         vertex 2.393988e+00 1.558957e+00 -4.522596e+00
         vertex 2.431653e+00 1.509337e+00 -4.530954e+00
      endloop
   endfacet
   facet normal 3.577511e-02 1.882614e-01 -9.814672e-01
      outer loop
         vertex 2.289730e+00 1.496537e+00 -4.538583e+00
         vertex 2.431653e+00 1.509337e+00 -4.530954e+00
         vertex 2.434286e+00 1.505700e+00 -4.531556e+00
      endloop
   endfacet
   facet normal 4.584628e-02 1.965951e-01 -9.794123e-01
      outer loop
         vertex 2.454715e+00 1.053774e+00 -4.619542e+00
         vertex 2.452445e+00 1.062560e+00 -4.617884e+00
         vertex 2.658439e+00 1.111216e+00 -4.598475e+00
      endloop
   endfacet
   facet normal 4.515227e-02 1.993259e-01 -9.788925e-01
      outer loop
         vertex 2.658439e+00 1.111216e+00 -4.598475e+00
         vertex 2.452445e+00 1.062560e+00 -4.617884e+00
         vertex 2.438745e+00 1.112585e+00 -4.608330e+00
      endloop
   endfacet
   facet normal 4.516187e-02 1.959173e-01 -9.795799e-01
      outer loop
         vertex 2.658439e+00 1.111216e+00 -4.598475e+00
         vertex 2.438745e+00 1.112585e+00 -4.608330e+00
         vertex 2.641459e+00 1.149265e+00 -4.591648e+00
      endloop
   endfacet
   facet normal 4.393985e-02 2.021224e-01 -9.783741e-01
      outer loop
         vertex 2.641459e+00 1.149265e+00 -4.591648e+00
         vertex 2.438745e+00 1.112585e+00 -4.608330e+00
         vertex 2.421283e+00 1.170314e+00 -4.597188e+00
      endloop
   endfacet
   facet normal 4.322940e-02 1.942637e-01 -9.799963e-01
      outer loop
         vertex 2.641459e+00 1.149265e+00 -4.591648e+00
         vertex 2.421283e+00 1.170314e+00 -4.597188e+00
         vertex 2.601541e+00 1.231281e+00 -4.577151e+00
      endloop
   endfacet
   facet normal 4.112905e-02 2.001162e-01 -9.789085e-01
      outer loop
         vertex 2.601541e+00 1.231281e+00 -4.577151e+00
         vertex 2.421283e+00 1.170314e+00 -4.597188e+00
         vertex 2.411871e+00 1.199227e+00 -4.591673e+00
      endloop
   endfacet
   facet normal 4.279376e-02 1.910529e-01 -9.806465e-01
      outer loop
         vertex 2.601541e+00 1.231281e+00 -4.577151e+00
         vertex 2.411871e+00 1.199227e+00 -4.591673e+00
         vertex 2.578581e+00 1.274638e+00 -4.569706e+00
      endloop
   endfacet
   facet normal 4.047176e-02 1.959342e-01 -9.797815e-01
      outer loop
         vertex 2.578581e+00 1.274638e+00 -4.569706e+00
         vertex 2.411871e+00 1.199227e+00 -4.591673e+00
         vertex 2.382163e+00 1.282786e+00 -4.576190e+00
      endloop
   endfacet
   facet normal 4.023371e-02 1.891243e-01 -9.811286e-01
      outer loop
         vertex 2.578581e+00 1.274638e+00 -4.569706e+00
         vertex 2.382163e+00 1.282786e+00 -4.576190e+00
         vertex 2.570441e+00 1.289433e+00 -4.567188e+00
      endloop
   endfacet
   facet normal 4.023641e-02 1.890636e-01 -9.811401e-01
      outer loop
         vertex 2.570441e+00 1.289433e+00 -4.567188e+00
         vertex 2.382163e+00 1.282786e+00 -4.576190e+00
         vertex 2.537762e+00 1.346191e+00 -4.557591e+00
      endloop
   endfacet
   facet normal 6.476907e-02 4.647020e-02 -9.968177e-01
      outer loop
         vertex 2.039145e+00 -1.399704e+00 -4.484242e+00
         vertex 2.024517e+00 -1.399764e+00 -4.485195e+00
         vertex 2.039810e+00 -1.390344e+00 -4.483762e+00
      endloop
   endfacet
   facet normal 6.628712e-02 4.400773e-02 -9.968296e-01
      outer loop
         vertex 2.039810e+00 -1.390344e+00 -4.483762e+00
         vertex 2.024517e+00 -1.399764e+00 -4.485195e+00
         vertex 2.024857e+00 -1.386131e+00 -4.484571e+00
      endloop
   endfacet
   facet normal 5.870798e-02 1.685611e-02 -9.981329e-01
      outer loop
         vertex 2.039810e+00 -1.390344e+00 -4.483762e+00
         vertex 2.024857e+00 -1.386131e+00 -4.484571e+00
         vertex 2.039657e+00 -1.384406e+00 -4.483671e+00
      endloop
   endfacet
   facet normal 6.324454e-02 -2.228268e-02 -9.977493e-01
      outer loop
         vertex 2.039657e+00 -1.384406e+00 -4.483671e+00
         vertex 2.024857e+00 -1.386131e+00 -4.484571e+00
         vertex 2.037773e+00 -1.359041e+00 -4.484357e+00
      endloop
   endfacet
   facet normal 5.880915e-02 -2.016540e-02 -9.980655e-01
      outer loop
         vertex 2.037773e+00 -1.359041e+00 -4.484357e+00
         vertex 2.024857e+00 -1.386131e+00 -4.484571e+00
         vertex 2.024032e+00 -1.368807e+00 -4.484969e+00
      endloop
   endfacet
   facet normal 8.631222e-02 -5.908558e-02 -9.945145e-01
      outer loop
         vertex 2.037773e+00 -1.359041e+00 -4.484357e+00
         vertex 2.024032e+00 -1.368807e+00 -4.484969e+00
         vertex 2.037620e+00 -1.336675e+00 -4.485699e+00
      endloop
   endfacet
   facet normal 1.080829e-01 -6.823055e-02 -9.917977e-01
      outer loop
         vertex 2.037620e+00 -1.336675e+00 -4.485699e+00
         vertex 2.024032e+00 -1.368807e+00 -4.484969e+00
         vertex 2.023396e+00 -1.337818e+00 -4.487170e+00
      endloop
   endfacet
   facet normal 1.088719e-01 -7.921582e-02 -9.908944e-01
      outer loop
         vertex 2.037620e+00 -1.336675e+00 -4.485699e+00
         vertex 2.023396e+00 -1.337818e+00 -4.487170e+00
         vertex 2.039980e+00 -1.320600e+00 -4.486725e+00
      endloop
   endfacet
   facet normal 1.206693e-01 -9.063952e-02 -9.885461e-01
      outer loop
         vertex 2.039980e+00 -1.320600e+00 -4.486725e+00
         vertex 2.023396e+00 -1.337818e+00 -4.487170e+00
         vertex 2.023927e+00 -1.328854e+00 -4.487928e+00
      endloop
   endfacet
   facet normal 1.225174e-01 -9.431736e-02 -9.879745e-01
      outer loop
         vertex 2.039980e+00 -1.320600e+00 -4.486725e+00
         vertex 2.023927e+00 -1.328854e+00 -4.487928e+00
         vertex 2.044933e+00 -1.305001e+00 -4.487600e+00
      endloop
   endfacet
   facet normal 1.235943e-01 -9.526881e-02 -9.877491e-01
      outer loop
         vertex 2.023927e+00 -1.328854e+00 -4.487928e+00
         vertex 2.027150e+00 -1.308440e+00 -4.489493e+00
         vertex 2.044933e+00 -1.305001e+00 -4.487600e+00
      endloop
   endfacet
   facet normal 1.240141e-01 -9.759327e-02 -9.874695e-01
      outer loop
         vertex 2.044933e+00 -1.305001e+00 -4.487600e+00
         vertex 2.027150e+00 -1.308440e+00 -4.489493e+00
         vertex 2.028380e+00 -1.303324e+00 -4.489844e+00
      endloop
   endfacet
   facet normal 1.229833e-01 -1.066847e-01 -9.866577e-01
      outer loop
         vertex 2.044933e+00 -1.305001e+00 -4.487600e+00
         vertex 2.028380e+00 -1.303324e+00 -4.489844e+00
         vertex 2.057298e+00 -1.280028e+00 -4.488759e+00
      endloop
   endfacet
   facet normal 1.142592e-01 -9.575470e-02 -9.888255e-01
      outer loop
         vertex 2.028380e+00 -1.303324e+00 -4.489844e+00
         vertex 2.035386e+00 -1.280798e+00 -4.491216e+00
         vertex 2.057298e+00 -1.280028e+00 -4.488759e+00
      endloop
   endfacet
   facet normal 1.142103e-01 -9.372423e-02 -9.890257e-01
      outer loop
         vertex 2.057298e+00 -1.280028e+00 -4.488759e+00
         vertex 2.035386e+00 -1.280798e+00 -4.491216e+00
         vertex 2.046149e+00 -1.252769e+00 -4.492629e+00
      endloop
   endfacet
   facet normal 1.055653e-01 -9.734676e-02 -9.896361e-01
      outer loop
         vertex 2.057298e+00 -1.280028e+00 -4.488759e+00
         vertex 2.046149e+00 -1.252769e+00 -4.492629e+00
         vertex 2.113812e+00 -1.186282e+00 -4.491952e+00
      endloop
   endfacet
   facet normal 8.660363e-02 -7.801375e-02 -9.931836e-01
      outer loop
         vertex 2.113812e+00 -1.186282e+00 -4.491952e+00
         vertex 2.046149e+00 -1.252769e+00 -4.492629e+00
         vertex 2.074957e+00 -1.175420e+00 -4.496193e+00
      endloop
   endfacet
   facet normal 7.992496e-02 -1.013019e-01 -9.916400e-01
      outer loop
         vertex 2.113812e+00 -1.186282e+00 -4.491952e+00
         vertex 2.074957e+00 -1.175420e+00 -4.496193e+00
         vertex 2.182975e+00 -1.069501e+00 -4.498307e+00
      endloop
   endfacet
   facet normal 7.008956e-02 -9.130579e-02 -9.933533e-01
      outer loop
         vertex 2.182975e+00 -1.069501e+00 -4.498307e+00
         vertex 2.074957e+00 -1.175420e+00 -4.496193e+00
         vertex 2.108505e+00 -1.084826e+00 -4.502153e+00
      endloop
   endfacet
   facet normal 7.693204e-02 -1.256266e-01 -9.890902e-01
      outer loop
         vertex 2.182975e+00 -1.069501e+00 -4.498307e+00
         vertex 2.108505e+00 -1.084826e+00 -4.502153e+00
         vertex 2.218944e+00 -1.008858e+00 -4.503212e+00
      endloop
   endfacet
   facet normal 7.493418e-02 -1.227294e-01 -9.896072e-01
      outer loop
         vertex 2.218944e+00 -1.008858e+00 -4.503212e+00
         vertex 2.108505e+00 -1.084826e+00 -4.502153e+00
         vertex 2.151607e+00 -9.670805e-01 -4.513492e+00
      endloop
   endfacet
   facet normal 6.815429e-02 -1.334368e-01 -9.887111e-01
      outer loop
         vertex 2.218944e+00 -1.008858e+00 -4.503212e+00
         vertex 2.151607e+00 -9.670805e-01 -4.513492e+00
         vertex 2.245462e+00 -9.632768e-01 -4.507536e+00
      endloop
   endfacet
   facet normal 6.844423e-02 -1.426346e-01 -9.874061e-01
      outer loop
         vertex 2.245462e+00 -9.632768e-01 -4.507536e+00
         vertex 2.151607e+00 -9.670805e-01 -4.513492e+00
         vertex 2.170598e+00 -9.132981e-01 -4.519945e+00
      endloop
   endfacet
   facet normal 6.312540e-02 -1.504034e-01 -9.866073e-01
      outer loop
         vertex 2.245462e+00 -9.632768e-01 -4.507536e+00
         vertex 2.170598e+00 -9.132981e-01 -4.519945e+00
         vertex 2.306332e+00 -8.557370e-01 -4.520035e+00
      endloop
   endfacet
   facet normal 6.577152e-02 -1.566413e-01 -9.854631e-01
      outer loop
         vertex 2.306332e+00 -8.557370e-01 -4.520035e+00
         vertex 2.170598e+00 -9.132981e-01 -4.519945e+00
         vertex 2.188142e+00 -8.623603e-01 -4.526870e+00
      endloop
   endfacet
   facet normal 6.652322e-02 -1.729204e-01 -9.826867e-01
      outer loop
         vertex 2.306332e+00 -8.557370e-01 -4.520035e+00
         vertex 2.188142e+00 -8.623603e-01 -4.526870e+00
         vertex 2.323668e+00 -8.245471e-01 -4.524350e+00
      endloop
   endfacet
   facet normal 7.024578e-02 -1.864449e-01 -9.799509e-01
      outer loop
         vertex 2.323668e+00 -8.245471e-01 -4.524350e+00
         vertex 2.188142e+00 -8.623603e-01 -4.526870e+00
         vertex 2.232166e+00 -7.314800e-01 -4.548616e+00
      endloop
   endfacet
   facet normal 5.329693e-02 -2.979487e-01 -9.530929e-01
      outer loop
         vertex 2.584170e+00 -3.467876e-01 -4.631216e+00
         vertex 2.532909e+00 -4.469989e-01 -4.602755e+00
         vertex 2.338964e+00 -4.031371e-01 -4.627313e+00
      endloop
   endfacet
   facet normal 5.479078e-02 -2.922781e-01 -9.547625e-01
      outer loop
         vertex 2.338964e+00 -4.031371e-01 -4.627313e+00
         vertex 2.532909e+00 -4.469989e-01 -4.602755e+00
         vertex 2.323106e+00 -4.553325e-01 -4.612244e+00
      endloop
   endfacet
   facet normal 5.456666e-02 -2.836684e-01 -9.573687e-01
      outer loop
         vertex 2.323106e+00 -4.553325e-01 -4.612244e+00
         vertex 2.532909e+00 -4.469989e-01 -4.602755e+00
         vertex 2.501007e+00 -5.074432e-01 -4.586664e+00
      endloop
   endfacet
   facet normal 5.990261e-02 -2.675661e-01 -9.616756e-01
      outer loop
         vertex 2.323106e+00 -4.553325e-01 -4.612244e+00
         vertex 2.501007e+00 -5.074432e-01 -4.586664e+00
         vertex 2.289822e+00 -5.599385e-01 -4.585213e+00
      endloop
   endfacet
   facet normal 5.839202e-02 -2.615375e-01 -9.634254e-01
      outer loop
         vertex 2.289822e+00 -5.599385e-01 -4.585213e+00
         vertex 2.501007e+00 -5.074432e-01 -4.586664e+00
         vertex 2.479223e+00 -5.478749e-01 -4.577009e+00
      endloop
   endfacet
   facet normal 5.706780e-02 -2.362683e-01 -9.700106e-01
      outer loop
         vertex 2.289822e+00 -5.599385e-01 -4.585213e+00
         vertex 2.479223e+00 -5.478749e-01 -4.577009e+00
         vertex 2.257214e+00 -6.580455e-01 -4.563235e+00
      endloop
   endfacet
   facet normal 6.141438e-02 -2.447313e-01 -9.676440e-01
      outer loop
         vertex 2.257214e+00 -6.580455e-01 -4.563235e+00
         vertex 2.479223e+00 -5.478749e-01 -4.577009e+00
         vertex 2.420361e+00 -6.537163e-01 -4.553976e+00
      endloop
   endfacet
   facet normal 6.102437e-02 -2.148670e-01 -9.747349e-01
      outer loop
         vertex 2.257214e+00 -6.580455e-01 -4.563235e+00
         vertex 2.420361e+00 -6.537163e-01 -4.553976e+00
         vertex 2.232166e+00 -7.314800e-01 -4.548616e+00
      endloop
   endfacet
   facet normal 6.189248e-02 -2.169326e-01 -9.742225e-01
      outer loop
         vertex 2.232166e+00 -7.314800e-01 -4.548616e+00
         vertex 2.420361e+00 -6.537163e-01 -4.553976e+00
         vertex 2.365040e+00 -7.504557e-01 -4.535949e+00
      endloop
   endfacet
   facet normal 6.619732e-02 -1.903052e-01 -9.794906e-01
      outer loop
         vertex 2.232166e+00 -7.314800e-01 -4.548616e+00
         vertex 2.365040e+00 -7.504557e-01 -4.535949e+00
         vertex 2.323668e+00 -8.245471e-01 -4.524350e+00
      endloop
   endfacet
   facet normal 7.047680e-02 -8.127880e-02 -9.941965e-01
      outer loop
         vertex 2.024476e+00 2.101449e+00 -4.485193e+00
         vertex 2.039069e+00 2.102449e+00 -4.484240e+00
         vertex 2.024993e+00 2.097893e+00 -4.484866e+00
      endloop
   endfacet
   facet normal 6.602832e-02 -6.735041e-02 -9.955422e-01
      outer loop
         vertex 2.024993e+00 2.097893e+00 -4.484866e+00
         vertex 2.039069e+00 2.102449e+00 -4.484240e+00
         vertex 2.039816e+00 2.098487e+00 -4.483923e+00
      endloop
   endfacet
   facet normal 6.440481e-02 -2.352401e-02 -9.976466e-01
      outer loop
         vertex 2.024993e+00 2.097893e+00 -4.484866e+00
         vertex 2.039816e+00 2.098487e+00 -4.483923e+00
         vertex 2.026055e+00 2.078980e+00 -4.484351e+00
      endloop
   endfacet
   facet normal 8.032699e-02 -3.478880e-02 -9.961613e-01
      outer loop
         vertex 2.026055e+00 2.078980e+00 -4.484351e+00
         vertex 2.039816e+00 2.098487e+00 -4.483923e+00
         vertex 2.040681e+00 2.087323e+00 -4.483463e+00
      endloop
   endfacet
   facet normal 4.703802e-02 2.382821e-02 -9.986089e-01
      outer loop
         vertex 2.026055e+00 2.078980e+00 -4.484351e+00
         vertex 2.040681e+00 2.087323e+00 -4.483463e+00
         vertex 2.026206e+00 2.070544e+00 -4.484545e+00
      endloop
   endfacet
   facet normal 6.010667e-02 1.252251e-02 -9.981134e-01
      outer loop
         vertex 2.026206e+00 2.070544e+00 -4.484545e+00
         vertex 2.040681e+00 2.087323e+00 -4.483463e+00
         vertex 2.040599e+00 2.062405e+00 -4.483781e+00
      endloop
   endfacet
   facet normal 8.768634e-02 6.165691e-02 -9.942382e-01
      outer loop
         vertex 2.026206e+00 2.070544e+00 -4.484545e+00
         vertex 2.040599e+00 2.062405e+00 -4.483781e+00
         vertex 2.027778e+00 2.039558e+00 -4.486328e+00
      endloop
   endfacet
   facet normal 1.049112e-01 5.186708e-02 -9.931281e-01
      outer loop
         vertex 2.027778e+00 2.039558e+00 -4.486328e+00
         vertex 2.040599e+00 2.062405e+00 -4.483781e+00
         vertex 2.041893e+00 2.040546e+00 -4.484786e+00
      endloop
   endfacet
   facet normal 1.037745e-01 6.688194e-02 -9.923496e-01
      outer loop
         vertex 2.027778e+00 2.039558e+00 -4.486328e+00
         vertex 2.041893e+00 2.040546e+00 -4.484786e+00
         vertex 2.042274e+00 2.037834e+00 -4.484929e+00
      endloop
   endfacet
   facet normal 4.818186e-02 -2.761621e-01 -9.599026e-01
      outer loop
         vertex 2.338964e+00 -4.031371e-01 -4.627313e+00
         vertex 2.353652e+00 -3.536067e-01 -4.640825e+00
         vertex 2.584170e+00 -3.467876e-01 -4.631216e+00
      endloop
   endfacet
   facet normal 4.759494e-02 -2.440875e-01 -9.685845e-01
      outer loop
         vertex 2.584170e+00 -3.467876e-01 -4.631216e+00
         vertex 2.353652e+00 -3.536067e-01 -4.640825e+00
         vertex 2.379575e+00 -2.627238e-01 -4.662454e+00
      endloop
   endfacet
   facet normal 4.283157e-02 -2.547425e-01 -9.660599e-01
      outer loop
         vertex 2.584170e+00 -3.467876e-01 -4.631216e+00
         vertex 2.379575e+00 -2.627238e-01 -4.662454e+00
         vertex 2.630529e+00 -2.504617e-01 -4.654561e+00
      endloop
   endfacet
   facet normal 4.150126e-02 -2.223524e-01 -9.740827e-01
      outer loop
         vertex 2.630529e+00 -2.504617e-01 -4.654561e+00
         vertex 2.379575e+00 -2.627238e-01 -4.662454e+00
         vertex 2.383018e+00 -2.502004e-01 -4.665166e+00
      endloop
   endfacet
   facet normal 4.144159e-02 -2.278054e-01 -9.728244e-01
      outer loop
         vertex 2.630529e+00 -2.504617e-01 -4.654561e+00
         vertex 2.383018e+00 -2.502004e-01 -4.665166e+00
         vertex 2.642749e+00 -2.233657e-01 -4.660386e+00
      endloop
   endfacet
   facet normal 3.833561e-02 -1.965087e-01 -9.797524e-01
      outer loop
         vertex 2.642749e+00 -2.233657e-01 -4.660386e+00
         vertex 2.383018e+00 -2.502004e-01 -4.665166e+00
         vertex 2.410701e+00 -1.444030e-01 -4.685303e+00
      endloop
   endfacet
   facet normal 3.632590e-02 -2.020810e-01 -9.786949e-01
      outer loop
         vertex 2.642749e+00 -2.233657e-01 -4.660386e+00
         vertex 2.410701e+00 -1.444030e-01 -4.685303e+00
         vertex 2.673543e+00 -1.507640e-01 -4.674233e+00
      endloop
   endfacet
   facet normal 3.751213e-02 -1.650356e-01 -9.855740e-01
      outer loop
         vertex 2.673543e+00 -1.507640e-01 -4.674233e+00
         vertex 2.410701e+00 -1.444030e-01 -4.685303e+00
         vertex 2.419040e+00 -1.104330e-01 -4.690674e+00
      endloop
   endfacet
   facet normal 3.625093e-02 -1.724927e-01 -9.843435e-01
      outer loop
         vertex 2.673543e+00 -1.507640e-01 -4.674233e+00
         vertex 2.419040e+00 -1.104330e-01 -4.690674e+00
         vertex 2.692388e+00 -1.027343e-01 -4.681956e+00
      endloop
   endfacet
   facet normal 3.553536e-02 -1.414683e-01 -9.893048e-01
      outer loop
         vertex 2.692388e+00 -1.027343e-01 -4.681956e+00
         vertex 2.419040e+00 -1.104330e-01 -4.690674e+00
         vertex 2.435965e+00 -3.792681e-02 -4.700434e+00
      endloop
   endfacet
   facet normal 3.363441e-02 -1.487059e-01 -9.883093e-01
      outer loop
         vertex 2.692388e+00 -1.027343e-01 -4.681956e+00
         vertex 2.435965e+00 -3.792681e-02 -4.700434e+00
         vertex 2.711115e+00 -5.171120e-02 -4.688996e+00
      endloop
   endfacet
   facet normal 3.545064e-02 -1.160238e-01 -9.926136e-01
      outer loop
         vertex 2.711115e+00 -5.171120e-02 -4.688996e+00
         vertex 2.435965e+00 -3.792681e-02 -4.700434e+00
         vertex 2.452183e+00 3.610842e-02 -4.708508e+00
      endloop
   endfacet
   facet normal 3.231373e-02 -1.250529e-01 -9.916237e-01
      outer loop
         vertex 2.711115e+00 -5.171120e-02 -4.688996e+00
         vertex 2.452183e+00 3.610842e-02 -4.708508e+00
         vertex 2.735455e+00 2.112865e-02 -4.697389e+00
      endloop
   endfacet
   facet normal 3.392952e-02 -9.680032e-02 -9.947253e-01
      outer loop
         vertex 2.735455e+00 2.112865e-02 -4.697389e+00
         vertex 2.452183e+00 3.610842e-02 -4.708508e+00
         vertex 2.458672e+00 6.747179e-02 -4.711339e+00
      endloop
   endfacet
   facet normal 3.449805e-02 -9.349407e-02 -9.950220e-01
      outer loop
         vertex 2.735455e+00 2.112865e-02 -4.697389e+00
         vertex 2.458672e+00 6.747179e-02 -4.711339e+00
         vertex 2.755950e+00 9.351848e-02 -4.703480e+00
      endloop
   endfacet
   facet normal 3.335275e-02 -8.005724e-02 -9.962321e-01
      outer loop
         vertex 2.755950e+00 9.351848e-02 -4.703480e+00
         vertex 2.458672e+00 6.747179e-02 -4.711339e+00
         vertex 2.469080e+00 1.207904e-01 -4.715275e+00
      endloop
   endfacet
   facet normal 3.445781e-02 -6.878113e-02 -9.970365e-01
      outer loop
         vertex 2.755950e+00 9.351848e-02 -4.703480e+00
         vertex 2.469080e+00 1.207904e-01 -4.715275e+00
         vertex 2.764374e+00 1.281753e-01 -4.705579e+00
      endloop
   endfacet
   facet normal 3.424835e-02 -5.962182e-02 -9.976333e-01
      outer loop
         vertex 2.764374e+00 1.281753e-01 -4.705579e+00
         vertex 2.469080e+00 1.207904e-01 -4.715275e+00
         vertex 2.478578e+00 1.736594e-01 -4.718109e+00
      endloop
   endfacet
   facet normal 3.644021e-02 -4.602626e-02 -9.982754e-01
      outer loop
         vertex 2.764374e+00 1.281753e-01 -4.705579e+00
         vertex 2.478578e+00 1.736594e-01 -4.718109e+00
         vertex 2.777184e+00 1.906945e-01 -4.707994e+00
      endloop
   endfacet
   facet normal 3.640660e-02 -4.541997e-02 -9.983044e-01
      outer loop
         vertex 2.777184e+00 1.906945e-01 -4.707994e+00
         vertex 2.478578e+00 1.736594e-01 -4.718109e+00
         vertex 2.482081e+00 1.943990e-01 -4.718925e+00
      endloop
   endfacet
   facet normal 3.669676e-02 -2.443963e-02 -9.990276e-01
      outer loop
         vertex 2.777184e+00 1.906945e-01 -4.707994e+00
         vertex 2.482081e+00 1.943990e-01 -4.718925e+00
         vertex 2.783721e+00 2.292912e-01 -4.708698e+00
      endloop
   endfacet
   facet normal 3.683785e-02 -2.566994e-02 -9.989915e-01
      outer loop
         vertex 2.783721e+00 2.292912e-01 -4.708698e+00
         vertex 2.482081e+00 1.943990e-01 -4.718925e+00
         vertex 2.496420e+00 2.858330e-01 -4.720746e+00
      endloop
   endfacet
   facet normal 4.182188e-02 -3.735085e-04 -9.991250e-01
      outer loop
         vertex 2.783721e+00 2.292912e-01 -4.708698e+00
         vertex 2.496420e+00 2.858330e-01 -4.720746e+00
         vertex 2.793222e+00 3.029102e-01 -4.708328e+00
      endloop
   endfacet
   facet normal 4.210211e-02 -5.262558e-03 -9.990995e-01
      outer loop
         vertex 2.793222e+00 3.029102e-01 -4.708328e+00
         vertex 2.496420e+00 2.858330e-01 -4.720746e+00
         vertex 2.499193e+00 3.057175e-01 -4.720734e+00
      endloop
   endfacet
   facet normal 4.225032e-02 1.046934e-02 -9.990522e-01
      outer loop
         vertex 2.793222e+00 3.029102e-01 -4.708328e+00
         vertex 2.499193e+00 3.057175e-01 -4.720734e+00
         vertex 2.504524e+00 3.494783e-01 -4.720049e+00
      endloop
   endfacet
   facet normal 1.044621e-01 -5.987645e-02 -9.927248e-01
      outer loop
         vertex 2.039816e+00 2.098487e+00 -4.483923e+00
         vertex 2.039069e+00 2.102449e+00 -4.484240e+00
         vertex 2.051363e+00 2.103306e+00 -4.482999e+00
      endloop
   endfacet
   facet normal 1.293460e-01 -1.115354e-01 -9.853068e-01
      outer loop
         vertex 2.057298e+00 -1.280028e+00 -4.488759e+00
         vertex 2.113812e+00 -1.186282e+00 -4.491952e+00
         vertex 2.158607e+00 -1.174668e+00 -4.487386e+00
      endloop
   endfacet
   facet normal 1.382261e-01 -1.481644e-01 -9.792553e-01
      outer loop
         vertex 2.158607e+00 -1.174668e+00 -4.487386e+00
         vertex 2.113812e+00 -1.186282e+00 -4.491952e+00
         vertex 2.241436e+00 -1.067981e+00 -4.491836e+00
      endloop
   endfacet
   facet normal 7.700631e-02 1.218640e-01 -9.895550e-01
      outer loop
         vertex 3.028904e+00 5.606909e-01 -4.671169e+00
         vertex 3.037073e+00 4.908543e-01 -4.679133e+00
         vertex 2.798814e+00 5.181427e-01 -4.694314e+00
      endloop
   endfacet
   facet normal 7.411940e-02 9.489498e-02 -9.927242e-01
      outer loop
         vertex 2.798814e+00 5.181427e-01 -4.694314e+00
         vertex 3.037073e+00 4.908543e-01 -4.679133e+00
         vertex 2.800422e+00 4.496412e-01 -4.700742e+00
      endloop
   endfacet
   facet normal 7.443291e-02 9.316822e-02 -9.928643e-01
      outer loop
         vertex 2.800422e+00 4.496412e-01 -4.700742e+00
         vertex 3.037073e+00 4.908543e-01 -4.679133e+00
         vertex 3.041372e+00 4.205615e-01 -4.685407e+00
      endloop
   endfacet
   facet normal 7.219576e-02 7.368191e-02 -9.946651e-01
      outer loop
         vertex 2.800422e+00 4.496412e-01 -4.700742e+00
         vertex 3.041372e+00 4.205615e-01 -4.685407e+00
         vertex 2.800133e+00 4.203169e-01 -4.702935e+00
      endloop
   endfacet
   facet normal 7.864971e-02 1.134505e-01 -9.904258e-01
      outer loop
         vertex 2.798814e+00 5.181427e-01 -4.694314e+00
         vertex 2.797814e+00 5.369750e-01 -4.692236e+00
         vertex 3.028904e+00 5.606909e-01 -4.671169e+00
      endloop
   endfacet
   facet normal 7.699581e-02 1.280943e-01 -9.887687e-01
      outer loop
         vertex 3.028904e+00 5.606909e-01 -4.671169e+00
         vertex 2.797814e+00 5.369750e-01 -4.692236e+00
         vertex 2.794111e+00 5.861659e-01 -4.686152e+00
      endloop
   endfacet
   facet normal 7.934329e-02 1.518179e-01 -9.852187e-01
      outer loop
         vertex 3.028904e+00 5.606909e-01 -4.671169e+00
         vertex 2.794111e+00 5.861659e-01 -4.686152e+00
         vertex 3.017208e+00 6.306503e-01 -4.661330e+00
      endloop
   endfacet
   facet normal 7.873937e-02 1.546296e-01 -9.848298e-01
      outer loop
         vertex 3.017208e+00 6.306503e-01 -4.661330e+00
         vertex 2.794111e+00 5.861659e-01 -4.686152e+00
         vertex 2.786774e+00 6.523972e-01 -4.676339e+00
      endloop
   endfacet
   facet normal 8.029692e-02 1.733792e-01 -9.815763e-01
      outer loop
         vertex 3.017208e+00 6.306503e-01 -4.661330e+00
         vertex 2.786774e+00 6.523972e-01 -4.676339e+00
         vertex 3.002150e+00 7.010245e-01 -4.650131e+00
      endloop
   endfacet
   facet normal 7.923631e-02 1.777061e-01 -9.808884e-01
      outer loop
         vertex 3.002150e+00 7.010245e-01 -4.650131e+00
         vertex 2.786774e+00 6.523972e-01 -4.676339e+00
         vertex 2.776303e+00 7.215065e-01 -4.664665e+00
      endloop
   endfacet
   facet normal 7.898537e-02 1.745188e-01 -9.814808e-01
      outer loop
         vertex 3.002150e+00 7.010245e-01 -4.650131e+00
         vertex 2.776303e+00 7.215065e-01 -4.664665e+00
         vertex 2.983622e+00 7.718199e-01 -4.639034e+00
      endloop
   endfacet
   facet normal 7.749182e-02 1.802096e-01 -9.805710e-01
      outer loop
         vertex 2.983622e+00 7.718199e-01 -4.639034e+00
         vertex 2.776303e+00 7.215065e-01 -4.664665e+00
         vertex 2.766681e+00 7.723164e-01 -4.656087e+00
      endloop
   endfacet
   facet normal 7.756999e-02 1.735907e-01 -9.817582e-01
      outer loop
         vertex 2.983622e+00 7.718199e-01 -4.639034e+00
         vertex 2.766681e+00 7.723164e-01 -4.656087e+00
         vertex 2.961668e+00 8.422369e-01 -4.628318e+00
      endloop
   endfacet
   facet normal 7.570965e-02 1.784875e-01 -9.810251e-01
      outer loop
         vertex 2.961668e+00 8.422369e-01 -4.628318e+00
         vertex 2.766681e+00 7.723164e-01 -4.656087e+00
         vertex 2.747187e+00 8.559299e-01 -4.642379e+00
      endloop
   endfacet
   facet normal 7.580399e-02 1.803161e-01 -9.806834e-01
      outer loop
         vertex 2.961668e+00 8.422369e-01 -4.628318e+00
         vertex 2.747187e+00 8.559299e-01 -4.642379e+00
         vertex 2.936455e+00 9.112101e-01 -4.617585e+00
      endloop
   endfacet
   facet normal 6.246569e-02 2.147468e-01 -9.746701e-01
      outer loop
         vertex 2.551264e+00 1.519665e+00 -4.521013e+00
         vertex 2.431653e+00 1.509337e+00 -4.530954e+00
         vertex 2.503461e+00 1.569215e+00 -4.513159e+00
      endloop
   endfacet
   facet normal 6.410009e-02 2.128771e-01 -9.749741e-01
      outer loop
         vertex 2.503461e+00 1.569215e+00 -4.513159e+00
         vertex 2.431653e+00 1.509337e+00 -4.530954e+00
         vertex 2.393988e+00 1.558957e+00 -4.522596e+00
      endloop
   endfacet
   facet normal 6.359675e-02 2.173672e-01 -9.740159e-01
      outer loop
         vertex 2.503461e+00 1.569215e+00 -4.513159e+00
         vertex 2.393988e+00 1.558957e+00 -4.522596e+00
         vertex 2.455363e+00 1.615379e+00 -4.505998e+00
      endloop
   endfacet
   facet normal 6.602875e-02 2.008964e-01 -9.773847e-01
      outer loop
         vertex 2.729089e+00 1.294367e+00 -4.555456e+00
         vertex 2.570441e+00 1.289433e+00 -4.567188e+00
         vertex 2.686980e+00 1.352892e+00 -4.546271e+00
      endloop
   endfacet
   facet normal 6.502133e-02 2.026495e-01 -9.770903e-01
      outer loop
         vertex 2.686980e+00 1.352892e+00 -4.546271e+00
         vertex 2.570441e+00 1.289433e+00 -4.567188e+00
         vertex 2.537762e+00 1.346191e+00 -4.557591e+00
      endloop
   endfacet
   facet normal 6.515825e-02 2.003767e-01 -9.775498e-01
      outer loop
         vertex 2.686980e+00 1.352892e+00 -4.546271e+00
         vertex 2.537762e+00 1.346191e+00 -4.557591e+00
         vertex 2.643199e+00 1.410040e+00 -4.537475e+00
      endloop
   endfacet
   facet normal 6.434146e-02 2.016595e-01 -9.773401e-01
      outer loop
         vertex 2.643199e+00 1.410040e+00 -4.537475e+00
         vertex 2.537762e+00 1.346191e+00 -4.557591e+00
         vertex 2.505131e+00 1.399484e+00 -4.548743e+00
      endloop
   endfacet
   facet normal 6.465142e-02 1.983140e-01 -9.780040e-01
      outer loop
         vertex 2.643199e+00 1.410040e+00 -4.537475e+00
         vertex 2.505131e+00 1.399484e+00 -4.548743e+00
         vertex 2.597924e+00 1.466109e+00 -4.529099e+00
      endloop
   endfacet
   facet normal 6.397769e-02 1.992116e-01 -9.778658e-01
      outer loop
         vertex 2.597924e+00 1.466109e+00 -4.529099e+00
         vertex 2.505131e+00 1.399484e+00 -4.548743e+00
         vertex 2.468269e+00 1.456578e+00 -4.539523e+00
      endloop
   endfacet
   facet normal 6.364079e-02 2.029727e-01 -9.771141e-01
      outer loop
         vertex 2.597924e+00 1.466109e+00 -4.529099e+00
         vertex 2.468269e+00 1.456578e+00 -4.539523e+00
         vertex 2.551264e+00 1.519665e+00 -4.521013e+00
      endloop
   endfacet
   facet normal 6.387274e-02 2.026808e-01 -9.771595e-01
      outer loop
         vertex 2.551264e+00 1.519665e+00 -4.521013e+00
         vertex 2.468269e+00 1.456578e+00 -4.539523e+00
         vertex 2.434286e+00 1.505700e+00 -4.531556e+00
      endloop
   endfacet
   facet normal 6.324106e-02 2.072752e-01 -9.762364e-01
      outer loop
         vertex 2.551264e+00 1.519665e+00 -4.521013e+00
         vertex 2.434286e+00 1.505700e+00 -4.531556e+00
         vertex 2.431653e+00 1.509337e+00 -4.530954e+00
      endloop
   endfacet
   facet normal 1.397473e-01 5.372717e-02 -9.887285e-01
      outer loop
         vertex 2.040599e+00 2.062405e+00 -4.483781e+00
         vertex 2.052577e+00 2.056726e+00 -4.482396e+00
         vertex 2.041893e+00 2.040546e+00 -4.484786e+00
      endloop
   endfacet
   facet normal 1.639292e-01 3.732153e-02 -9.857659e-01
      outer loop
         vertex 2.041893e+00 2.040546e+00 -4.484786e+00
         vertex 2.052577e+00 2.056726e+00 -4.482396e+00
         vertex 2.053784e+00 2.041403e+00 -4.482776e+00
      endloop
   endfacet
   facet normal 1.609789e-01 7.447966e-02 -9.841436e-01
      outer loop
         vertex 2.041893e+00 2.040546e+00 -4.484786e+00
         vertex 2.053784e+00 2.041403e+00 -4.482776e+00
         vertex 2.042274e+00 2.037834e+00 -4.484929e+00
      endloop
   endfacet
   facet normal 1.657759e-01 5.915288e-02 -9.843878e-01
      outer loop
         vertex 2.042274e+00 2.037834e+00 -4.484929e+00
         vertex 2.053784e+00 2.041403e+00 -4.482776e+00
         vertex 2.055225e+00 2.033945e+00 -4.482981e+00
      endloop
   endfacet
   facet normal 1.746521e-01 9.068772e-02 -9.804450e-01
      outer loop
         vertex 2.042274e+00 2.037834e+00 -4.484929e+00
         vertex 2.055225e+00 2.033945e+00 -4.482981e+00
         vertex 2.045877e+00 2.022472e+00 -4.485708e+00
      endloop
   endfacet
   facet normal 1.860011e-01 8.114311e-02 -9.791932e-01
      outer loop
         vertex 2.045877e+00 2.022472e+00 -4.485708e+00
         vertex 2.055225e+00 2.033945e+00 -4.482981e+00
         vertex 2.057393e+00 2.026666e+00 -4.483173e+00
      endloop
   endfacet
   facet normal 1.739045e-01 1.137451e-01 -9.781714e-01
      outer loop
         vertex 2.045877e+00 2.022472e+00 -4.485708e+00
         vertex 2.057393e+00 2.026666e+00 -4.483173e+00
         vertex 2.052234e+00 2.006998e+00 -4.486377e+00
      endloop
   endfacet
   facet normal 2.012701e-01 1.058549e-01 -9.737993e-01
      outer loop
         vertex 2.057393e+00 2.026666e+00 -4.483173e+00
         vertex 2.060311e+00 2.019572e+00 -4.483341e+00
         vertex 2.052234e+00 2.006998e+00 -4.486377e+00
      endloop
   endfacet
   facet normal 1.852300e-01 1.166293e-01 -9.757497e-01
      outer loop
         vertex 2.052234e+00 2.006998e+00 -4.486377e+00
         vertex 2.060311e+00 2.019572e+00 -4.483341e+00
         vertex 2.063900e+00 2.012645e+00 -4.483487e+00
      endloop
   endfacet
   facet normal 1.752442e-01 1.368554e-01 -9.749667e-01
      outer loop
         vertex 2.052234e+00 2.006998e+00 -4.486377e+00
         vertex 2.063900e+00 2.012645e+00 -4.483487e+00
         vertex 2.065250e+00 1.984974e+00 -4.487129e+00
      endloop
   endfacet
   facet normal 1.817456e-01 1.370130e-01 -9.737536e-01
      outer loop
         vertex 2.065250e+00 1.984974e+00 -4.487129e+00
         vertex 2.063900e+00 2.012645e+00 -4.483487e+00
         vertex 2.072756e+00 1.999229e+00 -4.483722e+00
      endloop
   endfacet
   facet normal 1.645212e-01 1.464852e-01 -9.754357e-01
      outer loop
         vertex 2.065250e+00 1.984974e+00 -4.487129e+00
         vertex 2.072756e+00 1.999229e+00 -4.483722e+00
         vertex 2.083299e+00 1.986278e+00 -4.483889e+00
      endloop
   endfacet
   facet normal 1.652876e-01 1.384633e-01 -9.764773e-01
      outer loop
         vertex 2.065250e+00 1.984974e+00 -4.487129e+00
         vertex 2.083299e+00 1.986278e+00 -4.483889e+00
         vertex 2.135984e+00 1.885059e+00 -4.489324e+00
      endloop
   endfacet
   facet normal 1.203450e-01 1.155806e-01 -9.859808e-01
      outer loop
         vertex 2.135984e+00 1.885059e+00 -4.489324e+00
         vertex 2.083299e+00 1.986278e+00 -4.483889e+00
         vertex 2.174138e+00 1.887830e+00 -4.484342e+00
      endloop
   endfacet
   facet normal 1.203241e-01 1.158219e-01 -9.859551e-01
      outer loop
         vertex 2.135984e+00 1.885059e+00 -4.489324e+00
         vertex 2.174138e+00 1.887830e+00 -4.484342e+00
         vertex 2.148158e+00 1.867870e+00 -4.489857e+00
      endloop
   endfacet
   facet normal 1.109115e-01 1.279633e-01 -9.855577e-01
      outer loop
         vertex 2.148158e+00 1.867870e+00 -4.489857e+00
         vertex 2.174138e+00 1.887830e+00 -4.484342e+00
         vertex 2.219110e+00 1.840383e+00 -4.485441e+00
      endloop
   endfacet
   facet normal 1.161435e-01 1.418721e-01 -9.830478e-01
      outer loop
         vertex 2.148158e+00 1.867870e+00 -4.489857e+00
         vertex 2.219110e+00 1.840383e+00 -4.485441e+00
         vertex 2.207561e+00 1.789438e+00 -4.494158e+00
      endloop
   endfacet
   facet normal 9.774332e-02 1.462752e-01 -9.844033e-01
      outer loop
         vertex 2.207561e+00 1.789438e+00 -4.494158e+00
         vertex 2.219110e+00 1.840383e+00 -4.485441e+00
         vertex 2.265855e+00 1.794042e+00 -4.487686e+00
      endloop
   endfacet
   facet normal 6.712790e-02 2.136954e-01 -9.745913e-01
      outer loop
         vertex 2.393988e+00 1.558957e+00 -4.522596e+00
         vertex 2.356081e+00 1.605936e+00 -4.514907e+00
         vertex 2.455363e+00 1.615379e+00 -4.505998e+00
      endloop
   endfacet
   facet normal 6.788277e-02 2.070603e-01 -9.759703e-01
      outer loop
         vertex 2.455363e+00 1.615379e+00 -4.505998e+00
         vertex 2.356081e+00 1.605936e+00 -4.514907e+00
         vertex 2.353388e+00 1.609215e+00 -4.514398e+00
      endloop
   endfacet
   facet normal 6.866525e-02 1.969025e-01 -9.780156e-01
      outer loop
         vertex 2.455363e+00 1.615379e+00 -4.505998e+00
         vertex 2.353388e+00 1.609215e+00 -4.514398e+00
         vertex 2.360340e+00 1.703375e+00 -4.494953e+00
      endloop
   endfacet
   facet normal 7.932622e-02 1.959867e-01 -9.773927e-01
      outer loop
         vertex 2.360340e+00 1.703375e+00 -4.494953e+00
         vertex 2.353388e+00 1.609215e+00 -4.514398e+00
         vertex 2.281499e+00 1.696564e+00 -4.502717e+00
      endloop
   endfacet
   facet normal 8.255804e-02 1.648116e-01 -9.828638e-01
      outer loop
         vertex 2.360340e+00 1.703375e+00 -4.494953e+00
         vertex 2.281499e+00 1.696564e+00 -4.502717e+00
         vertex 2.265855e+00 1.794042e+00 -4.487686e+00
      endloop
   endfacet
   facet normal 8.394807e-02 1.650114e-01 -9.827126e-01
      outer loop
         vertex 2.265855e+00 1.794042e+00 -4.487686e+00
         vertex 2.281499e+00 1.696564e+00 -4.502717e+00
         vertex 2.235317e+00 1.754239e+00 -4.496978e+00
      endloop
   endfacet
   facet normal 9.689863e-02 1.551717e-01 -9.831238e-01
      outer loop
         vertex 2.265855e+00 1.794042e+00 -4.487686e+00
         vertex 2.235317e+00 1.754239e+00 -4.496978e+00
         vertex 2.207561e+00 1.789438e+00 -4.494158e+00
      endloop
   endfacet
   facet normal 7.464095e-02 1.840287e-01 -9.800827e-01
      outer loop
         vertex 2.747187e+00 8.559299e-01 -4.642379e+00
         vertex 2.734606e+00 9.014090e-01 -4.634798e+00
         vertex 2.936455e+00 9.112101e-01 -4.617585e+00
      endloop
   endfacet
   facet normal 7.440057e-02 1.877660e-01 -9.793919e-01
      outer loop
         vertex 2.936455e+00 9.112101e-01 -4.617585e+00
         vertex 2.734606e+00 9.014090e-01 -4.634798e+00
         vertex 2.728553e+00 9.216479e-01 -4.631377e+00
      endloop
   endfacet
   facet normal 7.436377e-02 1.867803e-01 -9.795832e-01
      outer loop
         vertex 2.936455e+00 9.112101e-01 -4.617585e+00
         vertex 2.728553e+00 9.216479e-01 -4.631377e+00
         vertex 2.908202e+00 9.786509e-01 -4.606870e+00
      endloop
   endfacet
   facet normal 7.287756e-02 1.911497e-01 -9.788517e-01
      outer loop
         vertex 2.908202e+00 9.786509e-01 -4.606870e+00
         vertex 2.728553e+00 9.216479e-01 -4.631377e+00
         vertex 2.707429e+00 9.860849e-01 -4.620367e+00
      endloop
   endfacet
   facet normal 7.289098e-02 1.917146e-01 -9.787402e-01
      outer loop
         vertex 2.908202e+00 9.786509e-01 -4.606870e+00
         vertex 2.707429e+00 9.860849e-01 -4.620367e+00
         vertex 2.877147e+00 1.044675e+00 -4.596251e+00
      endloop
   endfacet
   facet normal 7.176098e-02 1.947736e-01 -9.782196e-01
      outer loop
         vertex 2.877147e+00 1.044675e+00 -4.596251e+00
         vertex 2.707429e+00 9.860849e-01 -4.620367e+00
         vertex 2.693052e+00 1.025710e+00 -4.613532e+00
      endloop
   endfacet
   facet normal 7.137973e-02 1.979235e-01 -9.776151e-01
      outer loop
         vertex 2.877147e+00 1.044675e+00 -4.596251e+00
         vertex 2.693052e+00 1.025710e+00 -4.613532e+00
         vertex 2.843527e+00 1.109248e+00 -4.585632e+00
      endloop
   endfacet
   facet normal 6.993813e-02 2.003874e-01 -9.772173e-01
      outer loop
         vertex 2.843527e+00 1.109248e+00 -4.585632e+00
         vertex 2.693052e+00 1.025710e+00 -4.613532e+00
         vertex 2.658439e+00 1.111216e+00 -4.598475e+00
      endloop
   endfacet
   facet normal 6.992998e-02 2.026154e-01 -9.767583e-01
      outer loop
         vertex 2.843527e+00 1.109248e+00 -4.585632e+00
         vertex 2.658439e+00 1.111216e+00 -4.598475e+00
         vertex 2.807540e+00 1.172377e+00 -4.575113e+00
      endloop
   endfacet
   facet normal 6.855627e-02 2.057511e-01 -9.762000e-01
      outer loop
         vertex 2.807540e+00 1.172377e+00 -4.575113e+00
         vertex 2.658439e+00 1.111216e+00 -4.598475e+00
         vertex 2.641459e+00 1.149265e+00 -4.591648e+00
      endloop
   endfacet
   facet normal 6.910906e-02 2.022710e-01 -9.768881e-01
      outer loop
         vertex 2.807540e+00 1.172377e+00 -4.575113e+00
         vertex 2.641459e+00 1.149265e+00 -4.591648e+00
         vertex 2.769338e+00 1.234126e+00 -4.565030e+00
      endloop
   endfacet
   facet normal 6.705063e-02 2.052246e-01 -9.764154e-01
      outer loop
         vertex 2.769338e+00 1.234126e+00 -4.565030e+00
         vertex 2.641459e+00 1.149265e+00 -4.591648e+00
         vertex 2.601541e+00 1.231281e+00 -4.577151e+00
      endloop
   endfacet
   facet normal 6.720869e-02 2.002528e-01 -9.774364e-01
      outer loop
         vertex 2.769338e+00 1.234126e+00 -4.565030e+00
         vertex 2.601541e+00 1.231281e+00 -4.577151e+00
         vertex 2.729089e+00 1.294367e+00 -4.555456e+00
      endloop
   endfacet
   facet normal 6.593491e-02 2.026855e-01 -9.770216e-01
      outer loop
         vertex 2.729089e+00 1.294367e+00 -4.555456e+00
         vertex 2.601541e+00 1.231281e+00 -4.577151e+00
         vertex 2.578581e+00 1.274638e+00 -4.569706e+00
      endloop
   endfacet
   facet normal 6.595124e-02 2.025764e-01 -9.770431e-01
      outer loop
         vertex 2.729089e+00 1.294367e+00 -4.555456e+00
         vertex 2.578581e+00 1.274638e+00 -4.569706e+00
         vertex 2.570441e+00 1.289433e+00 -4.567188e+00
      endloop
   endfacet
   facet normal 1.001175e-01 3.672318e-02 -9.942977e-01
      outer loop
         vertex 2.051468e+00 -1.399663e+00 -4.482999e+00
         vertex 2.039145e+00 -1.399704e+00 -4.484242e+00
         vertex 2.052049e+00 -1.395902e+00 -4.482802e+00
      endloop
   endfacet
   facet normal 9.797121e-02 4.397676e-02 -9.942171e-01
      outer loop
         vertex 2.052049e+00 -1.395902e+00 -4.482802e+00
         vertex 2.039145e+00 -1.399704e+00 -4.484242e+00
         vertex 2.039810e+00 -1.390344e+00 -4.483762e+00
      endloop
   endfacet
   facet normal 1.217169e-01 -1.779445e-02 -9.924053e-01
      outer loop
         vertex 2.037773e+00 -1.359041e+00 -4.484357e+00
         vertex 2.050631e+00 -1.368710e+00 -4.482606e+00
         vertex 2.039657e+00 -1.384406e+00 -4.483671e+00
      endloop
   endfacet
   facet normal 9.256546e-02 2.810446e-03 -9.957026e-01
      outer loop
         vertex 2.039657e+00 -1.384406e+00 -4.483671e+00
         vertex 2.050631e+00 -1.368710e+00 -4.482606e+00
         vertex 2.052168e+00 -1.384363e+00 -4.482508e+00
      endloop
   endfacet
   facet normal 9.250001e-02 1.768712e-02 -9.955556e-01
      outer loop
         vertex 2.039657e+00 -1.384406e+00 -4.483671e+00
         vertex 2.052168e+00 -1.384363e+00 -4.482508e+00
         vertex 2.039810e+00 -1.390344e+00 -4.483762e+00
      endloop
   endfacet
   facet normal 9.084746e-02 2.111967e-02 -9.956408e-01
      outer loop
         vertex 2.039810e+00 -1.390344e+00 -4.483762e+00
         vertex 2.052168e+00 -1.384363e+00 -4.482508e+00
         vertex 2.052322e+00 -1.392092e+00 -4.482658e+00
      endloop
   endfacet
   facet normal 9.221006e-02 3.111255e-02 -9.952534e-01
      outer loop
         vertex 2.039810e+00 -1.390344e+00 -4.483762e+00
         vertex 2.052322e+00 -1.392092e+00 -4.482658e+00
         vertex 2.052049e+00 -1.395902e+00 -4.482802e+00
      endloop
   endfacet
   facet normal 1.918292e-01 -1.155746e-01 -9.745994e-01
      outer loop
         vertex 2.039980e+00 -1.320600e+00 -4.486725e+00
         vertex 2.044933e+00 -1.305001e+00 -4.487600e+00
         vertex 2.054455e+00 -1.315534e+00 -4.484477e+00
      endloop
   endfacet
   facet normal 1.859120e-01 -9.727594e-02 -9.777393e-01
      outer loop
         vertex 2.054455e+00 -1.315534e+00 -4.484477e+00
         vertex 2.052044e+00 -1.322808e+00 -4.484211e+00
         vertex 2.039980e+00 -1.320600e+00 -4.486725e+00
      endloop
   endfacet
   facet normal 1.891741e-01 -8.047345e-02 -9.786405e-01
      outer loop
         vertex 2.039980e+00 -1.320600e+00 -4.486725e+00
         vertex 2.052044e+00 -1.322808e+00 -4.484211e+00
         vertex 2.050393e+00 -1.330213e+00 -4.483921e+00
      endloop
   endfacet
   facet normal 1.813829e-01 -8.912417e-02 -9.793657e-01
      outer loop
         vertex 2.039980e+00 -1.320600e+00 -4.486725e+00
         vertex 2.050393e+00 -1.330213e+00 -4.483921e+00
         vertex 2.037620e+00 -1.336675e+00 -4.485699e+00
      endloop
   endfacet
   facet normal 1.674662e-01 -6.033536e-02 -9.840298e-01
      outer loop
         vertex 2.037620e+00 -1.336675e+00 -4.485699e+00
         vertex 2.050393e+00 -1.330213e+00 -4.483921e+00
         vertex 2.049479e+00 -1.337746e+00 -4.483615e+00
      endloop
   endfacet
   facet normal 1.677040e-01 -5.790695e-02 -9.841352e-01
      outer loop
         vertex 2.037620e+00 -1.336675e+00 -4.485699e+00
         vertex 2.049479e+00 -1.337746e+00 -4.483615e+00
         vertex 2.037773e+00 -1.359041e+00 -4.484357e+00
      endloop
   endfacet
   facet normal 1.334423e-01 -3.885831e-02 -9.902945e-01
      outer loop
         vertex 2.037773e+00 -1.359041e+00 -4.484357e+00
         vertex 2.049479e+00 -1.337746e+00 -4.483615e+00
         vertex 2.049357e+00 -1.353107e+00 -4.483029e+00
      endloop
   endfacet
   facet normal 1.224084e-01 -1.686242e-02 -9.923366e-01
      outer loop
         vertex 2.037773e+00 -1.359041e+00 -4.484357e+00
         vertex 2.049357e+00 -1.353107e+00 -4.483029e+00
         vertex 2.050631e+00 -1.368710e+00 -4.482606e+00
      endloop
   endfacet
   facet normal 1.736603e-01 -1.543109e-01 -9.726409e-01
      outer loop
         vertex 2.158607e+00 -1.174668e+00 -4.487386e+00
         vertex 2.075002e+00 -1.280717e+00 -4.485488e+00
         vertex 2.057298e+00 -1.280028e+00 -4.488759e+00
      endloop
   endfacet
   facet normal 1.741373e-01 -1.470139e-01 -9.736853e-01
      outer loop
         vertex 2.057298e+00 -1.280028e+00 -4.488759e+00
         vertex 2.075002e+00 -1.280717e+00 -4.485488e+00
         vertex 2.065418e+00 -1.294382e+00 -4.485139e+00
      endloop
   endfacet
   facet normal 1.885673e-01 -1.384882e-01 -9.722466e-01
      outer loop
         vertex 2.057298e+00 -1.280028e+00 -4.488759e+00
         vertex 2.065418e+00 -1.294382e+00 -4.485139e+00
         vertex 2.044933e+00 -1.305001e+00 -4.487600e+00
      endloop
   endfacet
   facet normal 1.864541e-01 -1.341771e-01 -9.732581e-01
      outer loop
         vertex 2.044933e+00 -1.305001e+00 -4.487600e+00
         vertex 2.065418e+00 -1.294382e+00 -4.485139e+00
         vertex 2.057542e+00 -1.308380e+00 -4.484718e+00
      endloop
   endfacet
   facet normal 1.917207e-01 -1.156755e-01 -9.746088e-01
      outer loop
         vertex 2.044933e+00 -1.305001e+00 -4.487600e+00
         vertex 2.057542e+00 -1.308380e+00 -4.484718e+00
         vertex 2.054455e+00 -1.315534e+00 -4.484477e+00
      endloop
   endfacet
   facet normal 1.123036e-01 -1.201919e-01 -9.863781e-01
      outer loop
         vertex 2.113812e+00 -1.186282e+00 -4.491952e+00
         vertex 2.182975e+00 -1.069501e+00 -4.498307e+00
         vertex 2.241436e+00 -1.067981e+00 -4.491836e+00
      endloop
   endfacet
   facet normal 1.125872e-01 -1.462668e-01 -9.828174e-01
      outer loop
         vertex 2.241436e+00 -1.067981e+00 -4.491836e+00
         vertex 2.182975e+00 -1.069501e+00 -4.498307e+00
         vertex 2.218944e+00 -1.008858e+00 -4.503212e+00
      endloop
   endfacet
   facet normal 1.018082e-01 -1.504714e-01 -9.833582e-01
      outer loop
         vertex 2.241436e+00 -1.067981e+00 -4.491836e+00
         vertex 2.218944e+00 -1.008858e+00 -4.503212e+00
         vertex 2.324525e+00 -9.598929e-01 -4.499773e+00
      endloop
   endfacet
   facet normal 1.030444e-01 -1.531753e-01 -9.828119e-01
      outer loop
         vertex 2.324525e+00 -9.598929e-01 -4.499773e+00
         vertex 2.218944e+00 -1.008858e+00 -4.503212e+00
         vertex 2.245462e+00 -9.632768e-01 -4.507536e+00
      endloop
   endfacet
   facet normal 1.036787e-01 -1.775950e-01 -9.786270e-01
      outer loop
         vertex 2.324525e+00 -9.598929e-01 -4.499773e+00
         vertex 2.245462e+00 -9.632768e-01 -4.507536e+00
         vertex 2.405888e+00 -8.498344e-01 -4.511126e+00
      endloop
   endfacet
   facet normal 7.944669e-02 -2.938749e-01 -9.525365e-01
      outer loop
         vertex 2.637900e+00 -5.394986e-01 -4.565357e+00
         vertex 2.501007e+00 -5.074432e-01 -4.586664e+00
         vertex 2.709633e+00 -4.389652e-01 -4.590390e+00
      endloop
   endfacet
   facet normal 8.004618e-02 -2.956684e-01 -9.519311e-01
      outer loop
         vertex 2.709633e+00 -4.389652e-01 -4.590390e+00
         vertex 2.501007e+00 -5.074432e-01 -4.586664e+00
         vertex 2.532909e+00 -4.469989e-01 -4.602755e+00
      endloop
   endfacet
   facet normal 8.069895e-02 -3.248002e-01 -9.423335e-01
      outer loop
         vertex 2.709633e+00 -4.389652e-01 -4.590390e+00
         vertex 2.532909e+00 -4.469989e-01 -4.602755e+00
         vertex 2.776814e+00 -3.431328e-01 -4.617668e+00
      endloop
   endfacet
   facet normal 7.256123e-02 -3.066551e-01 -9.490508e-01
      outer loop
         vertex 2.776814e+00 -3.431328e-01 -4.617668e+00
         vertex 2.532909e+00 -4.469989e-01 -4.602755e+00
         vertex 2.584170e+00 -3.467876e-01 -4.631216e+00
      endloop
   endfacet
   facet normal 7.262348e-02 -2.848020e-01 -9.558314e-01
      outer loop
         vertex 2.776814e+00 -3.431328e-01 -4.617668e+00
         vertex 2.584170e+00 -3.467876e-01 -4.631216e+00
         vertex 2.839058e+00 -2.498277e-01 -4.640740e+00
      endloop
   endfacet
   facet normal 5.396946e-02 -1.320757e-01 -9.897693e-01
      outer loop
         vertex 2.735455e+00 2.112865e-02 -4.697389e+00
         vertex 2.963522e+00 -1.832243e-02 -4.679688e+00
         vertex 2.711115e+00 -5.171120e-02 -4.688996e+00
      endloop
   endfacet
   facet normal 5.626928e-02 -1.502195e-01 -9.870501e-01
      outer loop
         vertex 2.711115e+00 -5.171120e-02 -4.688996e+00
         vertex 2.963522e+00 -1.832243e-02 -4.679688e+00
         vertex 2.942949e+00 -6.281874e-02 -4.674089e+00
      endloop
   endfacet
   facet normal 5.590276e-02 -1.565719e-01 -9.860832e-01
      outer loop
         vertex 2.711115e+00 -5.171120e-02 -4.688996e+00
         vertex 2.942949e+00 -6.281874e-02 -4.674089e+00
         vertex 2.692388e+00 -1.027343e-01 -4.681956e+00
      endloop
   endfacet
   facet normal 5.985712e-02 -1.823142e-01 -9.814167e-01
      outer loop
         vertex 2.692388e+00 -1.027343e-01 -4.681956e+00
         vertex 2.942949e+00 -6.281874e-02 -4.674089e+00
         vertex 2.895001e+00 -1.554391e-01 -4.659808e+00
      endloop
   endfacet
   facet normal 6.458106e-02 -2.642932e-01 -9.622777e-01
      outer loop
         vertex 2.584170e+00 -3.467876e-01 -4.631216e+00
         vertex 2.630529e+00 -2.504617e-01 -4.654561e+00
         vertex 2.839058e+00 -2.498277e-01 -4.640740e+00
      endloop
   endfacet
   facet normal 6.495758e-02 -2.376279e-01 -9.691819e-01
      outer loop
         vertex 2.839058e+00 -2.498277e-01 -4.640740e+00
         vertex 2.630529e+00 -2.504617e-01 -4.654561e+00
         vertex 2.642749e+00 -2.233657e-01 -4.660386e+00
      endloop
   endfacet
   facet normal 6.542109e-02 -2.346964e-01 -9.698648e-01
      outer loop
         vertex 2.839058e+00 -2.498277e-01 -4.640740e+00
         vertex 2.642749e+00 -2.233657e-01 -4.660386e+00
         vertex 2.895001e+00 -1.554391e-01 -4.659808e+00
      endloop
   endfacet
   facet normal 5.909671e-02 -2.111609e-01 -9.756632e-01
      outer loop
         vertex 2.895001e+00 -1.554391e-01 -4.659808e+00
         vertex 2.642749e+00 -2.233657e-01 -4.660386e+00
         vertex 2.673543e+00 -1.507640e-01 -4.674233e+00
      endloop
   endfacet
   facet normal 6.010953e-02 -1.814080e-01 -9.815691e-01
      outer loop
         vertex 2.895001e+00 -1.554391e-01 -4.659808e+00
         vertex 2.673543e+00 -1.507640e-01 -4.674233e+00
         vertex 2.692388e+00 -1.027343e-01 -4.681956e+00
      endloop
   endfacet
   facet normal 9.779515e-02 -1.693401e-01 -9.806937e-01
      outer loop
         vertex 2.245462e+00 -9.632768e-01 -4.507536e+00
         vertex 2.306332e+00 -8.557370e-01 -4.520035e+00
         vertex 2.405888e+00 -8.498344e-01 -4.511126e+00
      endloop
   endfacet
   facet normal 9.867187e-02 -1.899775e-01 -9.768175e-01
      outer loop
         vertex 2.405888e+00 -8.498344e-01 -4.511126e+00
         vertex 2.306332e+00 -8.557370e-01 -4.520035e+00
         vertex 2.323668e+00 -8.245471e-01 -4.524350e+00
      endloop
   endfacet
   facet normal 9.378177e-02 -2.045850e-01 -9.743459e-01
      outer loop
         vertex 2.405888e+00 -8.498344e-01 -4.511126e+00
         vertex 2.323668e+00 -8.245471e-01 -4.524350e+00
         vertex 2.484850e+00 -7.427220e-01 -4.526017e+00
      endloop
   endfacet
   facet normal 9.399636e-02 -2.050055e-01 -9.742369e-01
      outer loop
         vertex 2.484850e+00 -7.427220e-01 -4.526017e+00
         vertex 2.323668e+00 -8.245471e-01 -4.524350e+00
         vertex 2.365040e+00 -7.504557e-01 -4.535949e+00
      endloop
   endfacet
   facet normal 9.576178e-02 -2.442548e-01 -9.649711e-01
      outer loop
         vertex 2.484850e+00 -7.427220e-01 -4.526017e+00
         vertex 2.365040e+00 -7.504557e-01 -4.535949e+00
         vertex 2.562599e+00 -6.409357e-01 -4.544065e+00
      endloop
   endfacet
   facet normal 8.826751e-02 -2.310299e-01 -9.689345e-01
      outer loop
         vertex 2.562599e+00 -6.409357e-01 -4.544065e+00
         vertex 2.365040e+00 -7.504557e-01 -4.535949e+00
         vertex 2.420361e+00 -6.537163e-01 -4.553976e+00
      endloop
   endfacet
   facet normal 9.096109e-02 -2.687936e-01 -9.588931e-01
      outer loop
         vertex 2.562599e+00 -6.409357e-01 -4.544065e+00
         vertex 2.420361e+00 -6.537163e-01 -4.553976e+00
         vertex 2.637900e+00 -5.394986e-01 -4.565357e+00
      endloop
   endfacet
   facet normal 8.424037e-02 -2.563921e-01 -9.628949e-01
      outer loop
         vertex 2.637900e+00 -5.394986e-01 -4.565357e+00
         vertex 2.420361e+00 -6.537163e-01 -4.553976e+00
         vertex 2.479223e+00 -5.478749e-01 -4.577009e+00
      endloop
   endfacet
   facet normal 8.482332e-02 -2.744482e-01 -9.578534e-01
      outer loop
         vertex 2.637900e+00 -5.394986e-01 -4.565357e+00
         vertex 2.479223e+00 -5.478749e-01 -4.577009e+00
         vertex 2.501007e+00 -5.074432e-01 -4.586664e+00
      endloop
   endfacet
   facet normal 9.794936e-02 -4.398500e-02 -9.942189e-01
      outer loop
         vertex 2.051363e+00 2.103306e+00 -4.482999e+00
         vertex 2.052217e+00 2.099599e+00 -4.482750e+00
         vertex 2.039816e+00 2.098487e+00 -4.483923e+00
      endloop
   endfacet
   facet normal 9.738757e-02 -3.737117e-02 -9.945446e-01
      outer loop
         vertex 2.039816e+00 2.098487e+00 -4.483923e+00
         vertex 2.052217e+00 2.099599e+00 -4.482750e+00
         vertex 2.052764e+00 2.095820e+00 -4.482555e+00
      endloop
   endfacet
   facet normal 9.822477e-02 -3.333844e-02 -9.946057e-01
      outer loop
         vertex 2.039816e+00 2.098487e+00 -4.483923e+00
         vertex 2.052764e+00 2.095820e+00 -4.482555e+00
         vertex 2.040681e+00 2.087323e+00 -4.483463e+00
      endloop
   endfacet
   facet normal 9.450301e-02 -2.798951e-02 -9.951310e-01
      outer loop
         vertex 2.040681e+00 2.087323e+00 -4.483463e+00
         vertex 2.052764e+00 2.095820e+00 -4.482555e+00
         vertex 2.053166e+00 2.088103e+00 -4.482300e+00
      endloop
   endfacet
   facet normal 9.203384e-02 1.238618e-02 -9.956788e-01
      outer loop
         vertex 2.040681e+00 2.087323e+00 -4.483463e+00
         vertex 2.053166e+00 2.088103e+00 -4.482300e+00
         vertex 2.040599e+00 2.062405e+00 -4.483781e+00
      endloop
   endfacet
   facet normal 1.391051e-01 -1.094761e-02 -9.902171e-01
      outer loop
         vertex 2.040599e+00 2.062405e+00 -4.483781e+00
         vertex 2.053166e+00 2.088103e+00 -4.482300e+00
         vertex 2.052744e+00 2.072384e+00 -4.482185e+00
      endloop
   endfacet
   facet normal 1.204725e-01 1.211826e-02 -9.926427e-01
      outer loop
         vertex 2.040599e+00 2.062405e+00 -4.483781e+00
         vertex 2.052744e+00 2.072384e+00 -4.482185e+00
         vertex 2.052577e+00 2.056726e+00 -4.482396e+00
      endloop
   endfacet
   facet normal 7.228471e-02 5.835579e-02 -9.956754e-01
      outer loop
         vertex 2.800133e+00 4.203169e-01 -4.702935e+00
         vertex 3.041372e+00 4.205615e-01 -4.685407e+00
         vertex 2.798789e+00 3.798803e-01 -4.705403e+00
      endloop
   endfacet
   facet normal 7.143715e-02 6.329163e-02 -9.954350e-01
      outer loop
         vertex 2.798789e+00 3.798803e-01 -4.705403e+00
         vertex 3.041372e+00 4.205615e-01 -4.685407e+00
         vertex 3.041579e+00 3.487453e-01 -4.689958e+00
      endloop
   endfacet
   facet normal 6.766375e-02 3.301015e-02 -9.971619e-01
      outer loop
         vertex 2.798789e+00 3.798803e-01 -4.705403e+00
         vertex 3.041579e+00 3.487453e-01 -4.689958e+00
         vertex 2.793222e+00 3.029102e-01 -4.708328e+00
      endloop
   endfacet
   facet normal 6.748969e-02 3.394540e-02 -9.971423e-01
      outer loop
         vertex 2.793222e+00 3.029102e-01 -4.708328e+00
         vertex 3.041579e+00 3.487453e-01 -4.689958e+00
         vertex 3.037790e+00 2.776259e-01 -4.692636e+00
      endloop
   endfacet
   facet normal 6.370183e-02 -3.203265e-03 -9.979638e-01
      outer loop
         vertex 2.793222e+00 3.029102e-01 -4.708328e+00
         vertex 3.037790e+00 2.776259e-01 -4.692636e+00
         vertex 2.783721e+00 2.292912e-01 -4.708698e+00
      endloop
   endfacet
   facet normal 6.248178e-02 3.235443e-03 -9.980409e-01
      outer loop
         vertex 2.783721e+00 2.292912e-01 -4.708698e+00
         vertex 3.037790e+00 2.776259e-01 -4.692636e+00
         vertex 3.030589e+00 2.137077e-01 -4.693294e+00
      endloop
   endfacet
   facet normal 6.046493e-02 -2.844225e-02 -9.977650e-01
      outer loop
         vertex 2.783721e+00 2.292912e-01 -4.708698e+00
         vertex 3.030589e+00 2.137077e-01 -4.693294e+00
         vertex 2.777184e+00 1.906945e-01 -4.707994e+00
      endloop
   endfacet
   facet normal 6.020274e-02 -2.549423e-02 -9.978605e-01
      outer loop
         vertex 2.777184e+00 1.906945e-01 -4.707994e+00
         vertex 3.030589e+00 2.137077e-01 -4.693294e+00
         vertex 3.021291e+00 1.598898e-01 -4.692480e+00
      endloop
   endfacet
   facet normal 5.703713e-02 -5.020119e-02 -9.971091e-01
      outer loop
         vertex 2.777184e+00 1.906945e-01 -4.707994e+00
         vertex 3.021291e+00 1.598898e-01 -4.692480e+00
         vertex 2.764374e+00 1.281753e-01 -4.705579e+00
      endloop
   endfacet
   facet normal 5.709986e-02 -5.072173e-02 -9.970792e-01
      outer loop
         vertex 2.764374e+00 1.281753e-01 -4.705579e+00
         vertex 3.021291e+00 1.598898e-01 -4.692480e+00
         vertex 3.010694e+00 1.146408e-01 -4.690785e+00
      endloop
   endfacet
   facet normal 5.574530e-02 -7.387530e-02 -9.957082e-01
      outer loop
         vertex 2.764374e+00 1.281753e-01 -4.705579e+00
         vertex 3.010694e+00 1.146408e-01 -4.690785e+00
         vertex 2.755950e+00 9.351848e-02 -4.703480e+00
      endloop
   endfacet
   facet normal 5.602820e-02 -7.746054e-02 -9.954199e-01
      outer loop
         vertex 2.755950e+00 9.351848e-02 -4.703480e+00
         vertex 3.010694e+00 1.146408e-01 -4.690785e+00
         vertex 2.997657e+00 7.080835e-02 -4.688108e+00
      endloop
   endfacet
   facet normal 5.390323e-02 -9.887162e-02 -9.936392e-01
      outer loop
         vertex 2.755950e+00 9.351848e-02 -4.703480e+00
         vertex 2.997657e+00 7.080835e-02 -4.688108e+00
         vertex 2.735455e+00 2.112865e-02 -4.697389e+00
      endloop
   endfacet
   facet normal 5.440062e-02 -1.015523e-01 -9.933417e-01
      outer loop
         vertex 2.735455e+00 2.112865e-02 -4.697389e+00
         vertex 2.997657e+00 7.080835e-02 -4.688108e+00
         vertex 2.981790e+00 2.592416e-02 -4.684388e+00
      endloop
   endfacet
   facet normal 5.475034e-02 -1.277943e-01 -9.902884e-01
      outer loop
         vertex 2.735455e+00 2.112865e-02 -4.697389e+00
         vertex 2.981790e+00 2.592416e-02 -4.684388e+00
         vertex 2.963522e+00 -1.832243e-02 -4.679688e+00
      endloop
   endfacet
   facet normal 1.764036e-01 -2.522533e-02 -9.839946e-01
      outer loop
         vertex 2.051363e+00 2.103306e+00 -4.482999e+00
         vertex 2.059515e+00 2.103896e+00 -4.481552e+00
         vertex 2.052217e+00 2.099599e+00 -4.482750e+00
      endloop
   endfacet
   facet normal 1.661412e-01 -7.216309e-03 -9.860756e-01
      outer loop
         vertex 2.052217e+00 2.099599e+00 -4.482750e+00
         vertex 2.059515e+00 2.103896e+00 -4.481552e+00
         vertex 2.060465e+00 2.100192e+00 -4.481365e+00
      endloop
   endfacet
   facet normal 1.674537e-01 -2.675318e-02 -9.855169e-01
      outer loop
         vertex 2.052217e+00 2.099599e+00 -4.482750e+00
         vertex 2.060465e+00 2.100192e+00 -4.481365e+00
         vertex 2.052764e+00 2.095820e+00 -4.482555e+00
      endloop
   endfacet
   facet normal 1.619378e-01 -1.672714e-02 -9.866592e-01
      outer loop
         vertex 2.052764e+00 2.095820e+00 -4.482555e+00
         vertex 2.060465e+00 2.100192e+00 -4.481365e+00
         vertex 2.061059e+00 2.096416e+00 -4.481203e+00
      endloop
   endfacet
   facet normal 1.624337e-01 -2.416836e-02 -9.864234e-01
      outer loop
         vertex 2.052764e+00 2.095820e+00 -4.482555e+00
         vertex 2.061059e+00 2.096416e+00 -4.481203e+00
         vertex 2.053166e+00 2.088103e+00 -4.482300e+00
      endloop
   endfacet
   facet normal 1.630714e-01 -2.478984e-02 -9.863028e-01
      outer loop
         vertex 2.053166e+00 2.088103e+00 -4.482300e+00
         vertex 2.061059e+00 2.096416e+00 -4.481203e+00
         vertex 2.061444e+00 2.088697e+00 -4.480946e+00
      endloop
   endfacet
   facet normal 1.621835e-01 -1.154100e-02 -9.866931e-01
      outer loop
         vertex 2.053166e+00 2.088103e+00 -4.482300e+00
         vertex 2.061444e+00 2.088697e+00 -4.480946e+00
         vertex 2.052744e+00 2.072384e+00 -4.482185e+00
      endloop
   endfacet
   facet normal 1.916558e-01 -2.768440e-02 -9.810717e-01
      outer loop
         vertex 2.052744e+00 2.072384e+00 -4.482185e+00
         vertex 2.061444e+00 2.088697e+00 -4.480946e+00
         vertex 2.060790e+00 2.072970e+00 -4.480630e+00
      endloop
   endfacet
   facet normal 1.889837e-01 1.124297e-02 -9.819159e-01
      outer loop
         vertex 2.052744e+00 2.072384e+00 -4.482185e+00
         vertex 2.060790e+00 2.072970e+00 -4.480630e+00
         vertex 2.052577e+00 2.056726e+00 -4.482396e+00
      endloop
   endfacet
   facet normal 2.373848e-01 -1.438314e-02 -9.713092e-01
      outer loop
         vertex 2.052577e+00 2.056726e+00 -4.482396e+00
         vertex 2.060790e+00 2.072970e+00 -4.480630e+00
         vertex 2.060432e+00 2.057311e+00 -4.480485e+00
      endloop
   endfacet
   facet normal 2.332006e-01 4.242251e-02 -9.715029e-01
      outer loop
         vertex 2.052577e+00 2.056726e+00 -4.482396e+00
         vertex 2.060432e+00 2.057311e+00 -4.480485e+00
         vertex 2.053784e+00 2.041403e+00 -4.482776e+00
      endloop
   endfacet
   facet normal 2.832007e-01 1.970598e-02 -9.588582e-01
      outer loop
         vertex 2.053784e+00 2.041403e+00 -4.482776e+00
         vertex 2.060432e+00 2.057311e+00 -4.480485e+00
         vertex 2.061668e+00 2.042004e+00 -4.480435e+00
      endloop
   endfacet
   facet normal 2.781015e-01 8.011680e-02 -9.572047e-01
      outer loop
         vertex 2.053784e+00 2.041403e+00 -4.482776e+00
         vertex 2.061668e+00 2.042004e+00 -4.480435e+00
         vertex 2.055225e+00 2.033945e+00 -4.482981e+00
      endloop
   endfacet
   facet normal 2.986824e-01 6.212256e-02 -9.523285e-01
      outer loop
         vertex 2.055225e+00 2.033945e+00 -4.482981e+00
         vertex 2.061668e+00 2.042004e+00 -4.480435e+00
         vertex 2.063258e+00 2.034564e+00 -4.480422e+00
      endloop
   endfacet
   facet normal 2.938155e-01 1.124667e-01 -9.492227e-01
      outer loop
         vertex 2.055225e+00 2.033945e+00 -4.482981e+00
         vertex 2.063258e+00 2.034564e+00 -4.480422e+00
         vertex 2.057393e+00 2.026666e+00 -4.483173e+00
      endloop
   endfacet
   facet normal 3.078194e-01 1.009706e-01 -9.460720e-01
      outer loop
         vertex 2.057393e+00 2.026666e+00 -4.483173e+00
         vertex 2.063258e+00 2.034564e+00 -4.480422e+00
         vertex 2.065692e+00 2.027309e+00 -4.480404e+00
      endloop
   endfacet
   facet normal 3.027944e-01 1.468496e-01 -9.416744e-01
      outer loop
         vertex 2.057393e+00 2.026666e+00 -4.483173e+00
         vertex 2.065692e+00 2.027309e+00 -4.480404e+00
         vertex 2.060311e+00 2.019572e+00 -4.483341e+00
      endloop
   endfacet
   facet normal 3.098277e-01 1.414061e-01 -9.402186e-01
      outer loop
         vertex 2.060311e+00 2.019572e+00 -4.483341e+00
         vertex 2.065692e+00 2.027309e+00 -4.480404e+00
         vertex 2.068996e+00 2.020247e+00 -4.480377e+00
      endloop
   endfacet
   facet normal 3.053545e-01 1.780106e-01 -9.354522e-01
      outer loop
         vertex 2.060311e+00 2.019572e+00 -4.483341e+00
         vertex 2.068996e+00 2.020247e+00 -4.480377e+00
         vertex 2.063900e+00 2.012645e+00 -4.483487e+00
      endloop
   endfacet
   facet normal 3.067081e-01 1.770003e-01 -9.352011e-01
      outer loop
         vertex 2.063900e+00 2.012645e+00 -4.483487e+00
         vertex 2.068996e+00 2.020247e+00 -4.480377e+00
         vertex 2.073078e+00 2.013360e+00 -4.480342e+00
      endloop
   endfacet
   facet normal 3.015406e-01 2.153094e-01 -9.288246e-01
      outer loop
         vertex 2.063900e+00 2.012645e+00 -4.483487e+00
         vertex 2.073078e+00 2.013360e+00 -4.480342e+00
         vertex 2.072756e+00 1.999229e+00 -4.483722e+00
      endloop
   endfacet
   facet normal 2.934477e-01 2.160710e-01 -9.312367e-01
      outer loop
         vertex 2.072756e+00 1.999229e+00 -4.483722e+00
         vertex 2.073078e+00 2.013360e+00 -4.480342e+00
         vertex 2.083193e+00 2.000038e+00 -4.480246e+00
      endloop
   endfacet
   facet normal 2.889329e-01 2.471128e-01 -9.249070e-01
      outer loop
         vertex 2.072756e+00 1.999229e+00 -4.483722e+00
         vertex 2.083193e+00 2.000038e+00 -4.480246e+00
         vertex 2.083299e+00 1.986278e+00 -4.483889e+00
      endloop
   endfacet
   facet normal 2.739253e-01 2.481318e-01 -9.291908e-01
      outer loop
         vertex 2.083299e+00 1.986278e+00 -4.483889e+00
         vertex 2.083193e+00 2.000038e+00 -4.480246e+00
         vertex 2.095266e+00 1.987199e+00 -4.480115e+00
      endloop
   endfacet
   facet normal 2.727628e-01 2.559474e-01 -9.274111e-01
      outer loop
         vertex 2.083299e+00 1.986278e+00 -4.483889e+00
         vertex 2.095266e+00 1.987199e+00 -4.480115e+00
         vertex 2.174138e+00 1.887830e+00 -4.484342e+00
      endloop
   endfacet
   facet normal 2.044418e-01 2.030034e-01 -9.575976e-01
      outer loop
         vertex 2.174138e+00 1.887830e+00 -4.484342e+00
         vertex 2.095266e+00 1.987199e+00 -4.480115e+00
         vertex 2.199438e+00 1.889717e+00 -4.478540e+00
      endloop
   endfacet
   facet normal 2.030625e-01 2.146079e-01 -9.553581e-01
      outer loop
         vertex 2.174138e+00 1.887830e+00 -4.484342e+00
         vertex 2.199438e+00 1.889717e+00 -4.478540e+00
         vertex 2.219110e+00 1.840383e+00 -4.485441e+00
      endloop
   endfacet
   facet normal 1.863396e-01 2.086011e-01 -9.600850e-01
      outer loop
         vertex 2.219110e+00 1.840383e+00 -4.485441e+00
         vertex 2.199438e+00 1.889717e+00 -4.478540e+00
         vertex 2.250977e+00 1.842794e+00 -4.478733e+00
      endloop
   endfacet
   facet normal 1.836122e-01 2.314863e-01 -9.553537e-01
      outer loop
         vertex 2.219110e+00 1.840383e+00 -4.485441e+00
         vertex 2.250977e+00 1.842794e+00 -4.478733e+00
         vertex 2.265855e+00 1.794042e+00 -4.487686e+00
      endloop
   endfacet
   facet normal 1.692823e-01 2.277624e-01 -9.588888e-01
      outer loop
         vertex 2.265855e+00 1.794042e+00 -4.487686e+00
         vertex 2.250977e+00 1.842794e+00 -4.478733e+00
         vertex 2.304522e+00 1.797033e+00 -4.480149e+00
      endloop
   endfacet
   facet normal 1.665686e-01 2.500300e-01 -9.538029e-01
      outer loop
         vertex 2.265855e+00 1.794042e+00 -4.487686e+00
         vertex 2.304522e+00 1.797033e+00 -4.480149e+00
         vertex 2.360340e+00 1.703375e+00 -4.494953e+00
      endloop
   endfacet
   facet normal 1.463683e-01 2.389603e-01 -9.599345e-01
      outer loop
         vertex 2.360340e+00 1.703375e+00 -4.494953e+00
         vertex 2.304522e+00 1.797033e+00 -4.480149e+00
         vertex 2.412651e+00 1.707657e+00 -4.485911e+00
      endloop
   endfacet
   facet normal 1.421292e-01 2.729037e-01 -9.514845e-01
      outer loop
         vertex 2.360340e+00 1.703375e+00 -4.494953e+00
         vertex 2.412651e+00 1.707657e+00 -4.485911e+00
         vertex 2.455363e+00 1.615379e+00 -4.505998e+00
      endloop
   endfacet
   facet normal 1.269030e-01 2.667054e-01 -9.553868e-01
      outer loop
         vertex 2.455363e+00 1.615379e+00 -4.505998e+00
         vertex 2.412651e+00 1.707657e+00 -4.485911e+00
         vertex 2.521257e+00 1.621190e+00 -4.495623e+00
      endloop
   endfacet
   facet normal 1.253819e-01 2.783643e-01 -9.522566e-01
      outer loop
         vertex 2.455363e+00 1.615379e+00 -4.505998e+00
         vertex 2.521257e+00 1.621190e+00 -4.495623e+00
         vertex 2.503461e+00 1.569215e+00 -4.513159e+00
      endloop
   endfacet
   facet normal 1.199480e-01 2.802722e-01 -9.523969e-01
      outer loop
         vertex 2.503461e+00 1.569215e+00 -4.513159e+00
         vertex 2.521257e+00 1.621190e+00 -4.495623e+00
         vertex 2.576124e+00 1.575462e+00 -4.502169e+00
      endloop
   endfacet
   facet normal 1.214303e-01 2.686060e-01 -9.555655e-01
      outer loop
         vertex 2.503461e+00 1.569215e+00 -4.513159e+00
         vertex 2.576124e+00 1.575462e+00 -4.502169e+00
         vertex 2.551264e+00 1.519665e+00 -4.521013e+00
      endloop
   endfacet
   facet normal 1.182400e-01 2.700273e-01 -9.555651e-01
      outer loop
         vertex 2.551264e+00 1.519665e+00 -4.521013e+00
         vertex 2.576124e+00 1.575462e+00 -4.502169e+00
         vertex 2.630657e+00 1.525870e+00 -4.509436e+00
      endloop
   endfacet
   facet normal 1.205476e-01 2.500712e-01 -9.606939e-01
      outer loop
         vertex 2.551264e+00 1.519665e+00 -4.521013e+00
         vertex 2.630657e+00 1.525870e+00 -4.509436e+00
         vertex 2.597924e+00 1.466109e+00 -4.529099e+00
      endloop
   endfacet
   facet normal 1.191941e-01 2.508051e-01 -9.606714e-01
      outer loop
         vertex 2.597924e+00 1.466109e+00 -4.529099e+00
         vertex 2.630657e+00 1.525870e+00 -4.509436e+00
         vertex 2.683975e+00 1.471709e+00 -4.516960e+00
      endloop
   endfacet
   facet normal 1.201766e-01 2.409205e-01 -9.630758e-01
      outer loop
         vertex 2.597924e+00 1.466109e+00 -4.529099e+00
         vertex 2.683975e+00 1.471709e+00 -4.516960e+00
         vertex 2.643199e+00 1.410040e+00 -4.537475e+00
      endloop
   endfacet
   facet normal 1.196817e-01 2.412415e-01 -9.630570e-01
      outer loop
         vertex 2.643199e+00 1.410040e+00 -4.537475e+00
         vertex 2.683975e+00 1.471709e+00 -4.516960e+00
         vertex 2.735803e+00 1.414696e+00 -4.524801e+00
      endloop
   endfacet
   facet normal 1.197816e-01 2.400377e-01 -9.633454e-01
      outer loop
         vertex 2.643199e+00 1.410040e+00 -4.537475e+00
         vertex 2.735803e+00 1.414696e+00 -4.524801e+00
         vertex 2.686980e+00 1.352892e+00 -4.546271e+00
      endloop
   endfacet
   facet normal 1.195691e-01 2.402006e-01 -9.633311e-01
      outer loop
         vertex 2.686980e+00 1.352892e+00 -4.546271e+00
         vertex 2.735803e+00 1.414696e+00 -4.524801e+00
         vertex 2.785996e+00 1.356472e+00 -4.533089e+00
      endloop
   endfacet
   facet normal 1.197561e-01 2.374516e-01 -9.639892e-01
      outer loop
         vertex 2.686980e+00 1.352892e+00 -4.546271e+00
         vertex 2.785996e+00 1.356472e+00 -4.533089e+00
         vertex 2.729089e+00 1.294367e+00 -4.555456e+00
      endloop
   endfacet
   facet normal 1.198704e-01 2.373507e-01 -9.639999e-01
      outer loop
         vertex 2.729089e+00 1.294367e+00 -4.555456e+00
         vertex 2.785996e+00 1.356472e+00 -4.533089e+00
         vertex 2.834350e+00 1.296695e+00 -4.541794e+00
      endloop
   endfacet
   facet normal 1.200702e-01 2.335773e-01 -9.648963e-01
      outer loop
         vertex 2.729089e+00 1.294367e+00 -4.555456e+00
         vertex 2.834350e+00 1.296695e+00 -4.541794e+00
         vertex 2.769338e+00 1.234126e+00 -4.565030e+00
      endloop
   endfacet
   facet normal 1.205514e-01 2.330980e-01 -9.649522e-01
      outer loop
         vertex 2.769338e+00 1.234126e+00 -4.565030e+00
         vertex 2.834350e+00 1.296695e+00 -4.541794e+00
         vertex 2.880655e+00 1.234988e+00 -4.550915e+00
      endloop
   endfacet
   facet normal 1.205851e-01 2.322033e-01 -9.651636e-01
      outer loop
         vertex 2.769338e+00 1.234126e+00 -4.565030e+00
         vertex 2.880655e+00 1.234988e+00 -4.550915e+00
         vertex 2.807540e+00 1.172377e+00 -4.575113e+00
      endloop
   endfacet
   facet normal 1.213219e-01 2.313833e-01 -9.652682e-01
      outer loop
         vertex 2.807540e+00 1.172377e+00 -4.575113e+00
         vertex 2.880655e+00 1.234988e+00 -4.550915e+00
         vertex 2.924698e+00 1.171627e+00 -4.560568e+00
      endloop
   endfacet
   facet normal 1.213521e-01 2.300663e-01 -9.655792e-01
      outer loop
         vertex 2.807540e+00 1.172377e+00 -4.575113e+00
         vertex 2.924698e+00 1.171627e+00 -4.560568e+00
         vertex 2.843527e+00 1.109248e+00 -4.585632e+00
      endloop
   endfacet
   facet normal 1.222438e-01 2.289659e-01 -9.657283e-01
      outer loop
         vertex 2.843527e+00 1.109248e+00 -4.585632e+00
         vertex 2.924698e+00 1.171627e+00 -4.560568e+00
         vertex 2.966285e+00 1.106788e+00 -4.570676e+00
      endloop
   endfacet
   facet normal 1.222956e-01 2.227174e-01 -9.671819e-01
      outer loop
         vertex 2.843527e+00 1.109248e+00 -4.585632e+00
         vertex 2.966285e+00 1.106788e+00 -4.570676e+00
         vertex 2.877147e+00 1.044675e+00 -4.596251e+00
      endloop
   endfacet
   facet normal 1.232662e-01 2.213984e-01 -9.673614e-01
      outer loop
         vertex 2.877147e+00 1.044675e+00 -4.596251e+00
         vertex 2.966285e+00 1.106788e+00 -4.570676e+00
         vertex 3.005238e+00 1.040416e+00 -4.580903e+00
      endloop
   endfacet
   facet normal 1.232191e-01 2.138312e-01 -9.690683e-01
      outer loop
         vertex 2.877147e+00 1.044675e+00 -4.596251e+00
         vertex 3.005238e+00 1.040416e+00 -4.580903e+00
         vertex 2.908202e+00 9.786509e-01 -4.606870e+00
      endloop
   endfacet
   facet normal 1.242455e-01 2.123047e-01 -9.692728e-01
      outer loop
         vertex 2.908202e+00 9.786509e-01 -4.606870e+00
         vertex 3.005238e+00 1.040416e+00 -4.580903e+00
         vertex 3.041331e+00 9.724968e-01 -4.591153e+00
      endloop
   endfacet
   facet normal 1.241206e-01 2.061983e-01 -9.706062e-01
      outer loop
         vertex 2.908202e+00 9.786509e-01 -4.606870e+00
         vertex 3.041331e+00 9.724968e-01 -4.591153e+00
         vertex 2.936455e+00 9.112101e-01 -4.617585e+00
      endloop
   endfacet
   facet normal 1.252373e-01 2.043905e-01 -9.708451e-01
      outer loop
         vertex 2.936455e+00 9.112101e-01 -4.617585e+00
         vertex 3.041331e+00 9.724968e-01 -4.591153e+00
         vertex 3.074294e+00 9.030408e-01 -4.601524e+00
      endloop
   endfacet
   facet normal 1.249811e-01 1.970046e-01 -9.724037e-01
      outer loop
         vertex 2.936455e+00 9.112101e-01 -4.617585e+00
         vertex 3.074294e+00 9.030408e-01 -4.601524e+00
         vertex 2.961668e+00 8.422369e-01 -4.628318e+00
      endloop
   endfacet
   facet normal 1.262105e-01 1.948489e-01 -9.726792e-01
      outer loop
         vertex 2.961668e+00 8.422369e-01 -4.628318e+00
         vertex 3.074294e+00 9.030408e-01 -4.601524e+00
         vertex 3.103852e+00 8.318803e-01 -4.611943e+00
      endloop
   endfacet
   facet normal 1.258462e-01 1.874872e-01 -9.741721e-01
      outer loop
         vertex 2.961668e+00 8.422369e-01 -4.628318e+00
         vertex 3.103852e+00 8.318803e-01 -4.611943e+00
         vertex 2.983622e+00 7.718199e-01 -4.639034e+00
      endloop
   endfacet
   facet normal 1.271497e-01 1.850147e-01 -9.744755e-01
      outer loop
         vertex 2.983622e+00 7.718199e-01 -4.639034e+00
         vertex 3.103852e+00 8.318803e-01 -4.611943e+00
         vertex 3.129753e+00 7.591215e-01 -4.622378e+00
      endloop
   endfacet
   facet normal 1.272138e-01 1.860117e-01 -9.742773e-01
      outer loop
         vertex 2.983622e+00 7.718199e-01 -4.639034e+00
         vertex 3.129753e+00 7.591215e-01 -4.622378e+00
         vertex 3.002150e+00 7.010245e-01 -4.650131e+00
      endloop
   endfacet
   facet normal 1.284402e-01 1.834712e-01 -9.745981e-01
      outer loop
         vertex 3.002150e+00 7.010245e-01 -4.650131e+00
         vertex 3.129753e+00 7.591215e-01 -4.622378e+00
         vertex 3.151836e+00 6.861388e-01 -4.633207e+00
      endloop
   endfacet
   facet normal 1.283718e-01 1.825829e-01 -9.747739e-01
      outer loop
         vertex 3.002150e+00 7.010245e-01 -4.650131e+00
         vertex 3.151836e+00 6.861388e-01 -4.633207e+00
         vertex 3.017208e+00 6.306503e-01 -4.661330e+00
      endloop
   endfacet
   facet normal 1.293228e-01 1.804162e-01 -9.750516e-01
      outer loop
         vertex 3.017208e+00 6.306503e-01 -4.661330e+00
         vertex 3.151836e+00 6.861388e-01 -4.633207e+00
         vertex 3.170060e+00 6.139922e-01 -4.644139e+00
      endloop
   endfacet
   facet normal 1.274339e-01 1.589865e-01 -9.790219e-01
      outer loop
         vertex 3.017208e+00 6.306503e-01 -4.661330e+00
         vertex 3.170060e+00 6.139922e-01 -4.644139e+00
         vertex 3.028904e+00 5.606909e-01 -4.671169e+00
      endloop
   endfacet
   facet normal 1.279796e-01 1.576177e-01 -9.791721e-01
      outer loop
         vertex 3.028904e+00 5.606909e-01 -4.671169e+00
         vertex 3.170060e+00 6.139922e-01 -4.644139e+00
         vertex 3.184520e+00 5.427343e-01 -4.653720e+00
      endloop
   endfacet
   facet normal 1.249720e-01 1.268435e-01 -9.840187e-01
      outer loop
         vertex 3.028904e+00 5.606909e-01 -4.671169e+00
         vertex 3.184520e+00 5.427343e-01 -4.653720e+00
         vertex 3.037073e+00 4.908543e-01 -4.679133e+00
      endloop
   endfacet
   facet normal 1.252764e-01 1.260116e-01 -9.840868e-01
      outer loop
         vertex 3.037073e+00 4.908543e-01 -4.679133e+00
         vertex 3.184520e+00 5.427343e-01 -4.653720e+00
         vertex 3.195002e+00 4.719055e-01 -4.661455e+00
      endloop
   endfacet
   facet normal 1.220594e-01 9.563812e-02 -9.879043e-01
      outer loop
         vertex 3.037073e+00 4.908543e-01 -4.679133e+00
         vertex 3.195002e+00 4.719055e-01 -4.661455e+00
         vertex 3.041372e+00 4.205615e-01 -4.685407e+00
      endloop
   endfacet
   facet normal 1.222955e-01 9.494925e-02 -9.879415e-01
      outer loop
         vertex 3.041372e+00 4.205615e-01 -4.685407e+00
         vertex 3.195002e+00 4.719055e-01 -4.661455e+00
         vertex 3.201103e+00 4.006348e-01 -4.667549e+00
      endloop
   endfacet
   facet normal 1.186610e-01 6.314177e-02 -9.909252e-01
      outer loop
         vertex 3.041372e+00 4.205615e-01 -4.685407e+00
         vertex 3.201103e+00 4.006348e-01 -4.667549e+00
         vertex 3.041579e+00 3.487453e-01 -4.689958e+00
      endloop
   endfacet
   facet normal 1.188910e-01 6.244188e-02 -9.909419e-01
      outer loop
         vertex 3.041579e+00 3.487453e-01 -4.689958e+00
         vertex 3.201103e+00 4.006348e-01 -4.667549e+00
         vertex 3.202551e+00 3.276718e-01 -4.671973e+00
      endloop
   endfacet
   facet normal 1.150234e-01 3.125210e-02 -9.928711e-01
      outer loop
         vertex 3.041579e+00 3.487453e-01 -4.689958e+00
         vertex 3.202551e+00 3.276718e-01 -4.671973e+00
         vertex 3.037790e+00 2.776259e-01 -4.692636e+00
      endloop
   endfacet
   facet normal 1.151321e-01 3.089356e-02 -9.928697e-01
      outer loop
         vertex 3.037790e+00 2.776259e-01 -4.692636e+00
         vertex 3.202551e+00 3.276718e-01 -4.671973e+00
         vertex 3.199476e+00 2.555811e-01 -4.674573e+00
      endloop
   endfacet
   facet normal 1.107237e-01 -2.242089e-03 -9.938487e-01
      outer loop
         vertex 3.037790e+00 2.776259e-01 -4.692636e+00
         vertex 3.199476e+00 2.555811e-01 -4.674573e+00
         vertex 3.030589e+00 2.137077e-01 -4.693294e+00
      endloop
   endfacet
   facet normal 1.106920e-01 -2.112547e-03 -9.938525e-01
      outer loop
         vertex 3.030589e+00 2.137077e-01 -4.693294e+00
         vertex 3.199476e+00 2.555811e-01 -4.674573e+00
         vertex 3.192581e+00 1.918219e-01 -4.675205e+00
      endloop
   endfacet
   facet normal 1.064510e-01 -3.342304e-02 -9.937560e-01
      outer loop
         vertex 3.030589e+00 2.137077e-01 -4.693294e+00
         vertex 3.192581e+00 1.918219e-01 -4.675205e+00
         vertex 3.021291e+00 1.598898e-01 -4.692480e+00
      endloop
   endfacet
   facet normal 1.065927e-01 -3.420569e-02 -9.937142e-01
      outer loop
         vertex 3.021291e+00 1.598898e-01 -4.692480e+00
         vertex 3.192581e+00 1.918219e-01 -4.675205e+00
         vertex 3.183208e+00 1.396015e-01 -4.674413e+00
      endloop
   endfacet
   facet normal 1.030897e-01 -6.133050e-02 -9.927795e-01
      outer loop
         vertex 3.021291e+00 1.598898e-01 -4.692480e+00
         vertex 3.183208e+00 1.396015e-01 -4.674413e+00
         vertex 3.010694e+00 1.146408e-01 -4.690785e+00
      endloop
   endfacet
   facet normal 1.036130e-01 -6.514256e-02 -9.924821e-01
      outer loop
         vertex 3.010694e+00 1.146408e-01 -4.690785e+00
         vertex 3.183208e+00 1.396015e-01 -4.674413e+00
         vertex 3.172102e+00 9.707128e-02 -4.672781e+00
      endloop
   endfacet
   facet normal 1.006698e-01 -9.045637e-02 -9.907993e-01
      outer loop
         vertex 3.010694e+00 1.146408e-01 -4.690785e+00
         vertex 3.172102e+00 9.707128e-02 -4.672781e+00
         vertex 2.997657e+00 7.080835e-02 -4.688108e+00
      endloop
   endfacet
   facet normal 1.016257e-01 -9.723758e-02 -9.900591e-01
      outer loop
         vertex 2.997657e+00 7.080835e-02 -4.688108e+00
         vertex 3.172102e+00 9.707128e-02 -4.672781e+00
         vertex 3.158001e+00 5.612315e-02 -4.670207e+00
      endloop
   endfacet
   facet normal 9.959011e-02 -1.170938e-01 -9.881148e-01
      outer loop
         vertex 2.997657e+00 7.080835e-02 -4.688108e+00
         vertex 3.158001e+00 5.612315e-02 -4.670207e+00
         vertex 2.981790e+00 2.592416e-02 -4.684388e+00
      endloop
   endfacet
   facet normal 1.009570e-01 -1.256269e-01 -9.869273e-01
      outer loop
         vertex 2.981790e+00 2.592416e-02 -4.684388e+00
         vertex 3.158001e+00 5.612315e-02 -4.670207e+00
         vertex 3.140484e+00 1.394360e-02 -4.666630e+00
      endloop
   endfacet
   facet normal 9.917052e-02 -1.455059e-01 -9.843745e-01
      outer loop
         vertex 2.981790e+00 2.592416e-02 -4.684388e+00
         vertex 3.140484e+00 1.394360e-02 -4.666630e+00
         vertex 2.963522e+00 -1.832243e-02 -4.679688e+00
      endloop
   endfacet
   facet normal 1.010706e-01 -1.567012e-01 -9.824609e-01
      outer loop
         vertex 2.963522e+00 -1.832243e-02 -4.679688e+00
         vertex 3.140484e+00 1.394360e-02 -4.666630e+00
         vertex 3.120029e+00 -2.758670e-02 -4.662110e+00
      endloop
   endfacet
   facet normal 1.000747e-01 -1.696375e-01 -9.804122e-01
      outer loop
         vertex 2.963522e+00 -1.832243e-02 -4.679688e+00
         vertex 3.120029e+00 -2.758670e-02 -4.662110e+00
         vertex 2.942949e+00 -6.281874e-02 -4.674089e+00
      endloop
   endfacet
   facet normal 1.024751e-01 -1.825775e-01 -9.778365e-01
      outer loop
         vertex 2.942949e+00 -6.281874e-02 -4.674089e+00
         vertex 3.120029e+00 -2.758670e-02 -4.662110e+00
         vertex 3.096747e+00 -6.946889e-02 -4.656730e+00
      endloop
   endfacet
   facet normal 1.011807e-01 -2.025674e-01 -9.740271e-01
      outer loop
         vertex 2.942949e+00 -6.281874e-02 -4.674089e+00
         vertex 3.096747e+00 -6.946889e-02 -4.656730e+00
         vertex 2.895001e+00 -1.554391e-01 -4.659808e+00
      endloop
   endfacet
   facet normal 1.742975e-01 4.342571e-03 -9.846835e-01
      outer loop
         vertex 2.059641e+00 -1.399648e+00 -4.481553e+00
         vertex 2.051468e+00 -1.399663e+00 -4.482999e+00
         vertex 2.060318e+00 -1.395886e+00 -4.481416e+00
      endloop
   endfacet
   facet normal 1.651786e-01 2.622535e-02 -9.859149e-01
      outer loop
         vertex 2.060318e+00 -1.395886e+00 -4.481416e+00
         vertex 2.051468e+00 -1.399663e+00 -4.482999e+00
         vertex 2.052049e+00 -1.395902e+00 -4.482802e+00
      endloop
   endfacet
   facet normal 1.652392e-01 1.483934e-02 -9.861419e-01
      outer loop
         vertex 2.060318e+00 -1.395886e+00 -4.481416e+00
         vertex 2.052049e+00 -1.395902e+00 -4.482802e+00
         vertex 2.060638e+00 -1.392075e+00 -4.481305e+00
      endloop
   endfacet
   facet normal 1.604060e-01 2.590835e-02 -9.867110e-01
      outer loop
         vertex 2.060638e+00 -1.392075e+00 -4.481305e+00
         vertex 2.052049e+00 -1.395902e+00 -4.482802e+00
         vertex 2.052322e+00 -1.392092e+00 -4.482658e+00
      endloop
   endfacet
   facet normal 1.604233e-01 2.300063e-02 -9.867803e-01
      outer loop
         vertex 2.060638e+00 -1.392075e+00 -4.481305e+00
         vertex 2.052322e+00 -1.392092e+00 -4.482658e+00
         vertex 2.060466e+00 -1.384346e+00 -4.481153e+00
      endloop
   endfacet
   facet normal 1.610347e-01 2.234149e-02 -9.866958e-01
      outer loop
         vertex 2.060466e+00 -1.384346e+00 -4.481153e+00
         vertex 2.052322e+00 -1.392092e+00 -4.482658e+00
         vertex 2.052168e+00 -1.384363e+00 -4.482508e+00
      endloop
   endfacet
   facet normal 1.610209e-01 2.471190e-02 -9.866416e-01
      outer loop
         vertex 2.060466e+00 -1.384346e+00 -4.481153e+00
         vertex 2.052168e+00 -1.384363e+00 -4.482508e+00
         vertex 2.058698e+00 -1.368697e+00 -4.481050e+00
      endloop
   endfacet
   facet normal 1.894508e-01 1.241256e-02 -9.818118e-01
      outer loop
         vertex 2.058698e+00 -1.368697e+00 -4.481050e+00
         vertex 2.052168e+00 -1.384363e+00 -4.482508e+00
         vertex 2.050631e+00 -1.368710e+00 -4.482606e+00
      endloop
   endfacet
   facet normal 1.894461e-01 1.358932e-02 -9.817971e-01
      outer loop
         vertex 2.058698e+00 -1.368697e+00 -4.481050e+00
         vertex 2.050631e+00 -1.368710e+00 -4.482606e+00
         vertex 2.057234e+00 -1.353102e+00 -4.481116e+00
      endloop
   endfacet
   facet normal 2.359259e-01 -7.032579e-03 -9.717456e-01
      outer loop
         vertex 2.057234e+00 -1.353102e+00 -4.481116e+00
         vertex 2.050631e+00 -1.368710e+00 -4.482606e+00
         vertex 2.049357e+00 -1.353107e+00 -4.483029e+00
      endloop
   endfacet
   facet normal 2.359173e-01 -1.228249e-02 -9.716955e-01
      outer loop
         vertex 2.057234e+00 -1.353102e+00 -4.481116e+00
         vertex 2.049357e+00 -1.353107e+00 -4.483029e+00
         vertex 2.057389e+00 -1.337750e+00 -4.481273e+00
      endloop
   endfacet
   facet normal 2.837019e-01 -3.882627e-02 -9.581262e-01
      outer loop
         vertex 2.057389e+00 -1.337750e+00 -4.481273e+00
         vertex 2.049357e+00 -1.353107e+00 -4.483029e+00
         vertex 2.049479e+00 -1.337746e+00 -4.483615e+00
      endloop
   endfacet
   facet normal 2.835381e-01 -5.125861e-02 -9.575901e-01
      outer loop
         vertex 2.057389e+00 -1.337750e+00 -4.481273e+00
         vertex 2.049479e+00 -1.337746e+00 -4.483615e+00
         vertex 2.058454e+00 -1.330221e+00 -4.481360e+00
      endloop
   endfacet
   facet normal 3.018556e-01 -7.526553e-02 -9.503780e-01
      outer loop
         vertex 2.058454e+00 -1.330221e+00 -4.481360e+00
         vertex 2.049479e+00 -1.337746e+00 -4.483615e+00
         vertex 2.050393e+00 -1.330213e+00 -4.483921e+00
      endloop
   endfacet
   facet normal 3.015096e-01 -8.870221e-02 -9.493281e-01
      outer loop
         vertex 2.058454e+00 -1.330221e+00 -4.481360e+00
         vertex 2.050393e+00 -1.330213e+00 -4.483921e+00
         vertex 2.060375e+00 -1.322818e+00 -4.481442e+00
      endloop
   endfacet
   facet normal 3.135082e-01 -1.068358e-01 -9.435564e-01
      outer loop
         vertex 2.060375e+00 -1.322818e+00 -4.481442e+00
         vertex 2.050393e+00 -1.330213e+00 -4.483921e+00
         vertex 2.052044e+00 -1.322808e+00 -4.484211e+00
      endloop
   endfacet
   facet normal 3.126325e-01 -1.294560e-01 -9.410112e-01
      outer loop
         vertex 2.060375e+00 -1.322818e+00 -4.481442e+00
         vertex 2.052044e+00 -1.322808e+00 -4.484211e+00
         vertex 2.063174e+00 -1.315548e+00 -4.481512e+00
      endloop
   endfacet
   facet normal 3.185058e-01 -1.397419e-01 -9.375640e-01
      outer loop
         vertex 2.063174e+00 -1.315548e+00 -4.481512e+00
         vertex 2.052044e+00 -1.322808e+00 -4.484211e+00
         vertex 2.054455e+00 -1.315534e+00 -4.484477e+00
      endloop
   endfacet
   facet normal 3.171192e-01 -1.667434e-01 -9.336124e-01
      outer loop
         vertex 2.063174e+00 -1.315548e+00 -4.481512e+00
         vertex 2.054455e+00 -1.315534e+00 -4.484477e+00
         vertex 2.066759e+00 -1.308396e+00 -4.481572e+00
      endloop
   endfacet
   facet normal 3.181631e-01 -1.688410e-01 -9.328799e-01
      outer loop
         vertex 2.066759e+00 -1.308396e+00 -4.481572e+00
         vertex 2.054455e+00 -1.315534e+00 -4.484477e+00
         vertex 2.057542e+00 -1.308380e+00 -4.484718e+00
      endloop
   endfacet
   facet normal 3.153969e-01 -2.118951e-01 -9.250001e-01
      outer loop
         vertex 2.066759e+00 -1.308396e+00 -4.481572e+00
         vertex 2.057542e+00 -1.308380e+00 -4.484718e+00
         vertex 2.075898e+00 -1.294401e+00 -4.481662e+00
      endloop
   endfacet
   facet normal 3.081607e-01 -2.013471e-01 -9.297830e-01
      outer loop
         vertex 2.075898e+00 -1.294401e+00 -4.481662e+00
         vertex 2.057542e+00 -1.308380e+00 -4.484718e+00
         vertex 2.065418e+00 -1.294382e+00 -4.485139e+00
      endloop
   endfacet
   facet normal 3.044310e-01 -2.512048e-01 -9.188133e-01
      outer loop
         vertex 2.075898e+00 -1.294401e+00 -4.481662e+00
         vertex 2.065418e+00 -1.294382e+00 -4.485139e+00
         vertex 2.087016e+00 -1.280735e+00 -4.481714e+00
      endloop
   endfacet
   facet normal 2.914873e-01 -2.281731e-01 -9.289630e-01
      outer loop
         vertex 2.087016e+00 -1.280735e+00 -4.481714e+00
         vertex 2.065418e+00 -1.294382e+00 -4.485139e+00
         vertex 2.075002e+00 -1.280717e+00 -4.485488e+00
      endloop
   endfacet
   facet normal 2.888458e-01 -2.623939e-01 -9.207158e-01
      outer loop
         vertex 2.087016e+00 -1.280735e+00 -4.481714e+00
         vertex 2.075002e+00 -1.280717e+00 -4.485488e+00
         vertex 2.183976e+00 -1.174463e+00 -4.481582e+00
      endloop
   endfacet
   facet normal 2.203704e-01 -1.908478e-01 -9.565636e-01
      outer loop
         vertex 2.183976e+00 -1.174463e+00 -4.481582e+00
         vertex 2.075002e+00 -1.280717e+00 -4.485488e+00
         vertex 2.158607e+00 -1.174668e+00 -4.487386e+00
      endloop
   endfacet
   facet normal 2.192236e-01 -2.201158e-01 -9.505209e-01
      outer loop
         vertex 2.183976e+00 -1.174463e+00 -4.481582e+00
         vertex 2.158607e+00 -1.174668e+00 -4.487386e+00
         vertex 2.280207e+00 -1.066883e+00 -4.484301e+00
      endloop
   endfacet
   facet normal 1.924992e-01 -1.896145e-01 -9.628034e-01
      outer loop
         vertex 2.280207e+00 -1.066883e+00 -4.484301e+00
         vertex 2.158607e+00 -1.174668e+00 -4.487386e+00
         vertex 2.241436e+00 -1.067981e+00 -4.491836e+00
      endloop
   endfacet
   facet normal 1.920199e-01 -2.257919e-01 -9.550635e-01
      outer loop
         vertex 2.280207e+00 -1.066883e+00 -4.484301e+00
         vertex 2.241436e+00 -1.067981e+00 -4.491836e+00
         vertex 2.376953e+00 -9.573942e-01 -4.490735e+00
      endloop
   endfacet
   facet normal 1.757806e-01 -2.058159e-01 -9.626739e-01
      outer loop
         vertex 2.376953e+00 -9.573942e-01 -4.490735e+00
         vertex 2.241436e+00 -1.067981e+00 -4.491836e+00
         vertex 2.324525e+00 -9.598929e-01 -4.499773e+00
      endloop
   endfacet
   facet normal 1.760075e-01 -2.348483e-01 -9.559643e-01
      outer loop
         vertex 2.376953e+00 -9.573942e-01 -4.490735e+00
         vertex 2.324525e+00 -9.598929e-01 -4.499773e+00
         vertex 2.471894e+00 -8.454623e-01 -4.500752e+00
      endloop
   endfacet
   facet normal 1.657104e-01 -2.216298e-01 -9.609476e-01
      outer loop
         vertex 2.471894e+00 -8.454623e-01 -4.500752e+00
         vertex 2.324525e+00 -9.598929e-01 -4.499773e+00
         vertex 2.405888e+00 -8.498344e-01 -4.511126e+00
      endloop
   endfacet
   facet normal 1.667476e-01 -2.618592e-01 -9.505919e-01
      outer loop
         vertex 2.471894e+00 -8.454623e-01 -4.500752e+00
         vertex 2.405888e+00 -8.498344e-01 -4.511126e+00
         vertex 2.564275e+00 -7.369103e-01 -4.514450e+00
      endloop
   endfacet
   facet normal 1.573825e-01 -2.488731e-01 -9.556636e-01
      outer loop
         vertex 2.564275e+00 -7.369103e-01 -4.514450e+00
         vertex 2.405888e+00 -8.498344e-01 -4.511126e+00
         vertex 2.484850e+00 -7.427220e-01 -4.526017e+00
      endloop
   endfacet
   facet normal 1.588619e-01 -2.973777e-01 -9.414507e-01
      outer loop
         vertex 2.564275e+00 -7.369103e-01 -4.514450e+00
         vertex 2.484850e+00 -7.427220e-01 -4.526017e+00
         vertex 2.655159e+00 -6.345919e-01 -4.531434e+00
      endloop
   endfacet
   facet normal 1.486670e-01 -2.816451e-01 -9.479315e-01
      outer loop
         vertex 2.655159e+00 -6.345919e-01 -4.531434e+00
         vertex 2.484850e+00 -7.427220e-01 -4.526017e+00
         vertex 2.562599e+00 -6.409357e-01 -4.544065e+00
      endloop
   endfacet
   facet normal 1.495246e-01 -3.163566e-01 -9.367822e-01
      outer loop
         vertex 2.655159e+00 -6.345919e-01 -4.531434e+00
         vertex 2.562599e+00 -6.409357e-01 -4.544065e+00
         vertex 2.743095e+00 -5.327576e-01 -4.551788e+00
      endloop
   endfacet
   facet normal 1.409778e-01 -3.025159e-01 -9.426608e-01
      outer loop
         vertex 2.743095e+00 -5.327576e-01 -4.551788e+00
         vertex 2.562599e+00 -6.409357e-01 -4.544065e+00
         vertex 2.637900e+00 -5.394986e-01 -4.565357e+00
      endloop
   endfacet
   facet normal 1.417328e-01 -3.415984e-01 -9.290976e-01
      outer loop
         vertex 2.743095e+00 -5.327576e-01 -4.551788e+00
         vertex 2.637900e+00 -5.394986e-01 -4.565357e+00
         vertex 2.826799e+00 -4.322011e-01 -4.575990e+00
      endloop
   endfacet
   facet normal 1.338727e-01 -3.283477e-01 -9.350219e-01
      outer loop
         vertex 2.826799e+00 -4.322011e-01 -4.575990e+00
         vertex 2.637900e+00 -5.394986e-01 -4.565357e+00
         vertex 2.709633e+00 -4.389652e-01 -4.590390e+00
      endloop
   endfacet
   facet normal 1.343424e-01 -3.701681e-01 -9.191995e-01
      outer loop
         vertex 2.826799e+00 -4.322011e-01 -4.575990e+00
         vertex 2.709633e+00 -4.389652e-01 -4.590390e+00
         vertex 2.905120e+00 -3.381725e-01 -4.602409e+00
      endloop
   endfacet
   facet normal 1.239476e-01 -3.510699e-01 -9.281093e-01
      outer loop
         vertex 2.905120e+00 -3.381725e-01 -4.602409e+00
         vertex 2.709633e+00 -4.389652e-01 -4.590390e+00
         vertex 2.776814e+00 -3.431328e-01 -4.617668e+00
      endloop
   endfacet
   facet normal 1.240444e-01 -3.308051e-01 -9.355111e-01
      outer loop
         vertex 2.905120e+00 -3.381725e-01 -4.602409e+00
         vertex 2.776814e+00 -3.431328e-01 -4.617668e+00
         vertex 2.977371e+00 -2.481961e-01 -4.624646e+00
      endloop
   endfacet
   facet normal 1.135179e-01 -3.092057e-01 -9.441957e-01
      outer loop
         vertex 2.977371e+00 -2.481961e-01 -4.624646e+00
         vertex 2.776814e+00 -3.431328e-01 -4.617668e+00
         vertex 2.839058e+00 -2.498277e-01 -4.640740e+00
      endloop
   endfacet
   facet normal 1.140351e-01 -2.881314e-01 -9.507767e-01
      outer loop
         vertex 2.977371e+00 -2.481961e-01 -4.624646e+00
         vertex 2.839058e+00 -2.498277e-01 -4.640740e+00
         vertex 3.010702e+00 -2.029284e-01 -4.634366e+00
      endloop
   endfacet
   facet normal 1.058384e-01 -2.567905e-01 -9.606544e-01
      outer loop
         vertex 3.010702e+00 -2.029284e-01 -4.634366e+00
         vertex 2.839058e+00 -2.498277e-01 -4.640740e+00
         vertex 2.895001e+00 -1.554391e-01 -4.659808e+00
      endloop
   endfacet
   facet normal 1.061593e-01 -2.560900e-01 -9.608060e-01
      outer loop
         vertex 3.010702e+00 -2.029284e-01 -4.634366e+00
         vertex 2.895001e+00 -1.554391e-01 -4.659808e+00
         vertex 3.041907e+00 -1.575702e-01 -4.643008e+00
      endloop
   endfacet
   facet normal 1.077554e-01 -2.181422e-01 -9.699499e-01
      outer loop
         vertex 3.041907e+00 -1.575702e-01 -4.643008e+00
         vertex 2.895001e+00 -1.554391e-01 -4.659808e+00
         vertex 3.096747e+00 -6.946889e-02 -4.656730e+00
      endloop
   endfacet
   facet normal 4.757747e-01 -7.327177e-02 -8.765099e-01
      outer loop
         vertex 2.062499e+00 -1.399663e+00 -4.480000e+00
         vertex 2.059641e+00 -1.399648e+00 -4.481553e+00
         vertex 2.063210e+00 -1.395900e+00 -4.479929e+00
      endloop
   endfacet
   facet normal 4.566424e-01 -4.996930e-02 -8.882459e-01
      outer loop
         vertex 2.063210e+00 -1.395900e+00 -4.479929e+00
         vertex 2.059641e+00 -1.399648e+00 -4.481553e+00
         vertex 2.060318e+00 -1.395886e+00 -4.481416e+00
      endloop
   endfacet
   facet normal 4.572007e-01 -2.284061e-02 -8.890702e-01
      outer loop
         vertex 2.063210e+00 -1.395900e+00 -4.479929e+00
         vertex 2.060318e+00 -1.395886e+00 -4.481416e+00
         vertex 2.063545e+00 -1.392089e+00 -4.479854e+00
      endloop
   endfacet
   facet normal 4.464537e-01 -1.137690e-02 -8.947344e-01
      outer loop
         vertex 2.063545e+00 -1.392089e+00 -4.479854e+00
         vertex 2.060318e+00 -1.395886e+00 -4.481416e+00
         vertex 2.060638e+00 -1.392075e+00 -4.481305e+00
      endloop
   endfacet
   facet normal 4.464547e-01 2.820277e-02 -8.943617e-01
      outer loop
         vertex 2.063545e+00 -1.392089e+00 -4.479854e+00
         vertex 2.060638e+00 -1.392075e+00 -4.481305e+00
         vertex 2.063368e+00 -1.384359e+00 -4.479699e+00
      endloop
   endfacet
   facet normal 4.478938e-01 2.754802e-02 -8.936623e-01
      outer loop
         vertex 2.063368e+00 -1.384359e+00 -4.479699e+00
         vertex 2.060638e+00 -1.392075e+00 -4.481305e+00
         vertex 2.060466e+00 -1.384346e+00 -4.481153e+00
      endloop
   endfacet
   facet normal 4.470949e-01 7.110029e-02 -8.916563e-01
      outer loop
         vertex 2.063368e+00 -1.384359e+00 -4.479699e+00
         vertex 2.060466e+00 -1.384346e+00 -4.481153e+00
         vertex 2.061519e+00 -1.368715e+00 -4.479379e+00
      endloop
   endfacet
   facet normal 5.089103e-01 6.317365e-02 -8.584983e-01
      outer loop
         vertex 2.061519e+00 -1.368715e+00 -4.479379e+00
         vertex 2.060466e+00 -1.384346e+00 -4.481153e+00
         vertex 2.058698e+00 -1.368697e+00 -4.481050e+00
      endloop
   endfacet
   facet normal 5.087914e-01 6.732688e-02 -8.582531e-01
      outer loop
         vertex 2.061519e+00 -1.368715e+00 -4.479379e+00
         vertex 2.058698e+00 -1.368697e+00 -4.481050e+00
         vertex 2.059988e+00 -1.353127e+00 -4.479063e+00
      endloop
   endfacet
   facet normal 5.971183e-01 5.262770e-02 -8.004249e-01
      outer loop
         vertex 2.059988e+00 -1.353127e+00 -4.479063e+00
         vertex 2.058698e+00 -1.368697e+00 -4.481050e+00
         vertex 2.057234e+00 -1.353102e+00 -4.481116e+00
      endloop
   endfacet
   facet normal 5.976629e-01 9.428110e-03 -8.016920e-01
      outer loop
         vertex 2.059988e+00 -1.353127e+00 -4.479063e+00
         vertex 2.057234e+00 -1.353102e+00 -4.481116e+00
         vertex 2.060155e+00 -1.337784e+00 -4.478759e+00
      endloop
   endfacet
   facet normal 6.724372e-01 -1.432380e-02 -7.400156e-01
      outer loop
         vertex 2.060155e+00 -1.337784e+00 -4.478759e+00
         vertex 2.057234e+00 -1.353102e+00 -4.481116e+00
         vertex 2.057389e+00 -1.337750e+00 -4.481273e+00
      endloop
   endfacet
   facet normal 6.695766e-01 -8.515165e-02 -7.378457e-01
      outer loop
         vertex 2.060155e+00 -1.337784e+00 -4.478759e+00
         vertex 2.057389e+00 -1.337750e+00 -4.481273e+00
         vertex 2.061273e+00 -1.330260e+00 -4.478612e+00
      endloop
   endfacet
   facet normal 6.933361e-01 -1.064026e-01 -7.127156e-01
      outer loop
         vertex 2.061273e+00 -1.330260e+00 -4.478612e+00
         vertex 2.057389e+00 -1.337750e+00 -4.481273e+00
         vertex 2.058454e+00 -1.330221e+00 -4.481360e+00
      endloop
   endfacet
   facet normal 6.862550e-01 -1.733166e-01 -7.064102e-01
      outer loop
         vertex 2.061273e+00 -1.330260e+00 -4.478612e+00
         vertex 2.058454e+00 -1.330221e+00 -4.481360e+00
         vertex 2.063288e+00 -1.322863e+00 -4.478469e+00
      endloop
   endfacet
   facet normal 6.998951e-01 -1.892265e-01 -6.887236e-01
      outer loop
         vertex 2.063288e+00 -1.322863e+00 -4.478469e+00
         vertex 2.058454e+00 -1.330221e+00 -4.481360e+00
         vertex 2.060375e+00 -1.322818e+00 -4.481442e+00
      endloop
   endfacet
   facet normal 6.868025e-01 -2.644992e-01 -6.770099e-01
      outer loop
         vertex 2.063288e+00 -1.322863e+00 -4.478469e+00
         vertex 2.060375e+00 -1.322818e+00 -4.481442e+00
         vertex 2.066224e+00 -1.315596e+00 -4.478331e+00
      endloop
   endfacet
   facet normal 6.924475e-01 -2.730332e-01 -6.678093e-01
      outer loop
         vertex 2.066224e+00 -1.315596e+00 -4.478331e+00
         vertex 2.060375e+00 -1.322818e+00 -4.481442e+00
         vertex 2.063174e+00 -1.315548e+00 -4.481512e+00
      endloop
   endfacet
   facet normal 6.755713e-01 -3.429162e-01 -6.526959e-01
      outer loop
         vertex 2.066224e+00 -1.315596e+00 -4.478331e+00
         vertex 2.063174e+00 -1.315548e+00 -4.481512e+00
         vertex 2.069982e+00 -1.308448e+00 -4.478196e+00
      endloop
   endfacet
   facet normal 6.763870e-01 -3.444782e-01 -6.510265e-01
      outer loop
         vertex 2.069982e+00 -1.308448e+00 -4.478196e+00
         vertex 2.063174e+00 -1.315548e+00 -4.481512e+00
         vertex 2.066759e+00 -1.308396e+00 -4.481572e+00
      endloop
   endfacet
   facet normal 6.488250e-01 -4.324956e-01 -6.260780e-01
      outer loop
         vertex 2.069982e+00 -1.308448e+00 -4.478196e+00
         vertex 2.066759e+00 -1.308396e+00 -4.481572e+00
         vertex 2.079563e+00 -1.294460e+00 -4.477930e+00
      endloop
   endfacet
   facet normal 6.428406e-01 -4.238737e-01 -6.380337e-01
      outer loop
         vertex 2.079563e+00 -1.294460e+00 -4.477930e+00
         vertex 2.066759e+00 -1.308396e+00 -4.481572e+00
         vertex 2.075898e+00 -1.294401e+00 -4.481662e+00
      endloop
   endfacet
   facet normal 6.102142e-01 -5.087206e-01 -6.073236e-01
      outer loop
         vertex 2.079563e+00 -1.294460e+00 -4.477930e+00
         vertex 2.075898e+00 -1.294401e+00 -4.481662e+00
         vertex 2.091217e+00 -1.280798e+00 -4.477664e+00
      endloop
   endfacet
   facet normal 6.007335e-01 -4.911500e-01 -6.307860e-01
      outer loop
         vertex 2.091217e+00 -1.280798e+00 -4.477664e+00
         vertex 2.075898e+00 -1.294401e+00 -4.481662e+00
         vertex 2.087016e+00 -1.280735e+00 -4.481714e+00
      endloop
   endfacet
   facet normal 5.796756e-01 -5.405817e-01 -6.097111e-01
      outer loop
         vertex 2.091217e+00 -1.280798e+00 -4.477664e+00
         vertex 2.087016e+00 -1.280735e+00 -4.481714e+00
         vertex 2.192846e+00 -1.174424e+00 -4.475355e+00
      endloop
   endfacet
   facet normal 5.101891e-01 -4.645862e-01 -7.237864e-01
      outer loop
         vertex 2.192846e+00 -1.174424e+00 -4.475355e+00
         vertex 2.087016e+00 -1.280735e+00 -4.481714e+00
         vertex 2.183976e+00 -1.174463e+00 -4.481582e+00
      endloop
   endfacet
   facet normal 5.060451e-01 -4.782097e-01 -7.177979e-01
      outer loop
         vertex 2.192846e+00 -1.174424e+00 -4.475355e+00
         vertex 2.183976e+00 -1.174463e+00 -4.481582e+00
         vertex 2.293759e+00 -1.066346e+00 -4.476215e+00
      endloop
   endfacet
   facet normal 4.724761e-01 -4.419012e-01 -7.625547e-01
      outer loop
         vertex 2.293759e+00 -1.066346e+00 -4.476215e+00
         vertex 2.183976e+00 -1.174463e+00 -4.481582e+00
         vertex 2.280207e+00 -1.066883e+00 -4.484301e+00
      endloop
   endfacet
   facet normal 4.675173e-01 -4.633446e-01 -7.528209e-01
      outer loop
         vertex 2.293759e+00 -1.066346e+00 -4.476215e+00
         vertex 2.280207e+00 -1.066883e+00 -4.484301e+00
         vertex 2.395269e+00 -9.560928e-01 -4.481034e+00
      endloop
   endfacet
   facet normal 4.447159e-01 -4.388388e-01 -7.807997e-01
      outer loop
         vertex 2.395269e+00 -9.560928e-01 -4.481034e+00
         vertex 2.280207e+00 -1.066883e+00 -4.484301e+00
         vertex 2.376953e+00 -9.573942e-01 -4.490735e+00
      endloop
   endfacet
   facet normal 4.427776e-01 -4.497489e-01 -7.756764e-01
      outer loop
         vertex 2.395269e+00 -9.560928e-01 -4.481034e+00
         vertex 2.376953e+00 -9.573942e-01 -4.490735e+00
         vertex 2.494934e+00 -8.431649e-01 -4.489619e+00
      endloop
   endfacet
   facet normal 4.267997e-01 -4.330682e-01 -7.939106e-01
      outer loop
         vertex 2.494934e+00 -8.431649e-01 -4.489619e+00
         vertex 2.376953e+00 -9.573942e-01 -4.490735e+00
         vertex 2.471894e+00 -8.454623e-01 -4.500752e+00
      endloop
   endfacet
   facet normal 4.226049e-01 -4.631873e-01 -7.790139e-01
      outer loop
         vertex 2.494934e+00 -8.431649e-01 -4.489619e+00
         vertex 2.471894e+00 -8.454623e-01 -4.500752e+00
         vertex 2.591985e+00 -7.337314e-01 -4.502038e+00
      endloop
   endfacet
   facet normal 4.078361e-01 -4.475075e-01 -7.958686e-01
      outer loop
         vertex 2.591985e+00 -7.337314e-01 -4.502038e+00
         vertex 2.471894e+00 -8.454623e-01 -4.500752e+00
         vertex 2.564275e+00 -7.369103e-01 -4.514450e+00
      endloop
   endfacet
   facet normal 4.022774e-01 -4.920449e-01 -7.720523e-01
      outer loop
         vertex 2.591985e+00 -7.337314e-01 -4.502038e+00
         vertex 2.564275e+00 -7.369103e-01 -4.514450e+00
         vertex 2.687452e+00 -6.308255e-01 -4.517879e+00
      endloop
   endfacet
   facet normal 3.871088e-01 -4.750205e-01 -7.902546e-01
      outer loop
         vertex 2.687452e+00 -6.308255e-01 -4.517879e+00
         vertex 2.564275e+00 -7.369103e-01 -4.514450e+00
         vertex 2.655159e+00 -6.345919e-01 -4.531434e+00
      endloop
   endfacet
   facet normal 3.848357e-01 -4.942574e-01 -7.794941e-01
      outer loop
         vertex 2.687452e+00 -6.308255e-01 -4.517879e+00
         vertex 2.655159e+00 -6.345919e-01 -4.531434e+00
         vertex 2.779801e+00 -5.284080e-01 -4.537227e+00
      endloop
   endfacet
   facet normal 3.720409e-01 -4.800538e-01 -7.944394e-01
      outer loop
         vertex 2.779801e+00 -5.284080e-01 -4.537227e+00
         vertex 2.655159e+00 -6.345919e-01 -4.531434e+00
         vertex 2.743095e+00 -5.327576e-01 -4.551788e+00
      endloop
   endfacet
   facet normal 3.696408e-01 -5.021817e-01 -7.817795e-01
      outer loop
         vertex 2.779801e+00 -5.284080e-01 -4.537227e+00
         vertex 2.743095e+00 -5.327576e-01 -4.551788e+00
         vertex 2.867696e+00 -4.274225e-01 -4.560537e+00
      endloop
   endfacet
   facet normal 3.577250e-01 -4.892196e-01 -7.954225e-01
      outer loop
         vertex 2.867696e+00 -4.274225e-01 -4.560537e+00
         vertex 2.743095e+00 -5.327576e-01 -4.551788e+00
         vertex 2.826799e+00 -4.322011e-01 -4.575990e+00
      endloop
   endfacet
   facet normal 3.540148e-01 -5.234849e-01 -7.750078e-01
      outer loop
         vertex 2.867696e+00 -4.274225e-01 -4.560537e+00
         vertex 2.826799e+00 -4.322011e-01 -4.575990e+00
         vertex 2.949951e+00 -3.340468e-01 -4.586035e+00
      endloop
   endfacet
   facet normal 3.368616e-01 -5.040378e-01 -7.952800e-01
      outer loop
         vertex 2.949951e+00 -3.340468e-01 -4.586035e+00
         vertex 2.826799e+00 -4.322011e-01 -4.575990e+00
         vertex 2.905120e+00 -3.381725e-01 -4.602409e+00
      endloop
   endfacet
   facet normal 3.390634e-01 -4.850106e-01 -8.061022e-01
      outer loop
         vertex 2.949951e+00 -3.340468e-01 -4.586035e+00
         vertex 2.905120e+00 -3.381725e-01 -4.602409e+00
         vertex 3.025750e+00 -2.455901e-01 -4.607374e+00
      endloop
   endfacet
   facet normal 3.202095e-01 -4.615811e-01 -8.272900e-01
      outer loop
         vertex 3.025750e+00 -2.455901e-01 -4.607374e+00
         vertex 2.905120e+00 -3.381725e-01 -4.602409e+00
         vertex 2.977371e+00 -2.481961e-01 -4.624646e+00
      endloop
   endfacet
   facet normal 3.238726e-01 -4.311706e-01 -8.421392e-01
      outer loop
         vertex 3.025750e+00 -2.455901e-01 -4.607374e+00
         vertex 2.977371e+00 -2.481961e-01 -4.624646e+00
         vertex 3.060668e+00 -2.011470e-01 -4.616700e+00
      endloop
   endfacet
   facet normal 3.162827e-01 -4.159656e-01 -8.526065e-01
      outer loop
         vertex 3.060668e+00 -2.011470e-01 -4.616700e+00
         vertex 2.977371e+00 -2.481961e-01 -4.624646e+00
         vertex 3.010702e+00 -2.029284e-01 -4.634366e+00
      endloop
   endfacet
   facet normal 3.187664e-01 -3.946074e-01 -8.617848e-01
      outer loop
         vertex 3.060668e+00 -2.011470e-01 -4.616700e+00
         vertex 3.010702e+00 -2.029284e-01 -4.634366e+00
         vertex 3.093322e+00 -1.566857e-01 -4.624981e+00
      endloop
   endfacet
   facet normal 3.118290e-01 -3.804111e-01 -8.706607e-01
      outer loop
         vertex 3.093322e+00 -1.566857e-01 -4.624981e+00
         vertex 3.010702e+00 -2.029284e-01 -4.634366e+00
         vertex 3.041907e+00 -1.575702e-01 -4.643008e+00
      endloop
   endfacet
   facet normal 3.158695e-01 -3.448079e-01 -8.839310e-01
      outer loop
         vertex 3.093322e+00 -1.566857e-01 -4.624981e+00
         vertex 3.041907e+00 -1.575702e-01 -4.643008e+00
         vertex 3.150588e+00 -7.058956e-02 -4.638101e+00
      endloop
   endfacet
   facet normal 3.027995e-01 -3.278593e-01 -8.948859e-01
      outer loop
         vertex 3.150588e+00 -7.058956e-02 -4.638101e+00
         vertex 3.041907e+00 -1.575702e-01 -4.643008e+00
         vertex 3.096747e+00 -6.946889e-02 -4.656730e+00
      endloop
   endfacet
   facet normal 3.067654e-01 -2.964026e-01 -9.044559e-01
      outer loop
         vertex 3.150588e+00 -7.058956e-02 -4.638101e+00
         vertex 3.096747e+00 -6.946889e-02 -4.656730e+00
         vertex 3.174820e+00 -2.981007e-02 -4.643247e+00
      endloop
   endfacet
   facet normal 3.017186e-01 -2.846077e-01 -9.099255e-01
      outer loop
         vertex 3.174820e+00 -2.981007e-02 -4.643247e+00
         vertex 3.096747e+00 -6.946889e-02 -4.656730e+00
         vertex 3.120029e+00 -2.758670e-02 -4.662110e+00
      endloop
   endfacet
   facet normal 3.050776e-01 -2.584189e-01 -9.165955e-01
      outer loop
         vertex 3.174820e+00 -2.981007e-02 -4.643247e+00
         vertex 3.120029e+00 -2.758670e-02 -4.662110e+00
         vertex 3.196039e+00 1.058471e-02 -4.647573e+00
      endloop
   endfacet
   facet normal 3.008319e-01 -2.483763e-01 -9.207656e-01
      outer loop
         vertex 3.196039e+00 1.058471e-02 -4.647573e+00
         vertex 3.120029e+00 -2.758670e-02 -4.662110e+00
         vertex 3.140484e+00 1.394360e-02 -4.666630e+00
      endloop
   endfacet
   facet normal 3.055841e-01 -2.121394e-01 -9.282323e-01
      outer loop
         vertex 3.196039e+00 1.058471e-02 -4.647573e+00
         vertex 3.140484e+00 1.394360e-02 -4.666630e+00
         vertex 3.214126e+00 5.162182e-02 -4.650997e+00
      endloop
   endfacet
   facet normal 3.022634e-01 -2.044873e-01 -9.310326e-01
      outer loop
         vertex 3.214126e+00 5.162182e-02 -4.650997e+00
         vertex 3.140484e+00 1.394360e-02 -4.666630e+00
         vertex 3.158001e+00 5.612315e-02 -4.670207e+00
      endloop
   endfacet
   facet normal 3.069175e-01 -1.697144e-01 -9.364821e-01
      outer loop
         vertex 3.214126e+00 5.162182e-02 -4.650997e+00
         vertex 3.158001e+00 5.612315e-02 -4.670207e+00
         vertex 3.228588e+00 9.136864e-02 -4.653460e+00
      endloop
   endfacet
   facet normal 3.044187e-01 -1.638251e-01 -9.383446e-01
      outer loop
         vertex 3.228588e+00 9.136864e-02 -4.653460e+00
         vertex 3.158001e+00 5.612315e-02 -4.670207e+00
         vertex 3.172102e+00 9.707128e-02 -4.672781e+00
      endloop
   endfacet
   facet normal 3.104106e-01 -1.201678e-01 -9.429766e-01
      outer loop
         vertex 3.228588e+00 9.136864e-02 -4.653460e+00
         vertex 3.172102e+00 9.707128e-02 -4.672781e+00
         vertex 3.239852e+00 1.327470e-01 -4.655025e+00
      endloop
   endfacet
   facet normal 3.089189e-01 -1.168860e-01 -9.438786e-01
      outer loop
         vertex 3.239852e+00 1.327470e-01 -4.655025e+00
         vertex 3.172102e+00 9.707128e-02 -4.672781e+00
         vertex 3.183208e+00 1.396015e-01 -4.674413e+00
      endloop
   endfacet
   facet normal 3.152325e-01 -7.158956e-02 -9.463104e-01
      outer loop
         vertex 3.239852e+00 1.327470e-01 -4.655025e+00
         vertex 3.183208e+00 1.396015e-01 -4.674413e+00
         vertex 3.249218e+00 1.841524e-01 -4.655794e+00
      endloop
   endfacet
   facet normal 3.147974e-01 -7.086134e-02 -9.465101e-01
      outer loop
         vertex 3.249218e+00 1.841524e-01 -4.655794e+00
         vertex 3.183208e+00 1.396015e-01 -4.674413e+00
         vertex 3.192581e+00 1.918219e-01 -4.675205e+00
      endloop
   endfacet
   facet normal 3.210639e-01 -2.512646e-02 -9.467242e-01
      outer loop
         vertex 3.249218e+00 1.841524e-01 -4.655794e+00
         vertex 3.192581e+00 1.918219e-01 -4.675205e+00
         vertex 3.255964e+00 2.475319e-01 -4.655189e+00
      endloop
   endfacet
   facet normal 3.212381e-01 -2.534798e-02 -9.466592e-01
      outer loop
         vertex 3.255964e+00 2.475319e-01 -4.655189e+00
         vertex 3.192581e+00 1.918219e-01 -4.675205e+00
         vertex 3.199476e+00 2.555811e-01 -4.674573e+00
      endloop
   endfacet
   facet normal 3.271027e-01 2.035982e-02 -9.447694e-01
      outer loop
         vertex 3.255964e+00 2.475319e-01 -4.655189e+00
         vertex 3.199476e+00 2.555811e-01 -4.674573e+00
         vertex 3.258747e+00 3.195912e-01 -4.652672e+00
      endloop
   endfacet
   facet normal 3.273515e-01 2.010185e-02 -9.446888e-01
      outer loop
         vertex 3.258747e+00 3.195912e-01 -4.652672e+00
         vertex 3.199476e+00 2.555811e-01 -4.674573e+00
         vertex 3.202551e+00 3.276718e-01 -4.671973e+00
      endloop
   endfacet
   facet normal 3.323851e-01 6.398826e-02 -9.409706e-01
      outer loop
         vertex 3.258747e+00 3.195912e-01 -4.652672e+00
         vertex 3.202551e+00 3.276718e-01 -4.671973e+00
         vertex 3.256828e+00 3.925913e-01 -4.648386e+00
      endloop
   endfacet
   facet normal 3.327425e-01 6.365181e-02 -9.408671e-01
      outer loop
         vertex 3.256828e+00 3.925913e-01 -4.648386e+00
         vertex 3.202551e+00 3.276718e-01 -4.671973e+00
         vertex 3.201103e+00 4.006348e-01 -4.667549e+00
      endloop
   endfacet
   facet normal 3.373353e-01 1.094476e-01 -9.350006e-01
      outer loop
         vertex 3.256828e+00 3.925913e-01 -4.648386e+00
         vertex 3.201103e+00 4.006348e-01 -4.667549e+00
         vertex 3.250069e+00 4.638510e-01 -4.642483e+00
      endloop
   endfacet
   facet normal 3.379944e-01 1.088695e-01 -9.348301e-01
      outer loop
         vertex 3.250069e+00 4.638510e-01 -4.642483e+00
         vertex 3.201103e+00 4.006348e-01 -4.667549e+00
         vertex 3.195002e+00 4.719055e-01 -4.661455e+00
      endloop
   endfacet
   facet normal 3.418016e-01 1.526563e-01 -9.272905e-01
      outer loop
         vertex 3.250069e+00 4.638510e-01 -4.642483e+00
         vertex 3.195002e+00 4.719055e-01 -4.661455e+00
         vertex 3.238753e+00 5.346730e-01 -4.634995e+00
      endloop
   endfacet
   facet normal 3.426732e-01 1.519612e-01 -9.270830e-01
      outer loop
         vertex 3.238753e+00 5.346730e-01 -4.634995e+00
         vertex 3.195002e+00 4.719055e-01 -4.661455e+00
         vertex 3.184520e+00 5.427343e-01 -4.653720e+00
      endloop
   endfacet
   facet normal 3.458153e-01 1.942598e-01 -9.179733e-01
      outer loop
         vertex 3.238753e+00 5.346730e-01 -4.634995e+00
         vertex 3.184520e+00 5.427343e-01 -4.653720e+00
         vertex 3.223320e+00 6.061131e-01 -4.625691e+00
      endloop
   endfacet
   facet normal 3.465696e-01 1.937224e-01 -9.178023e-01
      outer loop
         vertex 3.223320e+00 6.061131e-01 -4.625691e+00
         vertex 3.184520e+00 5.427343e-01 -4.653720e+00
         vertex 3.170060e+00 6.139922e-01 -4.644139e+00
      endloop
   endfacet
   facet normal 3.485217e-01 2.260334e-01 -9.096381e-01
      outer loop
         vertex 3.223320e+00 6.061131e-01 -4.625691e+00
         vertex 3.170060e+00 6.139922e-01 -4.644139e+00
         vertex 3.204000e+00 6.787466e-01 -4.615045e+00
      endloop
   endfacet
   facet normal 3.487104e-01 2.259153e-01 -9.095952e-01
      outer loop
         vertex 3.204000e+00 6.787466e-01 -4.615045e+00
         vertex 3.170060e+00 6.139922e-01 -4.644139e+00
         vertex 3.151836e+00 6.861388e-01 -4.633207e+00
      endloop
   endfacet
   facet normal 3.493547e-01 2.398649e-01 -9.057682e-01
      outer loop
         vertex 3.204000e+00 6.787466e-01 -4.615045e+00
         vertex 3.151836e+00 6.861388e-01 -4.633207e+00
         vertex 3.180702e+00 7.524848e-01 -4.604504e+00
      endloop
   endfacet
   facet normal 3.490601e-01 2.400240e-01 -9.058397e-01
      outer loop
         vertex 3.180702e+00 7.524848e-01 -4.604504e+00
         vertex 3.151836e+00 6.861388e-01 -4.633207e+00
         vertex 3.129753e+00 7.591215e-01 -4.622378e+00
      endloop
   endfacet
   facet normal 3.494676e-01 2.534371e-01 -9.020211e-01
      outer loop
         vertex 3.180702e+00 7.524848e-01 -4.604504e+00
         vertex 3.129753e+00 7.591215e-01 -4.622378e+00
         vertex 3.153455e+00 8.261162e-01 -4.594372e+00
      endloop
   endfacet
   facet normal 3.490487e-01 2.536304e-01 -9.021289e-01
      outer loop
         vertex 3.153455e+00 8.261162e-01 -4.594372e+00
         vertex 3.129753e+00 7.591215e-01 -4.622378e+00
         vertex 3.103852e+00 8.318803e-01 -4.611943e+00
      endloop
   endfacet
   facet normal 3.492821e-01 2.761148e-01 -8.954120e-01
      outer loop
         vertex 3.153455e+00 8.261162e-01 -4.594372e+00
         vertex 3.103852e+00 8.318803e-01 -4.611943e+00
         vertex 3.122409e+00 8.980890e-01 -4.584288e+00
      endloop
   endfacet
   facet normal 3.491796e-01 2.761551e-01 -8.954396e-01
      outer loop
         vertex 3.122409e+00 8.980890e-01 -4.584288e+00
         vertex 3.103852e+00 8.318803e-01 -4.611943e+00
         vertex 3.074294e+00 9.030408e-01 -4.601524e+00
      endloop
   endfacet
   facet normal 3.489355e-01 2.984568e-01 -8.883510e-01
      outer loop
         vertex 3.122409e+00 8.980890e-01 -4.584288e+00
         vertex 3.074294e+00 9.030408e-01 -4.601524e+00
         vertex 3.087827e+00 9.682887e-01 -4.574287e+00
      endloop
   endfacet
   facet normal 3.492231e-01 2.983631e-01 -8.882695e-01
      outer loop
         vertex 3.087827e+00 9.682887e-01 -4.574287e+00
         vertex 3.074294e+00 9.030408e-01 -4.601524e+00
         vertex 3.041331e+00 9.724968e-01 -4.591153e+00
      endloop
   endfacet
   facet normal 3.485840e-01 3.186713e-01 -8.814408e-01
      outer loop
         vertex 3.087827e+00 9.682887e-01 -4.574287e+00
         vertex 3.041331e+00 9.724968e-01 -4.591153e+00
         vertex 3.050002e+00 1.036917e+00 -4.564434e+00
      endloop
   endfacet
   facet normal 3.491301e-01 3.185294e-01 -8.812759e-01
      outer loop
         vertex 3.050002e+00 1.036917e+00 -4.564434e+00
         vertex 3.041331e+00 9.724968e-01 -4.591153e+00
         vertex 3.005238e+00 1.040416e+00 -4.580903e+00
      endloop
   endfacet
   facet normal 3.480389e-01 3.394556e-01 -8.738643e-01
      outer loop
         vertex 3.050002e+00 1.036917e+00 -4.564434e+00
         vertex 3.005238e+00 1.040416e+00 -4.580903e+00
         vertex 3.009211e+00 1.103986e+00 -4.554627e+00
      endloop
   endfacet
   facet normal 3.487856e-01 3.393093e-01 -8.736233e-01
      outer loop
         vertex 3.009211e+00 1.103986e+00 -4.554627e+00
         vertex 3.005238e+00 1.040416e+00 -4.580903e+00
         vertex 2.966285e+00 1.106788e+00 -4.570676e+00
      endloop
   endfacet
   facet normal 3.473708e-01 3.585183e-01 -8.664861e-01
      outer loop
         vertex 3.009211e+00 1.103986e+00 -4.554627e+00
         vertex 2.966285e+00 1.106788e+00 -4.570676e+00
         vertex 2.965691e+00 1.169519e+00 -4.544959e+00
      endloop
   endfacet
   facet normal 3.482455e-01 3.584023e-01 -8.661829e-01
      outer loop
         vertex 2.965691e+00 1.169519e+00 -4.544959e+00
         vertex 2.966285e+00 1.106788e+00 -4.570676e+00
         vertex 2.924698e+00 1.171627e+00 -4.560568e+00
      endloop
   endfacet
   facet normal 3.468583e-01 3.729634e-01 -8.605740e-01
      outer loop
         vertex 2.965691e+00 1.169519e+00 -4.544959e+00
         vertex 2.924698e+00 1.171627e+00 -4.560568e+00
         vertex 2.919627e+00 1.233567e+00 -4.535768e+00
      endloop
   endfacet
   facet normal 3.479304e-01 3.728905e-01 -8.601727e-01
      outer loop
         vertex 2.919627e+00 1.233567e+00 -4.535768e+00
         vertex 2.924698e+00 1.171627e+00 -4.560568e+00
         vertex 2.880655e+00 1.234988e+00 -4.550915e+00
      endloop
   endfacet
   facet normal 3.462596e-01 3.871305e-01 -8.545375e-01
      outer loop
         vertex 2.919627e+00 1.233567e+00 -4.535768e+00
         vertex 2.880655e+00 1.234988e+00 -4.550915e+00
         vertex 2.871223e+00 1.295922e+00 -4.527132e+00
      endloop
   endfacet
   facet normal 3.476776e-01 3.871260e-01 -8.539636e-01
      outer loop
         vertex 2.871223e+00 1.295922e+00 -4.527132e+00
         vertex 2.880655e+00 1.234988e+00 -4.550915e+00
         vertex 2.834350e+00 1.296695e+00 -4.541794e+00
      endloop
   endfacet
   facet normal 3.452905e-01 4.040435e-01 -8.470675e-01
      outer loop
         vertex 2.871223e+00 1.295922e+00 -4.527132e+00
         vertex 2.834350e+00 1.296695e+00 -4.541794e+00
         vertex 2.820698e+00 1.356270e+00 -4.518942e+00
      endloop
   endfacet
   facet normal 3.472987e-01 4.041661e-01 -8.461876e-01
      outer loop
         vertex 2.820698e+00 1.356270e+00 -4.518942e+00
         vertex 2.834350e+00 1.296695e+00 -4.541794e+00
         vertex 2.785996e+00 1.356472e+00 -4.533089e+00
      endloop
   endfacet
   facet normal 3.449020e-01 4.186557e-01 -8.401012e-01
      outer loop
         vertex 2.820698e+00 1.356270e+00 -4.518942e+00
         vertex 2.785996e+00 1.356472e+00 -4.533089e+00
         vertex 2.768275e+00 1.414995e+00 -4.511199e+00
      endloop
   endfacet
   facet normal 3.475103e-01 4.189822e-01 -8.388626e-01
      outer loop
         vertex 2.768275e+00 1.414995e+00 -4.511199e+00
         vertex 2.785996e+00 1.356472e+00 -4.533089e+00
         vertex 2.735803e+00 1.414696e+00 -4.524801e+00
      endloop
   endfacet
   facet normal 3.453102e-01 4.306132e-01 -8.338664e-01
      outer loop
         vertex 2.768275e+00 1.414995e+00 -4.511199e+00
         vertex 2.735803e+00 1.414696e+00 -4.524801e+00
         vertex 2.714165e+00 1.472456e+00 -4.503933e+00
      endloop
   endfacet
   facet normal 3.484375e-01 4.312039e-01 -8.322587e-01
      outer loop
         vertex 2.714165e+00 1.472456e+00 -4.503933e+00
         vertex 2.735803e+00 1.414696e+00 -4.524801e+00
         vertex 2.683975e+00 1.471709e+00 -4.516960e+00
      endloop
   endfacet
   facet normal 3.433041e-01 4.548820e-01 -8.217206e-01
      outer loop
         vertex 2.714165e+00 1.472456e+00 -4.503933e+00
         vertex 2.683975e+00 1.471709e+00 -4.516960e+00
         vertex 2.658522e+00 1.526955e+00 -4.497012e+00
      endloop
   endfacet
   facet normal 3.475554e-01 4.559754e-01 -8.193239e-01
      outer loop
         vertex 2.658522e+00 1.526955e+00 -4.497012e+00
         vertex 2.683975e+00 1.471709e+00 -4.516960e+00
         vertex 2.630657e+00 1.525870e+00 -4.509436e+00
      endloop
   endfacet
   facet normal 3.380936e-01 4.934488e-01 -8.013744e-01
      outer loop
         vertex 2.658522e+00 1.526955e+00 -4.497012e+00
         vertex 2.630657e+00 1.525870e+00 -4.509436e+00
         vertex 2.601628e+00 1.576713e+00 -4.490376e+00
      endloop
   endfacet
   facet normal 3.444183e-01 4.955586e-01 -7.973692e-01
      outer loop
         vertex 2.601628e+00 1.576713e+00 -4.490376e+00
         vertex 2.630657e+00 1.525870e+00 -4.509436e+00
         vertex 2.576124e+00 1.575462e+00 -4.502169e+00
      endloop
   endfacet
   facet normal 3.367165e-01 5.221959e-01 -7.835390e-01
      outer loop
         vertex 2.601628e+00 1.576713e+00 -4.490376e+00
         vertex 2.576124e+00 1.575462e+00 -4.502169e+00
         vertex 2.544376e+00 1.622463e+00 -4.484489e+00
      endloop
   endfacet
   facet normal 3.454216e-01 5.257479e-01 -7.773500e-01
      outer loop
         vertex 2.544376e+00 1.622463e+00 -4.484489e+00
         vertex 2.576124e+00 1.575462e+00 -4.502169e+00
         vertex 2.521257e+00 1.621190e+00 -4.495623e+00
      endloop
   endfacet
   facet normal 3.448311e-01 5.276268e-01 -7.763385e-01
      outer loop
         vertex 2.544376e+00 1.622463e+00 -4.484489e+00
         vertex 2.521257e+00 1.621190e+00 -4.495623e+00
         vertex 2.430978e+00 1.708759e+00 -4.476208e+00
      endloop
   endfacet
   facet normal 3.664668e-01 5.450028e-01 -7.541048e-01
      outer loop
         vertex 2.430978e+00 1.708759e+00 -4.476208e+00
         vertex 2.521257e+00 1.621190e+00 -4.495623e+00
         vertex 2.412651e+00 1.707657e+00 -4.485911e+00
      endloop
   endfacet
   facet normal 3.772320e-01 5.133264e-01 -7.708385e-01
      outer loop
         vertex 2.430978e+00 1.708759e+00 -4.476208e+00
         vertex 2.412651e+00 1.707657e+00 -4.485911e+00
         vertex 2.318050e+00 1.797974e+00 -4.472061e+00
      endloop
   endfacet
   facet normal 4.048660e-01 5.374984e-01 -7.397154e-01
      outer loop
         vertex 2.318050e+00 1.797974e+00 -4.472061e+00
         vertex 2.412651e+00 1.707657e+00 -4.485911e+00
         vertex 2.304522e+00 1.797033e+00 -4.480149e+00
      endloop
   endfacet
   facet normal 4.132740e-01 5.147796e-01 -7.511369e-01
      outer loop
         vertex 2.318050e+00 1.797974e+00 -4.472061e+00
         vertex 2.304522e+00 1.797033e+00 -4.480149e+00
         vertex 2.262118e+00 1.843647e+00 -4.471533e+00
      endloop
   endfacet
   facet normal 4.319708e-01 5.280866e-01 -7.311127e-01
      outer loop
         vertex 2.262118e+00 1.843647e+00 -4.471533e+00
         vertex 2.304522e+00 1.797033e+00 -4.480149e+00
         vertex 2.250977e+00 1.842794e+00 -4.478733e+00
      endloop
   endfacet
   facet normal 4.435307e-01 4.976576e-01 -7.453975e-01
      outer loop
         vertex 2.262118e+00 1.843647e+00 -4.471533e+00
         vertex 2.250977e+00 1.842794e+00 -4.478733e+00
         vertex 2.208279e+00 1.890461e+00 -4.472314e+00
      endloop
   endfacet
   facet normal 4.647969e-01 5.134662e-01 -7.213295e-01
      outer loop
         vertex 2.208279e+00 1.890461e+00 -4.472314e+00
         vertex 2.250977e+00 1.842794e+00 -4.478733e+00
         vertex 2.199438e+00 1.889717e+00 -4.478540e+00
      endloop
   endfacet
   facet normal 4.705276e-01 4.989991e-01 -7.277388e-01
      outer loop
         vertex 2.208279e+00 1.890461e+00 -4.472314e+00
         vertex 2.199438e+00 1.889717e+00 -4.478540e+00
         vertex 2.099444e+00 1.987614e+00 -4.476066e+00
      endloop
   endfacet
   facet normal 5.421839e-01 5.694147e-01 -6.179026e-01
      outer loop
         vertex 2.099444e+00 1.987614e+00 -4.476066e+00
         vertex 2.199438e+00 1.889717e+00 -4.478540e+00
         vertex 2.095266e+00 1.987199e+00 -4.480115e+00
      endloop
   endfacet
   facet normal 5.617098e-01 5.313561e-01 -6.341473e-01
      outer loop
         vertex 2.099444e+00 1.987614e+00 -4.476066e+00
         vertex 2.095266e+00 1.987199e+00 -4.480115e+00
         vertex 2.086837e+00 2.000407e+00 -4.476514e+00
      endloop
   endfacet
   facet normal 5.768503e-01 5.361453e-01 -6.162726e-01
      outer loop
         vertex 2.086837e+00 2.000407e+00 -4.476514e+00
         vertex 2.095266e+00 1.987199e+00 -4.480115e+00
         vertex 2.083193e+00 2.000038e+00 -4.480246e+00
      endloop
   endfacet
   facet normal 6.106590e-01 4.634654e-01 -6.421023e-01
      outer loop
         vertex 2.086837e+00 2.000407e+00 -4.476514e+00
         vertex 2.083193e+00 2.000038e+00 -4.480246e+00
         vertex 2.076283e+00 2.013687e+00 -4.476966e+00
      endloop
   endfacet
   facet normal 6.189948e-01 4.654131e-01 -6.326422e-01
      outer loop
         vertex 2.076283e+00 2.013687e+00 -4.476966e+00
         vertex 2.083193e+00 2.000038e+00 -4.480246e+00
         vertex 2.073078e+00 2.013360e+00 -4.480342e+00
      endloop
   endfacet
   facet normal 6.516537e-01 3.816154e-01 -6.555281e-01
      outer loop
         vertex 2.076283e+00 2.013687e+00 -4.476966e+00
         vertex 2.073078e+00 2.013360e+00 -4.480342e+00
         vertex 2.072028e+00 2.020556e+00 -4.477197e+00
      endloop
   endfacet
   facet normal 6.500880e-01 3.819743e-01 -6.568723e-01
      outer loop
         vertex 2.072028e+00 2.020556e+00 -4.477197e+00
         vertex 2.073078e+00 2.013360e+00 -4.480342e+00
         vertex 2.068996e+00 2.020247e+00 -4.480377e+00
      endloop
   endfacet
   facet normal 6.739203e-01 3.064172e-01 -6.722648e-01
      outer loop
         vertex 2.072028e+00 2.020556e+00 -4.477197e+00
         vertex 2.068996e+00 2.020247e+00 -4.480377e+00
         vertex 2.068589e+00 2.027601e+00 -4.477433e+00
      endloop
   endfacet
   facet normal 6.656014e-01 3.088198e-01 -6.794152e-01
      outer loop
         vertex 2.068589e+00 2.027601e+00 -4.477433e+00
         vertex 2.068996e+00 2.020247e+00 -4.480377e+00
         vertex 2.065692e+00 2.027309e+00 -4.480404e+00
      endloop
   endfacet
   facet normal 6.881389e-01 2.170016e-01 -6.923693e-01
      outer loop
         vertex 2.068589e+00 2.027601e+00 -4.477433e+00
         vertex 2.065692e+00 2.027309e+00 -4.480404e+00
         vertex 2.066063e+00 2.034842e+00 -4.477675e+00
      endloop
   endfacet
   facet normal 6.706614e-01 2.232921e-01 -7.073570e-01
      outer loop
         vertex 2.066063e+00 2.034842e+00 -4.477675e+00
         vertex 2.065692e+00 2.027309e+00 -4.480404e+00
         vertex 2.063258e+00 2.034564e+00 -4.480422e+00
      endloop
   endfacet
   facet normal 6.874393e-01 1.281041e-01 -7.148542e-01
      outer loop
         vertex 2.066063e+00 2.034842e+00 -4.477675e+00
         vertex 2.063258e+00 2.034564e+00 -4.480422e+00
         vertex 2.064420e+00 2.042270e+00 -4.477923e+00
      endloop
   endfacet
   facet normal 6.600663e-01 1.397667e-01 -7.380906e-01
      outer loop
         vertex 2.064420e+00 2.042270e+00 -4.477923e+00
         vertex 2.063258e+00 2.034564e+00 -4.480422e+00
         vertex 2.061668e+00 2.042004e+00 -4.480435e+00
      endloop
   endfacet
   facet normal 6.722147e-01 2.996147e-02 -7.397498e-01
      outer loop
         vertex 2.064420e+00 2.042270e+00 -4.477923e+00
         vertex 2.061668e+00 2.042004e+00 -4.480435e+00
         vertex 2.063176e+00 2.057561e+00 -4.478435e+00
      endloop
   endfacet
   facet normal 5.954471e-01 4.542143e-02 -8.021095e-01
      outer loop
         vertex 2.063176e+00 2.057561e+00 -4.478435e+00
         vertex 2.061668e+00 2.042004e+00 -4.480435e+00
         vertex 2.060432e+00 2.057311e+00 -4.480485e+00
      endloop
   endfacet
   facet normal 6.006922e-01 -4.316782e-02 -7.983141e-01
      outer loop
         vertex 2.063176e+00 2.057561e+00 -4.478435e+00
         vertex 2.060432e+00 2.057311e+00 -4.480485e+00
         vertex 2.063601e+00 2.073212e+00 -4.478961e+00
      endloop
   endfacet
   facet normal 5.117028e-01 -1.962055e-02 -8.589385e-01
      outer loop
         vertex 2.063601e+00 2.073212e+00 -4.478961e+00
         vertex 2.060432e+00 2.057311e+00 -4.480485e+00
         vertex 2.060790e+00 2.072970e+00 -4.480630e+00
      endloop
   endfacet
   facet normal 5.132049e-01 -5.296427e-02 -8.566303e-01
      outer loop
         vertex 2.063601e+00 2.073212e+00 -4.478961e+00
         vertex 2.060790e+00 2.072970e+00 -4.480630e+00
         vertex 2.064336e+00 2.088938e+00 -4.479493e+00
      endloop
   endfacet
   facet normal 4.510441e-01 -3.666357e-02 -8.917483e-01
      outer loop
         vertex 2.064336e+00 2.088938e+00 -4.479493e+00
         vertex 2.060790e+00 2.072970e+00 -4.480630e+00
         vertex 2.061444e+00 2.088697e+00 -4.480946e+00
      endloop
   endfacet
   facet normal 4.494322e-01 -8.068227e-03 -8.932780e-01
      outer loop
         vertex 2.064336e+00 2.088938e+00 -4.479493e+00
         vertex 2.061444e+00 2.088697e+00 -4.480946e+00
         vertex 2.063958e+00 2.096657e+00 -4.479753e+00
      endloop
   endfacet
   facet normal 4.480460e-01 -7.525329e-03 -8.939788e-01
      outer loop
         vertex 2.063958e+00 2.096657e+00 -4.479753e+00
         vertex 2.061444e+00 2.088697e+00 -4.480946e+00
         vertex 2.061059e+00 2.096416e+00 -4.481203e+00
      endloop
   endfacet
   facet normal 4.443608e-01 4.209229e-02 -8.948585e-01
      outer loop
         vertex 2.063958e+00 2.096657e+00 -4.479753e+00
         vertex 2.061059e+00 2.096416e+00 -4.481203e+00
         vertex 2.063347e+00 2.100433e+00 -4.479879e+00
      endloop
   endfacet
   facet normal 4.559183e-01 3.370701e-02 -8.893831e-01
      outer loop
         vertex 2.063347e+00 2.100433e+00 -4.479879e+00
         vertex 2.061059e+00 2.096416e+00 -4.481203e+00
         vertex 2.060465e+00 2.100192e+00 -4.481365e+00
      endloop
   endfacet
   facet normal 4.505277e-01 9.055717e-02 -8.881577e-01
      outer loop
         vertex 2.063347e+00 2.100433e+00 -4.479879e+00
         vertex 2.060465e+00 2.100192e+00 -4.481365e+00
         vertex 2.062363e+00 2.104137e+00 -4.480000e+00
      endloop
   endfacet
   facet normal 4.720953e-01 7.673501e-02 -8.782014e-01
      outer loop
         vertex 2.062363e+00 2.104137e+00 -4.480000e+00
         vertex 2.060465e+00 2.100192e+00 -4.481365e+00
         vertex 2.059515e+00 2.103896e+00 -4.481552e+00
      endloop
   endfacet
   facet normal 4.766732e-01 -8.717130e-02 8.747479e-01
      outer loop
         vertex 2.059642e+00 -1.399710e+00 -4.478448e+00
         vertex 2.062499e+00 -1.399663e+00 -4.480000e+00
         vertex 2.060319e+00 -1.395945e+00 -4.478442e+00
      endloop
   endfacet
   facet normal 4.563159e-01 -1.029226e-01 8.838454e-01
      outer loop
         vertex 2.060319e+00 -1.395945e+00 -4.478442e+00
         vertex 2.062499e+00 -1.399663e+00 -4.480000e+00
         vertex 2.063210e+00 -1.395900e+00 -4.479929e+00
      endloop
   endfacet
   facet normal 4.575440e-01 -4.718444e-02 8.879342e-01
      outer loop
         vertex 2.060319e+00 -1.395945e+00 -4.478442e+00
         vertex 2.063210e+00 -1.395900e+00 -4.479929e+00
         vertex 2.060638e+00 -1.392134e+00 -4.478403e+00
      endloop
   endfacet
   facet normal 4.465350e-01 -5.674065e-02 8.929653e-01
      outer loop
         vertex 2.060638e+00 -1.392134e+00 -4.478403e+00
         vertex 2.063210e+00 -1.395900e+00 -4.479929e+00
         vertex 2.063545e+00 -1.392089e+00 -4.479854e+00
      endloop
   endfacet
   facet normal 4.466424e-01 -8.423537e-03 8.946729e-01
      outer loop
         vertex 2.060638e+00 -1.392134e+00 -4.478403e+00
         vertex 2.063545e+00 -1.392089e+00 -4.479854e+00
         vertex 2.060466e+00 -1.384404e+00 -4.478245e+00
      endloop
   endfacet
   facet normal 4.482129e-01 -7.631283e-03 8.938943e-01
      outer loop
         vertex 2.060466e+00 -1.384404e+00 -4.478245e+00
         vertex 2.063545e+00 -1.392089e+00 -4.479854e+00
         vertex 2.063368e+00 -1.384359e+00 -4.479699e+00
      endloop
   endfacet
   facet normal 4.477965e-01 1.993588e-02 8.939132e-01
      outer loop
         vertex 2.060466e+00 -1.384404e+00 -4.478245e+00
         vertex 2.063368e+00 -1.384359e+00 -4.479699e+00
         vertex 2.058698e+00 -1.368764e+00 -4.477708e+00
      endloop
   endfacet
   facet normal 5.086922e-01 4.251022e-02 8.598983e-01
      outer loop
         vertex 2.058698e+00 -1.368764e+00 -4.477708e+00
         vertex 2.063368e+00 -1.384359e+00 -4.479699e+00
         vertex 2.061519e+00 -1.368715e+00 -4.479379e+00
      endloop
   endfacet
   facet normal 5.095522e-01 9.351904e-03 8.603889e-01
      outer loop
         vertex 2.058698e+00 -1.368764e+00 -4.477708e+00
         vertex 2.061519e+00 -1.368715e+00 -4.479379e+00
         vertex 2.057235e+00 -1.353183e+00 -4.477011e+00
      endloop
   endfacet
   facet normal 5.965270e-01 4.232341e-02 8.014763e-01
      outer loop
         vertex 2.057235e+00 -1.353183e+00 -4.477011e+00
         vertex 2.061519e+00 -1.368715e+00 -4.479379e+00
         vertex 2.059988e+00 -1.353127e+00 -4.479063e+00
      endloop
   endfacet
   facet normal 5.975746e-01 -4.600882e-02 8.004922e-01
      outer loop
         vertex 2.057235e+00 -1.353183e+00 -4.477011e+00
         vertex 2.059988e+00 -1.353127e+00 -4.479063e+00
         vertex 2.057390e+00 -1.337849e+00 -4.476245e+00
      endloop
   endfacet
   facet normal 6.727490e-01 -2.197884e-02 7.395442e-01
      outer loop
         vertex 2.057390e+00 -1.337849e+00 -4.476245e+00
         vertex 2.059988e+00 -1.353127e+00 -4.479063e+00
         vertex 2.060155e+00 -1.337784e+00 -4.478759e+00
      endloop
   endfacet
   facet normal 6.684488e-01 -1.318430e-01 7.319793e-01
      outer loop
         vertex 2.057390e+00 -1.337849e+00 -4.476245e+00
         vertex 2.060155e+00 -1.337784e+00 -4.478759e+00
         vertex 2.058455e+00 -1.330330e+00 -4.475864e+00
      endloop
   endfacet
   facet normal 6.948332e-01 -1.171231e-01 7.095696e-01
      outer loop
         vertex 2.058455e+00 -1.330330e+00 -4.475864e+00
         vertex 2.060155e+00 -1.337784e+00 -4.478759e+00
         vertex 2.061273e+00 -1.330260e+00 -4.478612e+00
      endloop
   endfacet
   facet normal 6.849004e-01 -2.125210e-01 6.969550e-01
      outer loop
         vertex 2.058455e+00 -1.330330e+00 -4.475864e+00
         vertex 2.061273e+00 -1.330260e+00 -4.478612e+00
         vertex 2.060376e+00 -1.322938e+00 -4.475497e+00
      endloop
   endfacet
   facet normal 7.017705e-01 -2.042963e-01 6.824817e-01
      outer loop
         vertex 2.060376e+00 -1.322938e+00 -4.475497e+00
         vertex 2.061273e+00 -1.330260e+00 -4.478612e+00
         vertex 2.063288e+00 -1.322863e+00 -4.478469e+00
      endloop
   endfacet
   facet normal 6.859322e-01 -2.962278e-01 6.646398e-01
      outer loop
         vertex 2.060376e+00 -1.322938e+00 -4.475497e+00
         vertex 2.063288e+00 -1.322863e+00 -4.478469e+00
         vertex 2.063175e+00 -1.315676e+00 -4.475150e+00
      endloop
   endfacet
   facet normal 6.940027e-01 -2.928959e-01 6.577022e-01
      outer loop
         vertex 2.063175e+00 -1.315676e+00 -4.475150e+00
         vertex 2.063288e+00 -1.322863e+00 -4.478469e+00
         vertex 2.066224e+00 -1.315596e+00 -4.478331e+00
      endloop
   endfacet
   facet normal 6.757467e-01 -3.687137e-01 6.382920e-01
      outer loop
         vertex 2.063175e+00 -1.315676e+00 -4.475150e+00
         vertex 2.066224e+00 -1.315596e+00 -4.478331e+00
         vertex 2.066760e+00 -1.308534e+00 -4.474819e+00
      endloop
   endfacet
   facet normal 6.772744e-01 -3.681778e-01 6.369808e-01
      outer loop
         vertex 2.066760e+00 -1.308534e+00 -4.474819e+00
         vertex 2.066224e+00 -1.315596e+00 -4.478331e+00
         vertex 2.069982e+00 -1.308448e+00 -4.478196e+00
      endloop
   endfacet
   facet normal 6.508204e-01 -4.525745e-01 6.095975e-01
      outer loop
         vertex 2.066760e+00 -1.308534e+00 -4.474819e+00
         vertex 2.069982e+00 -1.308448e+00 -4.478196e+00
         vertex 2.075899e+00 -1.294556e+00 -4.474198e+00
      endloop
   endfacet
   facet normal 6.423953e-01 -4.517190e-01 6.190947e-01
      outer loop
         vertex 2.075899e+00 -1.294556e+00 -4.474198e+00
         vertex 2.069982e+00 -1.308448e+00 -4.478196e+00
         vertex 2.079563e+00 -1.294460e+00 -4.477930e+00
      endloop
   endfacet
   facet normal 6.139513e-01 -5.251754e-01 5.892830e-01
      outer loop
         vertex 2.075899e+00 -1.294556e+00 -4.474198e+00
         vertex 2.079563e+00 -1.294460e+00 -4.477930e+00
         vertex 2.087017e+00 -1.280903e+00 -4.473615e+00
      endloop
   endfacet
   facet normal 5.985947e-01 -5.224465e-01 6.072347e-01
      outer loop
         vertex 2.087017e+00 -1.280903e+00 -4.473615e+00
         vertex 2.079563e+00 -1.294460e+00 -4.477930e+00
         vertex 2.091217e+00 -1.280798e+00 -4.477664e+00
      endloop
   endfacet
   facet normal 5.836317e-01 -5.570556e-01 5.908157e-01
      outer loop
         vertex 2.087017e+00 -1.280903e+00 -4.473615e+00
         vertex 2.091217e+00 -1.280798e+00 -4.477664e+00
         vertex 2.183977e+00 -1.174559e+00 -4.469127e+00
      endloop
   endfacet
   facet normal 5.038021e-01 -4.966712e-01 7.067540e-01
      outer loop
         vertex 2.183977e+00 -1.174559e+00 -4.469127e+00
         vertex 2.091217e+00 -1.280798e+00 -4.477664e+00
         vertex 2.192846e+00 -1.174424e+00 -4.475355e+00
      endloop
   endfacet
   facet normal 5.137920e-01 -4.638768e-01 7.216898e-01
      outer loop
         vertex 2.183977e+00 -1.174559e+00 -4.469127e+00
         vertex 2.192846e+00 -1.174424e+00 -4.475355e+00
         vertex 2.280196e+00 -1.066431e+00 -4.468128e+00
      endloop
   endfacet
   facet normal 4.648306e-01 -4.278527e-01 7.751610e-01
      outer loop
         vertex 2.280196e+00 -1.066431e+00 -4.468128e+00
         vertex 2.192846e+00 -1.174424e+00 -4.475355e+00
         vertex 2.293759e+00 -1.066346e+00 -4.476215e+00
      endloop
   endfacet
   facet normal 4.729739e-01 -3.917476e-01 7.891955e-01
      outer loop
         vertex 2.280196e+00 -1.066431e+00 -4.468128e+00
         vertex 2.293759e+00 -1.066346e+00 -4.476215e+00
         vertex 2.376907e+00 -9.561256e-01 -4.471334e+00
      endloop
   endfacet
   facet normal 4.354040e-01 -3.649013e-01 8.229644e-01
      outer loop
         vertex 2.376907e+00 -9.561256e-01 -4.471334e+00
         vertex 2.293759e+00 -1.066346e+00 -4.476215e+00
         vertex 2.395269e+00 -9.560928e-01 -4.481034e+00
      endloop
   endfacet
   facet normal 4.431187e-01 -3.191663e-01 8.377223e-01
      outer loop
         vertex 2.376907e+00 -9.561256e-01 -4.471334e+00
         vertex 2.395269e+00 -9.560928e-01 -4.481034e+00
         vertex 2.471780e+00 -8.431820e-01 -4.478487e+00
      endloop
   endfacet
   facet normal 4.135816e-01 -2.996481e-01 8.597449e-01
      outer loop
         vertex 2.471780e+00 -8.431820e-01 -4.478487e+00
         vertex 2.395269e+00 -9.560928e-01 -4.481034e+00
         vertex 2.494934e+00 -8.431649e-01 -4.489619e+00
      endloop
   endfacet
   facet normal 4.181376e-01 -2.636664e-01 8.692761e-01
      outer loop
         vertex 2.471780e+00 -8.431820e-01 -4.478487e+00
         vertex 2.494934e+00 -8.431649e-01 -4.489619e+00
         vertex 2.564094e+00 -7.335079e-01 -4.489625e+00
      endloop
   endfacet
   facet normal 3.923051e-01 -2.473732e-01 8.859477e-01
      outer loop
         vertex 2.564094e+00 -7.335079e-01 -4.489625e+00
         vertex 2.494934e+00 -8.431649e-01 -4.489619e+00
         vertex 2.591985e+00 -7.337314e-01 -4.502038e+00
      endloop
   endfacet
   facet normal 3.951435e-01 -2.202034e-01 8.918364e-01
      outer loop
         vertex 2.564094e+00 -7.335079e-01 -4.489625e+00
         vertex 2.591985e+00 -7.337314e-01 -4.502038e+00
         vertex 2.654950e+00 -6.299988e-01 -4.504323e+00
      endloop
   endfacet
   facet normal 3.722092e-01 -2.059922e-01 9.050014e-01
      outer loop
         vertex 2.654950e+00 -6.299988e-01 -4.504323e+00
         vertex 2.591985e+00 -7.337314e-01 -4.502038e+00
         vertex 2.687452e+00 -6.308255e-01 -4.517879e+00
      endloop
   endfacet
   facet normal 3.766116e-01 -1.587148e-01 9.126737e-01
      outer loop
         vertex 2.654950e+00 -6.299988e-01 -4.504323e+00
         vertex 2.687452e+00 -6.308255e-01 -4.517879e+00
         vertex 2.742871e+00 -5.268465e-01 -4.522665e+00
      endloop
   endfacet
   facet normal 3.573503e-01 -1.480118e-01 9.221677e-01
      outer loop
         vertex 2.742871e+00 -5.268465e-01 -4.522665e+00
         vertex 2.687452e+00 -6.308255e-01 -4.517879e+00
         vertex 2.779801e+00 -5.284080e-01 -4.537227e+00
      endloop
   endfacet
   facet normal 3.617990e-01 -9.326447e-02 9.275792e-01
      outer loop
         vertex 2.742871e+00 -5.268465e-01 -4.522665e+00
         vertex 2.779801e+00 -5.284080e-01 -4.537227e+00
         vertex 2.826591e+00 -4.250413e-01 -4.545084e+00
      endloop
   endfacet
   facet normal 3.462401e-01 -8.571666e-02 9.342218e-01
      outer loop
         vertex 2.826591e+00 -4.250413e-01 -4.545084e+00
         vertex 2.779801e+00 -5.284080e-01 -4.537227e+00
         vertex 2.867696e+00 -4.274225e-01 -4.560537e+00
      endloop
   endfacet
   facet normal 3.491374e-01 -4.665477e-02 9.359094e-01
      outer loop
         vertex 2.826591e+00 -4.250413e-01 -4.545084e+00
         vertex 2.867696e+00 -4.274225e-01 -4.560537e+00
         vertex 2.905028e+00 -3.310787e-01 -4.569660e+00
      endloop
   endfacet
   facet normal 3.396601e-01 -4.263475e-02 9.395815e-01
      outer loop
         vertex 2.905028e+00 -3.310787e-01 -4.569660e+00
         vertex 2.867696e+00 -4.274225e-01 -4.560537e+00
         vertex 2.949951e+00 -3.340468e-01 -4.586035e+00
      endloop
   endfacet
   facet normal 3.383725e-01 -5.959485e-02 9.391233e-01
      outer loop
         vertex 2.905028e+00 -3.310787e-01 -4.569660e+00
         vertex 2.949951e+00 -3.340468e-01 -4.586035e+00
         vertex 2.977424e+00 -2.421576e-01 -4.590102e+00
      endloop
   endfacet
   facet normal 3.323545e-01 -5.769532e-02 9.413882e-01
      outer loop
         vertex 2.977424e+00 -2.421576e-01 -4.590102e+00
         vertex 2.949951e+00 -3.340468e-01 -4.586035e+00
         vertex 3.025750e+00 -2.455901e-01 -4.607374e+00
      endloop
   endfacet
   facet normal 3.321654e-01 -5.997537e-02 9.413124e-01
      outer loop
         vertex 2.977424e+00 -2.421576e-01 -4.590102e+00
         vertex 3.025750e+00 -2.455901e-01 -4.607374e+00
         vertex 3.010807e+00 -1.974555e-01 -4.599034e+00
      endloop
   endfacet
   facet normal 3.293194e-01 -6.102046e-02 9.422448e-01
      outer loop
         vertex 3.010807e+00 -1.974555e-01 -4.599034e+00
         vertex 3.025750e+00 -2.455901e-01 -4.607374e+00
         vertex 3.060668e+00 -2.011470e-01 -4.616700e+00
      endloop
   endfacet
   facet normal 3.291358e-01 -6.313895e-02 9.421694e-01
      outer loop
         vertex 3.010807e+00 -1.974555e-01 -4.599034e+00
         vertex 3.060668e+00 -2.011470e-01 -4.616700e+00
         vertex 3.042052e+00 -1.527357e-01 -4.606952e+00
      endloop
   endfacet
   facet normal 3.266244e-01 -6.426527e-02 9.429668e-01
      outer loop
         vertex 3.042052e+00 -1.527357e-01 -4.606952e+00
         vertex 3.060668e+00 -2.011470e-01 -4.616700e+00
         vertex 3.093322e+00 -1.566857e-01 -4.624981e+00
      endloop
   endfacet
   facet normal 3.260851e-01 -7.018996e-02 9.427311e-01
      outer loop
         vertex 3.042052e+00 -1.527357e-01 -4.606952e+00
         vertex 3.093322e+00 -1.566857e-01 -4.624981e+00
         vertex 3.096941e+00 -6.589553e-02 -4.619473e+00
      endloop
   endfacet
   facet normal 3.217461e-01 -7.010774e-02 9.442268e-01
      outer loop
         vertex 3.096941e+00 -6.589553e-02 -4.619473e+00
         vertex 3.093322e+00 -1.566857e-01 -4.624981e+00
         vertex 3.150588e+00 -7.058956e-02 -4.638101e+00
      endloop
   endfacet
   facet normal 3.218357e-01 -6.922229e-02 9.442616e-01
      outer loop
         vertex 3.096941e+00 -6.589553e-02 -4.619473e+00
         vertex 3.150588e+00 -7.058956e-02 -4.638101e+00
         vertex 3.120234e+00 -2.457312e-02 -4.624383e+00
      endloop
   endfacet
   facet normal 3.197366e-01 -7.078492e-02 9.448587e-01
      outer loop
         vertex 3.120234e+00 -2.457312e-02 -4.624383e+00
         vertex 3.150588e+00 -7.058956e-02 -4.638101e+00
         vertex 3.174820e+00 -2.981007e-02 -4.643247e+00
      endloop
   endfacet
   facet normal 3.204028e-01 -6.461904e-02 9.450748e-01
      outer loop
         vertex 3.120234e+00 -2.457312e-02 -4.624383e+00
         vertex 3.174820e+00 -2.981007e-02 -4.643247e+00
         vertex 3.140688e+00 1.640611e-02 -4.628515e+00
      endloop
   endfacet
   facet normal 3.186111e-01 -6.610261e-02 9.455778e-01
      outer loop
         vertex 3.140688e+00 1.640611e-02 -4.628515e+00
         vertex 3.174820e+00 -2.981007e-02 -4.643247e+00
         vertex 3.196039e+00 1.058471e-02 -4.647573e+00
      endloop
   endfacet
   facet normal 3.193208e-01 -5.991917e-02 9.457504e-01
      outer loop
         vertex 3.140688e+00 1.640611e-02 -4.628515e+00
         vertex 3.196039e+00 1.058471e-02 -4.647573e+00
         vertex 3.158183e+00 5.800194e-02 -4.631787e+00
      endloop
   endfacet
   facet normal 3.179237e-01 -6.116472e-02 9.461413e-01
      outer loop
         vertex 3.158183e+00 5.800194e-02 -4.631787e+00
         vertex 3.196039e+00 1.058471e-02 -4.647573e+00
         vertex 3.214126e+00 5.162182e-02 -4.650997e+00
      endloop
   endfacet
   facet normal 3.185694e-01 -5.584053e-02 9.462533e-01
      outer loop
         vertex 3.158183e+00 5.800194e-02 -4.631787e+00
         vertex 3.214126e+00 5.162182e-02 -4.650997e+00
         vertex 3.172250e+00 9.837805e-02 -4.634140e+00
      endloop
   endfacet
   facet normal 3.175311e-01 -5.687406e-02 9.465407e-01
      outer loop
         vertex 3.172250e+00 9.837805e-02 -4.634140e+00
         vertex 3.214126e+00 5.162182e-02 -4.650997e+00
         vertex 3.228588e+00 9.136864e-02 -4.653460e+00
      endloop
   endfacet
   facet normal 3.184074e-01 -5.007794e-02 9.466303e-01
      outer loop
         vertex 3.172250e+00 9.837805e-02 -4.634140e+00
         vertex 3.228588e+00 9.136864e-02 -4.653460e+00
         vertex 3.183298e+00 1.403111e-01 -4.635638e+00
      endloop
   endfacet
   facet normal 3.178012e-01 -5.070101e-02 9.468008e-01
      outer loop
         vertex 3.183298e+00 1.403111e-01 -4.635638e+00
         vertex 3.228588e+00 9.136864e-02 -4.653460e+00
         vertex 3.239852e+00 1.327470e-01 -4.655025e+00
      endloop
   endfacet
   facet normal 3.187426e-01 -4.374104e-02 9.468315e-01
      outer loop
         vertex 3.183298e+00 1.403111e-01 -4.635638e+00
         vertex 3.239852e+00 1.327470e-01 -4.655025e+00
         vertex 3.192573e+00 1.917709e-01 -4.636383e+00
      endloop
   endfacet
   facet normal 3.185809e-01 -4.388561e-02 9.468792e-01
      outer loop
         vertex 3.192573e+00 1.917709e-01 -4.636383e+00
         vertex 3.239852e+00 1.327470e-01 -4.655025e+00
         vertex 3.249218e+00 1.841524e-01 -4.655794e+00
      endloop
   endfacet
   facet normal 3.186921e-01 -4.306006e-02 9.468797e-01
      outer loop
         vertex 3.192573e+00 1.917709e-01 -4.636383e+00
         vertex 3.249218e+00 1.841524e-01 -4.655794e+00
         vertex 3.199341e+00 2.545686e-01 -4.635805e+00
      endloop
   endfacet
   facet normal 3.188030e-01 -4.297202e-02 9.468464e-01
      outer loop
         vertex 3.199341e+00 2.545686e-01 -4.635805e+00
         vertex 3.249218e+00 1.841524e-01 -4.655794e+00
         vertex 3.255964e+00 2.475319e-01 -4.655189e+00
      endloop
   endfacet
   facet normal 3.184629e-01 -4.567550e-02 9.468343e-01
      outer loop
         vertex 3.199341e+00 2.545686e-01 -4.635805e+00
         vertex 3.255964e+00 2.475319e-01 -4.655189e+00
         vertex 3.202289e+00 3.255587e-01 -4.633372e+00
      endloop
   endfacet
   facet normal 3.188518e-01 -4.537547e-02 9.467178e-01
      outer loop
         vertex 3.202289e+00 3.255587e-01 -4.633372e+00
         vertex 3.255964e+00 2.475319e-01 -4.655189e+00
         vertex 3.258747e+00 3.195912e-01 -4.652672e+00
      endloop
   endfacet
   facet normal 3.185913e-01 -4.774646e-02 9.466889e-01
      outer loop
         vertex 3.202289e+00 3.255587e-01 -4.633372e+00
         vertex 3.258747e+00 3.195912e-01 -4.652672e+00
         vertex 3.200733e+00 3.974425e-01 -4.629223e+00
      endloop
   endfacet
   facet normal 3.192654e-01 -4.718418e-02 9.464900e-01
      outer loop
         vertex 3.200733e+00 3.974425e-01 -4.629223e+00
         vertex 3.258747e+00 3.195912e-01 -4.652672e+00
         vertex 3.256828e+00 3.925913e-01 -4.648386e+00
      endloop
   endfacet
   facet normal 3.191101e-01 -4.885285e-02 9.464577e-01
      outer loop
         vertex 3.200733e+00 3.974425e-01 -4.629223e+00
         vertex 3.256828e+00 3.925913e-01 -4.648386e+00
         vertex 3.194547e+00 4.676660e-01 -4.623512e+00
      endloop
   endfacet
   facet normal 3.200062e-01 -4.802325e-02 9.461976e-01
      outer loop
         vertex 3.194547e+00 4.676660e-01 -4.623512e+00
         vertex 3.256828e+00 3.925913e-01 -4.648386e+00
         vertex 3.250069e+00 4.638510e-01 -4.642483e+00
      endloop
   endfacet
   facet normal 3.198670e-01 -4.982116e-02 9.461517e-01
      outer loop
         vertex 3.194547e+00 4.676660e-01 -4.623512e+00
         vertex 3.250069e+00 4.638510e-01 -4.642483e+00
         vertex 3.183994e+00 5.374455e-01 -4.616270e+00
      endloop
   endfacet
   facet normal 3.209614e-01 -4.872681e-02 9.458380e-01
      outer loop
         vertex 3.183994e+00 5.374455e-01 -4.616270e+00
         vertex 3.250069e+00 4.638510e-01 -4.642483e+00
         vertex 3.238753e+00 5.346730e-01 -4.634995e+00
      endloop
   endfacet
   facet normal 3.205547e-01 -5.526358e-02 9.456165e-01
      outer loop
         vertex 3.183994e+00 5.374455e-01 -4.616270e+00
         vertex 3.238753e+00 5.346730e-01 -4.634995e+00
         vertex 3.169510e+00 6.078971e-01 -4.607243e+00
      endloop
   endfacet
   facet normal 3.222613e-01 -5.346900e-02 9.451395e-01
      outer loop
         vertex 3.169510e+00 6.078971e-01 -4.607243e+00
         vertex 3.238753e+00 5.346730e-01 -4.634995e+00
         vertex 3.223320e+00 6.061131e-01 -4.625691e+00
      endloop
   endfacet
   facet normal 3.221984e-01 -5.479919e-02 9.450848e-01
      outer loop
         vertex 3.169510e+00 6.078971e-01 -4.607243e+00
         vertex 3.223320e+00 6.061131e-01 -4.625691e+00
         vertex 3.151323e+00 6.796497e-01 -4.596882e+00
      endloop
   endfacet
   facet normal 3.247191e-01 -5.205400e-02 9.443770e-01
      outer loop
         vertex 3.151323e+00 6.796497e-01 -4.596882e+00
         vertex 3.223320e+00 6.061131e-01 -4.625691e+00
         vertex 3.204000e+00 6.787466e-01 -4.615045e+00
      endloop
   endfacet
   facet normal 3.252299e-01 -3.472893e-02 9.449970e-01
      outer loop
         vertex 3.151323e+00 6.796497e-01 -4.596882e+00
         vertex 3.204000e+00 6.787466e-01 -4.615045e+00
         vertex 3.129322e+00 7.526047e-01 -4.586629e+00
      endloop
   endfacet
   facet normal 3.283457e-01 -3.121106e-02 9.440418e-01
      outer loop
         vertex 3.129322e+00 7.526047e-01 -4.586629e+00
         vertex 3.204000e+00 6.787466e-01 -4.615045e+00
         vertex 3.180702e+00 7.524848e-01 -4.604504e+00
      endloop
   endfacet
   facet normal 3.285276e-01 -1.107378e-02 9.444295e-01
      outer loop
         vertex 3.129322e+00 7.526047e-01 -4.586629e+00
         vertex 3.180702e+00 7.524848e-01 -4.604504e+00
         vertex 3.103522e+00 8.255232e-01 -4.576799e+00
      endloop
   endfacet
   facet normal 3.320229e-01 -6.931236e-03 9.432458e-01
      outer loop
         vertex 3.103522e+00 8.255232e-01 -4.576799e+00
         vertex 3.180702e+00 7.524848e-01 -4.604504e+00
         vertex 3.153455e+00 8.261162e-01 -4.594372e+00
      endloop
   endfacet
   facet normal 3.318600e-01 8.189258e-03 9.432931e-01
      outer loop
         vertex 3.103522e+00 8.255232e-01 -4.576799e+00
         vertex 3.153455e+00 8.261162e-01 -4.594372e+00
         vertex 3.074057e+00 8.968246e-01 -4.567052e+00
      endloop
   endfacet
   facet normal 3.354483e-01 1.272880e-02 9.419726e-01
      outer loop
         vertex 3.074057e+00 8.968246e-01 -4.567052e+00
         vertex 3.153455e+00 8.261162e-01 -4.594372e+00
         vertex 3.122409e+00 8.980890e-01 -4.584288e+00
      endloop
   endfacet
   facet normal 3.349921e-01 2.792155e-02 9.418071e-01
      outer loop
         vertex 3.074057e+00 8.968246e-01 -4.567052e+00
         vertex 3.122409e+00 8.980890e-01 -4.584288e+00
         vertex 3.041179e+00 9.663965e-01 -4.557420e+00
      endloop
   endfacet
   facet normal 3.386554e-01 3.285636e-02 9.403366e-01
      outer loop
         vertex 3.041179e+00 9.663965e-01 -4.557420e+00
         vertex 3.122409e+00 8.980890e-01 -4.584288e+00
         vertex 3.087827e+00 9.682887e-01 -4.574287e+00
      endloop
   endfacet
   facet normal 3.378937e-01 4.818751e-02 9.399499e-01
      outer loop
         vertex 3.041179e+00 9.663965e-01 -4.557420e+00
         vertex 3.087827e+00 9.682887e-01 -4.574287e+00
         vertex 3.005169e+00 1.034454e+00 -4.547965e+00
      endloop
   endfacet
   facet normal 3.417319e-01 5.365279e-02 9.382647e-01
      outer loop
         vertex 3.005169e+00 1.034454e+00 -4.547965e+00
         vertex 3.087827e+00 9.682887e-01 -4.574287e+00
         vertex 3.050002e+00 1.036917e+00 -4.564434e+00
      endloop
   endfacet
   facet normal 3.408228e-01 6.677702e-02 9.377530e-01
      outer loop
         vertex 3.005169e+00 1.034454e+00 -4.547965e+00
         vertex 3.050002e+00 1.036917e+00 -4.564434e+00
         vertex 2.966296e+00 1.101028e+00 -4.538577e+00
      endloop
   endfacet
   facet normal 3.449465e-01 7.295557e-02 9.357828e-01
      outer loop
         vertex 2.966296e+00 1.101028e+00 -4.538577e+00
         vertex 3.050002e+00 1.036917e+00 -4.564434e+00
         vertex 3.009211e+00 1.103986e+00 -4.554627e+00
      endloop
   endfacet
   facet normal 3.437355e-01 8.662130e-02 9.350629e-01
      outer loop
         vertex 2.966296e+00 1.101028e+00 -4.538577e+00
         vertex 3.009211e+00 1.103986e+00 -4.554627e+00
         vertex 2.924782e+00 1.166154e+00 -4.529350e+00
      endloop
   endfacet
   facet normal 3.482002e-01 9.363245e-02 9.327323e-01
      outer loop
         vertex 2.924782e+00 1.166154e+00 -4.529350e+00
         vertex 3.009211e+00 1.103986e+00 -4.554627e+00
         vertex 2.965691e+00 1.169519e+00 -4.544959e+00
      endloop
   endfacet
   facet normal 3.462702e-01 1.113766e-01 9.315000e-01
      outer loop
         vertex 2.924782e+00 1.166154e+00 -4.529350e+00
         vertex 2.965691e+00 1.169519e+00 -4.544959e+00
         vertex 2.880804e+00 1.229877e+00 -4.520620e+00
      endloop
   endfacet
   facet normal 3.510352e-01 1.191888e-01 9.287456e-01
      outer loop
         vertex 2.880804e+00 1.229877e+00 -4.520620e+00
         vertex 2.965691e+00 1.169519e+00 -4.544959e+00
         vertex 2.919627e+00 1.233567e+00 -4.535768e+00
      endloop
   endfacet
   facet normal 3.485953e-01 1.379592e-01 9.270645e-01
      outer loop
         vertex 2.880804e+00 1.229877e+00 -4.520620e+00
         vertex 2.919627e+00 1.233567e+00 -4.535768e+00
         vertex 2.834553e+00 1.291986e+00 -4.512472e+00
      endloop
   endfacet
   facet normal 3.536223e-01 1.465682e-01 9.238339e-01
      outer loop
         vertex 2.834553e+00 1.291986e+00 -4.512472e+00
         vertex 2.919627e+00 1.233567e+00 -4.535768e+00
         vertex 2.871223e+00 1.295922e+00 -4.527132e+00
      endloop
   endfacet
   facet normal 3.509526e-01 1.641886e-01 9.218863e-01
      outer loop
         vertex 2.834553e+00 1.291986e+00 -4.512472e+00
         vertex 2.871223e+00 1.295922e+00 -4.527132e+00
         vertex 2.786239e+00 1.352159e+00 -4.504796e+00
      endloop
   endfacet
   facet normal 3.562087e-01 1.736217e-01 9.181344e-01
      outer loop
         vertex 2.786239e+00 1.352159e+00 -4.504796e+00
         vertex 2.871223e+00 1.295922e+00 -4.527132e+00
         vertex 2.820698e+00 1.356270e+00 -4.518942e+00
      endloop
   endfacet
   facet normal 3.533769e-01 1.899754e-01 9.159881e-01
      outer loop
         vertex 2.786239e+00 1.352159e+00 -4.504796e+00
         vertex 2.820698e+00 1.356270e+00 -4.518942e+00
         vertex 2.736080e+00 1.410755e+00 -4.497598e+00
      endloop
   endfacet
   facet normal 3.588146e-01 2.000967e-01 9.117091e-01
      outer loop
         vertex 2.736080e+00 1.410755e+00 -4.497598e+00
         vertex 2.820698e+00 1.356270e+00 -4.518942e+00
         vertex 2.768275e+00 1.414995e+00 -4.511199e+00
      endloop
   endfacet
   facet normal 3.558487e-01 2.152575e-01 9.094151e-01
      outer loop
         vertex 2.736080e+00 1.410755e+00 -4.497598e+00
         vertex 2.768275e+00 1.414995e+00 -4.511199e+00
         vertex 2.684280e+00 1.468117e+00 -4.490906e+00
      endloop
   endfacet
   facet normal 3.614773e-01 2.260064e-01 9.045746e-01
      outer loop
         vertex 2.684280e+00 1.468117e+00 -4.490906e+00
         vertex 2.768275e+00 1.414995e+00 -4.511199e+00
         vertex 2.714165e+00 1.472456e+00 -4.503933e+00
      endloop
   endfacet
   facet normal 3.573180e-01 2.448628e-01 9.013135e-01
      outer loop
         vertex 2.684280e+00 1.468117e+00 -4.490906e+00
         vertex 2.714165e+00 1.472456e+00 -4.503933e+00
         vertex 2.630970e+00 1.522652e+00 -4.484588e+00
      endloop
   endfacet
   facet normal 3.635131e-01 2.574442e-01 8.953104e-01
      outer loop
         vertex 2.630970e+00 1.522652e+00 -4.484588e+00
         vertex 2.714165e+00 1.472456e+00 -4.503933e+00
         vertex 2.658522e+00 1.526955e+00 -4.497012e+00
      endloop
   endfacet
   facet normal 3.572661e-01 2.826832e-01 8.901973e-01
      outer loop
         vertex 2.630970e+00 1.522652e+00 -4.484588e+00
         vertex 2.658522e+00 1.526955e+00 -4.497012e+00
         vertex 2.576412e+00 1.572692e+00 -4.478582e+00
      endloop
   endfacet
   facet normal 3.646513e-01 2.993613e-01 8.817099e-01
      outer loop
         vertex 2.576412e+00 1.572692e+00 -4.478582e+00
         vertex 2.658522e+00 1.526955e+00 -4.497012e+00
         vertex 2.601628e+00 1.576713e+00 -4.490376e+00
      endloop
   endfacet
   facet normal 3.574784e-01 3.256084e-01 8.753219e-01
      outer loop
         vertex 2.576412e+00 1.572692e+00 -4.478582e+00
         vertex 2.601628e+00 1.576713e+00 -4.490376e+00
         vertex 2.521492e+00 1.618937e+00 -4.473356e+00
      endloop
   endfacet
   facet normal 3.664052e-01 3.474589e-01 8.631452e-01
      outer loop
         vertex 2.521492e+00 1.618937e+00 -4.473356e+00
         vertex 2.601628e+00 1.576713e+00 -4.490376e+00
         vertex 2.544376e+00 1.622463e+00 -4.484489e+00
      endloop
   endfacet
   facet normal 3.575366e-01 3.771989e-01 8.543352e-01
      outer loop
         vertex 2.521492e+00 1.618937e+00 -4.473356e+00
         vertex 2.544376e+00 1.622463e+00 -4.484489e+00
         vertex 2.412759e+00 1.706486e+00 -4.466505e+00
      endloop
   endfacet
   facet normal 3.835209e-01 4.252988e-01 8.197760e-01
      outer loop
         vertex 2.412759e+00 1.706486e+00 -4.466505e+00
         vertex 2.544376e+00 1.622463e+00 -4.484489e+00
         vertex 2.430978e+00 1.708759e+00 -4.476208e+00
      endloop
   endfacet
   facet normal 3.807895e-01 4.337340e-01 8.166237e-01
      outer loop
         vertex 2.412759e+00 1.706486e+00 -4.466505e+00
         vertex 2.430978e+00 1.708759e+00 -4.476208e+00
         vertex 2.304547e+00 1.796721e+00 -4.463973e+00
      endloop
   endfacet
   facet normal 4.144297e-01 4.889037e-01 7.676075e-01
      outer loop
         vertex 2.304547e+00 1.796721e+00 -4.463973e+00
         vertex 2.430978e+00 1.708759e+00 -4.476208e+00
         vertex 2.318050e+00 1.797974e+00 -4.472061e+00
      endloop
   endfacet
   facet normal 4.147622e-01 4.879748e-01 7.680188e-01
      outer loop
         vertex 2.304547e+00 1.796721e+00 -4.463973e+00
         vertex 2.318050e+00 1.797974e+00 -4.472061e+00
         vertex 2.250975e+00 1.842824e+00 -4.464334e+00
      endloop
   endfacet
   facet normal 4.346431e-01 5.238091e-01 7.326045e-01
      outer loop
         vertex 2.250975e+00 1.842824e+00 -4.464334e+00
         vertex 2.318050e+00 1.797974e+00 -4.472061e+00
         vertex 2.262118e+00 1.843647e+00 -4.471533e+00
      endloop
   endfacet
   facet normal 4.402770e-01 5.090165e-01 7.396340e-01
      outer loop
         vertex 2.250975e+00 1.842824e+00 -4.464334e+00
         vertex 2.262118e+00 1.843647e+00 -4.471533e+00
         vertex 2.199421e+00 1.889966e+00 -4.466088e+00
      endloop
   endfacet
   facet normal 4.622197e-01 5.432766e-01 7.008591e-01
      outer loop
         vertex 2.199421e+00 1.889966e+00 -4.466088e+00
         vertex 2.262118e+00 1.843647e+00 -4.471533e+00
         vertex 2.208279e+00 1.890461e+00 -4.472314e+00
      endloop
   endfacet
   facet normal 4.641314e-01 5.385936e-01 7.032063e-01
      outer loop
         vertex 2.199421e+00 1.889966e+00 -4.466088e+00
         vertex 2.208279e+00 1.890461e+00 -4.472314e+00
         vertex 2.095248e+00 1.987477e+00 -4.472017e+00
      endloop
   endfacet
   facet normal 5.339892e-01 6.203785e-01 5.744441e-01
      outer loop
         vertex 2.095248e+00 1.987477e+00 -4.472017e+00
         vertex 2.208279e+00 1.890461e+00 -4.472314e+00
         vertex 2.099444e+00 1.987614e+00 -4.476066e+00
      endloop
   endfacet
   facet normal 5.627633e-01 5.660328e-01 6.024154e-01
      outer loop
         vertex 2.095248e+00 1.987477e+00 -4.472017e+00
         vertex 2.099444e+00 1.987614e+00 -4.476066e+00
         vertex 2.083177e+00 2.000293e+00 -4.472783e+00
      endloop
   endfacet
   facet normal 5.710498e-01 5.830040e-01 5.779346e-01
      outer loop
         vertex 2.083177e+00 2.000293e+00 -4.472783e+00
         vertex 2.099444e+00 1.987614e+00 -4.476066e+00
         vertex 2.086837e+00 2.000407e+00 -4.476514e+00
      endloop
   endfacet
   facet normal 6.100070e-01 5.013078e-01 6.136627e-01
      outer loop
         vertex 2.083177e+00 2.000293e+00 -4.472783e+00
         vertex 2.086837e+00 2.000407e+00 -4.476514e+00
         vertex 2.073063e+00 2.013589e+00 -4.473591e+00
      endloop
   endfacet
   facet normal 6.152469e-01 5.094581e-01 6.016009e-01
      outer loop
         vertex 2.073063e+00 2.013589e+00 -4.473591e+00
         vertex 2.086837e+00 2.000407e+00 -4.476514e+00
         vertex 2.076283e+00 2.013687e+00 -4.476966e+00
      endloop
   endfacet
   facet normal 6.489929e-01 4.245596e-01 6.313139e-01
      outer loop
         vertex 2.073063e+00 2.013589e+00 -4.473591e+00
         vertex 2.076283e+00 2.013687e+00 -4.476966e+00
         vertex 2.068982e+00 2.020461e+00 -4.474017e+00
      endloop
   endfacet
   facet normal 6.481753e-01 4.227999e-01 6.333317e-01
      outer loop
         vertex 2.068982e+00 2.020461e+00 -4.474017e+00
         vertex 2.076283e+00 2.013687e+00 -4.476966e+00
         vertex 2.072028e+00 2.020556e+00 -4.477197e+00
      endloop
   endfacet
   facet normal 6.698351e-01 3.551406e-01 6.520706e-01
      outer loop
         vertex 2.068982e+00 2.020461e+00 -4.474017e+00
         vertex 2.072028e+00 2.020556e+00 -4.477197e+00
         vertex 2.065679e+00 2.027508e+00 -4.474462e+00
      endloop
   endfacet
   facet normal 6.646389e-01 3.465057e-01 6.619584e-01
      outer loop
         vertex 2.065679e+00 2.027508e+00 -4.474462e+00
         vertex 2.072028e+00 2.020556e+00 -4.477197e+00
         vertex 2.068589e+00 2.027601e+00 -4.477433e+00
      endloop
   endfacet
   facet normal 6.828999e-01 2.730923e-01 6.775459e-01
      outer loop
         vertex 2.065679e+00 2.027508e+00 -4.474462e+00
         vertex 2.068589e+00 2.027601e+00 -4.477433e+00
         vertex 2.063246e+00 2.034747e+00 -4.474928e+00
      endloop
   endfacet
   facet normal 6.702563e-01 2.571090e-01 6.961692e-01
      outer loop
         vertex 2.063246e+00 2.034747e+00 -4.474928e+00
         vertex 2.068589e+00 2.027601e+00 -4.477433e+00
         vertex 2.066063e+00 2.034842e+00 -4.477675e+00
      endloop
   endfacet
   facet normal 6.818792e-01 1.919176e-01 7.058388e-01
      outer loop
         vertex 2.063246e+00 2.034747e+00 -4.474928e+00
         vertex 2.066063e+00 2.034842e+00 -4.477675e+00
         vertex 2.061656e+00 2.042171e+00 -4.475411e+00
      endloop
   endfacet
   facet normal 6.594216e-01 1.702594e-01 7.322396e-01
      outer loop
         vertex 2.061656e+00 2.042171e+00 -4.475411e+00
         vertex 2.066063e+00 2.034842e+00 -4.477675e+00
         vertex 2.064420e+00 2.042270e+00 -4.477923e+00
      endloop
   endfacet
   facet normal 6.671851e-01 1.008831e-01 7.380289e-01
      outer loop
         vertex 2.061656e+00 2.042171e+00 -4.475411e+00
         vertex 2.064420e+00 2.042270e+00 -4.477923e+00
         vertex 2.060423e+00 2.057447e+00 -4.476384e+00
      endloop
   endfacet
   facet normal 5.937593e-01 7.514560e-02 8.011261e-01
      outer loop
         vertex 2.060423e+00 2.057447e+00 -4.476384e+00
         vertex 2.064420e+00 2.042270e+00 -4.477923e+00
         vertex 2.063176e+00 2.057561e+00 -4.478435e+00
      endloop
   endfacet
   facet normal 5.962563e-01 3.286950e-02 8.021209e-01
      outer loop
         vertex 2.060423e+00 2.057447e+00 -4.476384e+00
         vertex 2.063176e+00 2.057561e+00 -4.478435e+00
         vertex 2.060783e+00 2.073081e+00 -4.477292e+00
      endloop
   endfacet
   facet normal 5.089747e-01 1.510265e-02 8.606490e-01
      outer loop
         vertex 2.060783e+00 2.073081e+00 -4.477292e+00
         vertex 2.063176e+00 2.057561e+00 -4.478435e+00
         vertex 2.063601e+00 2.073212e+00 -4.478961e+00
      endloop
   endfacet
   facet normal 5.087698e-01 1.982880e-02 8.606742e-01
      outer loop
         vertex 2.060783e+00 2.073081e+00 -4.477292e+00
         vertex 2.063601e+00 2.073212e+00 -4.478961e+00
         vertex 2.061437e+00 2.088795e+00 -4.478041e+00
      endloop
   endfacet
   facet normal 4.476000e-01 9.355811e-03 8.941850e-01
      outer loop
         vertex 2.061437e+00 2.088795e+00 -4.478041e+00
         vertex 2.063601e+00 2.073212e+00 -4.478961e+00
         vertex 2.064336e+00 2.088938e+00 -4.479493e+00
      endloop
   endfacet
   facet normal 4.452962e-01 5.251161e-02 8.938422e-01
      outer loop
         vertex 2.061437e+00 2.088795e+00 -4.478041e+00
         vertex 2.064336e+00 2.088938e+00 -4.479493e+00
         vertex 2.061053e+00 2.096513e+00 -4.478303e+00
      endloop
   endfacet
   facet normal 4.440169e-01 5.185123e-02 8.945169e-01
      outer loop
         vertex 2.061053e+00 2.096513e+00 -4.478303e+00
         vertex 2.064336e+00 2.088938e+00 -4.479493e+00
         vertex 2.063958e+00 2.096657e+00 -4.479753e+00
      endloop
   endfacet
   facet normal 4.412582e-01 9.045700e-02 8.928095e-01
      outer loop
         vertex 2.061053e+00 2.096513e+00 -4.478303e+00
         vertex 2.063958e+00 2.096657e+00 -4.479753e+00
         vertex 2.060459e+00 2.100292e+00 -4.478392e+00
      endloop
   endfacet
   facet normal 4.513161e-01 1.025177e-01 8.864558e-01
      outer loop
         vertex 2.060459e+00 2.100292e+00 -4.478392e+00
         vertex 2.063958e+00 2.096657e+00 -4.479753e+00
         vertex 2.063347e+00 2.100433e+00 -4.479879e+00
      endloop
   endfacet
   facet normal 4.489213e-01 1.285243e-01 8.842800e-01
      outer loop
         vertex 2.060459e+00 2.100292e+00 -4.478392e+00
         vertex 2.063347e+00 2.100433e+00 -4.479879e+00
         vertex 2.059508e+00 2.103999e+00 -4.478448e+00
      endloop
   endfacet
   facet normal 4.663840e-01 1.525165e-01 8.713350e-01
      outer loop
         vertex 2.059508e+00 2.103999e+00 -4.478448e+00
         vertex 2.063347e+00 2.100433e+00 -4.479879e+00
         vertex 2.062363e+00 2.104137e+00 -4.480000e+00
      endloop
   endfacet
   facet normal 1.165344e-01 6.931239e-02 9.907651e-01
      outer loop
         vertex 2.895279e+00 -1.460997e-01 -4.590153e+00
         vertex 3.042052e+00 -1.527357e-01 -4.606952e+00
         vertex 2.943323e+00 -5.591553e-02 -4.602113e+00
      endloop
   endfacet
   facet normal 1.164597e-01 6.923545e-02 9.907793e-01
      outer loop
         vertex 2.943323e+00 -5.591553e-02 -4.602113e+00
         vertex 3.042052e+00 -1.527357e-01 -4.606952e+00
         vertex 3.096941e+00 -6.589553e-02 -4.619473e+00
      endloop
   endfacet
   facet normal 1.154947e-01 5.238794e-02 9.919256e-01
      outer loop
         vertex 2.943323e+00 -5.591553e-02 -4.602113e+00
         vertex 3.096941e+00 -6.589553e-02 -4.619473e+00
         vertex 2.963919e+00 -1.250065e-02 -4.606804e+00
      endloop
   endfacet
   facet normal 1.156117e-01 5.268658e-02 9.918962e-01
      outer loop
         vertex 2.963919e+00 -1.250065e-02 -4.606804e+00
         vertex 3.096941e+00 -6.589553e-02 -4.619473e+00
         vertex 3.120234e+00 -2.457312e-02 -4.624383e+00
      endloop
   endfacet
   facet normal 1.148712e-01 4.224612e-02 9.924817e-01
      outer loop
         vertex 2.963919e+00 -1.250065e-02 -4.606804e+00
         vertex 3.120234e+00 -2.457312e-02 -4.624383e+00
         vertex 2.982184e+00 3.068138e-02 -4.610756e+00
      endloop
   endfacet
   facet normal 1.150337e-01 4.266112e-02 9.924451e-01
      outer loop
         vertex 2.982184e+00 3.068138e-02 -4.610756e+00
         vertex 3.120234e+00 -2.457312e-02 -4.624383e+00
         vertex 3.140688e+00 1.640611e-02 -4.628515e+00
      endloop
   endfacet
   facet normal 1.139427e-01 2.980730e-02 9.930401e-01
      outer loop
         vertex 2.982184e+00 3.068138e-02 -4.610756e+00
         vertex 3.140688e+00 1.640611e-02 -4.628515e+00
         vertex 2.998009e+00 7.443790e-02 -4.613886e+00
      endloop
   endfacet
   facet normal 1.140705e-01 3.012756e-02 9.930157e-01
      outer loop
         vertex 2.998009e+00 7.443790e-02 -4.613886e+00
         vertex 3.140688e+00 1.640611e-02 -4.628515e+00
         vertex 3.158183e+00 5.800194e-02 -4.631787e+00
      endloop
   endfacet
   facet normal 1.128784e-01 1.804295e-02 9.934450e-01
      outer loop
         vertex 2.998009e+00 7.443790e-02 -4.613886e+00
         vertex 3.158183e+00 5.800194e-02 -4.631787e+00
         vertex 3.010978e+00 1.171653e-01 -4.616135e+00
      endloop
   endfacet
   facet normal 1.130607e-01 1.850424e-02 9.934158e-01
      outer loop
         vertex 3.010978e+00 1.171653e-01 -4.616135e+00
         vertex 3.158183e+00 5.800194e-02 -4.631787e+00
         vertex 3.172250e+00 9.837805e-02 -4.634140e+00
      endloop
   endfacet
   facet normal 1.116173e-01 5.808252e-03 9.937343e-01
      outer loop
         vertex 3.010978e+00 1.171653e-01 -4.616135e+00
         vertex 3.172250e+00 9.837805e-02 -4.634140e+00
         vertex 3.021465e+00 1.612605e-01 -4.617571e+00
      endloop
   endfacet
   facet normal 1.117220e-01 6.062952e-03 9.937210e-01
      outer loop
         vertex 3.021465e+00 1.612605e-01 -4.617571e+00
         vertex 3.172250e+00 9.837805e-02 -4.634140e+00
         vertex 3.183298e+00 1.403111e-01 -4.635638e+00
      endloop
   endfacet
   facet normal 1.102499e-01 -5.453681e-03 9.938889e-01
      outer loop
         vertex 3.021465e+00 1.612605e-01 -4.617571e+00
         vertex 3.183298e+00 1.403111e-01 -4.635638e+00
         vertex 3.030574e+00 2.136091e-01 -4.618294e+00
      endloop
   endfacet
   facet normal 1.102379e-01 -5.479128e-03 9.938901e-01
      outer loop
         vertex 3.030574e+00 2.136091e-01 -4.618294e+00
         vertex 3.183298e+00 1.403111e-01 -4.635638e+00
         vertex 3.192573e+00 1.917709e-01 -4.636383e+00
      endloop
   endfacet
   facet normal 1.081526e-01 -2.096697e-02 9.939132e-01
      outer loop
         vertex 3.030574e+00 2.136091e-01 -4.618294e+00
         vertex 3.192573e+00 1.917709e-01 -4.636383e+00
         vertex 3.037530e+00 2.756699e-01 -4.617742e+00
      endloop
   endfacet
   facet normal 1.082362e-01 -2.081126e-02 9.939074e-01
      outer loop
         vertex 3.037530e+00 2.756699e-01 -4.617742e+00
         vertex 3.192573e+00 1.917709e-01 -4.636383e+00
         vertex 3.199341e+00 2.545686e-01 -4.635805e+00
      endloop
   endfacet
   facet normal 1.057853e-01 -3.935076e-02 9.936101e-01
      outer loop
         vertex 3.037530e+00 2.756699e-01 -4.617742e+00
         vertex 3.199341e+00 2.545686e-01 -4.635805e+00
         vertex 3.041072e+00 3.446631e-01 -4.615386e+00
      endloop
   endfacet
   facet normal 1.062858e-01 -3.846736e-02 9.935913e-01
      outer loop
         vertex 3.041072e+00 3.446631e-01 -4.615386e+00
         vertex 3.199341e+00 2.545686e-01 -4.635805e+00
         vertex 3.202289e+00 3.255587e-01 -4.633372e+00
      endloop
   endfacet
   facet normal 1.040606e-01 -5.664734e-02 9.929564e-01
      outer loop
         vertex 3.041072e+00 3.446631e-01 -4.615386e+00
         vertex 3.202289e+00 3.255587e-01 -4.633372e+00
         vertex 3.040659e+00 4.143945e-01 -4.611365e+00
      endloop
   endfacet
   facet normal 1.049432e-01 -5.504078e-02 9.929539e-01
      outer loop
         vertex 3.040659e+00 4.143945e-01 -4.611365e+00
         vertex 3.202289e+00 3.255587e-01 -4.633372e+00
         vertex 3.200733e+00 3.974425e-01 -4.629223e+00
      endloop
   endfacet
   facet normal 1.028632e-01 -7.364115e-02 9.919658e-01
      outer loop
         vertex 3.040659e+00 4.143945e-01 -4.611365e+00
         vertex 3.200733e+00 3.974425e-01 -4.629223e+00
         vertex 3.036194e+00 4.826641e-01 -4.605834e+00
      endloop
   endfacet
   facet normal 1.039736e-01 -7.150839e-02 9.920061e-01
      outer loop
         vertex 3.036194e+00 4.826641e-01 -4.605834e+00
         vertex 3.200733e+00 3.974425e-01 -4.629223e+00
         vertex 3.194547e+00 4.676660e-01 -4.623512e+00
      endloop
   endfacet
   facet normal 1.020821e-01 -8.994194e-02 9.907016e-01
      outer loop
         vertex 3.036194e+00 4.826641e-01 -4.605834e+00
         vertex 3.194547e+00 4.676660e-01 -4.623512e+00
         vertex 3.027889e+00 5.504737e-01 -4.598822e+00
      endloop
   endfacet
   facet normal 1.034689e-01 -8.718142e-02 9.908045e-01
      outer loop
         vertex 3.027889e+00 5.504737e-01 -4.598822e+00
         vertex 3.194547e+00 4.676660e-01 -4.623512e+00
         vertex 3.183994e+00 5.374455e-01 -4.616270e+00
      endloop
   endfacet
   facet normal 1.013952e-01 -1.093670e-01 9.888164e-01
      outer loop
         vertex 3.027889e+00 5.504737e-01 -4.598822e+00
         vertex 3.183994e+00 5.374455e-01 -4.616270e+00
         vertex 3.016145e+00 6.188756e-01 -4.590052e+00
      endloop
   endfacet
   facet normal 1.033104e-01 -1.054909e-01 9.890392e-01
      outer loop
         vertex 3.016145e+00 6.188756e-01 -4.590052e+00
         vertex 3.183994e+00 5.374455e-01 -4.616270e+00
         vertex 3.169510e+00 6.078971e-01 -4.607243e+00
      endloop
   endfacet
   facet normal 1.019975e-01 -1.212211e-01 9.873712e-01
      outer loop
         vertex 3.016145e+00 6.188756e-01 -4.590052e+00
         vertex 3.169510e+00 6.078971e-01 -4.607243e+00
         vertex 3.001159e+00 6.884887e-01 -4.579958e+00
      endloop
   endfacet
   facet normal 1.044862e-01 -1.161407e-01 9.877216e-01
      outer loop
         vertex 3.001159e+00 6.884887e-01 -4.579958e+00
         vertex 3.169510e+00 6.078971e-01 -4.607243e+00
         vertex 3.151323e+00 6.796497e-01 -4.596882e+00
      endloop
   endfacet
   facet normal 1.047615e-01 -1.122663e-01 9.881403e-01
      outer loop
         vertex 3.001159e+00 6.884887e-01 -4.579958e+00
         vertex 3.151323e+00 6.796497e-01 -4.596882e+00
         vertex 2.982789e+00 7.592305e-01 -4.569973e+00
      endloop
   endfacet
   facet normal 1.075449e-01 -1.064868e-01 9.884810e-01
      outer loop
         vertex 2.982789e+00 7.592305e-01 -4.569973e+00
         vertex 3.151323e+00 6.796497e-01 -4.596882e+00
         vertex 3.129322e+00 7.526047e-01 -4.586629e+00
      endloop
   endfacet
   facet normal 1.078921e-01 -1.003324e-01 9.890868e-01
      outer loop
         vertex 2.982789e+00 7.592305e-01 -4.569973e+00
         vertex 3.129322e+00 7.526047e-01 -4.586629e+00
         vertex 2.961030e+00 8.299559e-01 -4.560425e+00
      endloop
   endfacet
   facet normal 1.107643e-01 -9.418060e-02 9.893742e-01
      outer loop
         vertex 2.961030e+00 8.299559e-01 -4.560425e+00
         vertex 3.129322e+00 7.526047e-01 -4.586629e+00
         vertex 3.103522e+00 8.255232e-01 -4.576799e+00
      endloop
   endfacet
   facet normal 1.107408e-01 -9.474766e-02 9.893227e-01
      outer loop
         vertex 2.961030e+00 8.299559e-01 -4.560425e+00
         vertex 3.103522e+00 8.255232e-01 -4.576799e+00
         vertex 2.935996e+00 8.992014e-01 -4.550991e+00
      endloop
   endfacet
   facet normal 1.136024e-01 -8.833523e-02 9.895915e-01
      outer loop
         vertex 2.935996e+00 8.992014e-01 -4.550991e+00
         vertex 3.103522e+00 8.255232e-01 -4.576799e+00
         vertex 3.074057e+00 8.968246e-01 -4.567052e+00
      endloop
   endfacet
   facet normal 1.135931e-01 -8.867525e-02 9.895622e-01
      outer loop
         vertex 2.935996e+00 8.992014e-01 -4.550991e+00
         vertex 3.074057e+00 8.968246e-01 -4.567052e+00
         vertex 2.907909e+00 9.668660e-01 -4.541703e+00
      endloop
   endfacet
   facet normal 1.164427e-01 -8.200398e-02 9.898063e-01
      outer loop
         vertex 2.907909e+00 9.668660e-01 -4.541703e+00
         vertex 3.074057e+00 8.968246e-01 -4.567052e+00
         vertex 3.041179e+00 9.663965e-01 -4.557420e+00
      endloop
   endfacet
   facet normal 1.164506e-01 -8.139945e-02 9.898552e-01
      outer loop
         vertex 2.907909e+00 9.668660e-01 -4.541703e+00
         vertex 3.041179e+00 9.663965e-01 -4.557420e+00
         vertex 2.877014e+00 1.033157e+00 -4.532618e+00
      endloop
   endfacet
   facet normal 1.193183e-01 -7.442474e-02 9.900627e-01
      outer loop
         vertex 2.877014e+00 1.033157e+00 -4.532618e+00
         vertex 3.041179e+00 9.663965e-01 -4.557420e+00
         vertex 3.005169e+00 1.034454e+00 -4.547965e+00
      endloop
   endfacet
   facet normal 1.193196e-01 -7.562006e-02 9.899719e-01
      outer loop
         vertex 2.877014e+00 1.033157e+00 -4.532618e+00
         vertex 3.005169e+00 1.034454e+00 -4.547965e+00
         vertex 2.843547e+00 1.098122e+00 -4.523621e+00
      endloop
   endfacet
   facet normal 1.222554e-01 -6.823556e-02 9.901503e-01
      outer loop
         vertex 2.843547e+00 1.098122e+00 -4.523621e+00
         vertex 3.005169e+00 1.034454e+00 -4.547965e+00
         vertex 2.966296e+00 1.101028e+00 -4.538577e+00
      endloop
   endfacet
   facet normal 1.222561e-01 -6.827884e-02 9.901472e-01
      outer loop
         vertex 2.843547e+00 1.098122e+00 -4.523621e+00
         vertex 2.966296e+00 1.101028e+00 -4.538577e+00
         vertex 2.807702e+00 1.161804e+00 -4.514804e+00
      endloop
   endfacet
   facet normal 1.252728e-01 -6.045824e-02 9.902785e-01
      outer loop
         vertex 2.807702e+00 1.161804e+00 -4.514804e+00
         vertex 2.966296e+00 1.101028e+00 -4.538577e+00
         vertex 2.924782e+00 1.166154e+00 -4.529350e+00
      endloop
   endfacet
   facet normal 1.251226e-01 -5.535326e-02 9.905960e-01
      outer loop
         vertex 2.807702e+00 1.161804e+00 -4.514804e+00
         vertex 2.924782e+00 1.166154e+00 -4.529350e+00
         vertex 2.769625e+00 1.224251e+00 -4.506505e+00
      endloop
   endfacet
   facet normal 1.281601e-01 -4.725329e-02 9.906271e-01
      outer loop
         vertex 2.769625e+00 1.224251e+00 -4.506505e+00
         vertex 2.924782e+00 1.166154e+00 -4.529350e+00
         vertex 2.880804e+00 1.229877e+00 -4.520620e+00
      endloop
   endfacet
   facet normal 1.278767e-01 -4.084479e-02 9.909487e-01
      outer loop
         vertex 2.769625e+00 1.224251e+00 -4.506505e+00
         vertex 2.880804e+00 1.229877e+00 -4.520620e+00
         vertex 2.729480e+00 1.285270e+00 -4.498810e+00
      endloop
   endfacet
   facet normal 1.309148e-01 -3.251055e-02 9.908604e-01
      outer loop
         vertex 2.729480e+00 1.285270e+00 -4.498810e+00
         vertex 2.880804e+00 1.229877e+00 -4.520620e+00
         vertex 2.834553e+00 1.291986e+00 -4.512472e+00
      endloop
   endfacet
   facet normal 1.306300e-01 -2.767954e-02 9.910447e-01
      outer loop
         vertex 2.729480e+00 1.285270e+00 -4.498810e+00
         vertex 2.834553e+00 1.291986e+00 -4.512472e+00
         vertex 2.687451e+00 1.344561e+00 -4.491614e+00
      endloop
   endfacet
   facet normal 1.336843e-01 -1.905278e-02 9.908408e-01
      outer loop
         vertex 2.687451e+00 1.344561e+00 -4.491614e+00
         vertex 2.834553e+00 1.291986e+00 -4.512472e+00
         vertex 2.786239e+00 1.352159e+00 -4.504796e+00
      endloop
   endfacet
   facet normal 1.333039e-01 -1.386869e-02 9.909782e-01
      outer loop
         vertex 2.687451e+00 1.344561e+00 -4.491614e+00
         vertex 2.786239e+00 1.352159e+00 -4.504796e+00
         vertex 2.643734e+00 1.402427e+00 -4.484923e+00
      endloop
   endfacet
   facet normal 1.364123e-01 -4.922829e-03 9.906399e-01
      outer loop
         vertex 2.643734e+00 1.402427e+00 -4.484923e+00
         vertex 2.786239e+00 1.352159e+00 -4.504796e+00
         vertex 2.736080e+00 1.410755e+00 -4.497598e+00
      endloop
   endfacet
   facet normal 1.359043e-01 8.353294e-04 9.907216e-01
      outer loop
         vertex 2.643734e+00 1.402427e+00 -4.484923e+00
         vertex 2.736080e+00 1.410755e+00 -4.497598e+00
         vertex 2.598512e+00 1.459170e+00 -4.478768e+00
      endloop
   endfacet
   facet normal 1.390951e-01 1.009408e-02 9.902276e-01
      outer loop
         vertex 2.598512e+00 1.459170e+00 -4.478768e+00
         vertex 2.736080e+00 1.410755e+00 -4.497598e+00
         vertex 2.684280e+00 1.468117e+00 -4.490906e+00
      endloop
   endfacet
   facet normal 1.386746e-01 1.413794e-02 9.902371e-01
      outer loop
         vertex 2.598512e+00 1.459170e+00 -4.478768e+00
         vertex 2.684280e+00 1.468117e+00 -4.490906e+00
         vertex 2.551869e+00 1.513449e+00 -4.473011e+00
      endloop
   endfacet
   facet normal 1.420213e-01 2.417742e-02 9.895683e-01
      outer loop
         vertex 2.551869e+00 1.513449e+00 -4.473011e+00
         vertex 2.684280e+00 1.468117e+00 -4.490906e+00
         vertex 2.630970e+00 1.522652e+00 -4.484588e+00
      endloop
   endfacet
   facet normal 1.415686e-01 2.802197e-02 9.895318e-01
      outer loop
         vertex 2.551869e+00 1.513449e+00 -4.473011e+00
         vertex 2.630970e+00 1.522652e+00 -4.484588e+00
         vertex 2.504016e+00 1.563863e+00 -4.467592e+00
      endloop
   endfacet
   facet normal 1.452342e-01 3.969799e-02 9.886006e-01
      outer loop
         vertex 2.504016e+00 1.563863e+00 -4.467592e+00
         vertex 2.630970e+00 1.522652e+00 -4.484588e+00
         vertex 2.576412e+00 1.572692e+00 -4.478582e+00
      endloop
   endfacet
   facet normal 1.438835e-01 5.041118e-02 9.883098e-01
      outer loop
         vertex 2.504016e+00 1.563863e+00 -4.467592e+00
         vertex 2.576412e+00 1.572692e+00 -4.478582e+00
         vertex 2.455817e+00 1.611025e+00 -4.462981e+00
      endloop
   endfacet
   facet normal 1.481420e-01 6.439546e-02 9.868674e-01
      outer loop
         vertex 2.455817e+00 1.611025e+00 -4.462981e+00
         vertex 2.576412e+00 1.572692e+00 -4.478582e+00
         vertex 2.521492e+00 1.618937e+00 -4.473356e+00
      endloop
   endfacet
   facet normal 1.444941e-01 9.246090e-02 9.851764e-01
      outer loop
         vertex 2.455817e+00 1.611025e+00 -4.462981e+00
         vertex 2.521492e+00 1.618937e+00 -4.473356e+00
         vertex 2.360548e+00 1.701113e+00 -4.457463e+00
      endloop
   endfacet
   facet normal 1.575385e-01 1.189476e-01 9.803230e-01
      outer loop
         vertex 2.360548e+00 1.701113e+00 -4.457463e+00
         vertex 2.521492e+00 1.618937e+00 -4.473356e+00
         vertex 2.412759e+00 1.706486e+00 -4.466505e+00
      endloop
   endfacet
   facet normal 1.540762e-01 1.470821e-01 9.770503e-01
      outer loop
         vertex 2.360548e+00 1.701113e+00 -4.457463e+00
         vertex 2.412759e+00 1.706486e+00 -4.466505e+00
         vertex 2.265904e+00 1.793440e+00 -4.456436e+00
      endloop
   endfacet
   facet normal 1.734531e-01 1.808441e-01 9.680958e-01
      outer loop
         vertex 2.265904e+00 1.793440e+00 -4.456436e+00
         vertex 2.412759e+00 1.706486e+00 -4.466505e+00
         vertex 2.304547e+00 1.796721e+00 -4.463973e+00
      endloop
   endfacet
   facet normal 1.717236e-01 1.954100e-01 9.655703e-01
      outer loop
         vertex 2.265904e+00 1.793440e+00 -4.456436e+00
         vertex 2.304547e+00 1.796721e+00 -4.463973e+00
         vertex 2.219106e+00 1.840442e+00 -4.457626e+00
      endloop
   endfacet
   facet normal 1.848842e-01 2.223331e-01 9.572804e-01
      outer loop
         vertex 2.219106e+00 1.840442e+00 -4.457626e+00
         vertex 2.304547e+00 1.796721e+00 -4.463973e+00
         vertex 2.250975e+00 1.842824e+00 -4.464334e+00
      endloop
   endfacet
   facet normal 1.843839e-01 2.265270e-01 9.563933e-01
      outer loop
         vertex 2.219106e+00 1.840442e+00 -4.457626e+00
         vertex 2.250975e+00 1.842824e+00 -4.464334e+00
         vertex 2.174103e+00 1.888310e+00 -4.460287e+00
      endloop
   endfacet
   facet normal 2.001928e-01 2.541493e-01 9.462193e-01
      outer loop
         vertex 2.174103e+00 1.888310e+00 -4.460287e+00
         vertex 2.250975e+00 1.842824e+00 -4.464334e+00
         vertex 2.199421e+00 1.889966e+00 -4.466088e+00
      endloop
   endfacet
   facet normal 1.994512e-01 2.602358e-01 9.447203e-01
      outer loop
         vertex 2.174103e+00 1.888310e+00 -4.460287e+00
         vertex 2.199421e+00 1.889966e+00 -4.466088e+00
         vertex 2.083264e+00 1.986815e+00 -4.468244e+00
      endloop
   endfacet
   facet normal 2.655255e-01 3.385480e-01 9.027079e-01
      outer loop
         vertex 2.083264e+00 1.986815e+00 -4.468244e+00
         vertex 2.199421e+00 1.889966e+00 -4.466088e+00
         vertex 2.095248e+00 1.987477e+00 -4.472017e+00
      endloop
   endfacet
   facet normal 2.717675e-01 2.972807e-01 9.152959e-01
      outer loop
         vertex 2.083264e+00 1.986815e+00 -4.468244e+00
         vertex 2.095248e+00 1.987477e+00 -4.472017e+00
         vertex 2.072724e+00 1.999722e+00 -4.469306e+00
      endloop
   endfacet
   facet normal 2.831065e-01 3.206612e-01 9.038955e-01
      outer loop
         vertex 2.072724e+00 1.999722e+00 -4.469306e+00
         vertex 2.095248e+00 1.987477e+00 -4.472017e+00
         vertex 2.083177e+00 2.000293e+00 -4.472783e+00
      endloop
   endfacet
   facet normal 2.904708e-01 2.706323e-01 9.178153e-01
      outer loop
         vertex 2.072724e+00 1.999722e+00 -4.469306e+00
         vertex 2.083177e+00 2.000293e+00 -4.472783e+00
         vertex 2.063870e+00 2.013087e+00 -4.470445e+00
      endloop
   endfacet
   facet normal 2.968985e-01 2.812964e-01 9.125369e-01
      outer loop
         vertex 2.063870e+00 2.013087e+00 -4.470445e+00
         vertex 2.083177e+00 2.000293e+00 -4.472783e+00
         vertex 2.073063e+00 2.013589e+00 -4.473591e+00
      endloop
   endfacet
   facet normal 3.026982e-01 2.387304e-01 9.227034e-01
      outer loop
         vertex 2.063870e+00 2.013087e+00 -4.470445e+00
         vertex 2.073063e+00 2.013589e+00 -4.473591e+00
         vertex 2.060284e+00 2.019985e+00 -4.471053e+00
      endloop
   endfacet
   facet normal 3.017377e-01 2.364542e-01 9.236037e-01
      outer loop
         vertex 2.060284e+00 2.019985e+00 -4.471053e+00
         vertex 2.073063e+00 2.013589e+00 -4.473591e+00
         vertex 2.068982e+00 2.020461e+00 -4.474017e+00
      endloop
   endfacet
   facet normal 3.049952e-01 2.099889e-01 9.289148e-01
      outer loop
         vertex 2.060284e+00 2.019985e+00 -4.471053e+00
         vertex 2.068982e+00 2.020461e+00 -4.474017e+00
         vertex 2.057368e+00 2.027051e+00 -4.471693e+00
      endloop
   endfacet
   facet normal 2.998195e-01 1.994571e-01 9.329122e-01
      outer loop
         vertex 2.057368e+00 2.027051e+00 -4.471693e+00
         vertex 2.068982e+00 2.020461e+00 -4.474017e+00
         vertex 2.065679e+00 2.027508e+00 -4.474462e+00
      endloop
   endfacet
   facet normal 3.022428e-01 1.775090e-01 9.365574e-01
      outer loop
         vertex 2.057368e+00 2.027051e+00 -4.471693e+00
         vertex 2.065679e+00 2.027508e+00 -4.474462e+00
         vertex 2.055202e+00 2.034299e+00 -4.472368e+00
      endloop
   endfacet
   facet normal 2.913510e-01 1.586016e-01 9.433770e-01
      outer loop
         vertex 2.055202e+00 2.034299e+00 -4.472368e+00
         vertex 2.065679e+00 2.027508e+00 -4.474462e+00
         vertex 2.063246e+00 2.034747e+00 -4.474928e+00
      endloop
   endfacet
   facet normal 2.925772e-01 1.460203e-01 9.450273e-01
      outer loop
         vertex 2.055202e+00 2.034299e+00 -4.472368e+00
         vertex 2.063246e+00 2.034747e+00 -4.474928e+00
         vertex 2.053762e+00 2.041725e+00 -4.473070e+00
      endloop
   endfacet
   facet normal 2.759091e-01 1.211028e-01 9.535241e-01
      outer loop
         vertex 2.053762e+00 2.041725e+00 -4.473070e+00
         vertex 2.063246e+00 2.034747e+00 -4.474928e+00
         vertex 2.061656e+00 2.042171e+00 -4.475411e+00
      endloop
   endfacet
   facet normal 2.768907e-01 1.095611e-01 9.546350e-01
      outer loop
         vertex 2.053762e+00 2.041725e+00 -4.473070e+00
         vertex 2.061656e+00 2.042171e+00 -4.475411e+00
         vertex 2.052560e+00 2.056988e+00 -4.474473e+00
      endloop
   endfacet
   facet normal 2.309696e-01 8.042106e-02 9.696316e-01
      outer loop
         vertex 2.052560e+00 2.056988e+00 -4.474473e+00
         vertex 2.061656e+00 2.042171e+00 -4.475411e+00
         vertex 2.060423e+00 2.057447e+00 -4.476384e+00
      endloop
   endfacet
   facet normal 2.312948e-01 7.600720e-02 9.699101e-01
      outer loop
         vertex 2.052560e+00 2.056988e+00 -4.474473e+00
         vertex 2.060423e+00 2.057447e+00 -4.476384e+00
         vertex 2.052730e+00 2.072598e+00 -4.475737e+00
      endloop
   endfacet
   facet normal 1.863240e-01 5.269589e-02 9.810742e-01
      outer loop
         vertex 2.052730e+00 2.072598e+00 -4.475737e+00
         vertex 2.060423e+00 2.057447e+00 -4.476384e+00
         vertex 2.060783e+00 2.073081e+00 -4.477292e+00
      endloop
   endfacet
   facet normal 1.862091e-01 5.438707e-02 9.810037e-01
      outer loop
         vertex 2.052730e+00 2.072598e+00 -4.475737e+00
         vertex 2.060783e+00 2.073081e+00 -4.477292e+00
         vertex 2.053153e+00 2.088291e+00 -4.476687e+00
      endloop
   endfacet
   facet normal 1.587522e-01 4.039684e-02 9.864917e-01
      outer loop
         vertex 2.053153e+00 2.088291e+00 -4.476687e+00
         vertex 2.060783e+00 2.073081e+00 -4.477292e+00
         vertex 2.061437e+00 2.088795e+00 -4.478041e+00
      endloop
   endfacet
   facet normal 1.586425e-01 4.206050e-02 9.864398e-01
      outer loop
         vertex 2.053153e+00 2.088291e+00 -4.476687e+00
         vertex 2.061437e+00 2.088795e+00 -4.478041e+00
         vertex 2.052752e+00 2.096009e+00 -4.476951e+00
      endloop
   endfacet
   facet normal 1.580872e-01 4.137406e-02 9.865580e-01
      outer loop
         vertex 2.052752e+00 2.096009e+00 -4.476951e+00
         vertex 2.061437e+00 2.088795e+00 -4.478041e+00
         vertex 2.061053e+00 2.096513e+00 -4.478303e+00
      endloop
   endfacet
   facet normal 1.583488e-01 3.738680e-02 9.866752e-01
      outer loop
         vertex 2.052752e+00 2.096009e+00 -4.476951e+00
         vertex 2.061053e+00 2.096513e+00 -4.478303e+00
         vertex 2.052204e+00 2.099791e+00 -4.477007e+00
      endloop
   endfacet
   facet normal 1.623903e-01 4.875310e-02 9.855214e-01
      outer loop
         vertex 2.052204e+00 2.099791e+00 -4.477007e+00
         vertex 2.061053e+00 2.096513e+00 -4.478303e+00
         vertex 2.060459e+00 2.100292e+00 -4.478392e+00
      endloop
   endfacet
   facet normal 1.632200e-01 3.619041e-02 9.859257e-01
      outer loop
         vertex 2.052204e+00 2.099791e+00 -4.477007e+00
         vertex 2.060459e+00 2.100292e+00 -4.478392e+00
         vertex 2.051349e+00 2.103507e+00 -4.477002e+00
      endloop
   endfacet
   facet normal 1.708150e-01 5.873805e-02 9.835508e-01
      outer loop
         vertex 2.051349e+00 2.103507e+00 -4.477002e+00
         vertex 2.060459e+00 2.100292e+00 -4.478392e+00
         vertex 2.059508e+00 2.103999e+00 -4.478448e+00
      endloop
   endfacet
   facet normal 1.744115e-01 -1.256209e-02 9.845927e-01
      outer loop
         vertex 2.051469e+00 -1.399783e+00 -4.477001e+00
         vertex 2.059642e+00 -1.399710e+00 -4.478448e+00
         vertex 2.052050e+00 -1.396018e+00 -4.477056e+00
      endloop
   endfacet
   facet normal 1.654755e-01 -3.135805e-02 9.857152e-01
      outer loop
         vertex 2.052050e+00 -1.396018e+00 -4.477056e+00
         vertex 2.059642e+00 -1.399710e+00 -4.478448e+00
         vertex 2.060319e+00 -1.395945e+00 -4.478442e+00
      endloop
   endfacet
   facet normal 1.653871e-01 -1.302341e-02 9.861427e-01
      outer loop
         vertex 2.052050e+00 -1.396018e+00 -4.477056e+00
         vertex 2.060319e+00 -1.395945e+00 -4.478442e+00
         vertex 2.052322e+00 -1.392206e+00 -4.477051e+00
      endloop
   endfacet
   facet normal 1.606692e-01 -2.333034e-02 9.867325e-01
      outer loop
         vertex 2.052322e+00 -1.392206e+00 -4.477051e+00
         vertex 2.060319e+00 -1.395945e+00 -4.478442e+00
         vertex 2.060638e+00 -1.392134e+00 -4.478403e+00
      endloop
   endfacet
   facet normal 1.606382e-01 -1.731718e-02 9.868614e-01
      outer loop
         vertex 2.052322e+00 -1.392206e+00 -4.477051e+00
         vertex 2.060638e+00 -1.392134e+00 -4.478403e+00
         vertex 2.052169e+00 -1.384476e+00 -4.476890e+00
      endloop
   endfacet
   facet normal 1.612375e-01 -1.663739e-02 9.867754e-01
      outer loop
         vertex 2.052169e+00 -1.384476e+00 -4.476890e+00
         vertex 2.060638e+00 -1.392134e+00 -4.478403e+00
         vertex 2.060466e+00 -1.384404e+00 -4.478245e+00
      endloop
   endfacet
   facet normal 1.613025e-01 -3.076309e-02 9.864254e-01
      outer loop
         vertex 2.052169e+00 -1.384476e+00 -4.476890e+00
         vertex 2.060466e+00 -1.384404e+00 -4.478245e+00
         vertex 2.050632e+00 -1.368838e+00 -4.476151e+00
      endloop
   endfacet
   facet normal 1.895846e-01 -1.227080e-02 9.817877e-01
      outer loop
         vertex 2.050632e+00 -1.368838e+00 -4.476151e+00
         vertex 2.060466e+00 -1.384404e+00 -4.478245e+00
         vertex 2.058698e+00 -1.368764e+00 -4.477708e+00
      endloop
   endfacet
   facet normal 1.896973e-01 -5.081899e-02 9.805266e-01
      outer loop
         vertex 2.050632e+00 -1.368838e+00 -4.476151e+00
         vertex 2.058698e+00 -1.368764e+00 -4.477708e+00
         vertex 2.049357e+00 -1.353263e+00 -4.475098e+00
      endloop
   endfacet
   facet normal 2.361405e-01 -2.130834e-02 9.714853e-01
      outer loop
         vertex 2.049357e+00 -1.353263e+00 -4.475098e+00
         vertex 2.058698e+00 -1.368764e+00 -4.477708e+00
         vertex 2.057235e+00 -1.353183e+00 -4.477011e+00
      endloop
   endfacet
   facet normal 2.360282e-01 -7.744252e-02 9.686554e-01
      outer loop
         vertex 2.049357e+00 -1.353263e+00 -4.475098e+00
         vertex 2.057235e+00 -1.353183e+00 -4.477011e+00
         vertex 2.049480e+00 -1.337938e+00 -4.473902e+00
      endloop
   endfacet
   facet normal 2.841520e-01 -5.067502e-02 9.574391e-01
      outer loop
         vertex 2.049480e+00 -1.337938e+00 -4.473902e+00
         vertex 2.057235e+00 -1.353183e+00 -4.477011e+00
         vertex 2.057390e+00 -1.337849e+00 -4.476245e+00
      endloop
   endfacet
   facet normal 2.833991e-01 -1.105068e-01 9.526139e-01
      outer loop
         vertex 2.049480e+00 -1.337938e+00 -4.473902e+00
         vertex 2.057390e+00 -1.337849e+00 -4.476245e+00
         vertex 2.050394e+00 -1.330425e+00 -4.473303e+00
      endloop
   endfacet
   facet normal 3.025076e-01 -9.098762e-02 9.487942e-01
      outer loop
         vertex 2.050394e+00 -1.330425e+00 -4.473303e+00
         vertex 2.057390e+00 -1.337849e+00 -4.476245e+00
         vertex 2.058455e+00 -1.330330e+00 -4.475864e+00
      endloop
   endfacet
   facet normal 3.012782e-01 -1.407989e-01 9.430838e-01
      outer loop
         vertex 2.050394e+00 -1.330425e+00 -4.473303e+00
         vertex 2.058455e+00 -1.330330e+00 -4.475864e+00
         vertex 2.052046e+00 -1.323038e+00 -4.472727e+00
      endloop
   endfacet
   facet normal 3.142922e-01 -1.282994e-01 9.406167e-01
      outer loop
         vertex 2.052046e+00 -1.323038e+00 -4.472727e+00
         vertex 2.058455e+00 -1.330330e+00 -4.475864e+00
         vertex 2.060376e+00 -1.322938e+00 -4.475497e+00
      endloop
   endfacet
   facet normal 3.125990e-01 -1.735997e-01 9.338870e-01
      outer loop
         vertex 2.052046e+00 -1.323038e+00 -4.472727e+00
         vertex 2.060376e+00 -1.322938e+00 -4.475497e+00
         vertex 2.054456e+00 -1.315782e+00 -4.472185e+00
      endloop
   endfacet
   facet normal 3.191493e-01 -1.676571e-01 9.327566e-01
      outer loop
         vertex 2.054456e+00 -1.315782e+00 -4.472185e+00
         vertex 2.060376e+00 -1.322938e+00 -4.475497e+00
         vertex 2.063175e+00 -1.315676e+00 -4.475150e+00
      endloop
   endfacet
   facet normal 3.173433e-01 -2.037997e-01 9.261528e-01
      outer loop
         vertex 2.054456e+00 -1.315782e+00 -4.472185e+00
         vertex 2.063175e+00 -1.315676e+00 -4.475150e+00
         vertex 2.057544e+00 -1.308646e+00 -4.471673e+00
      endloop
   endfacet
   facet normal 3.185464e-01 -2.027460e-01 9.259710e-01
      outer loop
         vertex 2.057544e+00 -1.308646e+00 -4.471673e+00
         vertex 2.063175e+00 -1.315676e+00 -4.475150e+00
         vertex 2.066760e+00 -1.308534e+00 -4.474819e+00
      endloop
   endfacet
   facet normal 3.161594e-01 -2.408682e-01 9.176196e-01
      outer loop
         vertex 2.057544e+00 -1.308646e+00 -4.471673e+00
         vertex 2.066760e+00 -1.308534e+00 -4.474819e+00
         vertex 2.065419e+00 -1.294681e+00 -4.470721e+00
      endloop
   endfacet
   facet normal 3.081677e-01 -2.423312e-01 9.199501e-01
      outer loop
         vertex 2.065419e+00 -1.294681e+00 -4.470721e+00
         vertex 2.066760e+00 -1.308534e+00 -4.474819e+00
         vertex 2.075899e+00 -1.294556e+00 -4.474198e+00
      endloop
   endfacet
   facet normal 3.058573e-01 -2.738096e-01 9.118550e-01
      outer loop
         vertex 2.065419e+00 -1.294681e+00 -4.470721e+00
         vertex 2.075899e+00 -1.294556e+00 -4.474198e+00
         vertex 2.075003e+00 -1.281042e+00 -4.469840e+00
      endloop
   endfacet
   facet normal 2.909776e-01 -2.761368e-01 9.160134e-01
      outer loop
         vertex 2.075003e+00 -1.281042e+00 -4.469840e+00
         vertex 2.075899e+00 -1.294556e+00 -4.474198e+00
         vertex 2.087017e+00 -1.280903e+00 -4.473615e+00
      endloop
   endfacet
   facet normal 2.903228e-01 -2.846378e-01 9.136159e-01
      outer loop
         vertex 2.075003e+00 -1.281042e+00 -4.469840e+00
         vertex 2.087017e+00 -1.280903e+00 -4.473615e+00
         vertex 2.158609e+00 -1.174852e+00 -4.463324e+00
      endloop
   endfacet
   facet normal 2.191327e-01 -2.397013e-01 9.457929e-01
      outer loop
         vertex 2.158609e+00 -1.174852e+00 -4.463324e+00
         vertex 2.087017e+00 -1.280903e+00 -4.473615e+00
         vertex 2.183977e+00 -1.174559e+00 -4.469127e+00
      endloop
   endfacet
   facet normal 2.208957e-01 -1.940005e-01 9.558080e-01
      outer loop
         vertex 2.158609e+00 -1.174852e+00 -4.463324e+00
         vertex 2.183977e+00 -1.174559e+00 -4.469127e+00
         vertex 2.241416e+00 -1.067108e+00 -4.460593e+00
      endloop
   endfacet
   facet normal 1.906769e-01 -1.785982e-01 9.652694e-01
      outer loop
         vertex 2.241416e+00 -1.067108e+00 -4.460593e+00
         vertex 2.183977e+00 -1.174559e+00 -4.469127e+00
         vertex 2.280196e+00 -1.066431e+00 -4.468128e+00
      endloop
   endfacet
   facet normal 1.913100e-01 -1.297322e-01 9.729183e-01
      outer loop
         vertex 2.241416e+00 -1.067108e+00 -4.460593e+00
         vertex 2.280196e+00 -1.066431e+00 -4.468128e+00
         vertex 2.324436e+00 -9.574423e-01 -4.462294e+00
      endloop
   endfacet
   facet normal 1.714777e-01 -1.219334e-01 9.776132e-01
      outer loop
         vertex 2.324436e+00 -9.574423e-01 -4.462294e+00
         vertex 2.280196e+00 -1.066431e+00 -4.468128e+00
         vertex 2.376907e+00 -9.561256e-01 -4.471334e+00
      endloop
   endfacet
   facet normal 1.711001e-01 -7.304837e-02 9.825419e-01
      outer loop
         vertex 2.324436e+00 -9.574423e-01 -4.462294e+00
         vertex 2.376907e+00 -9.561256e-01 -4.471334e+00
         vertex 2.405668e+00 -8.454292e-01 -4.468112e+00
      endloop
   endfacet
   facet normal 1.569541e-01 -6.944920e-02 9.851610e-01
      outer loop
         vertex 2.405668e+00 -8.454292e-01 -4.468112e+00
         vertex 2.376907e+00 -9.561256e-01 -4.471334e+00
         vertex 2.471780e+00 -8.431820e-01 -4.478487e+00
      endloop
   endfacet
   facet normal 1.557306e-01 -2.245214e-02 9.875444e-01
      outer loop
         vertex 2.405668e+00 -8.454292e-01 -4.468112e+00
         vertex 2.471780e+00 -8.431820e-01 -4.478487e+00
         vertex 2.484500e+00 -7.361490e-01 -4.478059e+00
      endloop
   endfacet
   facet normal 1.444586e-01 -2.111946e-02 9.892854e-01
      outer loop
         vertex 2.484500e+00 -7.361490e-01 -4.478059e+00
         vertex 2.471780e+00 -8.431820e-01 -4.478487e+00
         vertex 2.564094e+00 -7.335079e-01 -4.489625e+00
      endloop
   endfacet
   facet normal 1.430247e-01 2.283634e-02 9.894556e-01
      outer loop
         vertex 2.484500e+00 -7.361490e-01 -4.478059e+00
         vertex 2.564094e+00 -7.335079e-01 -4.489625e+00
         vertex 2.562196e+00 -6.320626e-01 -4.491692e+00
      endloop
   endfacet
   facet normal 1.344022e-01 2.269975e-02 9.906668e-01
      outer loop
         vertex 2.562196e+00 -6.320626e-01 -4.491692e+00
         vertex 2.564094e+00 -7.335079e-01 -4.489625e+00
         vertex 2.654950e+00 -6.299988e-01 -4.504323e+00
      endloop
   endfacet
   facet normal 1.330997e-01 6.913260e-02 9.886886e-01
      outer loop
         vertex 2.562196e+00 -6.320626e-01 -4.491692e+00
         vertex 2.654950e+00 -6.299988e-01 -4.504323e+00
         vertex 2.637468e+00 -5.280793e-01 -4.509096e+00
      endloop
   endfacet
   facet normal 1.266003e-01 6.806118e-02 9.896161e-01
      outer loop
         vertex 2.637468e+00 -5.280793e-01 -4.509096e+00
         vertex 2.654950e+00 -6.299988e-01 -4.504323e+00
         vertex 2.742871e+00 -5.268465e-01 -4.522665e+00
      endloop
   endfacet
   facet normal 1.253998e-01 1.191206e-01 9.849290e-01
      outer loop
         vertex 2.637468e+00 -5.280793e-01 -4.509096e+00
         vertex 2.742871e+00 -5.268465e-01 -4.522665e+00
         vertex 2.709229e+00 -4.251336e-01 -4.530684e+00
      endloop
   endfacet
   facet normal 1.208481e-01 1.176736e-01 9.856717e-01
      outer loop
         vertex 2.709229e+00 -4.251336e-01 -4.530684e+00
         vertex 2.742871e+00 -5.268465e-01 -4.522665e+00
         vertex 2.826591e+00 -4.250413e-01 -4.545084e+00
      endloop
   endfacet
   facet normal 1.201276e-01 1.582754e-01 9.800603e-01
      outer loop
         vertex 2.709229e+00 -4.251336e-01 -4.530684e+00
         vertex 2.826591e+00 -4.250413e-01 -4.545084e+00
         vertex 2.776635e+00 -3.294287e-01 -4.554402e+00
      endloop
   endfacet
   facet normal 1.185371e-01 1.574758e-01 9.803827e-01
      outer loop
         vertex 2.776635e+00 -3.294287e-01 -4.554402e+00
         vertex 2.826591e+00 -4.250413e-01 -4.545084e+00
         vertex 2.905028e+00 -3.310787e-01 -4.569660e+00
      endloop
   endfacet
   facet normal 1.186595e-01 1.301795e-01 9.843644e-01
      outer loop
         vertex 2.776635e+00 -3.294287e-01 -4.554402e+00
         vertex 2.905028e+00 -3.310787e-01 -4.569660e+00
         vertex 2.839159e+00 -2.381622e-01 -4.574008e+00
      endloop
   endfacet
   facet normal 1.183445e-01 1.299593e-01 9.844314e-01
      outer loop
         vertex 2.839159e+00 -2.381622e-01 -4.574008e+00
         vertex 2.905028e+00 -3.310787e-01 -4.569660e+00
         vertex 2.977424e+00 -2.421576e-01 -4.590102e+00
      endloop
   endfacet
   facet normal 1.179145e-01 1.013573e-01 9.878375e-01
      outer loop
         vertex 2.839159e+00 -2.381622e-01 -4.574008e+00
         vertex 2.977424e+00 -2.421576e-01 -4.590102e+00
         vertex 2.895279e+00 -1.460997e-01 -4.590153e+00
      endloop
   endfacet
   facet normal 1.227582e-01 1.054989e-01 9.868132e-01
      outer loop
         vertex 2.895279e+00 -1.460997e-01 -4.590153e+00
         vertex 2.977424e+00 -2.421576e-01 -4.590102e+00
         vertex 3.010807e+00 -1.974555e-01 -4.599034e+00
      endloop
   endfacet
   facet normal 1.173737e-01 9.305664e-02 9.887183e-01
      outer loop
         vertex 2.895279e+00 -1.460997e-01 -4.590153e+00
         vertex 3.010807e+00 -1.974555e-01 -4.599034e+00
         vertex 3.042052e+00 -1.527357e-01 -4.606952e+00
      endloop
   endfacet
   facet normal 9.925808e-02 -5.973030e-02 9.932674e-01
      outer loop
         vertex 2.241416e+00 -1.067108e+00 -4.460593e+00
         vertex 2.324436e+00 -9.574423e-01 -4.462294e+00
         vertex 2.245336e+00 -9.598111e-01 -4.454532e+00
      endloop
   endfacet
   facet normal 1.174521e-01 7.886856e-02 9.899418e-01
      outer loop
         vertex 2.052560e+00 2.056988e+00 -4.474473e+00
         vertex 2.052730e+00 2.072598e+00 -4.475737e+00
         vertex 2.040583e+00 2.062095e+00 -4.473459e+00
      endloop
   endfacet
   facet normal 1.161160e-01 8.042082e-02 9.899745e-01
      outer loop
         vertex 2.040583e+00 2.062095e+00 -4.473459e+00
         vertex 2.052730e+00 2.072598e+00 -4.475737e+00
         vertex 2.040671e+00 2.087236e+00 -4.475511e+00
      endloop
   endfacet
   facet normal 7.283542e-02 -9.315139e-02 9.929843e-01
      outer loop
         vertex 2.591069e+00 1.238662e+00 -4.491704e+00
         vertex 2.631147e+00 1.156902e+00 -4.502314e+00
         vertex 2.807702e+00 1.161804e+00 -4.514804e+00
      endloop
   endfacet
   facet normal 5.271018e-02 -1.321869e-01 9.898223e-01
      outer loop
         vertex 3.001159e+00 6.884887e-01 -4.579958e+00
         vertex 2.785071e+00 6.372719e-01 -4.575290e+00
         vertex 3.016145e+00 6.188756e-01 -4.590052e+00
      endloop
   endfacet
   facet normal 5.298893e-02 -1.290100e-01 9.902265e-01
      outer loop
         vertex 3.016145e+00 6.188756e-01 -4.590052e+00
         vertex 2.785071e+00 6.372719e-01 -4.575290e+00
         vertex 2.789276e+00 6.036430e-01 -4.579897e+00
      endloop
   endfacet
   facet normal 5.232207e-02 -1.181516e-01 9.916162e-01
      outer loop
         vertex 3.016145e+00 6.188756e-01 -4.590052e+00
         vertex 2.789276e+00 6.036430e-01 -4.579897e+00
         vertex 3.027889e+00 5.504737e-01 -4.598822e+00
      endloop
   endfacet
   facet normal 5.262455e-02 -1.168436e-01 9.917551e-01
      outer loop
         vertex 2.789276e+00 6.036430e-01 -4.579897e+00
         vertex 2.792676e+00 5.717166e-01 -4.583838e+00
         vertex 3.027889e+00 5.504737e-01 -4.598822e+00
      endloop
   endfacet
   facet normal 5.427354e-02 -9.983195e-02 9.935230e-01
      outer loop
         vertex 3.027889e+00 5.504737e-01 -4.598822e+00
         vertex 2.792676e+00 5.717166e-01 -4.583838e+00
         vertex 2.797571e+00 5.065599e-01 -4.590653e+00
      endloop
   endfacet
   facet normal 5.359743e-02 -9.621262e-02 9.939167e-01
      outer loop
         vertex 3.027889e+00 5.504737e-01 -4.598822e+00
         vertex 2.797571e+00 5.065599e-01 -4.590653e+00
         vertex 3.036194e+00 4.826641e-01 -4.605834e+00
      endloop
   endfacet
   facet normal 5.453688e-02 -8.732016e-02 9.946863e-01
      outer loop
         vertex 3.036194e+00 4.826641e-01 -4.605834e+00
         vertex 2.797571e+00 5.065599e-01 -4.590653e+00
         vertex 2.798332e+00 4.900769e-01 -4.592142e+00
      endloop
   endfacet
   facet normal 5.490408e-02 -7.706488e-02 9.955132e-01
      outer loop
         vertex 3.036194e+00 4.826641e-01 -4.605834e+00
         vertex 2.798332e+00 4.900769e-01 -4.592142e+00
         vertex 3.040659e+00 4.143945e-01 -4.611365e+00
      endloop
   endfacet
   facet normal 5.475149e-02 -7.754610e-02 9.954842e-01
      outer loop
         vertex 3.040659e+00 4.143945e-01 -4.611365e+00
         vertex 2.798332e+00 4.900769e-01 -4.592142e+00
         vertex 2.799414e+00 4.409197e-01 -4.596030e+00
      endloop
   endfacet
   facet normal 5.707414e-02 -5.714378e-02 9.967332e-01
      outer loop
         vertex 3.040659e+00 4.143945e-01 -4.611365e+00
         vertex 2.799414e+00 4.409197e-01 -4.596030e+00
         vertex 3.041072e+00 3.446631e-01 -4.615386e+00
      endloop
   endfacet
   facet normal 5.603605e-02 -5.973132e-02 9.966404e-01
      outer loop
         vertex 3.041072e+00 3.446631e-01 -4.615386e+00
         vertex 2.799414e+00 4.409197e-01 -4.596030e+00
         vertex 2.798140e+00 3.756791e-01 -4.599869e+00
      endloop
   endfacet
   facet normal 5.898694e-02 -3.708351e-02 9.975697e-01
      outer loop
         vertex 3.041072e+00 3.446631e-01 -4.615386e+00
         vertex 2.798140e+00 3.756791e-01 -4.599869e+00
         vertex 3.037530e+00 2.756699e-01 -4.617742e+00
      endloop
   endfacet
   facet normal 5.834747e-02 -3.861056e-02 9.975494e-01
      outer loop
         vertex 3.037530e+00 2.756699e-01 -4.617742e+00
         vertex 2.798140e+00 3.756791e-01 -4.599869e+00
         vertex 2.793597e+00 3.077920e-01 -4.602231e+00
      endloop
   endfacet
   facet normal 6.138436e-02 -1.576126e-02 9.979898e-01
      outer loop
         vertex 3.037530e+00 2.756699e-01 -4.617742e+00
         vertex 2.793597e+00 3.077920e-01 -4.602231e+00
         vertex 3.030574e+00 2.136091e-01 -4.618294e+00
      endloop
   endfacet
   facet normal 7.290349e-02 -9.640711e-02 9.926685e-01
      outer loop
         vertex 2.807702e+00 1.161804e+00 -4.514804e+00
         vertex 2.631147e+00 1.156902e+00 -4.502314e+00
         vertex 2.843547e+00 1.098122e+00 -4.523621e+00
      endloop
   endfacet
   facet normal 7.055858e-02 -1.046396e-01 9.920041e-01
      outer loop
         vertex 2.843547e+00 1.098122e+00 -4.523621e+00
         vertex 2.631147e+00 1.156902e+00 -4.502314e+00
         vertex 2.652167e+00 1.110133e+00 -4.508742e+00
      endloop
   endfacet
   facet normal 7.081932e-02 -1.009370e-01 9.923691e-01
      outer loop
         vertex 2.843547e+00 1.098122e+00 -4.523621e+00
         vertex 2.652167e+00 1.110133e+00 -4.508742e+00
         vertex 2.877014e+00 1.033157e+00 -4.532618e+00
      endloop
   endfacet
   facet normal 6.772671e-02 -1.097474e-01 9.916494e-01
      outer loop
         vertex 2.877014e+00 1.033157e+00 -4.532618e+00
         vertex 2.652167e+00 1.110133e+00 -4.508742e+00
         vertex 2.683806e+00 1.033005e+00 -4.519439e+00
      endloop
   endfacet
   facet normal 6.776161e-02 -1.044154e-01 9.922226e-01
      outer loop
         vertex 2.877014e+00 1.033157e+00 -4.532618e+00
         vertex 2.683806e+00 1.033005e+00 -4.519439e+00
         vertex 2.907909e+00 9.668660e-01 -4.541703e+00
      endloop
   endfacet
   facet normal 6.531885e-02 -1.124518e-01 9.915080e-01
      outer loop
         vertex 2.907909e+00 9.668660e-01 -4.541703e+00
         vertex 2.683806e+00 1.033005e+00 -4.519439e+00
         vertex 2.700889e+00 9.869242e-01 -4.525790e+00
      endloop
   endfacet
   facet normal 6.569405e-02 -1.088762e-01 9.918822e-01
      outer loop
         vertex 2.907909e+00 9.668660e-01 -4.541703e+00
         vertex 2.700889e+00 9.869242e-01 -4.525790e+00
         vertex 2.935996e+00 8.992014e-01 -4.550991e+00
      endloop
   endfacet
   facet normal 6.262358e-02 -1.169001e-01 9.911673e-01
      outer loop
         vertex 2.935996e+00 8.992014e-01 -4.550991e+00
         vertex 2.700889e+00 9.869242e-01 -4.525790e+00
         vertex 2.727905e+00 9.046650e-01 -4.537199e+00
      endloop
   endfacet
   facet normal 6.277529e-02 -1.124090e-01 9.916771e-01
      outer loop
         vertex 2.935996e+00 8.992014e-01 -4.550991e+00
         vertex 2.727905e+00 9.046650e-01 -4.537199e+00
         vertex 2.961030e+00 8.299559e-01 -4.560425e+00
      endloop
   endfacet
   facet normal 6.011561e-02 -1.204654e-01 9.908957e-01
      outer loop
         vertex 2.961030e+00 8.299559e-01 -4.560425e+00
         vertex 2.727905e+00 9.046650e-01 -4.537199e+00
         vertex 2.740490e+00 8.606073e-01 -4.543319e+00
      endloop
   endfacet
   facet normal 6.090526e-02 -1.151119e-01 9.914836e-01
      outer loop
         vertex 2.961030e+00 8.299559e-01 -4.560425e+00
         vertex 2.740490e+00 8.606073e-01 -4.543319e+00
         vertex 2.982789e+00 7.592305e-01 -4.569973e+00
      endloop
   endfacet
   facet normal 5.751290e-02 -1.230233e-01 9.907358e-01
      outer loop
         vertex 2.740490e+00 8.606073e-01 -4.543319e+00
         vertex 2.761982e+00 7.711913e-01 -4.555670e+00
         vertex 2.982789e+00 7.592305e-01 -4.569973e+00
      endloop
   endfacet
   facet normal 5.705312e-02 -1.304124e-01 9.898169e-01
      outer loop
         vertex 2.982789e+00 7.592305e-01 -4.569973e+00
         vertex 2.761982e+00 7.711913e-01 -4.555670e+00
         vertex 2.771403e+00 7.234716e-01 -4.562500e+00
      endloop
   endfacet
   facet normal 5.619925e-02 -1.252144e-01 9.905367e-01
      outer loop
         vertex 2.982789e+00 7.592305e-01 -4.569973e+00
         vertex 2.771403e+00 7.234716e-01 -4.562500e+00
         vertex 3.001159e+00 6.884887e-01 -4.579958e+00
      endloop
   endfacet
   facet normal 5.425652e-02 -1.372325e-01 9.890518e-01
      outer loop
         vertex 3.001159e+00 6.884887e-01 -4.579958e+00
         vertex 2.771403e+00 7.234716e-01 -4.562500e+00
         vertex 2.774901e+00 7.037782e-01 -4.565424e+00
      endloop
   endfacet
   facet normal 5.416632e-02 -1.384153e-01 9.888919e-01
      outer loop
         vertex 3.001159e+00 6.884887e-01 -4.579958e+00
         vertex 2.774901e+00 7.037782e-01 -4.565424e+00
         vertex 2.785071e+00 6.372719e-01 -4.575290e+00
      endloop
   endfacet
   facet normal 9.013485e-02 -5.262736e-03 9.959157e-01
      outer loop
         vertex 2.455817e+00 1.611025e+00 -4.462981e+00
         vertex 2.356723e+00 1.599779e+00 -4.454072e+00
         vertex 2.504016e+00 1.563863e+00 -4.467592e+00
      endloop
   endfacet
   facet normal 8.776088e-02 -1.504097e-02 9.960280e-01
      outer loop
         vertex 2.504016e+00 1.563863e+00 -4.467592e+00
         vertex 2.356723e+00 1.599779e+00 -4.454072e+00
         vertex 2.394774e+00 1.551389e+00 -4.458155e+00
      endloop
   endfacet
   facet normal 8.863791e-02 -2.289308e-02 9.958008e-01
      outer loop
         vertex 2.504016e+00 1.563863e+00 -4.467592e+00
         vertex 2.394774e+00 1.551389e+00 -4.458155e+00
         vertex 2.551869e+00 1.513449e+00 -4.473011e+00
      endloop
   endfacet
   facet normal 7.540396e-02 -8.604662e-02 9.934336e-01
      outer loop
         vertex 2.807702e+00 1.161804e+00 -4.514804e+00
         vertex 2.769625e+00 1.224251e+00 -4.506505e+00
         vertex 2.591069e+00 1.238662e+00 -4.491704e+00
      endloop
   endfacet
   facet normal 7.634976e-02 -7.516035e-02 9.942443e-01
      outer loop
         vertex 2.591069e+00 1.238662e+00 -4.491704e+00
         vertex 2.769625e+00 1.224251e+00 -4.506505e+00
         vertex 2.729480e+00 1.285270e+00 -4.498810e+00
      endloop
   endfacet
   facet normal 7.672338e-02 -7.628738e-02 9.941296e-01
      outer loop
         vertex 2.591069e+00 1.238662e+00 -4.491704e+00
         vertex 2.729480e+00 1.285270e+00 -4.498810e+00
         vertex 2.538427e+00 1.334409e+00 -4.480294e+00
      endloop
   endfacet
   facet normal 7.992454e-02 -6.407108e-02 9.947396e-01
      outer loop
         vertex 2.538427e+00 1.334409e+00 -4.480294e+00
         vertex 2.729480e+00 1.285270e+00 -4.498810e+00
         vertex 2.687451e+00 1.344561e+00 -4.491614e+00
      endloop
   endfacet
   facet normal 7.992484e-02 -6.407574e-02 9.947393e-01
      outer loop
         vertex 2.538427e+00 1.334409e+00 -4.480294e+00
         vertex 2.687451e+00 1.344561e+00 -4.491614e+00
         vertex 2.518888e+00 1.367342e+00 -4.476603e+00
      endloop
   endfacet
   facet normal 8.138740e-02 -5.358460e-02 9.952411e-01
      outer loop
         vertex 2.518888e+00 1.367342e+00 -4.476603e+00
         vertex 2.687451e+00 1.344561e+00 -4.491614e+00
         vertex 2.643734e+00 1.402427e+00 -4.484923e+00
      endloop
   endfacet
   facet normal 8.112911e-02 -5.264866e-02 9.953121e-01
      outer loop
         vertex 2.518888e+00 1.367342e+00 -4.476603e+00
         vertex 2.643734e+00 1.402427e+00 -4.484923e+00
         vertex 2.469101e+00 1.446765e+00 -4.468343e+00
      endloop
   endfacet
   facet normal 8.412505e-02 -4.096131e-02 9.956130e-01
      outer loop
         vertex 2.469101e+00 1.446765e+00 -4.468343e+00
         vertex 2.643734e+00 1.402427e+00 -4.484923e+00
         vertex 2.598512e+00 1.459170e+00 -4.478768e+00
      endloop
   endfacet
   facet normal 8.411485e-02 -4.085040e-02 9.956184e-01
      outer loop
         vertex 2.469101e+00 1.446765e+00 -4.468343e+00
         vertex 2.598512e+00 1.459170e+00 -4.478768e+00
         vertex 2.438495e+00 1.492063e+00 -4.463899e+00
      endloop
   endfacet
   facet normal 8.601052e-02 -3.170579e-02 9.957896e-01
      outer loop
         vertex 2.438495e+00 1.492063e+00 -4.463899e+00
         vertex 2.598512e+00 1.459170e+00 -4.478768e+00
         vertex 2.551869e+00 1.513449e+00 -4.473011e+00
      endloop
   endfacet
   facet normal 8.682288e-02 -3.610610e-02 9.955693e-01
      outer loop
         vertex 2.438495e+00 1.492063e+00 -4.463899e+00
         vertex 2.551869e+00 1.513449e+00 -4.473011e+00
         vertex 2.432508e+00 1.500546e+00 -4.463069e+00
      endloop
   endfacet
   facet normal 8.640565e-02 -3.211329e-02 9.957423e-01
      outer loop
         vertex 2.432508e+00 1.500546e+00 -4.463069e+00
         vertex 2.551869e+00 1.513449e+00 -4.473011e+00
         vertex 2.394774e+00 1.551389e+00 -4.458155e+00
      endloop
   endfacet
   facet normal 1.264865e-01 1.006744e-01 9.868464e-01
      outer loop
         vertex 2.052560e+00 2.056988e+00 -4.474473e+00
         vertex 2.040583e+00 2.062095e+00 -4.473459e+00
         vertex 2.053762e+00 2.041725e+00 -4.473070e+00
      endloop
   endfacet
   facet normal 1.581625e-01 1.210376e-01 9.799666e-01
      outer loop
         vertex 2.053762e+00 2.041725e+00 -4.473070e+00
         vertex 2.040583e+00 2.062095e+00 -4.473459e+00
         vertex 2.041863e+00 2.041002e+00 -4.471060e+00
      endloop
   endfacet
   facet normal 1.579895e-01 1.232113e-01 9.797236e-01
      outer loop
         vertex 2.053762e+00 2.041725e+00 -4.473070e+00
         vertex 2.041863e+00 2.041002e+00 -4.471060e+00
         vertex 2.055202e+00 2.034299e+00 -4.472368e+00
      endloop
   endfacet
   facet normal 1.663982e-01 1.406767e-01 9.759722e-01
      outer loop
         vertex 2.055202e+00 2.034299e+00 -4.472368e+00
         vertex 2.041863e+00 2.041002e+00 -4.471060e+00
         vertex 2.042293e+00 2.037976e+00 -4.470697e+00
      endloop
   endfacet
   facet normal 1.663714e-01 1.405738e-01 9.759916e-01
      outer loop
         vertex 2.055202e+00 2.034299e+00 -4.472368e+00
         vertex 2.042293e+00 2.037976e+00 -4.470697e+00
         vertex 2.057368e+00 2.027051e+00 -4.471693e+00
      endloop
   endfacet
   facet normal 1.776885e-01 1.565937e-01 9.715478e-01
      outer loop
         vertex 2.057368e+00 2.027051e+00 -4.471693e+00
         vertex 2.042293e+00 2.037976e+00 -4.470697e+00
         vertex 2.045937e+00 2.022739e+00 -4.468908e+00
      endloop
   endfacet
   facet normal 1.760826e-01 1.606161e-01 9.711835e-01
      outer loop
         vertex 2.057368e+00 2.027051e+00 -4.471693e+00
         vertex 2.045937e+00 2.022739e+00 -4.468908e+00
         vertex 2.060284e+00 2.019985e+00 -4.471053e+00
      endloop
   endfacet
   facet normal 1.787376e-01 1.770587e-01 9.678342e-01
      outer loop
         vertex 2.060284e+00 2.019985e+00 -4.471053e+00
         vertex 2.045937e+00 2.022739e+00 -4.468908e+00
         vertex 2.050014e+00 2.012262e+00 -4.467744e+00
      endloop
   endfacet
   facet normal 1.780824e-01 1.779144e-01 9.677981e-01
      outer loop
         vertex 2.060284e+00 2.019985e+00 -4.471053e+00
         vertex 2.050014e+00 2.012262e+00 -4.467744e+00
         vertex 2.063870e+00 2.013087e+00 -4.470445e+00
      endloop
   endfacet
   facet normal 1.771216e-01 1.882333e-01 9.660208e-01
      outer loop
         vertex 2.063870e+00 2.013087e+00 -4.470445e+00
         vertex 2.050014e+00 2.012262e+00 -4.467744e+00
         vertex 2.052770e+00 2.006496e+00 -4.467126e+00
      endloop
   endfacet
   facet normal 1.721288e-01 1.962884e-01 9.653199e-01
      outer loop
         vertex 2.063870e+00 2.013087e+00 -4.470445e+00
         vertex 2.052770e+00 2.006496e+00 -4.467126e+00
         vertex 2.072724e+00 1.999722e+00 -4.469306e+00
      endloop
   endfacet
   facet normal 1.741410e-01 2.027636e-01 9.636191e-01
      outer loop
         vertex 2.072724e+00 1.999722e+00 -4.469306e+00
         vertex 2.052770e+00 2.006496e+00 -4.467126e+00
         vertex 2.065200e+00 1.985733e+00 -4.465003e+00
      endloop
   endfacet
   facet normal 1.604052e-01 2.103825e-01 9.643699e-01
      outer loop
         vertex 2.072724e+00 1.999722e+00 -4.469306e+00
         vertex 2.065200e+00 1.985733e+00 -4.465003e+00
         vertex 2.083264e+00 1.986815e+00 -4.468244e+00
      endloop
   endfacet
   facet normal 1.605387e-01 2.089918e-01 9.646501e-01
      outer loop
         vertex 2.083264e+00 1.986815e+00 -4.468244e+00
         vertex 2.065200e+00 1.985733e+00 -4.465003e+00
         vertex 2.076889e+00 1.969317e+00 -4.463392e+00
      endloop
   endfacet
   facet normal 1.474980e-01 2.140144e-01 9.656305e-01
      outer loop
         vertex 2.083264e+00 1.986815e+00 -4.468244e+00
         vertex 2.076889e+00 1.969317e+00 -4.463392e+00
         vertex 2.174103e+00 1.888310e+00 -4.460287e+00
      endloop
   endfacet
   facet normal 1.157155e-01 1.763284e-01 9.775061e-01
      outer loop
         vertex 2.174103e+00 1.888310e+00 -4.460287e+00
         vertex 2.076889e+00 1.969317e+00 -4.463392e+00
         vertex 2.135936e+00 1.885738e+00 -4.455305e+00
      endloop
   endfacet
   facet normal 1.167864e-01 1.642596e-01 9.794793e-01
      outer loop
         vertex 2.174103e+00 1.888310e+00 -4.460287e+00
         vertex 2.135936e+00 1.885738e+00 -4.455305e+00
         vertex 2.219106e+00 1.840442e+00 -4.457626e+00
      endloop
   endfacet
   facet normal 1.087237e-01 1.492854e-01 9.827986e-01
      outer loop
         vertex 2.135936e+00 1.885738e+00 -4.455305e+00
         vertex 2.165626e+00 1.844188e+00 -4.452278e+00
         vertex 2.219106e+00 1.840442e+00 -4.457626e+00
      endloop
   endfacet
   facet normal 1.079518e-01 1.352492e-01 9.849132e-01
      outer loop
         vertex 2.219106e+00 1.840442e+00 -4.457626e+00
         vertex 2.165626e+00 1.844188e+00 -4.452278e+00
         vertex 2.171055e+00 1.836840e+00 -4.451864e+00
      endloop
   endfacet
   facet normal 1.081862e-01 1.326463e-01 9.852414e-01
      outer loop
         vertex 2.219106e+00 1.840442e+00 -4.457626e+00
         vertex 2.171055e+00 1.836840e+00 -4.451864e+00
         vertex 2.265904e+00 1.793440e+00 -4.456436e+00
      endloop
   endfacet
   facet normal 9.219526e-02 9.709301e-02 9.909960e-01
      outer loop
         vertex 2.265904e+00 1.793440e+00 -4.456436e+00
         vertex 2.171055e+00 1.836840e+00 -4.451864e+00
         vertex 2.245257e+00 1.739956e+00 -4.449275e+00
      endloop
   endfacet
   facet normal 1.017737e-01 9.331834e-02 9.904210e-01
      outer loop
         vertex 2.265904e+00 1.793440e+00 -4.456436e+00
         vertex 2.245257e+00 1.739956e+00 -4.449275e+00
         vertex 2.360548e+00 1.701113e+00 -4.457463e+00
      endloop
   endfacet
   facet normal 9.178438e-02 6.295937e-02 9.937866e-01
      outer loop
         vertex 2.360548e+00 1.701113e+00 -4.457463e+00
         vertex 2.245257e+00 1.739956e+00 -4.449275e+00
         vertex 2.281794e+00 1.693365e+00 -4.449698e+00
      endloop
   endfacet
   facet normal 9.426486e-02 3.875339e-02 9.947926e-01
      outer loop
         vertex 2.360548e+00 1.701113e+00 -4.457463e+00
         vertex 2.281794e+00 1.693365e+00 -4.449698e+00
         vertex 2.455817e+00 1.611025e+00 -4.462981e+00
      endloop
   endfacet
   facet normal 8.740220e-02 2.407352e-02 9.958822e-01
      outer loop
         vertex 2.455817e+00 1.611025e+00 -4.462981e+00
         vertex 2.281794e+00 1.693365e+00 -4.449698e+00
         vertex 2.354943e+00 1.602008e+00 -4.453910e+00
      endloop
   endfacet
   facet normal 8.963579e-02 -8.191813e-04 9.959743e-01
      outer loop
         vertex 2.455817e+00 1.611025e+00 -4.462981e+00
         vertex 2.354943e+00 1.602008e+00 -4.453910e+00
         vertex 2.356723e+00 1.599779e+00 -4.454072e+00
      endloop
   endfacet
   facet normal 1.002684e-01 5.426831e-03 9.949456e-01
      outer loop
         vertex 2.039146e+00 -1.399874e+00 -4.475758e+00
         vertex 2.051469e+00 -1.399783e+00 -4.477001e+00
         vertex 2.039811e+00 -1.390561e+00 -4.475876e+00
      endloop
   endfacet
   facet normal 9.580803e-02 -2.670396e-04 9.953998e-01
      outer loop
         vertex 2.039811e+00 -1.390561e+00 -4.475876e+00
         vertex 2.051469e+00 -1.399783e+00 -4.477001e+00
         vertex 2.052050e+00 -1.396018e+00 -4.477056e+00
      endloop
   endfacet
   facet normal 9.246615e-02 -7.824040e-03 9.956851e-01
      outer loop
         vertex 2.052050e+00 -1.396018e+00 -4.477056e+00
         vertex 2.052322e+00 -1.392206e+00 -4.477051e+00
         vertex 2.039811e+00 -1.390561e+00 -4.475876e+00
      endloop
   endfacet
   facet normal 9.101059e-02 -1.888448e-02 9.956709e-01
      outer loop
         vertex 2.039811e+00 -1.390561e+00 -4.475876e+00
         vertex 2.052322e+00 -1.392206e+00 -4.477051e+00
         vertex 2.052169e+00 -1.384476e+00 -4.476890e+00
      endloop
   endfacet
   facet normal 9.271621e-02 -2.238699e-02 9.954409e-01
      outer loop
         vertex 2.039811e+00 -1.390561e+00 -4.475876e+00
         vertex 2.052169e+00 -1.384476e+00 -4.476890e+00
         vertex 2.039658e+00 -1.384566e+00 -4.475727e+00
      endloop
   endfacet
   facet normal 9.284208e-02 -5.990669e-02 9.938770e-01
      outer loop
         vertex 2.039658e+00 -1.384566e+00 -4.475727e+00
         vertex 2.052169e+00 -1.384476e+00 -4.476890e+00
         vertex 2.037819e+00 -1.359983e+00 -4.474074e+00
      endloop
   endfacet
   facet normal 1.841870e-01 -1.490251e-01 9.715280e-01
      outer loop
         vertex 2.044616e+00 -1.306201e+00 -4.468736e+00
         vertex 2.039741e+00 -1.321980e+00 -4.470232e+00
         vertex 2.052046e+00 -1.323038e+00 -4.472727e+00
      endloop
   endfacet
   facet normal 1.375443e-01 -3.326404e-02 9.899369e-01
      outer loop
         vertex 2.052169e+00 -1.384476e+00 -4.476890e+00
         vertex 2.050632e+00 -1.368838e+00 -4.476151e+00
         vertex 2.037819e+00 -1.359983e+00 -4.474074e+00
      endloop
   endfacet
   facet normal 1.212191e-01 -5.712998e-02 9.909804e-01
      outer loop
         vertex 2.037819e+00 -1.359983e+00 -4.474074e+00
         vertex 2.050632e+00 -1.368838e+00 -4.476151e+00
         vertex 2.049357e+00 -1.353263e+00 -4.475098e+00
      endloop
   endfacet
   facet normal 1.434408e-01 -9.620231e-02 9.849720e-01
      outer loop
         vertex 2.037819e+00 -1.359983e+00 -4.474074e+00
         vertex 2.049357e+00 -1.353263e+00 -4.475098e+00
         vertex 2.037549e+00 -1.338130e+00 -4.471900e+00
      endloop
   endfacet
   facet normal 1.662286e-01 -7.800339e-02 9.829972e-01
      outer loop
         vertex 2.037549e+00 -1.338130e+00 -4.471900e+00
         vertex 2.049357e+00 -1.353263e+00 -4.475098e+00
         vertex 2.049480e+00 -1.337938e+00 -4.473902e+00
      endloop
   endfacet
   facet normal 1.661768e-01 -1.235684e-01 9.783231e-01
      outer loop
         vertex 2.037549e+00 -1.338130e+00 -4.471900e+00
         vertex 2.049480e+00 -1.337938e+00 -4.473902e+00
         vertex 2.039741e+00 -1.321980e+00 -4.470232e+00
      endloop
   endfacet
   facet normal 1.999095e-01 -1.020980e-01 9.744805e-01
      outer loop
         vertex 2.039741e+00 -1.321980e+00 -4.470232e+00
         vertex 2.049480e+00 -1.337938e+00 -4.473902e+00
         vertex 2.050394e+00 -1.330425e+00 -4.473303e+00
      endloop
   endfacet
   facet normal 1.875980e-01 -1.178725e-01 9.751477e-01
      outer loop
         vertex 2.039741e+00 -1.321980e+00 -4.470232e+00
         vertex 2.050394e+00 -1.330425e+00 -4.473303e+00
         vertex 2.052046e+00 -1.323038e+00 -4.472727e+00
      endloop
   endfacet
   facet normal 2.034040e-01 -1.399554e-01 9.690404e-01
      outer loop
         vertex 2.052046e+00 -1.323038e+00 -4.472727e+00
         vertex 2.054456e+00 -1.315782e+00 -4.472185e+00
         vertex 2.044616e+00 -1.306201e+00 -4.468736e+00
      endloop
   endfacet
   facet normal 1.914434e-01 -1.524379e-01 9.695938e-01
      outer loop
         vertex 2.044616e+00 -1.306201e+00 -4.468736e+00
         vertex 2.054456e+00 -1.315782e+00 -4.472185e+00
         vertex 2.057544e+00 -1.308646e+00 -4.471673e+00
      endloop
   endfacet
   facet normal 1.867508e-01 -1.739877e-01 9.668777e-01
      outer loop
         vertex 2.044616e+00 -1.306201e+00 -4.468736e+00
         vertex 2.057544e+00 -1.308646e+00 -4.471673e+00
         vertex 2.056497e+00 -1.281886e+00 -4.466656e+00
      endloop
   endfacet
   facet normal 7.476675e-02 7.443806e-02 9.944189e-01
      outer loop
         vertex 2.562196e+00 -6.320626e-01 -4.491692e+00
         vertex 2.422408e+00 -6.365633e-01 -4.480845e+00
         vertex 2.484500e+00 -7.361490e-01 -4.478059e+00
      endloop
   endfacet
   facet normal 7.764163e-02 7.622064e-02 9.940635e-01
      outer loop
         vertex 2.484500e+00 -7.361490e-01 -4.478059e+00
         vertex 2.422408e+00 -6.365633e-01 -4.480845e+00
         vertex 2.359366e+00 -7.506404e-01 -4.467174e+00
      endloop
   endfacet
   facet normal 8.308419e-02 3.072956e-02 9.960686e-01
      outer loop
         vertex 2.484500e+00 -7.361490e-01 -4.478059e+00
         vertex 2.359366e+00 -7.506404e-01 -4.467174e+00
         vertex 2.405668e+00 -8.454292e-01 -4.468112e+00
      endloop
   endfacet
   facet normal 8.765391e-02 3.296634e-02 9.956053e-01
      outer loop
         vertex 2.405668e+00 -8.454292e-01 -4.468112e+00
         vertex 2.359366e+00 -7.506404e-01 -4.467174e+00
         vertex 2.306020e+00 -8.495071e-01 -4.459204e+00
      endloop
   endfacet
   facet normal 8.957008e-02 -1.322939e-02 9.958927e-01
      outer loop
         vertex 2.405668e+00 -8.454292e-01 -4.468112e+00
         vertex 2.306020e+00 -8.495071e-01 -4.459204e+00
         vertex 2.324436e+00 -9.574423e-01 -4.462294e+00
      endloop
   endfacet
   facet normal 1.101615e-01 -9.658069e-03 9.938668e-01
      outer loop
         vertex 2.324436e+00 -9.574423e-01 -4.462294e+00
         vertex 2.306020e+00 -8.495071e-01 -4.459204e+00
         vertex 2.271535e+00 -9.127291e-01 -4.455996e+00
      endloop
   endfacet
   facet normal 9.833881e-02 -2.378669e-02 9.948687e-01
      outer loop
         vertex 2.324436e+00 -9.574423e-01 -4.462294e+00
         vertex 2.271535e+00 -9.127291e-01 -4.455996e+00
         vertex 2.245336e+00 -9.598111e-01 -4.454532e+00
      endloop
   endfacet
   facet normal 1.911355e-01 -1.736663e-01 9.660783e-01
      outer loop
         vertex 2.057544e+00 -1.308646e+00 -4.471673e+00
         vertex 2.065419e+00 -1.294681e+00 -4.470721e+00
         vertex 2.056497e+00 -1.281886e+00 -4.466656e+00
      endloop
   endfacet
   facet normal 1.748562e-01 -1.853111e-01 9.669980e-01
      outer loop
         vertex 2.056497e+00 -1.281886e+00 -4.466656e+00
         vertex 2.065419e+00 -1.294681e+00 -4.470721e+00
         vertex 2.075003e+00 -1.281042e+00 -4.469840e+00
      endloop
   endfacet
   facet normal 1.748218e-01 -1.825601e-01 9.675273e-01
      outer loop
         vertex 2.056497e+00 -1.281886e+00 -4.466656e+00
         vertex 2.075003e+00 -1.281042e+00 -4.469840e+00
         vertex 2.108935e+00 -1.195062e+00 -4.459748e+00
      endloop
   endfacet
   facet normal 1.391844e-01 -1.694506e-01 9.756609e-01
      outer loop
         vertex 2.108935e+00 -1.195062e+00 -4.459748e+00
         vertex 2.075003e+00 -1.281042e+00 -4.469840e+00
         vertex 2.158609e+00 -1.174852e+00 -4.463324e+00
      endloop
   endfacet
   facet normal 1.165420e-01 -1.118144e-01 9.868716e-01
      outer loop
         vertex 2.108935e+00 -1.195062e+00 -4.459748e+00
         vertex 2.158609e+00 -1.174852e+00 -4.463324e+00
         vertex 2.182947e+00 -1.068265e+00 -4.454122e+00
      endloop
   endfacet
   facet normal 1.114886e-01 -1.107216e-01 9.875784e-01
      outer loop
         vertex 2.182947e+00 -1.068265e+00 -4.454122e+00
         vertex 2.158609e+00 -1.174852e+00 -4.463324e+00
         vertex 2.241416e+00 -1.067108e+00 -4.460593e+00
      endloop
   endfacet
   facet normal 1.112112e-01 -7.996204e-02 9.905747e-01
      outer loop
         vertex 2.182947e+00 -1.068265e+00 -4.454122e+00
         vertex 2.241416e+00 -1.067108e+00 -4.460593e+00
         vertex 2.184035e+00 -1.066412e+00 -4.454094e+00
      endloop
   endfacet
   facet normal 1.116059e-01 -6.010605e-02 9.919332e-01
      outer loop
         vertex 2.184035e+00 -1.066412e+00 -4.454094e+00
         vertex 2.241416e+00 -1.067108e+00 -4.460593e+00
         vertex 2.245336e+00 -9.598111e-01 -4.454532e+00
      endloop
   endfacet
   facet normal 6.854158e-02 1.644364e-01 9.840034e-01
      outer loop
         vertex 2.776635e+00 -3.294287e-01 -4.554402e+00
         vertex 2.839159e+00 -2.381622e-01 -4.574008e+00
         vertex 2.630672e+00 -2.339642e-01 -4.560187e+00
      endloop
   endfacet
   facet normal 6.530162e-02 4.937543e-02 9.966432e-01
      outer loop
         vertex 2.748978e+00 7.138568e-02 -4.596877e+00
         vertex 2.743135e+00 5.146055e-02 -4.595507e+00
         vertex 2.963919e+00 -1.250065e-02 -4.606804e+00
      endloop
   endfacet
   facet normal 6.810976e-02 5.919646e-02 9.959201e-01
      outer loop
         vertex 2.963919e+00 -1.250065e-02 -4.606804e+00
         vertex 2.743135e+00 5.146055e-02 -4.595507e+00
         vertex 2.728169e+00 4.790547e-03 -4.591709e+00
      endloop
   endfacet
   facet normal 6.917365e-02 7.467429e-02 9.948059e-01
      outer loop
         vertex 2.963919e+00 -1.250065e-02 -4.606804e+00
         vertex 2.728169e+00 4.790547e-03 -4.591709e+00
         vertex 2.943323e+00 -5.591553e-02 -4.602113e+00
      endloop
   endfacet
   facet normal 6.818302e-02 7.110681e-02 9.951356e-01
      outer loop
         vertex 2.943323e+00 -5.591553e-02 -4.602113e+00
         vertex 2.728169e+00 4.790547e-03 -4.591709e+00
         vertex 2.713745e+00 -3.619886e-02 -4.587792e+00
      endloop
   endfacet
   facet normal 7.005282e-02 9.437980e-02 9.930685e-01
      outer loop
         vertex 2.943323e+00 -5.591553e-02 -4.602113e+00
         vertex 2.713745e+00 -3.619886e-02 -4.587792e+00
         vertex 2.895279e+00 -1.460997e-01 -4.590153e+00
      endloop
   endfacet
   facet normal 6.827743e-02 9.143865e-02 9.934672e-01
      outer loop
         vertex 2.895279e+00 -1.460997e-01 -4.590153e+00
         vertex 2.713745e+00 -3.619886e-02 -4.587792e+00
         vertex 2.673937e+00 -1.375561e-01 -4.575728e+00
      endloop
   endfacet
   facet normal 6.951124e-02 1.310558e-01 9.889351e-01
      outer loop
         vertex 2.895279e+00 -1.460997e-01 -4.590153e+00
         vertex 2.673937e+00 -1.375561e-01 -4.575728e+00
         vertex 2.839159e+00 -2.381622e-01 -4.574008e+00
      endloop
   endfacet
   facet normal 6.208610e-02 1.188963e-01 9.909637e-01
      outer loop
         vertex 2.839159e+00 -2.381622e-01 -4.574008e+00
         vertex 2.673937e+00 -1.375561e-01 -4.575728e+00
         vertex 2.661066e+00 -1.674694e-01 -4.571332e+00
      endloop
   endfacet
   facet normal 6.824084e-02 1.344926e-01 9.885621e-01
      outer loop
         vertex 2.839159e+00 -2.381622e-01 -4.574008e+00
         vertex 2.661066e+00 -1.674694e-01 -4.571332e+00
         vertex 2.630672e+00 -2.339642e-01 -4.560187e+00
      endloop
   endfacet
   facet normal 6.368126e-02 1.570974e-01 9.855278e-01
      outer loop
         vertex 2.630672e+00 -2.339642e-01 -4.560187e+00
         vertex 2.603163e+00 -2.899380e-01 -4.549487e+00
         vertex 2.776635e+00 -3.294287e-01 -4.554402e+00
      endloop
   endfacet
   facet normal 6.684518e-02 1.713169e-01 9.829457e-01
      outer loop
         vertex 2.776635e+00 -3.294287e-01 -4.554402e+00
         vertex 2.603163e+00 -2.899380e-01 -4.549487e+00
         vertex 2.583076e+00 -3.290861e-01 -4.541298e+00
      endloop
   endfacet
   facet normal 6.658204e-02 1.955827e-01 9.784244e-01
      outer loop
         vertex 2.776635e+00 -3.294287e-01 -4.554402e+00
         vertex 2.583076e+00 -3.290861e-01 -4.541298e+00
         vertex 2.709229e+00 -4.251336e-01 -4.530684e+00
      endloop
   endfacet
   facet normal 6.486220e-02 1.933849e-01 9.789766e-01
      outer loop
         vertex 2.709229e+00 -4.251336e-01 -4.530684e+00
         vertex 2.583076e+00 -3.290861e-01 -4.541298e+00
         vertex 2.519389e+00 -4.526867e-01 -4.512663e+00
      endloop
   endfacet
   facet normal 7.067512e-02 1.572872e-01 9.850207e-01
      outer loop
         vertex 2.709229e+00 -4.251336e-01 -4.530684e+00
         vertex 2.519389e+00 -4.526867e-01 -4.512663e+00
         vertex 2.637468e+00 -5.280793e-01 -4.509096e+00
      endloop
   endfacet
   facet normal 6.875184e-02 1.543037e-01 9.856285e-01
      outer loop
         vertex 2.637468e+00 -5.280793e-01 -4.509096e+00
         vertex 2.519389e+00 -4.526867e-01 -4.512663e+00
         vertex 2.478611e+00 -5.317256e-01 -4.497445e+00
      endloop
   endfacet
   facet normal 7.003547e-02 1.151496e-01 9.908762e-01
      outer loop
         vertex 2.637468e+00 -5.280793e-01 -4.509096e+00
         vertex 2.478611e+00 -5.317256e-01 -4.497445e+00
         vertex 2.562196e+00 -6.320626e-01 -4.491692e+00
      endloop
   endfacet
   facet normal 7.865771e-02 1.222465e-01 9.893780e-01
      outer loop
         vertex 2.562196e+00 -6.320626e-01 -4.491692e+00
         vertex 2.478611e+00 -5.317256e-01 -4.497445e+00
         vertex 2.447632e+00 -5.901674e-01 -4.487761e+00
      endloop
   endfacet
   facet normal 7.346094e-02 1.078412e-01 9.914503e-01
      outer loop
         vertex 2.562196e+00 -6.320626e-01 -4.491692e+00
         vertex 2.447632e+00 -5.901674e-01 -4.487761e+00
         vertex 2.422408e+00 -6.365633e-01 -4.480845e+00
      endloop
   endfacet
   facet normal 9.910757e-02 2.142867e-02 9.948460e-01
      outer loop
         vertex 2.051349e+00 2.103507e+00 -4.477002e+00
         vertex 2.039050e+00 2.102732e+00 -4.475760e+00
         vertex 2.052204e+00 2.099791e+00 -4.477007e+00
      endloop
   endfacet
   facet normal 9.526810e-02 4.003752e-03 9.954436e-01
      outer loop
         vertex 2.052204e+00 2.099791e+00 -4.477007e+00
         vertex 2.039050e+00 2.102732e+00 -4.475760e+00
         vertex 2.039843e+00 2.098462e+00 -4.475818e+00
      endloop
   endfacet
   facet normal 9.267311e-02 2.800159e-02 9.953028e-01
      outer loop
         vertex 2.052204e+00 2.099791e+00 -4.477007e+00
         vertex 2.039843e+00 2.098462e+00 -4.475818e+00
         vertex 2.052752e+00 2.096009e+00 -4.476951e+00
      endloop
   endfacet
   facet normal 9.381671e-02 3.415789e-02 9.950033e-01
      outer loop
         vertex 2.052752e+00 2.096009e+00 -4.476951e+00
         vertex 2.039843e+00 2.098462e+00 -4.475818e+00
         vertex 2.040671e+00 2.087236e+00 -4.475511e+00
      endloop
   endfacet
   facet normal 9.045388e-02 3.881207e-02 9.951441e-01
      outer loop
         vertex 2.052752e+00 2.096009e+00 -4.476951e+00
         vertex 2.040671e+00 2.087236e+00 -4.475511e+00
         vertex 2.053153e+00 2.088291e+00 -4.476687e+00
      endloop
   endfacet
   facet normal 8.877313e-02 5.782626e-02 9.943719e-01
      outer loop
         vertex 2.053153e+00 2.088291e+00 -4.476687e+00
         vertex 2.040671e+00 2.087236e+00 -4.475511e+00
         vertex 2.052730e+00 2.072598e+00 -4.475737e+00
      endloop
   endfacet
   facet normal 5.975081e-02 -1.987589e-02 9.980154e-01
      outer loop
         vertex 2.793597e+00 3.077920e-01 -4.602231e+00
         vertex 2.789340e+00 2.688534e-01 -4.602751e+00
         vertex 3.030574e+00 2.136091e-01 -4.618294e+00
      endloop
   endfacet
   facet normal 6.227089e-02 -8.872724e-03 9.980198e-01
      outer loop
         vertex 3.030574e+00 2.136091e-01 -4.618294e+00
         vertex 2.789340e+00 2.688534e-01 -4.602751e+00
         vertex 2.786319e+00 2.465515e-01 -4.602761e+00
      endloop
   endfacet
   facet normal 6.382511e-02 2.680587e-03 9.979575e-01
      outer loop
         vertex 3.030574e+00 2.136091e-01 -4.618294e+00
         vertex 2.786319e+00 2.465515e-01 -4.602761e+00
         vertex 3.021465e+00 1.612605e-01 -4.617571e+00
      endloop
   endfacet
   facet normal 6.464032e-02 4.938738e-03 9.978964e-01
      outer loop
         vertex 3.021465e+00 1.612605e-01 -4.617571e+00
         vertex 2.786319e+00 2.465515e-01 -4.602761e+00
         vertex 2.773589e+00 1.725784e-01 -4.601570e+00
      endloop
   endfacet
   facet normal 6.517942e-02 1.698236e-02 9.977290e-01
      outer loop
         vertex 3.021465e+00 1.612605e-01 -4.617571e+00
         vertex 2.773589e+00 1.725784e-01 -4.601570e+00
         vertex 3.010978e+00 1.171653e-01 -4.616135e+00
      endloop
   endfacet
   facet normal 6.556208e-02 1.863602e-02 9.976745e-01
      outer loop
         vertex 3.010978e+00 1.171653e-01 -4.616135e+00
         vertex 2.773589e+00 1.725784e-01 -4.601570e+00
         vertex 2.767774e+00 1.450970e-01 -4.600675e+00
      endloop
   endfacet
   facet normal 6.708493e-02 3.214201e-02 9.972294e-01
      outer loop
         vertex 3.010978e+00 1.171653e-01 -4.616135e+00
         vertex 2.767774e+00 1.450970e-01 -4.600675e+00
         vertex 2.998009e+00 7.443790e-02 -4.613886e+00
      endloop
   endfacet
   facet normal 6.768489e-02 3.411675e-02 9.971233e-01
      outer loop
         vertex 2.998009e+00 7.443790e-02 -4.613886e+00
         vertex 2.767774e+00 1.450970e-01 -4.600675e+00
         vertex 2.748978e+00 7.138568e-02 -4.596877e+00
      endloop
   endfacet
   facet normal 6.749420e-02 4.686234e-02 9.966185e-01
      outer loop
         vertex 2.998009e+00 7.443790e-02 -4.613886e+00
         vertex 2.748978e+00 7.138568e-02 -4.596877e+00
         vertex 2.982184e+00 3.068138e-02 -4.610756e+00
      endloop
   endfacet
   facet normal 6.999442e-02 6.151745e-02 9.956487e-01
      outer loop
         vertex 2.982184e+00 3.068138e-02 -4.610756e+00
         vertex 2.748978e+00 7.138568e-02 -4.596877e+00
         vertex 2.963919e+00 -1.250065e-02 -4.606804e+00
      endloop
   endfacet
   facet normal 1.133658e-01 1.593394e-01 9.806932e-01
      outer loop
         vertex 2.052770e+00 2.006496e+00 -4.467126e+00
         vertex 2.050014e+00 2.012262e+00 -4.467744e+00
         vertex 2.034262e+00 2.009013e+00 -4.465395e+00
      endloop
   endfacet
   facet normal 1.143400e-01 1.550336e-01 9.812701e-01
      outer loop
         vertex 2.034262e+00 2.009013e+00 -4.465395e+00
         vertex 2.050014e+00 2.012262e+00 -4.467744e+00
         vertex 2.028669e+00 2.032785e+00 -4.468499e+00
      endloop
   endfacet
   facet normal 3.309268e-02 -6.306345e-02 9.974607e-01
      outer loop
         vertex 2.513123e+00 4.729405e-01 -4.584264e+00
         vertex 2.510122e+00 4.157947e-01 -4.587777e+00
         vertex 2.798140e+00 3.756791e-01 -4.599869e+00
      endloop
   endfacet
   facet normal 3.674383e-02 -3.720229e-02 9.986320e-01
      outer loop
         vertex 2.798140e+00 3.756791e-01 -4.599869e+00
         vertex 2.510122e+00 4.157947e-01 -4.587777e+00
         vertex 2.793597e+00 3.077920e-01 -4.602231e+00
      endloop
   endfacet
   facet normal 3.580569e-02 -3.965657e-02 9.985716e-01
      outer loop
         vertex 2.793597e+00 3.077920e-01 -4.602231e+00
         vertex 2.510122e+00 4.157947e-01 -4.587777e+00
         vertex 2.504075e+00 3.460904e-01 -4.590328e+00
      endloop
   endfacet
   facet normal 3.874565e-02 -1.759387e-02 9.990942e-01
      outer loop
         vertex 2.793597e+00 3.077920e-01 -4.602231e+00
         vertex 2.504075e+00 3.460904e-01 -4.590328e+00
         vertex 2.789340e+00 2.688534e-01 -4.602751e+00
      endloop
   endfacet
   facet normal 3.917857e-02 -1.599656e-02 9.991042e-01
      outer loop
         vertex 2.789340e+00 2.688534e-01 -4.602751e+00
         vertex 2.504075e+00 3.460904e-01 -4.590328e+00
         vertex 2.498184e+00 2.983329e-01 -4.590862e+00
      endloop
   endfacet
   facet normal 4.020529e-02 -5.884260e-03 9.991741e-01
      outer loop
         vertex 2.789340e+00 2.688534e-01 -4.602751e+00
         vertex 2.498184e+00 2.983329e-01 -4.590862e+00
         vertex 2.786319e+00 2.465515e-01 -4.602761e+00
      endloop
   endfacet
   facet normal 2.990933e-02 -1.302550e-01 9.910293e-01
      outer loop
         vertex 2.513572e+00 5.978195e-01 -4.572341e+00
         vertex 2.789276e+00 6.036430e-01 -4.579897e+00
         vertex 2.511319e+00 6.521927e-01 -4.565127e+00
      endloop
   endfacet
   facet normal 2.958996e-02 -1.320154e-01 9.908059e-01
      outer loop
         vertex 2.511319e+00 6.521927e-01 -4.565127e+00
         vertex 2.789276e+00 6.036430e-01 -4.579897e+00
         vertex 2.785071e+00 6.372719e-01 -4.575290e+00
      endloop
   endfacet
   facet normal 2.854557e-02 -1.495035e-01 9.883491e-01
      outer loop
         vertex 2.511319e+00 6.521927e-01 -4.565127e+00
         vertex 2.785071e+00 6.372719e-01 -4.575290e+00
         vertex 2.506423e+00 7.230160e-01 -4.554272e+00
      endloop
   endfacet
   facet normal 3.436401e-02 -5.936741e-02 9.976445e-01
      outer loop
         vertex 2.798140e+00 3.756791e-01 -4.599869e+00
         vertex 2.799414e+00 4.409197e-01 -4.596030e+00
         vertex 2.513123e+00 4.729405e-01 -4.584264e+00
      endloop
   endfacet
   facet normal 3.221682e-02 -7.811630e-02 9.964236e-01
      outer loop
         vertex 2.513123e+00 4.729405e-01 -4.584264e+00
         vertex 2.799414e+00 4.409197e-01 -4.596030e+00
         vertex 2.798332e+00 4.900769e-01 -4.592142e+00
      endloop
   endfacet
   facet normal 3.247081e-02 -8.251020e-02 9.960611e-01
      outer loop
         vertex 2.513123e+00 4.729405e-01 -4.584264e+00
         vertex 2.798332e+00 4.900769e-01 -4.592142e+00
         vertex 2.514347e+00 5.256510e-01 -4.579937e+00
      endloop
   endfacet
   facet normal 3.170528e-02 -8.845474e-02 9.955755e-01
      outer loop
         vertex 2.514347e+00 5.256510e-01 -4.579937e+00
         vertex 2.798332e+00 4.900769e-01 -4.592142e+00
         vertex 2.797571e+00 5.065599e-01 -4.590653e+00
      endloop
   endfacet
   facet normal 3.058046e-02 -1.043001e-01 9.940756e-01
      outer loop
         vertex 2.514347e+00 5.256510e-01 -4.579937e+00
         vertex 2.797571e+00 5.065599e-01 -4.590653e+00
         vertex 2.513572e+00 5.978195e-01 -4.572341e+00
      endloop
   endfacet
   facet normal 3.145456e-02 -1.016299e-01 9.943249e-01
      outer loop
         vertex 2.513572e+00 5.978195e-01 -4.572341e+00
         vertex 2.797571e+00 5.065599e-01 -4.590653e+00
         vertex 2.792676e+00 5.717166e-01 -4.583838e+00
      endloop
   endfacet
   facet normal 2.971700e-02 -1.193634e-01 9.924058e-01
      outer loop
         vertex 2.513572e+00 5.978195e-01 -4.572341e+00
         vertex 2.792676e+00 5.717166e-01 -4.583838e+00
         vertex 2.789276e+00 6.036430e-01 -4.579897e+00
      endloop
   endfacet
   facet normal 3.934599e-02 -1.245813e-01 9.914290e-01
      outer loop
         vertex 2.700889e+00 9.869242e-01 -4.525790e+00
         vertex 2.477978e+00 9.278407e-01 -4.524368e+00
         vertex 2.727905e+00 9.046650e-01 -4.537199e+00
      endloop
   endfacet
   facet normal 3.831465e-02 -1.349720e-01 9.901083e-01
      outer loop
         vertex 2.727905e+00 9.046650e-01 -4.537199e+00
         vertex 2.477978e+00 9.278407e-01 -4.524368e+00
         vertex 2.480944e+00 9.121938e-01 -4.526616e+00
      endloop
   endfacet
   facet normal 3.861499e-02 -1.266489e-01 9.911957e-01
      outer loop
         vertex 2.727905e+00 9.046650e-01 -4.537199e+00
         vertex 2.480944e+00 9.121938e-01 -4.526616e+00
         vertex 2.740490e+00 8.606073e-01 -4.543319e+00
      endloop
   endfacet
   facet normal 3.666615e-02 -1.360734e-01 9.900200e-01
      outer loop
         vertex 2.740490e+00 8.606073e-01 -4.543319e+00
         vertex 2.480944e+00 9.121938e-01 -4.526616e+00
         vertex 2.491441e+00 8.498444e-01 -4.535574e+00
      endloop
   endfacet
   facet normal 3.635722e-02 -1.281568e-01 9.910873e-01
      outer loop
         vertex 2.740490e+00 8.606073e-01 -4.543319e+00
         vertex 2.491441e+00 8.498444e-01 -4.535574e+00
         vertex 2.761982e+00 7.711913e-01 -4.555670e+00
      endloop
   endfacet
   facet normal 5.083301e-02 -1.040774e-01 9.932693e-01
      outer loop
         vertex 2.382840e+00 1.267029e+00 -4.478075e+00
         vertex 2.402894e+00 1.209940e+00 -4.485083e+00
         vertex 2.591069e+00 1.238662e+00 -4.491704e+00
      endloop
   endfacet
   facet normal 5.160182e-02 -1.092517e-01 9.926738e-01
      outer loop
         vertex 2.591069e+00 1.238662e+00 -4.491704e+00
         vertex 2.402894e+00 1.209940e+00 -4.485083e+00
         vertex 2.404699e+00 1.204556e+00 -4.485770e+00
      endloop
   endfacet
   facet normal 5.067012e-02 -1.040550e-01 9.932800e-01
      outer loop
         vertex 2.591069e+00 1.238662e+00 -4.491704e+00
         vertex 2.404699e+00 1.204556e+00 -4.485770e+00
         vertex 2.631147e+00 1.156902e+00 -4.502314e+00
      endloop
   endfacet
   facet normal 4.807980e-02 -1.159508e-01 9.920906e-01
      outer loop
         vertex 2.631147e+00 1.156902e+00 -4.502314e+00
         vertex 2.404699e+00 1.204556e+00 -4.485770e+00
         vertex 2.421565e+00 1.152001e+00 -4.492729e+00
      endloop
   endfacet
   facet normal 4.805875e-02 -1.147829e-01 9.922274e-01
      outer loop
         vertex 2.631147e+00 1.156902e+00 -4.502314e+00
         vertex 2.421565e+00 1.152001e+00 -4.492729e+00
         vertex 2.652167e+00 1.110133e+00 -4.508742e+00
      endloop
   endfacet
   facet normal 4.597303e-02 -1.257974e-01 9.909902e-01
      outer loop
         vertex 2.652167e+00 1.110133e+00 -4.508742e+00
         vertex 2.421565e+00 1.152001e+00 -4.492729e+00
         vertex 2.446446e+00 1.065108e+00 -4.504914e+00
      endloop
   endfacet
   facet normal 4.456259e-02 -1.192790e-01 9.918602e-01
      outer loop
         vertex 2.652167e+00 1.110133e+00 -4.508742e+00
         vertex 2.446446e+00 1.065108e+00 -4.504914e+00
         vertex 2.683806e+00 1.033005e+00 -4.519439e+00
      endloop
   endfacet
   facet normal 4.322833e-02 -1.286410e-01 9.907486e-01
      outer loop
         vertex 2.683806e+00 1.033005e+00 -4.519439e+00
         vertex 2.446446e+00 1.065108e+00 -4.504914e+00
         vertex 2.454484e+00 1.033825e+00 -4.509327e+00
      endloop
   endfacet
   facet normal 4.330111e-02 -1.206474e-01 9.917506e-01
      outer loop
         vertex 2.683806e+00 1.033005e+00 -4.519439e+00
         vertex 2.454484e+00 1.033825e+00 -4.509327e+00
         vertex 2.700889e+00 9.869242e-01 -4.525790e+00
      endloop
   endfacet
   facet normal 4.139803e-02 -1.302477e-01 9.906168e-01
      outer loop
         vertex 2.700889e+00 9.869242e-01 -4.525790e+00
         vertex 2.454484e+00 1.033825e+00 -4.509327e+00
         vertex 2.468582e+00 9.734729e-01 -4.517851e+00
      endloop
   endfacet
   facet normal 4.153834e-02 -1.328807e-01 9.902612e-01
      outer loop
         vertex 2.700889e+00 9.869242e-01 -4.525790e+00
         vertex 2.468582e+00 9.734729e-01 -4.517851e+00
         vertex 2.477978e+00 9.278407e-01 -4.524368e+00
      endloop
   endfacet
   facet normal 3.340941e-02 -1.379855e-01 9.898706e-01
      outer loop
         vertex 2.491441e+00 8.498444e-01 -4.535574e+00
         vertex 2.499960e+00 7.864829e-01 -4.544694e+00
         vertex 2.761982e+00 7.711913e-01 -4.555670e+00
      endloop
   endfacet
   facet normal 3.322208e-02 -1.409046e-01 9.894656e-01
      outer loop
         vertex 2.761982e+00 7.711913e-01 -4.555670e+00
         vertex 2.499960e+00 7.864829e-01 -4.544694e+00
         vertex 2.500405e+00 7.826833e-01 -4.545250e+00
      endloop
   endfacet
   facet normal 3.350773e-02 -1.351248e-01 9.902618e-01
      outer loop
         vertex 2.761982e+00 7.711913e-01 -4.555670e+00
         vertex 2.500405e+00 7.826833e-01 -4.545250e+00
         vertex 2.771403e+00 7.234716e-01 -4.562500e+00
      endloop
   endfacet
   facet normal 3.095270e-02 -1.463766e-01 9.887446e-01
      outer loop
         vertex 2.771403e+00 7.234716e-01 -4.562500e+00
         vertex 2.500405e+00 7.826833e-01 -4.545250e+00
         vertex 2.506423e+00 7.230160e-01 -4.554272e+00
      endloop
   endfacet
   facet normal 3.096653e-02 -1.414298e-01 9.894638e-01
      outer loop
         vertex 2.771403e+00 7.234716e-01 -4.562500e+00
         vertex 2.506423e+00 7.230160e-01 -4.554272e+00
         vertex 2.774901e+00 7.037782e-01 -4.565424e+00
      endloop
   endfacet
   facet normal 3.091904e-02 -1.420424e-01 9.893776e-01
      outer loop
         vertex 2.774901e+00 7.037782e-01 -4.565424e+00
         vertex 2.506423e+00 7.230160e-01 -4.554272e+00
         vertex 2.785071e+00 6.372719e-01 -4.575290e+00
      endloop
   endfacet
   facet normal 1.120414e-01 1.526663e-01 9.819062e-01
      outer loop
         vertex 2.050014e+00 2.012262e+00 -4.467744e+00
         vertex 2.045937e+00 2.022739e+00 -4.468908e+00
         vertex 2.028669e+00 2.032785e+00 -4.468499e+00
      endloop
   endfacet
   facet normal 1.051797e-01 1.407692e-01 9.844396e-01
      outer loop
         vertex 2.028669e+00 2.032785e+00 -4.468499e+00
         vertex 2.045937e+00 2.022739e+00 -4.468908e+00
         vertex 2.042293e+00 2.037976e+00 -4.470697e+00
      endloop
   endfacet
   facet normal 1.017215e-01 1.494575e-01 9.835218e-01
      outer loop
         vertex 2.028669e+00 2.032785e+00 -4.468499e+00
         vertex 2.042293e+00 2.037976e+00 -4.470697e+00
         vertex 2.027740e+00 2.040116e+00 -4.469517e+00
      endloop
   endfacet
   facet normal 9.942702e-02 1.323746e-01 9.862004e-01
      outer loop
         vertex 2.027740e+00 2.040116e+00 -4.469517e+00
         vertex 2.042293e+00 2.037976e+00 -4.470697e+00
         vertex 2.041863e+00 2.041002e+00 -4.471060e+00
      endloop
   endfacet
   facet normal 1.003539e-01 1.201610e-01 9.876692e-01
      outer loop
         vertex 2.027740e+00 2.040116e+00 -4.469517e+00
         vertex 2.041863e+00 2.041002e+00 -4.471060e+00
         vertex 2.026019e+00 2.080047e+00 -4.474200e+00
      endloop
   endfacet
   facet normal 1.144703e-01 1.686137e-01 9.790128e-01
      outer loop
         vertex 2.052770e+00 2.006496e+00 -4.467126e+00
         vertex 2.034262e+00 2.009013e+00 -4.465395e+00
         vertex 2.065200e+00 1.985733e+00 -4.465003e+00
      endloop
   endfacet
   facet normal 1.042946e-01 1.551474e-01 9.823706e-01
      outer loop
         vertex 2.065200e+00 1.985733e+00 -4.465003e+00
         vertex 2.034262e+00 2.009013e+00 -4.465395e+00
         vertex 2.043761e+00 1.984403e+00 -4.462517e+00
      endloop
   endfacet
   facet normal 1.041664e-01 1.567601e-01 9.821281e-01
      outer loop
         vertex 2.065200e+00 1.985733e+00 -4.465003e+00
         vertex 2.043761e+00 1.984403e+00 -4.462517e+00
         vertex 2.050337e+00 1.970175e+00 -4.460943e+00
      endloop
   endfacet
   facet normal 7.043957e-02 8.051808e-02 9.942611e-01
      outer loop
         vertex 2.245257e+00 1.739956e+00 -4.449275e+00
         vertex 2.171055e+00 1.836840e+00 -4.451864e+00
         vertex 2.113110e+00 1.834453e+00 -4.447566e+00
      endloop
   endfacet
   facet normal 6.917051e-02 1.069862e-01 9.918515e-01
      outer loop
         vertex 2.113110e+00 1.834453e+00 -4.447566e+00
         vertex 2.171055e+00 1.836840e+00 -4.451864e+00
         vertex 2.165626e+00 1.844188e+00 -4.452278e+00
      endloop
   endfacet
   facet normal 6.813034e-02 1.123454e-01 9.913308e-01
      outer loop
         vertex 2.113110e+00 1.834453e+00 -4.447566e+00
         vertex 2.165626e+00 1.844188e+00 -4.452278e+00
         vertex 2.090636e+00 1.882643e+00 -4.451483e+00
      endloop
   endfacet
   facet normal 7.489700e-02 1.255841e-01 9.892518e-01
      outer loop
         vertex 2.090636e+00 1.882643e+00 -4.451483e+00
         vertex 2.165626e+00 1.844188e+00 -4.452278e+00
         vertex 2.135936e+00 1.885738e+00 -4.455305e+00
      endloop
   endfacet
   facet normal 7.370449e-02 1.406453e-01 9.873128e-01
      outer loop
         vertex 2.090636e+00 1.882643e+00 -4.451483e+00
         vertex 2.135936e+00 1.885738e+00 -4.455305e+00
         vertex 2.050337e+00 1.970175e+00 -4.460943e+00
      endloop
   endfacet
   facet normal 9.581200e-02 1.627030e-01 9.820121e-01
      outer loop
         vertex 2.050337e+00 1.970175e+00 -4.460943e+00
         vertex 2.135936e+00 1.885738e+00 -4.455305e+00
         vertex 2.076889e+00 1.969317e+00 -4.463392e+00
      endloop
   endfacet
   facet normal 9.584380e-02 1.645972e-01 9.816933e-01
      outer loop
         vertex 2.050337e+00 1.970175e+00 -4.460943e+00
         vertex 2.076889e+00 1.969317e+00 -4.463392e+00
         vertex 2.065200e+00 1.985733e+00 -4.465003e+00
      endloop
   endfacet
   facet normal 5.214739e-02 -9.484067e-02 9.941257e-01
      outer loop
         vertex 2.382840e+00 1.267029e+00 -4.478075e+00
         vertex 2.591069e+00 1.238662e+00 -4.491704e+00
         vertex 2.361498e+00 1.323083e+00 -4.471608e+00
      endloop
   endfacet
   facet normal 5.449617e-02 -8.856135e-02 9.945788e-01
      outer loop
         vertex 2.361498e+00 1.323083e+00 -4.471608e+00
         vertex 2.591069e+00 1.238662e+00 -4.491704e+00
         vertex 2.538427e+00 1.334409e+00 -4.480294e+00
      endloop
   endfacet
   facet normal 5.442936e-02 -8.743864e-02 9.946818e-01
      outer loop
         vertex 2.361498e+00 1.323083e+00 -4.471608e+00
         vertex 2.538427e+00 1.334409e+00 -4.480294e+00
         vertex 2.351713e+00 1.347488e+00 -4.468927e+00
      endloop
   endfacet
   facet normal 5.506940e-02 -7.889178e-02 9.953610e-01
      outer loop
         vertex 2.351713e+00 1.347488e+00 -4.468927e+00
         vertex 2.538427e+00 1.334409e+00 -4.480294e+00
         vertex 2.518888e+00 1.367342e+00 -4.476603e+00
      endloop
   endfacet
   facet normal 5.541598e-02 -8.191182e-02 9.950977e-01
      outer loop
         vertex 2.351713e+00 1.347488e+00 -4.468927e+00
         vertex 2.518888e+00 1.367342e+00 -4.476603e+00
         vertex 2.338995e+00 1.378234e+00 -4.465688e+00
      endloop
   endfacet
   facet normal 5.629988e-02 -6.829259e-02 9.960755e-01
      outer loop
         vertex 2.338995e+00 1.378234e+00 -4.465688e+00
         vertex 2.518888e+00 1.367342e+00 -4.476603e+00
         vertex 2.469101e+00 1.446765e+00 -4.468343e+00
      endloop
   endfacet
   facet normal 5.784223e-02 -7.123213e-02 9.957812e-01
      outer loop
         vertex 2.338995e+00 1.378234e+00 -4.465688e+00
         vertex 2.469101e+00 1.446765e+00 -4.468343e+00
         vertex 2.306757e+00 1.451829e+00 -4.458551e+00
      endloop
   endfacet
   facet normal 5.829150e-02 -5.839357e-02 9.965903e-01
      outer loop
         vertex 2.306757e+00 1.451829e+00 -4.458551e+00
         vertex 2.469101e+00 1.446765e+00 -4.468343e+00
         vertex 2.438495e+00 1.492063e+00 -4.463899e+00
      endloop
   endfacet
   facet normal 5.973351e-02 -6.316529e-02 9.962139e-01
      outer loop
         vertex 2.306757e+00 1.451829e+00 -4.458551e+00
         vertex 2.438495e+00 1.492063e+00 -4.463899e+00
         vertex 2.290777e+00 1.485770e+00 -4.455441e+00
      endloop
   endfacet
   facet normal 5.943593e-02 -5.554594e-02 9.966855e-01
      outer loop
         vertex 2.290777e+00 1.485770e+00 -4.455441e+00
         vertex 2.438495e+00 1.492063e+00 -4.463899e+00
         vertex 2.432508e+00 1.500546e+00 -4.463069e+00
      endloop
   endfacet
   facet normal 5.968772e-02 -5.804239e-02 9.965282e-01
      outer loop
         vertex 2.290777e+00 1.485770e+00 -4.455441e+00
         vertex 2.432508e+00 1.500546e+00 -4.463069e+00
         vertex 2.265056e+00 1.537047e+00 -4.450914e+00
      endloop
   endfacet
   facet normal 6.127237e-02 -5.087111e-02 9.968239e-01
      outer loop
         vertex 2.265056e+00 1.537047e+00 -4.450914e+00
         vertex 2.432508e+00 1.500546e+00 -4.463069e+00
         vertex 2.394774e+00 1.551389e+00 -4.458155e+00
      endloop
   endfacet
   facet normal 6.033914e-02 -4.219724e-02 9.972856e-01
      outer loop
         vertex 2.265056e+00 1.537047e+00 -4.450914e+00
         vertex 2.394774e+00 1.551389e+00 -4.458155e+00
         vertex 2.239061e+00 1.586807e+00 -4.447235e+00
      endloop
   endfacet
   facet normal 6.186958e-02 -3.552015e-02 9.974520e-01
      outer loop
         vertex 2.239061e+00 1.586807e+00 -4.447235e+00
         vertex 2.394774e+00 1.551389e+00 -4.458155e+00
         vertex 2.356723e+00 1.599779e+00 -4.454072e+00
      endloop
   endfacet
   facet normal 6.063657e-02 -2.411628e-02 9.978685e-01
      outer loop
         vertex 2.239061e+00 1.586807e+00 -4.447235e+00
         vertex 2.356723e+00 1.599779e+00 -4.454072e+00
         vertex 2.354943e+00 1.602008e+00 -4.453910e+00
      endloop
   endfacet
   facet normal 7.435059e-02 8.600080e-02 9.935169e-01
      outer loop
         vertex 2.113110e+00 1.834453e+00 -4.447566e+00
         vertex 2.138457e+00 1.782877e+00 -4.444998e+00
         vertex 2.245257e+00 1.739956e+00 -4.449275e+00
      endloop
   endfacet
   facet normal 6.028710e-02 5.067043e-02 9.968942e-01
      outer loop
         vertex 2.245257e+00 1.739956e+00 -4.449275e+00
         vertex 2.138457e+00 1.782877e+00 -4.444998e+00
         vertex 2.171755e+00 1.716764e+00 -4.443652e+00
      endloop
   endfacet
   facet normal 6.345014e-02 4.070883e-02 9.971544e-01
      outer loop
         vertex 2.245257e+00 1.739956e+00 -4.449275e+00
         vertex 2.171755e+00 1.716764e+00 -4.443652e+00
         vertex 2.281794e+00 1.693365e+00 -4.449698e+00
      endloop
   endfacet
   facet normal 6.084964e-02 2.832698e-02 9.977449e-01
      outer loop
         vertex 2.281794e+00 1.693365e+00 -4.449698e+00
         vertex 2.171755e+00 1.716764e+00 -4.443652e+00
         vertex 2.188296e+00 1.684366e+00 -4.443740e+00
      endloop
   endfacet
   facet normal 6.315311e-02 4.560148e-03 9.979934e-01
      outer loop
         vertex 2.281794e+00 1.693365e+00 -4.449698e+00
         vertex 2.188296e+00 1.684366e+00 -4.443740e+00
         vertex 2.354943e+00 1.602008e+00 -4.453910e+00
      endloop
   endfacet
   facet normal 5.864794e-02 -4.589750e-03 9.982682e-01
      outer loop
         vertex 2.354943e+00 1.602008e+00 -4.453910e+00
         vertex 2.188296e+00 1.684366e+00 -4.443740e+00
         vertex 2.237778e+00 1.589251e+00 -4.447085e+00
      endloop
   endfacet
   facet normal 6.129660e-02 -2.922568e-02 9.976916e-01
      outer loop
         vertex 2.354943e+00 1.602008e+00 -4.453910e+00
         vertex 2.237778e+00 1.589251e+00 -4.447085e+00
         vertex 2.239061e+00 1.586807e+00 -4.447235e+00
      endloop
   endfacet
   facet normal 5.878031e-02 -2.331397e-02 9.979987e-01
      outer loop
         vertex 2.039658e+00 -1.384566e+00 -4.475727e+00
         vertex 2.024863e+00 -1.386527e+00 -4.474902e+00
         vertex 2.039811e+00 -1.390561e+00 -4.475876e+00
      endloop
   endfacet
   facet normal 6.653604e-02 5.485148e-03 9.977689e-01
      outer loop
         vertex 2.039811e+00 -1.390561e+00 -4.475876e+00
         vertex 2.024863e+00 -1.386527e+00 -4.474902e+00
         vertex 2.024519e+00 -1.399972e+00 -4.474805e+00
      endloop
   endfacet
   facet normal 6.500571e-02 7.981333e-03 9.978530e-01
      outer loop
         vertex 2.039811e+00 -1.390561e+00 -4.475876e+00
         vertex 2.024519e+00 -1.399972e+00 -4.474805e+00
         vertex 2.039146e+00 -1.399874e+00 -4.475758e+00
      endloop
   endfacet
   facet normal 1.149626e-01 -1.403241e-01 9.834087e-01
      outer loop
         vertex 2.056497e+00 -1.281886e+00 -4.466656e+00
         vertex 2.035389e+00 -1.281361e+00 -4.464113e+00
         vertex 2.044616e+00 -1.306201e+00 -4.468736e+00
      endloop
   endfacet
   facet normal 1.241776e-01 -1.367852e-01 9.827867e-01
      outer loop
         vertex 2.044616e+00 -1.306201e+00 -4.468736e+00
         vertex 2.035389e+00 -1.281361e+00 -4.464113e+00
         vertex 2.028075e+00 -1.305024e+00 -4.466482e+00
      endloop
   endfacet
   facet normal 1.246219e-01 -1.317491e-01 9.834183e-01
      outer loop
         vertex 2.044616e+00 -1.306201e+00 -4.468736e+00
         vertex 2.028075e+00 -1.305024e+00 -4.466482e+00
         vertex 2.039741e+00 -1.321980e+00 -4.470232e+00
      endloop
   endfacet
   facet normal 1.227561e-01 -1.330461e-01 9.834783e-01
      outer loop
         vertex 2.039741e+00 -1.321980e+00 -4.470232e+00
         vertex 2.028075e+00 -1.305024e+00 -4.466482e+00
         vertex 2.023848e+00 -1.330179e+00 -4.469358e+00
      endloop
   endfacet
   facet normal 1.148666e-01 -1.174401e-01 9.864145e-01
      outer loop
         vertex 2.039741e+00 -1.321980e+00 -4.470232e+00
         vertex 2.023848e+00 -1.330179e+00 -4.469358e+00
         vertex 2.037549e+00 -1.338130e+00 -4.471900e+00
      endloop
   endfacet
   facet normal 1.083384e-01 -1.284846e-01 9.857761e-01
      outer loop
         vertex 2.037549e+00 -1.338130e+00 -4.471900e+00
         vertex 2.023848e+00 -1.330179e+00 -4.469358e+00
         vertex 2.023398e+00 -1.338151e+00 -4.470347e+00
      endloop
   endfacet
   facet normal 1.086819e-01 -9.706541e-02 9.893263e-01
      outer loop
         vertex 2.037549e+00 -1.338130e+00 -4.471900e+00
         vertex 2.023398e+00 -1.338151e+00 -4.470347e+00
         vertex 2.037819e+00 -1.359983e+00 -4.474074e+00
      endloop
   endfacet
   facet normal 9.161510e-02 -1.084324e-01 9.898733e-01
      outer loop
         vertex 2.037819e+00 -1.359983e+00 -4.474074e+00
         vertex 2.023398e+00 -1.338151e+00 -4.470347e+00
         vertex 2.024033e+00 -1.369029e+00 -4.473789e+00
      endloop
   endfacet
   facet normal 6.153968e-02 -6.240121e-02 9.961521e-01
      outer loop
         vertex 2.037819e+00 -1.359983e+00 -4.474074e+00
         vertex 2.024033e+00 -1.369029e+00 -4.473789e+00
         vertex 2.039658e+00 -1.384566e+00 -4.475727e+00
      endloop
   endfacet
   facet normal 6.358493e-02 -6.034422e-02 9.961504e-01
      outer loop
         vertex 2.039658e+00 -1.384566e+00 -4.475727e+00
         vertex 2.024033e+00 -1.369029e+00 -4.473789e+00
         vertex 2.024863e+00 -1.386527e+00 -4.474902e+00
      endloop
   endfacet
   facet normal 5.047199e-02 1.000226e-01 9.937042e-01
      outer loop
         vertex 2.261465e+00 -6.273952e-01 -4.474607e+00
         vertex 2.222193e+00 -7.476796e-01 -4.460505e+00
         vertex 2.359366e+00 -7.506404e-01 -4.467174e+00
      endloop
   endfacet
   facet normal 4.999405e-02 7.244091e-02 9.961189e-01
      outer loop
         vertex 2.359366e+00 -7.506404e-01 -4.467174e+00
         vertex 2.222193e+00 -7.476796e-01 -4.460505e+00
         vertex 2.210236e+00 -7.848644e-01 -4.457201e+00
      endloop
   endfacet
   facet normal 5.505967e-02 5.068151e-02 9.971960e-01
      outer loop
         vertex 2.359366e+00 -7.506404e-01 -4.467174e+00
         vertex 2.210236e+00 -7.848644e-01 -4.457201e+00
         vertex 2.306020e+00 -8.495071e-01 -4.459204e+00
      endloop
   endfacet
   facet normal 5.537982e-02 5.115718e-02 9.971540e-01
      outer loop
         vertex 2.306020e+00 -8.495071e-01 -4.459204e+00
         vertex 2.210236e+00 -7.848644e-01 -4.457201e+00
         vertex 2.187759e+00 -8.547304e-01 -4.452368e+00
      endloop
   endfacet
   facet normal 5.683130e-02 1.965033e-02 9.981904e-01
      outer loop
         vertex 2.306020e+00 -8.495071e-01 -4.459204e+00
         vertex 2.187759e+00 -8.547304e-01 -4.452368e+00
         vertex 2.271535e+00 -9.127291e-01 -4.455996e+00
      endloop
   endfacet
   facet normal 5.629826e-02 1.887756e-02 9.982355e-01
      outer loop
         vertex 2.271535e+00 -9.127291e-01 -4.455996e+00
         vertex 2.187759e+00 -8.547304e-01 -4.452368e+00
         vertex 2.156344e+00 -9.486252e-01 -4.448821e+00
      endloop
   endfacet
   facet normal 6.350667e-02 -4.307119e-03 9.979721e-01
      outer loop
         vertex 2.271535e+00 -9.127291e-01 -4.455996e+00
         vertex 2.156344e+00 -9.486252e-01 -4.448821e+00
         vertex 2.245336e+00 -9.598111e-01 -4.454532e+00
      endloop
   endfacet
   facet normal 6.019577e-02 -3.051883e-02 9.977199e-01
      outer loop
         vertex 2.245336e+00 -9.598111e-01 -4.454532e+00
         vertex 2.156344e+00 -9.486252e-01 -4.448821e+00
         vertex 2.184035e+00 -1.066412e+00 -4.454094e+00
      endloop
   endfacet
   facet normal 7.115612e-02 -2.791321e-02 9.970746e-01
      outer loop
         vertex 2.184035e+00 -1.066412e+00 -4.454094e+00
         vertex 2.156344e+00 -9.486252e-01 -4.448821e+00
         vertex 2.113547e+00 -1.069715e+00 -4.449157e+00
      endloop
   endfacet
   facet normal 7.243803e-02 -5.727907e-02 9.957268e-01
      outer loop
         vertex 2.184035e+00 -1.066412e+00 -4.454094e+00
         vertex 2.113547e+00 -1.069715e+00 -4.449157e+00
         vertex 2.182947e+00 -1.068265e+00 -4.454122e+00
      endloop
   endfacet
   facet normal 7.245259e-02 -5.815322e-02 9.956751e-01
      outer loop
         vertex 2.182947e+00 -1.068265e+00 -4.454122e+00
         vertex 2.113547e+00 -1.069715e+00 -4.449157e+00
         vertex 2.101752e+00 -1.102031e+00 -4.450186e+00
      endloop
   endfacet
   facet normal 8.764245e-02 -9.515537e-02 9.915968e-01
      outer loop
         vertex 2.182947e+00 -1.068265e+00 -4.454122e+00
         vertex 2.101752e+00 -1.102031e+00 -4.450186e+00
         vertex 2.108935e+00 -1.195062e+00 -4.459748e+00
      endloop
   endfacet
   facet normal 9.895327e-02 -9.418210e-02 9.906250e-01
      outer loop
         vertex 2.108935e+00 -1.195062e+00 -4.459748e+00
         vertex 2.101752e+00 -1.102031e+00 -4.450186e+00
         vertex 2.074961e+00 -1.175739e+00 -4.454517e+00
      endloop
   endfacet
   facet normal 8.000205e-02 -1.269752e-01 9.886743e-01
      outer loop
         vertex 2.108935e+00 -1.195062e+00 -4.459748e+00
         vertex 2.074961e+00 -1.175739e+00 -4.454517e+00
         vertex 2.056497e+00 -1.281886e+00 -4.466656e+00
      endloop
   endfacet
   facet normal 1.206298e-01 -1.334717e-01 9.836838e-01
      outer loop
         vertex 2.056497e+00 -1.281886e+00 -4.466656e+00
         vertex 2.074961e+00 -1.175739e+00 -4.454517e+00
         vertex 2.045263e+00 -1.255655e+00 -4.461719e+00
      endloop
   endfacet
   facet normal 1.151456e-01 -1.358820e-01 9.840110e-01
      outer loop
         vertex 2.056497e+00 -1.281886e+00 -4.466656e+00
         vertex 2.045263e+00 -1.255655e+00 -4.461719e+00
         vertex 2.035389e+00 -1.281361e+00 -4.464113e+00
      endloop
   endfacet
   facet normal 4.309365e-02 1.833284e-01 9.821067e-01
      outer loop
         vertex 2.583076e+00 -3.290861e-01 -4.541298e+00
         vertex 2.603163e+00 -2.899380e-01 -4.549487e+00
         vertex 2.364035e+00 -2.948352e-01 -4.538081e+00
      endloop
   endfacet
   facet normal 4.370884e-02 1.619591e-01 9.858290e-01
      outer loop
         vertex 2.364035e+00 -2.948352e-01 -4.538081e+00
         vertex 2.603163e+00 -2.899380e-01 -4.549487e+00
         vertex 2.383193e+00 -2.299951e-01 -4.549582e+00
      endloop
   endfacet
   facet normal 4.555782e-02 3.981293e-02 9.981680e-01
      outer loop
         vertex 2.767774e+00 1.450970e-01 -4.600675e+00
         vertex 2.479071e+00 1.780319e-01 -4.588812e+00
         vertex 2.748978e+00 7.138568e-02 -4.596877e+00
      endloop
   endfacet
   facet normal 4.564773e-02 4.004149e-02 9.981548e-01
      outer loop
         vertex 2.748978e+00 7.138568e-02 -4.596877e+00
         vertex 2.479071e+00 1.780319e-01 -4.588812e+00
         vertex 2.459354e+00 7.571152e-02 -4.583805e+00
      endloop
   endfacet
   facet normal 4.487823e-02 1.662492e-01 9.850620e-01
      outer loop
         vertex 2.603163e+00 -2.899380e-01 -4.549487e+00
         vertex 2.630672e+00 -2.339642e-01 -4.560187e+00
         vertex 2.383193e+00 -2.299951e-01 -4.549582e+00
      endloop
   endfacet
   facet normal 4.468368e-02 1.452313e-01 9.883882e-01
      outer loop
         vertex 2.383193e+00 -2.299951e-01 -4.549582e+00
         vertex 2.630672e+00 -2.339642e-01 -4.560187e+00
         vertex 2.661066e+00 -1.674694e-01 -4.571332e+00
      endloop
   endfacet
   facet normal 4.725945e-02 1.342808e-01 9.898158e-01
      outer loop
         vertex 2.383193e+00 -2.299951e-01 -4.549582e+00
         vertex 2.661066e+00 -1.674694e-01 -4.571332e+00
         vertex 2.410269e+00 -1.317060e-01 -4.564209e+00
      endloop
   endfacet
   facet normal 4.608134e-02 1.257859e-01 9.909866e-01
      outer loop
         vertex 2.410269e+00 -1.317060e-01 -4.564209e+00
         vertex 2.661066e+00 -1.674694e-01 -4.571332e+00
         vertex 2.673937e+00 -1.375561e-01 -4.575728e+00
      endloop
   endfacet
   facet normal 4.559066e-02 9.732874e-02 9.942075e-01
      outer loop
         vertex 2.410269e+00 -1.317060e-01 -4.564209e+00
         vertex 2.673937e+00 -1.375561e-01 -4.575728e+00
         vertex 2.436612e+00 -2.597010e-02 -4.575768e+00
      endloop
   endfacet
   facet normal 4.680958e-02 9.992105e-02 9.938937e-01
      outer loop
         vertex 2.436612e+00 -2.597010e-02 -4.575768e+00
         vertex 2.673937e+00 -1.375561e-01 -4.575728e+00
         vertex 2.713745e+00 -3.619886e-02 -4.587792e+00
      endloop
   endfacet
   facet normal 4.597314e-02 7.460310e-02 9.961530e-01
      outer loop
         vertex 2.436612e+00 -2.597010e-02 -4.575768e+00
         vertex 2.713745e+00 -3.619886e-02 -4.587792e+00
         vertex 2.448885e+00 2.740165e-02 -4.580332e+00
      endloop
   endfacet
   facet normal 4.693424e-02 7.864731e-02 9.957971e-01
      outer loop
         vertex 2.448885e+00 2.740165e-02 -4.580332e+00
         vertex 2.713745e+00 -3.619886e-02 -4.587792e+00
         vertex 2.728169e+00 4.790547e-03 -4.591709e+00
      endloop
   endfacet
   facet normal 4.562107e-02 6.179938e-02 9.970454e-01
      outer loop
         vertex 2.448885e+00 2.740165e-02 -4.580332e+00
         vertex 2.728169e+00 4.790547e-03 -4.591709e+00
         vertex 2.459354e+00 7.571152e-02 -4.583805e+00
      endloop
   endfacet
   facet normal 4.674888e-02 6.611084e-02 9.967166e-01
      outer loop
         vertex 2.459354e+00 7.571152e-02 -4.583805e+00
         vertex 2.728169e+00 4.790547e-03 -4.591709e+00
         vertex 2.743135e+00 5.146055e-02 -4.595507e+00
      endloop
   endfacet
   facet normal 4.584029e-02 5.513635e-02 9.974260e-01
      outer loop
         vertex 2.459354e+00 7.571152e-02 -4.583805e+00
         vertex 2.743135e+00 5.146055e-02 -4.595507e+00
         vertex 2.748978e+00 7.138568e-02 -4.596877e+00
      endloop
   endfacet
   facet normal 4.240754e-02 1.788604e-01 9.829601e-01
      outer loop
         vertex 2.364035e+00 -2.948352e-01 -4.538081e+00
         vertex 2.353342e+00 -3.298706e-01 -4.531244e+00
         vertex 2.583076e+00 -3.290861e-01 -4.541298e+00
      endloop
   endfacet
   facet normal 4.211771e-02 2.031809e-01 9.782350e-01
      outer loop
         vertex 2.583076e+00 -3.290861e-01 -4.541298e+00
         vertex 2.353342e+00 -3.298706e-01 -4.531244e+00
         vertex 2.322407e+00 -4.313753e-01 -4.508830e+00
      endloop
   endfacet
   facet normal 4.123916e-02 2.052917e-01 9.778316e-01
      outer loop
         vertex 2.583076e+00 -3.290861e-01 -4.541298e+00
         vertex 2.322407e+00 -4.313753e-01 -4.508830e+00
         vertex 2.519389e+00 -4.526867e-01 -4.512663e+00
      endloop
   endfacet
   facet normal 3.975141e-02 1.910095e-01 9.807830e-01
      outer loop
         vertex 2.519389e+00 -4.526867e-01 -4.512663e+00
         vertex 2.322407e+00 -4.313753e-01 -4.508830e+00
         vertex 2.307056e+00 -4.818740e-01 -4.498373e+00
      endloop
   endfacet
   facet normal 4.328978e-02 1.673103e-01 9.849534e-01
      outer loop
         vertex 2.519389e+00 -4.526867e-01 -4.512663e+00
         vertex 2.307056e+00 -4.818740e-01 -4.498373e+00
         vertex 2.478611e+00 -5.317256e-01 -4.497445e+00
      endloop
   endfacet
   facet normal 4.213752e-02 1.633583e-01 9.856665e-01
      outer loop
         vertex 2.478611e+00 -5.317256e-01 -4.497445e+00
         vertex 2.307056e+00 -4.818740e-01 -4.498373e+00
         vertex 2.290089e+00 -5.370461e-01 -4.488504e+00
      endloop
   endfacet
   facet normal 4.292564e-02 1.411345e-01 9.890594e-01
      outer loop
         vertex 2.478611e+00 -5.317256e-01 -4.497445e+00
         vertex 2.290089e+00 -5.370461e-01 -4.488504e+00
         vertex 2.447632e+00 -5.901674e-01 -4.487761e+00
      endloop
   endfacet
   facet normal 4.214577e-02 1.388266e-01 9.894195e-01
      outer loop
         vertex 2.447632e+00 -5.901674e-01 -4.487761e+00
         vertex 2.290089e+00 -5.370461e-01 -4.488504e+00
         vertex 2.261465e+00 -6.273952e-01 -4.474607e+00
      endloop
   endfacet
   facet normal 4.543463e-02 1.230648e-01 9.913580e-01
      outer loop
         vertex 2.447632e+00 -5.901674e-01 -4.487761e+00
         vertex 2.261465e+00 -6.273952e-01 -4.474607e+00
         vertex 2.422408e+00 -6.365633e-01 -4.480845e+00
      endloop
   endfacet
   facet normal 4.395224e-02 9.489264e-02 9.945168e-01
      outer loop
         vertex 2.422408e+00 -6.365633e-01 -4.480845e+00
         vertex 2.261465e+00 -6.273952e-01 -4.474607e+00
         vertex 2.359366e+00 -7.506404e-01 -4.467174e+00
      endloop
   endfacet
   facet normal 9.533864e-02 1.181850e-01 9.884042e-01
      outer loop
         vertex 2.041863e+00 2.041002e+00 -4.471060e+00
         vertex 2.040583e+00 2.062095e+00 -4.473459e+00
         vertex 2.026019e+00 2.080047e+00 -4.474200e+00
      endloop
   endfacet
   facet normal 4.927028e-02 8.110427e-02 9.954871e-01
      outer loop
         vertex 2.026019e+00 2.080047e+00 -4.474200e+00
         vertex 2.040583e+00 2.062095e+00 -4.473459e+00
         vertex 2.040671e+00 2.087236e+00 -4.475511e+00
      endloop
   endfacet
   facet normal 6.843350e-02 4.227622e-02 9.967595e-01
      outer loop
         vertex 2.026019e+00 2.080047e+00 -4.474200e+00
         vertex 2.040671e+00 2.087236e+00 -4.475511e+00
         vertex 2.024962e+00 2.098292e+00 -4.474902e+00
      endloop
   endfacet
   facet normal 6.110615e-02 3.181782e-02 9.976240e-01
      outer loop
         vertex 2.024962e+00 2.098292e+00 -4.474902e+00
         vertex 2.040671e+00 2.087236e+00 -4.475511e+00
         vertex 2.039843e+00 2.098462e+00 -4.475818e+00
      endloop
   endfacet
   facet normal 6.169503e-02 -1.808180e-02 9.979312e-01
      outer loop
         vertex 2.024962e+00 2.098292e+00 -4.474902e+00
         vertex 2.039843e+00 2.098462e+00 -4.475818e+00
         vertex 2.024453e+00 2.101796e+00 -4.474807e+00
      endloop
   endfacet
   facet normal 6.526241e-02 -1.597842e-03 9.978669e-01
      outer loop
         vertex 2.024453e+00 2.101796e+00 -4.474807e+00
         vertex 2.039843e+00 2.098462e+00 -4.475818e+00
         vertex 2.039050e+00 2.102732e+00 -4.475760e+00
      endloop
   endfacet
   facet normal 4.282303e-02 8.711685e-03 9.990447e-01
      outer loop
         vertex 2.786319e+00 2.465515e-01 -4.602761e+00
         vertex 2.498184e+00 2.983329e-01 -4.590862e+00
         vertex 2.773589e+00 1.725784e-01 -4.601570e+00
      endloop
   endfacet
   facet normal 4.074080e-02 4.141655e-03 9.991612e-01
      outer loop
         vertex 2.773589e+00 1.725784e-01 -4.601570e+00
         vertex 2.498184e+00 2.983329e-01 -4.590862e+00
         vertex 2.487752e+00 2.297523e-01 -4.590152e+00
      endloop
   endfacet
   facet normal 4.452071e-02 2.312302e-02 9.987408e-01
      outer loop
         vertex 2.773589e+00 1.725784e-01 -4.601570e+00
         vertex 2.487752e+00 2.297523e-01 -4.590152e+00
         vertex 2.767774e+00 1.450970e-01 -4.600675e+00
      endloop
   endfacet
   facet normal 4.287267e-02 1.764880e-02 9.989246e-01
      outer loop
         vertex 2.767774e+00 1.450970e-01 -4.600675e+00
         vertex 2.487752e+00 2.297523e-01 -4.590152e+00
         vertex 2.480436e+00 1.858766e-01 -4.589063e+00
      endloop
   endfacet
   facet normal 4.382178e-02 2.438840e-02 9.987416e-01
      outer loop
         vertex 2.767774e+00 1.450970e-01 -4.600675e+00
         vertex 2.480436e+00 1.858766e-01 -4.589063e+00
         vertex 2.479071e+00 1.780319e-01 -4.588812e+00
      endloop
   endfacet
   facet normal -1.828340e-02 -1.566994e-01 9.874771e-01
      outer loop
         vertex 2.068778e+00 9.751695e-01 -4.510140e+00
         vertex 1.909925e+00 1.023093e+00 -4.505476e+00
         vertex 1.896951e+00 9.333153e-01 -4.519963e+00
      endloop
   endfacet
   facet normal -2.481338e-02 -1.635941e-01 9.862156e-01
      outer loop
         vertex 2.051439e+00 7.000065e-01 -4.554414e+00
         vertex 2.058290e+00 7.785152e-01 -4.541218e+00
         vertex 1.880449e+00 8.261252e-01 -4.537795e+00
      endloop
   endfacet
   facet normal -2.380847e-02 -1.598859e-01 9.868484e-01
      outer loop
         vertex 1.880449e+00 8.261252e-01 -4.537795e+00
         vertex 2.058290e+00 7.785152e-01 -4.541218e+00
         vertex 2.060877e+00 8.137809e-01 -4.535442e+00
      endloop
   endfacet
   facet normal -2.384807e-02 -1.604834e-01 9.867504e-01
      outer loop
         vertex 1.880449e+00 8.261252e-01 -4.537795e+00
         vertex 2.060877e+00 8.137809e-01 -4.535442e+00
         vertex 1.896951e+00 9.333153e-01 -4.519963e+00
      endloop
   endfacet
   facet normal -1.945880e-02 -1.545981e-01 9.877858e-01
      outer loop
         vertex 1.896951e+00 9.333153e-01 -4.519963e+00
         vertex 2.060877e+00 8.137809e-01 -4.535442e+00
         vertex 2.067055e+00 9.264034e-01 -4.517694e+00
      endloop
   endfacet
   facet normal -1.937325e-02 -1.523789e-01 9.881323e-01
      outer loop
         vertex 1.896951e+00 9.333153e-01 -4.519963e+00
         vertex 2.067055e+00 9.264034e-01 -4.517694e+00
         vertex 2.068778e+00 9.751695e-01 -4.510140e+00
      endloop
   endfacet
   facet normal -2.756843e-02 -1.192436e-01 9.924822e-01
      outer loop
         vertex 1.849016e+00 6.328523e-01 -4.568791e+00
         vertex 2.039890e+00 5.854559e-01 -4.569184e+00
         vertex 1.853707e+00 6.623785e-01 -4.565114e+00
      endloop
   endfacet
   facet normal -2.233293e-02 -1.066543e-01 9.940453e-01
      outer loop
         vertex 1.853707e+00 6.623785e-01 -4.565114e+00
         vertex 2.039890e+00 5.854559e-01 -4.569184e+00
         vertex 2.044172e+00 6.260938e-01 -4.564728e+00
      endloop
   endfacet
   facet normal -2.939837e-02 -1.437941e-01 9.891709e-01
      outer loop
         vertex 1.853707e+00 6.623785e-01 -4.565114e+00
         vertex 2.044172e+00 6.260938e-01 -4.564728e+00
         vertex 1.862661e+00 7.174485e-01 -4.556842e+00
      endloop
   endfacet
   facet normal -2.528053e-02 -1.357206e-01 9.904246e-01
      outer loop
         vertex 1.862661e+00 7.174485e-01 -4.556842e+00
         vertex 2.044172e+00 6.260938e-01 -4.564728e+00
         vertex 2.051439e+00 7.000065e-01 -4.554414e+00
      endloop
   endfacet
   facet normal -2.821018e-02 -1.681338e-01 9.853605e-01
      outer loop
         vertex 1.862661e+00 7.174485e-01 -4.556842e+00
         vertex 2.051439e+00 7.000065e-01 -4.554414e+00
         vertex 1.870975e+00 7.676597e-01 -4.548036e+00
      endloop
   endfacet
   facet normal -2.817477e-02 -1.680409e-01 9.853773e-01
      outer loop
         vertex 1.870975e+00 7.676597e-01 -4.548036e+00
         vertex 2.051439e+00 7.000065e-01 -4.554414e+00
         vertex 1.880449e+00 8.261252e-01 -4.537795e+00
      endloop
   endfacet
   facet normal -5.245916e-03 2.849772e-02 9.995801e-01
      outer loop
         vertex 1.970595e+00 1.713701e+00 -4.440307e+00
         vertex 2.031582e+00 1.669230e+00 -4.438719e+00
         vertex 1.974832e+00 1.769541e+00 -4.441876e+00
      endloop
   endfacet
   facet normal -2.378323e-02 1.800957e-02 9.995549e-01
      outer loop
         vertex 1.974832e+00 1.769541e+00 -4.441876e+00
         vertex 2.031582e+00 1.669230e+00 -4.438719e+00
         vertex 2.022504e+00 1.773388e+00 -4.440811e+00
      endloop
   endfacet
   facet normal -2.722457e-02 6.114972e-02 9.977573e-01
      outer loop
         vertex 1.974832e+00 1.769541e+00 -4.441876e+00
         vertex 2.022504e+00 1.773388e+00 -4.440811e+00
         vertex 1.980986e+00 1.844925e+00 -4.446329e+00
      endloop
   endfacet
   facet normal -4.750677e-02 4.937039e-02 9.976501e-01
      outer loop
         vertex 1.980986e+00 1.844925e+00 -4.446329e+00
         vertex 2.022504e+00 1.773388e+00 -4.440811e+00
         vertex 2.019146e+00 1.815814e+00 -4.443071e+00
      endloop
   endfacet
   facet normal -1.501755e-02 9.173682e-02 9.956700e-01
      outer loop
         vertex 1.980986e+00 1.844925e+00 -4.446329e+00
         vertex 2.019146e+00 1.815814e+00 -4.443071e+00
         vertex 1.983499e+00 1.875191e+00 -4.449079e+00
      endloop
   endfacet
   facet normal -3.191699e-02 8.163975e-02 9.961507e-01
      outer loop
         vertex 1.983499e+00 1.875191e+00 -4.449079e+00
         vertex 2.019146e+00 1.815814e+00 -4.443071e+00
         vertex 2.014708e+00 1.877392e+00 -4.448260e+00
      endloop
   endfacet
   facet normal -3.416047e-02 1.146899e-01 9.928138e-01
      outer loop
         vertex 1.983499e+00 1.875191e+00 -4.449079e+00
         vertex 2.014708e+00 1.877392e+00 -4.448260e+00
         vertex 1.993535e+00 1.987086e+00 -4.461660e+00
      endloop
   endfacet
   facet normal -5.123149e-02 1.113515e-01 9.924597e-01
      outer loop
         vertex 1.993535e+00 1.987086e+00 -4.461660e+00
         vertex 2.014708e+00 1.877392e+00 -4.448260e+00
         vertex 2.008990e+00 1.964579e+00 -4.458337e+00
      endloop
   endfacet
   facet normal -3.007371e-02 1.257538e-01 9.916055e-01
      outer loop
         vertex 1.993535e+00 1.987086e+00 -4.461660e+00
         vertex 2.008990e+00 1.964579e+00 -4.458337e+00
         vertex 1.994682e+00 2.008716e+00 -4.464368e+00
      endloop
   endfacet
   facet normal -4.704973e-02 1.202538e-01 9.916276e-01
      outer loop
         vertex 1.994682e+00 2.008716e+00 -4.464368e+00
         vertex 2.008990e+00 1.964579e+00 -4.458337e+00
         vertex 2.006009e+00 2.009480e+00 -4.463924e+00
      endloop
   endfacet
   facet normal -4.833386e-02 1.408958e-01 9.888439e-01
      outer loop
         vertex 1.994682e+00 2.008716e+00 -4.464368e+00
         vertex 2.006009e+00 2.009480e+00 -4.463924e+00
         vertex 1.994344e+00 2.037931e+00 -4.468548e+00
      endloop
   endfacet
   facet normal -6.001763e-02 1.361101e-01 9.888741e-01
      outer loop
         vertex 1.994344e+00 2.037931e+00 -4.468548e+00
         vertex 2.006009e+00 2.009480e+00 -4.463924e+00
         vertex 2.005110e+00 2.022985e+00 -4.465837e+00
      endloop
   endfacet
   facet normal -4.696803e-02 1.453981e-01 9.882578e-01
      outer loop
         vertex 1.994344e+00 2.037931e+00 -4.468548e+00
         vertex 2.005110e+00 2.022985e+00 -4.465837e+00
         vertex 1.994041e+00 2.043353e+00 -4.469360e+00
      endloop
   endfacet
   facet normal -2.044448e-02 7.660521e-03 9.997616e-01
      outer loop
         vertex 1.970595e+00 1.713701e+00 -4.440307e+00
         vertex 1.967095e+00 1.663704e+00 -4.439995e+00
         vertex 2.031582e+00 1.669230e+00 -4.438719e+00
      endloop
   endfacet
   facet normal -1.775336e-02 -2.369475e-02 9.995616e-01
      outer loop
         vertex 2.031582e+00 1.669230e+00 -4.438719e+00
         vertex 1.967095e+00 1.663704e+00 -4.439995e+00
         vertex 1.961289e+00 1.569579e+00 -4.442330e+00
      endloop
   endfacet
   facet normal -1.200930e-02 -2.774591e-02 9.995429e-01
      outer loop
         vertex 2.031582e+00 1.669230e+00 -4.438719e+00
         vertex 1.961289e+00 1.569579e+00 -4.442330e+00
         vertex 2.041779e+00 1.565641e+00 -4.441472e+00
      endloop
   endfacet
   facet normal -1.303478e-02 -4.888367e-02 9.987194e-01
      outer loop
         vertex 2.041779e+00 1.565641e+00 -4.441472e+00
         vertex 1.961289e+00 1.569579e+00 -4.442330e+00
         vertex 1.960638e+00 1.557328e+00 -4.442938e+00
      endloop
   endfacet
   facet normal -1.166718e-02 -6.210585e-02 9.980014e-01
      outer loop
         vertex 2.041779e+00 1.565641e+00 -4.441472e+00
         vertex 1.960638e+00 1.557328e+00 -4.442938e+00
         vertex 2.045769e+00 1.529572e+00 -4.443670e+00
      endloop
   endfacet
   facet normal -1.509287e-02 -7.259309e-02 9.972474e-01
      outer loop
         vertex 2.045769e+00 1.529572e+00 -4.443670e+00
         vertex 1.960638e+00 1.557328e+00 -4.442938e+00
         vertex 1.955383e+00 1.452537e+00 -4.450645e+00
      endloop
   endfacet
   facet normal -9.121585e-03 -7.955770e-02 9.967885e-01
      outer loop
         vertex 2.045769e+00 1.529572e+00 -4.443670e+00
         vertex 1.955383e+00 1.452537e+00 -4.450645e+00
         vertex 2.053131e+00 1.461826e+00 -4.449009e+00
      endloop
   endfacet
   facet normal -8.253124e-03 -8.856407e-02 9.960363e-01
      outer loop
         vertex 2.053131e+00 1.461826e+00 -4.449009e+00
         vertex 1.955383e+00 1.452537e+00 -4.450645e+00
         vertex 1.953254e+00 1.420156e+00 -4.453542e+00
      endloop
   endfacet
   facet normal -6.348920e-03 -9.308478e-02 9.956379e-01
      outer loop
         vertex 2.053131e+00 1.461826e+00 -4.449009e+00
         vertex 1.953254e+00 1.420156e+00 -4.453542e+00
         vertex 2.061935e+00 1.353552e+00 -4.459076e+00
      endloop
   endfacet
   facet normal -8.833764e-03 -9.710594e-02 9.952348e-01
      outer loop
         vertex 2.061935e+00 1.353552e+00 -4.459076e+00
         vertex 1.953254e+00 1.420156e+00 -4.453542e+00
         vertex 1.947596e+00 1.349994e+00 -4.460438e+00
      endloop
   endfacet
   facet normal -8.339889e-03 -1.123625e-01 9.936323e-01
      outer loop
         vertex 2.061935e+00 1.353552e+00 -4.459076e+00
         vertex 1.947596e+00 1.349994e+00 -4.460438e+00
         vertex 2.067410e+00 1.252245e+00 -4.470486e+00
      endloop
   endfacet
   facet normal -1.209855e-02 -1.169116e-01 9.930686e-01
      outer loop
         vertex 2.067410e+00 1.252245e+00 -4.470486e+00
         vertex 1.947596e+00 1.349994e+00 -4.460438e+00
         vertex 1.934807e+00 1.220100e+00 -4.475886e+00
      endloop
   endfacet
   facet normal -9.127333e-03 -1.289239e-01 9.916125e-01
      outer loop
         vertex 2.067410e+00 1.252245e+00 -4.470486e+00
         vertex 1.934807e+00 1.220100e+00 -4.475886e+00
         vertex 2.069884e+00 1.168797e+00 -4.481313e+00
      endloop
   endfacet
   facet normal -1.265416e-02 -1.380752e-01 9.903409e-01
      outer loop
         vertex 2.069884e+00 1.168797e+00 -4.481313e+00
         vertex 1.934807e+00 1.220100e+00 -4.475886e+00
         vertex 1.925811e+00 1.143328e+00 -4.486705e+00
      endloop
   endfacet
   facet normal -1.228278e-02 -1.401164e-01 9.900589e-01
      outer loop
         vertex 2.069884e+00 1.168797e+00 -4.481313e+00
         vertex 1.925811e+00 1.143328e+00 -4.486705e+00
         vertex 2.070248e+00 1.145187e+00 -4.484650e+00
      endloop
   endfacet
   facet normal -1.209459e-02 -1.526854e-01 9.882008e-01
      outer loop
         vertex 2.070248e+00 1.145187e+00 -4.484650e+00
         vertex 1.925811e+00 1.143328e+00 -4.486705e+00
         vertex 1.909925e+00 1.023093e+00 -4.505476e+00
      endloop
   endfacet
   facet normal -1.633200e-02 -1.472514e-01 9.889643e-01
      outer loop
         vertex 2.070248e+00 1.145187e+00 -4.484650e+00
         vertex 1.909925e+00 1.023093e+00 -4.505476e+00
         vertex 2.070118e+00 1.036725e+00 -4.500801e+00
      endloop
   endfacet
   facet normal -1.611885e-02 -1.496347e-01 9.886100e-01
      outer loop
         vertex 2.070118e+00 1.036725e+00 -4.500801e+00
         vertex 1.909925e+00 1.023093e+00 -4.505476e+00
         vertex 2.068778e+00 9.751695e-01 -4.510140e+00
      endloop
   endfacet
   facet normal -2.018212e-02 -1.854704e-02 9.996243e-01
      outer loop
         vertex 1.989922e+00 -1.400170e+00 -4.474205e+00
         vertex 2.000001e+00 -1.400120e+00 -4.474001e+00
         vertex 1.989781e+00 -1.376501e+00 -4.473769e+00
      endloop
   endfacet
   facet normal -3.424293e-02 -2.462572e-02 9.991101e-01
      outer loop
         vertex 1.989781e+00 -1.376501e+00 -4.473769e+00
         vertex 2.000001e+00 -1.400120e+00 -4.474001e+00
         vertex 1.999860e+00 -1.373928e+00 -4.473360e+00
      endloop
   endfacet
   facet normal -1.861486e-02 -8.536940e-02 9.961755e-01
      outer loop
         vertex 1.989781e+00 -1.376501e+00 -4.473769e+00
         vertex 1.999860e+00 -1.373928e+00 -4.473360e+00
         vertex 1.989888e+00 -1.369227e+00 -4.473144e+00
      endloop
   endfacet
   facet normal -2.154152e-02 -9.154954e-02 9.955675e-01
      outer loop
         vertex 1.989888e+00 -1.369227e+00 -4.473144e+00
         vertex 1.999860e+00 -1.373928e+00 -4.473360e+00
         vertex 1.999835e+00 -1.369177e+00 -4.472924e+00
      endloop
   endfacet
   facet normal -2.132512e-02 -1.210593e-01 9.924162e-01
      outer loop
         vertex 1.989888e+00 -1.369227e+00 -4.473144e+00
         vertex 1.999835e+00 -1.369177e+00 -4.472924e+00
         vertex 1.989915e+00 -1.338353e+00 -4.469377e+00
      endloop
   endfacet
   facet normal -3.306264e-02 -1.247471e-01 9.916375e-01
      outer loop
         vertex 1.989915e+00 -1.338353e+00 -4.469377e+00
         vertex 1.999835e+00 -1.369177e+00 -4.472924e+00
         vertex 1.999670e+00 -1.338306e+00 -4.469046e+00
      endloop
   endfacet
   facet normal -3.301233e-02 -1.302581e-01 9.909304e-01
      outer loop
         vertex 1.989915e+00 -1.338353e+00 -4.469377e+00
         vertex 1.999670e+00 -1.338306e+00 -4.469046e+00
         vertex 1.988138e+00 -1.309130e+00 -4.465595e+00
      endloop
   endfacet
   facet normal -3.817223e-02 -1.322444e-01 9.904819e-01
      outer loop
         vertex 1.988138e+00 -1.309130e+00 -4.465595e+00
         vertex 1.999670e+00 -1.338306e+00 -4.469046e+00
         vertex 1.999504e+00 -1.309080e+00 -4.465150e+00
      endloop
   endfacet
   facet normal -3.828455e-02 -1.202486e-01 9.920053e-01
      outer loop
         vertex 1.988138e+00 -1.309130e+00 -4.465595e+00
         vertex 1.999504e+00 -1.309080e+00 -4.465150e+00
         vertex 1.987558e+00 -1.303748e+00 -4.464965e+00
      endloop
   endfacet
   facet normal -3.518187e-02 -1.133298e-01 9.929343e-01
      outer loop
         vertex 1.987558e+00 -1.303748e+00 -4.464965e+00
         vertex 1.999504e+00 -1.309080e+00 -4.465150e+00
         vertex 1.984534e+00 -1.281651e+00 -4.462550e+00
      endloop
   endfacet
   facet normal -3.991177e-02 -1.158666e-01 9.924626e-01
      outer loop
         vertex 1.984534e+00 -1.281651e+00 -4.462550e+00
         vertex 1.999504e+00 -1.309080e+00 -4.465150e+00
         vertex 1.999401e+00 -1.291060e+00 -4.463051e+00
      endloop
   endfacet
   facet normal -3.421412e-02 -1.069282e-01 9.936779e-01
      outer loop
         vertex 1.984534e+00 -1.281651e+00 -4.462550e+00
         vertex 1.999401e+00 -1.291060e+00 -4.463051e+00
         vertex 1.973819e+00 -1.216194e+00 -4.455875e+00
      endloop
   endfacet
   facet normal -2.004876e-02 -1.021727e-01 9.945646e-01
      outer loop
         vertex 1.973819e+00 -1.216194e+00 -4.455875e+00
         vertex 1.999401e+00 -1.291060e+00 -4.463051e+00
         vertex 1.998862e+00 -1.176510e+00 -4.451293e+00
      endloop
   endfacet
   facet normal -2.512527e-02 -9.899293e-02 9.947709e-01
      outer loop
         vertex 1.973819e+00 -1.216194e+00 -4.455875e+00
         vertex 1.998862e+00 -1.176510e+00 -4.451293e+00
         vertex 1.967579e+00 -1.176810e+00 -4.452114e+00
      endloop
   endfacet
   facet normal -2.534291e-02 -8.079598e-02 9.964084e-01
      outer loop
         vertex 1.967579e+00 -1.176810e+00 -4.452114e+00
         vertex 1.998862e+00 -1.176510e+00 -4.451293e+00
         vertex 1.998535e+00 -1.143450e+00 -4.448621e+00
      endloop
   endfacet
   facet normal -3.914399e-02 -6.804236e-02 9.969142e-01
      outer loop
         vertex 1.967579e+00 -1.176810e+00 -4.452114e+00
         vertex 1.998535e+00 -1.143450e+00 -4.448621e+00
         vertex 1.951303e+00 -1.083516e+00 -4.446385e+00
      endloop
   endfacet
   facet normal -2.237845e-02 1.047377e-01 9.942481e-01
      outer loop
         vertex 1.864256e+00 -6.595853e-01 -4.467290e+00
         vertex 1.885593e+00 -7.649134e-01 -4.455714e+00
         vertex 1.983631e+00 -7.594774e-01 -4.454080e+00
      endloop
   endfacet
   facet normal -2.122012e-02 8.322887e-02 9.963045e-01
      outer loop
         vertex 1.983631e+00 -7.594774e-01 -4.454080e+00
         vertex 1.885593e+00 -7.649134e-01 -4.455714e+00
         vertex 1.891064e+00 -7.903586e-01 -4.453472e+00
      endloop
   endfacet
   facet normal -1.721231e-02 7.123509e-02 9.973110e-01
      outer loop
         vertex 1.983631e+00 -7.594774e-01 -4.454080e+00
         vertex 1.891064e+00 -7.903586e-01 -4.453472e+00
         vertex 1.989307e+00 -8.592152e-01 -4.446859e+00
      endloop
   endfacet
   facet normal -2.209362e-02 6.430647e-02 9.976856e-01
      outer loop
         vertex 1.989307e+00 -8.592152e-01 -4.446859e+00
         vertex 1.891064e+00 -7.903586e-01 -4.453472e+00
         vertex 1.908107e+00 -8.683003e-01 -4.448071e+00
      endloop
   endfacet
   facet normal -1.822292e-02 2.948268e-02 9.993992e-01
      outer loop
         vertex 1.989307e+00 -8.592152e-01 -4.446859e+00
         vertex 1.908107e+00 -8.683003e-01 -4.448071e+00
         vertex 1.994101e+00 -9.682304e-01 -4.443555e+00
      endloop
   endfacet
   facet normal -1.328911e-02 3.372589e-02 9.993428e-01
      outer loop
         vertex 1.908107e+00 -8.683003e-01 -4.448071e+00
         vertex 1.924842e+00 -9.480414e-01 -4.445157e+00
         vertex 1.994101e+00 -9.682304e-01 -4.443555e+00
      endloop
   endfacet
   facet normal -2.012485e-02 1.030737e-02 9.997443e-01
      outer loop
         vertex 1.994101e+00 -9.682304e-01 -4.443555e+00
         vertex 1.924842e+00 -9.480414e-01 -4.445157e+00
         vertex 1.929424e+00 -9.706664e-01 -4.444832e+00
      endloop
   endfacet
   facet normal -1.971248e-02 -6.731009e-04 9.998055e-01
      outer loop
         vertex 1.994101e+00 -9.682304e-01 -4.443555e+00
         vertex 1.929424e+00 -9.706664e-01 -4.444832e+00
         vertex 1.995329e+00 -1.004192e+00 -4.443555e+00
      endloop
   endfacet
   facet normal -2.924212e-02 -1.942270e-02 9.993836e-01
      outer loop
         vertex 1.995329e+00 -1.004192e+00 -4.443555e+00
         vertex 1.929424e+00 -9.706664e-01 -4.444832e+00
         vertex 1.951303e+00 -1.083516e+00 -4.446385e+00
      endloop
   endfacet
   facet normal -2.551188e-02 -2.149517e-02 9.994434e-01
      outer loop
         vertex 1.995329e+00 -1.004192e+00 -4.443555e+00
         vertex 1.951303e+00 -1.083516e+00 -4.446385e+00
         vertex 1.997224e+00 -1.072261e+00 -4.444971e+00
      endloop
   endfacet
   facet normal -1.812100e-02 -5.153433e-02 9.985068e-01
      outer loop
         vertex 1.997224e+00 -1.072261e+00 -4.444971e+00
         vertex 1.951303e+00 -1.083516e+00 -4.446385e+00
         vertex 1.998535e+00 -1.143450e+00 -4.448621e+00
      endloop
   endfacet
   facet normal -1.723110e-02 1.846152e-01 9.826598e-01
      outer loop
         vertex 1.973510e+00 -5.296398e-01 -4.483902e+00
         vertex 1.970579e+00 -4.398064e-01 -4.500831e+00
         vertex 1.832215e+00 -4.824465e-01 -4.495246e+00
      endloop
   endfacet
   facet normal -1.671686e-02 1.630962e-01 9.864685e-01
      outer loop
         vertex 1.968290e+00 -3.329998e-01 -4.522768e+00
         vertex 1.968362e+00 -2.248868e-01 -4.540642e+00
         vertex 1.803450e+00 -2.801139e-01 -4.534306e+00
      endloop
   endfacet
   facet normal -1.699463e-02 1.622595e-01 9.866018e-01
      outer loop
         vertex 1.803450e+00 -2.801139e-01 -4.534306e+00
         vertex 1.808098e+00 -3.202153e-01 -4.527630e+00
         vertex 1.968290e+00 -3.329998e-01 -4.522768e+00
      endloop
   endfacet
   facet normal -1.614369e-02 1.722806e-01 9.849156e-01
      outer loop
         vertex 1.968290e+00 -3.329998e-01 -4.522768e+00
         vertex 1.808098e+00 -3.202153e-01 -4.527630e+00
         vertex 1.810016e+00 -3.355079e-01 -4.524924e+00
      endloop
   endfacet
   facet normal -1.631911e-02 1.854035e-01 9.825270e-01
      outer loop
         vertex 1.968290e+00 -3.329998e-01 -4.522768e+00
         vertex 1.810016e+00 -3.355079e-01 -4.524924e+00
         vertex 1.968514e+00 -3.514288e-01 -4.519287e+00
      endloop
   endfacet
   facet normal -1.599616e-02 1.884174e-01 9.819588e-01
      outer loop
         vertex 1.968514e+00 -3.514288e-01 -4.519287e+00
         vertex 1.810016e+00 -3.355079e-01 -4.524924e+00
         vertex 1.817565e+00 -3.902113e-01 -4.514304e+00
      endloop
   endfacet
   facet normal -2.008810e-02 2.039355e-01 9.787782e-01
      outer loop
         vertex 1.968514e+00 -3.514288e-01 -4.519287e+00
         vertex 1.817565e+00 -3.902113e-01 -4.514304e+00
         vertex 1.970579e+00 -4.398064e-01 -4.500831e+00
      endloop
   endfacet
   facet normal -2.037397e-02 2.030991e-01 9.789462e-01
      outer loop
         vertex 1.970579e+00 -4.398064e-01 -4.500831e+00
         vertex 1.817565e+00 -3.902113e-01 -4.514304e+00
         vertex 1.825983e+00 -4.445054e-01 -4.502865e+00
      endloop
   endfacet
   facet normal -2.009452e-02 1.936712e-01 9.808607e-01
      outer loop
         vertex 1.970579e+00 -4.398064e-01 -4.500831e+00
         vertex 1.825983e+00 -4.445054e-01 -4.502865e+00
         vertex 1.832215e+00 -4.824465e-01 -4.495246e+00
      endloop
   endfacet
   facet normal -8.534901e-03 5.225393e-02 9.985974e-01
      outer loop
         vertex 1.788216e+00 1.359509e-01 -4.576669e+00
         vertex 1.983636e+00 1.157305e-01 -4.573941e+00
         vertex 1.986394e+00 1.469716e-01 -4.575552e+00
      endloop
   endfacet
   facet normal -8.423967e-03 3.874760e-02 9.992135e-01
      outer loop
         vertex 1.995116e+00 2.329023e-01 -4.578811e+00
         vertex 1.796142e+00 2.552338e-01 -4.581354e+00
         vertex 1.986394e+00 1.469716e-01 -4.575552e+00
      endloop
   endfacet
   facet normal -1.115306e-02 3.395961e-02 9.993610e-01
      outer loop
         vertex 1.986394e+00 1.469716e-01 -4.575552e+00
         vertex 1.796142e+00 2.552338e-01 -4.581354e+00
         vertex 1.791344e+00 1.933081e-01 -4.579303e+00
      endloop
   endfacet
   facet normal -8.206790e-03 4.632377e-02 9.988928e-01
      outer loop
         vertex 1.986394e+00 1.469716e-01 -4.575552e+00
         vertex 1.791344e+00 1.933081e-01 -4.579303e+00
         vertex 1.788216e+00 1.359509e-01 -4.576669e+00
      endloop
   endfacet
   facet normal -8.499699e-03 5.259179e-02 9.985799e-01
      outer loop
         vertex 1.788216e+00 1.359509e-01 -4.576669e+00
         vertex 1.788038e+00 1.317578e-01 -4.576450e+00
         vertex 1.983636e+00 1.157305e-01 -4.573941e+00
      endloop
   endfacet
   facet normal -7.968981e-03 5.901319e-02 9.982254e-01
      outer loop
         vertex 1.983636e+00 1.157305e-01 -4.573941e+00
         vertex 1.788038e+00 1.317578e-01 -4.576450e+00
         vertex 1.786251e+00 7.055005e-02 -4.572846e+00
      endloop
   endfacet
   facet normal -1.003151e-02 6.800964e-02 9.976342e-01
      outer loop
         vertex 1.983636e+00 1.157305e-01 -4.573941e+00
         vertex 1.786251e+00 7.055005e-02 -4.572846e+00
         vertex 1.975563e+00 -1.013529e-04 -4.566126e+00
      endloop
   endfacet
   facet normal -9.193284e-03 7.024175e-02 9.974876e-01
      outer loop
         vertex 1.975563e+00 -1.013529e-04 -4.566126e+00
         vertex 1.786251e+00 7.055005e-02 -4.572846e+00
         vertex 1.785998e+00 9.917573e-03 -4.568578e+00
      endloop
   endfacet
   facet normal -8.543440e-03 8.231262e-02 9.965699e-01
      outer loop
         vertex 1.975563e+00 -1.013529e-04 -4.566126e+00
         vertex 1.785998e+00 9.917573e-03 -4.568578e+00
         vertex 1.974199e+00 -2.658283e-02 -4.563950e+00
      endloop
   endfacet
   facet normal -9.195312e-03 7.898488e-02 9.968334e-01
      outer loop
         vertex 1.974199e+00 -2.658283e-02 -4.563950e+00
         vertex 1.785998e+00 9.917573e-03 -4.568578e+00
         vertex 1.786441e+00 -2.063773e-02 -4.566153e+00
      endloop
   endfacet
   facet normal -8.550319e-03 9.870528e-02 9.950800e-01
      outer loop
         vertex 1.974199e+00 -2.658283e-02 -4.563950e+00
         vertex 1.786441e+00 -2.063773e-02 -4.566153e+00
         vertex 1.970726e+00 -1.138255e-01 -4.555326e+00
      endloop
   endfacet
   facet normal -1.037354e-02 9.513808e-02 9.954100e-01
      outer loop
         vertex 1.786441e+00 -2.063773e-02 -4.566153e+00
         vertex 1.789635e+00 -1.087379e-01 -4.557699e+00
         vertex 1.970726e+00 -1.138255e-01 -4.555326e+00
      endloop
   endfacet
   facet normal -9.707063e-03 1.177359e-01 9.929975e-01
      outer loop
         vertex 1.970726e+00 -1.138255e-01 -4.555326e+00
         vertex 1.789635e+00 -1.087379e-01 -4.557699e+00
         vertex 1.792987e+00 -1.638541e-01 -4.551132e+00
      endloop
   endfacet
   facet normal -1.221785e-02 1.265627e-01 9.918834e-01
      outer loop
         vertex 1.970726e+00 -1.138255e-01 -4.555326e+00
         vertex 1.792987e+00 -1.638541e-01 -4.551132e+00
         vertex 1.968775e+00 -1.943086e-01 -4.545080e+00
      endloop
   endfacet
   facet normal -1.225023e-02 1.263804e-01 9.919062e-01
      outer loop
         vertex 1.968775e+00 -1.943086e-01 -4.545080e+00
         vertex 1.792987e+00 -1.638541e-01 -4.551132e+00
         vertex 1.793187e+00 -1.666781e-01 -4.550769e+00
      endloop
   endfacet
   facet normal -9.437767e-03 1.437712e-01 9.895659e-01
      outer loop
         vertex 1.968775e+00 -1.943086e-01 -4.545080e+00
         vertex 1.793187e+00 -1.666781e-01 -4.550769e+00
         vertex 1.968362e+00 -2.248868e-01 -4.540642e+00
      endloop
   endfacet
   facet normal -1.236958e-02 1.351537e-01 9.907474e-01
      outer loop
         vertex 1.968362e+00 -2.248868e-01 -4.540642e+00
         vertex 1.793187e+00 -1.666781e-01 -4.550769e+00
         vertex 1.797821e+00 -2.238268e-01 -4.542916e+00
      endloop
   endfacet
   facet normal -1.224880e-02 1.500000e-01 9.886101e-01
      outer loop
         vertex 1.968362e+00 -2.248868e-01 -4.540642e+00
         vertex 1.797821e+00 -2.238268e-01 -4.542916e+00
         vertex 1.803450e+00 -2.801139e-01 -4.534306e+00
      endloop
   endfacet
   facet normal -2.819226e-02 9.786305e-02 9.948005e-01
      outer loop
         vertex 1.983631e+00 -7.594774e-01 -4.454080e+00
         vertex 1.980753e+00 -7.029881e-01 -4.459719e+00
         vertex 1.864256e+00 -6.595853e-01 -4.467290e+00
      endloop
   endfacet
   facet normal -2.110599e-02 1.165619e-01 9.929591e-01
      outer loop
         vertex 1.864256e+00 -6.595853e-01 -4.467290e+00
         vertex 1.980753e+00 -7.029881e-01 -4.459719e+00
         vertex 1.978507e+00 -6.540988e-01 -4.465506e+00
      endloop
   endfacet
   facet normal -2.164988e-02 1.283653e-01 9.914906e-01
      outer loop
         vertex 1.864256e+00 -6.595853e-01 -4.467290e+00
         vertex 1.978507e+00 -6.540988e-01 -4.465506e+00
         vertex 1.858447e+00 -6.294425e-01 -4.471320e+00
      endloop
   endfacet
   facet normal -1.802261e-02 1.454867e-01 9.891960e-01
      outer loop
         vertex 1.858447e+00 -6.294425e-01 -4.471320e+00
         vertex 1.978507e+00 -6.540988e-01 -4.465506e+00
         vertex 1.973510e+00 -5.296398e-01 -4.483902e+00
      endloop
   endfacet
   facet normal -1.831917e-02 1.458217e-01 9.891413e-01
      outer loop
         vertex 1.858447e+00 -6.294425e-01 -4.471320e+00
         vertex 1.973510e+00 -5.296398e-01 -4.483902e+00
         vertex 1.844311e+00 -5.527819e-01 -4.482883e+00
      endloop
   endfacet
   facet normal -2.255624e-02 1.693078e-01 9.853051e-01
      outer loop
         vertex 1.844311e+00 -5.527819e-01 -4.482883e+00
         vertex 1.973510e+00 -5.296398e-01 -4.483902e+00
         vertex 1.832215e+00 -4.824465e-01 -4.495246e+00
      endloop
   endfacet
   facet normal -8.420171e-02 1.252155e-01 9.885500e-01
      outer loop
         vertex 1.994041e+00 2.043353e+00 -4.469360e+00
         vertex 2.005110e+00 2.022985e+00 -4.465837e+00
         vertex 1.992106e+00 2.068676e+00 -4.472732e+00
      endloop
   endfacet
   facet normal -4.066325e-02 1.377690e-01 9.896293e-01
      outer loop
         vertex 1.992106e+00 2.068676e+00 -4.472732e+00
         vertex 2.005110e+00 2.022985e+00 -4.465837e+00
         vertex 2.001845e+00 2.072176e+00 -4.472819e+00
      endloop
   endfacet
   facet normal -1.969478e-02 7.959779e-02 9.966325e-01
      outer loop
         vertex 1.992106e+00 2.068676e+00 -4.472732e+00
         vertex 2.001845e+00 2.072176e+00 -4.472819e+00
         vertex 1.990617e+00 2.086522e+00 -4.474187e+00
      endloop
   endfacet
   facet normal -7.384392e-02 3.721406e-02 9.965752e-01
      outer loop
         vertex 1.990617e+00 2.086522e+00 -4.474187e+00
         vertex 2.001845e+00 2.072176e+00 -4.472819e+00
         vertex 1.999987e+00 2.100200e+00 -4.474003e+00
      endloop
   endfacet
   facet normal -2.035901e-02 5.350032e-04 9.997926e-01
      outer loop
         vertex 1.990617e+00 2.086522e+00 -4.474187e+00
         vertex 1.999987e+00 2.100200e+00 -4.474003e+00
         vertex 1.989930e+00 2.099526e+00 -4.474208e+00
      endloop
   endfacet
   facet normal -2.425534e-02 -1.059143e-01 9.940794e-01
      outer loop
         vertex 1.849016e+00 6.328523e-01 -4.568791e+00
         vertex 1.844900e+00 6.066667e-01 -4.571682e+00
         vertex 2.039890e+00 5.854559e-01 -4.569184e+00
      endloop
   endfacet
   facet normal -2.316550e-02 -9.577136e-02 9.951338e-01
      outer loop
         vertex 2.039890e+00 5.854559e-01 -4.569184e+00
         vertex 1.844900e+00 6.066667e-01 -4.571682e+00
         vertex 1.841662e+00 5.859136e-01 -4.573755e+00
      endloop
   endfacet
   facet normal -2.315812e-02 -7.416359e-02 9.969772e-01
      outer loop
         vertex 2.039890e+00 5.854559e-01 -4.569184e+00
         vertex 1.841662e+00 5.859136e-01 -4.573755e+00
         vertex 2.026604e+00 4.711556e-01 -4.577995e+00
      endloop
   endfacet
   facet normal -2.149421e-02 -7.149066e-02 9.972096e-01
      outer loop
         vertex 2.026604e+00 4.711556e-01 -4.577995e+00
         vertex 1.841662e+00 5.859136e-01 -4.573755e+00
         vertex 1.827709e+00 4.940412e-01 -4.580642e+00
      endloop
   endfacet
   facet normal -1.898293e-02 -4.950562e-02 9.985934e-01
      outer loop
         vertex 2.026604e+00 4.711556e-01 -4.577995e+00
         vertex 1.827709e+00 4.940412e-01 -4.580642e+00
         vertex 2.026354e+00 4.691285e-01 -4.578101e+00
      endloop
   endfacet
   facet normal -1.750398e-02 -3.765759e-02 9.991374e-01
      outer loop
         vertex 2.026354e+00 4.691285e-01 -4.578101e+00
         vertex 1.827709e+00 4.940412e-01 -4.580642e+00
         vertex 1.820159e+00 4.426330e-01 -4.582711e+00
      endloop
   endfacet
   facet normal -1.783049e-02 -3.513160e-02 9.992236e-01
      outer loop
         vertex 2.026354e+00 4.691285e-01 -4.578101e+00
         vertex 1.820159e+00 4.426330e-01 -4.582711e+00
         vertex 2.018820e+00 4.105441e-01 -4.580295e+00
      endloop
   endfacet
   facet normal -1.580908e-02 -2.258722e-02 9.996199e-01
      outer loop
         vertex 2.018820e+00 4.105441e-01 -4.580295e+00
         vertex 1.820159e+00 4.426330e-01 -4.582711e+00
         vertex 1.819361e+00 4.372146e-01 -4.582847e+00
      endloop
   endfacet
   facet normal -1.366019e-02 -6.491022e-03 9.998856e-01
      outer loop
         vertex 2.018820e+00 4.105441e-01 -4.580295e+00
         vertex 1.819361e+00 4.372146e-01 -4.582847e+00
         vertex 2.010431e+00 3.512313e-01 -4.580794e+00
      endloop
   endfacet
   facet normal -1.366984e-02 -6.512478e-03 9.998854e-01
      outer loop
         vertex 2.010431e+00 3.512313e-01 -4.580794e+00
         vertex 1.819361e+00 4.372146e-01 -4.582847e+00
         vertex 1.810659e+00 3.781948e-01 -4.583350e+00
      endloop
   endfacet
   facet normal -1.160727e-02 8.769911e-03 9.998942e-01
      outer loop
         vertex 2.010431e+00 3.512313e-01 -4.580794e+00
         vertex 1.810659e+00 3.781948e-01 -4.583350e+00
         vertex 2.007334e+00 3.296118e-01 -4.580641e+00
      endloop
   endfacet
   facet normal -1.066565e-02 1.258013e-02 9.998640e-01
      outer loop
         vertex 2.007334e+00 3.296118e-01 -4.580641e+00
         vertex 1.810659e+00 3.781948e-01 -4.583350e+00
         vertex 1.802546e+00 3.171698e-01 -4.582669e+00
      endloop
   endfacet
   facet normal -1.113487e-02 2.032487e-02 9.997314e-01
      outer loop
         vertex 2.007334e+00 3.296118e-01 -4.580641e+00
         vertex 1.802546e+00 3.171698e-01 -4.582669e+00
         vertex 1.995116e+00 2.329023e-01 -4.578811e+00
      endloop
   endfacet
   facet normal -1.151445e-02 1.945805e-02 9.997444e-01
      outer loop
         vertex 1.995116e+00 2.329023e-01 -4.578811e+00
         vertex 1.802546e+00 3.171698e-01 -4.582669e+00
         vertex 1.799795e+00 2.926452e-01 -4.582223e+00
      endloop
   endfacet
   facet normal -1.006229e-02 2.420067e-02 9.996565e-01
      outer loop
         vertex 1.995116e+00 2.329023e-01 -4.578811e+00
         vertex 1.799795e+00 2.926452e-01 -4.582223e+00
         vertex 1.796142e+00 2.552338e-01 -4.581354e+00
      endloop
   endfacet
   facet normal -6.615891e-02 9.972488e-01 -3.343290e-02
      outer loop
         vertex 1.940492e+00 2.096001e+00 -4.481552e+00
         vertex 1.937637e+00 2.095863e+00 -4.480000e+00
         vertex 1.940485e+00 2.096104e+00 -4.478448e+00
      endloop
   endfacet
   facet normal -6.611983e-02 9.972514e-01 -3.343290e-02
      outer loop
         vertex 1.940492e+00 2.096001e+00 -4.481552e+00
         vertex 1.940485e+00 2.096104e+00 -4.478448e+00
         vertex 1.948650e+00 2.096493e+00 -4.482999e+00
      endloop
   endfacet
   facet normal -6.614786e-02 9.972479e-01 -3.348349e-02
      outer loop
         vertex 1.948650e+00 2.096493e+00 -4.482999e+00
         vertex 1.940485e+00 2.096104e+00 -4.478448e+00
         vertex 1.948637e+00 2.096694e+00 -4.477002e+00
      endloop
   endfacet
   facet normal -6.615268e-02 9.972476e-01 -3.348349e-02
      outer loop
         vertex 1.948650e+00 2.096493e+00 -4.482999e+00
         vertex 1.948637e+00 2.096694e+00 -4.477002e+00
         vertex 1.960950e+00 2.097267e+00 -4.484240e+00
      endloop
   endfacet
   facet normal -6.614315e-02 9.972487e-01 -3.346720e-02
      outer loop
         vertex 1.960950e+00 2.097267e+00 -4.484240e+00
         vertex 1.948637e+00 2.096694e+00 -4.477002e+00
         vertex 1.960931e+00 2.097551e+00 -4.475760e+00
      endloop
   endfacet
   facet normal -6.615858e-02 9.972477e-01 -3.346720e-02
      outer loop
         vertex 1.960950e+00 2.097267e+00 -4.484240e+00
         vertex 1.960931e+00 2.097551e+00 -4.475760e+00
         vertex 1.975547e+00 2.098204e+00 -4.485193e+00
      endloop
   endfacet
   facet normal -6.615106e-02 9.972486e-01 -3.345549e-02
      outer loop
         vertex 1.975547e+00 2.098204e+00 -4.485193e+00
         vertex 1.960931e+00 2.097551e+00 -4.475760e+00
         vertex 1.975524e+00 2.098551e+00 -4.474807e+00
      endloop
   endfacet
   facet normal -6.613981e-02 9.972493e-01 -3.345549e-02
      outer loop
         vertex 1.975547e+00 2.098204e+00 -4.485193e+00
         vertex 1.975524e+00 2.098551e+00 -4.474807e+00
         vertex 1.989956e+00 2.099139e+00 -4.485792e+00
      endloop
   endfacet
   facet normal -6.614122e-02 9.972492e-01 -3.345735e-02
      outer loop
         vertex 1.989956e+00 2.099139e+00 -4.485792e+00
         vertex 1.975524e+00 2.098551e+00 -4.474807e+00
         vertex 1.989930e+00 2.099526e+00 -4.474208e+00
      endloop
   endfacet
   facet normal -6.615056e-02 9.972486e-01 -3.345735e-02
      outer loop
         vertex 1.989956e+00 2.099139e+00 -4.485792e+00
         vertex 1.989930e+00 2.099526e+00 -4.474208e+00
         vertex 2.000013e+00 2.099800e+00 -4.485996e+00
      endloop
   endfacet
   facet normal -6.616001e-02 9.972477e-01 -3.346545e-02
      outer loop
         vertex 2.000013e+00 2.099800e+00 -4.485996e+00
         vertex 1.989930e+00 2.099526e+00 -4.474208e+00
         vertex 1.999987e+00 2.100200e+00 -4.474003e+00
      endloop
   endfacet
   facet normal -6.613857e-02 9.972491e-01 -3.346545e-02
      outer loop
         vertex 2.000013e+00 2.099800e+00 -4.485996e+00
         vertex 1.999987e+00 2.100200e+00 -4.474003e+00
         vertex 2.010070e+00 2.100474e+00 -4.485792e+00
      endloop
   endfacet
   facet normal -6.613066e-02 9.972498e-01 -3.345867e-02
      outer loop
         vertex 2.010070e+00 2.100474e+00 -4.485792e+00
         vertex 1.999987e+00 2.100200e+00 -4.474003e+00
         vertex 2.010044e+00 2.100860e+00 -4.474208e+00
      endloop
   endfacet
   facet normal -6.615719e-02 9.972481e-01 -3.345867e-02
      outer loop
         vertex 2.010070e+00 2.100474e+00 -4.485792e+00
         vertex 2.010044e+00 2.100860e+00 -4.474208e+00
         vertex 2.024476e+00 2.101449e+00 -4.485193e+00
      endloop
   endfacet
   facet normal -6.615478e-02 9.972484e-01 -3.345549e-02
      outer loop
         vertex 2.024476e+00 2.101449e+00 -4.485193e+00
         vertex 2.010044e+00 2.100860e+00 -4.474208e+00
         vertex 2.024453e+00 2.101796e+00 -4.474807e+00
      endloop
   endfacet
   facet normal -6.615212e-02 9.972485e-01 -3.345549e-02
      outer loop
         vertex 2.024476e+00 2.101449e+00 -4.485193e+00
         vertex 2.024453e+00 2.101796e+00 -4.474807e+00
         vertex 2.039069e+00 2.102449e+00 -4.484240e+00
      endloop
   endfacet
   facet normal -6.614208e-02 9.972497e-01 -3.343985e-02
      outer loop
         vertex 2.039069e+00 2.102449e+00 -4.484240e+00
         vertex 2.024453e+00 2.101796e+00 -4.474807e+00
         vertex 2.039050e+00 2.102732e+00 -4.475760e+00
      endloop
   endfacet
   facet normal -6.614597e-02 9.972495e-01 -3.343985e-02
      outer loop
         vertex 2.039069e+00 2.102449e+00 -4.484240e+00
         vertex 2.039050e+00 2.102732e+00 -4.475760e+00
         vertex 2.051363e+00 2.103306e+00 -4.482999e+00
      endloop
   endfacet
   facet normal -6.614887e-02 9.972491e-01 -3.344482e-02
      outer loop
         vertex 2.051363e+00 2.103306e+00 -4.482999e+00
         vertex 2.039050e+00 2.102732e+00 -4.475760e+00
         vertex 2.051349e+00 2.103507e+00 -4.477002e+00
      endloop
   endfacet
   facet normal -6.615478e-02 9.972487e-01 -3.344482e-02
      outer loop
         vertex 2.051363e+00 2.103306e+00 -4.482999e+00
         vertex 2.051349e+00 2.103507e+00 -4.477002e+00
         vertex 2.059515e+00 2.103896e+00 -4.481552e+00
      endloop
   endfacet
   facet normal -6.614680e-02 9.972497e-01 -3.343042e-02
      outer loop
         vertex 2.059515e+00 2.103896e+00 -4.481552e+00
         vertex 2.051349e+00 2.103507e+00 -4.477002e+00
         vertex 2.059508e+00 2.103999e+00 -4.478448e+00
      endloop
   endfacet
   facet normal -6.616295e-02 9.972487e-01 -3.343042e-02
      outer loop
         vertex 2.059515e+00 2.103896e+00 -4.481552e+00
         vertex 2.059508e+00 2.103999e+00 -4.478448e+00
         vertex 2.062363e+00 2.104137e+00 -4.480000e+00
      endloop
   endfacet
   facet normal 1.182022e-02 -1.595614e-01 9.871172e-01
      outer loop
         vertex 2.241461e+00 7.427202e-01 -4.547262e+00
         vertex 2.240289e+00 6.833670e-01 -4.556842e+00
         vertex 2.511319e+00 6.521927e-01 -4.565127e+00
      endloop
   endfacet
   facet normal 1.906861e-02 -6.235222e-02 9.978720e-01
      outer loop
         vertex 2.513123e+00 4.729405e-01 -4.584264e+00
         vertex 2.230561e+00 5.049002e-01 -4.576867e+00
         vertex 2.510122e+00 4.157947e-01 -4.587777e+00
      endloop
   endfacet
   facet normal 1.852567e-02 -6.404379e-02 9.977751e-01
      outer loop
         vertex 2.510122e+00 4.157947e-01 -4.587777e+00
         vertex 2.230561e+00 5.049002e-01 -4.576867e+00
         vertex 2.225034e+00 4.444938e-01 -4.580642e+00
      endloop
   endfacet
   facet normal 2.113866e-02 -3.840125e-02 9.990388e-01
      outer loop
         vertex 2.510122e+00 4.157947e-01 -4.587777e+00
         vertex 2.225034e+00 4.444938e-01 -4.580642e+00
         vertex 2.504075e+00 3.460904e-01 -4.590328e+00
      endloop
   endfacet
   facet normal 1.524459e-02 -1.308957e-01 9.912789e-01
      outer loop
         vertex 2.511319e+00 6.521927e-01 -4.565127e+00
         vertex 2.240289e+00 6.833670e-01 -4.556842e+00
         vertex 2.513572e+00 5.978195e-01 -4.572341e+00
      endloop
   endfacet
   facet normal 1.013961e-02 -1.468113e-01 9.891126e-01
      outer loop
         vertex 2.513572e+00 5.978195e-01 -4.572341e+00
         vertex 2.240289e+00 6.833670e-01 -4.556842e+00
         vertex 2.239391e+00 6.557594e-01 -4.560931e+00
      endloop
   endfacet
   facet normal 1.930921e-02 -1.044492e-01 9.943428e-01
      outer loop
         vertex 2.513572e+00 5.978195e-01 -4.572341e+00
         vertex 2.239391e+00 6.557594e-01 -4.560931e+00
         vertex 2.514347e+00 5.256510e-01 -4.579937e+00
      endloop
   endfacet
   facet normal 1.280277e-02 -1.179930e-01 9.929319e-01
      outer loop
         vertex 2.514347e+00 5.256510e-01 -4.579937e+00
         vertex 2.239391e+00 6.557594e-01 -4.560931e+00
         vertex 2.234940e+00 5.648034e-01 -4.571682e+00
      endloop
   endfacet
   facet normal 1.792175e-02 -8.220470e-02 9.964543e-01
      outer loop
         vertex 2.514347e+00 5.256510e-01 -4.579937e+00
         vertex 2.234940e+00 5.648034e-01 -4.571682e+00
         vertex 2.513123e+00 4.729405e-01 -4.584264e+00
      endloop
   endfacet
   facet normal 1.576113e-02 -8.867654e-02 9.959358e-01
      outer loop
         vertex 2.513123e+00 4.729405e-01 -4.584264e+00
         vertex 2.234940e+00 5.648034e-01 -4.571682e+00
         vertex 2.231120e+00 5.117523e-01 -4.576345e+00
      endloop
   endfacet
   facet normal 1.734480e-02 -7.735677e-02 9.968526e-01
      outer loop
         vertex 2.513123e+00 4.729405e-01 -4.584264e+00
         vertex 2.231120e+00 5.117523e-01 -4.576345e+00
         vertex 2.230561e+00 5.049002e-01 -4.576867e+00
      endloop
   endfacet
   facet normal 2.241266e-02 -1.384862e-01 9.901107e-01
      outer loop
         vertex 2.480944e+00 9.121938e-01 -4.526616e+00
         vertex 2.237190e+00 9.203097e-01 -4.519963e+00
         vertex 2.491441e+00 8.498444e-01 -4.535574e+00
      endloop
   endfacet
   facet normal 1.961916e-02 -1.482648e-01 9.887531e-01
      outer loop
         vertex 2.491441e+00 8.498444e-01 -4.535574e+00
         vertex 2.237190e+00 9.203097e-01 -4.519963e+00
         vertex 2.241018e+00 8.225330e-01 -4.534701e+00
      endloop
   endfacet
   facet normal 1.871945e-02 -1.399761e-01 9.899779e-01
      outer loop
         vertex 2.491441e+00 8.498444e-01 -4.535574e+00
         vertex 2.241018e+00 8.225330e-01 -4.534701e+00
         vertex 2.499960e+00 7.864829e-01 -4.544694e+00
      endloop
   endfacet
   facet normal 1.714776e-02 -1.508308e-01 9.884109e-01
      outer loop
         vertex 2.499960e+00 7.864829e-01 -4.544694e+00
         vertex 2.241018e+00 8.225330e-01 -4.534701e+00
         vertex 2.241362e+00 8.022946e-01 -4.537795e+00
      endloop
   endfacet
   facet normal 1.767403e-02 -1.427434e-01 9.896019e-01
      outer loop
         vertex 2.499960e+00 7.864829e-01 -4.544694e+00
         vertex 2.241362e+00 8.022946e-01 -4.537795e+00
         vertex 2.500405e+00 7.826833e-01 -4.545250e+00
      endloop
   endfacet
   facet normal 1.654180e-02 -1.568913e-01 9.874773e-01
      outer loop
         vertex 2.500405e+00 7.826833e-01 -4.545250e+00
         vertex 2.241362e+00 8.022946e-01 -4.537795e+00
         vertex 2.241461e+00 7.427202e-01 -4.547262e+00
      endloop
   endfacet
   facet normal 1.515710e-02 -1.479892e-01 9.888728e-01
      outer loop
         vertex 2.500405e+00 7.826833e-01 -4.545250e+00
         vertex 2.241461e+00 7.427202e-01 -4.547262e+00
         vertex 2.506423e+00 7.230160e-01 -4.554272e+00
      endloop
   endfacet
   facet normal 1.496311e-02 -1.504659e-01 9.885020e-01
      outer loop
         vertex 2.506423e+00 7.230160e-01 -4.554272e+00
         vertex 2.241461e+00 7.427202e-01 -4.547262e+00
         vertex 2.511319e+00 6.521927e-01 -4.565127e+00
      endloop
   endfacet
   facet normal 3.739564e-02 -1.070246e-01 9.935529e-01
      outer loop
         vertex 2.197088e+00 1.258131e+00 -4.472416e+00
         vertex 2.361498e+00 1.323083e+00 -4.471608e+00
         vertex 2.185161e+00 1.320667e+00 -4.465231e+00
      endloop
   endfacet
   facet normal 3.726843e-02 -9.433671e-02 9.948425e-01
      outer loop
         vertex 2.185161e+00 1.320667e+00 -4.465231e+00
         vertex 2.361498e+00 1.323083e+00 -4.471608e+00
         vertex 2.351713e+00 1.347488e+00 -4.468927e+00
      endloop
   endfacet
   facet normal 3.773074e-02 -9.724858e-02 9.945447e-01
      outer loop
         vertex 2.185161e+00 1.320667e+00 -4.465231e+00
         vertex 2.351713e+00 1.347488e+00 -4.468927e+00
         vertex 2.175678e+00 1.366005e+00 -4.460438e+00
      endloop
   endfacet
   facet normal 3.864833e-02 -8.886852e-02 9.952933e-01
      outer loop
         vertex 2.351713e+00 1.347488e+00 -4.468927e+00
         vertex 2.338995e+00 1.378234e+00 -4.465688e+00
         vertex 2.175678e+00 1.366005e+00 -4.460438e+00
      endloop
   endfacet
   facet normal 3.800560e-02 -7.994990e-02 9.960741e-01
      outer loop
         vertex 2.175678e+00 1.366005e+00 -4.460438e+00
         vertex 2.338995e+00 1.378234e+00 -4.465688e+00
         vertex 2.306757e+00 1.451829e+00 -4.458551e+00
      endloop
   endfacet
   facet normal 3.999738e-02 -8.298475e-02 9.957478e-01
      outer loop
         vertex 2.175678e+00 1.366005e+00 -4.460438e+00
         vertex 2.306757e+00 1.451829e+00 -4.458551e+00
         vertex 2.150837e+00 1.471538e+00 -4.450645e+00
      endloop
   endfacet
   facet normal 4.145170e-02 -7.180408e-02 9.965570e-01
      outer loop
         vertex 2.150837e+00 1.471538e+00 -4.450645e+00
         vertex 2.306757e+00 1.451829e+00 -4.458551e+00
         vertex 2.290777e+00 1.485770e+00 -4.455441e+00
      endloop
   endfacet
   facet normal 4.177151e-02 -7.503349e-02 9.963057e-01
      outer loop
         vertex 2.150837e+00 1.471538e+00 -4.450645e+00
         vertex 2.290777e+00 1.485770e+00 -4.455441e+00
         vertex 2.147878e+00 1.482881e+00 -4.449667e+00
      endloop
   endfacet
   facet normal 4.163475e-02 -6.712854e-02 9.968753e-01
      outer loop
         vertex 2.147878e+00 1.482881e+00 -4.449667e+00
         vertex 2.290777e+00 1.485770e+00 -4.455441e+00
         vertex 2.265056e+00 1.537047e+00 -4.450914e+00
      endloop
   endfacet
   facet normal 3.955842e-02 -6.262800e-02 9.972527e-01
      outer loop
         vertex 2.147878e+00 1.482881e+00 -4.449667e+00
         vertex 2.265056e+00 1.537047e+00 -4.450914e+00
         vertex 2.122889e+00 1.574251e+00 -4.442938e+00
      endloop
   endfacet
   facet normal 6.232043e-02 1.355657e-01 9.888064e-01
      outer loop
         vertex 2.090636e+00 1.882643e+00 -4.451483e+00
         vertex 2.050337e+00 1.970175e+00 -4.460943e+00
         vertex 2.023003e+00 1.981233e+00 -4.460737e+00
      endloop
   endfacet
   facet normal 6.357712e-02 1.386817e-01 9.882941e-01
      outer loop
         vertex 2.023003e+00 1.981233e+00 -4.460737e+00
         vertex 2.050337e+00 1.970175e+00 -4.460943e+00
         vertex 2.043761e+00 1.984403e+00 -4.462517e+00
      endloop
   endfacet
   facet normal 6.395433e-02 1.363779e-01 9.885904e-01
      outer loop
         vertex 2.023003e+00 1.981233e+00 -4.460737e+00
         vertex 2.043761e+00 1.984403e+00 -4.462517e+00
         vertex 2.017338e+00 2.010215e+00 -4.464368e+00
      endloop
   endfacet
   facet normal 7.002118e-02 1.424968e-01 9.873154e-01
      outer loop
         vertex 2.017338e+00 2.010215e+00 -4.464368e+00
         vertex 2.043761e+00 1.984403e+00 -4.462517e+00
         vertex 2.034262e+00 2.009013e+00 -4.465395e+00
      endloop
   endfacet
   facet normal 7.051526e-02 1.504992e-01 9.860921e-01
      outer loop
         vertex 2.017338e+00 2.010215e+00 -4.464368e+00
         vertex 2.034262e+00 2.009013e+00 -4.465395e+00
         vertex 2.013898e+00 2.038063e+00 -4.468373e+00
      endloop
   endfacet
   facet normal 5.025649e-02 1.274553e-01 9.905703e-01
      outer loop
         vertex 2.023003e+00 1.981233e+00 -4.460737e+00
         vertex 2.038131e+00 1.914728e+00 -4.452947e+00
         vertex 2.090636e+00 1.882643e+00 -4.451483e+00
      endloop
   endfacet
   facet normal 4.510120e-02 1.190780e-01 9.918600e-01
      outer loop
         vertex 2.090636e+00 1.882643e+00 -4.451483e+00
         vertex 2.038131e+00 1.914728e+00 -4.452947e+00
         vertex 2.045921e+00 1.879561e+00 -4.449079e+00
      endloop
   endfacet
   facet normal 4.634936e-02 1.023771e-01 9.936653e-01
      outer loop
         vertex 2.090636e+00 1.882643e+00 -4.451483e+00
         vertex 2.045921e+00 1.879561e+00 -4.449079e+00
         vertex 2.113110e+00 1.834453e+00 -4.447566e+00
      endloop
   endfacet
   facet normal 3.164424e-02 8.056002e-02 9.962473e-01
      outer loop
         vertex 2.113110e+00 1.834453e+00 -4.447566e+00
         vertex 2.045921e+00 1.879561e+00 -4.449079e+00
         vertex 2.067652e+00 1.787444e+00 -4.442321e+00
      endloop
   endfacet
   facet normal 4.248346e-02 -5.156063e-02 9.977658e-01
      outer loop
         vertex 2.265056e+00 1.537047e+00 -4.450914e+00
         vertex 2.239061e+00 1.586807e+00 -4.447235e+00
         vertex 2.122889e+00 1.574251e+00 -4.442938e+00
      endloop
   endfacet
   facet normal 4.123359e-02 -3.979451e-02 9.983567e-01
      outer loop
         vertex 2.122889e+00 1.574251e+00 -4.442938e+00
         vertex 2.239061e+00 1.586807e+00 -4.447235e+00
         vertex 2.237778e+00 1.589251e+00 -4.447085e+00
      endloop
   endfacet
   facet normal 3.966675e-02 -2.766330e-02 9.988300e-01
      outer loop
         vertex 2.122889e+00 1.574251e+00 -4.442938e+00
         vertex 2.237778e+00 1.589251e+00 -4.447085e+00
         vertex 2.105793e+00 1.638057e+00 -4.440492e+00
      endloop
   endfacet
   facet normal 4.570370e-02 -1.134576e-02 9.988906e-01
      outer loop
         vertex 2.105793e+00 1.638057e+00 -4.440492e+00
         vertex 2.237778e+00 1.589251e+00 -4.447085e+00
         vertex 2.188296e+00 1.684366e+00 -4.443740e+00
      endloop
   endfacet
   facet normal 4.078444e-02 -2.562299e-03 9.991647e-01
      outer loop
         vertex 2.105793e+00 1.638057e+00 -4.440492e+00
         vertex 2.188296e+00 1.684366e+00 -4.443740e+00
         vertex 2.095991e+00 1.675611e+00 -4.439995e+00
      endloop
   endfacet
   facet normal 3.891443e-02 1.712453e-02 9.990958e-01
      outer loop
         vertex 2.095991e+00 1.675611e+00 -4.439995e+00
         vertex 2.188296e+00 1.684366e+00 -4.443740e+00
         vertex 2.171755e+00 1.716764e+00 -4.443652e+00
      endloop
   endfacet
   facet normal 3.246158e-02 2.900049e-02 9.990522e-01
      outer loop
         vertex 2.095991e+00 1.675611e+00 -4.439995e+00
         vertex 2.171755e+00 1.716764e+00 -4.443652e+00
         vertex 2.067652e+00 1.787444e+00 -4.442321e+00
      endloop
   endfacet
   facet normal 4.037727e-02 4.067247e-02 9.983564e-01
      outer loop
         vertex 2.067652e+00 1.787444e+00 -4.442321e+00
         vertex 2.171755e+00 1.716764e+00 -4.443652e+00
         vertex 2.138457e+00 1.782877e+00 -4.444998e+00
      endloop
   endfacet
   facet normal 4.222729e-02 7.036860e-02 9.966269e-01
      outer loop
         vertex 2.067652e+00 1.787444e+00 -4.442321e+00
         vertex 2.138457e+00 1.782877e+00 -4.444998e+00
         vertex 2.113110e+00 1.834453e+00 -4.447566e+00
      endloop
   endfacet
   facet normal 3.230196e-02 -1.227716e-01 9.919091e-01
      outer loop
         vertex 2.213987e+00 1.152661e+00 -4.486021e+00
         vertex 2.402894e+00 1.209940e+00 -4.485083e+00
         vertex 2.197088e+00 1.258131e+00 -4.472416e+00
      endloop
   endfacet
   facet normal 3.550513e-02 -1.094723e-01 9.933555e-01
      outer loop
         vertex 2.197088e+00 1.258131e+00 -4.472416e+00
         vertex 2.402894e+00 1.209940e+00 -4.485083e+00
         vertex 2.382840e+00 1.267029e+00 -4.478075e+00
      endloop
   endfacet
   facet normal 3.514172e-02 -1.013278e-01 9.942322e-01
      outer loop
         vertex 2.197088e+00 1.258131e+00 -4.472416e+00
         vertex 2.382840e+00 1.267029e+00 -4.478075e+00
         vertex 2.361498e+00 1.323083e+00 -4.471608e+00
      endloop
   endfacet
   facet normal 2.243096e-02 -1.379927e-01 9.901792e-01
      outer loop
         vertex 2.480944e+00 9.121938e-01 -4.526616e+00
         vertex 2.477978e+00 9.278407e-01 -4.524368e+00
         vertex 2.237190e+00 9.203097e-01 -4.519963e+00
      endloop
   endfacet
   facet normal 2.239765e-02 -1.368331e-01 9.903409e-01
      outer loop
         vertex 2.237190e+00 9.203097e-01 -4.519963e+00
         vertex 2.477978e+00 9.278407e-01 -4.524368e+00
         vertex 2.468582e+00 9.734729e-01 -4.517851e+00
      endloop
   endfacet
   facet normal 2.438304e-02 -1.454240e-01 9.890689e-01
      outer loop
         vertex 2.237190e+00 9.203097e-01 -4.519963e+00
         vertex 2.468582e+00 9.734729e-01 -4.517851e+00
         vertex 2.232261e+00 9.901790e-01 -4.509569e+00
      endloop
   endfacet
   facet normal 2.524436e-02 -1.340267e-01 9.906561e-01
      outer loop
         vertex 2.232261e+00 9.901790e-01 -4.509569e+00
         vertex 2.468582e+00 9.734729e-01 -4.517851e+00
         vertex 2.454484e+00 1.033825e+00 -4.509327e+00
      endloop
   endfacet
   facet normal 2.686708e-02 -1.422821e-01 9.894614e-01
      outer loop
         vertex 2.232261e+00 9.901790e-01 -4.509569e+00
         vertex 2.454484e+00 1.033825e+00 -4.509327e+00
         vertex 2.228124e+00 1.035291e+00 -4.502969e+00
      endloop
   endfacet
   facet normal 2.696517e-02 -1.328234e-01 9.907728e-01
      outer loop
         vertex 2.228124e+00 1.035291e+00 -4.502969e+00
         vertex 2.454484e+00 1.033825e+00 -4.509327e+00
         vertex 2.446446e+00 1.065108e+00 -4.504914e+00
      endloop
   endfacet
   facet normal 2.790821e-02 -1.397926e-01 9.897874e-01
      outer loop
         vertex 2.228124e+00 1.035291e+00 -4.502969e+00
         vertex 2.446446e+00 1.065108e+00 -4.504914e+00
         vertex 2.214674e+00 1.147766e+00 -4.486705e+00
      endloop
   endfacet
   facet normal 3.151867e-02 -1.299406e-01 9.910207e-01
      outer loop
         vertex 2.214674e+00 1.147766e+00 -4.486705e+00
         vertex 2.446446e+00 1.065108e+00 -4.504914e+00
         vertex 2.421565e+00 1.152001e+00 -4.492729e+00
      endloop
   endfacet
   facet normal 3.158435e-02 -1.339029e-01 9.904910e-01
      outer loop
         vertex 2.214674e+00 1.147766e+00 -4.486705e+00
         vertex 2.421565e+00 1.152001e+00 -4.492729e+00
         vertex 2.213987e+00 1.152661e+00 -4.486021e+00
      endloop
   endfacet
   facet normal 3.167731e-02 -1.212184e-01 9.921203e-01
      outer loop
         vertex 2.213987e+00 1.152661e+00 -4.486021e+00
         vertex 2.421565e+00 1.152001e+00 -4.492729e+00
         vertex 2.404699e+00 1.204556e+00 -4.485770e+00
      endloop
   endfacet
   facet normal 3.036068e-02 -1.163830e-01 9.927403e-01
      outer loop
         vertex 2.213987e+00 1.152661e+00 -4.486021e+00
         vertex 2.404699e+00 1.204556e+00 -4.485770e+00
         vertex 2.402894e+00 1.209940e+00 -4.485083e+00
      endloop
   endfacet
   facet normal 4.157868e-02 -1.860845e-02 9.989619e-01
      outer loop
         vertex 2.009961e+00 -1.376229e+00 -4.473757e+00
         vertex 2.010080e+00 -1.400061e+00 -4.474205e+00
         vertex 2.024519e+00 -1.399972e+00 -4.474805e+00
      endloop
   endfacet
   facet normal 8.013585e-02 5.129856e-03 9.967708e-01
      outer loop
         vertex 2.024519e+00 -1.399972e+00 -4.474805e+00
         vertex 2.024863e+00 -1.386527e+00 -4.474902e+00
         vertex 2.009961e+00 -1.376229e+00 -4.473757e+00
      endloop
   endfacet
   facet normal 1.751424e-02 -8.542263e-02 9.961909e-01
      outer loop
         vertex 2.009961e+00 -1.376229e+00 -4.473757e+00
         vertex 2.024863e+00 -1.386527e+00 -4.474902e+00
         vertex 2.009783e+00 -1.369119e+00 -4.473144e+00
      endloop
   endfacet
   facet normal 4.551136e-02 -6.126019e-02 9.970837e-01
      outer loop
         vertex 2.009783e+00 -1.369119e+00 -4.473144e+00
         vertex 2.024863e+00 -1.386527e+00 -4.474902e+00
         vertex 2.024033e+00 -1.369029e+00 -4.473789e+00
      endloop
   endfacet
   facet normal 4.563963e-02 -1.204626e-01 9.916682e-01
      outer loop
         vertex 2.009783e+00 -1.369119e+00 -4.473144e+00
         vertex 2.024033e+00 -1.369029e+00 -4.473789e+00
         vertex 2.009424e+00 -1.338246e+00 -4.469377e+00
      endloop
   endfacet
   facet normal 6.960740e-02 -1.090770e-01 9.915932e-01
      outer loop
         vertex 2.024033e+00 -1.369029e+00 -4.473789e+00
         vertex 2.023398e+00 -1.338151e+00 -4.470347e+00
         vertex 2.009424e+00 -1.338246e+00 -4.469377e+00
      endloop
   endfacet
   facet normal 6.958200e-02 -1.267553e-01 9.894905e-01
      outer loop
         vertex 2.009424e+00 -1.338246e+00 -4.469377e+00
         vertex 2.023398e+00 -1.338151e+00 -4.470347e+00
         vertex 2.023848e+00 -1.330179e+00 -4.469358e+00
      endloop
   endfacet
   facet normal 7.222615e-02 -1.314812e-01 9.886840e-01
      outer loop
         vertex 2.009424e+00 -1.338246e+00 -4.469377e+00
         vertex 2.023848e+00 -1.330179e+00 -4.469358e+00
         vertex 2.010870e+00 -1.309012e+00 -4.465595e+00
      endloop
   endfacet
   facet normal 8.033062e-02 -1.265161e-01 9.887066e-01
      outer loop
         vertex 2.010870e+00 -1.309012e+00 -4.465595e+00
         vertex 2.023848e+00 -1.330179e+00 -4.469358e+00
         vertex 2.028075e+00 -1.305024e+00 -4.466482e+00
      endloop
   endfacet
   facet normal 7.961455e-02 -1.233241e-01 9.891677e-01
      outer loop
         vertex 2.010870e+00 -1.309012e+00 -4.465595e+00
         vertex 2.028075e+00 -1.305024e+00 -4.466482e+00
         vertex 2.011440e+00 -1.303131e+00 -4.464908e+00
      endloop
   endfacet
   facet normal 7.957587e-02 -1.236343e-01 9.891321e-01
      outer loop
         vertex 2.011440e+00 -1.303131e+00 -4.464908e+00
         vertex 2.028075e+00 -1.305024e+00 -4.466482e+00
         vertex 2.035389e+00 -1.281361e+00 -4.464113e+00
      endloop
   endfacet
   facet normal 7.371593e-02 -1.172329e-01 9.903648e-01
      outer loop
         vertex 2.011440e+00 -1.303131e+00 -4.464908e+00
         vertex 2.035389e+00 -1.281361e+00 -4.464113e+00
         vertex 2.014165e+00 -1.281501e+00 -4.462550e+00
      endloop
   endfacet
   facet normal 5.411704e-02 -6.635235e-02 9.963276e-01
      outer loop
         vertex 2.044496e+00 -1.075160e+00 -4.446164e+00
         vertex 2.030146e+00 -1.176197e+00 -4.452114e+00
         vertex 2.074961e+00 -1.175739e+00 -4.454517e+00
      endloop
   endfacet
   facet normal 5.431973e-02 -1.022257e-01 9.932770e-01
      outer loop
         vertex 2.074961e+00 -1.175739e+00 -4.454517e+00
         vertex 2.030146e+00 -1.176197e+00 -4.452114e+00
         vertex 2.024311e+00 -1.215919e+00 -4.455883e+00
      endloop
   endfacet
   facet normal 7.372576e-02 -1.121506e-01 9.909525e-01
      outer loop
         vertex 2.014165e+00 -1.281501e+00 -4.462550e+00
         vertex 2.035389e+00 -1.281361e+00 -4.464113e+00
         vertex 2.024311e+00 -1.215919e+00 -4.455883e+00
      endloop
   endfacet
   facet normal 5.846382e-02 -1.148235e-01 9.916640e-01
      outer loop
         vertex 2.024311e+00 -1.215919e+00 -4.455883e+00
         vertex 2.035389e+00 -1.281361e+00 -4.464113e+00
         vertex 2.045263e+00 -1.255655e+00 -4.461719e+00
      endloop
   endfacet
   facet normal 6.261878e-02 -1.126324e-01 9.916617e-01
      outer loop
         vertex 2.024311e+00 -1.215919e+00 -4.455883e+00
         vertex 2.045263e+00 -1.255655e+00 -4.461719e+00
         vertex 2.074961e+00 -1.175739e+00 -4.454517e+00
      endloop
   endfacet
   facet normal 3.558169e-02 2.583909e-02 9.990327e-01
      outer loop
         vertex 2.156344e+00 -9.486252e-01 -4.448821e+00
         vertex 2.187759e+00 -8.547304e-01 -4.452368e+00
         vertex 2.071035e+00 -8.601373e-01 -4.448071e+00
      endloop
   endfacet
   facet normal 3.364360e-02 6.625061e-02 9.972357e-01
      outer loop
         vertex 2.071035e+00 -8.601373e-01 -4.448071e+00
         vertex 2.187759e+00 -8.547304e-01 -4.452368e+00
         vertex 2.080307e+00 -7.682500e-01 -4.454488e+00
      endloop
   endfacet
   facet normal 4.311696e-02 3.310799e-02 9.985213e-01
      outer loop
         vertex 2.071035e+00 -8.601373e-01 -4.448071e+00
         vertex 2.063237e+00 -9.292335e-01 -4.445443e+00
         vertex 2.156344e+00 -9.486252e-01 -4.448821e+00
      endloop
   endfacet
   facet normal 3.873167e-02 1.193814e-02 9.991783e-01
      outer loop
         vertex 2.156344e+00 -9.486252e-01 -4.448821e+00
         vertex 2.063237e+00 -9.292335e-01 -4.445443e+00
         vertex 2.058785e+00 -9.659613e-01 -4.444832e+00
      endloop
   endfacet
   facet normal 4.410189e-02 -1.835640e-02 9.988584e-01
      outer loop
         vertex 2.156344e+00 -9.486252e-01 -4.448821e+00
         vertex 2.058785e+00 -9.659613e-01 -4.444832e+00
         vertex 2.113547e+00 -1.069715e+00 -4.449157e+00
      endloop
   endfacet
   facet normal 4.470699e-02 -1.803614e-02 9.988373e-01
      outer loop
         vertex 2.113547e+00 -1.069715e+00 -4.449157e+00
         vertex 2.058785e+00 -9.659613e-01 -4.444832e+00
         vertex 2.044496e+00 -1.075160e+00 -4.446164e+00
      endloop
   endfacet
   facet normal 4.709560e-02 -4.896216e-02 9.976897e-01
      outer loop
         vertex 2.113547e+00 -1.069715e+00 -4.449157e+00
         vertex 2.044496e+00 -1.075160e+00 -4.446164e+00
         vertex 2.101752e+00 -1.102031e+00 -4.450186e+00
      endloop
   endfacet
   facet normal 3.632240e-02 -7.177807e-02 9.967590e-01
      outer loop
         vertex 2.101752e+00 -1.102031e+00 -4.450186e+00
         vertex 2.044496e+00 -1.075160e+00 -4.446164e+00
         vertex 2.074961e+00 -1.175739e+00 -4.454517e+00
      endloop
   endfacet
   facet normal 2.848452e-02 5.985429e-02 9.978006e-01
      outer loop
         vertex 2.187759e+00 -8.547304e-01 -4.452368e+00
         vertex 2.210236e+00 -7.848644e-01 -4.457201e+00
         vertex 2.080307e+00 -7.682500e-01 -4.454488e+00
      endloop
   endfacet
   facet normal 3.085580e-02 7.862254e-02 9.964268e-01
      outer loop
         vertex 2.080307e+00 -7.682500e-01 -4.454488e+00
         vertex 2.210236e+00 -7.848644e-01 -4.457201e+00
         vertex 2.222193e+00 -7.476796e-01 -4.460505e+00
      endloop
   endfacet
   facet normal 2.706937e-02 1.040882e-01 9.941996e-01
      outer loop
         vertex 2.080307e+00 -7.682500e-01 -4.454488e+00
         vertex 2.222193e+00 -7.476796e-01 -4.460505e+00
         vertex 2.092785e+00 -6.492170e-01 -4.467290e+00
      endloop
   endfacet
   facet normal 2.927294e-02 1.069590e-01 9.938324e-01
      outer loop
         vertex 2.092785e+00 -6.492170e-01 -4.467290e+00
         vertex 2.222193e+00 -7.476796e-01 -4.460505e+00
         vertex 2.261465e+00 -6.273952e-01 -4.474607e+00
      endloop
   endfacet
   facet normal 2.591725e-02 1.319221e-01 9.909212e-01
      outer loop
         vertex 2.092785e+00 -6.492170e-01 -4.467290e+00
         vertex 2.261465e+00 -6.273952e-01 -4.474607e+00
         vertex 2.096952e+00 -6.099652e-01 -4.472625e+00
      endloop
   endfacet
   facet normal 2.763429e-02 1.483991e-01 9.885414e-01
      outer loop
         vertex 2.096952e+00 -6.099652e-01 -4.472625e+00
         vertex 2.261465e+00 -6.273952e-01 -4.474607e+00
         vertex 2.104020e+00 -5.429487e-01 -4.482883e+00
      endloop
   endfacet
   facet normal 4.286738e-02 -2.084390e-02 9.988633e-01
      outer loop
         vertex 2.024453e+00 2.101796e+00 -4.474807e+00
         vertex 2.010044e+00 2.100860e+00 -4.474208e+00
         vertex 2.024962e+00 2.098292e+00 -4.474902e+00
      endloop
   endfacet
   facet normal 4.936126e-02 1.692959e-02 9.986375e-01
      outer loop
         vertex 2.024962e+00 2.098292e+00 -4.474902e+00
         vertex 2.010044e+00 2.100860e+00 -4.474208e+00
         vertex 2.011290e+00 2.084152e+00 -4.473986e+00
      endloop
   endfacet
   facet normal 2.564243e-02 3.987994e-02 9.988754e-01
      outer loop
         vertex 2.024962e+00 2.098292e+00 -4.474902e+00
         vertex 2.011290e+00 2.084152e+00 -4.473986e+00
         vertex 2.026019e+00 2.080047e+00 -4.474200e+00
      endloop
   endfacet
   facet normal 3.956013e-02 9.000921e-02 9.951549e-01
      outer loop
         vertex 2.026019e+00 2.080047e+00 -4.474200e+00
         vertex 2.011290e+00 2.084152e+00 -4.473986e+00
         vertex 2.011960e+00 2.069993e+00 -4.472732e+00
      endloop
   endfacet
   facet normal 1.980744e-02 1.173013e-01 9.928988e-01
      outer loop
         vertex 2.026019e+00 2.080047e+00 -4.474200e+00
         vertex 2.011960e+00 2.069993e+00 -4.472732e+00
         vertex 2.027740e+00 2.040116e+00 -4.469517e+00
      endloop
   endfacet
   facet normal 6.116913e-02 1.386689e-01 9.884479e-01
      outer loop
         vertex 2.027740e+00 2.040116e+00 -4.469517e+00
         vertex 2.011960e+00 2.069993e+00 -4.472732e+00
         vertex 2.013898e+00 2.038063e+00 -4.468373e+00
      endloop
   endfacet
   facet normal 6.019690e-02 1.447699e-01 9.876325e-01
      outer loop
         vertex 2.027740e+00 2.040116e+00 -4.469517e+00
         vertex 2.013898e+00 2.038063e+00 -4.468373e+00
         vertex 2.028669e+00 2.032785e+00 -4.468499e+00
      endloop
   endfacet
   facet normal 5.957299e-02 1.430167e-01 9.879257e-01
      outer loop
         vertex 2.028669e+00 2.032785e+00 -4.468499e+00
         vertex 2.013898e+00 2.038063e+00 -4.468373e+00
         vertex 2.034262e+00 2.009013e+00 -4.465395e+00
      endloop
   endfacet
   facet normal 2.101277e-02 -3.875716e-02 9.990277e-01
      outer loop
         vertex 2.225034e+00 4.444938e-01 -4.580642e+00
         vertex 2.218298e+00 3.840068e-01 -4.582847e+00
         vertex 2.504075e+00 3.460904e-01 -4.590328e+00
      endloop
   endfacet
   facet normal 2.292936e-02 -2.439304e-02 9.994395e-01
      outer loop
         vertex 2.504075e+00 3.460904e-01 -4.590328e+00
         vertex 2.218298e+00 3.840068e-01 -4.582847e+00
         vertex 2.217882e+00 3.806587e-01 -4.582919e+00
      endloop
   endfacet
   facet normal 2.417080e-02 -1.415106e-02 9.996077e-01
      outer loop
         vertex 2.504075e+00 3.460904e-01 -4.590328e+00
         vertex 2.217882e+00 3.806587e-01 -4.582919e+00
         vertex 2.498184e+00 2.983329e-01 -4.590862e+00
      endloop
   endfacet
   facet normal 2.507930e-02 -1.105943e-02 9.996243e-01
      outer loop
         vertex 2.498184e+00 2.983329e-01 -4.590862e+00
         vertex 2.217882e+00 3.806587e-01 -4.582919e+00
         vertex 2.210205e+00 3.242745e-01 -4.583350e+00
      endloop
   endfacet
   facet normal 2.664229e-02 6.291164e-03 9.996252e-01
      outer loop
         vertex 2.498184e+00 2.983329e-01 -4.590862e+00
         vertex 2.210205e+00 3.242745e-01 -4.583350e+00
         vertex 2.487752e+00 2.297523e-01 -4.590152e+00
      endloop
   endfacet
   facet normal 2.778879e-02 9.661844e-03 9.995671e-01
      outer loop
         vertex 2.487752e+00 2.297523e-01 -4.590152e+00
         vertex 2.210205e+00 3.242745e-01 -4.583350e+00
         vertex 2.199153e+00 2.475212e-01 -4.582301e+00
      endloop
   endfacet
   facet normal 2.530930e-02 1.441322e-01 9.892347e-01
      outer loop
         vertex 2.261465e+00 -6.273952e-01 -4.474607e+00
         vertex 2.290089e+00 -5.370461e-01 -4.488504e+00
         vertex 2.104020e+00 -5.429487e-01 -4.482883e+00
      endloop
   endfacet
   facet normal 2.441106e-02 1.687541e-01 9.853558e-01
      outer loop
         vertex 2.104020e+00 -5.429487e-01 -4.482883e+00
         vertex 2.290089e+00 -5.370461e-01 -4.488504e+00
         vertex 2.307056e+00 -4.818740e-01 -4.498373e+00
      endloop
   endfacet
   facet normal 2.244654e-02 1.750195e-01 9.843091e-01
      outer loop
         vertex 2.104020e+00 -5.429487e-01 -4.482883e+00
         vertex 2.307056e+00 -4.818740e-01 -4.498373e+00
         vertex 2.112500e+00 -4.619737e-01 -4.497475e+00
      endloop
   endfacet
   facet normal 2.452888e-02 1.955546e-01 9.803860e-01
      outer loop
         vertex 2.112500e+00 -4.619737e-01 -4.497475e+00
         vertex 2.307056e+00 -4.818740e-01 -4.498373e+00
         vertex 2.322407e+00 -4.313753e-01 -4.508830e+00
      endloop
   endfacet
   facet normal 2.331632e-02 2.032987e-01 9.788391e-01
      outer loop
         vertex 2.112500e+00 -4.619737e-01 -4.497475e+00
         vertex 2.322407e+00 -4.313753e-01 -4.508830e+00
         vertex 2.126577e+00 -3.314256e-01 -4.524924e+00
      endloop
   endfacet
   facet normal 2.582605e-02 2.080452e-01 9.777782e-01
      outer loop
         vertex 2.126577e+00 -3.314256e-01 -4.524924e+00
         vertex 2.322407e+00 -4.313753e-01 -4.508830e+00
         vertex 2.353342e+00 -3.298706e-01 -4.531244e+00
      endloop
   endfacet
   facet normal 2.617678e-02 1.796667e-01 9.833792e-01
      outer loop
         vertex 2.126577e+00 -3.314256e-01 -4.524924e+00
         vertex 2.353342e+00 -3.298706e-01 -4.531244e+00
         vertex 2.129317e+00 -3.077954e-01 -4.529314e+00
      endloop
   endfacet
   facet normal 2.656125e-02 1.836334e-01 9.826359e-01
      outer loop
         vertex 2.129317e+00 -3.077954e-01 -4.529314e+00
         vertex 2.353342e+00 -3.298706e-01 -4.531244e+00
         vertex 2.364035e+00 -2.948352e-01 -4.538081e+00
      endloop
   endfacet
   facet normal 2.788246e-02 1.622243e-01 9.863599e-01
      outer loop
         vertex 2.129317e+00 -3.077954e-01 -4.529314e+00
         vertex 2.364035e+00 -2.948352e-01 -4.538081e+00
         vertex 2.138897e+00 -2.267418e-01 -4.542916e+00
      endloop
   endfacet
   facet normal 2.911250e-02 1.662411e-01 9.856553e-01
      outer loop
         vertex 2.138897e+00 -2.267418e-01 -4.542916e+00
         vertex 2.364035e+00 -2.948352e-01 -4.538081e+00
         vertex 2.383193e+00 -2.299951e-01 -4.549582e+00
      endloop
   endfacet
   facet normal 2.881605e-02 1.338965e-01 9.905763e-01
      outer loop
         vertex 2.138897e+00 -2.267418e-01 -4.542916e+00
         vertex 2.383193e+00 -2.299951e-01 -4.549582e+00
         vertex 2.151283e+00 -1.238009e-01 -4.557190e+00
      endloop
   endfacet
   facet normal 3.106111e-02 1.387466e-01 9.898407e-01
      outer loop
         vertex 2.151283e+00 -1.238009e-01 -4.557190e+00
         vertex 2.383193e+00 -2.299951e-01 -4.549582e+00
         vertex 2.410269e+00 -1.317060e-01 -4.564209e+00
      endloop
   endfacet
   facet normal 2.990618e-02 9.642455e-02 9.948909e-01
      outer loop
         vertex 2.151283e+00 -1.238009e-01 -4.557190e+00
         vertex 2.410269e+00 -1.317060e-01 -4.564209e+00
         vertex 2.165103e+00 -1.059072e-02 -4.568578e+00
      endloop
   endfacet
   facet normal 3.203979e-02 1.007257e-01 9.943982e-01
      outer loop
         vertex 2.165103e+00 -1.059072e-02 -4.568578e+00
         vertex 2.410269e+00 -1.317060e-01 -4.564209e+00
         vertex 2.436612e+00 -2.597010e-02 -4.575768e+00
      endloop
   endfacet
   facet normal 3.048337e-02 7.206297e-02 9.969341e-01
      outer loop
         vertex 2.165103e+00 -1.059072e-02 -4.568578e+00
         vertex 2.436612e+00 -2.597010e-02 -4.575768e+00
         vertex 2.173990e+00 5.948906e-02 -4.573916e+00
      endloop
   endfacet
   facet normal 3.233520e-02 7.776434e-02 9.964473e-01
      outer loop
         vertex 2.173990e+00 5.948906e-02 -4.573916e+00
         vertex 2.436612e+00 -2.597010e-02 -4.575768e+00
         vertex 2.448885e+00 2.740165e-02 -4.580332e+00
      endloop
   endfacet
   facet normal 3.022650e-02 5.943350e-02 9.977745e-01
      outer loop
         vertex 2.173990e+00 5.948906e-02 -4.573916e+00
         vertex 2.448885e+00 2.740165e-02 -4.580332e+00
         vertex 2.179206e+00 9.937907e-02 -4.576450e+00
      endloop
   endfacet
   facet normal 3.166621e-02 6.484829e-02 9.973926e-01
      outer loop
         vertex 2.179206e+00 9.937907e-02 -4.576450e+00
         vertex 2.448885e+00 2.740165e-02 -4.580332e+00
         vertex 2.459354e+00 7.571152e-02 -4.583805e+00
      endloop
   endfacet
   facet normal 2.961585e-02 4.015538e-02 9.987544e-01
      outer loop
         vertex 2.179206e+00 9.937907e-02 -4.576450e+00
         vertex 2.459354e+00 7.571152e-02 -4.583805e+00
         vertex 2.194070e+00 2.103987e-01 -4.581354e+00
      endloop
   endfacet
   facet normal 3.100061e-02 4.288567e-02 9.985989e-01
      outer loop
         vertex 2.194070e+00 2.103987e-01 -4.581354e+00
         vertex 2.459354e+00 7.571152e-02 -4.583805e+00
         vertex 2.479071e+00 1.780319e-01 -4.588812e+00
      endloop
   endfacet
   facet normal 2.859961e-02 2.156912e-02 9.993582e-01
      outer loop
         vertex 2.194070e+00 2.103987e-01 -4.581354e+00
         vertex 2.479071e+00 1.780319e-01 -4.588812e+00
         vertex 2.199153e+00 2.475212e-01 -4.582301e+00
      endloop
   endfacet
   facet normal 2.990061e-02 2.682534e-02 9.991929e-01
      outer loop
         vertex 2.199153e+00 2.475212e-01 -4.582301e+00
         vertex 2.479071e+00 1.780319e-01 -4.588812e+00
         vertex 2.480436e+00 1.858766e-01 -4.589063e+00
      endloop
   endfacet
   facet normal 2.842489e-02 2.006954e-02 9.993944e-01
      outer loop
         vertex 2.199153e+00 2.475212e-01 -4.582301e+00
         vertex 2.480436e+00 1.858766e-01 -4.589063e+00
         vertex 2.487752e+00 2.297523e-01 -4.590152e+00
      endloop
   endfacet
   facet normal 5.355815e-03 -9.997860e-01 -1.997983e-02
      outer loop
         vertex 1.937501e+00 -1.400337e+00 -4.480000e+00
         vertex 1.940358e+00 -1.400290e+00 -4.481553e+00
         vertex 1.940359e+00 -1.400352e+00 -4.478448e+00
      endloop
   endfacet
   facet normal 5.377917e-03 -9.997859e-01 -1.997983e-02
      outer loop
         vertex 1.940359e+00 -1.400352e+00 -4.478448e+00
         vertex 1.940358e+00 -1.400290e+00 -4.481553e+00
         vertex 1.948531e+00 -1.400217e+00 -4.482999e+00
      endloop
   endfacet
   facet normal 5.385636e-03 -9.997862e-01 -1.996598e-02
      outer loop
         vertex 1.940359e+00 -1.400352e+00 -4.478448e+00
         vertex 1.948531e+00 -1.400217e+00 -4.482999e+00
         vertex 1.948532e+00 -1.400337e+00 -4.477001e+00
      endloop
   endfacet
   facet normal 5.396652e-03 -9.997858e-01 -1.997963e-02
      outer loop
         vertex 2.062499e+00 -1.399663e+00 -4.480000e+00
         vertex 2.059642e+00 -1.399710e+00 -4.478448e+00
         vertex 2.059641e+00 -1.399648e+00 -4.481553e+00
      endloop
   endfacet
   facet normal 5.378029e-03 -9.997859e-01 -1.997963e-02
      outer loop
         vertex 2.059641e+00 -1.399648e+00 -4.481553e+00
         vertex 2.059642e+00 -1.399710e+00 -4.478448e+00
         vertex 2.051469e+00 -1.399783e+00 -4.477001e+00
      endloop
   endfacet
   facet normal 5.384679e-03 -9.997862e-01 -1.996598e-02
      outer loop
         vertex 1.948532e+00 -1.400337e+00 -4.477001e+00
         vertex 1.948531e+00 -1.400217e+00 -4.482999e+00
         vertex 1.960855e+00 -1.400296e+00 -4.475758e+00
      endloop
   endfacet
   facet normal 5.382835e-03 -9.997862e-01 -1.996284e-02
      outer loop
         vertex 1.960855e+00 -1.400296e+00 -4.475758e+00
         vertex 1.948531e+00 -1.400217e+00 -4.482999e+00
         vertex 1.960854e+00 -1.400126e+00 -4.484242e+00
      endloop
   endfacet
   facet normal 5.383499e-03 -9.997862e-01 -1.996284e-02
      outer loop
         vertex 1.960855e+00 -1.400296e+00 -4.475758e+00
         vertex 1.960854e+00 -1.400126e+00 -4.484242e+00
         vertex 1.975483e+00 -1.400236e+00 -4.474805e+00
      endloop
   endfacet
   facet normal 5.390282e-03 -9.997860e-01 -1.997335e-02
      outer loop
         vertex 1.975483e+00 -1.400236e+00 -4.474805e+00
         vertex 1.960854e+00 -1.400126e+00 -4.484242e+00
         vertex 1.975482e+00 -1.400028e+00 -4.485195e+00
      endloop
   endfacet
   facet normal 5.383390e-03 -9.997860e-01 -1.997335e-02
      outer loop
         vertex 1.975483e+00 -1.400236e+00 -4.474805e+00
         vertex 1.975482e+00 -1.400028e+00 -4.485195e+00
         vertex 1.989922e+00 -1.400170e+00 -4.474205e+00
      endloop
   endfacet
   facet normal 5.378202e-03 -9.997862e-01 -1.996654e-02
      outer loop
         vertex 1.989922e+00 -1.400170e+00 -4.474205e+00
         vertex 1.975482e+00 -1.400028e+00 -4.485195e+00
         vertex 1.989920e+00 -1.399939e+00 -4.485794e+00
      endloop
   endfacet
   facet normal 5.393620e-03 -9.997861e-01 -1.996654e-02
      outer loop
         vertex 1.989922e+00 -1.400170e+00 -4.474205e+00
         vertex 1.989920e+00 -1.399939e+00 -4.485794e+00
         vertex 2.000001e+00 -1.400120e+00 -4.474001e+00
      endloop
   endfacet
   facet normal 5.392060e-03 -9.997861e-01 -1.996520e-02
      outer loop
         vertex 2.000001e+00 -1.400120e+00 -4.474001e+00
         vertex 1.989920e+00 -1.399939e+00 -4.485794e+00
         vertex 1.999999e+00 -1.399880e+00 -4.485999e+00
      endloop
   endfacet
   facet normal 5.380512e-03 -9.997862e-01 -1.996520e-02
      outer loop
         vertex 2.000001e+00 -1.400120e+00 -4.474001e+00
         vertex 1.999999e+00 -1.399880e+00 -4.485999e+00
         vertex 2.010080e+00 -1.400061e+00 -4.474205e+00
      endloop
   endfacet
   facet normal 5.382073e-03 -9.997862e-01 -1.996654e-02
      outer loop
         vertex 2.010080e+00 -1.400061e+00 -4.474205e+00
         vertex 1.999999e+00 -1.399880e+00 -4.485999e+00
         vertex 2.010078e+00 -1.399830e+00 -4.485794e+00
      endloop
   endfacet
   facet normal 5.386176e-03 -9.997861e-01 -1.996654e-02
      outer loop
         vertex 2.010080e+00 -1.400061e+00 -4.474205e+00
         vertex 2.010078e+00 -1.399830e+00 -4.485794e+00
         vertex 2.024519e+00 -1.399972e+00 -4.474805e+00
      endloop
   endfacet
   facet normal 5.382932e-03 -9.997862e-01 -1.996227e-02
      outer loop
         vertex 2.024519e+00 -1.399972e+00 -4.474805e+00
         vertex 2.010078e+00 -1.399830e+00 -4.485794e+00
         vertex 2.024517e+00 -1.399764e+00 -4.485195e+00
      endloop
   endfacet
   facet normal 5.382499e-03 -9.997862e-01 -1.996227e-02
      outer loop
         vertex 2.024519e+00 -1.399972e+00 -4.474805e+00
         vertex 2.024517e+00 -1.399764e+00 -4.485195e+00
         vertex 2.039146e+00 -1.399874e+00 -4.475758e+00
      endloop
   endfacet
   facet normal 5.382864e-03 -9.997862e-01 -1.996284e-02
      outer loop
         vertex 2.039146e+00 -1.399874e+00 -4.475758e+00
         vertex 2.024517e+00 -1.399764e+00 -4.485195e+00
         vertex 2.039145e+00 -1.399704e+00 -4.484242e+00
      endloop
   endfacet
   facet normal 5.382784e-03 -9.997862e-01 -1.996284e-02
      outer loop
         vertex 2.039146e+00 -1.399874e+00 -4.475758e+00
         vertex 2.039145e+00 -1.399704e+00 -4.484242e+00
         vertex 2.051469e+00 -1.399783e+00 -4.477001e+00
      endloop
   endfacet
   facet normal 5.384689e-03 -9.997862e-01 -1.996608e-02
      outer loop
         vertex 2.051469e+00 -1.399783e+00 -4.477001e+00
         vertex 2.039145e+00 -1.399704e+00 -4.484242e+00
         vertex 2.051468e+00 -1.399663e+00 -4.482999e+00
      endloop
   endfacet
   facet normal 5.385578e-03 -9.997862e-01 -1.996608e-02
      outer loop
         vertex 2.051469e+00 -1.399783e+00 -4.477001e+00
         vertex 2.051468e+00 -1.399663e+00 -4.482999e+00
         vertex 2.059641e+00 -1.399648e+00 -4.481553e+00
      endloop
   endfacet
   facet normal 7.381094e-03 -7.771125e-02 9.969486e-01
      outer loop
         vertex 2.026604e+00 4.711556e-01 -4.577995e+00
         vertex 2.231120e+00 5.117523e-01 -4.576345e+00
         vertex 2.039890e+00 5.854559e-01 -4.569184e+00
      endloop
   endfacet
   facet normal 3.459051e-03 -8.780791e-02 9.961314e-01
      outer loop
         vertex 2.039890e+00 5.854559e-01 -4.569184e+00
         vertex 2.231120e+00 5.117523e-01 -4.576345e+00
         vertex 2.234940e+00 5.648034e-01 -4.571682e+00
      endloop
   endfacet
   facet normal 1.174495e-03 -1.091295e-01 9.940268e-01
      outer loop
         vertex 2.039890e+00 5.854559e-01 -4.569184e+00
         vertex 2.234940e+00 5.648034e-01 -4.571682e+00
         vertex 2.044172e+00 6.260938e-01 -4.564728e+00
      endloop
   endfacet
   facet normal -1.488680e-03 -1.173128e-01 9.930939e-01
      outer loop
         vertex 2.044172e+00 6.260938e-01 -4.564728e+00
         vertex 2.234940e+00 5.648034e-01 -4.571682e+00
         vertex 2.239391e+00 6.557594e-01 -4.560931e+00
      endloop
   endfacet
   facet normal 1.764447e-03 -1.383729e-01 9.903786e-01
      outer loop
         vertex 2.044172e+00 6.260938e-01 -4.564728e+00
         vertex 2.239391e+00 6.557594e-01 -4.560931e+00
         vertex 2.051439e+00 7.000065e-01 -4.554414e+00
      endloop
   endfacet
   facet normal -1.869249e-04 -1.464901e-01 9.892121e-01
      outer loop
         vertex 2.051439e+00 7.000065e-01 -4.554414e+00
         vertex 2.239391e+00 6.557594e-01 -4.560931e+00
         vertex 2.240289e+00 6.833670e-01 -4.556842e+00
      endloop
   endfacet
   facet normal -1.908551e-03 -1.655890e-01 9.861930e-01
      outer loop
         vertex 2.051439e+00 7.000065e-01 -4.554414e+00
         vertex 2.240289e+00 6.833670e-01 -4.556842e+00
         vertex 2.058290e+00 7.785152e-01 -4.541218e+00
      endloop
   endfacet
   facet normal 1.429438e-03 -1.593724e-01 9.872175e-01
      outer loop
         vertex 2.058290e+00 7.785152e-01 -4.541218e+00
         vertex 2.240289e+00 6.833670e-01 -4.556842e+00
         vertex 2.241461e+00 7.427202e-01 -4.547262e+00
      endloop
   endfacet
   facet normal 9.617575e-04 -1.617017e-01 9.868392e-01
      outer loop
         vertex 2.058290e+00 7.785152e-01 -4.541218e+00
         vertex 2.241461e+00 7.427202e-01 -4.547262e+00
         vertex 2.060877e+00 8.137809e-01 -4.535442e+00
      endloop
   endfacet
   facet normal 2.005520e-02 -1.108286e-01 9.936372e-01
      outer loop
         vertex 2.067410e+00 1.252245e+00 -4.470486e+00
         vertex 2.185161e+00 1.320667e+00 -4.465231e+00
         vertex 2.061935e+00 1.353552e+00 -4.459076e+00
      endloop
   endfacet
   facet normal 2.289989e-02 -1.003657e-01 9.946870e-01
      outer loop
         vertex 2.061935e+00 1.353552e+00 -4.459076e+00
         vertex 2.185161e+00 1.320667e+00 -4.465231e+00
         vertex 2.175678e+00 1.366005e+00 -4.460438e+00
      endloop
   endfacet
   facet normal 2.186277e-02 -9.078990e-02 9.956301e-01
      outer loop
         vertex 2.061935e+00 1.353552e+00 -4.459076e+00
         vertex 2.175678e+00 1.366005e+00 -4.460438e+00
         vertex 2.053131e+00 1.461826e+00 -4.449009e+00
      endloop
   endfacet
   facet normal 2.075100e-02 7.802595e-02 9.967353e-01
      outer loop
         vertex 2.067652e+00 1.787444e+00 -4.442321e+00
         vertex 2.045921e+00 1.879561e+00 -4.449079e+00
         vertex 2.014708e+00 1.877392e+00 -4.448260e+00
      endloop
   endfacet
   facet normal 1.821308e-02 1.132913e-01 9.933949e-01
      outer loop
         vertex 2.014708e+00 1.877392e+00 -4.448260e+00
         vertex 2.045921e+00 1.879561e+00 -4.449079e+00
         vertex 2.038131e+00 1.914728e+00 -4.452947e+00
      endloop
   endfacet
   facet normal 1.428001e-02 1.157315e-01 9.931779e-01
      outer loop
         vertex 2.014708e+00 1.877392e+00 -4.448260e+00
         vertex 2.038131e+00 1.914728e+00 -4.452947e+00
         vertex 2.008990e+00 1.964579e+00 -4.458337e+00
      endloop
   endfacet
   facet normal 2.502408e-02 1.219093e-01 9.922257e-01
      outer loop
         vertex 2.008990e+00 1.964579e+00 -4.458337e+00
         vertex 2.038131e+00 1.914728e+00 -4.452947e+00
         vertex 2.023003e+00 1.981233e+00 -4.460737e+00
      endloop
   endfacet
   facet normal 2.148957e-02 1.248427e-01 9.919438e-01
      outer loop
         vertex 2.008990e+00 1.964579e+00 -4.458337e+00
         vertex 2.023003e+00 1.981233e+00 -4.460737e+00
         vertex 2.006009e+00 2.009480e+00 -4.463924e+00
      endloop
   endfacet
   facet normal 3.046320e-02 1.301378e-01 9.910278e-01
      outer loop
         vertex 2.006009e+00 2.009480e+00 -4.463924e+00
         vertex 2.023003e+00 1.981233e+00 -4.460737e+00
         vertex 2.017338e+00 2.010215e+00 -4.464368e+00
      endloop
   endfacet
   facet normal 2.962006e-02 1.421563e-01 9.894010e-01
      outer loop
         vertex 2.006009e+00 2.009480e+00 -4.463924e+00
         vertex 2.017338e+00 2.010215e+00 -4.464368e+00
         vertex 2.005110e+00 2.022985e+00 -4.465837e+00
      endloop
   endfacet
   facet normal 3.411042e-02 1.463690e-01 9.886418e-01
      outer loop
         vertex 2.005110e+00 2.022985e+00 -4.465837e+00
         vertex 2.017338e+00 2.010215e+00 -4.464368e+00
         vertex 2.013898e+00 2.038063e+00 -4.468373e+00
      endloop
   endfacet
   facet normal 3.994011e-02 1.430166e-01 9.889141e-01
      outer loop
         vertex 2.005110e+00 2.022985e+00 -4.465837e+00
         vertex 2.013898e+00 2.038063e+00 -4.468373e+00
         vertex 2.001845e+00 2.072176e+00 -4.472819e+00
      endloop
   endfacet
   facet normal 3.515200e-02 8.642995e-02 9.956376e-01
      outer loop
         vertex 2.014708e+00 1.877392e+00 -4.448260e+00
         vertex 2.019146e+00 1.815814e+00 -4.443071e+00
         vertex 2.067652e+00 1.787444e+00 -4.442321e+00
      endloop
   endfacet
   facet normal 1.641595e-02 5.446789e-02 9.983806e-01
      outer loop
         vertex 2.067652e+00 1.787444e+00 -4.442321e+00
         vertex 2.019146e+00 1.815814e+00 -4.443071e+00
         vertex 2.022504e+00 1.773388e+00 -4.440811e+00
      endloop
   endfacet
   facet normal 2.496574e-02 2.710663e-02 9.993207e-01
      outer loop
         vertex 2.067652e+00 1.787444e+00 -4.442321e+00
         vertex 2.022504e+00 1.773388e+00 -4.440811e+00
         vertex 2.095991e+00 1.675611e+00 -4.439995e+00
      endloop
   endfacet
   facet normal 1.766709e-02 2.162355e-02 9.996101e-01
      outer loop
         vertex 2.095991e+00 1.675611e+00 -4.439995e+00
         vertex 2.022504e+00 1.773388e+00 -4.440811e+00
         vertex 2.031582e+00 1.669230e+00 -4.438719e+00
      endloop
   endfacet
   facet normal 2.058883e-02 -7.841318e-03 9.997573e-01
      outer loop
         vertex 2.095991e+00 1.675611e+00 -4.439995e+00
         vertex 2.031582e+00 1.669230e+00 -4.438719e+00
         vertex 2.105793e+00 1.638057e+00 -4.440492e+00
      endloop
   endfacet
   facet normal 1.326831e-02 -2.525910e-02 9.995929e-01
      outer loop
         vertex 2.105793e+00 1.638057e+00 -4.440492e+00
         vertex 2.031582e+00 1.669230e+00 -4.438719e+00
         vertex 2.041779e+00 1.565641e+00 -4.441472e+00
      endloop
   endfacet
   facet normal 2.151363e-02 -3.254290e-02 9.992388e-01
      outer loop
         vertex 2.105793e+00 1.638057e+00 -4.440492e+00
         vertex 2.041779e+00 1.565641e+00 -4.441472e+00
         vertex 2.122889e+00 1.574251e+00 -4.442938e+00
      endloop
   endfacet
   facet normal 2.420835e-02 -5.813758e-02 9.980150e-01
      outer loop
         vertex 2.122889e+00 1.574251e+00 -4.442938e+00
         vertex 2.041779e+00 1.565641e+00 -4.441472e+00
         vertex 2.045769e+00 1.529572e+00 -4.443670e+00
      endloop
   endfacet
   facet normal 2.856495e-02 -6.564798e-02 9.974339e-01
      outer loop
         vertex 2.122889e+00 1.574251e+00 -4.442938e+00
         vertex 2.045769e+00 1.529572e+00 -4.443670e+00
         vertex 2.147878e+00 1.482881e+00 -4.449667e+00
      endloop
   endfacet
   facet normal 2.380339e-02 -7.598290e-02 9.968250e-01
      outer loop
         vertex 2.147878e+00 1.482881e+00 -4.449667e+00
         vertex 2.045769e+00 1.529572e+00 -4.443670e+00
         vertex 2.053131e+00 1.461826e+00 -4.449009e+00
      endloop
   endfacet
   facet normal 2.459079e-02 -7.953529e-02 9.965287e-01
      outer loop
         vertex 2.147878e+00 1.482881e+00 -4.449667e+00
         vertex 2.053131e+00 1.461826e+00 -4.449009e+00
         vertex 2.150837e+00 1.471538e+00 -4.450645e+00
      endloop
   endfacet
   facet normal 2.527003e-02 -8.646855e-02 9.959340e-01
      outer loop
         vertex 2.150837e+00 1.471538e+00 -4.450645e+00
         vertex 2.053131e+00 1.461826e+00 -4.449009e+00
         vertex 2.175678e+00 1.366005e+00 -4.460438e+00
      endloop
   endfacet
   facet normal 2.887885e-03 -1.569343e-01 9.876048e-01
      outer loop
         vertex 2.241461e+00 7.427202e-01 -4.547262e+00
         vertex 2.241362e+00 8.022946e-01 -4.537795e+00
         vertex 2.060877e+00 8.137809e-01 -4.535442e+00
      endloop
   endfacet
   facet normal 3.272202e-03 -1.510822e-01 9.885158e-01
      outer loop
         vertex 2.060877e+00 8.137809e-01 -4.535442e+00
         vertex 2.241362e+00 8.022946e-01 -4.537795e+00
         vertex 2.241018e+00 8.225330e-01 -4.534701e+00
      endloop
   endfacet
   facet normal 3.507190e-03 -1.558560e-01 9.877736e-01
      outer loop
         vertex 2.060877e+00 8.137809e-01 -4.535442e+00
         vertex 2.241018e+00 8.225330e-01 -4.534701e+00
         vertex 2.067055e+00 9.264034e-01 -4.517694e+00
      endloop
   endfacet
   facet normal 7.861353e-03 -1.487391e-01 9.888452e-01
      outer loop
         vertex 2.067055e+00 9.264034e-01 -4.517694e+00
         vertex 2.241018e+00 8.225330e-01 -4.534701e+00
         vertex 2.237190e+00 9.203097e-01 -4.519963e+00
      endloop
   endfacet
   facet normal 7.687327e-03 -1.533368e-01 9.881441e-01
      outer loop
         vertex 2.067055e+00 9.264034e-01 -4.517694e+00
         vertex 2.237190e+00 9.203097e-01 -4.519963e+00
         vertex 2.068778e+00 9.751695e-01 -4.510140e+00
      endloop
   endfacet
   facet normal 9.988987e-03 -1.464541e-01 9.891670e-01
      outer loop
         vertex 2.068778e+00 9.751695e-01 -4.510140e+00
         vertex 2.237190e+00 9.203097e-01 -4.519963e+00
         vertex 2.232261e+00 9.901790e-01 -4.509569e+00
      endloop
   endfacet
   facet normal 1.033571e-02 -1.502091e-01 9.886002e-01
      outer loop
         vertex 2.068778e+00 9.751695e-01 -4.510140e+00
         vertex 2.232261e+00 9.901790e-01 -4.509569e+00
         vertex 2.070118e+00 1.036725e+00 -4.500801e+00
      endloop
   endfacet
   facet normal 1.227487e-02 -1.436339e-01 9.895548e-01
      outer loop
         vertex 2.070118e+00 1.036725e+00 -4.500801e+00
         vertex 2.232261e+00 9.901790e-01 -4.509569e+00
         vertex 2.228124e+00 1.035291e+00 -4.502969e+00
      endloop
   endfacet
   facet normal 1.223428e-02 -1.472934e-01 9.890172e-01
      outer loop
         vertex 2.070118e+00 1.036725e+00 -4.500801e+00
         vertex 2.228124e+00 1.035291e+00 -4.502969e+00
         vertex 2.070248e+00 1.145187e+00 -4.484650e+00
      endloop
   endfacet
   facet normal 1.660489e-02 -1.411531e-01 9.898485e-01
      outer loop
         vertex 2.070248e+00 1.145187e+00 -4.484650e+00
         vertex 2.228124e+00 1.035291e+00 -4.502969e+00
         vertex 2.214674e+00 1.147766e+00 -4.486705e+00
      endloop
   endfacet
   facet normal 1.658143e-02 -1.396718e-01 9.900590e-01
      outer loop
         vertex 2.070248e+00 1.145187e+00 -4.484650e+00
         vertex 2.214674e+00 1.147766e+00 -4.486705e+00
         vertex 2.069884e+00 1.168797e+00 -4.481313e+00
      endloop
   endfacet
   facet normal 1.714240e-02 -1.359404e-01 9.905687e-01
      outer loop
         vertex 2.069884e+00 1.168797e+00 -4.481313e+00
         vertex 2.214674e+00 1.147766e+00 -4.486705e+00
         vertex 2.213987e+00 1.152661e+00 -4.486021e+00
      endloop
   endfacet
   facet normal 1.805214e-02 -1.281158e-01 9.915949e-01
      outer loop
         vertex 2.069884e+00 1.168797e+00 -4.481313e+00
         vertex 2.213987e+00 1.152661e+00 -4.486021e+00
         vertex 2.067410e+00 1.252245e+00 -4.470486e+00
      endloop
   endfacet
   facet normal 2.042477e-02 -1.246846e-01 9.919862e-01
      outer loop
         vertex 2.067410e+00 1.252245e+00 -4.470486e+00
         vertex 2.213987e+00 1.152661e+00 -4.486021e+00
         vertex 2.197088e+00 1.258131e+00 -4.472416e+00
      endloop
   endfacet
   facet normal 1.980155e-02 -1.103961e-01 9.936904e-01
      outer loop
         vertex 2.067410e+00 1.252245e+00 -4.470486e+00
         vertex 2.197088e+00 1.258131e+00 -4.472416e+00
         vertex 2.185161e+00 1.320667e+00 -4.465231e+00
      endloop
   endfacet
   facet normal 2.041291e-02 -2.434169e-02 9.994953e-01
      outer loop
         vertex 2.000001e+00 -1.400120e+00 -4.474001e+00
         vertex 2.010080e+00 -1.400061e+00 -4.474205e+00
         vertex 1.999860e+00 -1.373928e+00 -4.473360e+00
      endloop
   endfacet
   facet normal 3.495397e-02 -1.864629e-02 9.992150e-01
      outer loop
         vertex 1.999860e+00 -1.373928e+00 -4.473360e+00
         vertex 2.010080e+00 -1.400061e+00 -4.474205e+00
         vertex 2.009961e+00 -1.376229e+00 -4.473757e+00
      endloop
   endfacet
   facet normal 1.825033e-02 -9.135054e-02 9.956515e-01
      outer loop
         vertex 1.999860e+00 -1.373928e+00 -4.473360e+00
         vertex 2.009961e+00 -1.376229e+00 -4.473757e+00
         vertex 1.999835e+00 -1.369177e+00 -4.472924e+00
      endloop
   endfacet
   facet normal 2.250826e-02 -8.529002e-02 9.961019e-01
      outer loop
         vertex 1.999835e+00 -1.369177e+00 -4.472924e+00
         vertex 2.009961e+00 -1.376229e+00 -4.473757e+00
         vertex 2.009783e+00 -1.369119e+00 -4.473144e+00
      endloop
   endfacet
   facet normal 2.264617e-02 -1.244892e-01 9.919625e-01
      outer loop
         vertex 1.999835e+00 -1.369177e+00 -4.472924e+00
         vertex 2.009783e+00 -1.369119e+00 -4.473144e+00
         vertex 1.999670e+00 -1.338306e+00 -4.469046e+00
      endloop
   endfacet
   facet normal 3.441247e-02 -1.206456e-01 9.920990e-01
      outer loop
         vertex 1.999670e+00 -1.338306e+00 -4.469046e+00
         vertex 2.009783e+00 -1.369119e+00 -4.473144e+00
         vertex 2.009424e+00 -1.338246e+00 -4.469377e+00
      endloop
   endfacet
   facet normal 3.443263e-02 -1.318588e-01 9.906703e-01
      outer loop
         vertex 1.999670e+00 -1.338306e+00 -4.469046e+00
         vertex 2.009424e+00 -1.338246e+00 -4.469377e+00
         vertex 1.999504e+00 -1.309080e+00 -4.465150e+00
      endloop
   endfacet
   facet normal 3.954268e-02 -1.301264e-01 9.907086e-01
      outer loop
         vertex 2.009424e+00 -1.338246e+00 -4.469377e+00
         vertex 2.010870e+00 -1.309012e+00 -4.465595e+00
         vertex 1.999504e+00 -1.309080e+00 -4.465150e+00
      endloop
   endfacet
   facet normal 3.953171e-02 -1.197719e-01 9.920141e-01
      outer loop
         vertex 1.999504e+00 -1.309080e+00 -4.465150e+00
         vertex 2.010870e+00 -1.309012e+00 -4.465595e+00
         vertex 2.011440e+00 -1.303131e+00 -4.464908e+00
      endloop
   endfacet
   facet normal 3.736181e-02 -1.154426e-01 9.926113e-01
      outer loop
         vertex 1.999504e+00 -1.309080e+00 -4.465150e+00
         vertex 2.011440e+00 -1.303131e+00 -4.464908e+00
         vertex 1.999401e+00 -1.291060e+00 -4.463051e+00
      endloop
   endfacet
   facet normal 3.963346e-02 -1.132032e-01 9.927811e-01
      outer loop
         vertex 1.999401e+00 -1.291060e+00 -4.463051e+00
         vertex 2.011440e+00 -1.303131e+00 -4.464908e+00
         vertex 2.014165e+00 -1.281501e+00 -4.462550e+00
      endloop
   endfacet
   facet normal 3.226208e-02 -1.018964e-01 9.942717e-01
      outer loop
         vertex 1.999401e+00 -1.291060e+00 -4.463051e+00
         vertex 2.014165e+00 -1.281501e+00 -4.462550e+00
         vertex 1.998862e+00 -1.176510e+00 -4.451293e+00
      endloop
   endfacet
   facet normal 1.836382e-02 -1.039374e-01 9.944143e-01
      outer loop
         vertex 1.998862e+00 -1.176510e+00 -4.451293e+00
         vertex 2.014165e+00 -1.281501e+00 -4.462550e+00
         vertex 2.024311e+00 -1.215919e+00 -4.455883e+00
      endloop
   endfacet
   facet normal 2.706013e-02 -9.836459e-02 9.947825e-01
      outer loop
         vertex 1.998862e+00 -1.176510e+00 -4.451293e+00
         vertex 2.024311e+00 -1.215919e+00 -4.455883e+00
         vertex 2.030146e+00 -1.176197e+00 -4.452114e+00
      endloop
   endfacet
   facet normal 1.657109e-02 6.615819e-02 9.976715e-01
      outer loop
         vertex 1.983636e+00 1.157305e-01 -4.573941e+00
         vertex 1.975563e+00 -1.013529e-04 -4.566126e+00
         vertex 2.165103e+00 -1.059072e-02 -4.568578e+00
      endloop
   endfacet
   facet normal 1.737687e-02 8.097715e-02 9.965645e-01
      outer loop
         vertex 2.165103e+00 -1.059072e-02 -4.568578e+00
         vertex 1.975563e+00 -1.013529e-04 -4.566126e+00
         vertex 1.974199e+00 -2.658283e-02 -4.563950e+00
      endloop
   endfacet
   facet normal 1.590147e-02 9.814969e-02 9.950446e-01
      outer loop
         vertex 2.165103e+00 -1.059072e-02 -4.568578e+00
         vertex 1.974199e+00 -2.658283e-02 -4.563950e+00
         vertex 2.151283e+00 -1.238009e-01 -4.557190e+00
      endloop
   endfacet
   facet normal 1.567583e-02 9.774173e-02 9.950883e-01
      outer loop
         vertex 1.974199e+00 -2.658283e-02 -4.563950e+00
         vertex 1.970726e+00 -1.138255e-01 -4.555326e+00
         vertex 2.151283e+00 -1.238009e-01 -4.557190e+00
      endloop
   endfacet
   facet normal 1.719593e-02 1.258516e-01 9.919000e-01
      outer loop
         vertex 2.151283e+00 -1.238009e-01 -4.557190e+00
         vertex 1.970726e+00 -1.138255e-01 -4.555326e+00
         vertex 1.968775e+00 -1.943086e-01 -4.545080e+00
      endloop
   endfacet
   facet normal 1.327888e-02 1.357762e-01 9.906505e-01
      outer loop
         vertex 2.151283e+00 -1.238009e-01 -4.557190e+00
         vertex 1.968775e+00 -1.943086e-01 -4.545080e+00
         vertex 2.138897e+00 -2.267418e-01 -4.542916e+00
      endloop
   endfacet
   facet normal 1.475446e-02 1.434425e-01 9.895487e-01
      outer loop
         vertex 2.138897e+00 -2.267418e-01 -4.542916e+00
         vertex 1.968775e+00 -1.943086e-01 -4.545080e+00
         vertex 1.968362e+00 -2.248868e-01 -4.540642e+00
      endloop
   endfacet
   facet normal 1.493330e-02 1.637594e-01 9.863873e-01
      outer loop
         vertex 2.138897e+00 -2.267418e-01 -4.542916e+00
         vertex 1.968362e+00 -2.248868e-01 -4.540642e+00
         vertex 2.129317e+00 -3.077954e-01 -4.529314e+00
      endloop
   endfacet
   facet normal 1.457580e-02 1.630814e-01 9.865049e-01
      outer loop
         vertex 2.129317e+00 -3.077954e-01 -4.529314e+00
         vertex 1.968362e+00 -2.248868e-01 -4.540642e+00
         vertex 1.968290e+00 -3.329998e-01 -4.522768e+00
      endloop
   endfacet
   facet normal 1.158765e-02 1.813527e-01 9.833498e-01
      outer loop
         vertex 2.129317e+00 -3.077954e-01 -4.529314e+00
         vertex 1.968290e+00 -3.329998e-01 -4.522768e+00
         vertex 2.126577e+00 -3.314256e-01 -4.524924e+00
      endloop
   endfacet
   facet normal 1.153284e-02 1.857424e-01 9.825308e-01
      outer loop
         vertex 2.126577e+00 -3.314256e-01 -4.524924e+00
         vertex 1.968290e+00 -3.329998e-01 -4.522768e+00
         vertex 1.968514e+00 -3.514288e-01 -4.519287e+00
      endloop
   endfacet
   facet normal 8.983055e-03 2.048271e-01 9.787570e-01
      outer loop
         vertex 2.126577e+00 -3.314256e-01 -4.524924e+00
         vertex 1.968514e+00 -3.514288e-01 -4.519287e+00
         vertex 2.112500e+00 -4.619737e-01 -4.497475e+00
      endloop
   endfacet
   facet normal 8.814041e-03 2.046160e-01 9.788026e-01
      outer loop
         vertex 2.112500e+00 -4.619737e-01 -4.497475e+00
         vertex 1.968514e+00 -3.514288e-01 -4.519287e+00
         vertex 1.970579e+00 -4.398064e-01 -4.500831e+00
      endloop
   endfacet
   facet normal 4.356481e-03 1.768976e-01 9.842196e-01
      outer loop
         vertex 2.112500e+00 -4.619737e-01 -4.497475e+00
         vertex 1.970579e+00 -4.398064e-01 -4.500831e+00
         vertex 2.104020e+00 -5.429487e-01 -4.482883e+00
      endloop
   endfacet
   facet normal 1.124856e-02 1.855281e-01 9.825746e-01
      outer loop
         vertex 2.104020e+00 -5.429487e-01 -4.482883e+00
         vertex 1.970579e+00 -4.398064e-01 -4.500831e+00
         vertex 1.973510e+00 -5.296398e-01 -4.483902e+00
      endloop
   endfacet
   facet normal 7.631164e-03 1.505144e-01 9.885784e-01
      outer loop
         vertex 2.104020e+00 -5.429487e-01 -4.482883e+00
         vertex 1.973510e+00 -5.296398e-01 -4.483902e+00
         vertex 2.096952e+00 -6.099652e-01 -4.472625e+00
      endloop
   endfacet
   facet normal 4.902259e-03 1.464096e-01 9.892119e-01
      outer loop
         vertex 2.096952e+00 -6.099652e-01 -4.472625e+00
         vertex 1.973510e+00 -5.296398e-01 -4.483902e+00
         vertex 1.978507e+00 -6.540988e-01 -4.465506e+00
      endloop
   endfacet
   facet normal 9.764693e-03 1.336452e-01 9.909811e-01
      outer loop
         vertex 2.096952e+00 -6.099652e-01 -4.472625e+00
         vertex 1.978507e+00 -6.540988e-01 -4.465506e+00
         vertex 2.092785e+00 -6.492170e-01 -4.467290e+00
      endloop
   endfacet
   facet normal 1.046339e-02 1.180118e-01 9.929571e-01
      outer loop
         vertex 2.092785e+00 -6.492170e-01 -4.467290e+00
         vertex 1.978507e+00 -6.540988e-01 -4.465506e+00
         vertex 1.980753e+00 -7.029881e-01 -4.459719e+00
      endloop
   endfacet
   facet normal 1.671075e-02 1.051862e-01 9.943121e-01
      outer loop
         vertex 2.092785e+00 -6.492170e-01 -4.467290e+00
         vertex 1.980753e+00 -7.029881e-01 -4.459719e+00
         vertex 2.080307e+00 -7.682500e-01 -4.454488e+00
      endloop
   endfacet
   facet normal 1.327092e-02 9.998600e-02 9.949003e-01
      outer loop
         vertex 2.080307e+00 -7.682500e-01 -4.454488e+00
         vertex 1.980753e+00 -7.029881e-01 -4.459719e+00
         vertex 1.983631e+00 -7.594774e-01 -4.454080e+00
      endloop
   endfacet
   facet normal 1.043577e-02 6.861713e-02 9.975885e-01
      outer loop
         vertex 2.080307e+00 -7.682500e-01 -4.454488e+00
         vertex 1.983631e+00 -7.594774e-01 -4.454080e+00
         vertex 2.071035e+00 -8.601373e-01 -4.448071e+00
      endloop
   endfacet
   facet normal 1.562012e-02 7.309569e-02 9.972026e-01
      outer loop
         vertex 2.071035e+00 -8.601373e-01 -4.448071e+00
         vertex 1.983631e+00 -7.594774e-01 -4.454080e+00
         vertex 1.989307e+00 -8.592152e-01 -4.446859e+00
      endloop
   endfacet
   facet normal 1.523476e-02 3.628127e-02 9.992255e-01
      outer loop
         vertex 2.071035e+00 -8.601373e-01 -4.448071e+00
         vertex 1.989307e+00 -8.592152e-01 -4.446859e+00
         vertex 2.063237e+00 -9.292335e-01 -4.445443e+00
      endloop
   endfacet
   facet normal 9.967341e-03 3.072469e-02 9.994782e-01
      outer loop
         vertex 2.063237e+00 -9.292335e-01 -4.445443e+00
         vertex 1.989307e+00 -8.592152e-01 -4.446859e+00
         vertex 1.994101e+00 -9.682304e-01 -4.443555e+00
      endloop
   endfacet
   facet normal 1.923205e-02 1.431093e-02 9.997126e-01
      outer loop
         vertex 2.063237e+00 -9.292335e-01 -4.445443e+00
         vertex 1.994101e+00 -9.682304e-01 -4.443555e+00
         vertex 2.058785e+00 -9.659613e-01 -4.444832e+00
      endloop
   endfacet
   facet normal 1.971230e-02 6.730948e-04 9.998055e-01
      outer loop
         vertex 2.058785e+00 -9.659613e-01 -4.444832e+00
         vertex 1.994101e+00 -9.682304e-01 -4.443555e+00
         vertex 1.995329e+00 -1.004192e+00 -4.443555e+00
      endloop
   endfacet
   facet normal 2.980623e-02 -1.609354e-02 9.994261e-01
      outer loop
         vertex 2.058785e+00 -9.659613e-01 -4.444832e+00
         vertex 1.995329e+00 -1.004192e+00 -4.443555e+00
         vertex 2.044496e+00 -1.075160e+00 -4.446164e+00
      endloop
   endfacet
   facet normal 2.400134e-02 -2.011830e-02 9.995095e-01
      outer loop
         vertex 2.044496e+00 -1.075160e+00 -4.446164e+00
         vertex 1.995329e+00 -1.004192e+00 -4.443555e+00
         vertex 1.997224e+00 -1.072261e+00 -4.444971e+00
      endloop
   endfacet
   facet normal 2.140449e-02 -6.179630e-02 9.978592e-01
      outer loop
         vertex 2.044496e+00 -1.075160e+00 -4.446164e+00
         vertex 1.997224e+00 -1.072261e+00 -4.444971e+00
         vertex 2.030146e+00 -1.176197e+00 -4.452114e+00
      endloop
   endfacet
   facet normal 5.830627e-02 -5.005147e-02 9.970432e-01
      outer loop
         vertex 2.030146e+00 -1.176197e+00 -4.452114e+00
         vertex 1.997224e+00 -1.072261e+00 -4.444971e+00
         vertex 1.998535e+00 -1.143450e+00 -4.448621e+00
      endloop
   endfacet
   facet normal 2.692185e-02 -8.027885e-02 9.964088e-01
      outer loop
         vertex 2.030146e+00 -1.176197e+00 -4.452114e+00
         vertex 1.998535e+00 -1.143450e+00 -4.448621e+00
         vertex 1.998862e+00 -1.176510e+00 -4.451293e+00
      endloop
   endfacet
   facet normal 1.935479e-02 1.470584e-02 9.997045e-01
      outer loop
         vertex 2.010044e+00 2.100860e+00 -4.474208e+00
         vertex 1.999987e+00 2.100200e+00 -4.474003e+00
         vertex 2.011290e+00 2.084152e+00 -4.473986e+00
      endloop
   endfacet
   facet normal 6.434023e-02 4.638825e-02 9.968493e-01
      outer loop
         vertex 2.011290e+00 2.084152e+00 -4.473986e+00
         vertex 1.999987e+00 2.100200e+00 -4.474003e+00
         vertex 2.001845e+00 2.072176e+00 -4.472819e+00
      endloop
   endfacet
   facet normal 1.056802e-02 8.871350e-02 9.960011e-01
      outer loop
         vertex 2.011290e+00 2.084152e+00 -4.473986e+00
         vertex 2.001845e+00 2.072176e+00 -4.472819e+00
         vertex 2.011960e+00 2.069993e+00 -4.472732e+00
      endloop
   endfacet
   facet normal 2.092638e-02 1.364946e-01 9.904198e-01
      outer loop
         vertex 2.011960e+00 2.069993e+00 -4.472732e+00
         vertex 2.001845e+00 2.072176e+00 -4.472819e+00
         vertex 2.013898e+00 2.038063e+00 -4.468373e+00
      endloop
   endfacet
   facet normal 2.149977e-02 7.321358e-02 9.970845e-01
      outer loop
         vertex 2.165103e+00 -1.059072e-02 -4.568578e+00
         vertex 2.173990e+00 5.948906e-02 -4.573916e+00
         vertex 1.983636e+00 1.157305e-01 -4.573941e+00
      endloop
   endfacet
   facet normal 1.790795e-02 6.105717e-02 9.979736e-01
      outer loop
         vertex 1.983636e+00 1.157305e-01 -4.573941e+00
         vertex 2.173990e+00 5.948906e-02 -4.573916e+00
         vertex 2.179206e+00 9.937907e-02 -4.576450e+00
      endloop
   endfacet
   facet normal 1.699163e-02 5.000070e-02 9.986046e-01
      outer loop
         vertex 1.983636e+00 1.157305e-01 -4.573941e+00
         vertex 2.179206e+00 9.937907e-02 -4.576450e+00
         vertex 1.986394e+00 1.469716e-01 -4.575552e+00
      endloop
   endfacet
   facet normal 1.504743e-02 4.211666e-02 9.989994e-01
      outer loop
         vertex 1.986394e+00 1.469716e-01 -4.575552e+00
         vertex 2.179206e+00 9.937907e-02 -4.576450e+00
         vertex 2.194070e+00 2.103987e-01 -4.581354e+00
      endloop
   endfacet
   facet normal 1.686618e-02 3.618022e-02 9.992029e-01
      outer loop
         vertex 1.986394e+00 1.469716e-01 -4.575552e+00
         vertex 2.194070e+00 2.103987e-01 -4.581354e+00
         vertex 1.995116e+00 2.329023e-01 -4.578811e+00
      endloop
   endfacet
   facet normal 1.542351e-02 2.337976e-02 9.996077e-01
      outer loop
         vertex 1.995116e+00 2.329023e-01 -4.578811e+00
         vertex 2.194070e+00 2.103987e-01 -4.581354e+00
         vertex 2.199153e+00 2.475212e-01 -4.582301e+00
      endloop
   endfacet
   facet normal 1.588912e-02 1.691059e-02 9.997307e-01
      outer loop
         vertex 1.995116e+00 2.329023e-01 -4.578811e+00
         vertex 2.199153e+00 2.475212e-01 -4.582301e+00
         vertex 2.007334e+00 3.296118e-01 -4.580641e+00
      endloop
   endfacet
   facet normal 1.366007e-02 1.169987e-02 9.998382e-01
      outer loop
         vertex 2.007334e+00 3.296118e-01 -4.580641e+00
         vertex 2.199153e+00 2.475212e-01 -4.582301e+00
         vertex 2.210205e+00 3.242745e-01 -4.583350e+00
      endloop
   endfacet
   facet normal 1.348917e-02 5.174715e-03 9.998956e-01
      outer loop
         vertex 2.007334e+00 3.296118e-01 -4.580641e+00
         vertex 2.210205e+00 3.242745e-01 -4.583350e+00
         vertex 2.010431e+00 3.512313e-01 -4.580794e+00
      endloop
   endfacet
   facet normal 1.154687e-02 -9.218933e-03 9.998908e-01
      outer loop
         vertex 2.010431e+00 3.512313e-01 -4.580794e+00
         vertex 2.210205e+00 3.242745e-01 -4.583350e+00
         vertex 2.217882e+00 3.806587e-01 -4.582919e+00
      endloop
   endfacet
   facet normal 1.166797e-02 -1.007337e-02 9.998812e-01
      outer loop
         vertex 2.010431e+00 3.512313e-01 -4.580794e+00
         vertex 2.217882e+00 3.806587e-01 -4.582919e+00
         vertex 2.018820e+00 4.105441e-01 -4.580295e+00
      endloop
   endfacet
   facet normal 9.760389e-03 -2.276295e-02 9.996932e-01
      outer loop
         vertex 2.018820e+00 4.105441e-01 -4.580295e+00
         vertex 2.217882e+00 3.806587e-01 -4.582919e+00
         vertex 2.218298e+00 3.840068e-01 -4.582847e+00
      endloop
   endfacet
   facet normal 7.672702e-03 -3.841153e-02 9.992325e-01
      outer loop
         vertex 2.018820e+00 4.105441e-01 -4.580295e+00
         vertex 2.218298e+00 3.840068e-01 -4.582847e+00
         vertex 2.026354e+00 4.691285e-01 -4.578101e+00
      endloop
   endfacet
   facet normal 8.151599e-03 -3.733372e-02 9.992696e-01
      outer loop
         vertex 2.026354e+00 4.691285e-01 -4.578101e+00
         vertex 2.218298e+00 3.840068e-01 -4.582847e+00
         vertex 2.225034e+00 4.444938e-01 -4.580642e+00
      endloop
   endfacet
   facet normal 6.248542e-03 -5.261243e-02 9.985955e-01
      outer loop
         vertex 2.026354e+00 4.691285e-01 -4.578101e+00
         vertex 2.225034e+00 4.444938e-01 -4.580642e+00
         vertex 2.026604e+00 4.711556e-01 -4.577995e+00
      endloop
   endfacet
   facet normal 4.870708e-03 -6.280922e-02 9.980137e-01
      outer loop
         vertex 2.026604e+00 4.711556e-01 -4.577995e+00
         vertex 2.225034e+00 4.444938e-01 -4.580642e+00
         vertex 2.230561e+00 5.049002e-01 -4.576867e+00
      endloop
   endfacet
   facet normal 7.147762e-03 -7.653954e-02 9.970409e-01
      outer loop
         vertex 2.026604e+00 4.711556e-01 -4.577995e+00
         vertex 2.230561e+00 5.049002e-01 -4.576867e+00
         vertex 2.231120e+00 5.117523e-01 -4.576345e+00
      endloop
   endfacet
endsolid h19.1_fill