solid h19
   facet normal 1.000000e+00 0.000000e+00 -0.000000e+00
      outer loop
         vertex 1.000000e+00 -3.603513e-01 -6.990719e+00
         vertex 1.000000e+00 6.735558e-16 -5.500000e+00
         vertex 1.000000e+00 -6.385110e-01 -5.462811e+00
      endloop
   endfacet
   facet normal 1.000000e+00 0.000000e+00 0.000000e+00
      outer loop
         vertex 1.000000e+00 -5.268942e+00 1.577418e+00
         vertex 1.000000e+00 -6.812850e+00 1.607814e+00
         vertex 1.000000e+00 -5.416443e+00 9.550650e-01
      endloop
   endfacet
   facet normal 1.000000e+00 0.000000e+00 0.000000e+00
      outer loop
         vertex 1.000000e+00 -5.416443e+00 9.550650e-01
         vertex 1.000000e+00 -6.812850e+00 1.607814e+00
         vertex 1.000000e+00 -6.942059e+00 8.987885e-01
      endloop
   endfacet
   facet normal 1.000000e+00 0.000000e+00 0.000000e+00
      outer loop
         vertex 1.000000e+00 -5.416443e+00 9.550650e-01
         vertex 1.000000e+00 -6.942059e+00 8.987885e-01
         vertex 1.000000e+00 -5.490695e+00 3.197966e-01
      endloop
   endfacet
   facet normal 1.000000e+00 0.000000e+00 0.000000e+00
      outer loop
         vertex 1.000000e+00 -5.490695e+00 3.197966e-01
         vertex 1.000000e+00 -6.942059e+00 8.987885e-01
         vertex 1.000000e+00 -6.997679e+00 1.802354e-01
      endloop
   endfacet
   facet normal 1.000000e+00 0.000000e+00 0.000000e+00
      outer loop
         vertex 1.000000e+00 -5.490695e+00 3.197966e-01
         vertex 1.000000e+00 -6.997679e+00 1.802354e-01
         vertex 1.000000e+00 -5.490695e+00 -3.197966e-01
      endloop
   endfacet
   facet normal 1.000000e+00 0.000000e+00 0.000000e+00
      outer loop
         vertex 1.000000e+00 -5.490695e+00 -3.197966e-01
         vertex 1.000000e+00 -6.997679e+00 1.802354e-01
         vertex 1.000000e+00 -6.979123e+00 -5.402282e-01
      endloop
   endfacet
   facet normal 1.000000e+00 0.000000e+00 0.000000e+00
      outer loop
         vertex 1.000000e+00 -5.490695e+00 -3.197966e-01
         vertex 1.000000e+00 -6.979123e+00 -5.402282e-01
         vertex 1.000000e+00 -5.416443e+00 -9.550650e-01
      endloop
   endfacet
   facet normal 1.000000e+00 0.000000e+00 0.000000e+00
      outer loop
         vertex 1.000000e+00 -5.416443e+00 -9.550650e-01
         vertex 1.000000e+00 -6.979123e+00 -5.402282e-01
         vertex 1.000000e+00 -6.886586e+00 -1.254965e+00
      endloop
   endfacet
   facet normal 1.000000e+00 0.000000e+00 0.000000e+00
      outer loop
         vertex 1.000000e+00 -5.416443e+00 -9.550650e-01
         vertex 1.000000e+00 -6.886586e+00 -1.254965e+00
         vertex 1.000000e+00 -5.268942e+00 -1.577418e+00
      endloop
   endfacet
   facet normal 1.000000e+00 0.000000e+00 0.000000e+00
      outer loop
         vertex 1.000000e+00 -5.268942e+00 -1.577418e+00
         vertex 1.000000e+00 -6.886586e+00 -1.254965e+00
         vertex 1.000000e+00 -6.721049e+00 -1.956400e+00
      endloop
   endfacet
   facet normal 1.000000e+00 0.000000e+00 0.000000e+00
      outer loop
         vertex 1.000000e+00 -5.268942e+00 -1.577418e+00
         vertex 1.000000e+00 -6.721049e+00 -1.956400e+00
         vertex 1.000000e+00 -5.050188e+00 -2.178439e+00
      endloop
   endfacet
   facet normal 1.000000e+00 0.000000e+00 0.000000e+00
      outer loop
         vertex 1.000000e+00 -5.050188e+00 -2.178439e+00
         vertex 1.000000e+00 -6.721049e+00 -1.956400e+00
         vertex 1.000000e+00 -6.484268e+00 -2.637095e+00
      endloop
   endfacet
   facet normal 1.000000e+00 0.000000e+00 0.000000e+00
      outer loop
         vertex 1.000000e+00 -5.050188e+00 -2.178439e+00
         vertex 1.000000e+00 -6.484268e+00 -2.637095e+00
         vertex 1.000000e+00 -4.763140e+00 -2.750000e+00
      endloop
   endfacet
   facet normal 1.000000e+00 0.000000e+00 0.000000e+00
      outer loop
         vertex 1.000000e+00 -4.763140e+00 -2.750000e+00
         vertex 1.000000e+00 -6.484268e+00 -2.637095e+00
         vertex 1.000000e+00 -6.178752e+00 -3.289837e+00
      endloop
   endfacet
   facet normal 1.000000e+00 0.000000e+00 0.000000e+00
      outer loop
         vertex 1.000000e+00 -4.763140e+00 -2.750000e+00
         vertex 1.000000e+00 -6.178752e+00 -3.289837e+00
         vertex 1.000000e+00 -4.411677e+00 -3.284372e+00
      endloop
   endfacet
   facet normal 1.000000e+00 -0.000000e+00 0.000000e+00
      outer loop
         vertex 1.000000e+00 -3.603513e-01 -6.990719e+00
         vertex 1.000000e+00 8.572528e-16 -7.000000e+00
         vertex 1.000000e+00 6.735558e-16 -5.500000e+00
      endloop
   endfacet
   facet normal 1.000000e+00 0.000000e+00 0.000000e+00
      outer loop
         vertex 1.000000e+00 6.735558e-16 -5.500000e+00
         vertex 1.000000e+00 8.572528e-16 -7.000000e+00
         vertex 1.000000e+00 3.603513e-01 -6.990719e+00
      endloop
   endfacet
   facet normal 1.000000e+00 -0.000000e+00 0.000000e+00
      outer loop
         vertex 1.000000e+00 6.735558e-16 -5.500000e+00
         vertex 1.000000e+00 3.603513e-01 -6.990719e+00
         vertex 1.000000e+00 6.385110e-01 -5.462811e+00
      endloop
   endfacet
   facet normal 1.000000e+00 0.000000e+00 0.000000e+00
      outer loop
         vertex 1.000000e+00 6.385110e-01 -5.462811e+00
         vertex 1.000000e+00 3.603513e-01 -6.990719e+00
         vertex 1.000000e+00 1.077234e+00 -6.916615e+00
      endloop
   endfacet
   facet normal 1.000000e+00 -0.000000e+00 0.000000e+00
      outer loop
         vertex 1.000000e+00 6.385110e-01 -5.462811e+00
         vertex 1.000000e+00 1.077234e+00 -6.916615e+00
         vertex 1.000000e+00 1.268387e+00 -5.351747e+00
      endloop
   endfacet
   facet normal 1.000000e+00 0.000000e+00 0.000000e+00
      outer loop
         vertex 1.000000e+00 1.268387e+00 -5.351747e+00
         vertex 1.000000e+00 1.077234e+00 -6.916615e+00
         vertex 1.000000e+00 1.782698e+00 -6.769194e+00
      endloop
   endfacet
   facet normal 1.000000e+00 -0.000000e+00 0.000000e+00
      outer loop
         vertex 1.000000e+00 1.268387e+00 -5.351747e+00
         vertex 1.000000e+00 1.782698e+00 -6.769194e+00
         vertex 1.000000e+00 1.881111e+00 -5.168309e+00
      endloop
   endfacet
   facet normal 1.000000e+00 0.000000e+00 0.000000e+00
      outer loop
         vertex 1.000000e+00 1.881111e+00 -5.168309e+00
         vertex 1.000000e+00 1.782698e+00 -6.769194e+00
         vertex 1.000000e+00 2.469265e+00 -6.550018e+00
      endloop
   endfacet
   facet normal 1.000000e+00 -0.000000e+00 0.000000e+00
      outer loop
         vertex 1.000000e+00 1.881111e+00 -5.168309e+00
         vertex 1.000000e+00 2.469265e+00 -6.550018e+00
         vertex 1.000000e+00 2.468396e+00 -4.914979e+00
      endloop
   endfacet
   facet normal 1.000000e+00 0.000000e+00 0.000000e+00
      outer loop
         vertex 1.000000e+00 2.468396e+00 -4.914979e+00
         vertex 1.000000e+00 2.469265e+00 -6.550018e+00
         vertex 1.000000e+00 3.129657e+00 -6.261410e+00
      endloop
   endfacet
   facet normal 1.000000e+00 -0.000000e+00 0.000000e+00
      outer loop
         vertex 1.000000e+00 2.468396e+00 -4.914979e+00
         vertex 1.000000e+00 3.129657e+00 -6.261410e+00
         vertex 1.000000e+00 3.022299e+00 -4.595183e+00
      endloop
   endfacet
   facet normal 1.000000e+00 0.000000e+00 0.000000e+00
      outer loop
         vertex 1.000000e+00 3.022299e+00 -4.595183e+00
         vertex 1.000000e+00 3.129657e+00 -6.261410e+00
         vertex 1.000000e+00 3.756873e+00 -5.906429e+00
      endloop
   endfacet
   facet normal 1.000000e+00 -0.000000e+00 0.000000e+00
      outer loop
         vertex 1.000000e+00 3.022299e+00 -4.595183e+00
         vertex 1.000000e+00 3.756873e+00 -5.906429e+00
         vertex 1.000000e+00 3.535332e+00 -4.213245e+00
      endloop
   endfacet
   facet normal 1.000000e+00 0.000000e+00 0.000000e+00
      outer loop
         vertex 1.000000e+00 3.535332e+00 -4.213245e+00
         vertex 1.000000e+00 3.756873e+00 -5.906429e+00
         vertex 1.000000e+00 4.344266e+00 -5.488839e+00
      endloop
   endfacet
   facet normal 1.000000e+00 -0.000000e+00 0.000000e+00
      outer loop
         vertex 1.000000e+00 3.535332e+00 -4.213245e+00
         vertex 1.000000e+00 4.344266e+00 -5.488839e+00
         vertex 1.000000e+00 4.000555e+00 -3.774329e+00
      endloop
   endfacet
   facet normal 1.000000e+00 -0.000000e+00 0.000000e+00
      outer loop
         vertex 1.000000e+00 -6.178752e+00 -3.289837e+00
         vertex 1.000000e+00 -5.807739e+00 -3.907706e+00
         vertex 1.000000e+00 -4.411677e+00 -3.284372e+00
      endloop
   endfacet
   facet normal 1.000000e+00 0.000000e+00 0.000000e+00
      outer loop
         vertex 1.000000e+00 -4.411677e+00 -3.284372e+00
         vertex 1.000000e+00 -5.807739e+00 -3.907706e+00
         vertex 1.000000e+00 -5.375163e+00 -4.484152e+00
      endloop
   endfacet
   facet normal 1.000000e+00 0.000000e+00 0.000000e+00
      outer loop
         vertex 1.000000e+00 -4.411677e+00 -3.284372e+00
         vertex 1.000000e+00 -5.375163e+00 -4.484152e+00
         vertex 1.000000e+00 -4.000555e+00 -3.774329e+00
      endloop
   endfacet
   facet normal 1.000000e+00 0.000000e+00 0.000000e+00
      outer loop
         vertex 1.000000e+00 -4.000555e+00 -3.774329e+00
         vertex 1.000000e+00 -5.375163e+00 -4.484152e+00
         vertex 1.000000e+00 -4.885609e+00 -5.013065e+00
      endloop
   endfacet
   facet normal 1.000000e+00 0.000000e+00 0.000000e+00
      outer loop
         vertex 1.000000e+00 -4.000555e+00 -3.774329e+00
         vertex 1.000000e+00 -4.885609e+00 -5.013065e+00
         vertex 1.000000e+00 -3.535332e+00 -4.213245e+00
      endloop
   endfacet
   facet normal 1.000000e+00 0.000000e+00 0.000000e+00
      outer loop
         vertex 1.000000e+00 -3.535332e+00 -4.213245e+00
         vertex 1.000000e+00 -4.885609e+00 -5.013065e+00
         vertex 1.000000e+00 -4.344266e+00 -5.488839e+00
      endloop
   endfacet
   facet normal 1.000000e+00 0.000000e+00 0.000000e+00
      outer loop
         vertex 1.000000e+00 -3.535332e+00 -4.213245e+00
         vertex 1.000000e+00 -4.344266e+00 -5.488839e+00
         vertex 1.000000e+00 -3.022299e+00 -4.595183e+00
      endloop
   endfacet
   facet normal 1.000000e+00 0.000000e+00 0.000000e+00
      outer loop
         vertex 1.000000e+00 -3.022299e+00 -4.595183e+00
         vertex 1.000000e+00 -4.344266e+00 -5.488839e+00
         vertex 1.000000e+00 -3.756873e+00 -5.906429e+00
      endloop
   endfacet
   facet normal 1.000000e+00 0.000000e+00 0.000000e+00
      outer loop
         vertex 1.000000e+00 -3.022299e+00 -4.595183e+00
         vertex 1.000000e+00 -3.756873e+00 -5.906429e+00
         vertex 1.000000e+00 -2.468396e+00 -4.914979e+00
      endloop
   endfacet
   facet normal 1.000000e+00 0.000000e+00 0.000000e+00
      outer loop
         vertex 1.000000e+00 -2.468396e+00 -4.914979e+00
         vertex 1.000000e+00 -3.756873e+00 -5.906429e+00
         vertex 1.000000e+00 -3.129657e+00 -6.261410e+00
      endloop
   endfacet
   facet normal 1.000000e+00 0.000000e+00 0.000000e+00
      outer loop
         vertex 1.000000e+00 -2.468396e+00 -4.914979e+00
         vertex 1.000000e+00 -3.129657e+00 -6.261410e+00
         vertex 1.000000e+00 -1.881111e+00 -5.168309e+00
      endloop
   endfacet
   facet normal 1.000000e+00 0.000000e+00 0.000000e+00
      outer loop
         vertex 1.000000e+00 -1.881111e+00 -5.168309e+00
         vertex 1.000000e+00 -3.129657e+00 -6.261410e+00
         vertex 1.000000e+00 -2.469265e+00 -6.550018e+00
      endloop
   endfacet
   facet normal 1.000000e+00 0.000000e+00 0.000000e+00
      outer loop
         vertex 1.000000e+00 -1.881111e+00 -5.168309e+00
         vertex 1.000000e+00 -2.469265e+00 -6.550018e+00
         vertex 1.000000e+00 -1.268387e+00 -5.351747e+00
      endloop
   endfacet
   facet normal 1.000000e+00 0.000000e+00 0.000000e+00
      outer loop
         vertex 1.000000e+00 -1.268387e+00 -5.351747e+00
         vertex 1.000000e+00 -2.469265e+00 -6.550018e+00
         vertex 1.000000e+00 -1.782698e+00 -6.769194e+00
      endloop
   endfacet
   facet normal 1.000000e+00 0.000000e+00 0.000000e+00
      outer loop
         vertex 1.000000e+00 -1.268387e+00 -5.351747e+00
         vertex 1.000000e+00 -1.782698e+00 -6.769194e+00
         vertex 1.000000e+00 -6.385110e-01 -5.462811e+00
      endloop
   endfacet
   facet normal 1.000000e+00 0.000000e+00 0.000000e+00
      outer loop
         vertex 1.000000e+00 -6.385110e-01 -5.462811e+00
         vertex 1.000000e+00 -1.782698e+00 -6.769194e+00
         vertex 1.000000e+00 -1.077234e+00 -6.916615e+00
      endloop
   endfacet
   facet normal 1.000000e+00 0.000000e+00 0.000000e+00
      outer loop
         vertex 1.000000e+00 -6.385110e-01 -5.462811e+00
         vertex 1.000000e+00 -1.077234e+00 -6.916615e+00
         vertex 1.000000e+00 -3.603513e-01 -6.990719e+00
      endloop
   endfacet
   facet normal 1.000000e+00 0.000000e+00 0.000000e+00
      outer loop
         vertex 1.000000e+00 -1.881111e+00 5.168309e+00
         vertex 1.000000e+00 -2.803177e+00 6.414218e+00
         vertex 1.000000e+00 -2.468396e+00 4.914979e+00
      endloop
   endfacet
   facet normal 1.000000e+00 0.000000e+00 0.000000e+00
      outer loop
         vertex 1.000000e+00 -2.468396e+00 4.914979e+00
         vertex 1.000000e+00 -2.803177e+00 6.414218e+00
         vertex 1.000000e+00 -3.447836e+00 6.091997e+00
      endloop
   endfacet
   facet normal 1.000000e+00 0.000000e+00 0.000000e+00
      outer loop
         vertex 1.000000e+00 -2.468396e+00 4.914979e+00
         vertex 1.000000e+00 -3.447836e+00 6.091997e+00
         vertex 1.000000e+00 -3.022299e+00 4.595183e+00
      endloop
   endfacet
   facet normal 1.000000e+00 0.000000e+00 0.000000e+00
      outer loop
         vertex 1.000000e+00 -3.022299e+00 4.595183e+00
         vertex 1.000000e+00 -3.447836e+00 6.091997e+00
         vertex 1.000000e+00 -4.055948e+00 5.705198e+00
      endloop
   endfacet
   facet normal 1.000000e+00 0.000000e+00 0.000000e+00
      outer loop
         vertex 1.000000e+00 -3.022299e+00 4.595183e+00
         vertex 1.000000e+00 -4.055948e+00 5.705198e+00
         vertex 1.000000e+00 -3.535332e+00 4.213245e+00
      endloop
   endfacet
   facet normal 1.000000e+00 0.000000e+00 0.000000e+00
      outer loop
         vertex 1.000000e+00 -3.535332e+00 4.213245e+00
         vertex 1.000000e+00 -4.055948e+00 5.705198e+00
         vertex 1.000000e+00 -4.621065e+00 5.257924e+00
      endloop
   endfacet
   facet normal 1.000000e+00 0.000000e+00 0.000000e+00
      outer loop
         vertex 1.000000e+00 -3.535332e+00 4.213245e+00
         vertex 1.000000e+00 -4.621065e+00 5.257924e+00
         vertex 1.000000e+00 -4.000555e+00 3.774329e+00
      endloop
   endfacet
   facet normal 1.000000e+00 0.000000e+00 0.000000e+00
      outer loop
         vertex 1.000000e+00 -4.000555e+00 3.774329e+00
         vertex 1.000000e+00 -4.621065e+00 5.257924e+00
         vertex 1.000000e+00 -5.137198e+00 4.754914e+00
      endloop
   endfacet
   facet normal 1.000000e+00 0.000000e+00 0.000000e+00
      outer loop
         vertex 1.000000e+00 -4.000555e+00 3.774329e+00
         vertex 1.000000e+00 -5.137198e+00 4.754914e+00
         vertex 1.000000e+00 -4.411677e+00 3.284372e+00
      endloop
   endfacet
   facet normal 1.000000e+00 0.000000e+00 0.000000e+00
      outer loop
         vertex 1.000000e+00 -4.411677e+00 3.284372e+00
         vertex 1.000000e+00 -5.137198e+00 4.754914e+00
         vertex 1.000000e+00 -5.598875e+00 4.201500e+00
      endloop
   endfacet
   facet normal 1.000000e+00 0.000000e+00 0.000000e+00
      outer loop
         vertex 1.000000e+00 -4.411677e+00 3.284372e+00
         vertex 1.000000e+00 -5.598875e+00 4.201500e+00
         vertex 1.000000e+00 -4.763140e+00 2.750000e+00
      endloop
   endfacet
   facet normal 1.000000e+00 0.000000e+00 0.000000e+00
      outer loop
         vertex 1.000000e+00 -4.763140e+00 2.750000e+00
         vertex 1.000000e+00 -5.598875e+00 4.201500e+00
         vertex 1.000000e+00 -6.001202e+00 3.603550e+00
      endloop
   endfacet
   facet normal 1.000000e+00 0.000000e+00 0.000000e+00
      outer loop
         vertex 1.000000e+00 -4.763140e+00 2.750000e+00
         vertex 1.000000e+00 -6.001202e+00 3.603550e+00
         vertex 1.000000e+00 -5.050188e+00 2.178439e+00
      endloop
   endfacet
   facet normal 1.000000e+00 0.000000e+00 0.000000e+00
      outer loop
         vertex 1.000000e+00 -5.050188e+00 2.178439e+00
         vertex 1.000000e+00 -6.001202e+00 3.603550e+00
         vertex 1.000000e+00 -6.339916e+00 2.967401e+00
      endloop
   endfacet
   facet normal 1.000000e+00 0.000000e+00 0.000000e+00
      outer loop
         vertex 1.000000e+00 -5.050188e+00 2.178439e+00
         vertex 1.000000e+00 -6.339916e+00 2.967401e+00
         vertex 1.000000e+00 -5.268942e+00 1.577418e+00
      endloop
   endfacet
   facet normal 1.000000e+00 0.000000e+00 0.000000e+00
      outer loop
         vertex 1.000000e+00 -5.268942e+00 1.577418e+00
         vertex 1.000000e+00 -6.339916e+00 2.967401e+00
         vertex 1.000000e+00 -6.611424e+00 2.299797e+00
      endloop
   endfacet
   facet normal 1.000000e+00 0.000000e+00 0.000000e+00
      outer loop
         vertex 1.000000e+00 -5.268942e+00 1.577418e+00
         vertex 1.000000e+00 -6.611424e+00 2.299797e+00
         vertex 1.000000e+00 -6.812850e+00 1.607814e+00
      endloop
   endfacet
   facet normal 1.000000e+00 0.000000e+00 -0.000000e+00
      outer loop
         vertex 1.000000e+00 2.468396e+00 4.914979e+00
         vertex 1.000000e+00 2.803177e+00 6.414218e+00
         vertex 1.000000e+00 1.881111e+00 5.168309e+00
      endloop
   endfacet
   facet normal 1.000000e+00 0.000000e+00 0.000000e+00
      outer loop
         vertex 1.000000e+00 1.881111e+00 5.168309e+00
         vertex 1.000000e+00 2.803177e+00 6.414218e+00
         vertex 1.000000e+00 2.128804e+00 6.668448e+00
      endloop
   endfacet
   facet normal 1.000000e+00 0.000000e+00 -0.000000e+00
      outer loop
         vertex 1.000000e+00 1.881111e+00 5.168309e+00
         vertex 1.000000e+00 2.128804e+00 6.668448e+00
         vertex 1.000000e+00 1.268387e+00 5.351747e+00
      endloop
   endfacet
   facet normal 1.000000e+00 0.000000e+00 0.000000e+00
      outer loop
         vertex 1.000000e+00 1.268387e+00 5.351747e+00
         vertex 1.000000e+00 2.128804e+00 6.668448e+00
         vertex 1.000000e+00 1.431864e+00 6.851990e+00
      endloop
   endfacet
   facet normal 1.000000e+00 0.000000e+00 -0.000000e+00
      outer loop
         vertex 1.000000e+00 1.268387e+00 5.351747e+00
         vertex 1.000000e+00 1.431864e+00 6.851990e+00
         vertex 1.000000e+00 6.385110e-01 5.462811e+00
      endloop
   endfacet
   facet normal 1.000000e+00 0.000000e+00 0.000000e+00
      outer loop
         vertex 1.000000e+00 6.385110e-01 5.462811e+00
         vertex 1.000000e+00 1.431864e+00 6.851990e+00
         vertex 1.000000e+00 7.197470e-01 6.962899e+00
      endloop
   endfacet
   facet normal 1.000000e+00 0.000000e+00 -0.000000e+00
      outer loop
         vertex 1.000000e+00 6.385110e-01 5.462811e+00
         vertex 1.000000e+00 7.197470e-01 6.962899e+00
         vertex 1.000000e+00 -1.347112e-15 5.500000e+00
      endloop
   endfacet
   facet normal 1.000000e+00 0.000000e+00 0.000000e+00
      outer loop
         vertex 1.000000e+00 -1.347112e-15 5.500000e+00
         vertex 1.000000e+00 7.197470e-01 6.962899e+00
         vertex 1.000000e+00 0.000000e+00 7.000000e+00
      endloop
   endfacet
   facet normal 1.000000e+00 0.000000e+00 -0.000000e+00
      outer loop
         vertex 1.000000e+00 -1.347112e-15 5.500000e+00
         vertex 1.000000e+00 0.000000e+00 7.000000e+00
         vertex 1.000000e+00 -6.385110e-01 5.462811e+00
      endloop
   endfacet
   facet normal 1.000000e+00 0.000000e+00 -0.000000e+00
      outer loop
         vertex 1.000000e+00 -6.385110e-01 5.462811e+00
         vertex 1.000000e+00 0.000000e+00 7.000000e+00
         vertex 1.000000e+00 -7.197470e-01 6.962899e+00
      endloop
   endfacet
   facet normal 1.000000e+00 0.000000e+00 0.000000e+00
      outer loop
         vertex 1.000000e+00 -6.385110e-01 5.462811e+00
         vertex 1.000000e+00 -7.197470e-01 6.962899e+00
         vertex 1.000000e+00 -1.268387e+00 5.351747e+00
      endloop
   endfacet
   facet normal 1.000000e+00 0.000000e+00 -0.000000e+00
      outer loop
         vertex 1.000000e+00 -1.268387e+00 5.351747e+00
         vertex 1.000000e+00 -7.197470e-01 6.962899e+00
         vertex 1.000000e+00 -1.431864e+00 6.851990e+00
      endloop
   endfacet
   facet normal 1.000000e+00 0.000000e+00 0.000000e+00
      outer loop
         vertex 1.000000e+00 -1.268387e+00 5.351747e+00
         vertex 1.000000e+00 -1.431864e+00 6.851990e+00
         vertex 1.000000e+00 -1.881111e+00 5.168309e+00
      endloop
   endfacet
   facet normal 1.000000e+00 0.000000e+00 -0.000000e+00
      outer loop
         vertex 1.000000e+00 -1.881111e+00 5.168309e+00
         vertex 1.000000e+00 -1.431864e+00 6.851990e+00
         vertex 1.000000e+00 -2.128804e+00 6.668448e+00
      endloop
   endfacet
   facet normal 1.000000e+00 0.000000e+00 0.000000e+00
      outer loop
         vertex 1.000000e+00 -1.881111e+00 5.168309e+00
         vertex 1.000000e+00 -2.128804e+00 6.668448e+00
         vertex 1.000000e+00 -2.803177e+00 6.414218e+00
      endloop
   endfacet
   facet normal 1.000000e+00 0.000000e+00 -0.000000e+00
      outer loop
         vertex 1.000000e+00 5.416443e+00 9.550650e-01
         vertex 1.000000e+00 6.812850e+00 1.607814e+00
         vertex 1.000000e+00 5.268942e+00 1.577418e+00
      endloop
   endfacet
   facet normal 1.000000e+00 0.000000e+00 0.000000e+00
      outer loop
         vertex 1.000000e+00 5.268942e+00 1.577418e+00
         vertex 1.000000e+00 6.812850e+00 1.607814e+00
         vertex 1.000000e+00 6.611424e+00 2.299797e+00
      endloop
   endfacet
   facet normal 1.000000e+00 0.000000e+00 -0.000000e+00
      outer loop
         vertex 1.000000e+00 5.268942e+00 1.577418e+00
         vertex 1.000000e+00 6.611424e+00 2.299797e+00
         vertex 1.000000e+00 5.050188e+00 2.178439e+00
      endloop
   endfacet
   facet normal 1.000000e+00 0.000000e+00 0.000000e+00
      outer loop
         vertex 1.000000e+00 5.050188e+00 2.178439e+00
         vertex 1.000000e+00 6.611424e+00 2.299797e+00
         vertex 1.000000e+00 6.339916e+00 2.967401e+00
      endloop
   endfacet
   facet normal 1.000000e+00 0.000000e+00 -0.000000e+00
      outer loop
         vertex 1.000000e+00 5.050188e+00 2.178439e+00
         vertex 1.000000e+00 6.339916e+00 2.967401e+00
         vertex 1.000000e+00 4.763140e+00 2.750000e+00
      endloop
   endfacet
   facet normal 1.000000e+00 0.000000e+00 0.000000e+00
      outer loop
         vertex 1.000000e+00 4.763140e+00 2.750000e+00
         vertex 1.000000e+00 6.339916e+00 2.967401e+00
         vertex 1.000000e+00 6.001202e+00 3.603550e+00
      endloop
   endfacet
   facet normal 1.000000e+00 0.000000e+00 -0.000000e+00
      outer loop
         vertex 1.000000e+00 4.763140e+00 2.750000e+00
         vertex 1.000000e+00 6.001202e+00 3.603550e+00
         vertex 1.000000e+00 4.411677e+00 3.284372e+00
      endloop
   endfacet
   facet normal 1.000000e+00 0.000000e+00 0.000000e+00
      outer loop
         vertex 1.000000e+00 4.411677e+00 3.284372e+00
         vertex 1.000000e+00 6.001202e+00 3.603550e+00
         vertex 1.000000e+00 5.598875e+00 4.201500e+00
      endloop
   endfacet
   facet normal 1.000000e+00 0.000000e+00 -0.000000e+00
      outer loop
         vertex 1.000000e+00 4.411677e+00 3.284372e+00
         vertex 1.000000e+00 5.598875e+00 4.201500e+00
         vertex 1.000000e+00 4.000555e+00 3.774329e+00
      endloop
   endfacet
   facet normal 1.000000e+00 0.000000e+00 0.000000e+00
      outer loop
         vertex 1.000000e+00 4.000555e+00 3.774329e+00
         vertex 1.000000e+00 5.598875e+00 4.201500e+00
         vertex 1.000000e+00 5.137198e+00 4.754914e+00
      endloop
   endfacet
   facet normal 1.000000e+00 0.000000e+00 -0.000000e+00
      outer loop
         vertex 1.000000e+00 4.000555e+00 3.774329e+00
         vertex 1.000000e+00 5.137198e+00 4.754914e+00
         vertex 1.000000e+00 3.535332e+00 4.213245e+00
      endloop
   endfacet
   facet normal 1.000000e+00 0.000000e+00 0.000000e+00
      outer loop
         vertex 1.000000e+00 3.535332e+00 4.213245e+00
         vertex 1.000000e+00 5.137198e+00 4.754914e+00
         vertex 1.000000e+00 4.621065e+00 5.257924e+00
      endloop
   endfacet
   facet normal 1.000000e+00 0.000000e+00 -0.000000e+00
      outer loop
         vertex 1.000000e+00 3.535332e+00 4.213245e+00
         vertex 1.000000e+00 4.621065e+00 5.257924e+00
         vertex 1.000000e+00 3.022299e+00 4.595183e+00
      endloop
   endfacet
   facet normal 1.000000e+00 0.000000e+00 0.000000e+00
      outer loop
         vertex 1.000000e+00 3.022299e+00 4.595183e+00
         vertex 1.000000e+00 4.621065e+00 5.257924e+00
         vertex 1.000000e+00 4.055948e+00 5.705198e+00
      endloop
   endfacet
   facet normal 1.000000e+00 0.000000e+00 -0.000000e+00
      outer loop
         vertex 1.000000e+00 3.022299e+00 4.595183e+00
         vertex 1.000000e+00 4.055948e+00 5.705198e+00
         vertex 1.000000e+00 2.468396e+00 4.914979e+00
      endloop
   endfacet
   facet normal 1.000000e+00 0.000000e+00 0.000000e+00
      outer loop
         vertex 1.000000e+00 2.468396e+00 4.914979e+00
         vertex 1.000000e+00 4.055948e+00 5.705198e+00
         vertex 1.000000e+00 3.447836e+00 6.091997e+00
      endloop
   endfacet
   facet normal 1.000000e+00 0.000000e+00 0.000000e+00
      outer loop
         vertex 1.000000e+00 2.468396e+00 4.914979e+00
         vertex 1.000000e+00 3.447836e+00 6.091997e+00
         vertex 1.000000e+00 2.803177e+00 6.414218e+00
      endloop
   endfacet
   facet normal 1.000000e+00 0.000000e+00 -0.000000e+00
      outer loop
         vertex 1.000000e+00 4.344266e+00 -5.488839e+00
         vertex 1.000000e+00 4.885609e+00 -5.013065e+00
         vertex 1.000000e+00 4.000555e+00 -3.774329e+00
      endloop
   endfacet
   facet normal 1.000000e+00 0.000000e+00 0.000000e+00
      outer loop
         vertex 1.000000e+00 4.000555e+00 -3.774329e+00
         vertex 1.000000e+00 4.885609e+00 -5.013065e+00
         vertex 1.000000e+00 5.375163e+00 -4.484152e+00
      endloop
   endfacet
   facet normal 1.000000e+00 -0.000000e+00 0.000000e+00
      outer loop
         vertex 1.000000e+00 4.000555e+00 -3.774329e+00
         vertex 1.000000e+00 5.375163e+00 -4.484152e+00
         vertex 1.000000e+00 4.411677e+00 -3.284372e+00
      endloop
   endfacet
   facet normal 1.000000e+00 0.000000e+00 0.000000e+00
      outer loop
         vertex 1.000000e+00 4.411677e+00 -3.284372e+00
         vertex 1.000000e+00 5.375163e+00 -4.484152e+00
         vertex 1.000000e+00 5.807739e+00 -3.907706e+00
      endloop
   endfacet
   facet normal 1.000000e+00 -0.000000e+00 0.000000e+00
      outer loop
         vertex 1.000000e+00 4.411677e+00 -3.284372e+00
         vertex 1.000000e+00 5.807739e+00 -3.907706e+00
         vertex 1.000000e+00 4.763140e+00 -2.750000e+00
      endloop
   endfacet
   facet normal 1.000000e+00 0.000000e+00 0.000000e+00
      outer loop
         vertex 1.000000e+00 4.763140e+00 -2.750000e+00
         vertex 1.000000e+00 5.807739e+00 -3.907706e+00
         vertex 1.000000e+00 6.178752e+00 -3.289837e+00
      endloop
   endfacet
   facet normal 1.000000e+00 -0.000000e+00 0.000000e+00
      outer loop
         vertex 1.000000e+00 4.763140e+00 -2.750000e+00
         vertex 1.000000e+00 6.178752e+00 -3.289837e+00
         vertex 1.000000e+00 5.050188e+00 -2.178439e+00
      endloop
   endfacet
   facet normal 1.000000e+00 0.000000e+00 0.000000e+00
      outer loop
         vertex 1.000000e+00 5.050188e+00 -2.178439e+00
         vertex 1.000000e+00 6.178752e+00 -3.289837e+00
         vertex 1.000000e+00 6.484268e+00 -2.637095e+00
      endloop
   endfacet
   facet normal 1.000000e+00 -0.000000e+00 0.000000e+00
      outer loop
         vertex 1.000000e+00 5.050188e+00 -2.178439e+00
         vertex 1.000000e+00 6.484268e+00 -2.637095e+00
         vertex 1.000000e+00 5.268942e+00 -1.577418e+00
      endloop
   endfacet
   facet normal 1.000000e+00 0.000000e+00 0.000000e+00
      outer loop
         vertex 1.000000e+00 5.268942e+00 -1.577418e+00
         vertex 1.000000e+00 6.484268e+00 -2.637095e+00
         vertex 1.000000e+00 6.721049e+00 -1.956400e+00
      endloop
   endfacet
   facet normal 1.000000e+00 -0.000000e+00 0.000000e+00
      outer loop
         vertex 1.000000e+00 5.268942e+00 -1.577418e+00
         vertex 1.000000e+00 6.721049e+00 -1.956400e+00
         vertex 1.000000e+00 5.416443e+00 -9.550650e-01
      endloop
   endfacet
   facet normal 1.000000e+00 0.000000e+00 0.000000e+00
      outer loop
         vertex 1.000000e+00 5.416443e+00 -9.550650e-01
         vertex 1.000000e+00 6.721049e+00 -1.956400e+00
         vertex 1.000000e+00 6.886586e+00 -1.254965e+00
      endloop
   endfacet
   facet normal 1.000000e+00 -0.000000e+00 0.000000e+00
      outer loop
         vertex 1.000000e+00 5.416443e+00 -9.550650e-01
         vertex 1.000000e+00 6.886586e+00 -1.254965e+00
         vertex 1.000000e+00 5.490695e+00 -3.197966e-01
      endloop
   endfacet
   facet normal 1.000000e+00 0.000000e+00 0.000000e+00
      outer loop
         vertex 1.000000e+00 5.490695e+00 -3.197966e-01
         vertex 1.000000e+00 6.886586e+00 -1.254965e+00
         vertex 1.000000e+00 6.979123e+00 -5.402282e-01
      endloop
   endfacet
   facet normal 1.000000e+00 -0.000000e+00 0.000000e+00
      outer loop
         vertex 1.000000e+00 5.490695e+00 -3.197966e-01
         vertex 1.000000e+00 6.979123e+00 -5.402282e-01
         vertex 1.000000e+00 5.490695e+00 3.197966e-01
      endloop
   endfacet
   facet normal 1.000000e+00 0.000000e+00 0.000000e+00
      outer loop
         vertex 1.000000e+00 5.490695e+00 3.197966e-01
         vertex 1.000000e+00 6.979123e+00 -5.402282e-01
         vertex 1.000000e+00 6.997679e+00 1.802354e-01
      endloop
   endfacet
   facet normal 1.000000e+00 -0.000000e+00 -0.000000e+00
      outer loop
         vertex 1.000000e+00 5.490695e+00 3.197966e-01
         vertex 1.000000e+00 6.997679e+00 1.802354e-01
         vertex 1.000000e+00 5.416443e+00 9.550650e-01
      endloop
   endfacet
   facet normal 1.000000e+00 0.000000e+00 0.000000e+00
      outer loop
         vertex 1.000000e+00 5.416443e+00 9.550650e-01
         vertex 1.000000e+00 6.997679e+00 1.802354e-01
         vertex 1.000000e+00 6.942059e+00 8.987885e-01
      endloop
   endfacet
   facet normal 1.000000e+00 -0.000000e+00 0.000000e+00
      outer loop
         vertex 1.000000e+00 5.416443e+00 9.550650e-01
         vertex 1.000000e+00 6.942059e+00 8.987885e-01
         vertex 1.000000e+00 6.812850e+00 1.607814e+00
      endloop
   endfacet
   facet normal 0.000000e+00 5.814495e-02 9.983082e-01
      outer loop
         vertex 1.000000e+00 0.000000e+00 5.500000e+00
         vertex 4.000000e+00 6.385110e-01 5.462811e+00
         vertex 1.000000e+00 6.385110e-01 5.462811e+00
      endloop
   endfacet
   facet normal -0.000000e+00 1.736478e-01 9.848078e-01
      outer loop
         vertex 1.000000e+00 6.385110e-01 5.462811e+00
         vertex 4.000000e+00 6.385110e-01 5.462811e+00
         vertex 4.000000e+00 1.268387e+00 5.351747e+00
      endloop
   endfacet
   facet normal 0.000000e+00 1.736478e-01 9.848078e-01
      outer loop
         vertex 1.000000e+00 6.385110e-01 5.462811e+00
         vertex 4.000000e+00 1.268387e+00 5.351747e+00
         vertex 1.000000e+00 1.268387e+00 5.351747e+00
      endloop
   endfacet
   facet normal -0.000000e+00 2.868034e-01 9.579895e-01
      outer loop
         vertex 1.000000e+00 1.268387e+00 5.351747e+00
         vertex 4.000000e+00 1.268387e+00 5.351747e+00
         vertex 4.000000e+00 1.881111e+00 5.168309e+00
      endloop
   endfacet
   facet normal 0.000000e+00 2.868034e-01 9.579895e-01
      outer loop
         vertex 1.000000e+00 1.268387e+00 5.351747e+00
         vertex 4.000000e+00 1.881111e+00 5.168309e+00
         vertex 1.000000e+00 1.881111e+00 5.168309e+00
      endloop
   endfacet
   facet normal -0.000000e+00 3.960799e-01 9.182160e-01
      outer loop
         vertex 1.000000e+00 1.881111e+00 5.168309e+00
         vertex 4.000000e+00 1.881111e+00 5.168309e+00
         vertex 4.000000e+00 2.468396e+00 4.914979e+00
      endloop
   endfacet
   facet normal 0.000000e+00 3.960799e-01 9.182160e-01
      outer loop
         vertex 1.000000e+00 1.881111e+00 5.168309e+00
         vertex 4.000000e+00 2.468396e+00 4.914979e+00
         vertex 1.000000e+00 2.468396e+00 4.914979e+00
      endloop
   endfacet
   facet normal -0.000000e+00 5.000001e-01 8.660254e-01
      outer loop
         vertex 1.000000e+00 2.468396e+00 4.914979e+00
         vertex 4.000000e+00 2.468396e+00 4.914979e+00
         vertex 4.000000e+00 3.022299e+00 4.595183e+00
      endloop
   endfacet
   facet normal 0.000000e+00 5.000001e-01 8.660254e-01
      outer loop
         vertex 1.000000e+00 2.468396e+00 4.914979e+00
         vertex 4.000000e+00 3.022299e+00 4.595183e+00
         vertex 1.000000e+00 3.022299e+00 4.595183e+00
      endloop
   endfacet
   facet normal -0.000000e+00 5.971582e-01 8.021235e-01
      outer loop
         vertex 1.000000e+00 3.022299e+00 4.595183e+00
         vertex 4.000000e+00 3.022299e+00 4.595183e+00
         vertex 4.000000e+00 3.535332e+00 4.213245e+00
      endloop
   endfacet
   facet normal 0.000000e+00 5.971582e-01 8.021235e-01
      outer loop
         vertex 1.000000e+00 3.022299e+00 4.595183e+00
         vertex 4.000000e+00 3.535332e+00 4.213245e+00
         vertex 1.000000e+00 3.535332e+00 4.213245e+00
      endloop
   endfacet
   facet normal -0.000000e+00 6.862416e-01 7.273737e-01
      outer loop
         vertex 1.000000e+00 3.535332e+00 4.213245e+00
         vertex 4.000000e+00 3.535332e+00 4.213245e+00
         vertex 4.000000e+00 4.000555e+00 3.774329e+00
      endloop
   endfacet
   facet normal 0.000000e+00 6.862416e-01 7.273737e-01
      outer loop
         vertex 1.000000e+00 3.535332e+00 4.213245e+00
         vertex 4.000000e+00 4.000555e+00 3.774329e+00
         vertex 1.000000e+00 4.000555e+00 3.774329e+00
      endloop
   endfacet
   facet normal -0.000000e+00 7.660449e-01 6.427871e-01
      outer loop
         vertex 1.000000e+00 4.000555e+00 3.774329e+00
         vertex 4.000000e+00 4.000555e+00 3.774329e+00
         vertex 4.000000e+00 4.411677e+00 3.284372e+00
      endloop
   endfacet
   facet normal 0.000000e+00 7.660449e-01 6.427871e-01
      outer loop
         vertex 1.000000e+00 4.000555e+00 3.774329e+00
         vertex 4.000000e+00 4.411677e+00 3.284372e+00
         vertex 1.000000e+00 4.411677e+00 3.284372e+00
      endloop
   endfacet
   facet normal -0.000000e+00 8.354875e-01 5.495094e-01
      outer loop
         vertex 1.000000e+00 4.411677e+00 3.284372e+00
         vertex 4.000000e+00 4.411677e+00 3.284372e+00
         vertex 4.000000e+00 4.763140e+00 2.750000e+00
      endloop
   endfacet
   facet normal 0.000000e+00 8.354875e-01 5.495094e-01
      outer loop
         vertex 1.000000e+00 4.411677e+00 3.284372e+00
         vertex 4.000000e+00 4.763140e+00 2.750000e+00
         vertex 1.000000e+00 4.763140e+00 2.750000e+00
      endloop
   endfacet
   facet normal -0.000000e+00 8.936329e-01 4.487988e-01
      outer loop
         vertex 1.000000e+00 4.763140e+00 2.750000e+00
         vertex 4.000000e+00 4.763140e+00 2.750000e+00
         vertex 4.000000e+00 5.050188e+00 2.178439e+00
      endloop
   endfacet
   facet normal 0.000000e+00 8.936329e-01 4.487988e-01
      outer loop
         vertex 1.000000e+00 4.763140e+00 2.750000e+00
         vertex 4.000000e+00 5.050188e+00 2.178439e+00
         vertex 1.000000e+00 5.050188e+00 2.178439e+00
      endloop
   endfacet
   facet normal -0.000000e+00 9.396926e-01 3.420201e-01
      outer loop
         vertex 1.000000e+00 5.050188e+00 2.178439e+00
         vertex 4.000000e+00 5.050188e+00 2.178439e+00
         vertex 4.000000e+00 5.268942e+00 1.577418e+00
      endloop
   endfacet
   facet normal 0.000000e+00 9.396926e-01 3.420201e-01
      outer loop
         vertex 1.000000e+00 5.050188e+00 2.178439e+00
         vertex 4.000000e+00 5.268942e+00 1.577418e+00
         vertex 1.000000e+00 5.268942e+00 1.577418e+00
      endloop
   endfacet
   facet normal -0.000000e+00 9.730448e-01 2.306162e-01
      outer loop
         vertex 1.000000e+00 5.268942e+00 1.577418e+00
         vertex 4.000000e+00 5.268942e+00 1.577418e+00
         vertex 4.000000e+00 5.416443e+00 9.550650e-01
      endloop
   endfacet
   facet normal 0.000000e+00 9.730448e-01 2.306162e-01
      outer loop
         vertex 1.000000e+00 5.268942e+00 1.577418e+00
         vertex 4.000000e+00 5.416443e+00 9.550650e-01
         vertex 1.000000e+00 5.416443e+00 9.550650e-01
      endloop
   endfacet
   facet normal -0.000000e+00 9.932384e-01 1.160926e-01
      outer loop
         vertex 1.000000e+00 5.416443e+00 9.550650e-01
         vertex 4.000000e+00 5.416443e+00 9.550650e-01
         vertex 4.000000e+00 5.490695e+00 3.197966e-01
      endloop
   endfacet
   facet normal 0.000000e+00 9.932384e-01 1.160926e-01
      outer loop
         vertex 1.000000e+00 5.416443e+00 9.550650e-01
         vertex 4.000000e+00 5.490695e+00 3.197966e-01
         vertex 1.000000e+00 5.490695e+00 3.197966e-01
      endloop
   endfacet
   facet normal -0.000000e+00 1.000000e+00 0.000000e+00
      outer loop
         vertex 1.000000e+00 5.490695e+00 3.197966e-01
         vertex 4.000000e+00 5.490695e+00 3.197966e-01
         vertex 4.000000e+00 5.490695e+00 -3.197966e-01
      endloop
   endfacet
   facet normal 0.000000e+00 1.000000e+00 0.000000e+00
      outer loop
         vertex 1.000000e+00 5.490695e+00 3.197966e-01
         vertex 4.000000e+00 5.490695e+00 -3.197966e-01
         vertex 1.000000e+00 5.490695e+00 -3.197966e-01
      endloop
   endfacet
   facet normal 0.000000e+00 9.932384e-01 -1.160926e-01
      outer loop
         vertex 1.000000e+00 5.490695e+00 -3.197966e-01
         vertex 4.000000e+00 5.490695e+00 -3.197966e-01
         vertex 4.000000e+00 5.416443e+00 -9.550650e-01
      endloop
   endfacet
   facet normal 0.000000e+00 9.932384e-01 -1.160926e-01
      outer loop
         vertex 1.000000e+00 5.490695e+00 -3.197966e-01
         vertex 4.000000e+00 5.416443e+00 -9.550650e-01
         vertex 1.000000e+00 5.416443e+00 -9.550650e-01
      endloop
   endfacet
   facet normal 0.000000e+00 9.730448e-01 -2.306162e-01
      outer loop
         vertex 1.000000e+00 5.416443e+00 -9.550650e-01
         vertex 4.000000e+00 5.416443e+00 -9.550650e-01
         vertex 4.000000e+00 5.268942e+00 -1.577418e+00
      endloop
   endfacet
   facet normal 0.000000e+00 9.730448e-01 -2.306162e-01
      outer loop
         vertex 1.000000e+00 5.416443e+00 -9.550650e-01
         vertex 4.000000e+00 5.268942e+00 -1.577418e+00
         vertex 1.000000e+00 5.268942e+00 -1.577418e+00
      endloop
   endfacet
   facet normal 0.000000e+00 9.396926e-01 -3.420201e-01
      outer loop
         vertex 1.000000e+00 5.268942e+00 -1.577418e+00
         vertex 4.000000e+00 5.268942e+00 -1.577418e+00
         vertex 4.000000e+00 5.050188e+00 -2.178439e+00
      endloop
   endfacet
   facet normal 0.000000e+00 9.396926e-01 -3.420201e-01
      outer loop
         vertex 1.000000e+00 5.268942e+00 -1.577418e+00
         vertex 4.000000e+00 5.050188e+00 -2.178439e+00
         vertex 1.000000e+00 5.050188e+00 -2.178439e+00
      endloop
   endfacet
   facet normal 0.000000e+00 8.936329e-01 -4.487988e-01
      outer loop
         vertex 1.000000e+00 5.050188e+00 -2.178439e+00
         vertex 4.000000e+00 5.050188e+00 -2.178439e+00
         vertex 4.000000e+00 4.763140e+00 -2.750000e+00
      endloop
   endfacet
   facet normal 0.000000e+00 8.936329e-01 -4.487988e-01
      outer loop
         vertex 1.000000e+00 5.050188e+00 -2.178439e+00
         vertex 4.000000e+00 4.763140e+00 -2.750000e+00
         vertex 1.000000e+00 4.763140e+00 -2.750000e+00
      endloop
   endfacet
   facet normal 0.000000e+00 8.354875e-01 -5.495094e-01
      outer loop
         vertex 1.000000e+00 4.763140e+00 -2.750000e+00
         vertex 4.000000e+00 4.763140e+00 -2.750000e+00
         vertex 4.000000e+00 4.411677e+00 -3.284372e+00
      endloop
   endfacet
   facet normal 0.000000e+00 8.354875e-01 -5.495094e-01
      outer loop
         vertex 1.000000e+00 4.763140e+00 -2.750000e+00
         vertex 4.000000e+00 4.411677e+00 -3.284372e+00
         vertex 1.000000e+00 4.411677e+00 -3.284372e+00
      endloop
   endfacet
   facet normal 0.000000e+00 7.660449e-01 -6.427871e-01
      outer loop
         vertex 1.000000e+00 4.411677e+00 -3.284372e+00
         vertex 4.000000e+00 4.411677e+00 -3.284372e+00
         vertex 4.000000e+00 4.000555e+00 -3.774329e+00
      endloop
   endfacet
   facet normal 0.000000e+00 7.660449e-01 -6.427871e-01
      outer loop
         vertex 1.000000e+00 4.411677e+00 -3.284372e+00
         vertex 4.000000e+00 4.000555e+00 -3.774329e+00
         vertex 1.000000e+00 4.000555e+00 -3.774329e+00
      endloop
   endfacet
   facet normal 0.000000e+00 6.862416e-01 -7.273737e-01
      outer loop
         vertex 1.000000e+00 4.000555e+00 -3.774329e+00
         vertex 4.000000e+00 4.000555e+00 -3.774329e+00
         vertex 4.000000e+00 3.535332e+00 -4.213245e+00
      endloop
   endfacet
   facet normal 0.000000e+00 6.862416e-01 -7.273737e-01
      outer loop
         vertex 1.000000e+00 4.000555e+00 -3.774329e+00
         vertex 4.000000e+00 3.535332e+00 -4.213245e+00
         vertex 1.000000e+00 3.535332e+00 -4.213245e+00
      endloop
   endfacet
   facet normal 0.000000e+00 5.971582e-01 -8.021235e-01
      outer loop
         vertex 1.000000e+00 3.535332e+00 -4.213245e+00
         vertex 4.000000e+00 3.535332e+00 -4.213245e+00
         vertex 4.000000e+00 3.022299e+00 -4.595183e+00
      endloop
   endfacet
   facet normal 0.000000e+00 5.971582e-01 -8.021235e-01
      outer loop
         vertex 1.000000e+00 3.535332e+00 -4.213245e+00
         vertex 4.000000e+00 3.022299e+00 -4.595183e+00
         vertex 1.000000e+00 3.022299e+00 -4.595183e+00
      endloop
   endfacet
   facet normal 0.000000e+00 5.000001e-01 -8.660254e-01
      outer loop
         vertex 1.000000e+00 3.022299e+00 -4.595183e+00
         vertex 4.000000e+00 3.022299e+00 -4.595183e+00
         vertex 4.000000e+00 2.468396e+00 -4.914979e+00
      endloop
   endfacet
   facet normal 0.000000e+00 5.000001e-01 -8.660254e-01
      outer loop
         vertex 1.000000e+00 3.022299e+00 -4.595183e+00
         vertex 4.000000e+00 2.468396e+00 -4.914979e+00
         vertex 1.000000e+00 2.468396e+00 -4.914979e+00
      endloop
   endfacet
   facet normal 0.000000e+00 3.960799e-01 -9.182160e-01
      outer loop
         vertex 1.000000e+00 2.468396e+00 -4.914979e+00
         vertex 4.000000e+00 2.468396e+00 -4.914979e+00
         vertex 4.000000e+00 1.881111e+00 -5.168309e+00
      endloop
   endfacet
   facet normal 0.000000e+00 3.960799e-01 -9.182160e-01
      outer loop
         vertex 1.000000e+00 2.468396e+00 -4.914979e+00
         vertex 4.000000e+00 1.881111e+00 -5.168309e+00
         vertex 1.000000e+00 1.881111e+00 -5.168309e+00
      endloop
   endfacet
   facet normal 0.000000e+00 2.868034e-01 -9.579895e-01
      outer loop
         vertex 1.000000e+00 1.881111e+00 -5.168309e+00
         vertex 4.000000e+00 1.881111e+00 -5.168309e+00
         vertex 4.000000e+00 1.268387e+00 -5.351747e+00
      endloop
   endfacet
   facet normal 0.000000e+00 2.868034e-01 -9.579895e-01
      outer loop
         vertex 1.000000e+00 1.881111e+00 -5.168309e+00
         vertex 4.000000e+00 1.268387e+00 -5.351747e+00
         vertex 1.000000e+00 1.268387e+00 -5.351747e+00
      endloop
   endfacet
   facet normal 0.000000e+00 1.736478e-01 -9.848078e-01
      outer loop
         vertex 1.000000e+00 1.268387e+00 -5.351747e+00
         vertex 4.000000e+00 1.268387e+00 -5.351747e+00
         vertex 4.000000e+00 6.385110e-01 -5.462811e+00
      endloop
   endfacet
   facet normal 0.000000e+00 1.736478e-01 -9.848078e-01
      outer loop
         vertex 1.000000e+00 1.268387e+00 -5.351747e+00
         vertex 4.000000e+00 6.385110e-01 -5.462811e+00
         vertex 1.000000e+00 6.385110e-01 -5.462811e+00
      endloop
   endfacet
   facet normal 0.000000e+00 5.814495e-02 -9.983082e-01
      outer loop
         vertex 1.000000e+00 6.385110e-01 -5.462811e+00
         vertex 4.000000e+00 6.385110e-01 -5.462811e+00
         vertex 4.000000e+00 6.735558e-16 -5.500000e+00
      endloop
   endfacet
   facet normal 0.000000e+00 5.814495e-02 -9.983082e-01
      outer loop
         vertex 1.000000e+00 6.385110e-01 -5.462811e+00
         vertex 4.000000e+00 6.735558e-16 -5.500000e+00
         vertex 1.000000e+00 6.735558e-16 -5.500000e+00
      endloop
   endfacet
   facet normal 0.000000e+00 -5.814495e-02 -9.983082e-01
      outer loop
         vertex 1.000000e+00 6.735558e-16 -5.500000e+00
         vertex 4.000000e+00 6.735558e-16 -5.500000e+00
         vertex 4.000000e+00 -6.385110e-01 -5.462811e+00
      endloop
   endfacet
   facet normal 0.000000e+00 -5.814495e-02 -9.983082e-01
      outer loop
         vertex 1.000000e+00 6.735558e-16 -5.500000e+00
         vertex 4.000000e+00 -6.385110e-01 -5.462811e+00
         vertex 1.000000e+00 -6.385110e-01 -5.462811e+00
      endloop
   endfacet
   facet normal 0.000000e+00 -1.736478e-01 -9.848078e-01
      outer loop
         vertex 1.000000e+00 -6.385110e-01 -5.462811e+00
         vertex 4.000000e+00 -6.385110e-01 -5.462811e+00
         vertex 4.000000e+00 -1.268387e+00 -5.351747e+00
      endloop
   endfacet
   facet normal 0.000000e+00 -1.736478e-01 -9.848078e-01
      outer loop
         vertex 1.000000e+00 -6.385110e-01 -5.462811e+00
         vertex 4.000000e+00 -1.268387e+00 -5.351747e+00
         vertex 1.000000e+00 -1.268387e+00 -5.351747e+00
      endloop
   endfacet
   facet normal 0.000000e+00 -2.868034e-01 -9.579895e-01
      outer loop
         vertex 1.000000e+00 -1.268387e+00 -5.351747e+00
         vertex 4.000000e+00 -1.268387e+00 -5.351747e+00
         vertex 4.000000e+00 -1.881111e+00 -5.168309e+00
      endloop
   endfacet
   facet normal 0.000000e+00 -2.868034e-01 -9.579895e-01
      outer loop
         vertex 1.000000e+00 -1.268387e+00 -5.351747e+00
         vertex 4.000000e+00 -1.881111e+00 -5.168309e+00
         vertex 1.000000e+00 -1.881111e+00 -5.168309e+00
      endloop
   endfacet
   facet normal 0.000000e+00 -3.960799e-01 -9.182160e-01
      outer loop
         vertex 1.000000e+00 -1.881111e+00 -5.168309e+00
         vertex 4.000000e+00 -1.881111e+00 -5.168309e+00
         vertex 4.000000e+00 -2.468396e+00 -4.914979e+00
      endloop
   endfacet
   facet normal 0.000000e+00 -3.960799e-01 -9.182160e-01
      outer loop
         vertex 1.000000e+00 -1.881111e+00 -5.168309e+00
         vertex 4.000000e+00 -2.468396e+00 -4.914979e+00
         vertex 1.000000e+00 -2.468396e+00 -4.914979e+00
      endloop
   endfacet
   facet normal 0.000000e+00 -5.000001e-01 -8.660254e-01
      outer loop
         vertex 1.000000e+00 -2.468396e+00 -4.914979e+00
         vertex 4.000000e+00 -2.468396e+00 -4.914979e+00
         vertex 4.000000e+00 -3.022299e+00 -4.595183e+00
      endloop
   endfacet
   facet normal 0.000000e+00 -5.000001e-01 -8.660254e-01
      outer loop
         vertex 1.000000e+00 -2.468396e+00 -4.914979e+00
         vertex 4.000000e+00 -3.022299e+00 -4.595183e+00
         vertex 1.000000e+00 -3.022299e+00 -4.595183e+00
      endloop
   endfacet
   facet normal 0.000000e+00 -5.971582e-01 -8.021235e-01
      outer loop
         vertex 1.000000e+00 -3.022299e+00 -4.595183e+00
         vertex 4.000000e+00 -3.022299e+00 -4.595183e+00
         vertex 4.000000e+00 -3.535332e+00 -4.213245e+00
      endloop
   endfacet
   facet normal 0.000000e+00 -5.971582e-01 -8.021235e-01
      outer loop
         vertex 1.000000e+00 -3.022299e+00 -4.595183e+00
         vertex 4.000000e+00 -3.535332e+00 -4.213245e+00
         vertex 1.000000e+00 -3.535332e+00 -4.213245e+00
      endloop
   endfacet
   facet normal 0.000000e+00 -6.862416e-01 -7.273737e-01
      outer loop
         vertex 1.000000e+00 -3.535332e+00 -4.213245e+00
         vertex 4.000000e+00 -3.535332e+00 -4.213245e+00
         vertex 4.000000e+00 -4.000555e+00 -3.774329e+00
      endloop
   endfacet
   facet normal 0.000000e+00 -6.862416e-01 -7.273737e-01
      outer loop
         vertex 1.000000e+00 -3.535332e+00 -4.213245e+00
         vertex 4.000000e+00 -4.000555e+00 -3.774329e+00
         vertex 1.000000e+00 -4.000555e+00 -3.774329e+00
      endloop
   endfacet
   facet normal 0.000000e+00 -7.660449e-01 -6.427871e-01
      outer loop
         vertex 1.000000e+00 -4.000555e+00 -3.774329e+00
         vertex 4.000000e+00 -4.000555e+00 -3.774329e+00
         vertex 4.000000e+00 -4.411677e+00 -3.284372e+00
      endloop
   endfacet
   facet normal 0.000000e+00 -7.660449e-01 -6.427871e-01
      outer loop
         vertex 1.000000e+00 -4.000555e+00 -3.774329e+00
         vertex 4.000000e+00 -4.411677e+00 -3.284372e+00
         vertex 1.000000e+00 -4.411677e+00 -3.284372e+00
      endloop
   endfacet
   facet normal 0.000000e+00 -8.354875e-01 -5.495094e-01
      outer loop
         vertex 1.000000e+00 -4.411677e+00 -3.284372e+00
         vertex 4.000000e+00 -4.411677e+00 -3.284372e+00
         vertex 4.000000e+00 -4.763140e+00 -2.750000e+00
      endloop
   endfacet
   facet normal 0.000000e+00 -8.354875e-01 -5.495094e-01
      outer loop
         vertex 1.000000e+00 -4.411677e+00 -3.284372e+00
         vertex 4.000000e+00 -4.763140e+00 -2.750000e+00
         vertex 1.000000e+00 -4.763140e+00 -2.750000e+00
      endloop
   endfacet
   facet normal 0.000000e+00 -8.936329e-01 -4.487988e-01
      outer loop
         vertex 1.000000e+00 -4.763140e+00 -2.750000e+00
         vertex 4.000000e+00 -4.763140e+00 -2.750000e+00
         vertex 4.000000e+00 -5.050188e+00 -2.178439e+00
      endloop
   endfacet
   facet normal 0.000000e+00 -8.936329e-01 -4.487988e-01
      outer loop
         vertex 1.000000e+00 -4.763140e+00 -2.750000e+00
         vertex 4.000000e+00 -5.050188e+00 -2.178439e+00
         vertex 1.000000e+00 -5.050188e+00 -2.178439e+00
      endloop
   endfacet
   facet normal 0.000000e+00 -9.396926e-01 -3.420201e-01
      outer loop
         vertex 1.000000e+00 -5.050188e+00 -2.178439e+00
         vertex 4.000000e+00 -5.050188e+00 -2.178439e+00
         vertex 4.000000e+00 -5.268942e+00 -1.577418e+00
      endloop
   endfacet
   facet normal 0.000000e+00 -9.396926e-01 -3.420201e-01
      outer loop
         vertex 1.000000e+00 -5.050188e+00 -2.178439e+00
         vertex 4.000000e+00 -5.268942e+00 -1.577418e+00
         vertex 1.000000e+00 -5.268942e+00 -1.577418e+00
      endloop
   endfacet
   facet normal 0.000000e+00 -9.730448e-01 -2.306162e-01
      outer loop
         vertex 1.000000e+00 -5.268942e+00 -1.577418e+00
         vertex 4.000000e+00 -5.268942e+00 -1.577418e+00
         vertex 4.000000e+00 -5.416443e+00 -9.550650e-01
      endloop
   endfacet
   facet normal 0.000000e+00 -9.730448e-01 -2.306162e-01
      outer loop
         vertex 1.000000e+00 -5.268942e+00 -1.577418e+00
         vertex 4.000000e+00 -5.416443e+00 -9.550650e-01
         vertex 1.000000e+00 -5.416443e+00 -9.550650e-01
      endloop
   endfacet
   facet normal 0.000000e+00 -9.932384e-01 -1.160926e-01
      outer loop
         vertex 1.000000e+00 -5.416443e+00 -9.550650e-01
         vertex 4.000000e+00 -5.416443e+00 -9.550650e-01
         vertex 4.000000e+00 -5.490695e+00 -3.197966e-01
      endloop
   endfacet
   facet normal 0.000000e+00 -9.932384e-01 -1.160926e-01
      outer loop
         vertex 1.000000e+00 -5.416443e+00 -9.550650e-01
         vertex 4.000000e+00 -5.490695e+00 -3.197966e-01
         vertex 1.000000e+00 -5.490695e+00 -3.197966e-01
      endloop
   endfacet
   facet normal 0.000000e+00 -1.000000e+00 0.000000e+00
      outer loop
         vertex 1.000000e+00 -5.490695e+00 -3.197966e-01
         vertex 4.000000e+00 -5.490695e+00 -3.197966e-01
         vertex 4.000000e+00 -5.490695e+00 3.197966e-01
      endloop
   endfacet
   facet normal 0.000000e+00 -1.000000e+00 0.000000e+00
      outer loop
         vertex 1.000000e+00 -5.490695e+00 -3.197966e-01
         vertex 4.000000e+00 -5.490695e+00 3.197966e-01
         vertex 1.000000e+00 -5.490695e+00 3.197966e-01
      endloop
   endfacet
   facet normal 0.000000e+00 -9.932384e-01 1.160926e-01
      outer loop
         vertex 1.000000e+00 -5.490695e+00 3.197966e-01
         vertex 4.000000e+00 -5.490695e+00 3.197966e-01
         vertex 4.000000e+00 -5.416443e+00 9.550650e-01
      endloop
   endfacet
   facet normal 0.000000e+00 -9.932384e-01 1.160926e-01
      outer loop
         vertex 1.000000e+00 -5.490695e+00 3.197966e-01
         vertex 4.000000e+00 -5.416443e+00 9.550650e-01
         vertex 1.000000e+00 -5.416443e+00 9.550650e-01
      endloop
   endfacet
   facet normal 0.000000e+00 -9.730448e-01 2.306162e-01
      outer loop
         vertex 1.000000e+00 -5.416443e+00 9.550650e-01
         vertex 4.000000e+00 -5.416443e+00 9.550650e-01
         vertex 4.000000e+00 -5.268942e+00 1.577418e+00
      endloop
   endfacet
   facet normal 0.000000e+00 -9.730448e-01 2.306162e-01
      outer loop
         vertex 1.000000e+00 -5.416443e+00 9.550650e-01
         vertex 4.000000e+00 -5.268942e+00 1.577418e+00
         vertex 1.000000e+00 -5.268942e+00 1.577418e+00
      endloop
   endfacet
   facet normal 0.000000e+00 -9.396926e-01 3.420201e-01
      outer loop
         vertex 1.000000e+00 -5.268942e+00 1.577418e+00
         vertex 4.000000e+00 -5.268942e+00 1.577418e+00
         vertex 4.000000e+00 -5.050188e+00 2.178439e+00
      endloop
   endfacet
   facet normal 0.000000e+00 -9.396926e-01 3.420201e-01
      outer loop
         vertex 1.000000e+00 -5.268942e+00 1.577418e+00
         vertex 4.000000e+00 -5.050188e+00 2.178439e+00
         vertex 1.000000e+00 -5.050188e+00 2.178439e+00
      endloop
   endfacet
   facet normal 0.000000e+00 -8.936329e-01 4.487988e-01
      outer loop
         vertex 1.000000e+00 -5.050188e+00 2.178439e+00
         vertex 4.000000e+00 -5.050188e+00 2.178439e+00
         vertex 4.000000e+00 -4.763140e+00 2.750000e+00
      endloop
   endfacet
   facet normal 0.000000e+00 -8.936329e-01 4.487988e-01
      outer loop
         vertex 1.000000e+00 -5.050188e+00 2.178439e+00
         vertex 4.000000e+00 -4.763140e+00 2.750000e+00
         vertex 1.000000e+00 -4.763140e+00 2.750000e+00
      endloop
   endfacet
   facet normal 0.000000e+00 -8.354875e-01 5.495094e-01
      outer loop
         vertex 1.000000e+00 -4.763140e+00 2.750000e+00
         vertex 4.000000e+00 -4.763140e+00 2.750000e+00
         vertex 4.000000e+00 -4.411677e+00 3.284372e+00
      endloop
   endfacet
   facet normal 0.000000e+00 -8.354875e-01 5.495094e-01
      outer loop
         vertex 1.000000e+00 -4.763140e+00 2.750000e+00
         vertex 4.000000e+00 -4.411677e+00 3.284372e+00
         vertex 1.000000e+00 -4.411677e+00 3.284372e+00
      endloop
   endfacet
   facet normal 0.000000e+00 -7.660449e-01 6.427871e-01
      outer loop
         vertex 1.000000e+00 -4.411677e+00 3.284372e+00
         vertex 4.000000e+00 -4.411677e+00 3.284372e+00
         vertex 4.000000e+00 -4.000555e+00 3.774329e+00
      endloop
   endfacet
   facet normal 0.000000e+00 -7.660449e-01 6.427871e-01
      outer loop
         vertex 1.000000e+00 -4.411677e+00 3.284372e+00
         vertex 4.000000e+00 -4.000555e+00 3.774329e+00
         vertex 1.000000e+00 -4.000555e+00 3.774329e+00
      endloop
   endfacet
   facet normal 0.000000e+00 -6.862416e-01 7.273737e-01
      outer loop
         vertex 1.000000e+00 -4.000555e+00 3.774329e+00
         vertex 4.000000e+00 -4.000555e+00 3.774329e+00
         vertex 4.000000e+00 -3.535332e+00 4.213245e+00
      endloop
   endfacet
   facet normal 0.000000e+00 -6.862416e-01 7.273737e-01
      outer loop
         vertex 1.000000e+00 -4.000555e+00 3.774329e+00
         vertex 4.000000e+00 -3.535332e+00 4.213245e+00
         vertex 1.000000e+00 -3.535332e+00 4.213245e+00
      endloop
   endfacet
   facet normal 0.000000e+00 -5.971582e-01 8.021235e-01
      outer loop
         vertex 1.000000e+00 -3.535332e+00 4.213245e+00
         vertex 4.000000e+00 -3.535332e+00 4.213245e+00
         vertex 4.000000e+00 -3.022299e+00 4.595183e+00
      endloop
   endfacet
   facet normal 0.000000e+00 -5.971582e-01 8.021235e-01
      outer loop
         vertex 1.000000e+00 -3.535332e+00 4.213245e+00
         vertex 4.000000e+00 -3.022299e+00 4.595183e+00
         vertex 1.000000e+00 -3.022299e+00 4.595183e+00
      endloop
   endfacet
   facet normal 0.000000e+00 -5.000001e-01 8.660254e-01
      outer loop
         vertex 1.000000e+00 -3.022299e+00 4.595183e+00
         vertex 4.000000e+00 -3.022299e+00 4.595183e+00
         vertex 4.000000e+00 -2.468396e+00 4.914979e+00
      endloop
   endfacet
   facet normal 0.000000e+00 -5.000001e-01 8.660254e-01
      outer loop
         vertex 1.000000e+00 -3.022299e+00 4.595183e+00
         vertex 4.000000e+00 -2.468396e+00 4.914979e+00
         vertex 1.000000e+00 -2.468396e+00 4.914979e+00
      endloop
   endfacet
   facet normal 0.000000e+00 -3.960799e-01 9.182160e-01
      outer loop
         vertex 1.000000e+00 -2.468396e+00 4.914979e+00
         vertex 4.000000e+00 -2.468396e+00 4.914979e+00
         vertex 4.000000e+00 -1.881111e+00 5.168309e+00
      endloop
   endfacet
   facet normal 0.000000e+00 -3.960799e-01 9.182160e-01
      outer loop
         vertex 1.000000e+00 -2.468396e+00 4.914979e+00
         vertex 4.000000e+00 -1.881111e+00 5.168309e+00
         vertex 1.000000e+00 -1.881111e+00 5.168309e+00
      endloop
   endfacet
   facet normal 0.000000e+00 -2.868034e-01 9.579895e-01
      outer loop
         vertex 1.000000e+00 -1.881111e+00 5.168309e+00
         vertex 4.000000e+00 -1.881111e+00 5.168309e+00
         vertex 4.000000e+00 -1.268387e+00 5.351747e+00
      endloop
   endfacet
   facet normal 0.000000e+00 -2.868034e-01 9.579895e-01
      outer loop
         vertex 1.000000e+00 -1.881111e+00 5.168309e+00
         vertex 4.000000e+00 -1.268387e+00 5.351747e+00
         vertex 1.000000e+00 -1.268387e+00 5.351747e+00
      endloop
   endfacet
   facet normal 0.000000e+00 -1.736478e-01 9.848078e-01
      outer loop
         vertex 1.000000e+00 -1.268387e+00 5.351747e+00
         vertex 4.000000e+00 -1.268387e+00 5.351747e+00
         vertex 4.000000e+00 -6.385110e-01 5.462811e+00
      endloop
   endfacet
   facet normal 0.000000e+00 -1.736478e-01 9.848078e-01
      outer loop
         vertex 1.000000e+00 -1.268387e+00 5.351747e+00
         vertex 4.000000e+00 -6.385110e-01 5.462811e+00
         vertex 1.000000e+00 -6.385110e-01 5.462811e+00
      endloop
   endfacet
   facet normal 0.000000e+00 -5.814495e-02 9.983082e-01
      outer loop
         vertex 1.000000e+00 -6.385110e-01 5.462811e+00
         vertex 4.000000e+00 -6.385110e-01 5.462811e+00
         vertex 4.000000e+00 0.000000e+00 5.500000e+00
      endloop
   endfacet
   facet normal 0.000000e+00 -5.814495e-02 9.983082e-01
      outer loop
         vertex 1.000000e+00 -6.385110e-01 5.462811e+00
         vertex 4.000000e+00 0.000000e+00 5.500000e+00
         vertex 1.000000e+00 0.000000e+00 5.500000e+00
      endloop
   endfacet
   facet normal -0.000000e+00 5.814495e-02 9.983082e-01
      outer loop
         vertex 1.000000e+00 0.000000e+00 5.500000e+00
         vertex 4.000000e+00 0.000000e+00 5.500000e+00
         vertex 4.000000e+00 6.385110e-01 5.462811e+00
      endloop
   endfacet
   facet normal -1.000000e+00 0.000000e+00 0.000000e+00
      outer loop
         vertex 0.000000e+00 3.603513e-01 -6.990719e+00
         vertex 0.000000e+00 -9.797175e-16 -4.000000e+00
         vertex 0.000000e+00 5.446666e-01 -3.962744e+00
      endloop
   endfacet
   facet normal -1.000000e+00 -0.000000e+00 0.000000e+00
      outer loop
         vertex 0.000000e+00 -2.923344e+00 -2.730213e+00
         vertex 0.000000e+00 -5.375163e+00 -4.484152e+00
         vertex 0.000000e+00 -3.267880e+00 -2.306721e+00
      endloop
   endfacet
   facet normal -1.000000e+00 0.000000e+00 0.000000e+00
      outer loop
         vertex 0.000000e+00 -3.267880e+00 -2.306721e+00
         vertex 0.000000e+00 -5.375163e+00 -4.484152e+00
         vertex 0.000000e+00 -5.807739e+00 -3.907706e+00
      endloop
   endfacet
   facet normal -1.000000e+00 -0.000000e+00 0.000000e+00
      outer loop
         vertex 0.000000e+00 -3.267880e+00 -2.306721e+00
         vertex 0.000000e+00 -5.807739e+00 -3.907706e+00
         vertex 0.000000e+00 -3.551541e+00 -1.840260e+00
      endloop
   endfacet
   facet normal -1.000000e+00 0.000000e+00 0.000000e+00
      outer loop
         vertex 0.000000e+00 -3.551541e+00 -1.840260e+00
         vertex 0.000000e+00 -5.807739e+00 -3.907706e+00
         vertex 0.000000e+00 -6.178752e+00 -3.289837e+00
      endloop
   endfacet
   facet normal -1.000000e+00 -0.000000e+00 0.000000e+00
      outer loop
         vertex 0.000000e+00 -3.551541e+00 -1.840260e+00
         vertex 0.000000e+00 -6.178752e+00 -3.289837e+00
         vertex 0.000000e+00 -3.769044e+00 -1.339518e+00
      endloop
   endfacet
   facet normal -1.000000e+00 -0.000000e+00 0.000000e+00
      outer loop
         vertex 0.000000e+00 3.603513e-01 -6.990719e+00
         vertex 0.000000e+00 8.572528e-16 -7.000000e+00
         vertex 0.000000e+00 -9.797175e-16 -4.000000e+00
      endloop
   endfacet
   facet normal -1.000000e+00 0.000000e+00 -0.000000e+00
      outer loop
         vertex 0.000000e+00 -9.797175e-16 -4.000000e+00
         vertex 0.000000e+00 8.572528e-16 -7.000000e+00
         vertex 0.000000e+00 -3.603513e-01 -6.990719e+00
      endloop
   endfacet
   facet normal -1.000000e+00 -0.000000e+00 0.000000e+00
      outer loop
         vertex 0.000000e+00 -9.797175e-16 -4.000000e+00
         vertex 0.000000e+00 -3.603513e-01 -6.990719e+00
         vertex 0.000000e+00 -5.446666e-01 -3.962744e+00
      endloop
   endfacet
   facet normal -1.000000e+00 0.000000e+00 -0.000000e+00
      outer loop
         vertex 0.000000e+00 -5.446666e-01 -3.962744e+00
         vertex 0.000000e+00 -3.603513e-01 -6.990719e+00
         vertex 0.000000e+00 -1.077234e+00 -6.916615e+00
      endloop
   endfacet
   facet normal -1.000000e+00 -0.000000e+00 0.000000e+00
      outer loop
         vertex 0.000000e+00 -5.446666e-01 -3.962744e+00
         vertex 0.000000e+00 -1.077234e+00 -6.916615e+00
         vertex 0.000000e+00 -1.079187e+00 -3.851669e+00
      endloop
   endfacet
   facet normal -1.000000e+00 0.000000e+00 -0.000000e+00
      outer loop
         vertex 0.000000e+00 -1.079187e+00 -3.851669e+00
         vertex 0.000000e+00 -1.077234e+00 -6.916615e+00
         vertex 0.000000e+00 -1.782698e+00 -6.769194e+00
      endloop
   endfacet
   facet normal -1.000000e+00 -0.000000e+00 0.000000e+00
      outer loop
         vertex 0.000000e+00 -1.079187e+00 -3.851669e+00
         vertex 0.000000e+00 -1.782698e+00 -6.769194e+00
         vertex 0.000000e+00 -1.593604e+00 -3.668845e+00
      endloop
   endfacet
   facet normal -1.000000e+00 0.000000e+00 -0.000000e+00
      outer loop
         vertex 0.000000e+00 2.078336e+00 -3.417678e+00
         vertex 0.000000e+00 3.129657e+00 -6.261410e+00
         vertex 0.000000e+00 1.593604e+00 -3.668845e+00
      endloop
   endfacet
   facet normal -1.000000e+00 0.000000e+00 0.000000e+00
      outer loop
         vertex 0.000000e+00 1.593604e+00 -3.668845e+00
         vertex 0.000000e+00 3.129657e+00 -6.261410e+00
         vertex 0.000000e+00 2.469265e+00 -6.550018e+00
      endloop
   endfacet
   facet normal -1.000000e+00 0.000000e+00 -0.000000e+00
      outer loop
         vertex 0.000000e+00 1.593604e+00 -3.668845e+00
         vertex 0.000000e+00 2.469265e+00 -6.550018e+00
         vertex 0.000000e+00 1.079187e+00 -3.851669e+00
      endloop
   endfacet
   facet normal -1.000000e+00 0.000000e+00 0.000000e+00
      outer loop
         vertex 0.000000e+00 1.079187e+00 -3.851669e+00
         vertex 0.000000e+00 2.469265e+00 -6.550018e+00
         vertex 0.000000e+00 1.782698e+00 -6.769194e+00
      endloop
   endfacet
   facet normal -1.000000e+00 0.000000e+00 -0.000000e+00
      outer loop
         vertex 0.000000e+00 1.079187e+00 -3.851669e+00
         vertex 0.000000e+00 1.782698e+00 -6.769194e+00
         vertex 0.000000e+00 5.446666e-01 -3.962744e+00
      endloop
   endfacet
   facet normal -1.000000e+00 0.000000e+00 0.000000e+00
      outer loop
         vertex 0.000000e+00 5.446666e-01 -3.962744e+00
         vertex 0.000000e+00 1.782698e+00 -6.769194e+00
         vertex 0.000000e+00 1.077234e+00 -6.916615e+00
      endloop
   endfacet
   facet normal -1.000000e+00 0.000000e+00 -0.000000e+00
      outer loop
         vertex 0.000000e+00 5.446666e-01 -3.962744e+00
         vertex 0.000000e+00 1.077234e+00 -6.916615e+00
         vertex 0.000000e+00 3.603513e-01 -6.990719e+00
      endloop
   endfacet
   facet normal -1.000000e+00 0.000000e+00 -0.000000e+00
      outer loop
         vertex 0.000000e+00 3.267880e+00 -2.306721e+00
         vertex 0.000000e+00 5.375163e+00 -4.484152e+00
         vertex 0.000000e+00 2.923344e+00 -2.730213e+00
      endloop
   endfacet
   facet normal -1.000000e+00 0.000000e+00 0.000000e+00
      outer loop
         vertex 0.000000e+00 2.923344e+00 -2.730213e+00
         vertex 0.000000e+00 5.375163e+00 -4.484152e+00
         vertex 0.000000e+00 4.885609e+00 -5.013065e+00
      endloop
   endfacet
   facet normal -1.000000e+00 0.000000e+00 -0.000000e+00
      outer loop
         vertex 0.000000e+00 2.923344e+00 -2.730213e+00
         vertex 0.000000e+00 4.885609e+00 -5.013065e+00
         vertex 0.000000e+00 2.524352e+00 -3.102845e+00
      endloop
   endfacet
   facet normal -1.000000e+00 0.000000e+00 0.000000e+00
      outer loop
         vertex 0.000000e+00 2.524352e+00 -3.102845e+00
         vertex 0.000000e+00 4.885609e+00 -5.013065e+00
         vertex 0.000000e+00 4.344266e+00 -5.488839e+00
      endloop
   endfacet
   facet normal -1.000000e+00 0.000000e+00 -0.000000e+00
      outer loop
         vertex 0.000000e+00 2.524352e+00 -3.102845e+00
         vertex 0.000000e+00 4.344266e+00 -5.488839e+00
         vertex 0.000000e+00 2.078336e+00 -3.417678e+00
      endloop
   endfacet
   facet normal -1.000000e+00 0.000000e+00 0.000000e+00
      outer loop
         vertex 0.000000e+00 2.078336e+00 -3.417678e+00
         vertex 0.000000e+00 4.344266e+00 -5.488839e+00
         vertex 0.000000e+00 3.756873e+00 -5.906429e+00
      endloop
   endfacet
   facet normal -1.000000e+00 0.000000e+00 0.000000e+00
      outer loop
         vertex 0.000000e+00 2.078336e+00 -3.417678e+00
         vertex 0.000000e+00 3.756873e+00 -5.906429e+00
         vertex 0.000000e+00 3.129657e+00 -6.261410e+00
      endloop
   endfacet
   facet normal -1.000000e+00 0.000000e+00 0.000000e+00
      outer loop
         vertex 0.000000e+00 -2.524352e+00 3.102845e+00
         vertex 0.000000e+00 -4.055948e+00 5.705198e+00
         vertex 0.000000e+00 -2.078336e+00 3.417678e+00
      endloop
   endfacet
   facet normal -1.000000e+00 0.000000e+00 0.000000e+00
      outer loop
         vertex 0.000000e+00 -2.078336e+00 3.417678e+00
         vertex 0.000000e+00 -4.055948e+00 5.705198e+00
         vertex 0.000000e+00 -3.447836e+00 6.091997e+00
      endloop
   endfacet
   facet normal -1.000000e+00 0.000000e+00 0.000000e+00
      outer loop
         vertex 0.000000e+00 -2.078336e+00 3.417678e+00
         vertex 0.000000e+00 -3.447836e+00 6.091997e+00
         vertex 0.000000e+00 -1.593604e+00 3.668845e+00
      endloop
   endfacet
   facet normal -1.000000e+00 0.000000e+00 0.000000e+00
      outer loop
         vertex 0.000000e+00 -1.593604e+00 3.668845e+00
         vertex 0.000000e+00 -3.447836e+00 6.091997e+00
         vertex 0.000000e+00 -2.803177e+00 6.414218e+00
      endloop
   endfacet
   facet normal -1.000000e+00 0.000000e+00 0.000000e+00
      outer loop
         vertex 0.000000e+00 -1.593604e+00 3.668845e+00
         vertex 0.000000e+00 -2.803177e+00 6.414218e+00
         vertex 0.000000e+00 -1.079187e+00 3.851669e+00
      endloop
   endfacet
   facet normal -1.000000e+00 0.000000e+00 0.000000e+00
      outer loop
         vertex 0.000000e+00 -1.782698e+00 -6.769194e+00
         vertex 0.000000e+00 -2.469265e+00 -6.550018e+00
         vertex 0.000000e+00 -1.593604e+00 -3.668845e+00
      endloop
   endfacet
   facet normal -1.000000e+00 0.000000e+00 0.000000e+00
      outer loop
         vertex 0.000000e+00 -1.593604e+00 -3.668845e+00
         vertex 0.000000e+00 -2.469265e+00 -6.550018e+00
         vertex 0.000000e+00 -3.129657e+00 -6.261410e+00
      endloop
   endfacet
   facet normal -1.000000e+00 -0.000000e+00 0.000000e+00
      outer loop
         vertex 0.000000e+00 -1.593604e+00 -3.668845e+00
         vertex 0.000000e+00 -3.129657e+00 -6.261410e+00
         vertex 0.000000e+00 -2.078336e+00 -3.417678e+00
      endloop
   endfacet
   facet normal -1.000000e+00 0.000000e+00 0.000000e+00
      outer loop
         vertex 0.000000e+00 -2.078336e+00 -3.417678e+00
         vertex 0.000000e+00 -3.129657e+00 -6.261410e+00
         vertex 0.000000e+00 -3.756873e+00 -5.906429e+00
      endloop
   endfacet
   facet normal -1.000000e+00 -0.000000e+00 0.000000e+00
      outer loop
         vertex 0.000000e+00 -2.078336e+00 -3.417678e+00
         vertex 0.000000e+00 -3.756873e+00 -5.906429e+00
         vertex 0.000000e+00 -2.524352e+00 -3.102845e+00
      endloop
   endfacet
   facet normal -1.000000e+00 0.000000e+00 0.000000e+00
      outer loop
         vertex 0.000000e+00 -2.524352e+00 -3.102845e+00
         vertex 0.000000e+00 -3.756873e+00 -5.906429e+00
         vertex 0.000000e+00 -4.344266e+00 -5.488839e+00
      endloop
   endfacet
   facet normal -1.000000e+00 -0.000000e+00 0.000000e+00
      outer loop
         vertex 0.000000e+00 -2.524352e+00 -3.102845e+00
         vertex 0.000000e+00 -4.344266e+00 -5.488839e+00
         vertex 0.000000e+00 -2.923344e+00 -2.730213e+00
      endloop
   endfacet
   facet normal -1.000000e+00 0.000000e+00 0.000000e+00
      outer loop
         vertex 0.000000e+00 -2.923344e+00 -2.730213e+00
         vertex 0.000000e+00 -4.344266e+00 -5.488839e+00
         vertex 0.000000e+00 -4.885609e+00 -5.013065e+00
      endloop
   endfacet
   facet normal -1.000000e+00 0.000000e+00 0.000000e+00
      outer loop
         vertex 0.000000e+00 -2.923344e+00 -2.730213e+00
         vertex 0.000000e+00 -4.885609e+00 -5.013065e+00
         vertex 0.000000e+00 -5.375163e+00 -4.484152e+00
      endloop
   endfacet
   facet normal -1.000000e+00 0.000000e+00 0.000000e+00
      outer loop
         vertex 0.000000e+00 -6.178752e+00 -3.289837e+00
         vertex 0.000000e+00 -6.484268e+00 -2.637095e+00
         vertex 0.000000e+00 -3.769044e+00 -1.339518e+00
      endloop
   endfacet
   facet normal -1.000000e+00 0.000000e+00 0.000000e+00
      outer loop
         vertex 0.000000e+00 -3.769044e+00 -1.339518e+00
         vertex 0.000000e+00 -6.484268e+00 -2.637095e+00
         vertex 0.000000e+00 -6.721049e+00 -1.956400e+00
      endloop
   endfacet
   facet normal -1.000000e+00 -0.000000e+00 0.000000e+00
      outer loop
         vertex 0.000000e+00 -3.769044e+00 -1.339518e+00
         vertex 0.000000e+00 -6.721049e+00 -1.956400e+00
         vertex 0.000000e+00 -3.916336e+00 -8.138241e-01
      endloop
   endfacet
   facet normal -1.000000e+00 0.000000e+00 0.000000e+00
      outer loop
         vertex 0.000000e+00 -3.916336e+00 -8.138241e-01
         vertex 0.000000e+00 -6.721049e+00 -1.956400e+00
         vertex 0.000000e+00 -6.886586e+00 -1.254965e+00
      endloop
   endfacet
   facet normal -1.000000e+00 -0.000000e+00 0.000000e+00
      outer loop
         vertex 0.000000e+00 -3.916336e+00 -8.138241e-01
         vertex 0.000000e+00 -6.886586e+00 -1.254965e+00
         vertex 0.000000e+00 -3.990675e+00 -2.729697e-01
      endloop
   endfacet
   facet normal -1.000000e+00 0.000000e+00 0.000000e+00
      outer loop
         vertex 0.000000e+00 -3.990675e+00 -2.729697e-01
         vertex 0.000000e+00 -6.886586e+00 -1.254965e+00
         vertex 0.000000e+00 -6.979123e+00 -5.402282e-01
      endloop
   endfacet
   facet normal -1.000000e+00 -0.000000e+00 0.000000e+00
      outer loop
         vertex 0.000000e+00 -3.990675e+00 -2.729697e-01
         vertex 0.000000e+00 -6.979123e+00 -5.402282e-01
         vertex 0.000000e+00 -3.990675e+00 2.729697e-01
      endloop
   endfacet
   facet normal -1.000000e+00 0.000000e+00 0.000000e+00
      outer loop
         vertex 0.000000e+00 3.267880e+00 2.306721e+00
         vertex 0.000000e+00 6.001202e+00 3.603550e+00
         vertex 0.000000e+00 3.551541e+00 1.840260e+00
      endloop
   endfacet
   facet normal -1.000000e+00 0.000000e+00 0.000000e+00
      outer loop
         vertex 0.000000e+00 3.551541e+00 1.840260e+00
         vertex 0.000000e+00 6.001202e+00 3.603550e+00
         vertex 0.000000e+00 6.339916e+00 2.967401e+00
      endloop
   endfacet
   facet normal -1.000000e+00 0.000000e+00 0.000000e+00
      outer loop
         vertex 0.000000e+00 3.551541e+00 1.840260e+00
         vertex 0.000000e+00 6.339916e+00 2.967401e+00
         vertex 0.000000e+00 3.769044e+00 1.339518e+00
      endloop
   endfacet
   facet normal -1.000000e+00 0.000000e+00 0.000000e+00
      outer loop
         vertex 0.000000e+00 3.769044e+00 1.339518e+00
         vertex 0.000000e+00 6.339916e+00 2.967401e+00
         vertex 0.000000e+00 6.611424e+00 2.299797e+00
      endloop
   endfacet
   facet normal -1.000000e+00 0.000000e+00 0.000000e+00
      outer loop
         vertex 0.000000e+00 3.769044e+00 1.339518e+00
         vertex 0.000000e+00 6.611424e+00 2.299797e+00
         vertex 0.000000e+00 3.916336e+00 8.138241e-01
      endloop
   endfacet
   facet normal -1.000000e+00 0.000000e+00 0.000000e+00
      outer loop
         vertex 0.000000e+00 -3.551541e+00 1.840260e+00
         vertex 0.000000e+00 -6.001202e+00 3.603550e+00
         vertex 0.000000e+00 -3.267880e+00 2.306721e+00
      endloop
   endfacet
   facet normal -1.000000e+00 0.000000e+00 0.000000e+00
      outer loop
         vertex 0.000000e+00 -3.267880e+00 2.306721e+00
         vertex 0.000000e+00 -6.001202e+00 3.603550e+00
         vertex 0.000000e+00 -5.598875e+00 4.201500e+00
      endloop
   endfacet
   facet normal -1.000000e+00 0.000000e+00 0.000000e+00
      outer loop
         vertex 0.000000e+00 -3.267880e+00 2.306721e+00
         vertex 0.000000e+00 -5.598875e+00 4.201500e+00
         vertex 0.000000e+00 -2.923344e+00 2.730213e+00
      endloop
   endfacet
   facet normal -1.000000e+00 0.000000e+00 0.000000e+00
      outer loop
         vertex 0.000000e+00 -2.923344e+00 2.730213e+00
         vertex 0.000000e+00 -5.598875e+00 4.201500e+00
         vertex 0.000000e+00 -5.137198e+00 4.754914e+00
      endloop
   endfacet
   facet normal -1.000000e+00 0.000000e+00 0.000000e+00
      outer loop
         vertex 0.000000e+00 -2.923344e+00 2.730213e+00
         vertex 0.000000e+00 -5.137198e+00 4.754914e+00
         vertex 0.000000e+00 -2.524352e+00 3.102845e+00
      endloop
   endfacet
   facet normal -1.000000e+00 0.000000e+00 0.000000e+00
      outer loop
         vertex 0.000000e+00 -2.524352e+00 3.102845e+00
         vertex 0.000000e+00 -5.137198e+00 4.754914e+00
         vertex 0.000000e+00 -4.621065e+00 5.257924e+00
      endloop
   endfacet
   facet normal -1.000000e+00 0.000000e+00 0.000000e+00
      outer loop
         vertex 0.000000e+00 -2.524352e+00 3.102845e+00
         vertex 0.000000e+00 -4.621065e+00 5.257924e+00
         vertex 0.000000e+00 -4.055948e+00 5.705198e+00
      endloop
   endfacet
   facet normal -1.000000e+00 0.000000e+00 0.000000e+00
      outer loop
         vertex 0.000000e+00 -6.979123e+00 -5.402282e-01
         vertex 0.000000e+00 -6.997679e+00 1.802354e-01
         vertex 0.000000e+00 -3.990675e+00 2.729697e-01
      endloop
   endfacet
   facet normal -1.000000e+00 -0.000000e+00 0.000000e+00
      outer loop
         vertex 0.000000e+00 -3.990675e+00 2.729697e-01
         vertex 0.000000e+00 -6.997679e+00 1.802354e-01
         vertex 0.000000e+00 -6.942059e+00 8.987885e-01
      endloop
   endfacet
   facet normal -1.000000e+00 0.000000e+00 0.000000e+00
      outer loop
         vertex 0.000000e+00 -3.990675e+00 2.729697e-01
         vertex 0.000000e+00 -6.942059e+00 8.987885e-01
         vertex 0.000000e+00 -3.916336e+00 8.138241e-01
      endloop
   endfacet
   facet normal -1.000000e+00 0.000000e+00 0.000000e+00
      outer loop
         vertex 0.000000e+00 -3.916336e+00 8.138241e-01
         vertex 0.000000e+00 -6.942059e+00 8.987885e-01
         vertex 0.000000e+00 -6.812850e+00 1.607814e+00
      endloop
   endfacet
   facet normal -1.000000e+00 0.000000e+00 0.000000e+00
      outer loop
         vertex 0.000000e+00 -3.916336e+00 8.138241e-01
         vertex 0.000000e+00 -6.812850e+00 1.607814e+00
         vertex 0.000000e+00 -3.769044e+00 1.339518e+00
      endloop
   endfacet
   facet normal -1.000000e+00 0.000000e+00 0.000000e+00
      outer loop
         vertex 0.000000e+00 -3.769044e+00 1.339518e+00
         vertex 0.000000e+00 -6.812850e+00 1.607814e+00
         vertex 0.000000e+00 -6.611424e+00 2.299797e+00
      endloop
   endfacet
   facet normal -1.000000e+00 0.000000e+00 0.000000e+00
      outer loop
         vertex 0.000000e+00 -3.769044e+00 1.339518e+00
         vertex 0.000000e+00 -6.611424e+00 2.299797e+00
         vertex 0.000000e+00 -3.551541e+00 1.840260e+00
      endloop
   endfacet
   facet normal -1.000000e+00 0.000000e+00 0.000000e+00
      outer loop
         vertex 0.000000e+00 -3.551541e+00 1.840260e+00
         vertex 0.000000e+00 -6.611424e+00 2.299797e+00
         vertex 0.000000e+00 -6.339916e+00 2.967401e+00
      endloop
   endfacet
   facet normal -1.000000e+00 0.000000e+00 0.000000e+00
      outer loop
         vertex 0.000000e+00 -3.551541e+00 1.840260e+00
         vertex 0.000000e+00 -6.339916e+00 2.967401e+00
         vertex 0.000000e+00 -6.001202e+00 3.603550e+00
      endloop
   endfacet
   facet normal -1.000000e+00 0.000000e+00 -0.000000e+00
      outer loop
         vertex 0.000000e+00 3.916336e+00 -8.138241e-01
         vertex 0.000000e+00 6.721049e+00 -1.956400e+00
         vertex 0.000000e+00 3.769044e+00 -1.339518e+00
      endloop
   endfacet
   facet normal -1.000000e+00 0.000000e+00 0.000000e+00
      outer loop
         vertex 0.000000e+00 3.769044e+00 -1.339518e+00
         vertex 0.000000e+00 6.721049e+00 -1.956400e+00
         vertex 0.000000e+00 6.484268e+00 -2.637095e+00
      endloop
   endfacet
   facet normal -1.000000e+00 0.000000e+00 -0.000000e+00
      outer loop
         vertex 0.000000e+00 3.769044e+00 -1.339518e+00
         vertex 0.000000e+00 6.484268e+00 -2.637095e+00
         vertex 0.000000e+00 3.551541e+00 -1.840260e+00
      endloop
   endfacet
   facet normal -1.000000e+00 0.000000e+00 0.000000e+00
      outer loop
         vertex 0.000000e+00 3.551541e+00 -1.840260e+00
         vertex 0.000000e+00 6.484268e+00 -2.637095e+00
         vertex 0.000000e+00 6.178752e+00 -3.289837e+00
      endloop
   endfacet
   facet normal -1.000000e+00 0.000000e+00 -0.000000e+00
      outer loop
         vertex 0.000000e+00 3.551541e+00 -1.840260e+00
         vertex 0.000000e+00 6.178752e+00 -3.289837e+00
         vertex 0.000000e+00 3.267880e+00 -2.306721e+00
      endloop
   endfacet
   facet normal -1.000000e+00 0.000000e+00 0.000000e+00
      outer loop
         vertex 0.000000e+00 3.267880e+00 -2.306721e+00
         vertex 0.000000e+00 6.178752e+00 -3.289837e+00
         vertex 0.000000e+00 5.807739e+00 -3.907706e+00
      endloop
   endfacet
   facet normal -1.000000e+00 0.000000e+00 0.000000e+00
      outer loop
         vertex 0.000000e+00 3.267880e+00 -2.306721e+00
         vertex 0.000000e+00 5.807739e+00 -3.907706e+00
         vertex 0.000000e+00 5.375163e+00 -4.484152e+00
      endloop
   endfacet
   facet normal -1.000000e+00 0.000000e+00 0.000000e+00
      outer loop
         vertex 0.000000e+00 2.078336e+00 3.417678e+00
         vertex 0.000000e+00 4.055948e+00 5.705198e+00
         vertex 0.000000e+00 2.524352e+00 3.102845e+00
      endloop
   endfacet
   facet normal -1.000000e+00 0.000000e+00 0.000000e+00
      outer loop
         vertex 0.000000e+00 2.524352e+00 3.102845e+00
         vertex 0.000000e+00 4.055948e+00 5.705198e+00
         vertex 0.000000e+00 4.621065e+00 5.257924e+00
      endloop
   endfacet
   facet normal -1.000000e+00 0.000000e+00 0.000000e+00
      outer loop
         vertex 0.000000e+00 2.524352e+00 3.102845e+00
         vertex 0.000000e+00 4.621065e+00 5.257924e+00
         vertex 0.000000e+00 2.923344e+00 2.730213e+00
      endloop
   endfacet
   facet normal -1.000000e+00 0.000000e+00 0.000000e+00
      outer loop
         vertex 0.000000e+00 2.923344e+00 2.730213e+00
         vertex 0.000000e+00 4.621065e+00 5.257924e+00
         vertex 0.000000e+00 5.137198e+00 4.754914e+00
      endloop
   endfacet
   facet normal -1.000000e+00 0.000000e+00 0.000000e+00
      outer loop
         vertex 0.000000e+00 2.923344e+00 2.730213e+00
         vertex 0.000000e+00 5.137198e+00 4.754914e+00
         vertex 0.000000e+00 3.267880e+00 2.306721e+00
      endloop
   endfacet
   facet normal -1.000000e+00 0.000000e+00 0.000000e+00
      outer loop
         vertex 0.000000e+00 3.267880e+00 2.306721e+00
         vertex 0.000000e+00 5.137198e+00 4.754914e+00
         vertex 0.000000e+00 5.598875e+00 4.201500e+00
      endloop
   endfacet
   facet normal -1.000000e+00 0.000000e+00 0.000000e+00
      outer loop
         vertex 0.000000e+00 3.267880e+00 2.306721e+00
         vertex 0.000000e+00 5.598875e+00 4.201500e+00
         vertex 0.000000e+00 6.001202e+00 3.603550e+00
      endloop
   endfacet
   facet normal -1.000000e+00 0.000000e+00 0.000000e+00
      outer loop
         vertex 0.000000e+00 5.446666e-01 3.962744e+00
         vertex 0.000000e+00 1.431864e+00 6.851990e+00
         vertex 0.000000e+00 1.079187e+00 3.851669e+00
      endloop
   endfacet
   facet normal -1.000000e+00 0.000000e+00 0.000000e+00
      outer loop
         vertex 0.000000e+00 1.079187e+00 3.851669e+00
         vertex 0.000000e+00 1.431864e+00 6.851990e+00
         vertex 0.000000e+00 2.128804e+00 6.668448e+00
      endloop
   endfacet
   facet normal -1.000000e+00 0.000000e+00 0.000000e+00
      outer loop
         vertex 0.000000e+00 1.079187e+00 3.851669e+00
         vertex 0.000000e+00 2.128804e+00 6.668448e+00
         vertex 0.000000e+00 1.593604e+00 3.668845e+00
      endloop
   endfacet
   facet normal -1.000000e+00 0.000000e+00 0.000000e+00
      outer loop
         vertex 0.000000e+00 1.593604e+00 3.668845e+00
         vertex 0.000000e+00 2.128804e+00 6.668448e+00
         vertex 0.000000e+00 2.803177e+00 6.414218e+00
      endloop
   endfacet
   facet normal -1.000000e+00 0.000000e+00 0.000000e+00
      outer loop
         vertex 0.000000e+00 1.593604e+00 3.668845e+00
         vertex 0.000000e+00 2.803177e+00 6.414218e+00
         vertex 0.000000e+00 2.078336e+00 3.417678e+00
      endloop
   endfacet
   facet normal -1.000000e+00 0.000000e+00 0.000000e+00
      outer loop
         vertex 0.000000e+00 2.078336e+00 3.417678e+00
         vertex 0.000000e+00 2.803177e+00 6.414218e+00
         vertex 0.000000e+00 3.447836e+00 6.091997e+00
      endloop
   endfacet
   facet normal -1.000000e+00 0.000000e+00 0.000000e+00
      outer loop
         vertex 0.000000e+00 2.078336e+00 3.417678e+00
         vertex 0.000000e+00 3.447836e+00 6.091997e+00
         vertex 0.000000e+00 4.055948e+00 5.705198e+00
      endloop
   endfacet
   facet normal -1.000000e+00 0.000000e+00 0.000000e+00
      outer loop
         vertex 0.000000e+00 -2.803177e+00 6.414218e+00
         vertex 0.000000e+00 -2.128804e+00 6.668448e+00
         vertex 0.000000e+00 -1.079187e+00 3.851669e+00
      endloop
   endfacet
   facet normal -1.000000e+00 0.000000e+00 0.000000e+00
      outer loop
         vertex 0.000000e+00 -1.079187e+00 3.851669e+00
         vertex 0.000000e+00 -2.128804e+00 6.668448e+00
         vertex 0.000000e+00 -1.431864e+00 6.851990e+00
      endloop
   endfacet
   facet normal -1.000000e+00 0.000000e+00 0.000000e+00
      outer loop
         vertex 0.000000e+00 -1.079187e+00 3.851669e+00
         vertex 0.000000e+00 -1.431864e+00 6.851990e+00
         vertex 0.000000e+00 -5.446666e-01 3.962744e+00
      endloop
   endfacet
   facet normal -1.000000e+00 0.000000e+00 0.000000e+00
      outer loop
         vertex 0.000000e+00 -5.446666e-01 3.962744e+00
         vertex 0.000000e+00 -1.431864e+00 6.851990e+00
         vertex 0.000000e+00 -7.197470e-01 6.962899e+00
      endloop
   endfacet
   facet normal -1.000000e+00 0.000000e+00 0.000000e+00
      outer loop
         vertex 0.000000e+00 -5.446666e-01 3.962744e+00
         vertex 0.000000e+00 -7.197470e-01 6.962899e+00
         vertex 0.000000e+00 4.898587e-16 4.000000e+00
      endloop
   endfacet
   facet normal -1.000000e+00 0.000000e+00 0.000000e+00
      outer loop
         vertex 0.000000e+00 4.898587e-16 4.000000e+00
         vertex 0.000000e+00 -7.197470e-01 6.962899e+00
         vertex 0.000000e+00 0.000000e+00 7.000000e+00
      endloop
   endfacet
   facet normal -1.000000e+00 0.000000e+00 0.000000e+00
      outer loop
         vertex 0.000000e+00 4.898587e-16 4.000000e+00
         vertex 0.000000e+00 0.000000e+00 7.000000e+00
         vertex 0.000000e+00 5.446666e-01 3.962744e+00
      endloop
   endfacet
   facet normal -1.000000e+00 0.000000e+00 0.000000e+00
      outer loop
         vertex 0.000000e+00 5.446666e-01 3.962744e+00
         vertex 0.000000e+00 0.000000e+00 7.000000e+00
         vertex 0.000000e+00 7.197470e-01 6.962899e+00
      endloop
   endfacet
   facet normal -1.000000e+00 0.000000e+00 0.000000e+00
      outer loop
         vertex 0.000000e+00 5.446666e-01 3.962744e+00
         vertex 0.000000e+00 7.197470e-01 6.962899e+00
         vertex 0.000000e+00 1.431864e+00 6.851990e+00
      endloop
   endfacet
   facet normal -1.000000e+00 0.000000e+00 -0.000000e+00
      outer loop
         vertex 0.000000e+00 6.611424e+00 2.299797e+00
         vertex 0.000000e+00 6.812850e+00 1.607814e+00
         vertex 0.000000e+00 3.916336e+00 8.138241e-01
      endloop
   endfacet
   facet normal -1.000000e+00 0.000000e+00 0.000000e+00
      outer loop
         vertex 0.000000e+00 3.916336e+00 8.138241e-01
         vertex 0.000000e+00 6.812850e+00 1.607814e+00
         vertex 0.000000e+00 6.942059e+00 8.987885e-01
      endloop
   endfacet
   facet normal -1.000000e+00 0.000000e+00 0.000000e+00
      outer loop
         vertex 0.000000e+00 3.916336e+00 8.138241e-01
         vertex 0.000000e+00 6.942059e+00 8.987885e-01
         vertex 0.000000e+00 3.990675e+00 2.729697e-01
      endloop
   endfacet
   facet normal -1.000000e+00 0.000000e+00 0.000000e+00
      outer loop
         vertex 0.000000e+00 3.990675e+00 2.729697e-01
         vertex 0.000000e+00 6.942059e+00 8.987885e-01
         vertex 0.000000e+00 6.997679e+00 1.802354e-01
      endloop
   endfacet
   facet normal -1.000000e+00 0.000000e+00 0.000000e+00
      outer loop
         vertex 0.000000e+00 3.990675e+00 2.729697e-01
         vertex 0.000000e+00 6.997679e+00 1.802354e-01
         vertex 0.000000e+00 3.990675e+00 -2.729697e-01
      endloop
   endfacet
   facet normal -1.000000e+00 0.000000e+00 0.000000e+00
      outer loop
         vertex 0.000000e+00 3.990675e+00 -2.729697e-01
         vertex 0.000000e+00 6.997679e+00 1.802354e-01
         vertex 0.000000e+00 6.979123e+00 -5.402282e-01
      endloop
   endfacet
   facet normal -1.000000e+00 0.000000e+00 -0.000000e+00
      outer loop
         vertex 0.000000e+00 3.990675e+00 -2.729697e-01
         vertex 0.000000e+00 6.979123e+00 -5.402282e-01
         vertex 0.000000e+00 3.916336e+00 -8.138241e-01
      endloop
   endfacet
   facet normal -1.000000e+00 0.000000e+00 0.000000e+00
      outer loop
         vertex 0.000000e+00 3.916336e+00 -8.138241e-01
         vertex 0.000000e+00 6.979123e+00 -5.402282e-01
         vertex 0.000000e+00 6.886586e+00 -1.254965e+00
      endloop
   endfacet
   facet normal -1.000000e+00 0.000000e+00 0.000000e+00
      outer loop
         vertex 0.000000e+00 3.916336e+00 -8.138241e-01
         vertex 0.000000e+00 6.886586e+00 -1.254965e+00
         vertex 0.000000e+00 6.721049e+00 -1.956400e+00
      endloop
   endfacet
   facet normal 0.000000e+00 -6.824316e-02 9.976687e-01
      outer loop
         vertex 0.000000e+00 -9.797175e-16 -4.000000e+00
         vertex 4.000000e+00 -9.797175e-16 -4.000000e+00
         vertex 0.000000e+00 5.446666e-01 -3.962744e+00
      endloop
   endfacet
   facet normal 0.000000e+00 -6.824316e-02 9.976687e-01
      outer loop
         vertex 0.000000e+00 5.446666e-01 -3.962744e+00
         vertex 4.000000e+00 -9.797175e-16 -4.000000e+00
         vertex 4.000000e+00 5.446666e-01 -3.962744e+00
      endloop
   endfacet
   facet normal 0.000000e+00 -2.034557e-01 9.790842e-01
      outer loop
         vertex 0.000000e+00 5.446666e-01 -3.962744e+00
         vertex 4.000000e+00 5.446666e-01 -3.962744e+00
         vertex 0.000000e+00 1.079187e+00 -3.851669e+00
      endloop
   endfacet
   facet normal 0.000000e+00 -2.034557e-01 9.790842e-01
      outer loop
         vertex 0.000000e+00 1.079187e+00 -3.851669e+00
         vertex 4.000000e+00 5.446666e-01 -3.962744e+00
         vertex 4.000000e+00 1.079187e+00 -3.851669e+00
      endloop
   endfacet
   facet normal 0.000000e+00 -3.348796e-01 9.422609e-01
      outer loop
         vertex 0.000000e+00 1.079187e+00 -3.851669e+00
         vertex 4.000000e+00 1.079187e+00 -3.851669e+00
         vertex 0.000000e+00 1.593604e+00 -3.668845e+00
      endloop
   endfacet
   facet normal 0.000000e+00 -3.348796e-01 9.422609e-01
      outer loop
         vertex 0.000000e+00 1.593604e+00 -3.668845e+00
         vertex 4.000000e+00 1.079187e+00 -3.851669e+00
         vertex 4.000000e+00 1.593604e+00 -3.668845e+00
      endloop
   endfacet
   facet normal 0.000000e+00 -4.600649e-01 8.878853e-01
      outer loop
         vertex 0.000000e+00 1.593604e+00 -3.668845e+00
         vertex 4.000000e+00 1.593604e+00 -3.668845e+00
         vertex 0.000000e+00 2.078336e+00 -3.417678e+00
      endloop
   endfacet
   facet normal 0.000000e+00 -4.600649e-01 8.878853e-01
      outer loop
         vertex 0.000000e+00 2.078336e+00 -3.417678e+00
         vertex 4.000000e+00 1.593604e+00 -3.668845e+00
         vertex 4.000000e+00 2.078336e+00 -3.417678e+00
      endloop
   endfacet
   facet normal 0.000000e+00 -5.766806e-01 8.169697e-01
      outer loop
         vertex 0.000000e+00 2.078336e+00 -3.417678e+00
         vertex 4.000000e+00 2.078336e+00 -3.417678e+00
         vertex 0.000000e+00 2.524352e+00 -3.102845e+00
      endloop
   endfacet
   facet normal 0.000000e+00 -5.766806e-01 8.169697e-01
      outer loop
         vertex 0.000000e+00 2.524352e+00 -3.102845e+00
         vertex 4.000000e+00 2.078336e+00 -3.417678e+00
         vertex 4.000000e+00 2.524352e+00 -3.102845e+00
      endloop
   endfacet
   facet normal 0.000000e+00 -6.825529e-01 7.308361e-01
      outer loop
         vertex 0.000000e+00 2.524352e+00 -3.102845e+00
         vertex 4.000000e+00 2.524352e+00 -3.102845e+00
         vertex 0.000000e+00 2.923344e+00 -2.730213e+00
      endloop
   endfacet
   facet normal 0.000000e+00 -6.825529e-01 7.308361e-01
      outer loop
         vertex 0.000000e+00 2.923344e+00 -2.730213e+00
         vertex 4.000000e+00 2.524352e+00 -3.102845e+00
         vertex 4.000000e+00 2.923344e+00 -2.730213e+00
      endloop
   endfacet
   facet normal 0.000000e+00 -7.757113e-01 6.310879e-01
      outer loop
         vertex 0.000000e+00 2.923344e+00 -2.730213e+00
         vertex 4.000000e+00 2.923344e+00 -2.730213e+00
         vertex 0.000000e+00 3.267880e+00 -2.306721e+00
      endloop
   endfacet
   facet normal 0.000000e+00 -7.757113e-01 6.310879e-01
      outer loop
         vertex 0.000000e+00 3.267880e+00 -2.306721e+00
         vertex 4.000000e+00 2.923344e+00 -2.730213e+00
         vertex 4.000000e+00 3.267880e+00 -2.306721e+00
      endloop
   endfacet
   facet normal 0.000000e+00 -8.544194e-01 5.195840e-01
      outer loop
         vertex 0.000000e+00 3.267880e+00 -2.306721e+00
         vertex 4.000000e+00 3.267880e+00 -2.306721e+00
         vertex 0.000000e+00 3.551541e+00 -1.840260e+00
      endloop
   endfacet
   facet normal 0.000000e+00 -8.544194e-01 5.195840e-01
      outer loop
         vertex 0.000000e+00 3.551541e+00 -1.840260e+00
         vertex 4.000000e+00 3.267880e+00 -2.306721e+00
         vertex 4.000000e+00 3.551541e+00 -1.840260e+00
      endloop
   endfacet
   facet normal 0.000000e+00 -9.172114e-01 3.984010e-01
      outer loop
         vertex 0.000000e+00 3.551541e+00 -1.840260e+00
         vertex 4.000000e+00 3.551541e+00 -1.840260e+00
         vertex 0.000000e+00 3.769044e+00 -1.339518e+00
      endloop
   endfacet
   facet normal 0.000000e+00 -9.172114e-01 3.984010e-01
      outer loop
         vertex 0.000000e+00 3.769044e+00 -1.339518e+00
         vertex 4.000000e+00 3.551541e+00 -1.840260e+00
         vertex 4.000000e+00 3.769044e+00 -1.339518e+00
      endloop
   endfacet
   facet normal 0.000000e+00 -9.629173e-01 2.697967e-01
      outer loop
         vertex 0.000000e+00 3.769044e+00 -1.339518e+00
         vertex 4.000000e+00 3.769044e+00 -1.339518e+00
         vertex 0.000000e+00 3.916336e+00 -8.138241e-01
      endloop
   endfacet
   facet normal 0.000000e+00 -9.629173e-01 2.697967e-01
      outer loop
         vertex 0.000000e+00 3.916336e+00 -8.138241e-01
         vertex 4.000000e+00 3.769044e+00 -1.339518e+00
         vertex 4.000000e+00 3.916336e+00 -8.138241e-01
      endloop
   endfacet
   facet normal 0.000000e+00 -9.906860e-01 1.361665e-01
      outer loop
         vertex 0.000000e+00 3.916336e+00 -8.138241e-01
         vertex 4.000000e+00 3.916336e+00 -8.138241e-01
         vertex 0.000000e+00 3.990675e+00 -2.729697e-01
      endloop
   endfacet
   facet normal 0.000000e+00 -9.906860e-01 1.361665e-01
      outer loop
         vertex 0.000000e+00 3.990675e+00 -2.729697e-01
         vertex 4.000000e+00 3.916336e+00 -8.138241e-01
         vertex 4.000000e+00 3.990675e+00 -2.729697e-01
      endloop
   endfacet
   facet normal 0.000000e+00 -1.000000e+00 0.000000e+00
      outer loop
         vertex 0.000000e+00 3.990675e+00 -2.729697e-01
         vertex 4.000000e+00 3.990675e+00 -2.729697e-01
         vertex 0.000000e+00 3.990675e+00 2.729697e-01
      endloop
   endfacet
   facet normal 0.000000e+00 -1.000000e+00 0.000000e+00
      outer loop
         vertex 0.000000e+00 3.990675e+00 2.729697e-01
         vertex 4.000000e+00 3.990675e+00 -2.729697e-01
         vertex 4.000000e+00 3.990675e+00 2.729697e-01
      endloop
   endfacet
   facet normal 0.000000e+00 -9.906860e-01 -1.361665e-01
      outer loop
         vertex 0.000000e+00 3.990675e+00 2.729697e-01
         vertex 4.000000e+00 3.990675e+00 2.729697e-01
         vertex 0.000000e+00 3.916336e+00 8.138241e-01
      endloop
   endfacet
   facet normal 0.000000e+00 -9.906860e-01 -1.361665e-01
      outer loop
         vertex 0.000000e+00 3.916336e+00 8.138241e-01
         vertex 4.000000e+00 3.990675e+00 2.729697e-01
         vertex 4.000000e+00 3.916336e+00 8.138241e-01
      endloop
   endfacet
   facet normal 0.000000e+00 -9.629173e-01 -2.697967e-01
      outer loop
         vertex 0.000000e+00 3.916336e+00 8.138241e-01
         vertex 4.000000e+00 3.916336e+00 8.138241e-01
         vertex 0.000000e+00 3.769044e+00 1.339518e+00
      endloop
   endfacet
   facet normal 0.000000e+00 -9.629173e-01 -2.697967e-01
      outer loop
         vertex 0.000000e+00 3.769044e+00 1.339518e+00
         vertex 4.000000e+00 3.916336e+00 8.138241e-01
         vertex 4.000000e+00 3.769044e+00 1.339518e+00
      endloop
   endfacet
   facet normal 0.000000e+00 -9.172114e-01 -3.984010e-01
      outer loop
         vertex 0.000000e+00 3.769044e+00 1.339518e+00
         vertex 4.000000e+00 3.769044e+00 1.339518e+00
         vertex 0.000000e+00 3.551541e+00 1.840260e+00
      endloop
   endfacet
   facet normal 0.000000e+00 -9.172114e-01 -3.984010e-01
      outer loop
         vertex 0.000000e+00 3.551541e+00 1.840260e+00
         vertex 4.000000e+00 3.769044e+00 1.339518e+00
         vertex 4.000000e+00 3.551541e+00 1.840260e+00
      endloop
   endfacet
   facet normal 0.000000e+00 -8.544194e-01 -5.195840e-01
      outer loop
         vertex 0.000000e+00 3.551541e+00 1.840260e+00
         vertex 4.000000e+00 3.551541e+00 1.840260e+00
         vertex 0.000000e+00 3.267880e+00 2.306721e+00
      endloop
   endfacet
   facet normal 0.000000e+00 -8.544194e-01 -5.195840e-01
      outer loop
         vertex 0.000000e+00 3.267880e+00 2.306721e+00
         vertex 4.000000e+00 3.551541e+00 1.840260e+00
         vertex 4.000000e+00 3.267880e+00 2.306721e+00
      endloop
   endfacet
   facet normal 0.000000e+00 -7.757113e-01 -6.310879e-01
      outer loop
         vertex 0.000000e+00 3.267880e+00 2.306721e+00
         vertex 4.000000e+00 3.267880e+00 2.306721e+00
         vertex 0.000000e+00 2.923344e+00 2.730213e+00
      endloop
   endfacet
   facet normal 0.000000e+00 -7.757113e-01 -6.310879e-01
      outer loop
         vertex 0.000000e+00 2.923344e+00 2.730213e+00
         vertex 4.000000e+00 3.267880e+00 2.306721e+00
         vertex 4.000000e+00 2.923344e+00 2.730213e+00
      endloop
   endfacet
   facet normal 0.000000e+00 -6.825529e-01 -7.308361e-01
      outer loop
         vertex 0.000000e+00 2.923344e+00 2.730213e+00
         vertex 4.000000e+00 2.923344e+00 2.730213e+00
         vertex 0.000000e+00 2.524352e+00 3.102845e+00
      endloop
   endfacet
   facet normal 0.000000e+00 -6.825529e-01 -7.308361e-01
      outer loop
         vertex 0.000000e+00 2.524352e+00 3.102845e+00
         vertex 4.000000e+00 2.923344e+00 2.730213e+00
         vertex 4.000000e+00 2.524352e+00 3.102845e+00
      endloop
   endfacet
   facet normal 0.000000e+00 -5.766806e-01 -8.169697e-01
      outer loop
         vertex 0.000000e+00 2.524352e+00 3.102845e+00
         vertex 4.000000e+00 2.524352e+00 3.102845e+00
         vertex 0.000000e+00 2.078336e+00 3.417678e+00
      endloop
   endfacet
   facet normal 0.000000e+00 -5.766806e-01 -8.169697e-01
      outer loop
         vertex 0.000000e+00 2.078336e+00 3.417678e+00
         vertex 4.000000e+00 2.524352e+00 3.102845e+00
         vertex 4.000000e+00 2.078336e+00 3.417678e+00
      endloop
   endfacet
   facet normal 0.000000e+00 -4.600649e-01 -8.878853e-01
      outer loop
         vertex 0.000000e+00 2.078336e+00 3.417678e+00
         vertex 4.000000e+00 2.078336e+00 3.417678e+00
         vertex 0.000000e+00 1.593604e+00 3.668845e+00
      endloop
   endfacet
   facet normal 0.000000e+00 -4.600649e-01 -8.878853e-01
      outer loop
         vertex 0.000000e+00 1.593604e+00 3.668845e+00
         vertex 4.000000e+00 2.078336e+00 3.417678e+00
         vertex 4.000000e+00 1.593604e+00 3.668845e+00
      endloop
   endfacet
   facet normal 0.000000e+00 -3.348796e-01 -9.422609e-01
      outer loop
         vertex 0.000000e+00 1.593604e+00 3.668845e+00
         vertex 4.000000e+00 1.593604e+00 3.668845e+00
         vertex 0.000000e+00 1.079187e+00 3.851669e+00
      endloop
   endfacet
   facet normal 0.000000e+00 -3.348796e-01 -9.422609e-01
      outer loop
         vertex 0.000000e+00 1.079187e+00 3.851669e+00
         vertex 4.000000e+00 1.593604e+00 3.668845e+00
         vertex 4.000000e+00 1.079187e+00 3.851669e+00
      endloop
   endfacet
   facet normal 0.000000e+00 -2.034557e-01 -9.790842e-01
      outer loop
         vertex 0.000000e+00 1.079187e+00 3.851669e+00
         vertex 4.000000e+00 1.079187e+00 3.851669e+00
         vertex 0.000000e+00 5.446666e-01 3.962744e+00
      endloop
   endfacet
   facet normal 0.000000e+00 -2.034557e-01 -9.790842e-01
      outer loop
         vertex 0.000000e+00 5.446666e-01 3.962744e+00
         vertex 4.000000e+00 1.079187e+00 3.851669e+00
         vertex 4.000000e+00 5.446666e-01 3.962744e+00
      endloop
   endfacet
   facet normal 0.000000e+00 -6.824316e-02 -9.976687e-01
      outer loop
         vertex 0.000000e+00 5.446666e-01 3.962744e+00
         vertex 4.000000e+00 5.446666e-01 3.962744e+00
         vertex 0.000000e+00 4.898587e-16 4.000000e+00
      endloop
   endfacet
   facet normal 0.000000e+00 -6.824316e-02 -9.976687e-01
      outer loop
         vertex 0.000000e+00 4.898587e-16 4.000000e+00
         vertex 4.000000e+00 5.446666e-01 3.962744e+00
         vertex 4.000000e+00 4.898587e-16 4.000000e+00
      endloop
   endfacet
   facet normal 0.000000e+00 6.824316e-02 -9.976687e-01
      outer loop
         vertex 0.000000e+00 4.898587e-16 4.000000e+00
         vertex 4.000000e+00 4.898587e-16 4.000000e+00
         vertex 0.000000e+00 -5.446666e-01 3.962744e+00
      endloop
   endfacet
   facet normal 0.000000e+00 6.824316e-02 -9.976687e-01
      outer loop
         vertex 0.000000e+00 -5.446666e-01 3.962744e+00
         vertex 4.000000e+00 4.898587e-16 4.000000e+00
         vertex 4.000000e+00 -5.446666e-01 3.962744e+00
      endloop
   endfacet
   facet normal 0.000000e+00 2.034557e-01 -9.790842e-01
      outer loop
         vertex 0.000000e+00 -5.446666e-01 3.962744e+00
         vertex 4.000000e+00 -5.446666e-01 3.962744e+00
         vertex 0.000000e+00 -1.079187e+00 3.851669e+00
      endloop
   endfacet
   facet normal 0.000000e+00 2.034557e-01 -9.790842e-01
      outer loop
         vertex 0.000000e+00 -1.079187e+00 3.851669e+00
         vertex 4.000000e+00 -5.446666e-01 3.962744e+00
         vertex 4.000000e+00 -1.079187e+00 3.851669e+00
      endloop
   endfacet
   facet normal 0.000000e+00 3.348796e-01 -9.422609e-01
      outer loop
         vertex 0.000000e+00 -1.079187e+00 3.851669e+00
         vertex 4.000000e+00 -1.079187e+00 3.851669e+00
         vertex 0.000000e+00 -1.593604e+00 3.668845e+00
      endloop
   endfacet
   facet normal 0.000000e+00 3.348796e-01 -9.422609e-01
      outer loop
         vertex 0.000000e+00 -1.593604e+00 3.668845e+00
         vertex 4.000000e+00 -1.079187e+00 3.851669e+00
         vertex 4.000000e+00 -1.593604e+00 3.668845e+00
      endloop
   endfacet
   facet normal 0.000000e+00 4.600649e-01 -8.878853e-01
      outer loop
         vertex 0.000000e+00 -1.593604e+00 3.668845e+00
         vertex 4.000000e+00 -1.593604e+00 3.668845e+00
         vertex 0.000000e+00 -2.078336e+00 3.417678e+00
      endloop
   endfacet
   facet normal 0.000000e+00 4.600649e-01 -8.878853e-01
      outer loop
         vertex 0.000000e+00 -2.078336e+00 3.417678e+00
         vertex 4.000000e+00 -1.593604e+00 3.668845e+00
         vertex 4.000000e+00 -2.078336e+00 3.417678e+00
      endloop
   endfacet
   facet normal 0.000000e+00 5.766806e-01 -8.169697e-01
      outer loop
         vertex 0.000000e+00 -2.078336e+00 3.417678e+00
         vertex 4.000000e+00 -2.078336e+00 3.417678e+00
         vertex 0.000000e+00 -2.524352e+00 3.102845e+00
      endloop
   endfacet
   facet normal 0.000000e+00 5.766806e-01 -8.169697e-01
      outer loop
         vertex 0.000000e+00 -2.524352e+00 3.102845e+00
         vertex 4.000000e+00 -2.078336e+00 3.417678e+00
         vertex 4.000000e+00 -2.524352e+00 3.102845e+00
      endloop
   endfacet
   facet normal 0.000000e+00 6.825529e-01 -7.308361e-01
      outer loop
         vertex 0.000000e+00 -2.524352e+00 3.102845e+00
         vertex 4.000000e+00 -2.524352e+00 3.102845e+00
         vertex 0.000000e+00 -2.923344e+00 2.730213e+00
      endloop
   endfacet
   facet normal 0.000000e+00 6.825529e-01 -7.308361e-01
      outer loop
         vertex 0.000000e+00 -2.923344e+00 2.730213e+00
         vertex 4.000000e+00 -2.524352e+00 3.102845e+00
         vertex 4.000000e+00 -2.923344e+00 2.730213e+00
      endloop
   endfacet
   facet normal 0.000000e+00 7.757113e-01 -6.310879e-01
      outer loop
         vertex 0.000000e+00 -2.923344e+00 2.730213e+00
         vertex 4.000000e+00 -2.923344e+00 2.730213e+00
         vertex 0.000000e+00 -3.267880e+00 2.306721e+00
      endloop
   endfacet
   facet normal 0.000000e+00 7.757113e-01 -6.310879e-01
      outer loop
         vertex 0.000000e+00 -3.267880e+00 2.306721e+00
         vertex 4.000000e+00 -2.923344e+00 2.730213e+00
         vertex 4.000000e+00 -3.267880e+00 2.306721e+00
      endloop
   endfacet
   facet normal 0.000000e+00 8.544194e-01 -5.195840e-01
      outer loop
         vertex 0.000000e+00 -3.267880e+00 2.306721e+00
         vertex 4.000000e+00 -3.267880e+00 2.306721e+00
         vertex 0.000000e+00 -3.551541e+00 1.840260e+00
      endloop
   endfacet
   facet normal 0.000000e+00 8.544194e-01 -5.195840e-01
      outer loop
         vertex 0.000000e+00 -3.551541e+00 1.840260e+00
         vertex 4.000000e+00 -3.267880e+00 2.306721e+00
         vertex 4.000000e+00 -3.551541e+00 1.840260e+00
      endloop
   endfacet
   facet normal 0.000000e+00 9.172114e-01 -3.984010e-01
      outer loop
         vertex 0.000000e+00 -3.551541e+00 1.840260e+00
         vertex 4.000000e+00 -3.551541e+00 1.840260e+00
         vertex 0.000000e+00 -3.769044e+00 1.339518e+00
      endloop
   endfacet
   facet normal 0.000000e+00 9.172114e-01 -3.984010e-01
      outer loop
         vertex 0.000000e+00 -3.769044e+00 1.339518e+00
         vertex 4.000000e+00 -3.551541e+00 1.840260e+00
         vertex 4.000000e+00 -3.769044e+00 1.339518e+00
      endloop
   endfacet
   facet normal 0.000000e+00 9.629173e-01 -2.697967e-01
      outer loop
         vertex 0.000000e+00 -3.769044e+00 1.339518e+00
         vertex 4.000000e+00 -3.769044e+00 1.339518e+00
         vertex 0.000000e+00 -3.916336e+00 8.138241e-01
      endloop
   endfacet
   facet normal 0.000000e+00 9.629173e-01 -2.697967e-01
      outer loop
         vertex 0.000000e+00 -3.916336e+00 8.138241e-01
         vertex 4.000000e+00 -3.769044e+00 1.339518e+00
         vertex 4.000000e+00 -3.916336e+00 8.138241e-01
      endloop
   endfacet
   facet normal 0.000000e+00 9.906860e-01 -1.361665e-01
      outer loop
         vertex 0.000000e+00 -3.916336e+00 8.138241e-01
         vertex 4.000000e+00 -3.916336e+00 8.138241e-01
         vertex 0.000000e+00 -3.990675e+00 2.729697e-01
      endloop
   endfacet
   facet normal 0.000000e+00 9.906860e-01 -1.361665e-01
      outer loop
         vertex 0.000000e+00 -3.990675e+00 2.729697e-01
         vertex 4.000000e+00 -3.916336e+00 8.138241e-01
         vertex 4.000000e+00 -3.990675e+00 2.729697e-01
      endloop
   endfacet
   facet normal -0.000000e+00 1.000000e+00 0.000000e+00
      outer loop
         vertex 0.000000e+00 -3.990675e+00 2.729697e-01
         vertex 4.000000e+00 -3.990675e+00 2.729697e-01
         vertex 0.000000e+00 -3.990675e+00 -2.729697e-01
      endloop
   endfacet
   facet normal 0.000000e+00 1.000000e+00 0.000000e+00
      outer loop
         vertex 0.000000e+00 -3.990675e+00 -2.729697e-01
         vertex 4.000000e+00 -3.990675e+00 2.729697e-01
         vertex 4.000000e+00 -3.990675e+00 -2.729697e-01
      endloop
   endfacet
   facet normal -0.000000e+00 9.906860e-01 1.361665e-01
      outer loop
         vertex 0.000000e+00 -3.990675e+00 -2.729697e-01
         vertex 4.000000e+00 -3.990675e+00 -2.729697e-01
         vertex 0.000000e+00 -3.916336e+00 -8.138241e-01
      endloop
   endfacet
   facet normal -0.000000e+00 9.906860e-01 1.361665e-01
      outer loop
         vertex 0.000000e+00 -3.916336e+00 -8.138241e-01
         vertex 4.000000e+00 -3.990675e+00 -2.729697e-01
         vertex 4.000000e+00 -3.916336e+00 -8.138241e-01
      endloop
   endfacet
   facet normal -0.000000e+00 9.629173e-01 2.697967e-01
      outer loop
         vertex 0.000000e+00 -3.916336e+00 -8.138241e-01
         vertex 4.000000e+00 -3.916336e+00 -8.138241e-01
         vertex 0.000000e+00 -3.769044e+00 -1.339518e+00
      endloop
   endfacet
   facet normal -0.000000e+00 9.629173e-01 2.697967e-01
      outer loop
         vertex 0.000000e+00 -3.769044e+00 -1.339518e+00
         vertex 4.000000e+00 -3.916336e+00 -8.138241e-01
         vertex 4.000000e+00 -3.769044e+00 -1.339518e+00
      endloop
   endfacet
   facet normal -0.000000e+00 9.172114e-01 3.984010e-01
      outer loop
         vertex 0.000000e+00 -3.769044e+00 -1.339518e+00
         vertex 4.000000e+00 -3.769044e+00 -1.339518e+00
         vertex 0.000000e+00 -3.551541e+00 -1.840260e+00
      endloop
   endfacet
   facet normal -0.000000e+00 9.172114e-01 3.984010e-01
      outer loop
         vertex 0.000000e+00 -3.551541e+00 -1.840260e+00
         vertex 4.000000e+00 -3.769044e+00 -1.339518e+00
         vertex 4.000000e+00 -3.551541e+00 -1.840260e+00
      endloop
   endfacet
   facet normal -0.000000e+00 8.544194e-01 5.195840e-01
      outer loop
         vertex 0.000000e+00 -3.551541e+00 -1.840260e+00
         vertex 4.000000e+00 -3.551541e+00 -1.840260e+00
         vertex 0.000000e+00 -3.267880e+00 -2.306721e+00
      endloop
   endfacet
   facet normal -0.000000e+00 8.544194e-01 5.195840e-01
      outer loop
         vertex 0.000000e+00 -3.267880e+00 -2.306721e+00
         vertex 4.000000e+00 -3.551541e+00 -1.840260e+00
         vertex 4.000000e+00 -3.267880e+00 -2.306721e+00
      endloop
   endfacet
   facet normal -0.000000e+00 7.757113e-01 6.310879e-01
      outer loop
         vertex 0.000000e+00 -3.267880e+00 -2.306721e+00
         vertex 4.000000e+00 -3.267880e+00 -2.306721e+00
         vertex 0.000000e+00 -2.923344e+00 -2.730213e+00
      endloop
   endfacet
   facet normal -0.000000e+00 7.757113e-01 6.310879e-01
      outer loop
         vertex 0.000000e+00 -2.923344e+00 -2.730213e+00
         vertex 4.000000e+00 -3.267880e+00 -2.306721e+00
         vertex 4.000000e+00 -2.923344e+00 -2.730213e+00
      endloop
   endfacet
   facet normal -0.000000e+00 6.825529e-01 7.308361e-01
      outer loop
         vertex 0.000000e+00 -2.923344e+00 -2.730213e+00
         vertex 4.000000e+00 -2.923344e+00 -2.730213e+00
         vertex 0.000000e+00 -2.524352e+00 -3.102845e+00
      endloop
   endfacet
   facet normal -0.000000e+00 6.825529e-01 7.308361e-01
      outer loop
         vertex 0.000000e+00 -2.524352e+00 -3.102845e+00
         vertex 4.000000e+00 -2.923344e+00 -2.730213e+00
         vertex 4.000000e+00 -2.524352e+00 -3.102845e+00
      endloop
   endfacet
   facet normal -0.000000e+00 5.766806e-01 8.169697e-01
      outer loop
         vertex 0.000000e+00 -2.524352e+00 -3.102845e+00
         vertex 4.000000e+00 -2.524352e+00 -3.102845e+00
         vertex 0.000000e+00 -2.078336e+00 -3.417678e+00
      endloop
   endfacet
   facet normal -0.000000e+00 5.766806e-01 8.169697e-01
      outer loop
         vertex 0.000000e+00 -2.078336e+00 -3.417678e+00
         vertex 4.000000e+00 -2.524352e+00 -3.102845e+00
         vertex 4.000000e+00 -2.078336e+00 -3.417678e+00
      endloop
   endfacet
   facet normal -0.000000e+00 4.600649e-01 8.878853e-01
      outer loop
         vertex 0.000000e+00 -2.078336e+00 -3.417678e+00
         vertex 4.000000e+00 -2.078336e+00 -3.417678e+00
         vertex 0.000000e+00 -1.593604e+00 -3.668845e+00
      endloop
   endfacet
   facet normal -0.000000e+00 4.600649e-01 8.878853e-01
      outer loop
         vertex 0.000000e+00 -1.593604e+00 -3.668845e+00
         vertex 4.000000e+00 -2.078336e+00 -3.417678e+00
         vertex 4.000000e+00 -1.593604e+00 -3.668845e+00
      endloop
   endfacet
   facet normal -0.000000e+00 3.348796e-01 9.422609e-01
      outer loop
         vertex 0.000000e+00 -1.593604e+00 -3.668845e+00
         vertex 4.000000e+00 -1.593604e+00 -3.668845e+00
         vertex 0.000000e+00 -1.079187e+00 -3.851669e+00
      endloop
   endfacet
   facet normal -0.000000e+00 3.348796e-01 9.422609e-01
      outer loop
         vertex 0.000000e+00 -1.079187e+00 -3.851669e+00
         vertex 4.000000e+00 -1.593604e+00 -3.668845e+00
         vertex 4.000000e+00 -1.079187e+00 -3.851669e+00
      endloop
   endfacet
   facet normal -0.000000e+00 2.034557e-01 9.790842e-01
      outer loop
         vertex 0.000000e+00 -1.079187e+00 -3.851669e+00
         vertex 4.000000e+00 -1.079187e+00 -3.851669e+00
         vertex 0.000000e+00 -5.446666e-01 -3.962744e+00
      endloop
   endfacet
   facet normal -0.000000e+00 2.034557e-01 9.790842e-01
      outer loop
         vertex 0.000000e+00 -5.446666e-01 -3.962744e+00
         vertex 4.000000e+00 -1.079187e+00 -3.851669e+00
         vertex 4.000000e+00 -5.446666e-01 -3.962744e+00
      endloop
   endfacet
   facet normal -0.000000e+00 6.824316e-02 9.976687e-01
      outer loop
         vertex 0.000000e+00 -5.446666e-01 -3.962744e+00
         vertex 4.000000e+00 -5.446666e-01 -3.962744e+00
         vertex 0.000000e+00 -9.797175e-16 -4.000000e+00
      endloop
   endfacet
   facet normal -0.000000e+00 6.824316e-02 9.976687e-01
      outer loop
         vertex 0.000000e+00 -9.797175e-16 -4.000000e+00
         vertex 4.000000e+00 -5.446666e-01 -3.962744e+00
         vertex 4.000000e+00 -9.797175e-16 -4.000000e+00
      endloop
   endfacet
   facet normal 1.000000e+00 0.000000e+00 0.000000e+00
      outer loop
         vertex 4.000000e+00 -3.769044e+00 -1.339518e+00
         vertex 4.000000e+00 -5.050188e+00 -2.178439e+00
         vertex 4.000000e+00 -3.551541e+00 -1.840260e+00
      endloop
   endfacet
   facet normal 1.000000e+00 0.000000e+00 0.000000e+00
      outer loop
         vertex 4.000000e+00 -3.551541e+00 -1.840260e+00
         vertex 4.000000e+00 -5.050188e+00 -2.178439e+00
         vertex 4.000000e+00 -4.763140e+00 -2.750000e+00
      endloop
   endfacet
   facet normal 1.000000e+00 0.000000e+00 0.000000e+00
      outer loop
         vertex 4.000000e+00 -3.551541e+00 -1.840260e+00
         vertex 4.000000e+00 -4.763140e+00 -2.750000e+00
         vertex 4.000000e+00 -3.267880e+00 -2.306721e+00
      endloop
   endfacet
   facet normal 1.000000e+00 0.000000e+00 0.000000e+00
      outer loop
         vertex 4.000000e+00 -3.267880e+00 -2.306721e+00
         vertex 4.000000e+00 -4.763140e+00 -2.750000e+00
         vertex 4.000000e+00 -4.411677e+00 -3.284372e+00
      endloop
   endfacet
   facet normal 1.000000e+00 0.000000e+00 0.000000e+00
      outer loop
         vertex 4.000000e+00 -3.267880e+00 -2.306721e+00
         vertex 4.000000e+00 -4.411677e+00 -3.284372e+00
         vertex 4.000000e+00 -2.923344e+00 -2.730213e+00
      endloop
   endfacet
   facet normal 1.000000e+00 0.000000e+00 0.000000e+00
      outer loop
         vertex 4.000000e+00 -2.923344e+00 -2.730213e+00
         vertex 4.000000e+00 -4.411677e+00 -3.284372e+00
         vertex 4.000000e+00 -4.000555e+00 -3.774329e+00
      endloop
   endfacet
   facet normal 1.000000e+00 0.000000e+00 0.000000e+00
      outer loop
         vertex 4.000000e+00 -2.923344e+00 -2.730213e+00
         vertex 4.000000e+00 -4.000555e+00 -3.774329e+00
         vertex 4.000000e+00 -2.524352e+00 -3.102845e+00
      endloop
   endfacet
   facet normal 1.000000e+00 0.000000e+00 0.000000e+00
      outer loop
         vertex 4.000000e+00 -2.524352e+00 -3.102845e+00
         vertex 4.000000e+00 -4.000555e+00 -3.774329e+00
         vertex 4.000000e+00 -3.535332e+00 -4.213245e+00
      endloop
   endfacet
   facet normal 1.000000e+00 0.000000e+00 0.000000e+00
      outer loop
         vertex 4.000000e+00 -2.524352e+00 -3.102845e+00
         vertex 4.000000e+00 -3.535332e+00 -4.213245e+00
         vertex 4.000000e+00 -2.078336e+00 -3.417678e+00
      endloop
   endfacet
   facet normal 1.000000e+00 0.000000e+00 0.000000e+00
      outer loop
         vertex 4.000000e+00 -2.078336e+00 -3.417678e+00
         vertex 4.000000e+00 -3.535332e+00 -4.213245e+00
         vertex 4.000000e+00 -3.022299e+00 -4.595183e+00
      endloop
   endfacet
   facet normal 1.000000e+00 0.000000e+00 0.000000e+00
      outer loop
         vertex 4.000000e+00 -2.078336e+00 -3.417678e+00
         vertex 4.000000e+00 -3.022299e+00 -4.595183e+00
         vertex 4.000000e+00 -1.593604e+00 -3.668845e+00
      endloop
   endfacet
   facet normal 1.000000e+00 0.000000e+00 0.000000e+00
      outer loop
         vertex 4.000000e+00 -3.551541e+00 1.840260e+00
         vertex 4.000000e+00 -5.050188e+00 2.178439e+00
         vertex 4.000000e+00 -3.769044e+00 1.339518e+00
      endloop
   endfacet
   facet normal 1.000000e+00 0.000000e+00 0.000000e+00
      outer loop
         vertex 4.000000e+00 -3.769044e+00 1.339518e+00
         vertex 4.000000e+00 -5.050188e+00 2.178439e+00
         vertex 4.000000e+00 -5.268942e+00 1.577418e+00
      endloop
   endfacet
   facet normal 1.000000e+00 0.000000e+00 0.000000e+00
      outer loop
         vertex 4.000000e+00 -3.769044e+00 1.339518e+00
         vertex 4.000000e+00 -5.268942e+00 1.577418e+00
         vertex 4.000000e+00 -3.916336e+00 8.138241e-01
      endloop
   endfacet
   facet normal 1.000000e+00 0.000000e+00 0.000000e+00
      outer loop
         vertex 4.000000e+00 -3.916336e+00 8.138241e-01
         vertex 4.000000e+00 -5.268942e+00 1.577418e+00
         vertex 4.000000e+00 -5.416443e+00 9.550650e-01
      endloop
   endfacet
   facet normal 1.000000e+00 0.000000e+00 0.000000e+00
      outer loop
         vertex 4.000000e+00 -3.916336e+00 8.138241e-01
         vertex 4.000000e+00 -5.416443e+00 9.550650e-01
         vertex 4.000000e+00 -3.990675e+00 2.729697e-01
      endloop
   endfacet
   facet normal 1.000000e+00 0.000000e+00 0.000000e+00
      outer loop
         vertex 4.000000e+00 -3.990675e+00 2.729697e-01
         vertex 4.000000e+00 -5.416443e+00 9.550650e-01
         vertex 4.000000e+00 -5.490695e+00 3.197966e-01
      endloop
   endfacet
   facet normal 1.000000e+00 0.000000e+00 0.000000e+00
      outer loop
         vertex 4.000000e+00 -3.990675e+00 2.729697e-01
         vertex 4.000000e+00 -5.490695e+00 3.197966e-01
         vertex 4.000000e+00 -3.990675e+00 -2.729697e-01
      endloop
   endfacet
   facet normal 1.000000e+00 0.000000e+00 0.000000e+00
      outer loop
         vertex 4.000000e+00 -3.990675e+00 -2.729697e-01
         vertex 4.000000e+00 -5.490695e+00 3.197966e-01
         vertex 4.000000e+00 -5.490695e+00 -3.197966e-01
      endloop
   endfacet
   facet normal 1.000000e+00 0.000000e+00 0.000000e+00
      outer loop
         vertex 4.000000e+00 -3.990675e+00 -2.729697e-01
         vertex 4.000000e+00 -5.490695e+00 -3.197966e-01
         vertex 4.000000e+00 -3.916336e+00 -8.138241e-01
      endloop
   endfacet
   facet normal 1.000000e+00 0.000000e+00 0.000000e+00
      outer loop
         vertex 4.000000e+00 -3.916336e+00 -8.138241e-01
         vertex 4.000000e+00 -5.490695e+00 -3.197966e-01
         vertex 4.000000e+00 -5.416443e+00 -9.550650e-01
      endloop
   endfacet
   facet normal 1.000000e+00 0.000000e+00 0.000000e+00
      outer loop
         vertex 4.000000e+00 -3.916336e+00 -8.138241e-01
         vertex 4.000000e+00 -5.416443e+00 -9.550650e-01
         vertex 4.000000e+00 -3.769044e+00 -1.339518e+00
      endloop
   endfacet
   facet normal 1.000000e+00 0.000000e+00 0.000000e+00
      outer loop
         vertex 4.000000e+00 -3.769044e+00 -1.339518e+00
         vertex 4.000000e+00 -5.416443e+00 -9.550650e-01
         vertex 4.000000e+00 -5.268942e+00 -1.577418e+00
      endloop
   endfacet
   facet normal 1.000000e+00 0.000000e+00 0.000000e+00
      outer loop
         vertex 4.000000e+00 -3.769044e+00 -1.339518e+00
         vertex 4.000000e+00 -5.268942e+00 -1.577418e+00
         vertex 4.000000e+00 -5.050188e+00 -2.178439e+00
      endloop
   endfacet
   facet normal 1.000000e+00 0.000000e+00 -0.000000e+00
      outer loop
         vertex 4.000000e+00 3.769044e+00 1.339518e+00
         vertex 4.000000e+00 5.050188e+00 2.178439e+00
         vertex 4.000000e+00 3.551541e+00 1.840260e+00
      endloop
   endfacet
   facet normal 1.000000e+00 0.000000e+00 0.000000e+00
      outer loop
         vertex 4.000000e+00 3.551541e+00 1.840260e+00
         vertex 4.000000e+00 5.050188e+00 2.178439e+00
         vertex 4.000000e+00 4.763140e+00 2.750000e+00
      endloop
   endfacet
   facet normal 1.000000e+00 0.000000e+00 -0.000000e+00
      outer loop
         vertex 4.000000e+00 3.551541e+00 1.840260e+00
         vertex 4.000000e+00 4.763140e+00 2.750000e+00
         vertex 4.000000e+00 3.267880e+00 2.306721e+00
      endloop
   endfacet
   facet normal 1.000000e+00 0.000000e+00 0.000000e+00
      outer loop
         vertex 4.000000e+00 3.267880e+00 2.306721e+00
         vertex 4.000000e+00 4.763140e+00 2.750000e+00
         vertex 4.000000e+00 4.411677e+00 3.284372e+00
      endloop
   endfacet
   facet normal 1.000000e+00 0.000000e+00 -0.000000e+00
      outer loop
         vertex 4.000000e+00 3.267880e+00 2.306721e+00
         vertex 4.000000e+00 4.411677e+00 3.284372e+00
         vertex 4.000000e+00 2.923344e+00 2.730213e+00
      endloop
   endfacet
   facet normal 1.000000e+00 0.000000e+00 0.000000e+00
      outer loop
         vertex 4.000000e+00 2.923344e+00 2.730213e+00
         vertex 4.000000e+00 4.411677e+00 3.284372e+00
         vertex 4.000000e+00 4.000555e+00 3.774329e+00
      endloop
   endfacet
   facet normal 1.000000e+00 0.000000e+00 -0.000000e+00
      outer loop
         vertex 4.000000e+00 2.923344e+00 2.730213e+00
         vertex 4.000000e+00 4.000555e+00 3.774329e+00
         vertex 4.000000e+00 2.524352e+00 3.102845e+00
      endloop
   endfacet
   facet normal 1.000000e+00 0.000000e+00 0.000000e+00
      outer loop
         vertex 4.000000e+00 2.524352e+00 3.102845e+00
         vertex 4.000000e+00 4.000555e+00 3.774329e+00
         vertex 4.000000e+00 3.535332e+00 4.213245e+00
      endloop
   endfacet
   facet normal 1.000000e+00 0.000000e+00 -0.000000e+00
      outer loop
         vertex 4.000000e+00 2.524352e+00 3.102845e+00
         vertex 4.000000e+00 3.535332e+00 4.213245e+00
         vertex 4.000000e+00 2.078336e+00 3.417678e+00
      endloop
   endfacet
   facet normal 1.000000e+00 0.000000e+00 0.000000e+00
      outer loop
         vertex 4.000000e+00 2.078336e+00 3.417678e+00
         vertex 4.000000e+00 3.535332e+00 4.213245e+00
         vertex 4.000000e+00 3.022299e+00 4.595183e+00
      endloop
   endfacet
   facet normal 1.000000e+00 0.000000e+00 -0.000000e+00
      outer loop
         vertex 4.000000e+00 2.078336e+00 3.417678e+00
         vertex 4.000000e+00 3.022299e+00 4.595183e+00
         vertex 4.000000e+00 1.593604e+00 3.668845e+00
      endloop
   endfacet
   facet normal 1.000000e+00 -0.000000e+00 0.000000e+00
      outer loop
         vertex 4.000000e+00 -3.022299e+00 -4.595183e+00
         vertex 4.000000e+00 -2.468396e+00 -4.914979e+00
         vertex 4.000000e+00 -1.593604e+00 -3.668845e+00
      endloop
   endfacet
   facet normal 1.000000e+00 0.000000e+00 0.000000e+00
      outer loop
         vertex 4.000000e+00 -1.593604e+00 -3.668845e+00
         vertex 4.000000e+00 -2.468396e+00 -4.914979e+00
         vertex 4.000000e+00 -1.881111e+00 -5.168309e+00
      endloop
   endfacet
   facet normal 1.000000e+00 0.000000e+00 0.000000e+00
      outer loop
         vertex 4.000000e+00 -1.593604e+00 -3.668845e+00
         vertex 4.000000e+00 -1.881111e+00 -5.168309e+00
         vertex 4.000000e+00 -1.079187e+00 -3.851669e+00
      endloop
   endfacet
   facet normal 1.000000e+00 0.000000e+00 0.000000e+00
      outer loop
         vertex 4.000000e+00 -1.079187e+00 -3.851669e+00
         vertex 4.000000e+00 -1.881111e+00 -5.168309e+00
         vertex 4.000000e+00 -1.268387e+00 -5.351747e+00
      endloop
   endfacet
   facet normal 1.000000e+00 0.000000e+00 0.000000e+00
      outer loop
         vertex 4.000000e+00 -1.079187e+00 -3.851669e+00
         vertex 4.000000e+00 -1.268387e+00 -5.351747e+00
         vertex 4.000000e+00 -5.446666e-01 -3.962744e+00
      endloop
   endfacet
   facet normal 1.000000e+00 0.000000e+00 0.000000e+00
      outer loop
         vertex 4.000000e+00 -5.446666e-01 -3.962744e+00
         vertex 4.000000e+00 -1.268387e+00 -5.351747e+00
         vertex 4.000000e+00 -6.385110e-01 -5.462811e+00
      endloop
   endfacet
   facet normal 1.000000e+00 0.000000e+00 0.000000e+00
      outer loop
         vertex 4.000000e+00 -5.446666e-01 -3.962744e+00
         vertex 4.000000e+00 -6.385110e-01 -5.462811e+00
         vertex 4.000000e+00 -9.797175e-16 -4.000000e+00
      endloop
   endfacet
   facet normal 1.000000e+00 0.000000e+00 0.000000e+00
      outer loop
         vertex 4.000000e+00 -9.797175e-16 -4.000000e+00
         vertex 4.000000e+00 -6.385110e-01 -5.462811e+00
         vertex 4.000000e+00 6.735558e-16 -5.500000e+00
      endloop
   endfacet
   facet normal 1.000000e+00 -0.000000e+00 0.000000e+00
      outer loop
         vertex 4.000000e+00 -9.797175e-16 -4.000000e+00
         vertex 4.000000e+00 6.735558e-16 -5.500000e+00
         vertex 4.000000e+00 5.446666e-01 -3.962744e+00
      endloop
   endfacet
   facet normal 1.000000e+00 0.000000e+00 0.000000e+00
      outer loop
         vertex 4.000000e+00 5.446666e-01 -3.962744e+00
         vertex 4.000000e+00 6.735558e-16 -5.500000e+00
         vertex 4.000000e+00 6.385110e-01 -5.462811e+00
      endloop
   endfacet
   facet normal 1.000000e+00 -0.000000e+00 0.000000e+00
      outer loop
         vertex 4.000000e+00 5.446666e-01 -3.962744e+00
         vertex 4.000000e+00 6.385110e-01 -5.462811e+00
         vertex 4.000000e+00 1.079187e+00 -3.851669e+00
      endloop
   endfacet
   facet normal 1.000000e+00 -0.000000e+00 0.000000e+00
      outer loop
         vertex 4.000000e+00 3.551541e+00 -1.840260e+00
         vertex 4.000000e+00 5.050188e+00 -2.178439e+00
         vertex 4.000000e+00 3.769044e+00 -1.339518e+00
      endloop
   endfacet
   facet normal 1.000000e+00 0.000000e+00 0.000000e+00
      outer loop
         vertex 4.000000e+00 3.769044e+00 -1.339518e+00
         vertex 4.000000e+00 5.050188e+00 -2.178439e+00
         vertex 4.000000e+00 5.268942e+00 -1.577418e+00
      endloop
   endfacet
   facet normal 1.000000e+00 -0.000000e+00 0.000000e+00
      outer loop
         vertex 4.000000e+00 3.769044e+00 -1.339518e+00
         vertex 4.000000e+00 5.268942e+00 -1.577418e+00
         vertex 4.000000e+00 3.916336e+00 -8.138241e-01
      endloop
   endfacet
   facet normal 1.000000e+00 0.000000e+00 0.000000e+00
      outer loop
         vertex 4.000000e+00 3.916336e+00 -8.138241e-01
         vertex 4.000000e+00 5.268942e+00 -1.577418e+00
         vertex 4.000000e+00 5.416443e+00 -9.550650e-01
      endloop
   endfacet
   facet normal 1.000000e+00 -0.000000e+00 0.000000e+00
      outer loop
         vertex 4.000000e+00 3.916336e+00 -8.138241e-01
         vertex 4.000000e+00 5.416443e+00 -9.550650e-01
         vertex 4.000000e+00 3.990675e+00 -2.729697e-01
      endloop
   endfacet
   facet normal 1.000000e+00 0.000000e+00 0.000000e+00
      outer loop
         vertex 4.000000e+00 3.990675e+00 -2.729697e-01
         vertex 4.000000e+00 5.416443e+00 -9.550650e-01
         vertex 4.000000e+00 5.490695e+00 -3.197966e-01
      endloop
   endfacet
   facet normal 1.000000e+00 -0.000000e+00 0.000000e+00
      outer loop
         vertex 4.000000e+00 3.990675e+00 -2.729697e-01
         vertex 4.000000e+00 5.490695e+00 -3.197966e-01
         vertex 4.000000e+00 3.990675e+00 2.729697e-01
      endloop
   endfacet
   facet normal 1.000000e+00 -0.000000e+00 0.000000e+00
      outer loop
         vertex 4.000000e+00 3.990675e+00 2.729697e-01
         vertex 4.000000e+00 5.490695e+00 -3.197966e-01
         vertex 4.000000e+00 5.490695e+00 3.197966e-01
      endloop
   endfacet
   facet normal 1.000000e+00 0.000000e+00 -0.000000e+00
      outer loop
         vertex 4.000000e+00 3.990675e+00 2.729697e-01
         vertex 4.000000e+00 5.490695e+00 3.197966e-01
         vertex 4.000000e+00 3.916336e+00 8.138241e-01
      endloop
   endfacet
   facet normal 1.000000e+00 -0.000000e+00 0.000000e+00
      outer loop
         vertex 4.000000e+00 3.916336e+00 8.138241e-01
         vertex 4.000000e+00 5.490695e+00 3.197966e-01
         vertex 4.000000e+00 5.416443e+00 9.550650e-01
      endloop
   endfacet
   facet normal 1.000000e+00 0.000000e+00 -0.000000e+00
      outer loop
         vertex 4.000000e+00 3.916336e+00 8.138241e-01
         vertex 4.000000e+00 5.416443e+00 9.550650e-01
         vertex 4.000000e+00 3.769044e+00 1.339518e+00
      endloop
   endfacet
   facet normal 1.000000e+00 -0.000000e+00 0.000000e+00
      outer loop
         vertex 4.000000e+00 3.769044e+00 1.339518e+00
         vertex 4.000000e+00 5.416443e+00 9.550650e-01
         vertex 4.000000e+00 5.268942e+00 1.577418e+00
      endloop
   endfacet
   facet normal 1.000000e+00 0.000000e+00 0.000000e+00
      outer loop
         vertex 4.000000e+00 3.769044e+00 1.339518e+00
         vertex 4.000000e+00 5.268942e+00 1.577418e+00
         vertex 4.000000e+00 5.050188e+00 2.178439e+00
      endloop
   endfacet
   facet normal 1.000000e+00 0.000000e+00 0.000000e+00
      outer loop
         vertex 4.000000e+00 6.385110e-01 -5.462811e+00
         vertex 4.000000e+00 1.268387e+00 -5.351747e+00
         vertex 4.000000e+00 1.079187e+00 -3.851669e+00
      endloop
   endfacet
   facet normal 1.000000e+00 0.000000e+00 0.000000e+00
      outer loop
         vertex 4.000000e+00 1.079187e+00 -3.851669e+00
         vertex 4.000000e+00 1.268387e+00 -5.351747e+00
         vertex 4.000000e+00 1.881111e+00 -5.168309e+00
      endloop
   endfacet
   facet normal 1.000000e+00 -0.000000e+00 0.000000e+00
      outer loop
         vertex 4.000000e+00 1.079187e+00 -3.851669e+00
         vertex 4.000000e+00 1.881111e+00 -5.168309e+00
         vertex 4.000000e+00 1.593604e+00 -3.668845e+00
      endloop
   endfacet
   facet normal 1.000000e+00 0.000000e+00 0.000000e+00
      outer loop
         vertex 4.000000e+00 1.593604e+00 -3.668845e+00
         vertex 4.000000e+00 1.881111e+00 -5.168309e+00
         vertex 4.000000e+00 2.468396e+00 -4.914979e+00
      endloop
   endfacet
   facet normal 1.000000e+00 -0.000000e+00 0.000000e+00
      outer loop
         vertex 4.000000e+00 1.593604e+00 -3.668845e+00
         vertex 4.000000e+00 2.468396e+00 -4.914979e+00
         vertex 4.000000e+00 2.078336e+00 -3.417678e+00
      endloop
   endfacet
   facet normal 1.000000e+00 0.000000e+00 0.000000e+00
      outer loop
         vertex 4.000000e+00 2.078336e+00 -3.417678e+00
         vertex 4.000000e+00 2.468396e+00 -4.914979e+00
         vertex 4.000000e+00 3.022299e+00 -4.595183e+00
      endloop
   endfacet
   facet normal 1.000000e+00 -0.000000e+00 0.000000e+00
      outer loop
         vertex 4.000000e+00 2.078336e+00 -3.417678e+00
         vertex 4.000000e+00 3.022299e+00 -4.595183e+00
         vertex 4.000000e+00 2.524352e+00 -3.102845e+00
      endloop
   endfacet
   facet normal 1.000000e+00 0.000000e+00 0.000000e+00
      outer loop
         vertex 4.000000e+00 2.524352e+00 -3.102845e+00
         vertex 4.000000e+00 3.022299e+00 -4.595183e+00
         vertex 4.000000e+00 3.535332e+00 -4.213245e+00
      endloop
   endfacet
   facet normal 1.000000e+00 -0.000000e+00 0.000000e+00
      outer loop
         vertex 4.000000e+00 2.524352e+00 -3.102845e+00
         vertex 4.000000e+00 3.535332e+00 -4.213245e+00
         vertex 4.000000e+00 2.923344e+00 -2.730213e+00
      endloop
   endfacet
   facet normal 1.000000e+00 0.000000e+00 0.000000e+00
      outer loop
         vertex 4.000000e+00 2.923344e+00 -2.730213e+00
         vertex 4.000000e+00 3.535332e+00 -4.213245e+00
         vertex 4.000000e+00 4.000555e+00 -3.774329e+00
      endloop
   endfacet
   facet normal 1.000000e+00 -0.000000e+00 0.000000e+00
      outer loop
         vertex 4.000000e+00 2.923344e+00 -2.730213e+00
         vertex 4.000000e+00 4.000555e+00 -3.774329e+00
         vertex 4.000000e+00 3.267880e+00 -2.306721e+00
      endloop
   endfacet
   facet normal 1.000000e+00 0.000000e+00 0.000000e+00
      outer loop
         vertex 4.000000e+00 3.267880e+00 -2.306721e+00
         vertex 4.000000e+00 4.000555e+00 -3.774329e+00
         vertex 4.000000e+00 4.411677e+00 -3.284372e+00
      endloop
   endfacet
   facet normal 1.000000e+00 -0.000000e+00 0.000000e+00
      outer loop
         vertex 4.000000e+00 3.267880e+00 -2.306721e+00
         vertex 4.000000e+00 4.411677e+00 -3.284372e+00
         vertex 4.000000e+00 3.551541e+00 -1.840260e+00
      endloop
   endfacet
   facet normal 1.000000e+00 0.000000e+00 0.000000e+00
      outer loop
         vertex 4.000000e+00 3.551541e+00 -1.840260e+00
         vertex 4.000000e+00 4.411677e+00 -3.284372e+00
         vertex 4.000000e+00 4.763140e+00 -2.750000e+00
      endloop
   endfacet
   facet normal 1.000000e+00 0.000000e+00 0.000000e+00
      outer loop
         vertex 4.000000e+00 3.551541e+00 -1.840260e+00
         vertex 4.000000e+00 4.763140e+00 -2.750000e+00
         vertex 4.000000e+00 5.050188e+00 -2.178439e+00
      endloop
   endfacet
   facet normal 1.000000e+00 0.000000e+00 0.000000e+00
      outer loop
         vertex 4.000000e+00 -1.079187e+00 3.851669e+00
         vertex 4.000000e+00 -1.881111e+00 5.168309e+00
         vertex 4.000000e+00 -1.593604e+00 3.668845e+00
      endloop
   endfacet
   facet normal 1.000000e+00 0.000000e+00 0.000000e+00
      outer loop
         vertex 4.000000e+00 -1.593604e+00 3.668845e+00
         vertex 4.000000e+00 -1.881111e+00 5.168309e+00
         vertex 4.000000e+00 -2.468396e+00 4.914979e+00
      endloop
   endfacet
   facet normal 1.000000e+00 0.000000e+00 0.000000e+00
      outer loop
         vertex 4.000000e+00 -1.593604e+00 3.668845e+00
         vertex 4.000000e+00 -2.468396e+00 4.914979e+00
         vertex 4.000000e+00 -2.078336e+00 3.417678e+00
      endloop
   endfacet
   facet normal 1.000000e+00 0.000000e+00 0.000000e+00
      outer loop
         vertex 4.000000e+00 -2.078336e+00 3.417678e+00
         vertex 4.000000e+00 -2.468396e+00 4.914979e+00
         vertex 4.000000e+00 -3.022299e+00 4.595183e+00
      endloop
   endfacet
   facet normal 1.000000e+00 0.000000e+00 0.000000e+00
      outer loop
         vertex 4.000000e+00 -2.078336e+00 3.417678e+00
         vertex 4.000000e+00 -3.022299e+00 4.595183e+00
         vertex 4.000000e+00 -2.524352e+00 3.102845e+00
      endloop
   endfacet
   facet normal 1.000000e+00 0.000000e+00 0.000000e+00
      outer loop
         vertex 4.000000e+00 -2.524352e+00 3.102845e+00
         vertex 4.000000e+00 -3.022299e+00 4.595183e+00
         vertex 4.000000e+00 -3.535332e+00 4.213245e+00
      endloop
   endfacet
   facet normal 1.000000e+00 0.000000e+00 0.000000e+00
      outer loop
         vertex 4.000000e+00 -2.524352e+00 3.102845e+00
         vertex 4.000000e+00 -3.535332e+00 4.213245e+00
         vertex 4.000000e+00 -2.923344e+00 2.730213e+00
      endloop
   endfacet
   facet normal 1.000000e+00 0.000000e+00 0.000000e+00
      outer loop
         vertex 4.000000e+00 -2.923344e+00 2.730213e+00
         vertex 4.000000e+00 -3.535332e+00 4.213245e+00
         vertex 4.000000e+00 -4.000555e+00 3.774329e+00
      endloop
   endfacet
   facet normal 1.000000e+00 0.000000e+00 0.000000e+00
      outer loop
         vertex 4.000000e+00 -2.923344e+00 2.730213e+00
         vertex 4.000000e+00 -4.000555e+00 3.774329e+00
         vertex 4.000000e+00 -3.267880e+00 2.306721e+00
      endloop
   endfacet
   facet normal 1.000000e+00 0.000000e+00 0.000000e+00
      outer loop
         vertex 4.000000e+00 -3.267880e+00 2.306721e+00
         vertex 4.000000e+00 -4.000555e+00 3.774329e+00
         vertex 4.000000e+00 -4.411677e+00 3.284372e+00
      endloop
   endfacet
   facet normal 1.000000e+00 0.000000e+00 0.000000e+00
      outer loop
         vertex 4.000000e+00 -3.267880e+00 2.306721e+00
         vertex 4.000000e+00 -4.411677e+00 3.284372e+00
         vertex 4.000000e+00 -3.551541e+00 1.840260e+00
      endloop
   endfacet
   facet normal 1.000000e+00 0.000000e+00 0.000000e+00
      outer loop
         vertex 4.000000e+00 -3.551541e+00 1.840260e+00
         vertex 4.000000e+00 -4.411677e+00 3.284372e+00
         vertex 4.000000e+00 -4.763140e+00 2.750000e+00
      endloop
   endfacet
   facet normal 1.000000e+00 0.000000e+00 0.000000e+00
      outer loop
         vertex 4.000000e+00 -3.551541e+00 1.840260e+00
         vertex 4.000000e+00 -4.763140e+00 2.750000e+00
         vertex 4.000000e+00 -5.050188e+00 2.178439e+00
      endloop
   endfacet
   facet normal 1.000000e+00 0.000000e+00 0.000000e+00
      outer loop
         vertex 4.000000e+00 3.022299e+00 4.595183e+00
         vertex 4.000000e+00 2.468396e+00 4.914979e+00
         vertex 4.000000e+00 1.593604e+00 3.668845e+00
      endloop
   endfacet
   facet normal 1.000000e+00 0.000000e+00 0.000000e+00
      outer loop
         vertex 4.000000e+00 1.593604e+00 3.668845e+00
         vertex 4.000000e+00 2.468396e+00 4.914979e+00
         vertex 4.000000e+00 1.881111e+00 5.168309e+00
      endloop
   endfacet
   facet normal 1.000000e+00 0.000000e+00 -0.000000e+00
      outer loop
         vertex 4.000000e+00 1.593604e+00 3.668845e+00
         vertex 4.000000e+00 1.881111e+00 5.168309e+00
         vertex 4.000000e+00 1.079187e+00 3.851669e+00
      endloop
   endfacet
   facet normal 1.000000e+00 0.000000e+00 0.000000e+00
      outer loop
         vertex 4.000000e+00 1.079187e+00 3.851669e+00
         vertex 4.000000e+00 1.881111e+00 5.168309e+00
         vertex 4.000000e+00 1.268387e+00 5.351747e+00
      endloop
   endfacet
   facet normal 1.000000e+00 0.000000e+00 -0.000000e+00
      outer loop
         vertex 4.000000e+00 1.079187e+00 3.851669e+00
         vertex 4.000000e+00 1.268387e+00 5.351747e+00
         vertex 4.000000e+00 5.446666e-01 3.962744e+00
      endloop
   endfacet
   facet normal 1.000000e+00 0.000000e+00 0.000000e+00
      outer loop
         vertex 4.000000e+00 5.446666e-01 3.962744e+00
         vertex 4.000000e+00 1.268387e+00 5.351747e+00
         vertex 4.000000e+00 6.385110e-01 5.462811e+00
      endloop
   endfacet
   facet normal 1.000000e+00 0.000000e+00 -0.000000e+00
      outer loop
         vertex 4.000000e+00 5.446666e-01 3.962744e+00
         vertex 4.000000e+00 6.385110e-01 5.462811e+00
         vertex 4.000000e+00 4.898587e-16 4.000000e+00
      endloop
   endfacet
   facet normal 1.000000e+00 0.000000e+00 -0.000000e+00
      outer loop
         vertex 4.000000e+00 4.898587e-16 4.000000e+00
         vertex 4.000000e+00 6.385110e-01 5.462811e+00
         vertex 4.000000e+00 0.000000e+00 5.500000e+00
      endloop
   endfacet
   facet normal 1.000000e+00 0.000000e+00 0.000000e+00
      outer loop
         vertex 4.000000e+00 4.898587e-16 4.000000e+00
         vertex 4.000000e+00 0.000000e+00 5.500000e+00
         vertex 4.000000e+00 -5.446666e-01 3.962744e+00
      endloop
   endfacet
   facet normal 1.000000e+00 0.000000e+00 -0.000000e+00
      outer loop
         vertex 4.000000e+00 -5.446666e-01 3.962744e+00
         vertex 4.000000e+00 0.000000e+00 5.500000e+00
         vertex 4.000000e+00 -6.385110e-01 5.462811e+00
      endloop
   endfacet
   facet normal 1.000000e+00 0.000000e+00 0.000000e+00
      outer loop
         vertex 4.000000e+00 -5.446666e-01 3.962744e+00
         vertex 4.000000e+00 -6.385110e-01 5.462811e+00
         vertex 4.000000e+00 -1.079187e+00 3.851669e+00
      endloop
   endfacet
   facet normal 1.000000e+00 0.000000e+00 -0.000000e+00
      outer loop
         vertex 4.000000e+00 -1.079187e+00 3.851669e+00
         vertex 4.000000e+00 -6.385110e-01 5.462811e+00
         vertex 4.000000e+00 -1.268387e+00 5.351747e+00
      endloop
   endfacet
   facet normal 1.000000e+00 0.000000e+00 0.000000e+00
      outer loop
         vertex 4.000000e+00 -1.079187e+00 3.851669e+00
         vertex 4.000000e+00 -1.268387e+00 5.351747e+00
         vertex 4.000000e+00 -1.881111e+00 5.168309e+00
      endloop
   endfacet
   facet normal 0.000000e+00 2.574844e-02 -9.996685e-01
      outer loop
         vertex 1.000000e+00 3.603513e-01 -6.990719e+00
         vertex 1.000000e+00 8.572528e-16 -7.000000e+00
         vertex 0.000000e+00 8.572528e-16 -7.000000e+00
      endloop
   endfacet
   facet normal 0.000000e+00 -2.574844e-02 -9.996685e-01
      outer loop
         vertex 0.000000e+00 8.572528e-16 -7.000000e+00
         vertex 1.000000e+00 8.572528e-16 -7.000000e+00
         vertex 0.000000e+00 -3.603513e-01 -6.990719e+00
      endloop
   endfacet
   facet normal 0.000000e+00 -2.574844e-02 -9.996685e-01
      outer loop
         vertex 1.000000e+00 8.572528e-16 -7.000000e+00
         vertex 1.000000e+00 -3.603513e-01 -6.990719e+00
         vertex 0.000000e+00 -3.603513e-01 -6.990719e+00
      endloop
   endfacet
   facet normal 0.000000e+00 -1.028212e-01 -9.946999e-01
      outer loop
         vertex 0.000000e+00 -3.603513e-01 -6.990719e+00
         vertex 1.000000e+00 -3.603513e-01 -6.990719e+00
         vertex 1.000000e+00 -1.077234e+00 -6.916615e+00
      endloop
   endfacet
   facet normal 0.000000e+00 -1.028212e-01 -9.946999e-01
      outer loop
         vertex 0.000000e+00 -3.603513e-01 -6.990719e+00
         vertex 1.000000e+00 -1.077234e+00 -6.916615e+00
         vertex 0.000000e+00 -1.077234e+00 -6.916615e+00
      endloop
   endfacet
   facet normal 0.000000e+00 -2.045517e-01 -9.788558e-01
      outer loop
         vertex 0.000000e+00 -1.077234e+00 -6.916615e+00
         vertex 1.000000e+00 -1.077234e+00 -6.916615e+00
         vertex 1.000000e+00 -1.782698e+00 -6.769194e+00
      endloop
   endfacet
   facet normal 0.000000e+00 -2.045517e-01 -9.788558e-01
      outer loop
         vertex 0.000000e+00 -1.077234e+00 -6.916615e+00
         vertex 1.000000e+00 -1.782698e+00 -6.769194e+00
         vertex 0.000000e+00 -1.782698e+00 -6.769194e+00
      endloop
   endfacet
   facet normal 0.000000e+00 -3.041150e-01 -9.526353e-01
      outer loop
         vertex 0.000000e+00 -1.782698e+00 -6.769194e+00
         vertex 1.000000e+00 -1.782698e+00 -6.769194e+00
         vertex 1.000000e+00 -2.469265e+00 -6.550018e+00
      endloop
   endfacet
   facet normal 0.000000e+00 -3.041150e-01 -9.526353e-01
      outer loop
         vertex 0.000000e+00 -1.782698e+00 -6.769194e+00
         vertex 1.000000e+00 -2.469265e+00 -6.550018e+00
         vertex 0.000000e+00 -2.469265e+00 -6.550018e+00
      endloop
   endfacet
   facet normal 0.000000e+00 -4.004537e-01 -9.163170e-01
      outer loop
         vertex 0.000000e+00 -2.469265e+00 -6.550018e+00
         vertex 1.000000e+00 -2.469265e+00 -6.550018e+00
         vertex 1.000000e+00 -3.129657e+00 -6.261410e+00
      endloop
   endfacet
   facet normal 0.000000e+00 -4.004537e-01 -9.163170e-01
      outer loop
         vertex 0.000000e+00 -2.469265e+00 -6.550018e+00
         vertex 1.000000e+00 -3.129657e+00 -6.261410e+00
         vertex 0.000000e+00 -3.129657e+00 -6.261410e+00
      endloop
   endfacet
   facet normal 0.000000e+00 -4.925481e-01 -8.702852e-01
      outer loop
         vertex 0.000000e+00 -3.129657e+00 -6.261410e+00
         vertex 1.000000e+00 -3.129657e+00 -6.261410e+00
         vertex 1.000000e+00 -3.756873e+00 -5.906429e+00
      endloop
   endfacet
   facet normal 0.000000e+00 -4.925481e-01 -8.702852e-01
      outer loop
         vertex 0.000000e+00 -3.129657e+00 -6.261410e+00
         vertex 1.000000e+00 -3.756873e+00 -5.906429e+00
         vertex 0.000000e+00 -3.756873e+00 -5.906429e+00
      endloop
   endfacet
   facet normal 0.000000e+00 -5.794214e-01 -8.150281e-01
      outer loop
         vertex 0.000000e+00 -3.756873e+00 -5.906429e+00
         vertex 1.000000e+00 -3.756873e+00 -5.906429e+00
         vertex 1.000000e+00 -4.344266e+00 -5.488839e+00
      endloop
   endfacet
   facet normal 0.000000e+00 -5.794214e-01 -8.150281e-01
      outer loop
         vertex 0.000000e+00 -3.756873e+00 -5.906429e+00
         vertex 1.000000e+00 -4.344266e+00 -5.488839e+00
         vertex 0.000000e+00 -4.344266e+00 -5.488839e+00
      endloop
   endfacet
   facet normal 0.000000e+00 -6.601518e-01 -7.511322e-01
      outer loop
         vertex 0.000000e+00 -4.344266e+00 -5.488839e+00
         vertex 1.000000e+00 -4.344266e+00 -5.488839e+00
         vertex 1.000000e+00 -4.885609e+00 -5.013065e+00
      endloop
   endfacet
   facet normal 0.000000e+00 -6.601518e-01 -7.511322e-01
      outer loop
         vertex 0.000000e+00 -4.344266e+00 -5.488839e+00
         vertex 1.000000e+00 -4.885609e+00 -5.013065e+00
         vertex 0.000000e+00 -4.885609e+00 -5.013065e+00
      endloop
   endfacet
   facet normal 0.000000e+00 -7.338854e-01 -6.792733e-01
      outer loop
         vertex 0.000000e+00 -4.885609e+00 -5.013065e+00
         vertex 1.000000e+00 -4.885609e+00 -5.013065e+00
         vertex 1.000000e+00 -5.375163e+00 -4.484152e+00
      endloop
   endfacet
   facet normal 0.000000e+00 -7.338854e-01 -6.792733e-01
      outer loop
         vertex 0.000000e+00 -4.885609e+00 -5.013065e+00
         vertex 1.000000e+00 -5.375163e+00 -4.484152e+00
         vertex 0.000000e+00 -5.375163e+00 -4.484152e+00
      endloop
   endfacet
   facet normal 0.000000e+00 -7.998392e-01 -6.002143e-01
      outer loop
         vertex 0.000000e+00 -5.375163e+00 -4.484152e+00
         vertex 1.000000e+00 -5.375163e+00 -4.484152e+00
         vertex 1.000000e+00 -5.807739e+00 -3.907706e+00
      endloop
   endfacet
   facet normal 0.000000e+00 -7.998392e-01 -6.002143e-01
      outer loop
         vertex 0.000000e+00 -5.375163e+00 -4.484152e+00
         vertex 1.000000e+00 -5.807739e+00 -3.907706e+00
         vertex 0.000000e+00 -5.807739e+00 -3.907706e+00
      endloop
   endfacet
   facet normal 0.000000e+00 -8.573147e-01 -5.147926e-01
      outer loop
         vertex 0.000000e+00 -5.807739e+00 -3.907706e+00
         vertex 1.000000e+00 -5.807739e+00 -3.907706e+00
         vertex 1.000000e+00 -6.178752e+00 -3.289837e+00
      endloop
   endfacet
   facet normal 0.000000e+00 -8.573147e-01 -5.147926e-01
      outer loop
         vertex 0.000000e+00 -5.807739e+00 -3.907706e+00
         vertex 1.000000e+00 -6.178752e+00 -3.289837e+00
         vertex 0.000000e+00 -6.178752e+00 -3.289837e+00
      endloop
   endfacet
   facet normal 0.000000e+00 -9.057023e-01 -4.239144e-01
      outer loop
         vertex 0.000000e+00 -6.178752e+00 -3.289837e+00
         vertex 1.000000e+00 -6.178752e+00 -3.289837e+00
         vertex 1.000000e+00 -6.484268e+00 -2.637095e+00
      endloop
   endfacet
   facet normal 0.000000e+00 -9.057023e-01 -4.239144e-01
      outer loop
         vertex 0.000000e+00 -6.178752e+00 -3.289837e+00
         vertex 1.000000e+00 -6.484268e+00 -2.637095e+00
         vertex 0.000000e+00 -6.484268e+00 -2.637095e+00
      endloop
   endfacet
   facet normal 0.000000e+00 -9.444892e-01 -3.285424e-01
      outer loop
         vertex 0.000000e+00 -6.484268e+00 -2.637095e+00
         vertex 1.000000e+00 -6.484268e+00 -2.637095e+00
         vertex 1.000000e+00 -6.721049e+00 -1.956400e+00
      endloop
   endfacet
   facet normal 0.000000e+00 -9.444892e-01 -3.285424e-01
      outer loop
         vertex 0.000000e+00 -6.484268e+00 -2.637095e+00
         vertex 1.000000e+00 -6.721049e+00 -1.956400e+00
         vertex 0.000000e+00 -6.721049e+00 -1.956400e+00
      endloop
   endfacet
   facet normal 0.000000e+00 -9.732644e-01 -2.296877e-01
      outer loop
         vertex 0.000000e+00 -6.721049e+00 -1.956400e+00
         vertex 1.000000e+00 -6.721049e+00 -1.956400e+00
         vertex 1.000000e+00 -6.886586e+00 -1.254965e+00
      endloop
   endfacet
   facet normal 0.000000e+00 -9.732644e-01 -2.296877e-01
      outer loop
         vertex 0.000000e+00 -6.721049e+00 -1.956400e+00
         vertex 1.000000e+00 -6.886586e+00 -1.254965e+00
         vertex 0.000000e+00 -6.886586e+00 -1.254965e+00
      endloop
   endfacet
   facet normal 0.000000e+00 -9.917227e-01 -1.283985e-01
      outer loop
         vertex 0.000000e+00 -6.886586e+00 -1.254965e+00
         vertex 1.000000e+00 -6.886586e+00 -1.254965e+00
         vertex 1.000000e+00 -6.979123e+00 -5.402282e-01
      endloop
   endfacet
   facet normal 0.000000e+00 -9.917227e-01 -1.283985e-01
      outer loop
         vertex 0.000000e+00 -6.886586e+00 -1.254965e+00
         vertex 1.000000e+00 -6.979123e+00 -5.402282e-01
         vertex 0.000000e+00 -6.979123e+00 -5.402282e-01
      endloop
   endfacet
   facet normal 0.000000e+00 -9.996685e-01 -2.574794e-02
      outer loop
         vertex 0.000000e+00 -6.979123e+00 -5.402282e-01
         vertex 1.000000e+00 -6.979123e+00 -5.402282e-01
         vertex 1.000000e+00 -6.997679e+00 1.802354e-01
      endloop
   endfacet
   facet normal 0.000000e+00 -9.996685e-01 -2.574794e-02
      outer loop
         vertex 0.000000e+00 -6.979123e+00 -5.402282e-01
         vertex 1.000000e+00 -6.997679e+00 1.802354e-01
         vertex 0.000000e+00 -6.997679e+00 1.802354e-01
      endloop
   endfacet
   facet normal 0.000000e+00 -9.970175e-01 7.717531e-02
      outer loop
         vertex 0.000000e+00 -6.997679e+00 1.802354e-01
         vertex 1.000000e+00 -6.997679e+00 1.802354e-01
         vertex 1.000000e+00 -6.942059e+00 8.987885e-01
      endloop
   endfacet
   facet normal 0.000000e+00 -9.970175e-01 7.717531e-02
      outer loop
         vertex 0.000000e+00 -6.997679e+00 1.802354e-01
         vertex 1.000000e+00 -6.942059e+00 8.987885e-01
         vertex 0.000000e+00 -6.942059e+00 8.987885e-01
      endloop
   endfacet
   facet normal 0.000000e+00 -9.837979e-01 1.792812e-01
      outer loop
         vertex 0.000000e+00 -6.942059e+00 8.987885e-01
         vertex 1.000000e+00 -6.942059e+00 8.987885e-01
         vertex 1.000000e+00 -6.812850e+00 1.607814e+00
      endloop
   endfacet
   facet normal 0.000000e+00 -9.837979e-01 1.792812e-01
      outer loop
         vertex 0.000000e+00 -6.942059e+00 8.987885e-01
         vertex 1.000000e+00 -6.812850e+00 1.607814e+00
         vertex 0.000000e+00 -6.812850e+00 1.607814e+00
      endloop
   endfacet
   facet normal 0.000000e+00 -9.601499e-01 2.794856e-01
      outer loop
         vertex 0.000000e+00 -6.812850e+00 1.607814e+00
         vertex 1.000000e+00 -6.812850e+00 1.607814e+00
         vertex 1.000000e+00 -6.611424e+00 2.299797e+00
      endloop
   endfacet
   facet normal 0.000000e+00 -9.601499e-01 2.794856e-01
      outer loop
         vertex 0.000000e+00 -6.812850e+00 1.607814e+00
         vertex 1.000000e+00 -6.611424e+00 2.299797e+00
         vertex 0.000000e+00 -6.611424e+00 2.299797e+00
      endloop
   endfacet
   facet normal 0.000000e+00 -9.263241e-01 3.767275e-01
      outer loop
         vertex 0.000000e+00 -6.611424e+00 2.299797e+00
         vertex 1.000000e+00 -6.611424e+00 2.299797e+00
         vertex 1.000000e+00 -6.339916e+00 2.967401e+00
      endloop
   endfacet
   facet normal 0.000000e+00 -9.263241e-01 3.767275e-01
      outer loop
         vertex 0.000000e+00 -6.611424e+00 2.299797e+00
         vertex 1.000000e+00 -6.339916e+00 2.967401e+00
         vertex 0.000000e+00 -6.339916e+00 2.967401e+00
      endloop
   endfacet
   facet normal 0.000000e+00 -8.826787e-01 4.699769e-01
      outer loop
         vertex 0.000000e+00 -6.339916e+00 2.967401e+00
         vertex 1.000000e+00 -6.339916e+00 2.967401e+00
         vertex 1.000000e+00 -6.001202e+00 3.603550e+00
      endloop
   endfacet
   facet normal 0.000000e+00 -8.826787e-01 4.699769e-01
      outer loop
         vertex 0.000000e+00 -6.339916e+00 2.967401e+00
         vertex 1.000000e+00 -6.001202e+00 3.603550e+00
         vertex 0.000000e+00 -6.001202e+00 3.603550e+00
      endloop
   endfacet
   facet normal 0.000000e+00 -8.296769e-01 5.582438e-01
      outer loop
         vertex 0.000000e+00 -6.001202e+00 3.603550e+00
         vertex 1.000000e+00 -6.001202e+00 3.603550e+00
         vertex 1.000000e+00 -5.598875e+00 4.201500e+00
      endloop
   endfacet
   facet normal 0.000000e+00 -8.296769e-01 5.582438e-01
      outer loop
         vertex 0.000000e+00 -6.001202e+00 3.603550e+00
         vertex 1.000000e+00 -5.598875e+00 4.201500e+00
         vertex 0.000000e+00 -5.598875e+00 4.201500e+00
      endloop
   endfacet
   facet normal 0.000000e+00 -7.678807e-01 6.405929e-01
      outer loop
         vertex 0.000000e+00 -5.598875e+00 4.201500e+00
         vertex 1.000000e+00 -5.598875e+00 4.201500e+00
         vertex 1.000000e+00 -5.137198e+00 4.754914e+00
      endloop
   endfacet
   facet normal 0.000000e+00 -7.678807e-01 6.405929e-01
      outer loop
         vertex 0.000000e+00 -5.598875e+00 4.201500e+00
         vertex 1.000000e+00 -5.137198e+00 4.754914e+00
         vertex 0.000000e+00 -5.137198e+00 4.754914e+00
      endloop
   endfacet
   facet normal 0.000000e+00 -6.979440e-01 7.161523e-01
      outer loop
         vertex 0.000000e+00 -5.137198e+00 4.754914e+00
         vertex 1.000000e+00 -5.137198e+00 4.754914e+00
         vertex 1.000000e+00 -4.621065e+00 5.257924e+00
      endloop
   endfacet
   facet normal 0.000000e+00 -6.979440e-01 7.161523e-01
      outer loop
         vertex 0.000000e+00 -5.137198e+00 4.754914e+00
         vertex 1.000000e+00 -4.621065e+00 5.257924e+00
         vertex 0.000000e+00 -4.621065e+00 5.257924e+00
      endloop
   endfacet
   facet normal 0.000000e+00 -6.206093e-01 7.841200e-01
      outer loop
         vertex 0.000000e+00 -4.621065e+00 5.257924e+00
         vertex 1.000000e+00 -4.621065e+00 5.257924e+00
         vertex 1.000000e+00 -4.055948e+00 5.705198e+00
      endloop
   endfacet
   facet normal 0.000000e+00 -6.206093e-01 7.841200e-01
      outer loop
         vertex 0.000000e+00 -4.621065e+00 5.257924e+00
         vertex 1.000000e+00 -4.055948e+00 5.705198e+00
         vertex 0.000000e+00 -4.055948e+00 5.705198e+00
      endloop
   endfacet
   facet normal 0.000000e+00 -5.366963e-01 8.437755e-01
      outer loop
         vertex 0.000000e+00 -4.055948e+00 5.705198e+00
         vertex 1.000000e+00 -4.055948e+00 5.705198e+00
         vertex 1.000000e+00 -3.447836e+00 6.091997e+00
      endloop
   endfacet
   facet normal 0.000000e+00 -5.366963e-01 8.437755e-01
      outer loop
         vertex 0.000000e+00 -4.055948e+00 5.705198e+00
         vertex 1.000000e+00 -3.447836e+00 6.091997e+00
         vertex 0.000000e+00 -3.447836e+00 6.091997e+00
      endloop
   endfacet
   facet normal 0.000000e+00 -4.470939e-01 8.944870e-01
      outer loop
         vertex 0.000000e+00 -3.447836e+00 6.091997e+00
         vertex 1.000000e+00 -3.447836e+00 6.091997e+00
         vertex 1.000000e+00 -2.803177e+00 6.414218e+00
      endloop
   endfacet
   facet normal 0.000000e+00 -4.470939e-01 8.944870e-01
      outer loop
         vertex 0.000000e+00 -3.447836e+00 6.091997e+00
         vertex 1.000000e+00 -2.803177e+00 6.414218e+00
         vertex 0.000000e+00 -2.803177e+00 6.414218e+00
      endloop
   endfacet
   facet normal 0.000000e+00 -3.527519e-01 9.357169e-01
      outer loop
         vertex 0.000000e+00 -2.803177e+00 6.414218e+00
         vertex 1.000000e+00 -2.803177e+00 6.414218e+00
         vertex 1.000000e+00 -2.128804e+00 6.668448e+00
      endloop
   endfacet
   facet normal 0.000000e+00 -3.527519e-01 9.357169e-01
      outer loop
         vertex 0.000000e+00 -2.803177e+00 6.414218e+00
         vertex 1.000000e+00 -2.128804e+00 6.668448e+00
         vertex 0.000000e+00 -2.128804e+00 6.668448e+00
      endloop
   endfacet
   facet normal 0.000000e+00 -2.546713e-01 9.670277e-01
      outer loop
         vertex 0.000000e+00 -2.128804e+00 6.668448e+00
         vertex 1.000000e+00 -2.128804e+00 6.668448e+00
         vertex 1.000000e+00 -1.431864e+00 6.851990e+00
      endloop
   endfacet
   facet normal 0.000000e+00 -2.546713e-01 9.670277e-01
      outer loop
         vertex 0.000000e+00 -2.128804e+00 6.668448e+00
         vertex 1.000000e+00 -1.431864e+00 6.851990e+00
         vertex 0.000000e+00 -1.431864e+00 6.851990e+00
      endloop
   endfacet
   facet normal 0.000000e+00 -1.538906e-01 9.880879e-01
      outer loop
         vertex 0.000000e+00 -1.431864e+00 6.851990e+00
         vertex 1.000000e+00 -1.431864e+00 6.851990e+00
         vertex 1.000000e+00 -7.197470e-01 6.962899e+00
      endloop
   endfacet
   facet normal 0.000000e+00 -1.538906e-01 9.880879e-01
      outer loop
         vertex 0.000000e+00 -1.431864e+00 6.851990e+00
         vertex 1.000000e+00 -7.197470e-01 6.962899e+00
         vertex 0.000000e+00 -7.197470e-01 6.962899e+00
      endloop
   endfacet
   facet normal 0.000000e+00 -5.147907e-02 9.986741e-01
      outer loop
         vertex 0.000000e+00 -7.197470e-01 6.962899e+00
         vertex 1.000000e+00 -7.197470e-01 6.962899e+00
         vertex 1.000000e+00 0.000000e+00 7.000000e+00
      endloop
   endfacet
   facet normal 0.000000e+00 -5.147907e-02 9.986741e-01
      outer loop
         vertex 0.000000e+00 -7.197470e-01 6.962899e+00
         vertex 1.000000e+00 0.000000e+00 7.000000e+00
         vertex 0.000000e+00 0.000000e+00 7.000000e+00
      endloop
   endfacet
   facet normal -0.000000e+00 5.147907e-02 9.986741e-01
      outer loop
         vertex 0.000000e+00 0.000000e+00 7.000000e+00
         vertex 1.000000e+00 0.000000e+00 7.000000e+00
         vertex 1.000000e+00 7.197470e-01 6.962899e+00
      endloop
   endfacet
   facet normal 0.000000e+00 5.147907e-02 9.986741e-01
      outer loop
         vertex 0.000000e+00 0.000000e+00 7.000000e+00
         vertex 1.000000e+00 7.197470e-01 6.962899e+00
         vertex 0.000000e+00 7.197470e-01 6.962899e+00
      endloop
   endfacet
   facet normal -0.000000e+00 1.538906e-01 9.880879e-01
      outer loop
         vertex 0.000000e+00 7.197470e-01 6.962899e+00
         vertex 1.000000e+00 7.197470e-01 6.962899e+00
         vertex 1.000000e+00 1.431864e+00 6.851990e+00
      endloop
   endfacet
   facet normal 0.000000e+00 1.538906e-01 9.880879e-01
      outer loop
         vertex 0.000000e+00 7.197470e-01 6.962899e+00
         vertex 1.000000e+00 1.431864e+00 6.851990e+00
         vertex 0.000000e+00 1.431864e+00 6.851990e+00
      endloop
   endfacet
   facet normal -0.000000e+00 2.546713e-01 9.670277e-01
      outer loop
         vertex 0.000000e+00 1.431864e+00 6.851990e+00
         vertex 1.000000e+00 1.431864e+00 6.851990e+00
         vertex 1.000000e+00 2.128804e+00 6.668448e+00
      endloop
   endfacet
   facet normal 0.000000e+00 2.546713e-01 9.670277e-01
      outer loop
         vertex 0.000000e+00 1.431864e+00 6.851990e+00
         vertex 1.000000e+00 2.128804e+00 6.668448e+00
         vertex 0.000000e+00 2.128804e+00 6.668448e+00
      endloop
   endfacet
   facet normal -0.000000e+00 3.527519e-01 9.357169e-01
      outer loop
         vertex 0.000000e+00 2.128804e+00 6.668448e+00
         vertex 1.000000e+00 2.128804e+00 6.668448e+00
         vertex 1.000000e+00 2.803177e+00 6.414218e+00
      endloop
   endfacet
   facet normal 0.000000e+00 3.527519e-01 9.357169e-01
      outer loop
         vertex 0.000000e+00 2.128804e+00 6.668448e+00
         vertex 1.000000e+00 2.803177e+00 6.414218e+00
         vertex 0.000000e+00 2.803177e+00 6.414218e+00
      endloop
   endfacet
   facet normal -0.000000e+00 4.470939e-01 8.944870e-01
      outer loop
         vertex 0.000000e+00 2.803177e+00 6.414218e+00
         vertex 1.000000e+00 2.803177e+00 6.414218e+00
         vertex 1.000000e+00 3.447836e+00 6.091997e+00
      endloop
   endfacet
   facet normal 0.000000e+00 4.470939e-01 8.944870e-01
      outer loop
         vertex 0.000000e+00 2.803177e+00 6.414218e+00
         vertex 1.000000e+00 3.447836e+00 6.091997e+00
         vertex 0.000000e+00 3.447836e+00 6.091997e+00
      endloop
   endfacet
   facet normal -0.000000e+00 5.366963e-01 8.437755e-01
      outer loop
         vertex 0.000000e+00 3.447836e+00 6.091997e+00
         vertex 1.000000e+00 3.447836e+00 6.091997e+00
         vertex 1.000000e+00 4.055948e+00 5.705198e+00
      endloop
   endfacet
   facet normal 0.000000e+00 5.366963e-01 8.437755e-01
      outer loop
         vertex 0.000000e+00 3.447836e+00 6.091997e+00
         vertex 1.000000e+00 4.055948e+00 5.705198e+00
         vertex 0.000000e+00 4.055948e+00 5.705198e+00
      endloop
   endfacet
   facet normal -0.000000e+00 6.206093e-01 7.841200e-01
      outer loop
         vertex 0.000000e+00 4.055948e+00 5.705198e+00
         vertex 1.000000e+00 4.055948e+00 5.705198e+00
         vertex 1.000000e+00 4.621065e+00 5.257924e+00
      endloop
   endfacet
   facet normal 0.000000e+00 6.206093e-01 7.841200e-01
      outer loop
         vertex 0.000000e+00 4.055948e+00 5.705198e+00
         vertex 1.000000e+00 4.621065e+00 5.257924e+00
         vertex 0.000000e+00 4.621065e+00 5.257924e+00
      endloop
   endfacet
   facet normal -0.000000e+00 6.979440e-01 7.161523e-01
      outer loop
         vertex 0.000000e+00 4.621065e+00 5.257924e+00
         vertex 1.000000e+00 4.621065e+00 5.257924e+00
         vertex 1.000000e+00 5.137198e+00 4.754914e+00
      endloop
   endfacet
   facet normal 0.000000e+00 6.979440e-01 7.161523e-01
      outer loop
         vertex 0.000000e+00 4.621065e+00 5.257924e+00
         vertex 1.000000e+00 5.137198e+00 4.754914e+00
         vertex 0.000000e+00 5.137198e+00 4.754914e+00
      endloop
   endfacet
   facet normal -0.000000e+00 7.678807e-01 6.405929e-01
      outer loop
         vertex 0.000000e+00 5.137198e+00 4.754914e+00
         vertex 1.000000e+00 5.137198e+00 4.754914e+00
         vertex 1.000000e+00 5.598875e+00 4.201500e+00
      endloop
   endfacet
   facet normal 0.000000e+00 7.678807e-01 6.405929e-01
      outer loop
         vertex 0.000000e+00 5.137198e+00 4.754914e+00
         vertex 1.000000e+00 5.598875e+00 4.201500e+00
         vertex 0.000000e+00 5.598875e+00 4.201500e+00
      endloop
   endfacet
   facet normal -0.000000e+00 8.296769e-01 5.582438e-01
      outer loop
         vertex 0.000000e+00 5.598875e+00 4.201500e+00
         vertex 1.000000e+00 5.598875e+00 4.201500e+00
         vertex 1.000000e+00 6.001202e+00 3.603550e+00
      endloop
   endfacet
   facet normal 0.000000e+00 8.296769e-01 5.582438e-01
      outer loop
         vertex 0.000000e+00 5.598875e+00 4.201500e+00
         vertex 1.000000e+00 6.001202e+00 3.603550e+00
         vertex 0.000000e+00 6.001202e+00 3.603550e+00
      endloop
   endfacet
   facet normal -0.000000e+00 8.826787e-01 4.699769e-01
      outer loop
         vertex 0.000000e+00 6.001202e+00 3.603550e+00
         vertex 1.000000e+00 6.001202e+00 3.603550e+00
         vertex 1.000000e+00 6.339916e+00 2.967401e+00
      endloop
   endfacet
   facet normal 0.000000e+00 8.826787e-01 4.699769e-01
      outer loop
         vertex 0.000000e+00 6.001202e+00 3.603550e+00
         vertex 1.000000e+00 6.339916e+00 2.967401e+00
         vertex 0.000000e+00 6.339916e+00 2.967401e+00
      endloop
   endfacet
   facet normal -0.000000e+00 9.263241e-01 3.767275e-01
      outer loop
         vertex 0.000000e+00 6.339916e+00 2.967401e+00
         vertex 1.000000e+00 6.339916e+00 2.967401e+00
         vertex 1.000000e+00 6.611424e+00 2.299797e+00
      endloop
   endfacet
   facet normal 0.000000e+00 9.263241e-01 3.767275e-01
      outer loop
         vertex 0.000000e+00 6.339916e+00 2.967401e+00
         vertex 1.000000e+00 6.611424e+00 2.299797e+00
         vertex 0.000000e+00 6.611424e+00 2.299797e+00
      endloop
   endfacet
   facet normal -0.000000e+00 9.601499e-01 2.794856e-01
      outer loop
         vertex 0.000000e+00 6.611424e+00 2.299797e+00
         vertex 1.000000e+00 6.611424e+00 2.299797e+00
         vertex 1.000000e+00 6.812850e+00 1.607814e+00
      endloop
   endfacet
   facet normal 0.000000e+00 9.601499e-01 2.794856e-01
      outer loop
         vertex 0.000000e+00 6.611424e+00 2.299797e+00
         vertex 1.000000e+00 6.812850e+00 1.607814e+00
         vertex 0.000000e+00 6.812850e+00 1.607814e+00
      endloop
   endfacet
   facet normal -0.000000e+00 9.837979e-01 1.792812e-01
      outer loop
         vertex 0.000000e+00 6.812850e+00 1.607814e+00
         vertex 1.000000e+00 6.812850e+00 1.607814e+00
         vertex 1.000000e+00 6.942059e+00 8.987885e-01
      endloop
   endfacet
   facet normal 0.000000e+00 9.837979e-01 1.792812e-01
      outer loop
         vertex 0.000000e+00 6.812850e+00 1.607814e+00
         vertex 1.000000e+00 6.942059e+00 8.987885e-01
         vertex 0.000000e+00 6.942059e+00 8.987885e-01
      endloop
   endfacet
   facet normal -0.000000e+00 9.970175e-01 7.717531e-02
      outer loop
         vertex 0.000000e+00 6.942059e+00 8.987885e-01
         vertex 1.000000e+00 6.942059e+00 8.987885e-01
         vertex 1.000000e+00 6.997679e+00 1.802354e-01
      endloop
   endfacet
   facet normal 0.000000e+00 9.970175e-01 7.717531e-02
      outer loop
         vertex 0.000000e+00 6.942059e+00 8.987885e-01
         vertex 1.000000e+00 6.997679e+00 1.802354e-01
         vertex 0.000000e+00 6.997679e+00 1.802354e-01
      endloop
   endfacet
   facet normal 0.000000e+00 9.996685e-01 -2.574794e-02
      outer loop
         vertex 0.000000e+00 6.997679e+00 1.802354e-01
         vertex 1.000000e+00 6.997679e+00 1.802354e-01
         vertex 1.000000e+00 6.979123e+00 -5.402282e-01
      endloop
   endfacet
   facet normal 0.000000e+00 9.996685e-01 -2.574794e-02
      outer loop
         vertex 0.000000e+00 6.997679e+00 1.802354e-01
         vertex 1.000000e+00 6.979123e+00 -5.402282e-01
         vertex 0.000000e+00 6.979123e+00 -5.402282e-01
      endloop
   endfacet
   facet normal 0.000000e+00 9.917227e-01 -1.283985e-01
      outer loop
         vertex 0.000000e+00 6.979123e+00 -5.402282e-01
         vertex 1.000000e+00 6.979123e+00 -5.402282e-01
         vertex 1.000000e+00 6.886586e+00 -1.254965e+00
      endloop
   endfacet
   facet normal 0.000000e+00 9.917227e-01 -1.283985e-01
      outer loop
         vertex 0.000000e+00 6.979123e+00 -5.402282e-01
         vertex 1.000000e+00 6.886586e+00 -1.254965e+00
         vertex 0.000000e+00 6.886586e+00 -1.254965e+00
      endloop
   endfacet
   facet normal 0.000000e+00 9.732644e-01 -2.296877e-01
      outer loop
         vertex 0.000000e+00 6.886586e+00 -1.254965e+00
         vertex 1.000000e+00 6.886586e+00 -1.254965e+00
         vertex 1.000000e+00 6.721049e+00 -1.956400e+00
      endloop
   endfacet
   facet normal 0.000000e+00 9.732644e-01 -2.296877e-01
      outer loop
         vertex 0.000000e+00 6.886586e+00 -1.254965e+00
         vertex 1.000000e+00 6.721049e+00 -1.956400e+00
         vertex 0.000000e+00 6.721049e+00 -1.956400e+00
      endloop
   endfacet
   facet normal 0.000000e+00 9.444892e-01 -3.285424e-01
      outer loop
         vertex 0.000000e+00 6.721049e+00 -1.956400e+00
         vertex 1.000000e+00 6.721049e+00 -1.956400e+00
         vertex 1.000000e+00 6.484268e+00 -2.637095e+00
      endloop
   endfacet
   facet normal 0.000000e+00 9.444892e-01 -3.285424e-01
      outer loop
         vertex 0.000000e+00 6.721049e+00 -1.956400e+00
         vertex 1.000000e+00 6.484268e+00 -2.637095e+00
         vertex 0.000000e+00 6.484268e+00 -2.637095e+00
      endloop
   endfacet
   facet normal 0.000000e+00 9.057023e-01 -4.239144e-01
      outer loop
         vertex 0.000000e+00 6.484268e+00 -2.637095e+00
         vertex 1.000000e+00 6.484268e+00 -2.637095e+00
         vertex 1.000000e+00 6.178752e+00 -3.289837e+00
      endloop
   endfacet
   facet normal 0.000000e+00 9.057023e-01 -4.239144e-01
      outer loop
         vertex 0.000000e+00 6.484268e+00 -2.637095e+00
         vertex 1.000000e+00 6.178752e+00 -3.289837e+00
         vertex 0.000000e+00 6.178752e+00 -3.289837e+00
      endloop
   endfacet
   facet normal 0.000000e+00 8.573147e-01 -5.147926e-01
      outer loop
         vertex 0.000000e+00 6.178752e+00 -3.289837e+00
         vertex 1.000000e+00 6.178752e+00 -3.289837e+00
         vertex 1.000000e+00 5.807739e+00 -3.907706e+00
      endloop
   endfacet
   facet normal 0.000000e+00 8.573147e-01 -5.147926e-01
      outer loop
         vertex 0.000000e+00 6.178752e+00 -3.289837e+00
         vertex 1.000000e+00 5.807739e+00 -3.907706e+00
         vertex 0.000000e+00 5.807739e+00 -3.907706e+00
      endloop
   endfacet
   facet normal 0.000000e+00 7.998392e-01 -6.002143e-01
      outer loop
         vertex 0.000000e+00 5.807739e+00 -3.907706e+00
         vertex 1.000000e+00 5.807739e+00 -3.907706e+00
         vertex 1.000000e+00 5.375163e+00 -4.484152e+00
      endloop
   endfacet
   facet normal 0.000000e+00 7.998392e-01 -6.002143e-01
      outer loop
         vertex 0.000000e+00 5.807739e+00 -3.907706e+00
         vertex 1.000000e+00 5.375163e+00 -4.484152e+00
         vertex 0.000000e+00 5.375163e+00 -4.484152e+00
      endloop
   endfacet
   facet normal 0.000000e+00 7.338854e-01 -6.792733e-01
      outer loop
         vertex 0.000000e+00 5.375163e+00 -4.484152e+00
         vertex 1.000000e+00 5.375163e+00 -4.484152e+00
         vertex 1.000000e+00 4.885609e+00 -5.013065e+00
      endloop
   endfacet
   facet normal 0.000000e+00 7.338854e-01 -6.792733e-01
      outer loop
         vertex 0.000000e+00 5.375163e+00 -4.484152e+00
         vertex 1.000000e+00 4.885609e+00 -5.013065e+00
         vertex 0.000000e+00 4.885609e+00 -5.013065e+00
      endloop
   endfacet
   facet normal 0.000000e+00 6.601518e-01 -7.511322e-01
      outer loop
         vertex 0.000000e+00 4.885609e+00 -5.013065e+00
         vertex 1.000000e+00 4.885609e+00 -5.013065e+00
         vertex 1.000000e+00 4.344266e+00 -5.488839e+00
      endloop
   endfacet
   facet normal 0.000000e+00 6.601518e-01 -7.511322e-01
      outer loop
         vertex 0.000000e+00 4.885609e+00 -5.013065e+00
         vertex 1.000000e+00 4.344266e+00 -5.488839e+00
         vertex 0.000000e+00 4.344266e+00 -5.488839e+00
      endloop
   endfacet
   facet normal 0.000000e+00 5.794214e-01 -8.150281e-01
      outer loop
         vertex 0.000000e+00 4.344266e+00 -5.488839e+00
         vertex 1.000000e+00 4.344266e+00 -5.488839e+00
         vertex 1.000000e+00 3.756873e+00 -5.906429e+00
      endloop
   endfacet
   facet normal 0.000000e+00 5.794214e-01 -8.150281e-01
      outer loop
         vertex 0.000000e+00 4.344266e+00 -5.488839e+00
         vertex 1.000000e+00 3.756873e+00 -5.906429e+00
         vertex 0.000000e+00 3.756873e+00 -5.906429e+00
      endloop
   endfacet
   facet normal 0.000000e+00 4.925481e-01 -8.702852e-01
      outer loop
         vertex 0.000000e+00 3.756873e+00 -5.906429e+00
         vertex 1.000000e+00 3.756873e+00 -5.906429e+00
         vertex 1.000000e+00 3.129657e+00 -6.261410e+00
      endloop
   endfacet
   facet normal 0.000000e+00 4.925481e-01 -8.702852e-01
      outer loop
         vertex 0.000000e+00 3.756873e+00 -5.906429e+00
         vertex 1.000000e+00 3.129657e+00 -6.261410e+00
         vertex 0.000000e+00 3.129657e+00 -6.261410e+00
      endloop
   endfacet
   facet normal 0.000000e+00 4.004537e-01 -9.163170e-01
      outer loop
         vertex 0.000000e+00 3.129657e+00 -6.261410e+00
         vertex 1.000000e+00 3.129657e+00 -6.261410e+00
         vertex 1.000000e+00 2.469265e+00 -6.550018e+00
      endloop
   endfacet
   facet normal 0.000000e+00 4.004537e-01 -9.163170e-01
      outer loop
         vertex 0.000000e+00 3.129657e+00 -6.261410e+00
         vertex 1.000000e+00 2.469265e+00 -6.550018e+00
         vertex 0.000000e+00 2.469265e+00 -6.550018e+00
      endloop
   endfacet
   facet normal 0.000000e+00 3.041150e-01 -9.526353e-01
      outer loop
         vertex 0.000000e+00 2.469265e+00 -6.550018e+00
         vertex 1.000000e+00 2.469265e+00 -6.550018e+00
         vertex 1.000000e+00 1.782698e+00 -6.769194e+00
      endloop
   endfacet
   facet normal 0.000000e+00 3.041150e-01 -9.526353e-01
      outer loop
         vertex 0.000000e+00 2.469265e+00 -6.550018e+00
         vertex 1.000000e+00 1.782698e+00 -6.769194e+00
         vertex 0.000000e+00 1.782698e+00 -6.769194e+00
      endloop
   endfacet
   facet normal 0.000000e+00 2.045517e-01 -9.788558e-01
      outer loop
         vertex 0.000000e+00 1.782698e+00 -6.769194e+00
         vertex 1.000000e+00 1.782698e+00 -6.769194e+00
         vertex 1.000000e+00 1.077234e+00 -6.916615e+00
      endloop
   endfacet
   facet normal 0.000000e+00 2.045517e-01 -9.788558e-01
      outer loop
         vertex 0.000000e+00 1.782698e+00 -6.769194e+00
         vertex 1.000000e+00 1.077234e+00 -6.916615e+00
         vertex 0.000000e+00 1.077234e+00 -6.916615e+00
      endloop
   endfacet
   facet normal 0.000000e+00 1.028212e-01 -9.946999e-01
      outer loop
         vertex 0.000000e+00 1.077234e+00 -6.916615e+00
         vertex 1.000000e+00 1.077234e+00 -6.916615e+00
         vertex 1.000000e+00 3.603513e-01 -6.990719e+00
      endloop
   endfacet
   facet normal 0.000000e+00 1.028212e-01 -9.946999e-01
      outer loop
         vertex 0.000000e+00 1.077234e+00 -6.916615e+00
         vertex 1.000000e+00 3.603513e-01 -6.990719e+00
         vertex 0.000000e+00 3.603513e-01 -6.990719e+00
      endloop
   endfacet
   facet normal 0.000000e+00 2.574844e-02 -9.996685e-01
      outer loop
         vertex 0.000000e+00 3.603513e-01 -6.990719e+00
         vertex 1.000000e+00 3.603513e-01 -6.990719e+00
         vertex 0.000000e+00 8.572528e-16 -7.000000e+00
      endloop
   endfacet
   facet normal -9.865039e-02 -9.288318e-03 -9.950788e-01
      outer loop
         vertex 4.434130e-01 5.453212e-04 -5.590351e+00
         vertex 4.399870e-01 4.650625e-04 -5.590011e+00
         vertex 4.425669e-01 2.853883e-02 -5.590529e+00
      endloop
   endfacet
   facet normal -1.124948e-01 -7.989144e-03 -9.936202e-01
      outer loop
         vertex 4.425669e-01 2.853883e-02 -5.590529e+00
         vertex 4.399870e-01 4.650625e-04 -5.590011e+00
         vertex 4.392363e-01 2.846686e-02 -5.590151e+00
      endloop
   endfacet
   facet normal -1.138696e-01 6.880031e-02 -9.911106e-01
      outer loop
         vertex 4.425669e-01 2.853883e-02 -5.590529e+00
         vertex 4.392363e-01 2.846686e-02 -5.590151e+00
         vertex 4.419575e-01 5.646911e-02 -5.588520e+00
      endloop
   endfacet
   facet normal -1.395349e-01 7.109343e-02 -9.876617e-01
      outer loop
         vertex 4.419575e-01 5.646911e-02 -5.588520e+00
         vertex 4.392363e-01 2.846686e-02 -5.590151e+00
         vertex 4.383864e-01 5.638867e-02 -5.588021e+00
      endloop
   endfacet
   facet normal -1.399531e-01 1.177270e-01 -9.831345e-01
      outer loop
         vertex 4.419575e-01 5.646911e-02 -5.588520e+00
         vertex 4.383864e-01 5.638867e-02 -5.588021e+00
         vertex 4.417994e-01 1.120766e-01 -5.581839e+00
      endloop
   endfacet
   facet normal -1.644680e-01 1.187930e-01 -9.792030e-01
      outer loop
         vertex 4.417994e-01 1.120766e-01 -5.581839e+00
         vertex 4.383864e-01 5.638867e-02 -5.588021e+00
         vertex 4.368002e-01 1.119685e-01 -5.581012e+00
      endloop
   endfacet
   facet normal -1.644078e-01 9.957938e-02 -9.813532e-01
      outer loop
         vertex 4.417994e-01 1.120766e-01 -5.581839e+00
         vertex 4.368002e-01 1.119685e-01 -5.581012e+00
         vertex 4.443525e-01 2.220380e-01 -5.571108e+00
      endloop
   endfacet
   facet normal -1.321109e-01 9.781718e-02 -9.863967e-01
      outer loop
         vertex 4.443525e-01 2.220380e-01 -5.571108e+00
         vertex 4.368002e-01 1.119685e-01 -5.581012e+00
         vertex 4.339938e-01 2.218345e-01 -5.569741e+00
      endloop
   endfacet
   facet normal -1.317443e-01 5.755940e-02 -9.896112e-01
      outer loop
         vertex 4.443525e-01 2.220380e-01 -5.571108e+00
         vertex 4.339938e-01 2.218345e-01 -5.569741e+00
         vertex 4.501683e-01 4.415135e-01 -5.559117e+00
      endloop
   endfacet
   facet normal -9.643696e-02 5.516282e-02 -9.938093e-01
      outer loop
         vertex 4.501683e-01 4.415135e-01 -5.559117e+00
         vertex 4.339938e-01 2.218345e-01 -5.569741e+00
         vertex 4.276274e-01 4.410333e-01 -5.556956e+00
      endloop
   endfacet
   facet normal -9.544508e-02 1.285228e-03 -9.954339e-01
      outer loop
         vertex 4.501683e-01 4.415135e-01 -5.559117e+00
         vertex 4.276274e-01 4.410333e-01 -5.556956e+00
         vertex 4.562638e-01 6.630017e-01 -5.559416e+00
      endloop
   endfacet
   facet normal -8.053688e-02 -6.526959e-04 -9.967514e-01
      outer loop
         vertex 4.562638e-01 6.630017e-01 -5.559416e+00
         vertex 4.276274e-01 4.410333e-01 -5.556956e+00
         vertex 4.216896e-01 6.623980e-01 -5.556622e+00
      endloop
   endfacet
   facet normal -7.964798e-02 -4.680207e-02 -9.957237e-01
      outer loop
         vertex 4.562638e-01 6.630017e-01 -5.559416e+00
         vertex 4.216896e-01 6.623980e-01 -5.556622e+00
         vertex 4.624254e-01 8.856682e-01 -5.570374e+00
      endloop
   endfacet
   facet normal -7.124043e-02 -4.837065e-02 -9.962856e-01
      outer loop
         vertex 4.624254e-01 8.856682e-01 -5.570374e+00
         vertex 4.216896e-01 6.623980e-01 -5.556622e+00
         vertex 4.167556e-01 8.850924e-01 -5.567081e+00
      endloop
   endfacet
   facet normal -6.996725e-02 -1.171190e-01 -9.906502e-01
      outer loop
         vertex 4.624254e-01 8.856682e-01 -5.570374e+00
         vertex 4.167556e-01 8.850924e-01 -5.567081e+00
         vertex 4.663557e-01 1.105563e+00 -5.596649e+00
      endloop
   endfacet
   facet normal -6.605666e-02 -1.180204e-01 -9.908116e-01
      outer loop
         vertex 4.663557e-01 1.105563e+00 -5.596649e+00
         vertex 4.167556e-01 8.850924e-01 -5.567081e+00
         vertex 4.111894e-01 1.105501e+00 -5.592964e+00
      endloop
   endfacet
   facet normal -6.623124e-02 -9.704491e-02 -9.930739e-01
      outer loop
         vertex 4.663557e-01 1.105563e+00 -5.596649e+00
         vertex 4.111894e-01 1.105501e+00 -5.592964e+00
         vertex 4.760286e-01 1.318031e+00 -5.618057e+00
      endloop
   endfacet
   facet normal -6.750186e-02 -9.665169e-02 -9.930267e-01
      outer loop
         vertex 4.760286e-01 1.318031e+00 -5.618057e+00
         vertex 4.111894e-01 1.105501e+00 -5.592964e+00
         vertex 4.136576e-01 1.320493e+00 -5.614057e+00
      endloop
   endfacet
   facet normal -6.598918e-02 -5.282717e-02 -9.964210e-01
      outer loop
         vertex 4.760286e-01 1.318031e+00 -5.618057e+00
         vertex 4.136576e-01 1.320493e+00 -5.614057e+00
         vertex 4.926022e-01 1.530242e+00 -5.630405e+00
      endloop
   endfacet
   facet normal -6.701169e-02 -5.243860e-02 -9.963732e-01
      outer loop
         vertex 4.926022e-01 1.530242e+00 -5.630405e+00
         vertex 4.136576e-01 1.320493e+00 -5.614057e+00
         vertex 4.258596e-01 1.535840e+00 -5.626211e+00
      endloop
   endfacet
   facet normal -6.345766e-02 -8.884759e-03 -9.979450e-01
      outer loop
         vertex 4.926022e-01 1.530242e+00 -5.630405e+00
         vertex 4.258596e-01 1.535840e+00 -5.626211e+00
         vertex 5.172309e-01 1.743265e+00 -5.633868e+00
      endloop
   endfacet
   facet normal -6.343461e-02 -8.894965e-03 -9.979464e-01
      outer loop
         vertex 5.172309e-01 1.743265e+00 -5.633868e+00
         vertex 4.258596e-01 1.535840e+00 -5.626211e+00
         vertex 4.491315e-01 1.751045e+00 -5.629608e+00
      endloop
   endfacet
   facet normal -5.860751e-02 3.323615e-02 -9.977277e-01
      outer loop
         vertex 5.172309e-01 1.743265e+00 -5.633868e+00
         vertex 4.491315e-01 1.751045e+00 -5.629608e+00
         vertex 5.400340e-01 1.960056e+00 -5.627986e+00
      endloop
   endfacet
   facet normal -5.974586e-02 3.373058e-02 -9.976436e-01
      outer loop
         vertex 5.400340e-01 1.960056e+00 -5.627986e+00
         vertex 4.491315e-01 1.751045e+00 -5.629608e+00
         vertex 4.733049e-01 1.965802e+00 -5.623795e+00
      endloop
   endfacet
   facet normal -5.603125e-02 7.536259e-02 -9.955807e-01
      outer loop
         vertex 5.400340e-01 1.960056e+00 -5.627986e+00
         vertex 4.733049e-01 1.965802e+00 -5.623795e+00
         vertex 5.510290e-01 2.177534e+00 -5.612142e+00
      endloop
   endfacet
   facet normal -6.026970e-02 7.689838e-02 -9.952157e-01
      outer loop
         vertex 5.510290e-01 2.177534e+00 -5.612142e+00
         vertex 4.733049e-01 1.965802e+00 -5.623795e+00
         vertex 4.886776e-01 2.180313e+00 -5.608151e+00
      endloop
   endfacet
   facet normal -5.815919e-02 1.185434e-01 -9.912442e-01
      outer loop
         vertex 5.510290e-01 2.177534e+00 -5.612142e+00
         vertex 4.886776e-01 2.180313e+00 -5.608151e+00
         vertex 5.517810e-01 2.394219e+00 -5.586273e+00
      endloop
   endfacet
   facet normal -6.538407e-02 1.206033e-01 -9.905452e-01
      outer loop
         vertex 5.517810e-01 2.394219e+00 -5.586273e+00
         vertex 4.886776e-01 2.180313e+00 -5.608151e+00
         vertex 4.966283e-01 2.394475e+00 -5.582601e+00
      endloop
   endfacet
   facet normal -6.520693e-02 1.340684e-01 -9.888244e-01
      outer loop
         vertex 5.517810e-01 2.394219e+00 -5.586273e+00
         vertex 4.966283e-01 2.394475e+00 -5.582601e+00
         vertex 5.430787e-01 2.616474e+00 -5.555565e+00
      endloop
   endfacet
   facet normal -7.449710e-02 1.359018e-01 -9.879175e-01
      outer loop
         vertex 5.430787e-01 2.616474e+00 -5.555565e+00
         vertex 4.966283e-01 2.394475e+00 -5.582601e+00
         vertex 4.974279e-01 2.615352e+00 -5.552277e+00
      endloop
   endfacet
   facet normal -7.285872e-02 4.458162e-02 -9.963454e-01
      outer loop
         vertex 5.430787e-01 2.616474e+00 -5.555565e+00
         vertex 4.974279e-01 2.615352e+00 -5.552277e+00
         vertex 5.256227e-01 2.841179e+00 -5.544234e+00
      endloop
   endfacet
   facet normal -8.300979e-02 4.581871e-02 -9.954949e-01
      outer loop
         vertex 5.256227e-01 2.841179e+00 -5.544234e+00
         vertex 4.974279e-01 2.615352e+00 -5.552277e+00
         vertex 4.910964e-01 2.839362e+00 -5.541438e+00
      endloop
   endfacet
   facet normal -7.959222e-02 -2.083614e-02 -9.966097e-01
      outer loop
         vertex 5.256227e-01 2.841179e+00 -5.544234e+00
         vertex 4.910964e-01 2.839362e+00 -5.541438e+00
         vertex 5.005065e-01 3.063208e+00 -5.546870e+00
      endloop
   endfacet
   facet normal -9.420085e-02 -2.019141e-02 -9.953484e-01
      outer loop
         vertex 5.005065e-01 3.063208e+00 -5.546870e+00
         vertex 4.910964e-01 2.839362e+00 -5.541438e+00
         vertex 4.780309e-01 3.061439e+00 -5.544707e+00
      endloop
   endfacet
   facet normal -8.795479e-02 -9.495003e-02 -9.915888e-01
      outer loop
         vertex 5.005065e-01 3.063208e+00 -5.546870e+00
         vertex 4.780309e-01 3.061439e+00 -5.544707e+00
         vertex 4.692845e-01 3.280645e+00 -5.564921e+00
      endloop
   endfacet
   facet normal -1.226711e-01 -9.598537e-02 -9.877948e-01
      outer loop
         vertex 4.692845e-01 3.280645e+00 -5.564921e+00
         vertex 4.780309e-01 3.061439e+00 -5.544707e+00
         vertex 4.589637e-01 3.279751e+00 -5.563552e+00
      endloop
   endfacet
   facet normal -1.181523e-01 -1.407609e-01 -9.829682e-01
      outer loop
         vertex 4.692845e-01 3.280645e+00 -5.564921e+00
         vertex 4.589637e-01 3.279751e+00 -5.563552e+00
         vertex 4.546482e-01 3.389455e+00 -5.578743e+00
      endloop
   endfacet
   facet normal -1.495221e-01 -1.413897e-01 -9.785970e-01
      outer loop
         vertex 4.546482e-01 3.389455e+00 -5.578743e+00
         vertex 4.589637e-01 3.279751e+00 -5.563552e+00
         vertex 4.496661e-01 3.388999e+00 -5.577916e+00
      endloop
   endfacet
   facet normal -1.471415e-01 -1.622144e-01 -9.757233e-01
      outer loop
         vertex 4.546482e-01 3.389455e+00 -5.578743e+00
         vertex 4.496661e-01 3.388999e+00 -5.577916e+00
         vertex 4.484200e-01 3.444488e+00 -5.586953e+00
      endloop
   endfacet
   facet normal -1.227187e-01 -1.622150e-01 -9.790947e-01
      outer loop
         vertex 4.484200e-01 3.444488e+00 -5.586953e+00
         vertex 4.496661e-01 3.388999e+00 -5.577916e+00
         vertex 4.448629e-01 3.444166e+00 -5.586454e+00
      endloop
   endfacet
   facet normal -1.282405e-01 -1.111413e-01 -9.854958e-01
      outer loop
         vertex 4.484200e-01 3.444488e+00 -5.586953e+00
         vertex 4.448629e-01 3.444166e+00 -5.586454e+00
         vertex 4.457332e-01 3.472189e+00 -5.589728e+00
      endloop
   endfacet
   facet normal -1.028455e-01 -1.122624e-01 -9.883420e-01
      outer loop
         vertex 4.457332e-01 3.472189e+00 -5.589728e+00
         vertex 4.448629e-01 3.444166e+00 -5.586454e+00
         vertex 4.424161e-01 3.471899e+00 -5.589350e+00
      endloop
   endfacet
   facet normal -1.105298e-01 -3.098101e-02 -9.933898e-01
      outer loop
         vertex 4.457332e-01 3.472189e+00 -5.589728e+00
         vertex 4.424161e-01 3.471899e+00 -5.589350e+00
         vertex 4.434297e-01 3.500116e+00 -5.590342e+00
      endloop
   endfacet
   facet normal -9.654640e-02 -3.153393e-02 -9.948288e-01
      outer loop
         vertex 4.434297e-01 3.500116e+00 -5.590342e+00
         vertex 4.424161e-01 3.471899e+00 -5.589350e+00
         vertex 4.400162e-01 3.499814e+00 -5.590002e+00
      endloop
   endfacet
   facet normal -2.801187e-02 9.985243e-01 -4.652587e-02
      outer loop
         vertex 4.225009e-01 -2.582283e-04 -5.595006e+00
         vertex 4.266865e-01 -4.440750e-05 -5.592937e+00
         vertex 4.225139e-01 -7.232908e-04 -5.604994e+00
      endloop
   endfacet
   facet normal -2.801211e-02 9.985242e-01 -4.652578e-02
      outer loop
         vertex 4.574991e-01 2.582283e-04 -5.604994e+00
         vertex 4.533136e-01 4.440750e-05 -5.607063e+00
         vertex 4.574861e-01 7.232908e-04 -5.595006e+00
      endloop
   endfacet
   facet normal -2.801338e-02 9.985243e-01 -4.652470e-02
      outer loop
         vertex 4.434382e-01 -3.531106e-04 -5.609649e+00
         vertex 4.400130e-01 -4.650625e-04 -5.609989e+00
         vertex 4.365618e-01 3.531106e-04 -5.590351e+00
      endloop
   endfacet
   facet normal -2.801424e-02 9.985242e-01 -4.652486e-02
      outer loop
         vertex 4.365618e-01 3.531106e-04 -5.590351e+00
         vertex 4.400130e-01 -4.650625e-04 -5.609989e+00
         vertex 4.365870e-01 -5.453212e-04 -5.609649e+00
      endloop
   endfacet
   facet normal -2.801384e-02 9.985242e-01 -4.652486e-02
      outer loop
         vertex 4.365618e-01 3.531106e-04 -5.590351e+00
         vertex 4.365870e-01 -5.453212e-04 -5.609649e+00
         vertex 4.316558e-01 1.689735e-04 -5.591349e+00
      endloop
   endfacet
   facet normal -2.801388e-02 9.985242e-01 -4.652486e-02
      outer loop
         vertex 4.316558e-01 1.689735e-04 -5.591349e+00
         vertex 4.365870e-01 -5.453212e-04 -5.609649e+00
         vertex 4.316784e-01 -6.365385e-04 -5.608651e+00
      endloop
   endfacet
   facet normal -2.801412e-02 9.985242e-01 -4.652486e-02
      outer loop
         vertex 4.316558e-01 1.689735e-04 -5.591349e+00
         vertex 4.316784e-01 -6.365385e-04 -5.608651e+00
         vertex 4.266865e-01 -4.440750e-05 -5.592937e+00
      endloop
   endfacet
   facet normal -2.801370e-02 9.985243e-01 -4.652473e-02
      outer loop
         vertex 4.266865e-01 -4.440750e-05 -5.592937e+00
         vertex 4.316784e-01 -6.365385e-04 -5.608651e+00
         vertex 4.267049e-01 -7.021052e-04 -5.607063e+00
      endloop
   endfacet
   facet normal -2.801514e-02 9.985242e-01 -4.652473e-02
      outer loop
         vertex 4.266865e-01 -4.440750e-05 -5.592937e+00
         vertex 4.267049e-01 -7.021052e-04 -5.607063e+00
         vertex 4.225139e-01 -7.232908e-04 -5.604994e+00
      endloop
   endfacet
   facet normal -2.801338e-02 9.985243e-01 -4.652470e-02
      outer loop
         vertex 4.365618e-01 3.531106e-04 -5.590351e+00
         vertex 4.399870e-01 4.650625e-04 -5.590011e+00
         vertex 4.434382e-01 -3.531106e-04 -5.609649e+00
      endloop
   endfacet
   facet normal -2.801424e-02 9.985242e-01 -4.652486e-02
      outer loop
         vertex 4.434382e-01 -3.531106e-04 -5.609649e+00
         vertex 4.399870e-01 4.650625e-04 -5.590011e+00
         vertex 4.434130e-01 5.453212e-04 -5.590351e+00
      endloop
   endfacet
   facet normal -2.801401e-02 9.985242e-01 -4.652486e-02
      outer loop
         vertex 4.434382e-01 -3.531106e-04 -5.609649e+00
         vertex 4.434130e-01 5.453212e-04 -5.590351e+00
         vertex 4.483442e-01 -1.689735e-04 -5.608651e+00
      endloop
   endfacet
   facet normal -2.801387e-02 9.985242e-01 -4.652482e-02
      outer loop
         vertex 4.483442e-01 -1.689735e-04 -5.608651e+00
         vertex 4.434130e-01 5.453212e-04 -5.590351e+00
         vertex 4.483216e-01 6.365385e-04 -5.591349e+00
      endloop
   endfacet
   facet normal -2.801397e-02 9.985242e-01 -4.652482e-02
      outer loop
         vertex 4.483442e-01 -1.689735e-04 -5.608651e+00
         vertex 4.483216e-01 6.365385e-04 -5.591349e+00
         vertex 4.533136e-01 4.440750e-05 -5.607063e+00
      endloop
   endfacet
   facet normal -2.801370e-02 9.985243e-01 -4.652473e-02
      outer loop
         vertex 4.533136e-01 4.440750e-05 -5.607063e+00
         vertex 4.483216e-01 6.365385e-04 -5.591349e+00
         vertex 4.532951e-01 7.021052e-04 -5.592937e+00
      endloop
   endfacet
   facet normal -2.801514e-02 9.985242e-01 -4.652473e-02
      outer loop
         vertex 4.533136e-01 4.440750e-05 -5.607063e+00
         vertex 4.532951e-01 7.021052e-04 -5.592937e+00
         vertex 4.574861e-01 7.232908e-04 -5.595006e+00
      endloop
   endfacet
   facet normal -2.799509e-02 9.985255e-01 -4.650954e-02
      outer loop
         vertex 4.197330e-01 -6.890583e-04 -5.602586e+00
         vertex 4.187584e-01 -5.959399e-04 -5.600000e+00
         vertex 4.225139e-01 -7.232908e-04 -5.604994e+00
      endloop
   endfacet
   facet normal -2.801548e-02 9.985242e-01 -4.652483e-02
      outer loop
         vertex 4.225139e-01 -7.232908e-04 -5.604994e+00
         vertex 4.187584e-01 -5.959399e-04 -5.600000e+00
         vertex 4.197262e-01 -4.483242e-04 -5.597414e+00
      endloop
   endfacet
   facet normal -2.801830e-02 9.985241e-01 -4.652587e-02
      outer loop
         vertex 4.225139e-01 -7.232908e-04 -5.604994e+00
         vertex 4.197262e-01 -4.483242e-04 -5.597414e+00
         vertex 4.225009e-01 -2.582283e-04 -5.595006e+00
      endloop
   endfacet
   facet normal -2.800668e-02 9.985246e-01 -4.652256e-02
      outer loop
         vertex 4.602670e-01 6.890583e-04 -5.597414e+00
         vertex 4.612416e-01 5.959399e-04 -5.600000e+00
         vertex 4.574861e-01 7.232908e-04 -5.595006e+00
      endloop
   endfacet
   facet normal -2.800392e-02 9.985247e-01 -4.652050e-02
      outer loop
         vertex 4.574861e-01 7.232908e-04 -5.595006e+00
         vertex 4.612416e-01 5.959399e-04 -5.600000e+00
         vertex 4.602738e-01 4.483242e-04 -5.602586e+00
      endloop
   endfacet
   facet normal -2.801837e-02 9.985241e-01 -4.652578e-02
      outer loop
         vertex 4.574861e-01 7.232908e-04 -5.595006e+00
         vertex 4.602738e-01 4.483242e-04 -5.602586e+00
         vertex 4.574991e-01 2.582283e-04 -5.604994e+00
      endloop
   endfacet
   facet normal -1.988882e-01 -1.704825e-02 -9.798739e-01
      outer loop
         vertex 4.483216e-01 6.365385e-04 -5.591349e+00
         vertex 4.434130e-01 5.453212e-04 -5.590351e+00
         vertex 4.473389e-01 2.861522e-02 -5.591637e+00
      endloop
   endfacet
   facet normal -2.259170e-01 -1.300175e-02 -9.740598e-01
      outer loop
         vertex 4.473389e-01 2.861522e-02 -5.591637e+00
         vertex 4.434130e-01 5.453212e-04 -5.590351e+00
         vertex 4.425669e-01 2.853883e-02 -5.590529e+00
      endloop
   endfacet
   facet normal -2.266280e-01 5.546153e-02 -9.724010e-01
      outer loop
         vertex 4.473389e-01 2.861522e-02 -5.591637e+00
         vertex 4.425669e-01 2.853883e-02 -5.590529e+00
         vertex 4.470742e-01 5.654984e-02 -5.589982e+00
      endloop
   endfacet
   facet normal -2.750582e-01 6.299982e-02 -9.593612e-01
      outer loop
         vertex 4.470742e-01 5.654984e-02 -5.589982e+00
         vertex 4.425669e-01 2.853883e-02 -5.590529e+00
         vertex 4.419575e-01 5.646911e-02 -5.588520e+00
      endloop
   endfacet
   facet normal -2.746598e-01 1.075763e-01 -9.555047e-01
      outer loop
         vertex 4.470742e-01 5.654984e-02 -5.589982e+00
         vertex 4.419575e-01 5.646911e-02 -5.588520e+00
         vertex 4.489626e-01 1.121744e-01 -5.584262e+00
      endloop
   endfacet
   facet normal -3.198106e-01 1.121319e-01 -9.408228e-01
      outer loop
         vertex 4.489626e-01 1.121744e-01 -5.584262e+00
         vertex 4.419575e-01 5.646911e-02 -5.588520e+00
         vertex 4.417994e-01 1.120766e-01 -5.581839e+00
      endloop
   endfacet
   facet normal -3.199076e-01 1.079566e-01 -9.412781e-01
      outer loop
         vertex 4.489626e-01 1.121744e-01 -5.584262e+00
         vertex 4.417994e-01 1.120766e-01 -5.581839e+00
         vertex 4.591949e-01 2.222326e-01 -5.575117e+00
      endloop
   endfacet
   facet normal -2.606412e-01 9.975618e-02 -9.602681e-01
      outer loop
         vertex 4.591949e-01 2.222326e-01 -5.575117e+00
         vertex 4.417994e-01 1.120766e-01 -5.581839e+00
         vertex 4.443525e-01 2.220380e-01 -5.571108e+00
      endloop
   endfacet
   facet normal -2.609388e-01 6.997429e-02 -9.628160e-01
      outer loop
         vertex 4.591949e-01 2.222326e-01 -5.575117e+00
         vertex 4.443525e-01 2.220380e-01 -5.571108e+00
         vertex 4.824652e-01 4.419987e-01 -5.565451e+00
      endloop
   endfacet
   facet normal -1.929805e-01 5.862690e-02 -9.794495e-01
      outer loop
         vertex 4.824652e-01 4.419987e-01 -5.565451e+00
         vertex 4.443525e-01 2.220380e-01 -5.571108e+00
         vertex 4.501683e-01 4.415135e-01 -5.559117e+00
      endloop
   endfacet
   facet normal -1.926078e-01 1.075097e-02 -9.812169e-01
      outer loop
         vertex 4.824652e-01 4.419987e-01 -5.565451e+00
         vertex 4.501683e-01 4.415135e-01 -5.559117e+00
         vertex 5.058043e-01 6.634382e-01 -5.567607e+00
      endloop
   endfacet
   facet normal -1.631510e-01 3.160460e-03 -9.865960e-01
      outer loop
         vertex 5.058043e-01 6.634382e-01 -5.567607e+00
         vertex 4.501683e-01 4.415135e-01 -5.559117e+00
         vertex 4.562638e-01 6.630017e-01 -5.559416e+00
      endloop
   endfacet
   facet normal -1.626669e-01 -3.894679e-02 -9.859121e-01
      outer loop
         vertex 5.058043e-01 6.634382e-01 -5.567607e+00
         vertex 4.562638e-01 6.630017e-01 -5.559416e+00
         vertex 5.278677e-01 8.857884e-01 -5.580030e+00
      endloop
   endfacet
   facet normal -1.457433e-01 -4.460853e-02 -9.883162e-01
      outer loop
         vertex 5.278677e-01 8.857884e-01 -5.580030e+00
         vertex 4.562638e-01 6.630017e-01 -5.559416e+00
         vertex 4.624254e-01 8.856682e-01 -5.570374e+00
      endloop
   endfacet
   facet normal -1.448577e-01 -1.115257e-01 -9.831471e-01
      outer loop
         vertex 5.278677e-01 8.857884e-01 -5.580030e+00
         vertex 4.624254e-01 8.856682e-01 -5.570374e+00
         vertex 5.453947e-01 1.104767e+00 -5.607453e+00
      endloop
   endfacet
   facet normal -1.356732e-01 -1.151546e-01 -9.840387e-01
      outer loop
         vertex 5.453947e-01 1.104767e+00 -5.607453e+00
         vertex 4.624254e-01 8.856682e-01 -5.570374e+00
         vertex 4.663557e-01 1.105563e+00 -5.596649e+00
      endloop
   endfacet
   facet normal -1.357699e-01 -9.238813e-02 -9.864233e-01
      outer loop
         vertex 5.453947e-01 1.104767e+00 -5.607453e+00
         vertex 4.663557e-01 1.105563e+00 -5.596649e+00
         vertex 5.653580e-01 1.313849e+00 -5.629783e+00
      endloop
   endfacet
   facet normal -1.338832e-01 -9.331207e-02 -9.865942e-01
      outer loop
         vertex 5.653580e-01 1.313849e+00 -5.629783e+00
         vertex 4.663557e-01 1.105563e+00 -5.596649e+00
         vertex 4.760286e-01 1.318031e+00 -5.618057e+00
      endloop
   endfacet
   facet normal -1.321762e-01 -4.697471e-02 -9.901125e-01
      outer loop
         vertex 5.653580e-01 1.313849e+00 -5.629783e+00
         vertex 4.760286e-01 1.318031e+00 -5.618057e+00
         vertex 5.881889e-01 1.521896e+00 -5.642702e+00
      endloop
   endfacet
   facet normal -1.315157e-01 -4.734660e-02 -9.901828e-01
      outer loop
         vertex 5.881889e-01 1.521896e+00 -5.642702e+00
         vertex 4.760286e-01 1.318031e+00 -5.618057e+00
         vertex 4.926022e-01 1.530242e+00 -5.630405e+00
      endloop
   endfacet
   facet normal -1.276857e-01 -1.078979e-03 -9.918141e-01
      outer loop
         vertex 5.881889e-01 1.521896e+00 -5.642702e+00
         vertex 4.926022e-01 1.530242e+00 -5.630405e+00
         vertex 6.147918e-01 1.732153e+00 -5.646355e+00
      endloop
   endfacet
   facet normal -1.271222e-01 -1.425656e-03 -9.918860e-01
      outer loop
         vertex 6.147918e-01 1.732153e+00 -5.646355e+00
         vertex 4.926022e-01 1.530242e+00 -5.630405e+00
         vertex 5.172309e-01 1.743265e+00 -5.633868e+00
      endloop
   endfacet
   facet normal -1.224913e-01 3.902698e-02 -9.917020e-01
      outer loop
         vertex 6.147918e-01 1.732153e+00 -5.646355e+00
         vertex 5.172309e-01 1.743265e+00 -5.633868e+00
         vertex 6.356651e-01 1.952238e+00 -5.640273e+00
      endloop
   endfacet
   facet normal -1.241192e-01 3.995696e-02 -9.914625e-01
      outer loop
         vertex 6.356651e-01 1.952238e+00 -5.640273e+00
         vertex 5.172309e-01 1.743265e+00 -5.633868e+00
         vertex 5.400340e-01 1.960056e+00 -5.627986e+00
      endloop
   endfacet
   facet normal -1.209699e-01 7.580159e-02 -9.897577e-01
      outer loop
         vertex 6.356651e-01 1.952238e+00 -5.640273e+00
         vertex 5.400340e-01 1.960056e+00 -5.627986e+00
         vertex 6.403918e-01 2.174316e+00 -5.623842e+00
      endloop
   endfacet
   facet normal -1.266441e-01 7.844162e-02 -9.888418e-01
      outer loop
         vertex 6.403918e-01 2.174316e+00 -5.623842e+00
         vertex 5.400340e-01 1.960056e+00 -5.627986e+00
         vertex 5.510290e-01 2.177534e+00 -5.612142e+00
      endloop
   endfacet
   facet normal -1.249202e-01 1.143637e-01 -9.855536e-01
      outer loop
         vertex 6.403918e-01 2.174316e+00 -5.623842e+00
         vertex 5.510290e-01 2.177534e+00 -5.612142e+00
         vertex 6.308082e-01 2.394853e+00 -5.597036e+00
      endloop
   endfacet
   facet normal -1.349443e-01 1.179225e-01 -9.838111e-01
      outer loop
         vertex 6.308082e-01 2.394853e+00 -5.597036e+00
         vertex 5.510290e-01 2.177534e+00 -5.612142e+00
         vertex 5.517810e-01 2.394219e+00 -5.586273e+00
      endloop
   endfacet
   facet normal -1.348720e-01 1.262147e-01 -9.827916e-01
      outer loop
         vertex 6.308082e-01 2.394853e+00 -5.597036e+00
         vertex 5.517810e-01 2.394219e+00 -5.586273e+00
         vertex 6.084649e-01 2.618836e+00 -5.565205e+00
      endloop
   endfacet
   facet normal -1.492137e-01 1.295979e-01 -9.802753e-01
      outer loop
         vertex 6.084649e-01 2.618836e+00 -5.565205e+00
         vertex 5.517810e-01 2.394219e+00 -5.586273e+00
         vertex 5.430787e-01 2.616474e+00 -5.555565e+00
      endloop
   endfacet
   facet normal -1.469893e-01 3.426314e-02 -9.885445e-01
      outer loop
         vertex 6.084649e-01 2.618836e+00 -5.565205e+00
         vertex 5.430787e-01 2.616474e+00 -5.555565e+00
         vertex 5.750662e-01 2.844186e+00 -5.552428e+00
      endloop
   endfacet
   facet normal -1.655773e-01 3.683244e-02 -9.855088e-01
      outer loop
         vertex 5.750662e-01 2.844186e+00 -5.552428e+00
         vertex 5.430787e-01 2.616474e+00 -5.555565e+00
         vertex 5.256227e-01 2.841179e+00 -5.544234e+00
      endloop
   endfacet
   facet normal -1.613799e-01 -3.432754e-02 -9.862952e-01
      outer loop
         vertex 5.750662e-01 2.844186e+00 -5.552428e+00
         vertex 5.256227e-01 2.841179e+00 -5.544234e+00
         vertex 5.326943e-01 3.065874e+00 -5.553211e+00
      endloop
   endfacet
   facet normal -1.905412e-01 -3.320291e-02 -9.811175e-01
      outer loop
         vertex 5.326943e-01 3.065874e+00 -5.553211e+00
         vertex 5.256227e-01 2.841179e+00 -5.544234e+00
         vertex 5.005065e-01 3.063208e+00 -5.546870e+00
      endloop
   endfacet
   facet normal -1.831140e-01 -1.122680e-01 -9.766602e-01
      outer loop
         vertex 5.326943e-01 3.065874e+00 -5.553211e+00
         vertex 5.005065e-01 3.063208e+00 -5.546870e+00
         vertex 4.840657e-01 3.281966e+00 -5.568934e+00
      endloop
   endfacet
   facet normal -2.505716e-01 -1.157734e-01 -9.611506e-01
      outer loop
         vertex 4.840657e-01 3.281966e+00 -5.568934e+00
         vertex 5.005065e-01 3.063208e+00 -5.546870e+00
         vertex 4.692845e-01 3.280645e+00 -5.564921e+00
      endloop
   endfacet
   facet normal -2.454240e-01 -1.587335e-01 -9.563319e-01
      outer loop
         vertex 4.840657e-01 3.281966e+00 -5.568934e+00
         vertex 4.692845e-01 3.280645e+00 -5.564921e+00
         vertex 4.617834e-01 3.390130e+00 -5.581168e+00
      endloop
   endfacet
   facet normal -3.040328e-01 -1.601912e-01 -9.390968e-01
      outer loop
         vertex 4.617834e-01 3.390130e+00 -5.581168e+00
         vertex 4.692845e-01 3.280645e+00 -5.564921e+00
         vertex 4.546482e-01 3.389455e+00 -5.578743e+00
      endloop
   endfacet
   facet normal -3.027208e-01 -1.696274e-01 -9.378628e-01
      outer loop
         vertex 4.617834e-01 3.390130e+00 -5.581168e+00
         vertex 4.546482e-01 3.389455e+00 -5.578743e+00
         vertex 4.535146e-01 3.444963e+00 -5.588417e+00
      endloop
   endfacet
   facet normal -2.572844e-01 -1.710038e-01 -9.510849e-01
      outer loop
         vertex 4.535146e-01 3.444963e+00 -5.588417e+00
         vertex 4.546482e-01 3.389455e+00 -5.578743e+00
         vertex 4.484200e-01 3.444488e+00 -5.586953e+00
      endloop
   endfacet
   facet normal -2.646168e-01 -1.128324e-01 -9.577300e-01
      outer loop
         vertex 4.535146e-01 3.444963e+00 -5.588417e+00
         vertex 4.484200e-01 3.444488e+00 -5.586953e+00
         vertex 4.504840e-01 3.472616e+00 -5.590837e+00
      endloop
   endfacet
   facet normal -2.157981e-01 -1.180097e-01 -9.692806e-01
      outer loop
         vertex 4.504840e-01 3.472616e+00 -5.590837e+00
         vertex 4.484200e-01 3.444488e+00 -5.586953e+00
         vertex 4.457332e-01 3.472189e+00 -5.589728e+00
      endloop
   endfacet
   facet normal -2.243359e-01 -3.494126e-02 -9.738853e-01
      outer loop
         vertex 4.504840e-01 3.472616e+00 -5.590837e+00
         vertex 4.457332e-01 3.472189e+00 -5.589728e+00
         vertex 4.483190e-01 3.500559e+00 -5.591341e+00
      endloop
   endfacet
   facet normal -1.967279e-01 -3.779004e-02 -9.797296e-01
      outer loop
         vertex 4.483190e-01 3.500559e+00 -5.591341e+00
         vertex 4.457332e-01 3.472189e+00 -5.589728e+00
         vertex 4.434297e-01 3.500116e+00 -5.590342e+00
      endloop
   endfacet
   facet normal 8.639628e-02 -9.960851e-01 -1.871467e-02
      outer loop
         vertex 4.483190e-01 3.500559e+00 -5.591341e+00
         vertex 4.434297e-01 3.500116e+00 -5.590342e+00
         vertex 4.433985e-01 3.500476e+00 -5.609658e+00
      endloop
   endfacet
   facet normal 8.638683e-02 -9.960859e-01 -1.871467e-02
      outer loop
         vertex 4.433985e-01 3.500476e+00 -5.609658e+00
         vertex 4.434297e-01 3.500116e+00 -5.590342e+00
         vertex 4.400162e-01 3.499814e+00 -5.590002e+00
      endloop
   endfacet
   facet normal 8.642588e-02 -9.960826e-01 -1.870784e-02
      outer loop
         vertex 4.433985e-01 3.500476e+00 -5.609658e+00
         vertex 4.400162e-01 3.499814e+00 -5.590002e+00
         vertex 4.399838e-01 3.500186e+00 -5.609998e+00
      endloop
   endfacet
   facet normal 8.642588e-02 -9.960826e-01 -1.870784e-02
      outer loop
         vertex 4.399838e-01 3.500186e+00 -5.609998e+00
         vertex 4.400162e-01 3.499814e+00 -5.590002e+00
         vertex 4.366015e-01 3.499524e+00 -5.590342e+00
      endloop
   endfacet
   facet normal 8.638683e-02 -9.960859e-01 -1.871467e-02
      outer loop
         vertex 4.399838e-01 3.500186e+00 -5.609998e+00
         vertex 4.366015e-01 3.499524e+00 -5.590342e+00
         vertex 4.365703e-01 3.499884e+00 -5.609658e+00
      endloop
   endfacet
   facet normal 8.639577e-02 -9.960851e-01 -1.871467e-02
      outer loop
         vertex 4.365703e-01 3.499884e+00 -5.609658e+00
         vertex 4.366015e-01 3.499524e+00 -5.590342e+00
         vertex 4.316810e-01 3.499441e+00 -5.608659e+00
      endloop
   endfacet
   facet normal 8.639625e-02 -9.960851e-01 -1.871466e-02
      outer loop
         vertex 4.433985e-01 3.500476e+00 -5.609658e+00
         vertex 4.482910e-01 3.500882e+00 -5.608659e+00
         vertex 4.483190e-01 3.500559e+00 -5.591341e+00
      endloop
   endfacet
   facet normal 8.641833e-02 -9.960831e-01 -1.871466e-02
      outer loop
         vertex 4.483190e-01 3.500559e+00 -5.591341e+00
         vertex 4.482910e-01 3.500882e+00 -5.608659e+00
         vertex 4.532483e-01 3.501282e+00 -5.607070e+00
      endloop
   endfacet
   facet normal 8.644349e-02 -9.960811e-01 -1.870668e-02
      outer loop
         vertex 4.483190e-01 3.500559e+00 -5.591341e+00
         vertex 4.532483e-01 3.501282e+00 -5.607070e+00
         vertex 4.532712e-01 3.501019e+00 -5.592930e+00
      endloop
   endfacet
   facet normal 8.643833e-02 -9.960816e-01 -1.870668e-02
      outer loop
         vertex 4.532712e-01 3.501019e+00 -5.592930e+00
         vertex 4.532483e-01 3.501282e+00 -5.607070e+00
         vertex 4.574259e-01 3.501606e+00 -5.604999e+00
      endloop
   endfacet
   facet normal 8.640046e-02 -9.960846e-01 -1.871987e-02
      outer loop
         vertex 4.532712e-01 3.501019e+00 -5.592930e+00
         vertex 4.574259e-01 3.501606e+00 -5.604999e+00
         vertex 4.574421e-01 3.501419e+00 -5.595001e+00
      endloop
   endfacet
   facet normal 8.639628e-02 -9.960851e-01 -1.871481e-02
      outer loop
         vertex 4.366015e-01 3.499524e+00 -5.590342e+00
         vertex 4.317090e-01 3.499118e+00 -5.591341e+00
         vertex 4.316810e-01 3.499441e+00 -5.608659e+00
      endloop
   endfacet
   facet normal 8.641837e-02 -9.960831e-01 -1.871481e-02
      outer loop
         vertex 4.316810e-01 3.499441e+00 -5.608659e+00
         vertex 4.317090e-01 3.499118e+00 -5.591341e+00
         vertex 4.267517e-01 3.498718e+00 -5.592930e+00
      endloop
   endfacet
   facet normal 8.644399e-02 -9.960811e-01 -1.870668e-02
      outer loop
         vertex 4.316810e-01 3.499441e+00 -5.608659e+00
         vertex 4.267517e-01 3.498718e+00 -5.592930e+00
         vertex 4.267288e-01 3.498981e+00 -5.607070e+00
      endloop
   endfacet
   facet normal 8.643833e-02 -9.960816e-01 -1.870668e-02
      outer loop
         vertex 4.267288e-01 3.498981e+00 -5.607070e+00
         vertex 4.267517e-01 3.498718e+00 -5.592930e+00
         vertex 4.225741e-01 3.498394e+00 -5.595001e+00
      endloop
   endfacet
   facet normal 8.640046e-02 -9.960846e-01 -1.871987e-02
      outer loop
         vertex 4.267288e-01 3.498981e+00 -5.607070e+00
         vertex 4.225741e-01 3.498394e+00 -5.595001e+00
         vertex 4.225579e-01 3.498581e+00 -5.604999e+00
      endloop
   endfacet
   facet normal 8.640603e-02 -9.960836e-01 -1.874663e-02
      outer loop
         vertex 4.601983e-01 3.501801e+00 -5.602588e+00
         vertex 4.611705e-01 3.501836e+00 -5.600000e+00
         vertex 4.574259e-01 3.501606e+00 -5.604999e+00
      endloop
   endfacet
   facet normal 8.638596e-02 -9.960856e-01 -1.873151e-02
      outer loop
         vertex 4.574259e-01 3.501606e+00 -5.604999e+00
         vertex 4.611705e-01 3.501836e+00 -5.600000e+00
         vertex 4.602067e-01 3.501704e+00 -5.597412e+00
      endloop
   endfacet
   facet normal 8.635431e-02 -9.960886e-01 -1.871987e-02
      outer loop
         vertex 4.574259e-01 3.501606e+00 -5.604999e+00
         vertex 4.602067e-01 3.501704e+00 -5.597412e+00
         vertex 4.574421e-01 3.501419e+00 -5.595001e+00
      endloop
   endfacet
   facet normal 8.640901e-02 -9.960833e-01 -1.875113e-02
      outer loop
         vertex 4.198017e-01 3.498199e+00 -5.597412e+00
         vertex 4.188295e-01 3.498164e+00 -5.600000e+00
         vertex 4.225741e-01 3.498394e+00 -5.595001e+00
      endloop
   endfacet
   facet normal 8.638013e-02 -9.960862e-01 -1.872936e-02
      outer loop
         vertex 4.225741e-01 3.498394e+00 -5.595001e+00
         vertex 4.188295e-01 3.498164e+00 -5.600000e+00
         vertex 4.197933e-01 3.498296e+00 -5.602588e+00
      endloop
   endfacet
   facet normal 8.635431e-02 -9.960886e-01 -1.871987e-02
      outer loop
         vertex 4.225741e-01 3.498394e+00 -5.595001e+00
         vertex 4.197933e-01 3.498296e+00 -5.602588e+00
         vertex 4.225579e-01 3.498581e+00 -5.604999e+00
      endloop
   endfacet
   facet normal 9.897015e-02 -2.327953e-03 -9.950877e-01
      outer loop
         vertex 4.399870e-01 4.650625e-04 -5.590011e+00
         vertex 4.365618e-01 3.531106e-04 -5.590351e+00
         vertex 4.392363e-01 2.846686e-02 -5.590151e+00
      endloop
   endfacet
   facet normal 1.128208e-01 -3.656126e-03 -9.936086e-01
      outer loop
         vertex 4.392363e-01 2.846686e-02 -5.590151e+00
         vertex 4.365618e-01 3.531106e-04 -5.590351e+00
         vertex 4.359069e-01 2.835927e-02 -5.590529e+00
      endloop
   endfacet
   facet normal 1.098350e-01 7.892458e-02 -9.908114e-01
      outer loop
         vertex 4.392363e-01 2.846686e-02 -5.590151e+00
         vertex 4.359069e-01 2.835927e-02 -5.590529e+00
         vertex 4.383864e-01 5.638867e-02 -5.588021e+00
      endloop
   endfacet
   facet normal 1.353005e-01 7.640731e-02 -9.878541e-01
      outer loop
         vertex 4.383864e-01 5.638867e-02 -5.588021e+00
         vertex 4.359069e-01 2.835927e-02 -5.590529e+00
         vertex 4.348166e-01 5.626220e-02 -5.588520e+00
      endloop
   endfacet
   facet normal 1.327868e-01 1.277398e-01 -9.828785e-01
      outer loop
         vertex 4.383864e-01 5.638867e-02 -5.588021e+00
         vertex 4.348166e-01 5.626220e-02 -5.588520e+00
         vertex 4.368002e-01 1.119685e-01 -5.581012e+00
      endloop
   endfacet
   facet normal 1.573350e-01 1.263999e-01 -9.794227e-01
      outer loop
         vertex 4.368002e-01 1.119685e-01 -5.581012e+00
         vertex 4.348166e-01 5.626220e-02 -5.588520e+00
         vertex 4.318031e-01 1.117840e-01 -5.581839e+00
      endloop
   endfacet
   facet normal 1.585235e-01 1.047676e-01 -9.817811e-01
      outer loop
         vertex 4.368002e-01 1.119685e-01 -5.581012e+00
         vertex 4.318031e-01 1.117840e-01 -5.581839e+00
         vertex 4.339938e-01 2.218345e-01 -5.569741e+00
      endloop
   endfacet
   facet normal 1.268188e-01 1.058908e-01 -9.862576e-01
      outer loop
         vertex 4.339938e-01 2.218345e-01 -5.569741e+00
         vertex 4.318031e-01 1.117840e-01 -5.581839e+00
         vertex 4.236393e-01 2.215017e-01 -5.571108e+00
      endloop
   endfacet
   facet normal 1.287110e-01 6.146677e-02 -9.897754e-01
      outer loop
         vertex 4.339938e-01 2.218345e-01 -5.569741e+00
         vertex 4.236393e-01 2.215017e-01 -5.571108e+00
         vertex 4.276274e-01 4.410333e-01 -5.556956e+00
      endloop
   endfacet
   facet normal 9.320531e-02 6.236426e-02 -9.936918e-01
      outer loop
         vertex 4.276274e-01 4.410333e-01 -5.556956e+00
         vertex 4.236393e-01 2.215017e-01 -5.571108e+00
         vertex 4.050938e-01 4.402830e-01 -5.559117e+00
      endloop
   endfacet
   facet normal 9.531411e-02 4.062226e-03 -9.954390e-01
      outer loop
         vertex 4.276274e-01 4.410333e-01 -5.556956e+00
         vertex 4.050938e-01 4.402830e-01 -5.559117e+00
         vertex 4.216896e-01 6.623980e-01 -5.556622e+00
      endloop
   endfacet
   facet normal 8.040472e-02 5.190930e-03 -9.967488e-01
      outer loop
         vertex 4.216896e-01 6.623980e-01 -5.556622e+00
         vertex 4.050938e-01 4.402830e-01 -5.559117e+00
         vertex 3.871297e-01 6.612228e-01 -5.559416e+00
      endloop
   endfacet
   facet normal 8.201805e-02 -4.494362e-02 -9.956170e-01
      outer loop
         vertex 4.216896e-01 6.623980e-01 -5.556622e+00
         vertex 3.871297e-01 6.612228e-01 -5.559416e+00
         vertex 4.167556e-01 8.850924e-01 -5.567081e+00
      endloop
   endfacet
   facet normal 7.334607e-02 -4.382088e-02 -9.963434e-01
      outer loop
         vertex 4.167556e-01 8.850924e-01 -5.567081e+00
         vertex 3.871297e-01 6.612228e-01 -5.559416e+00
         vertex 3.711089e-01 8.835765e-01 -5.570374e+00
      endloop
   endfacet
   facet normal 7.527461e-02 -1.144236e-01 -9.905761e-01
      outer loop
         vertex 4.167556e-01 8.850924e-01 -5.567081e+00
         vertex 3.711089e-01 8.835765e-01 -5.570374e+00
         vertex 4.111894e-01 1.105501e+00 -5.592964e+00
      endloop
   endfacet
   facet normal 6.877913e-02 -1.133116e-01 -9.911760e-01
      outer loop
         vertex 4.111894e-01 1.105501e+00 -5.592964e+00
         vertex 3.711089e-01 8.835765e-01 -5.570374e+00
         vertex 3.560361e-01 1.104260e+00 -5.596649e+00
      endloop
   endfacet
   facet normal 6.854757e-02 -9.819176e-02 -9.928039e-01
      outer loop
         vertex 4.111894e-01 1.105501e+00 -5.592964e+00
         vertex 3.560361e-01 1.104260e+00 -5.596649e+00
         vertex 4.136576e-01 1.320493e+00 -5.614057e+00
      endloop
   endfacet
   facet normal 6.123014e-02 -9.629527e-02 -9.934677e-01
      outer loop
         vertex 4.136576e-01 1.320493e+00 -5.614057e+00
         vertex 3.560361e-01 1.104260e+00 -5.596649e+00
         vertex 3.512584e-01 1.322084e+00 -5.618057e+00
      endloop
   endfacet
   facet normal 6.234079e-02 -5.976184e-02 -9.962641e-01
      outer loop
         vertex 4.136576e-01 1.320493e+00 -5.614057e+00
         vertex 3.512584e-01 1.322084e+00 -5.618057e+00
         vertex 4.258596e-01 1.535840e+00 -5.626211e+00
      endloop
   endfacet
   facet normal 5.809038e-02 -5.829156e-02 -9.966080e-01
      outer loop
         vertex 4.258596e-01 1.535840e+00 -5.626211e+00
         vertex 3.512584e-01 1.322084e+00 -5.618057e+00
         vertex 3.590821e-01 1.541001e+00 -5.630405e+00
      endloop
   endfacet
   facet normal 6.094923e-02 -2.234468e-02 -9.978907e-01
      outer loop
         vertex 4.258596e-01 1.535840e+00 -5.626211e+00
         vertex 3.590821e-01 1.541001e+00 -5.630405e+00
         vertex 4.491315e-01 1.751045e+00 -5.629608e+00
      endloop
   endfacet
   facet normal 5.990768e-02 -2.189787e-02 -9.979637e-01
      outer loop
         vertex 4.491315e-01 1.751045e+00 -5.629608e+00
         vertex 3.590821e-01 1.541001e+00 -5.630405e+00
         vertex 3.810373e-01 1.758871e+00 -5.633868e+00
      endloop
   endfacet
   facet normal 6.467556e-02 1.972734e-02 -9.977113e-01
      outer loop
         vertex 4.491315e-01 1.751045e+00 -5.629608e+00
         vertex 3.810373e-01 1.758871e+00 -5.633868e+00
         vertex 4.733049e-01 1.965802e+00 -5.623795e+00
      endloop
   endfacet
   facet normal 6.457003e-02 1.977469e-02 -9.977172e-01
      outer loop
         vertex 4.733049e-01 1.965802e+00 -5.623795e+00
         vertex 3.810373e-01 1.758871e+00 -5.633868e+00
         vertex 4.066256e-01 1.972101e+00 -5.627986e+00
      endloop
   endfacet
   facet normal 6.894213e-02 6.764650e-02 -9.953245e-01
      outer loop
         vertex 4.733049e-01 1.965802e+00 -5.623795e+00
         vertex 4.066256e-01 1.972101e+00 -5.627986e+00
         vertex 4.886776e-01 2.180313e+00 -5.608151e+00
      endloop
   endfacet
   facet normal 6.791128e-02 6.805682e-02 -9.953674e-01
      outer loop
         vertex 4.886776e-01 2.180313e+00 -5.608151e+00
         vertex 4.066256e-01 1.972101e+00 -5.627986e+00
         vertex 4.263798e-01 2.184111e+00 -5.612142e+00
      endloop
   endfacet
   facet normal 7.051597e-02 1.155873e-01 -9.907911e-01
      outer loop
         vertex 4.886776e-01 2.180313e+00 -5.608151e+00
         vertex 4.263798e-01 2.184111e+00 -5.612142e+00
         vertex 4.966283e-01 2.394475e+00 -5.582601e+00
      endloop
   endfacet
   facet normal 6.934033e-02 1.159851e-01 -9.908276e-01
      outer loop
         vertex 4.966283e-01 2.394475e+00 -5.582601e+00
         vertex 4.263798e-01 2.184111e+00 -5.612142e+00
         vertex 4.414989e-01 2.396067e+00 -5.586273e+00
      endloop
   endfacet
   facet normal 6.973555e-02 1.354362e-01 -9.883289e-01
      outer loop
         vertex 4.966283e-01 2.394475e+00 -5.582601e+00
         vertex 4.414989e-01 2.396067e+00 -5.586273e+00
         vertex 4.974279e-01 2.615352e+00 -5.552277e+00
      endloop
   endfacet
   facet normal 7.081127e-02 1.351559e-01 -9.882908e-01
      outer loop
         vertex 4.974279e-01 2.615352e+00 -5.552277e+00
         vertex 4.414989e-01 2.396067e+00 -5.586273e+00
         vertex 4.517618e-01 2.615234e+00 -5.555565e+00
      endloop
   endfacet
   facet normal 7.159673e-02 5.022114e-02 -9.961685e-01
      outer loop
         vertex 4.974279e-01 2.615352e+00 -5.552277e+00
         vertex 4.517618e-01 2.615234e+00 -5.555565e+00
         vertex 4.910964e-01 2.839362e+00 -5.541438e+00
      endloop
   endfacet
   facet normal 7.874831e-02 4.893604e-02 -9.956927e-01
      outer loop
         vertex 4.910964e-01 2.839362e+00 -5.541438e+00
         vertex 4.517618e-01 2.615234e+00 -5.555565e+00
         vertex 4.565465e-01 2.838083e+00 -5.544234e+00
      endloop
   endfacet
   facet normal 8.100458e-02 -9.902920e-03 -9.966645e-01
      outer loop
         vertex 4.910964e-01 2.839362e+00 -5.541438e+00
         vertex 4.565465e-01 2.838083e+00 -5.544234e+00
         vertex 4.780309e-01 3.061439e+00 -5.544707e+00
      endloop
   endfacet
   facet normal 9.653322e-02 -1.139365e-02 -9.952645e-01
      outer loop
         vertex 4.780309e-01 3.061439e+00 -5.544707e+00
         vertex 4.565465e-01 2.838083e+00 -5.544234e+00
         vertex 4.555423e-01 3.059846e+00 -5.546870e+00
      endloop
   endfacet
   facet normal 1.008473e-01 -7.682053e-02 -9.919317e-01
      outer loop
         vertex 4.780309e-01 3.061439e+00 -5.544707e+00
         vertex 4.555423e-01 3.059846e+00 -5.546870e+00
         vertex 4.589637e-01 3.279751e+00 -5.563552e+00
      endloop
   endfacet
   facet normal 1.371592e-01 -7.705290e-02 -9.875476e-01
      outer loop
         vertex 4.589637e-01 3.279751e+00 -5.563552e+00
         vertex 4.555423e-01 3.059846e+00 -5.546870e+00
         vertex 4.486379e-01 3.278911e+00 -5.564921e+00
      endloop
   endfacet
   facet normal 1.398622e-01 -1.173656e-01 -9.831907e-01
      outer loop
         vertex 4.589637e-01 3.279751e+00 -5.563552e+00
         vertex 4.486379e-01 3.278911e+00 -5.564921e+00
         vertex 4.496661e-01 3.388999e+00 -5.577916e+00
      endloop
   endfacet
   facet normal 1.722743e-01 -1.170636e-01 -9.780683e-01
      outer loop
         vertex 4.496661e-01 3.388999e+00 -5.577916e+00
         vertex 4.486379e-01 3.278911e+00 -5.564921e+00
         vertex 4.446816e-01 3.388574e+00 -5.578743e+00
      endloop
   endfacet
   facet normal 1.734413e-01 -1.358615e-01 -9.754280e-01
      outer loop
         vertex 4.496661e-01 3.388999e+00 -5.577916e+00
         vertex 4.446816e-01 3.388574e+00 -5.578743e+00
         vertex 4.448629e-01 3.444166e+00 -5.586454e+00
      endloop
   endfacet
   facet normal 1.490355e-01 -1.363313e-01 -9.793887e-01
      outer loop
         vertex 4.448629e-01 3.444166e+00 -5.586454e+00
         vertex 4.446816e-01 3.388574e+00 -5.578743e+00
         vertex 4.413043e-01 3.443862e+00 -5.586953e+00
      endloop
   endfacet
   facet normal 1.458907e-01 -8.998934e-02 -9.851994e-01
      outer loop
         vertex 4.448629e-01 3.444166e+00 -5.586454e+00
         vertex 4.413043e-01 3.443862e+00 -5.586953e+00
         vertex 4.424161e-01 3.471899e+00 -5.589350e+00
      endloop
   endfacet
   facet normal 1.200750e-01 -8.926849e-02 -9.887432e-01
      outer loop
         vertex 4.424161e-01 3.471899e+00 -5.589350e+00
         vertex 4.413043e-01 3.443862e+00 -5.586953e+00
         vertex 4.390978e-01 3.471623e+00 -5.589728e+00
      endloop
   endfacet
   facet normal 1.143008e-01 -1.337203e-02 -9.933562e-01
      outer loop
         vertex 4.424161e-01 3.471899e+00 -5.589350e+00
         vertex 4.390978e-01 3.471623e+00 -5.589728e+00
         vertex 4.400162e-01 3.499814e+00 -5.590002e+00
      endloop
   endfacet
   facet normal 1.004087e-01 -1.293409e-02 -9.948622e-01
      outer loop
         vertex 4.400162e-01 3.499814e+00 -5.590002e+00
         vertex 4.390978e-01 3.471623e+00 -5.589728e+00
         vertex 4.366015e-01 3.499524e+00 -5.590342e+00
      endloop
   endfacet
   facet normal -2.037669e-01 -3.713566e-02 -9.783149e-01
      outer loop
         vertex 6.558292e-01 1.308875e+00 -5.648438e+00
         vertex 5.653580e-01 1.313849e+00 -5.629783e+00
         vertex 6.849935e-01 1.513071e+00 -5.662264e+00
      endloop
   endfacet
   facet normal -2.013117e-01 -3.868307e-02 -9.787631e-01
      outer loop
         vertex 6.849935e-01 1.513071e+00 -5.662264e+00
         vertex 5.653580e-01 1.313849e+00 -5.629783e+00
         vertex 5.881889e-01 1.521896e+00 -5.642702e+00
      endloop
   endfacet
   facet normal -1.973193e-01 8.523886e-03 -9.803022e-01
      outer loop
         vertex 6.849935e-01 1.513071e+00 -5.662264e+00
         vertex 5.881889e-01 1.521896e+00 -5.642702e+00
         vertex 7.136303e-01 1.720935e+00 -5.666221e+00
      endloop
   endfacet
   facet normal -1.961899e-01 7.784534e-03 -9.805350e-01
      outer loop
         vertex 7.136303e-01 1.720935e+00 -5.666221e+00
         vertex 5.881889e-01 1.521896e+00 -5.642702e+00
         vertex 6.147918e-01 1.732153e+00 -5.646355e+00
      endloop
   endfacet
   facet normal -1.920161e-01 4.430237e-02 -9.803913e-01
      outer loop
         vertex 7.136303e-01 1.720935e+00 -5.666221e+00
         vertex 6.147918e-01 1.732153e+00 -5.646355e+00
         vertex 7.325863e-01 1.944786e+00 -5.659818e+00
      endloop
   endfacet
   facet normal -1.941142e-01 4.549429e-02 -9.799234e-01
      outer loop
         vertex 7.325863e-01 1.944786e+00 -5.659818e+00
         vertex 6.147918e-01 1.732153e+00 -5.646355e+00
         vertex 6.356651e-01 1.952238e+00 -5.640273e+00
      endloop
   endfacet
   facet normal -1.917178e-01 7.344849e-02 -9.786979e-01
      outer loop
         vertex 7.325863e-01 1.944786e+00 -5.659818e+00
         vertex 6.356651e-01 1.952238e+00 -5.640273e+00
         vertex 7.309662e-01 2.171920e+00 -5.642455e+00
      endloop
   endfacet
   facet normal -1.987548e-01 7.651754e-02 -9.770576e-01
      outer loop
         vertex 7.309662e-01 2.171920e+00 -5.642455e+00
         vertex 6.356651e-01 1.952238e+00 -5.640273e+00
         vertex 6.403918e-01 2.174316e+00 -5.623842e+00
      endloop
   endfacet
   facet normal -1.975051e-01 1.050792e-01 -9.746538e-01
      outer loop
         vertex 7.309662e-01 2.171920e+00 -5.642455e+00
         vertex 6.403918e-01 2.174316e+00 -5.623842e+00
         vertex 7.108864e-01 2.396626e+00 -5.614160e+00
      endloop
   endfacet
   facet normal -2.101668e-01 1.089602e-01 -9.715748e-01
      outer loop
         vertex 7.108864e-01 2.396626e+00 -5.614160e+00
         vertex 6.403918e-01 2.174316e+00 -5.623842e+00
         vertex 6.308082e-01 2.394853e+00 -5.597036e+00
      endloop
   endfacet
   facet normal -2.101625e-01 1.110996e-01 -9.713334e-01
      outer loop
         vertex 7.108864e-01 2.396626e+00 -5.614160e+00
         vertex 6.308082e-01 2.394853e+00 -5.597036e+00
         vertex 6.746914e-01 2.622080e+00 -5.580541e+00
      endloop
   endfacet
   facet normal -2.294363e-01 1.144759e-01 -9.665683e-01
      outer loop
         vertex 6.746914e-01 2.622080e+00 -5.580541e+00
         vertex 6.308082e-01 2.394853e+00 -5.597036e+00
         vertex 6.084649e-01 2.618836e+00 -5.565205e+00
      endloop
   endfacet
   facet normal -2.262886e-01 1.537941e-02 -9.739389e-01
      outer loop
         vertex 6.746914e-01 2.622080e+00 -5.580541e+00
         vertex 6.084649e-01 2.618836e+00 -5.565205e+00
         vertex 6.251349e-01 2.847688e+00 -5.565464e+00
      endloop
   endfacet
   facet normal -2.530635e-01 1.733726e-02 -9.672943e-01
      outer loop
         vertex 6.251349e-01 2.847688e+00 -5.565464e+00
         vertex 6.084649e-01 2.618836e+00 -5.565205e+00
         vertex 5.750662e-01 2.844186e+00 -5.552428e+00
      endloop
   endfacet
   facet normal -2.477718e-01 -5.760613e-02 -9.671043e-01
      outer loop
         vertex 6.251349e-01 2.847688e+00 -5.565464e+00
         vertex 5.750662e-01 2.844186e+00 -5.552428e+00
         vertex 5.652911e-01 3.068724e+00 -5.563299e+00
      endloop
   endfacet
   facet normal -2.904190e-01 -5.888092e-02 -9.550863e-01
      outer loop
         vertex 5.652911e-01 3.068724e+00 -5.563299e+00
         vertex 5.750662e-01 2.844186e+00 -5.552428e+00
         vertex 5.326943e-01 3.065874e+00 -5.553211e+00
      endloop
   endfacet
   facet normal -2.815231e-01 -1.400631e-01 -9.492771e-01
      outer loop
         vertex 5.652911e-01 3.068724e+00 -5.563299e+00
         vertex 5.326943e-01 3.065874e+00 -5.553211e+00
         vertex 4.990356e-01 3.283350e+00 -5.575317e+00
      endloop
   endfacet
   facet normal -3.758833e-01 -1.511082e-01 -9.142637e-01
      outer loop
         vertex 4.990356e-01 3.283350e+00 -5.575317e+00
         vertex 5.326943e-01 3.065874e+00 -5.553211e+00
         vertex 4.840657e-01 3.281966e+00 -5.568934e+00
      endloop
   endfacet
   facet normal -3.708304e-01 -1.857785e-01 -9.099292e-01
      outer loop
         vertex 4.990356e-01 3.283350e+00 -5.575317e+00
         vertex 4.840657e-01 3.281966e+00 -5.568934e+00
         vertex 4.690096e-01 3.390839e+00 -5.585026e+00
      endloop
   endfacet
   facet normal -4.476019e-01 -1.910243e-01 -8.735916e-01
      outer loop
         vertex 4.690096e-01 3.390839e+00 -5.585026e+00
         vertex 4.840657e-01 3.281966e+00 -5.568934e+00
         vertex 4.617834e-01 3.390130e+00 -5.581168e+00
      endloop
   endfacet
   facet normal -4.499524e-01 -1.767907e-01 -8.753787e-01
      outer loop
         vertex 4.690096e-01 3.390839e+00 -5.585026e+00
         vertex 4.617834e-01 3.390130e+00 -5.581168e+00
         vertex 4.586744e-01 3.445460e+00 -5.590745e+00
      endloop
   endfacet
   facet normal -3.903404e-01 -1.782645e-01 -9.032476e-01
      outer loop
         vertex 4.586744e-01 3.445460e+00 -5.590745e+00
         vertex 4.617834e-01 3.390130e+00 -5.581168e+00
         vertex 4.535146e-01 3.444963e+00 -5.588417e+00
      endloop
   endfacet
   facet normal -3.998971e-01 -1.102045e-01 -9.099106e-01
      outer loop
         vertex 4.586744e-01 3.445460e+00 -5.590745e+00
         vertex 4.535146e-01 3.444963e+00 -5.588417e+00
         vertex 4.552957e-01 3.473060e+00 -5.592603e+00
      endloop
   endfacet
   facet normal -3.323567e-01 -1.183281e-01 -9.357016e-01
      outer loop
         vertex 4.552957e-01 3.473060e+00 -5.592603e+00
         vertex 4.535146e-01 3.444963e+00 -5.588417e+00
         vertex 4.504840e-01 3.472616e+00 -5.590837e+00
      endloop
   endfacet
   facet normal -3.413031e-01 -3.571191e-02 -9.392746e-01
      outer loop
         vertex 4.552957e-01 3.473060e+00 -5.592603e+00
         vertex 4.504840e-01 3.472616e+00 -5.590837e+00
         vertex 4.532712e-01 3.501019e+00 -5.592930e+00
      endloop
   endfacet
   facet normal -3.018305e-01 -4.055974e-02 -9.524984e-01
      outer loop
         vertex 4.532712e-01 3.501019e+00 -5.592930e+00
         vertex 4.504840e-01 3.472616e+00 -5.590837e+00
         vertex 4.483190e-01 3.500559e+00 -5.591341e+00
      endloop
   endfacet
   facet normal -3.036161e-01 -2.790774e-02 -9.523856e-01
      outer loop
         vertex 4.532951e-01 7.021052e-04 -5.592937e+00
         vertex 4.483216e-01 6.365385e-04 -5.591349e+00
         vertex 4.521740e-01 2.866245e-02 -5.593399e+00
      endloop
   endfacet
   facet normal -3.421315e-01 -2.166406e-02 -9.394023e-01
      outer loop
         vertex 4.521740e-01 2.866245e-02 -5.593399e+00
         vertex 4.483216e-01 6.365385e-04 -5.591349e+00
         vertex 4.473389e-01 2.861522e-02 -5.591637e+00
      endloop
   endfacet
   facet normal -3.424801e-01 3.774073e-02 -9.387667e-01
      outer loop
         vertex 4.521740e-01 2.866245e-02 -5.593399e+00
         vertex 4.473389e-01 2.861522e-02 -5.591637e+00
         vertex 4.522587e-01 5.659265e-02 -5.592307e+00
      endloop
   endfacet
   facet normal -4.090253e-01 5.010422e-02 -9.111465e-01
      outer loop
         vertex 4.522587e-01 5.659265e-02 -5.592307e+00
         vertex 4.473389e-01 2.861522e-02 -5.591637e+00
         vertex 4.470742e-01 5.654984e-02 -5.589982e+00
      endloop
   endfacet
   facet normal -4.079172e-01 9.744583e-02 -9.078039e-01
      outer loop
         vertex 4.522587e-01 5.659265e-02 -5.592307e+00
         vertex 4.470742e-01 5.654984e-02 -5.589982e+00
         vertex 4.562210e-01 1.122088e-01 -5.588117e+00
      endloop
   endfacet
   facet normal -4.668226e-01 1.061264e-01 -8.779600e-01
      outer loop
         vertex 4.562210e-01 1.122088e-01 -5.588117e+00
         vertex 4.470742e-01 5.654984e-02 -5.589982e+00
         vertex 4.489626e-01 1.121744e-01 -5.584262e+00
      endloop
   endfacet
   facet normal -4.656457e-01 1.288473e-01 -8.755412e-01
      outer loop
         vertex 4.562210e-01 1.122088e-01 -5.588117e+00
         vertex 4.489626e-01 1.121744e-01 -5.584262e+00
         vertex 4.742345e-01 2.223203e-01 -5.581493e+00
      endloop
   endfacet
   facet normal -3.884278e-01 1.121131e-01 -9.146335e-01
      outer loop
         vertex 4.742345e-01 2.223203e-01 -5.581493e+00
         vertex 4.489626e-01 1.121744e-01 -5.584262e+00
         vertex 4.591949e-01 2.222326e-01 -5.575117e+00
      endloop
   endfacet
   facet normal -3.889643e-01 9.727499e-02 -9.161028e-01
      outer loop
         vertex 4.742345e-01 2.223203e-01 -5.581493e+00
         vertex 4.591949e-01 2.222326e-01 -5.575117e+00
         vertex 5.151898e-01 4.422615e-01 -5.575528e+00
      endloop
   endfacet
   facet normal -2.940311e-01 7.304663e-02 -9.530005e-01
      outer loop
         vertex 5.151898e-01 4.422615e-01 -5.575528e+00
         vertex 4.591949e-01 2.222326e-01 -5.575117e+00
         vertex 4.824652e-01 4.419987e-01 -5.565451e+00
      endloop
   endfacet
   facet normal -2.943650e-01 3.226283e-02 -9.551484e-01
      outer loop
         vertex 5.151898e-01 4.422615e-01 -5.575528e+00
         vertex 4.824652e-01 4.419987e-01 -5.565451e+00
         vertex 5.560033e-01 6.633964e-01 -5.580637e+00
      endloop
   endfacet
   facet normal -2.511936e-01 1.705645e-02 -9.677866e-01
      outer loop
         vertex 5.560033e-01 6.633964e-01 -5.580637e+00
         vertex 4.824652e-01 4.419987e-01 -5.565451e+00
         vertex 5.058043e-01 6.634382e-01 -5.567607e+00
      endloop
   endfacet
   facet normal -2.512038e-01 -2.113717e-02 -9.677034e-01
      outer loop
         vertex 5.560033e-01 6.633964e-01 -5.580637e+00
         vertex 5.058043e-01 6.634382e-01 -5.567607e+00
         vertex 5.941836e-01 8.851140e-01 -5.595391e+00
      endloop
   endfacet
   facet normal -2.258427e-01 -3.199216e-02 -9.736383e-01
      outer loop
         vertex 5.941836e-01 8.851140e-01 -5.595391e+00
         vertex 5.058043e-01 6.634382e-01 -5.567607e+00
         vertex 5.278677e-01 8.857884e-01 -5.580030e+00
      endloop
   endfacet
   facet normal -2.256168e-01 -8.862847e-02 -9.701763e-01
      outer loop
         vertex 5.941836e-01 8.851140e-01 -5.595391e+00
         vertex 5.278677e-01 8.857884e-01 -5.580030e+00
         vertex 6.558292e-01 1.308875e+00 -5.648438e+00
      endloop
   endfacet
   facet normal -1.607809e-01 -1.099630e-01 -9.808454e-01
      outer loop
         vertex 6.558292e-01 1.308875e+00 -5.648438e+00
         vertex 5.278677e-01 8.857884e-01 -5.580030e+00
         vertex 5.453947e-01 1.104767e+00 -5.607453e+00
      endloop
   endfacet
   facet normal -2.056797e-01 -8.448940e-02 -9.749653e-01
      outer loop
         vertex 6.558292e-01 1.308875e+00 -5.648438e+00
         vertex 5.453947e-01 1.104767e+00 -5.607453e+00
         vertex 5.653580e-01 1.313849e+00 -5.629783e+00
      endloop
   endfacet
   facet normal -4.421081e-01 -4.167906e-02 -8.959929e-01
      outer loop
         vertex 4.574861e-01 7.232908e-04 -5.595006e+00
         vertex 4.532951e-01 7.021052e-04 -5.592937e+00
         vertex 4.562487e-01 2.866397e-02 -5.595695e+00
      endloop
   endfacet
   facet normal -4.906435e-01 -3.405685e-02 -8.706946e-01
      outer loop
         vertex 4.562487e-01 2.866397e-02 -5.595695e+00
         vertex 4.532951e-01 7.021052e-04 -5.592937e+00
         vertex 4.521740e-01 2.866245e-02 -5.593399e+00
      endloop
   endfacet
   facet normal -4.908650e-01 1.782598e-02 -8.710533e-01
      outer loop
         vertex 4.562487e-01 2.866397e-02 -5.595695e+00
         vertex 4.521740e-01 2.866245e-02 -5.593399e+00
         vertex 4.566279e-01 5.657925e-02 -5.595337e+00
      endloop
   endfacet
   facet normal -5.695411e-01 3.383513e-02 -8.212661e-01
      outer loop
         vertex 4.566279e-01 5.657925e-02 -5.595337e+00
         vertex 4.521740e-01 2.866245e-02 -5.593399e+00
         vertex 4.522587e-01 5.659265e-02 -5.592307e+00
      endloop
   endfacet
   facet normal -5.674039e-01 9.063800e-02 -8.184360e-01
      outer loop
         vertex 4.566279e-01 5.657925e-02 -5.595337e+00
         vertex 4.522587e-01 5.659265e-02 -5.592307e+00
         vertex 4.623381e-01 1.121559e-01 -5.593141e+00
      endloop
   endfacet
   facet normal -6.307806e-01 1.028756e-01 -7.691115e-01
      outer loop
         vertex 4.623381e-01 1.121559e-01 -5.593141e+00
         vertex 4.522587e-01 5.659265e-02 -5.592307e+00
         vertex 4.562210e-01 1.122088e-01 -5.588117e+00
      endloop
   endfacet
   facet normal -6.253813e-01 1.627057e-01 -7.631678e-01
      outer loop
         vertex 4.623381e-01 1.121559e-01 -5.593141e+00
         vertex 4.562210e-01 1.122088e-01 -5.588117e+00
         vertex 4.869094e-01 2.222552e-01 -5.589803e+00
      endloop
   endfacet
   facet normal -5.425123e-01 1.385945e-01 -8.285360e-01
      outer loop
         vertex 4.869094e-01 2.222552e-01 -5.589803e+00
         vertex 4.562210e-01 1.122088e-01 -5.588117e+00
         vertex 4.742345e-01 2.223203e-01 -5.581493e+00
      endloop
   endfacet
   facet normal -5.422341e-01 1.420167e-01 -8.281385e-01
      outer loop
         vertex 4.869094e-01 2.222552e-01 -5.589803e+00
         vertex 4.742345e-01 2.223203e-01 -5.581493e+00
         vertex 5.427673e-01 4.421927e-01 -5.588660e+00
      endloop
   endfacet
   facet normal -4.273916e-01 1.039415e-01 -8.980716e-01
      outer loop
         vertex 5.427673e-01 4.421927e-01 -5.588660e+00
         vertex 4.742345e-01 2.223203e-01 -5.581493e+00
         vertex 5.151898e-01 4.422615e-01 -5.575528e+00
      endloop
   endfacet
   facet normal -4.286900e-01 7.138025e-02 -9.006274e-01
      outer loop
         vertex 5.427673e-01 4.421927e-01 -5.588660e+00
         vertex 5.151898e-01 4.422615e-01 -5.575528e+00
         vertex 5.983100e-01 6.627471e-01 -5.597617e+00
      endloop
   endfacet
   facet normal -3.714527e-01 4.713486e-02 -9.272547e-01
      outer loop
         vertex 5.983100e-01 6.627471e-01 -5.597617e+00
         vertex 5.151898e-01 4.422615e-01 -5.575528e+00
         vertex 5.560033e-01 6.633964e-01 -5.580637e+00
      endloop
   endfacet
   facet normal -3.722953e-01 1.250919e-02 -9.280300e-01
      outer loop
         vertex 5.983100e-01 6.627471e-01 -5.597617e+00
         vertex 5.560033e-01 6.633964e-01 -5.580637e+00
         vertex 6.500779e-01 8.835358e-01 -5.615409e+00
      endloop
   endfacet
   facet normal -3.372843e-01 -4.563009e-03 -9.413918e-01
      outer loop
         vertex 6.500779e-01 8.835358e-01 -5.615409e+00
         vertex 5.560033e-01 6.633964e-01 -5.580637e+00
         vertex 5.941836e-01 8.851140e-01 -5.595391e+00
      endloop
   endfacet
   facet normal -3.380770e-01 -6.221612e-02 -9.390597e-01
      outer loop
         vertex 6.500779e-01 8.835358e-01 -5.615409e+00
         vertex 5.941836e-01 8.851140e-01 -5.595391e+00
         vertex 7.320186e-01 1.303748e+00 -5.672750e+00
      endloop
   endfacet
   facet normal -3.076714e-01 -7.399220e-02 -9.486113e-01
      outer loop
         vertex 7.320186e-01 1.303748e+00 -5.672750e+00
         vertex 5.941836e-01 8.851140e-01 -5.595391e+00
         vertex 6.558292e-01 1.308875e+00 -5.648438e+00
      endloop
   endfacet
   facet normal -3.050775e-01 -1.869822e-02 -9.521439e-01
      outer loop
         vertex 7.320186e-01 1.303748e+00 -5.672750e+00
         vertex 6.558292e-01 1.308875e+00 -5.648438e+00
         vertex 7.665113e-01 1.505168e+00 -5.687757e+00
      endloop
   endfacet
   facet normal -3.003186e-01 -2.167180e-02 -9.535927e-01
      outer loop
         vertex 7.665113e-01 1.505168e+00 -5.687757e+00
         vertex 6.558292e-01 1.308875e+00 -5.648438e+00
         vertex 6.849935e-01 1.513071e+00 -5.662264e+00
      endloop
   endfacet
   facet normal -2.963162e-01 2.350565e-02 -9.548006e-01
      outer loop
         vertex 7.665113e-01 1.505168e+00 -5.687757e+00
         vertex 6.849935e-01 1.513071e+00 -5.662264e+00
         vertex 7.969048e-01 1.711532e+00 -5.692109e+00
      endloop
   endfacet
   facet normal -2.944860e-01 2.238441e-02 -9.553936e-01
      outer loop
         vertex 7.969048e-01 1.711532e+00 -5.692109e+00
         vertex 6.849935e-01 1.513071e+00 -5.662264e+00
         vertex 7.136303e-01 1.720935e+00 -5.666221e+00
      endloop
   endfacet
   facet normal -2.912382e-01 5.088107e-02 -9.552965e-01
      outer loop
         vertex 7.969048e-01 1.711532e+00 -5.692109e+00
         vertex 7.136303e-01 1.720935e+00 -5.666221e+00
         vertex 8.142935e-01 1.939102e+00 -5.685289e+00
      endloop
   endfacet
   facet normal -2.939005e-01 5.218693e-02 -9.544103e-01
      outer loop
         vertex 8.142935e-01 1.939102e+00 -5.685289e+00
         vertex 7.136303e-01 1.720935e+00 -5.666221e+00
         vertex 7.325863e-01 1.944786e+00 -5.659818e+00
      endloop
   endfacet
   facet normal -2.926442e-01 6.762995e-02 -9.538268e-01
      outer loop
         vertex 8.142935e-01 1.939102e+00 -5.685289e+00
         vertex 7.325863e-01 1.944786e+00 -5.659818e+00
         vertex 8.073305e-01 2.170996e+00 -5.666711e+00
      endloop
   endfacet
   facet normal -3.012041e-01 7.054608e-02 -9.509465e-01
      outer loop
         vertex 8.073305e-01 2.170996e+00 -5.666711e+00
         vertex 7.325863e-01 1.944786e+00 -5.659818e+00
         vertex 7.309662e-01 2.171920e+00 -5.642455e+00
      endloop
   endfacet
   facet normal -3.006088e-01 8.755452e-02 -9.497202e-01
      outer loop
         vertex 8.073305e-01 2.170996e+00 -5.666711e+00
         vertex 7.309662e-01 2.171920e+00 -5.642455e+00
         vertex 7.783753e-01 2.399555e+00 -5.636475e+00
      endloop
   endfacet
   facet normal -3.161888e-01 9.065840e-02 -9.443546e-01
      outer loop
         vertex 7.783753e-01 2.399555e+00 -5.636475e+00
         vertex 7.309662e-01 2.171920e+00 -5.642455e+00
         vertex 7.108864e-01 2.396626e+00 -5.614160e+00
      endloop
   endfacet
   facet normal -3.161016e-01 8.319153e-02 -9.450709e-01
      outer loop
         vertex 7.783753e-01 2.399555e+00 -5.636475e+00
         vertex 7.108864e-01 2.396626e+00 -5.614160e+00
         vertex 7.304691e-01 2.625894e+00 -5.600528e+00
      endloop
   endfacet
   facet normal -3.412425e-01 8.480801e-02 -9.361416e-01
      outer loop
         vertex 7.304691e-01 2.625894e+00 -5.600528e+00
         vertex 7.108864e-01 2.396626e+00 -5.614160e+00
         vertex 6.746914e-01 2.622080e+00 -5.580541e+00
      endloop
   endfacet
   facet normal -3.361313e-01 -1.871695e-02 -9.416291e-01
      outer loop
         vertex 7.304691e-01 2.625894e+00 -5.600528e+00
         vertex 6.746914e-01 2.622080e+00 -5.580541e+00
         vertex 6.672911e-01 2.851217e+00 -5.582454e+00
      endloop
   endfacet
   facet normal -3.723038e-01 -1.977057e-02 -9.279003e-01
      outer loop
         vertex 6.672911e-01 2.851217e+00 -5.582454e+00
         vertex 6.746914e-01 2.622080e+00 -5.580541e+00
         vertex 6.251349e-01 2.847688e+00 -5.565464e+00
      endloop
   endfacet
   facet normal -3.648980e-01 -9.832318e-02 -9.258412e-01
      outer loop
         vertex 6.672911e-01 2.851217e+00 -5.582454e+00
         vertex 6.251349e-01 2.847688e+00 -5.565464e+00
         vertex 5.927390e-01 3.071314e+00 -5.576445e+00
      endloop
   endfacet
   facet normal -4.214731e-01 -1.052849e-01 -9.007084e-01
      outer loop
         vertex 5.927390e-01 3.071314e+00 -5.576445e+00
         vertex 6.251349e-01 2.847688e+00 -5.565464e+00
         vertex 5.652911e-01 3.068724e+00 -5.563299e+00
      endloop
   endfacet
   facet normal -4.100953e-01 -1.860529e-01 -8.928640e-01
      outer loop
         vertex 5.927390e-01 3.071314e+00 -5.576445e+00
         vertex 5.652911e-01 3.068724e+00 -5.563299e+00
         vertex 5.116418e-01 3.284574e+00 -5.583636e+00
      endloop
   endfacet
   facet normal -5.245527e-01 -2.081582e-01 -8.255390e-01
      outer loop
         vertex 5.116418e-01 3.284574e+00 -5.583636e+00
         vertex 5.652911e-01 3.068724e+00 -5.563299e+00
         vertex 4.990356e-01 3.283350e+00 -5.575317e+00
      endloop
   endfacet
   facet normal -5.208557e-01 -2.274767e-01 -8.227780e-01
      outer loop
         vertex 5.116418e-01 3.284574e+00 -5.583636e+00
         vertex 4.990356e-01 3.283350e+00 -5.575317e+00
         vertex 4.750949e-01 3.391468e+00 -5.590053e+00
      endloop
   endfacet
   facet normal -6.039746e-01 -2.374363e-01 -7.608145e-01
      outer loop
         vertex 4.750949e-01 3.391468e+00 -5.590053e+00
         vertex 4.990356e-01 3.283350e+00 -5.575317e+00
         vertex 4.690096e-01 3.390839e+00 -5.585026e+00
      endloop
   endfacet
   facet normal -6.137970e-01 -1.886455e-01 -7.665939e-01
      outer loop
         vertex 4.750949e-01 3.391468e+00 -5.590053e+00
         vertex 4.690096e-01 3.390839e+00 -5.585026e+00
         vertex 4.630198e-01 3.445897e+00 -5.593779e+00
      endloop
   endfacet
   facet normal -5.492925e-01 -1.891550e-01 -8.139399e-01
      outer loop
         vertex 4.630198e-01 3.445897e+00 -5.593779e+00
         vertex 4.690096e-01 3.390839e+00 -5.585026e+00
         vertex 4.586744e-01 3.445460e+00 -5.590745e+00
      endloop
   endfacet
   facet normal -5.617824e-01 -1.083107e-01 -8.201642e-01
      outer loop
         vertex 4.630198e-01 3.445897e+00 -5.593779e+00
         vertex 4.586744e-01 3.445460e+00 -5.590745e+00
         vertex 4.593479e-01 3.473451e+00 -5.594903e+00
      endloop
   endfacet
   facet normal -4.816037e-01 -1.174181e-01 -8.684877e-01
      outer loop
         vertex 4.593479e-01 3.473451e+00 -5.594903e+00
         vertex 4.586744e-01 3.445460e+00 -5.590745e+00
         vertex 4.552957e-01 3.473060e+00 -5.592603e+00
      endloop
   endfacet
   facet normal -4.906091e-01 -3.648994e-02 -8.706154e-01
      outer loop
         vertex 4.593479e-01 3.473451e+00 -5.594903e+00
         vertex 4.552957e-01 3.473060e+00 -5.592603e+00
         vertex 4.574421e-01 3.501419e+00 -5.595001e+00
      endloop
   endfacet
   facet normal -4.410206e-01 -4.243160e-02 -8.964934e-01
      outer loop
         vertex 4.574421e-01 3.501419e+00 -5.595001e+00
         vertex 4.552957e-01 3.473060e+00 -5.592603e+00
         vertex 4.532712e-01 3.501019e+00 -5.592930e+00
      endloop
   endfacet
   facet normal -6.537975e-01 -4.720455e-02 -7.551957e-01
      outer loop
         vertex 4.574421e-01 3.501419e+00 -5.595001e+00
         vertex 4.602067e-01 3.501704e+00 -5.597412e+00
         vertex 4.593479e-01 3.473451e+00 -5.594903e+00
      endloop
   endfacet
   facet normal -7.034356e-01 -4.164055e-02 -7.095381e-01
      outer loop
         vertex 4.593479e-01 3.473451e+00 -5.594903e+00
         vertex 4.602067e-01 3.501704e+00 -5.597412e+00
         vertex 4.620335e-01 3.473732e+00 -5.597582e+00
      endloop
   endfacet
   facet normal -6.945977e-01 -1.214794e-01 -7.090676e-01
      outer loop
         vertex 4.593479e-01 3.473451e+00 -5.594903e+00
         vertex 4.620335e-01 3.473732e+00 -5.597582e+00
         vertex 4.630198e-01 3.445897e+00 -5.593779e+00
      endloop
   endfacet
   facet normal -7.651108e-01 -1.136931e-01 -6.337818e-01
      outer loop
         vertex 4.630198e-01 3.445897e+00 -5.593779e+00
         vertex 4.620335e-01 3.473732e+00 -5.597582e+00
         vertex 4.658995e-01 3.446215e+00 -5.597312e+00
      endloop
   endfacet
   facet normal -7.487261e-01 -2.091621e-01 -6.290154e-01
      outer loop
         vertex 4.630198e-01 3.445897e+00 -5.593779e+00
         vertex 4.658995e-01 3.446215e+00 -5.597312e+00
         vertex 4.750949e-01 3.391468e+00 -5.590053e+00
      endloop
   endfacet
   facet normal -7.975705e-01 -2.089926e-01 -5.658651e-01
      outer loop
         vertex 4.750949e-01 3.391468e+00 -5.590053e+00
         vertex 4.658995e-01 3.446215e+00 -5.597312e+00
         vertex 4.791271e-01 3.391931e+00 -5.595908e+00
      endloop
   endfacet
   facet normal -7.748539e-01 -2.983784e-01 -5.572897e-01
      outer loop
         vertex 4.750949e-01 3.391468e+00 -5.590053e+00
         vertex 4.791271e-01 3.391931e+00 -5.595908e+00
         vertex 5.116418e-01 3.284574e+00 -5.583636e+00
      endloop
   endfacet
   facet normal -7.117531e-01 -2.887600e-01 -6.403321e-01
      outer loop
         vertex 5.116418e-01 3.284574e+00 -5.583636e+00
         vertex 4.791271e-01 3.391931e+00 -5.595908e+00
         vertex 5.199948e-01 3.285467e+00 -5.593323e+00
      endloop
   endfacet
   facet normal -7.108832e-01 -2.919052e-01 -6.398722e-01
      outer loop
         vertex 5.116418e-01 3.284574e+00 -5.583636e+00
         vertex 5.199948e-01 3.285467e+00 -5.593323e+00
         vertex 5.927390e-01 3.071314e+00 -5.576445e+00
      endloop
   endfacet
   facet normal -6.040603e-01 -2.644395e-01 -7.517865e-01
      outer loop
         vertex 5.927390e-01 3.071314e+00 -5.576445e+00
         vertex 5.199948e-01 3.285467e+00 -5.593323e+00
         vertex 6.109233e-01 3.073300e+00 -5.591755e+00
      endloop
   endfacet
   facet normal -6.202246e-01 -1.893022e-01 -7.612399e-01
      outer loop
         vertex 5.927390e-01 3.071314e+00 -5.576445e+00
         vertex 6.109233e-01 3.073300e+00 -5.591755e+00
         vertex 6.672911e-01 2.851217e+00 -5.582454e+00
      endloop
   endfacet
   facet normal -5.559075e-01 -1.751279e-01 -8.125866e-01
      outer loop
         vertex 6.672911e-01 2.851217e+00 -5.582454e+00
         vertex 6.109233e-01 3.073300e+00 -5.591755e+00
         vertex 6.952143e-01 2.854378e+00 -5.602238e+00
      endloop
   endfacet
   facet normal -5.684732e-01 -9.383283e-02 -8.173332e-01
      outer loop
         vertex 6.672911e-01 2.851217e+00 -5.582454e+00
         vertex 6.952143e-01 2.854378e+00 -5.602238e+00
         vertex 7.304691e-01 2.625894e+00 -5.600528e+00
      endloop
   endfacet
   facet normal -5.238653e-01 -8.717444e-02 -8.473286e-01
      outer loop
         vertex 7.304691e-01 2.625894e+00 -5.600528e+00
         vertex 6.952143e-01 2.854378e+00 -5.602238e+00
         vertex 7.674391e-01 2.629954e+00 -5.623803e+00
      endloop
   endfacet
   facet normal -5.343098e-01 2.111688e-02 -8.450250e-01
      outer loop
         vertex 7.304691e-01 2.625894e+00 -5.600528e+00
         vertex 7.674391e-01 2.629954e+00 -5.623803e+00
         vertex 7.783753e-01 2.399555e+00 -5.636475e+00
      endloop
   endfacet
   facet normal -5.032194e-01 2.362725e-02 -8.638356e-01
      outer loop
         vertex 7.783753e-01 2.399555e+00 -5.636475e+00
         vertex 7.674391e-01 2.629954e+00 -5.623803e+00
         vertex 8.231712e-01 2.403532e+00 -5.662462e+00
      endloop
   endfacet
   facet normal -5.044857e-01 5.011708e-02 -8.619643e-01
      outer loop
         vertex 7.783753e-01 2.399555e+00 -5.636475e+00
         vertex 8.231712e-01 2.403532e+00 -5.662462e+00
         vertex 8.073305e-01 2.170996e+00 -5.666711e+00
      endloop
   endfacet
   facet normal -4.865965e-01 4.908634e-02 -8.722467e-01
      outer loop
         vertex 8.073305e-01 2.170996e+00 -5.666711e+00
         vertex 8.231712e-01 2.403532e+00 -5.662462e+00
         vertex 8.580593e-01 2.171935e+00 -5.694958e+00
      endloop
   endfacet
   facet normal -4.865270e-01 5.524596e-02 -8.719171e-01
      outer loop
         vertex 8.073305e-01 2.170996e+00 -5.666711e+00
         vertex 8.580593e-01 2.171935e+00 -5.694958e+00
         vertex 8.142935e-01 1.939102e+00 -5.685289e+00
      endloop
   endfacet
   facet normal -4.767389e-01 5.317693e-02 -8.774351e-01
      outer loop
         vertex 8.142935e-01 1.939102e+00 -5.685289e+00
         vertex 8.580593e-01 2.171935e+00 -5.694958e+00
         vertex 8.685599e-01 1.936174e+00 -5.714952e+00
      endloop
   endfacet
   facet normal -4.760802e-01 6.266360e-02 -8.771664e-01
      outer loop
         vertex 8.142935e-01 1.939102e+00 -5.685289e+00
         vertex 8.685599e-01 1.936174e+00 -5.714952e+00
         vertex 7.969048e-01 1.711532e+00 -5.692109e+00
      endloop
   endfacet
   facet normal -4.728661e-01 6.145310e-02 -8.789887e-01
      outer loop
         vertex 7.969048e-01 1.711532e+00 -5.692109e+00
         vertex 8.685599e-01 1.936174e+00 -5.714952e+00
         vertex 8.521429e-01 1.705365e+00 -5.722256e+00
      endloop
   endfacet
   facet normal -4.740195e-01 5.127609e-02 -8.790201e-01
      outer loop
         vertex 7.969048e-01 1.711532e+00 -5.692109e+00
         vertex 8.521429e-01 1.705365e+00 -5.722256e+00
         vertex 7.665113e-01 1.505168e+00 -5.687757e+00
      endloop
   endfacet
   facet normal -4.765872e-01 5.262762e-02 -8.775506e-01
      outer loop
         vertex 7.665113e-01 1.505168e+00 -5.687757e+00
         vertex 8.521429e-01 1.705365e+00 -5.722256e+00
         vertex 8.205230e-01 1.499261e+00 -5.717444e+00
      endloop
   endfacet
   facet normal -4.801930e-01 1.688869e-02 -8.770002e-01
      outer loop
         vertex 7.665113e-01 1.505168e+00 -5.687757e+00
         vertex 8.205230e-01 1.499261e+00 -5.717444e+00
         vertex 7.320186e-01 1.303748e+00 -5.672750e+00
      endloop
   endfacet
   facet normal -6.540821e-01 -5.657496e-02 -7.543049e-01
      outer loop
         vertex 4.602670e-01 6.890583e-04 -5.597414e+00
         vertex 4.574861e-01 7.232908e-04 -5.595006e+00
         vertex 4.589528e-01 2.861071e-02 -5.598369e+00
      endloop
   endfacet
   facet normal -7.028337e-01 -4.862996e-02 -7.096900e-01
      outer loop
         vertex 4.589528e-01 2.861071e-02 -5.598369e+00
         vertex 4.574861e-01 7.232908e-04 -5.595006e+00
         vertex 4.562487e-01 2.866397e-02 -5.595695e+00
      endloop
   endfacet
   facet normal -7.031623e-01 1.822744e-03 -7.110270e-01
      outer loop
         vertex 4.589528e-01 2.861071e-02 -5.598369e+00
         vertex 4.562487e-01 2.866397e-02 -5.595695e+00
         vertex 4.595275e-01 5.650024e-02 -5.598866e+00
      endloop
   endfacet
   facet normal -7.722800e-01 1.862406e-02 -6.350092e-01
      outer loop
         vertex 4.595275e-01 5.650024e-02 -5.598866e+00
         vertex 4.562487e-01 2.866397e-02 -5.595695e+00
         vertex 4.566279e-01 5.657925e-02 -5.595337e+00
      endloop
   endfacet
   facet normal -7.681928e-01 9.365884e-02 -6.333308e-01
      outer loop
         vertex 4.595275e-01 5.650024e-02 -5.598866e+00
         vertex 4.566279e-01 5.657925e-02 -5.595337e+00
         vertex 4.663983e-01 1.120046e-01 -5.598992e+00
      endloop
   endfacet
   facet normal -8.156060e-01 1.062741e-01 -5.687642e-01
      outer loop
         vertex 4.663983e-01 1.120046e-01 -5.598992e+00
         vertex 4.566279e-01 5.657925e-02 -5.595337e+00
         vertex 4.623381e-01 1.121559e-01 -5.593141e+00
      endloop
   endfacet
   facet normal -8.010313e-01 2.081102e-01 -5.612834e-01
      outer loop
         vertex 4.663983e-01 1.120046e-01 -5.598992e+00
         vertex 4.623381e-01 1.121559e-01 -5.593141e+00
         vertex 4.953219e-01 2.220150e-01 -5.599481e+00
      endloop
   endfacet
   facet normal -7.394538e-01 1.846536e-01 -6.473880e-01
      outer loop
         vertex 4.953219e-01 2.220150e-01 -5.599481e+00
         vertex 4.623381e-01 1.121559e-01 -5.593141e+00
         vertex 4.869094e-01 2.222552e-01 -5.589803e+00
      endloop
   endfacet
   facet normal -7.358014e-01 2.070500e-01 -6.447687e-01
      outer loop
         vertex 4.953219e-01 2.220150e-01 -5.599481e+00
         vertex 4.869094e-01 2.222552e-01 -5.589803e+00
         vertex 5.610688e-01 4.417354e-01 -5.603953e+00
      endloop
   endfacet
   facet normal -6.301170e-01 1.639771e-01 -7.589888e-01
      outer loop
         vertex 5.610688e-01 4.417354e-01 -5.603953e+00
         vertex 4.869094e-01 2.222552e-01 -5.589803e+00
         vertex 5.427673e-01 4.421927e-01 -5.588660e+00
      endloop
   endfacet
   facet normal -6.326733e-01 1.415269e-01 -7.613768e-01
      outer loop
         vertex 5.610688e-01 4.417354e-01 -5.603953e+00
         vertex 5.427673e-01 4.421927e-01 -5.588660e+00
         vertex 6.263907e-01 6.614459e-01 -5.617392e+00
      endloop
   endfacet
   facet normal -5.688494e-01 1.101532e-01 -8.150317e-01
      outer loop
         vertex 6.263907e-01 6.614459e-01 -5.617392e+00
         vertex 5.427673e-01 4.421927e-01 -5.588660e+00
         vertex 5.983100e-01 6.627471e-01 -5.597617e+00
      endloop
   endfacet
   facet normal -5.715299e-01 7.888572e-02 -8.167806e-01
      outer loop
         vertex 6.263907e-01 6.614459e-01 -5.617392e+00
         vertex 5.983100e-01 6.627471e-01 -5.597617e+00
         vertex 6.871838e-01 8.810569e-01 -5.638721e+00
      endloop
   endfacet
   facet normal -5.284865e-01 5.565127e-02 -8.471157e-01
      outer loop
         vertex 6.871838e-01 8.810569e-01 -5.638721e+00
         vertex 5.983100e-01 6.627471e-01 -5.597617e+00
         vertex 6.500779e-01 8.835358e-01 -5.615409e+00
      endloop
   endfacet
   facet normal -5.324416e-01 -1.023588e-02 -8.464049e-01
      outer loop
         vertex 6.871838e-01 8.810569e-01 -5.638721e+00
         vertex 6.500779e-01 8.835358e-01 -5.615409e+00
         vertex 7.377316e-01 1.096526e+00 -5.673124e+00
      endloop
   endfacet
   facet normal -5.276477e-01 -1.301054e-02 -8.493637e-01
      outer loop
         vertex 7.377316e-01 1.096526e+00 -5.673124e+00
         vertex 6.500779e-01 8.835358e-01 -5.615409e+00
         vertex 7.320186e-01 1.303748e+00 -5.672750e+00
      endloop
   endfacet
   facet normal -4.899177e-01 -1.192996e-02 -8.716871e-01
      outer loop
         vertex 7.377316e-01 1.096526e+00 -5.673124e+00
         vertex 7.320186e-01 1.303748e+00 -5.672750e+00
         vertex 7.825067e-01 1.299019e+00 -5.701061e+00
      endloop
   endfacet
   facet normal -4.874868e-01 2.113356e-02 -8.728745e-01
      outer loop
         vertex 7.825067e-01 1.299019e+00 -5.701061e+00
         vertex 7.320186e-01 1.303748e+00 -5.672750e+00
         vertex 8.205230e-01 1.499261e+00 -5.717444e+00
      endloop
   endfacet
   facet normal -9.344945e-01 -5.890280e-02 -3.510704e-01
      outer loop
         vertex 4.602067e-01 3.501704e+00 -5.597412e+00
         vertex 4.611705e-01 3.501836e+00 -5.600000e+00
         vertex 4.620335e-01 3.473732e+00 -5.597582e+00
      endloop
   endfacet
   facet normal -9.486388e-01 -5.592196e-02 -3.113793e-01
      outer loop
         vertex 4.620335e-01 3.473732e+00 -5.597582e+00
         vertex 4.611705e-01 3.501836e+00 -5.600000e+00
         vertex 4.629690e-01 3.473868e+00 -5.600456e+00
      endloop
   endfacet
   facet normal -9.402833e-01 -1.351605e-01 -3.124082e-01
      outer loop
         vertex 4.620335e-01 3.473732e+00 -5.597582e+00
         vertex 4.629690e-01 3.473868e+00 -5.600456e+00
         vertex 4.658995e-01 3.446215e+00 -5.597312e+00
      endloop
   endfacet
   facet normal -9.570826e-01 -1.308246e-01 -2.586074e-01
      outer loop
         vertex 4.658995e-01 3.446215e+00 -5.597312e+00
         vertex 4.629690e-01 3.473868e+00 -5.600456e+00
         vertex 4.669025e-01 3.446373e+00 -5.601104e+00
      endloop
   endfacet
   facet normal -9.372060e-01 -2.350423e-01 -2.576819e-01
      outer loop
         vertex 4.658995e-01 3.446215e+00 -5.597312e+00
         vertex 4.669025e-01 3.446373e+00 -5.601104e+00
         vertex 4.791271e-01 3.391931e+00 -5.595908e+00
      endloop
   endfacet
   facet normal -9.469989e-01 -2.336843e-01 -2.204196e-01
      outer loop
         vertex 4.791271e-01 3.391931e+00 -5.595908e+00
         vertex 4.669025e-01 3.446373e+00 -5.601104e+00
         vertex 4.805306e-01 3.392170e+00 -5.602190e+00
      endloop
   endfacet
   facet normal -9.096353e-01 -3.544350e-01 -2.166552e-01
      outer loop
         vertex 4.791271e-01 3.391931e+00 -5.595908e+00
         vertex 4.805306e-01 3.392170e+00 -5.602190e+00
         vertex 5.199948e-01 3.285467e+00 -5.593323e+00
      endloop
   endfacet
   facet normal -8.966891e-01 -3.537552e-01 -2.660937e-01
      outer loop
         vertex 5.199948e-01 3.285467e+00 -5.593323e+00
         vertex 4.805306e-01 3.392170e+00 -5.602190e+00
         vertex 5.229023e-01 3.285917e+00 -5.603719e+00
      endloop
   endfacet
   facet normal -8.857669e-01 -3.815665e-01 -2.642424e-01
      outer loop
         vertex 5.199948e-01 3.285467e+00 -5.593323e+00
         vertex 5.229023e-01 3.285917e+00 -5.603719e+00
         vertex 6.109233e-01 3.073300e+00 -5.591755e+00
      endloop
   endfacet
   facet normal -8.562763e-01 -3.745053e-01 -3.557200e-01
      outer loop
         vertex 6.109233e-01 3.073300e+00 -5.591755e+00
         vertex 5.229023e-01 3.285917e+00 -5.603719e+00
         vertex 6.172477e-01 3.074445e+00 -5.608184e+00
      endloop
   endfacet
   facet normal -8.764056e-01 -3.202166e-01 -3.596867e-01
      outer loop
         vertex 6.109233e-01 3.073300e+00 -5.591755e+00
         vertex 6.172477e-01 3.074445e+00 -5.608184e+00
         vertex 6.952143e-01 2.854378e+00 -5.602238e+00
      endloop
   endfacet
   facet normal -8.496231e-01 -3.124882e-01 -4.248431e-01
      outer loop
         vertex 6.952143e-01 2.854378e+00 -5.602238e+00
         vertex 6.172477e-01 3.074445e+00 -5.608184e+00
         vertex 7.049171e-01 2.856862e+00 -5.623470e+00
      endloop
   endfacet
   facet normal -8.721070e-01 -2.396736e-01 -4.265981e-01
      outer loop
         vertex 6.952143e-01 2.854378e+00 -5.602238e+00
         vertex 7.049171e-01 2.856862e+00 -5.623470e+00
         vertex 7.674391e-01 2.629954e+00 -5.623803e+00
      endloop
   endfacet
   facet normal -8.485078e-01 -2.331000e-01 -4.750779e-01
      outer loop
         vertex 7.674391e-01 2.629954e+00 -5.623803e+00
         vertex 7.049171e-01 2.856862e+00 -5.623470e+00
         vertex 7.803263e-01 2.633948e+00 -5.648779e+00
      endloop
   endfacet
   facet normal -8.717484e-01 -1.341149e-01 -4.712408e-01
      outer loop
         vertex 7.674391e-01 2.629954e+00 -5.623803e+00
         vertex 7.803263e-01 2.633948e+00 -5.648779e+00
         vertex 8.231712e-01 2.403532e+00 -5.662462e+00
      endloop
   endfacet
   facet normal -8.541556e-01 -1.289110e-01 -5.037858e-01
      outer loop
         vertex 8.231712e-01 2.403532e+00 -5.662462e+00
         vertex 7.803263e-01 2.633948e+00 -5.648779e+00
         vertex 8.388935e-01 2.408343e+00 -5.690349e+00
      endloop
   endfacet
   facet normal -8.650156e-01 -6.041786e-02 -4.980940e-01
      outer loop
         vertex 8.231712e-01 2.403532e+00 -5.662462e+00
         vertex 8.388935e-01 2.408343e+00 -5.690349e+00
         vertex 8.580593e-01 2.171935e+00 -5.694958e+00
      endloop
   endfacet
   facet normal -8.573285e-01 -5.953692e-02 -5.113152e-01
      outer loop
         vertex 8.580593e-01 2.171935e+00 -5.694958e+00
         vertex 8.388935e-01 2.408343e+00 -5.690349e+00
         vertex 8.759340e-01 2.174873e+00 -5.725271e+00
      endloop
   endfacet
   facet normal -8.615803e-01 4.672731e-03 -5.075998e-01
      outer loop
         vertex 8.580593e-01 2.171935e+00 -5.694958e+00
         vertex 8.759340e-01 2.174873e+00 -5.725271e+00
         vertex 8.685599e-01 1.936174e+00 -5.714952e+00
      endloop
   endfacet
   facet normal -8.574814e-01 4.247914e-03 -5.144975e-01
      outer loop
         vertex 8.685599e-01 1.936174e+00 -5.714952e+00
         vertex 8.759340e-01 2.174873e+00 -5.725271e+00
         vertex 8.876615e-01 1.936565e+00 -5.746784e+00
      endloop
   endfacet
   facet normal -8.553344e-01 7.705263e-02 -5.123142e-01
      outer loop
         vertex 8.685599e-01 1.936174e+00 -5.714952e+00
         vertex 8.876615e-01 1.936565e+00 -5.746784e+00
         vertex 8.521429e-01 1.705365e+00 -5.722256e+00
      endloop
   endfacet
   facet normal -8.538280e-01 7.654727e-02 -5.148964e-01
      outer loop
         vertex 8.521429e-01 1.705365e+00 -5.722256e+00
         vertex 8.876615e-01 1.936565e+00 -5.746784e+00
         vertex 8.714701e-01 1.703324e+00 -5.754609e+00
      endloop
   endfacet
   facet normal -8.491543e-01 1.182570e-01 -5.147351e-01
      outer loop
         vertex 8.521429e-01 1.705365e+00 -5.722256e+00
         vertex 8.714701e-01 1.703324e+00 -5.754609e+00
         vertex 8.205230e-01 1.499261e+00 -5.717444e+00
      endloop
   endfacet
   facet normal -8.499567e-01 1.187183e-01 -5.133026e-01
      outer loop
         vertex 8.205230e-01 1.499261e+00 -5.717444e+00
         vertex 8.714701e-01 1.703324e+00 -5.754609e+00
         vertex 8.393184e-01 1.496078e+00 -5.749303e+00
      endloop
   endfacet
   facet normal -8.498634e-01 1.193502e-01 -5.133106e-01
      outer loop
         vertex 8.205230e-01 1.499261e+00 -5.717444e+00
         vertex 8.393184e-01 1.496078e+00 -5.749303e+00
         vertex 7.825067e-01 1.299019e+00 -5.701061e+00
      endloop
   endfacet
   facet normal -8.523555e-01 1.211908e-01 -5.087267e-01
      outer loop
         vertex 7.825067e-01 1.299019e+00 -5.701061e+00
         vertex 8.393184e-01 1.496078e+00 -5.749303e+00
         vertex 8.000874e-01 1.295134e+00 -5.731442e+00
      endloop
   endfacet
   facet normal -8.528054e-01 1.183992e-01 -5.086301e-01
      outer loop
         vertex 7.825067e-01 1.299019e+00 -5.701061e+00
         vertex 8.000874e-01 1.295134e+00 -5.731442e+00
         vertex 7.377316e-01 1.096526e+00 -5.673124e+00
      endloop
   endfacet
   facet normal -8.576114e-01 1.225972e-01 -4.994723e-01
      outer loop
         vertex 7.377316e-01 1.096526e+00 -5.673124e+00
         vertex 8.000874e-01 1.295134e+00 -5.731442e+00
         vertex 7.534202e-01 1.092230e+00 -5.701117e+00
      endloop
   endfacet
   facet normal -8.578037e-01 1.214963e-01 -4.994111e-01
      outer loop
         vertex 7.377316e-01 1.096526e+00 -5.673124e+00
         vertex 7.534202e-01 1.092230e+00 -5.701117e+00
         vertex 6.871838e-01 8.810569e-01 -5.638721e+00
      endloop
   endfacet
   facet normal -8.715613e-01 1.340253e-01 -4.716123e-01
      outer loop
         vertex 6.871838e-01 8.810569e-01 -5.638721e+00
         vertex 7.534202e-01 1.092230e+00 -5.701117e+00
         vertex 7.002169e-01 8.777831e-01 -5.663737e+00
      endloop
   endfacet
   facet normal -8.598214e-01 1.920701e-01 -4.730922e-01
      outer loop
         vertex 6.871838e-01 8.810569e-01 -5.638721e+00
         vertex 7.002169e-01 8.777831e-01 -5.663737e+00
         vertex 6.263907e-01 6.614459e-01 -5.617392e+00
      endloop
   endfacet
   facet normal -8.796736e-01 2.086400e-01 -4.273683e-01
      outer loop
         vertex 6.263907e-01 6.614459e-01 -5.617392e+00
         vertex 7.002169e-01 8.777831e-01 -5.663737e+00
         vertex 6.362455e-01 6.595276e-01 -5.638613e+00
      endloop
   endfacet
   facet normal -8.736352e-01 2.336314e-01 -4.268232e-01
      outer loop
         vertex 6.263907e-01 6.614459e-01 -5.617392e+00
         vertex 6.362455e-01 6.595276e-01 -5.638613e+00
         vertex 5.610688e-01 4.417354e-01 -5.603953e+00
      endloop
   endfacet
   facet normal -8.968368e-01 2.516709e-01 -3.637932e-01
      outer loop
         vertex 5.610688e-01 4.417354e-01 -5.603953e+00
         vertex 6.362455e-01 6.595276e-01 -5.638613e+00
         vertex 5.674867e-01 4.408838e-01 -5.620364e+00
      endloop
   endfacet
   facet normal -8.945564e-01 2.602823e-01 -3.633483e-01
      outer loop
         vertex 5.610688e-01 4.417354e-01 -5.603953e+00
         vertex 5.674867e-01 4.408838e-01 -5.620364e+00
         vertex 4.953219e-01 2.220150e-01 -5.599481e+00
      endloop
   endfacet
   facet normal -9.211002e-01 2.776637e-01 -2.729052e-01
      outer loop
         vertex 4.953219e-01 2.220150e-01 -5.599481e+00
         vertex 5.674867e-01 4.408838e-01 -5.620364e+00
         vertex 4.982738e-01 2.216000e-01 -5.609866e+00
      endloop
   endfacet
   facet normal -9.303713e-01 2.433920e-01 -2.741707e-01
      outer loop
         vertex 4.953219e-01 2.220150e-01 -5.599481e+00
         vertex 4.982738e-01 2.216000e-01 -5.609866e+00
         vertex 4.663983e-01 1.120046e-01 -5.598992e+00
      endloop
   endfacet
   facet normal -9.416188e-01 2.516775e-01 -2.236347e-01
      outer loop
         vertex 4.663983e-01 1.120046e-01 -5.598992e+00
         vertex 4.982738e-01 2.216000e-01 -5.609866e+00
         vertex 4.678231e-01 1.117564e-01 -5.605270e+00
      endloop
   endfacet
   facet normal -9.672210e-01 1.192230e-01 -2.242084e-01
      outer loop
         vertex 4.663983e-01 1.120046e-01 -5.598992e+00
         vertex 4.678231e-01 1.117564e-01 -5.605270e+00
         vertex 4.595275e-01 5.650024e-02 -5.598866e+00
      endloop
   endfacet
   facet normal -9.584377e-01 1.135556e-01 -2.617296e-01
      outer loop
         vertex 4.595275e-01 5.650024e-02 -5.598866e+00
         vertex 4.678231e-01 1.117564e-01 -5.605270e+00
         vertex 4.605445e-01 5.635475e-02 -5.602653e+00
      endloop
   endfacet
   facet normal -9.655263e-01 1.526695e-02 -2.598573e-01
      outer loop
         vertex 4.595275e-01 5.650024e-02 -5.598866e+00
         vertex 4.605445e-01 5.635475e-02 -5.602653e+00
         vertex 4.589528e-01 2.861071e-02 -5.598369e+00
      endloop
   endfacet
   facet normal -8.363262e-01 -3.648693e-02 -5.470167e-01
      outer loop
         vertex 4.589528e-01 2.861071e-02 -5.598369e+00
         vertex 4.605445e-01 5.635475e-02 -5.602653e+00
         vertex 4.612416e-01 5.959399e-04 -5.600000e+00
      endloop
   endfacet
   facet normal -9.349146e-01 -5.598514e-02 -3.504288e-01
      outer loop
         vertex 4.589528e-01 2.861071e-02 -5.598369e+00
         vertex 4.612416e-01 5.959399e-04 -5.600000e+00
         vertex 4.602670e-01 6.890583e-04 -5.597414e+00
      endloop
   endfacet
   facet normal -9.338088e-01 -6.578714e-02 3.516718e-01
      outer loop
         vertex 4.611705e-01 3.501836e+00 -5.600000e+00
         vertex 4.601983e-01 3.501801e+00 -5.602588e+00
         vertex 4.629690e-01 3.473868e+00 -5.600456e+00
      endloop
   endfacet
   facet normal -9.473894e-01 -7.013875e-02 3.123043e-01
      outer loop
         vertex 4.629690e-01 3.473868e+00 -5.600456e+00
         vertex 4.601983e-01 3.501801e+00 -5.602588e+00
         vertex 4.620232e-01 3.473844e+00 -5.603331e+00
      endloop
   endfacet
   facet normal -9.399520e-01 -1.417895e-01 3.104608e-01
      outer loop
         vertex 4.629690e-01 3.473868e+00 -5.600456e+00
         vertex 4.620232e-01 3.473844e+00 -5.603331e+00
         vertex 4.669025e-01 3.446373e+00 -5.601104e+00
      endloop
   endfacet
   facet normal -9.550649e-01 -1.488628e-01 2.563023e-01
      outer loop
         vertex 4.669025e-01 3.446373e+00 -5.601104e+00
         vertex 4.620232e-01 3.473844e+00 -5.603331e+00
         vertex 4.658881e-01 3.446353e+00 -5.604896e+00
      endloop
   endfacet
   facet normal -9.373026e-01 -2.407117e-01 2.520352e-01
      outer loop
         vertex 4.669025e-01 3.446373e+00 -5.601104e+00
         vertex 4.658881e-01 3.446353e+00 -5.604896e+00
         vertex 4.805306e-01 3.392170e+00 -5.602190e+00
      endloop
   endfacet
   facet normal -9.455469e-01 -2.448146e-01 2.144923e-01
      outer loop
         vertex 4.805306e-01 3.392170e+00 -5.602190e+00
         vertex 4.658881e-01 3.446353e+00 -5.604896e+00
         vertex 4.791083e-01 3.392159e+00 -5.608473e+00
      endloop
   endfacet
   facet normal -9.078844e-01 -3.650148e-01 2.061799e-01
      outer loop
         vertex 4.805306e-01 3.392170e+00 -5.602190e+00
         vertex 4.791083e-01 3.392159e+00 -5.608473e+00
         vertex 5.229023e-01 3.285917e+00 -5.603719e+00
      endloop
   endfacet
   facet normal -8.977353e-01 -3.586076e-01 2.558747e-01
      outer loop
         vertex 5.229023e-01 3.285917e+00 -5.603719e+00
         vertex 4.791083e-01 3.392159e+00 -5.608473e+00
         vertex 5.199559e-01 3.285875e+00 -5.614115e+00
      endloop
   endfacet
   facet normal -8.818860e-01 -3.987517e-01 2.515436e-01
      outer loop
         vertex 5.229023e-01 3.285917e+00 -5.603719e+00
         vertex 5.199559e-01 3.285875e+00 -5.614115e+00
         vertex 6.172477e-01 3.074445e+00 -5.608184e+00
      endloop
   endfacet
   facet normal -8.604278e-01 -3.866221e-01 3.319448e-01
      outer loop
         vertex 6.172477e-01 3.074445e+00 -5.608184e+00
         vertex 5.199559e-01 3.285875e+00 -5.614115e+00
         vertex 6.108236e-01 3.074636e+00 -5.624613e+00
      endloop
   endfacet
   facet normal -8.658266e-01 -3.723436e-01 3.342222e-01
      outer loop
         vertex 6.172477e-01 3.074445e+00 -5.608184e+00
         vertex 6.108236e-01 3.074636e+00 -5.624613e+00
         vertex 7.049171e-01 2.856862e+00 -5.623470e+00
      endloop
   endfacet
   facet normal -8.536828e-01 -3.669110e-01 3.695971e-01
      outer loop
         vertex 7.049171e-01 2.856862e+00 -5.623470e+00
         vertex 6.108236e-01 3.074636e+00 -5.624613e+00
         vertex 6.950347e-01 2.858469e+00 -5.644701e+00
      endloop
   endfacet
   facet normal -8.636768e-01 -3.349385e-01 3.766678e-01
      outer loop
         vertex 7.049171e-01 2.856862e+00 -5.623470e+00
         vertex 6.950347e-01 2.858469e+00 -5.644701e+00
         vertex 7.803263e-01 2.633948e+00 -5.648779e+00
      endloop
   endfacet
   facet normal -8.555821e-01 -3.322326e-01 3.969896e-01
      outer loop
         vertex 7.803263e-01 2.633948e+00 -5.648779e+00
         vertex 6.950347e-01 2.858469e+00 -5.644701e+00
         vertex 7.673225e-01 2.637591e+00 -5.673756e+00
      endloop
   endfacet
   facet normal -8.635780e-01 -2.989939e-01 4.059996e-01
      outer loop
         vertex 7.803263e-01 2.633948e+00 -5.648779e+00
         vertex 7.673225e-01 2.637591e+00 -5.673756e+00
         vertex 8.388935e-01 2.408343e+00 -5.690349e+00
      endloop
   endfacet
   facet normal -8.568823e-01 -2.979659e-01 4.206769e-01
      outer loop
         vertex 8.388935e-01 2.408343e+00 -5.690349e+00
         vertex 7.673225e-01 2.637591e+00 -5.673756e+00
         vertex 8.233475e-01 2.413677e+00 -5.718237e+00
      endloop
   endfacet
   facet normal -8.710598e-01 -2.049615e-01 4.463694e-01
      outer loop
         vertex 8.388935e-01 2.408343e+00 -5.690349e+00
         vertex 8.233475e-01 2.413677e+00 -5.718237e+00
         vertex 8.759340e-01 2.174873e+00 -5.725271e+00
      endloop
   endfacet
   facet normal -8.619194e-01 -2.034805e-01 4.644250e-01
      outer loop
         vertex 8.759340e-01 2.174873e+00 -5.725271e+00
         vertex 8.233475e-01 2.413677e+00 -5.718237e+00
         vertex 8.584670e-01 2.179675e+00 -5.755583e+00
      endloop
   endfacet
   facet normal -8.690636e-01 -8.673501e-02 4.870374e-01
      outer loop
         vertex 8.759340e-01 2.174873e+00 -5.725271e+00
         vertex 8.584670e-01 2.179675e+00 -5.755583e+00
         vertex 8.876615e-01 1.936565e+00 -5.746784e+00
      endloop
   endfacet
   facet normal -8.632190e-01 -8.565407e-02 4.975102e-01
      outer loop
         vertex 8.876615e-01 1.936565e+00 -5.746784e+00
         vertex 8.584670e-01 2.179675e+00 -5.755583e+00
         vertex 8.689378e-01 1.940372e+00 -5.778615e+00
      endloop
   endfacet
   facet normal -8.589359e-01 4.250507e-02 5.103161e-01
      outer loop
         vertex 8.876615e-01 1.936565e+00 -5.746784e+00
         vertex 8.689378e-01 1.940372e+00 -5.778615e+00
         vertex 8.714701e-01 1.703324e+00 -5.754609e+00
      endloop
   endfacet
   facet normal -8.567540e-01 4.289522e-02 5.139384e-01
      outer loop
         vertex 8.714701e-01 1.703324e+00 -5.754609e+00
         vertex 8.689378e-01 1.940372e+00 -5.778615e+00
         vertex 8.521824e-01 1.705709e+00 -5.786961e+00
      endloop
   endfacet
   facet normal -8.452344e-01 1.443021e-01 5.145442e-01
      outer loop
         vertex 8.714701e-01 1.703324e+00 -5.754609e+00
         vertex 8.521824e-01 1.705709e+00 -5.786961e+00
         vertex 8.393184e-01 1.496078e+00 -5.749303e+00
      endloop
   endfacet
   facet normal -8.495327e-01 1.433346e-01 5.076902e-01
      outer loop
         vertex 8.393184e-01 1.496078e+00 -5.749303e+00
         vertex 8.521824e-01 1.705709e+00 -5.786961e+00
         vertex 8.202569e-01 1.495946e+00 -5.781162e+00
      endloop
   endfacet
   facet normal -8.396525e-01 2.085028e-01 5.015080e-01
      outer loop
         vertex 8.393184e-01 1.496078e+00 -5.749303e+00
         vertex 8.202569e-01 1.495946e+00 -5.781162e+00
         vertex 8.000874e-01 1.295134e+00 -5.731442e+00
      endloop
   endfacet
   facet normal -8.525365e-01 2.046985e-01 4.809159e-01
      outer loop
         vertex 8.000874e-01 1.295134e+00 -5.731442e+00
         vertex 8.202569e-01 1.495946e+00 -5.781162e+00
         vertex 7.822922e-01 1.292398e+00 -5.761824e+00
      endloop
   endfacet
   facet normal -8.424558e-01 2.639587e-01 4.696743e-01
      outer loop
         vertex 8.000874e-01 1.295134e+00 -5.731442e+00
         vertex 7.822922e-01 1.292398e+00 -5.761824e+00
         vertex 7.534202e-01 1.092230e+00 -5.701117e+00
      endloop
   endfacet
   facet normal -8.618830e-01 2.569150e-01 4.372098e-01
      outer loop
         vertex 7.534202e-01 1.092230e+00 -5.701117e+00
         vertex 7.822922e-01 1.292398e+00 -5.761824e+00
         vertex 7.378301e-01 1.087565e+00 -5.729109e+00
      endloop
   endfacet
   facet normal -8.563716e-01 2.872543e-01 4.290836e-01
      outer loop
         vertex 7.534202e-01 1.092230e+00 -5.701117e+00
         vertex 7.378301e-01 1.087565e+00 -5.729109e+00
         vertex 7.002169e-01 8.777831e-01 -5.663737e+00
      endloop
   endfacet
   facet normal -8.703568e-01 2.818724e-01 4.037659e-01
      outer loop
         vertex 7.002169e-01 8.777831e-01 -5.663737e+00
         vertex 7.378301e-01 1.087565e+00 -5.729109e+00
         vertex 6.873591e-01 8.739162e-01 -5.688754e+00
      endloop
   endfacet
   facet normal -8.665163e-01 2.999089e-01 3.990041e-01
      outer loop
         vertex 7.002169e-01 8.777831e-01 -5.663737e+00
         vertex 6.873591e-01 8.739162e-01 -5.688754e+00
         vertex 6.362455e-01 6.595276e-01 -5.638613e+00
      endloop
   endfacet
   facet normal -8.802570e-01 2.965063e-01 3.704478e-01
      outer loop
         vertex 6.362455e-01 6.595276e-01 -5.638613e+00
         vertex 6.873591e-01 8.739162e-01 -5.688754e+00
         vertex 6.264988e-01 6.571049e-01 -5.659834e+00
      endloop
   endfacet
   facet normal -8.777221e-01 3.067505e-01 3.681141e-01
      outer loop
         vertex 6.362455e-01 6.595276e-01 -5.638613e+00
         vertex 6.264988e-01 6.571049e-01 -5.659834e+00
         vertex 5.674867e-01 4.408838e-01 -5.620364e+00
      endloop
   endfacet
   facet normal -8.956105e-01 3.037588e-01 3.249806e-01
      outer loop
         vertex 5.674867e-01 4.408838e-01 -5.620364e+00
         vertex 6.264988e-01 6.571049e-01 -5.659834e+00
         vertex 5.611248e-01 4.396834e-01 -5.636774e+00
      endloop
   endfacet
   facet normal -8.969788e-01 2.987161e-01 3.258799e-01
      outer loop
         vertex 5.674867e-01 4.408838e-01 -5.620364e+00
         vertex 5.611248e-01 4.396834e-01 -5.636774e+00
         vertex 4.982738e-01 2.216000e-01 -5.609866e+00
      endloop
   endfacet
   facet normal -9.235356e-01 2.962166e-01 2.435932e-01
      outer loop
         vertex 4.982738e-01 2.216000e-01 -5.609866e+00
         vertex 5.611248e-01 4.396834e-01 -5.636774e+00
         vertex 4.953528e-01 2.210329e-01 -5.620250e+00
      endloop
   endfacet
   facet normal -9.310326e-01 2.684423e-01 2.472186e-01
      outer loop
         vertex 4.982738e-01 2.216000e-01 -5.609866e+00
         vertex 4.953528e-01 2.210329e-01 -5.620250e+00
         vertex 4.678231e-01 1.117564e-01 -5.605270e+00
      endloop
   endfacet
   facet normal -9.437562e-01 2.648852e-01 1.978888e-01
      outer loop
         vertex 4.678231e-01 1.117564e-01 -5.605270e+00
         vertex 4.953528e-01 2.210329e-01 -5.620250e+00
         vertex 4.664137e-01 1.114252e-01 -5.611549e+00
      endloop
   endfacet
   facet normal -9.680242e-01 1.371019e-01 2.100767e-01
      outer loop
         vertex 4.678231e-01 1.117564e-01 -5.605270e+00
         vertex 4.664137e-01 1.114252e-01 -5.611549e+00
         vertex 4.605445e-01 5.635475e-02 -5.602653e+00
      endloop
   endfacet
   facet normal -9.357882e-01 -2.484699e-02 3.516860e-01
      outer loop
         vertex 4.602738e-01 4.483242e-04 -5.602586e+00
         vertex 4.612416e-01 5.959399e-04 -5.600000e+00
         vertex 4.589609e-01 2.834015e-02 -5.604108e+00
      endloop
   endfacet
   facet normal -8.215956e-01 1.684311e-02 5.698219e-01
      outer loop
         vertex 4.589609e-01 2.834015e-02 -5.604108e+00
         vertex 4.612416e-01 5.959399e-04 -5.600000e+00
         vertex 4.605445e-01 5.635475e-02 -5.602653e+00
      endloop
   endfacet
   facet normal -9.660954e-01 4.137216e-02 2.548490e-01
      outer loop
         vertex 4.589609e-01 2.834015e-02 -5.604108e+00
         vertex 4.605445e-01 5.635475e-02 -5.602653e+00
         vertex 4.595368e-01 5.615059e-02 -5.606440e+00
      endloop
   endfacet
   facet normal -9.584406e-01 1.421063e-01 2.473812e-01
      outer loop
         vertex 4.595368e-01 5.615059e-02 -5.606440e+00
         vertex 4.605445e-01 5.635475e-02 -5.602653e+00
         vertex 4.664137e-01 1.114252e-01 -5.611549e+00
      endloop
   endfacet
   facet normal -6.562109e-01 1.930465e-02 7.543306e-01
      outer loop
         vertex 4.574991e-01 2.582283e-04 -5.604994e+00
         vertex 4.602738e-01 4.483242e-04 -5.602586e+00
         vertex 4.562644e-01 2.814129e-02 -5.606782e+00
      endloop
   endfacet
   facet normal -7.043126e-01 5.602774e-03 7.098679e-01
      outer loop
         vertex 4.562644e-01 2.814129e-02 -5.606782e+00
         vertex 4.602738e-01 4.483242e-04 -5.602586e+00
         vertex 4.589609e-01 2.834015e-02 -5.604108e+00
      endloop
   endfacet
   facet normal -7.045839e-01 9.047770e-02 7.038291e-01
      outer loop
         vertex 4.562644e-01 2.814129e-02 -5.606782e+00
         vertex 4.589609e-01 2.834015e-02 -5.604108e+00
         vertex 4.566459e-01 5.590379e-02 -5.609969e+00
      endloop
   endfacet
   facet normal -7.741179e-01 6.878918e-02 6.292928e-01
      outer loop
         vertex 4.566459e-01 5.590379e-02 -5.609969e+00
         vertex 4.589609e-01 2.834015e-02 -5.604108e+00
         vertex 4.595368e-01 5.615059e-02 -5.606440e+00
      endloop
   endfacet
   facet normal -7.687976e-01 1.631204e-01 6.183381e-01
      outer loop
         vertex 4.566459e-01 5.590379e-02 -5.609969e+00
         vertex 4.595368e-01 5.615059e-02 -5.606440e+00
         vertex 4.623678e-01 1.110366e-01 -5.617399e+00
      endloop
   endfacet
   facet normal -8.175284e-01 1.530239e-01 5.551855e-01
      outer loop
         vertex 4.623678e-01 1.110366e-01 -5.617399e+00
         vertex 4.595368e-01 5.615059e-02 -5.606440e+00
         vertex 4.664137e-01 1.114252e-01 -5.611549e+00
      endloop
   endfacet
   facet normal -8.052796e-01 2.431860e-01 5.407267e-01
      outer loop
         vertex 4.623678e-01 1.110366e-01 -5.617399e+00
         vertex 4.664137e-01 1.114252e-01 -5.611549e+00
         vertex 4.869690e-01 2.203578e-01 -5.629928e+00
      endloop
   endfacet
   facet normal -7.411273e-01 2.452909e-01 6.249502e-01
      outer loop
         vertex 4.869690e-01 2.203578e-01 -5.629928e+00
         vertex 4.664137e-01 1.114252e-01 -5.611549e+00
         vertex 4.953528e-01 2.210329e-01 -5.620250e+00
      endloop
   endfacet
   facet normal -7.398592e-01 2.531890e-01 6.233007e-01
      outer loop
         vertex 4.869690e-01 2.203578e-01 -5.629928e+00
         vertex 4.953528e-01 2.210329e-01 -5.620250e+00
         vertex 5.428754e-01 4.382283e-01 -5.652067e+00
      endloop
   endfacet
   facet normal -6.339856e-01 2.461135e-01 7.331373e-01
      outer loop
         vertex 5.428754e-01 4.382283e-01 -5.652067e+00
         vertex 4.953528e-01 2.210329e-01 -5.620250e+00
         vertex 5.611248e-01 4.396834e-01 -5.636774e+00
      endloop
   endfacet
   facet normal -6.327911e-01 2.560344e-01 7.307680e-01
      outer loop
         vertex 5.428754e-01 4.382283e-01 -5.652067e+00
         vertex 5.611248e-01 4.396834e-01 -5.636774e+00
         vertex 5.985188e-01 6.543611e-01 -5.679609e+00
      endloop
   endfacet
   facet normal -5.746045e-01 2.552457e-01 7.776113e-01
      outer loop
         vertex 5.985188e-01 6.543611e-01 -5.679609e+00
         vertex 5.611248e-01 4.396834e-01 -5.636774e+00
         vertex 6.264988e-01 6.571049e-01 -5.659834e+00
      endloop
   endfacet
   facet normal -5.745719e-01 2.556155e-01 7.775139e-01
      outer loop
         vertex 5.985188e-01 6.543611e-01 -5.679609e+00
         vertex 6.264988e-01 6.571049e-01 -5.659834e+00
         vertex 6.504166e-01 8.697411e-01 -5.712066e+00
      endloop
   endfacet
   facet normal -5.362972e-01 2.577455e-01 8.037118e-01
      outer loop
         vertex 6.504166e-01 8.697411e-01 -5.712066e+00
         vertex 6.264988e-01 6.571049e-01 -5.659834e+00
         vertex 6.873591e-01 8.739162e-01 -5.688754e+00
      endloop
   endfacet
   facet normal -5.355274e-01 2.693458e-01 8.004144e-01
      outer loop
         vertex 6.504166e-01 8.697411e-01 -5.712066e+00
         vertex 6.873591e-01 8.739162e-01 -5.688754e+00
         vertex 6.931470e-01 1.082861e+00 -5.755193e+00
      endloop
   endfacet
   facet normal -5.062024e-01 2.740357e-01 8.177185e-01
      outer loop
         vertex 6.931470e-01 1.082861e+00 -5.755193e+00
         vertex 6.873591e-01 8.739162e-01 -5.688754e+00
         vertex 7.378301e-01 1.087565e+00 -5.729109e+00
      endloop
   endfacet
   facet normal -5.084437e-01 2.331539e-01 8.289296e-01
      outer loop
         vertex 6.931470e-01 1.082861e+00 -5.755193e+00
         vertex 7.378301e-01 1.087565e+00 -5.729109e+00
         vertex 7.316043e-01 1.290956e+00 -5.790135e+00
      endloop
   endfacet
   facet normal -4.786897e-01 2.388479e-01 8.448715e-01
      outer loop
         vertex 7.316043e-01 1.290956e+00 -5.790135e+00
         vertex 7.378301e-01 1.087565e+00 -5.729109e+00
         vertex 7.822922e-01 1.292398e+00 -5.761824e+00
      endloop
   endfacet
   facet normal -4.844750e-01 1.657998e-01 8.589496e-01
      outer loop
         vertex 7.316043e-01 1.290956e+00 -5.790135e+00
         vertex 7.822922e-01 1.292398e+00 -5.761824e+00
         vertex 7.659975e-01 1.498764e+00 -5.810849e+00
      endloop
   endfacet
   facet normal -4.662605e-01 1.694514e-01 8.682669e-01
      outer loop
         vertex 7.659975e-01 1.498764e+00 -5.810849e+00
         vertex 7.822922e-01 1.292398e+00 -5.761824e+00
         vertex 8.202569e-01 1.495946e+00 -5.781162e+00
      endloop
   endfacet
   facet normal -4.740596e-01 9.449596e-02 8.754074e-01
      outer loop
         vertex 7.659975e-01 1.498764e+00 -5.810849e+00
         vertex 8.202569e-01 1.495946e+00 -5.781162e+00
         vertex 7.969812e-01 1.712196e+00 -5.817109e+00
      endloop
   endfacet
   facet normal -4.684486e-01 9.558161e-02 8.783052e-01
      outer loop
         vertex 7.969812e-01 1.712196e+00 -5.817109e+00
         vertex 8.202569e-01 1.495946e+00 -5.781162e+00
         vertex 8.521824e-01 1.705709e+00 -5.786961e+00
      endloop
   endfacet
   facet normal -4.789729e-01 3.784934e-03 8.778215e-01
      outer loop
         vertex 7.969812e-01 1.712196e+00 -5.817109e+00
         vertex 8.521824e-01 1.705709e+00 -5.786961e+00
         vertex 8.150236e-01 1.947211e+00 -5.808278e+00
      endloop
   endfacet
   facet normal -4.817238e-01 3.228893e-03 8.763172e-01
      outer loop
         vertex 8.150236e-01 1.947211e+00 -5.808278e+00
         vertex 8.521824e-01 1.705709e+00 -5.786961e+00
         vertex 8.689378e-01 1.940372e+00 -5.778615e+00
      endloop
   endfacet
   facet normal -4.894677e-01 -1.028337e-01 8.659368e-01
      outer loop
         vertex 8.150236e-01 1.947211e+00 -5.808278e+00
         vertex 8.689378e-01 1.940372e+00 -5.778615e+00
         vertex 8.081180e-01 2.185948e+00 -5.783830e+00
      endloop
   endfacet
   facet normal -4.964823e-01 -1.046606e-01 8.617143e-01
      outer loop
         vertex 8.081180e-01 2.185948e+00 -5.783830e+00
         vertex 8.689378e-01 1.940372e+00 -5.778615e+00
         vertex 8.584670e-01 2.179675e+00 -5.755583e+00
      endloop
   endfacet
   facet normal -4.981864e-01 -2.058606e-01 8.422777e-01
      outer loop
         vertex 8.081180e-01 2.185948e+00 -5.783830e+00
         vertex 8.584670e-01 2.179675e+00 -5.755583e+00
         vertex 7.787159e-01 2.419153e+00 -5.744223e+00
      endloop
   endfacet
   facet normal -5.110706e-01 -2.097376e-01 8.335568e-01
      outer loop
         vertex 7.787159e-01 2.419153e+00 -5.744223e+00
         vertex 8.584670e-01 2.179675e+00 -5.755583e+00
         vertex 8.233475e-01 2.413677e+00 -5.718237e+00
      endloop
   endfacet
   facet normal -5.082127e-01 -2.844210e-01 8.129111e-01
      outer loop
         vertex 7.787159e-01 2.419153e+00 -5.744223e+00
         vertex 8.233475e-01 2.413677e+00 -5.718237e+00
         vertex 7.302439e-01 2.640646e+00 -5.697031e+00
      endloop
   endfacet
   facet normal -5.257918e-01 -2.903803e-01 7.995138e-01
      outer loop
         vertex 7.302439e-01 2.640646e+00 -5.697031e+00
         vertex 8.233475e-01 2.413677e+00 -5.718237e+00
         vertex 7.673225e-01 2.637591e+00 -5.673756e+00
      endloop
   endfacet
   facet normal -5.275188e-01 -2.726995e-01 8.045862e-01
      outer loop
         vertex 7.302439e-01 2.640646e+00 -5.697031e+00
         vertex 7.673225e-01 2.637591e+00 -5.673756e+00
         vertex 6.669441e-01 2.859119e+00 -5.664486e+00
      endloop
   endfacet
   facet normal -5.563830e-01 -2.847747e-01 7.806032e-01
      outer loop
         vertex 6.669441e-01 2.859119e+00 -5.664486e+00
         vertex 7.673225e-01 2.637591e+00 -5.673756e+00
         vertex 6.950347e-01 2.858469e+00 -5.644701e+00
      endloop
   endfacet
   facet normal -5.567790e-01 -2.822168e-01 7.812495e-01
      outer loop
         vertex 6.669441e-01 2.859119e+00 -5.664486e+00
         vertex 6.950347e-01 2.858469e+00 -5.644701e+00
         vertex 5.925464e-01 3.073895e+00 -5.639922e+00
      endloop
   endfacet
   facet normal -6.044754e-01 -3.039127e-01 7.363740e-01
      outer loop
         vertex 5.925464e-01 3.073895e+00 -5.639922e+00
         vertex 6.950347e-01 2.858469e+00 -5.644701e+00
         vertex 6.108236e-01 3.074636e+00 -5.624613e+00
      endloop
   endfacet
   facet normal -6.077791e-01 -2.891234e-01 7.396028e-01
      outer loop
         vertex 5.925464e-01 3.073895e+00 -5.639922e+00
         vertex 6.108236e-01 3.074636e+00 -5.624613e+00
         vertex 5.115666e-01 3.285362e+00 -5.623802e+00
      endloop
   endfacet
   facet normal -7.037294e-01 -3.338854e-01 6.271247e-01
      outer loop
         vertex 5.115666e-01 3.285362e+00 -5.623802e+00
         vertex 6.108236e-01 3.074636e+00 -5.624613e+00
         vertex 5.199559e-01 3.285875e+00 -5.614115e+00
      endloop
   endfacet
   facet normal -7.130217e-01 -3.006478e-01 6.334122e-01
      outer loop
         vertex 5.115666e-01 3.285362e+00 -5.623802e+00
         vertex 5.199559e-01 3.285875e+00 -5.614115e+00
         vertex 4.750586e-01 3.391907e+00 -5.614327e+00
      endloop
   endfacet
   facet normal -7.710570e-01 -3.253942e-01 5.473479e-01
      outer loop
         vertex 4.750586e-01 3.391907e+00 -5.614327e+00
         vertex 5.199559e-01 3.285875e+00 -5.614115e+00
         vertex 4.791083e-01 3.392159e+00 -5.608473e+00
      endloop
   endfacet
   facet normal -7.941102e-01 -2.373485e-01 5.595130e-01
      outer loop
         vertex 4.750586e-01 3.391907e+00 -5.614327e+00
         vertex 4.791083e-01 3.392159e+00 -5.608473e+00
         vertex 4.629977e-01 3.446163e+00 -5.608430e+00
      endloop
   endfacet
   facet normal -7.484640e-01 -2.237832e-01 6.242778e-01
      outer loop
         vertex 4.629977e-01 3.446163e+00 -5.608430e+00
         vertex 4.791083e-01 3.392159e+00 -5.608473e+00
         vertex 4.658881e-01 3.446353e+00 -5.604896e+00
      endloop
   endfacet
   facet normal -7.602874e-01 -1.569013e-01 6.303531e-01
      outer loop
         vertex 4.629977e-01 3.446163e+00 -5.608430e+00
         vertex 4.658881e-01 3.446353e+00 -5.604896e+00
         vertex 4.593281e-01 3.473667e+00 -5.606010e+00
      endloop
   endfacet
   facet normal -6.936815e-01 -1.377811e-01 7.069812e-01
      outer loop
         vertex 4.593281e-01 3.473667e+00 -5.606010e+00
         vertex 4.658881e-01 3.446353e+00 -5.604896e+00
         vertex 4.620232e-01 3.473844e+00 -5.603331e+00
      endloop
   endfacet
   facet normal -7.006482e-01 -7.337193e-02 7.097243e-01
      outer loop
         vertex 4.593281e-01 3.473667e+00 -5.606010e+00
         vertex 4.620232e-01 3.473844e+00 -5.603331e+00
         vertex 4.574259e-01 3.501606e+00 -5.604999e+00
      endloop
   endfacet
   facet normal -6.524428e-01 -6.265349e-02 7.552436e-01
      outer loop
         vertex 4.574259e-01 3.501606e+00 -5.604999e+00
         vertex 4.620232e-01 3.473844e+00 -5.603331e+00
         vertex 4.601983e-01 3.501801e+00 -5.602588e+00
      endloop
   endfacet
   facet normal -4.393789e-01 -6.232577e-02 8.961371e-01
      outer loop
         vertex 4.574259e-01 3.501606e+00 -5.604999e+00
         vertex 4.532483e-01 3.501282e+00 -5.607070e+00
         vertex 4.593281e-01 3.473667e+00 -5.606010e+00
      endloop
   endfacet
   facet normal -4.873499e-01 -7.388774e-02 8.700751e-01
      outer loop
         vertex 4.593281e-01 3.473667e+00 -5.606010e+00
         vertex 4.532483e-01 3.501282e+00 -5.607070e+00
         vertex 4.552677e-01 3.473366e+00 -5.608310e+00
      endloop
   endfacet
   facet normal -4.800894e-01 -1.402459e-01 8.659361e-01
      outer loop
         vertex 4.593281e-01 3.473667e+00 -5.606010e+00
         vertex 4.552677e-01 3.473366e+00 -5.608310e+00
         vertex 4.629977e-01 3.446163e+00 -5.608430e+00
      endloop
   endfacet
   facet normal -5.559745e-01 -1.615859e-01 8.153418e-01
      outer loop
         vertex 4.629977e-01 3.446163e+00 -5.608430e+00
         vertex 4.552677e-01 3.473366e+00 -5.608310e+00
         vertex 4.586432e-01 3.445835e+00 -5.611464e+00
      endloop
   endfacet
   facet normal -5.482883e-01 -2.098791e-01 8.095250e-01
      outer loop
         vertex 4.629977e-01 3.446163e+00 -5.608430e+00
         vertex 4.586432e-01 3.445835e+00 -5.611464e+00
         vertex 4.750586e-01 3.391907e+00 -5.614327e+00
      endloop
   endfacet
   facet normal -6.096028e-01 -2.259047e-01 7.598365e-01
      outer loop
         vertex 4.750586e-01 3.391907e+00 -5.614327e+00
         vertex 4.586432e-01 3.445835e+00 -5.611464e+00
         vertex 4.689583e-01 3.391459e+00 -5.619355e+00
      endloop
   endfacet
   facet normal -5.999221e-01 -2.724605e-01 7.522358e-01
      outer loop
         vertex 4.750586e-01 3.391907e+00 -5.614327e+00
         vertex 4.689583e-01 3.391459e+00 -5.619355e+00
         vertex 5.115666e-01 3.285362e+00 -5.623802e+00
      endloop
   endfacet
   facet normal -5.211622e-01 -2.435858e-01 8.179584e-01
      outer loop
         vertex 5.115666e-01 3.285362e+00 -5.623802e+00
         vertex 4.689583e-01 3.391459e+00 -5.619355e+00
         vertex 4.989292e-01 3.284465e+00 -5.632121e+00
      endloop
   endfacet
   facet normal -5.179050e-01 -2.604410e-01 8.148281e-01
      outer loop
         vertex 5.115666e-01 3.285362e+00 -5.623802e+00
         vertex 4.989292e-01 3.284465e+00 -5.632121e+00
         vertex 5.925464e-01 3.073895e+00 -5.639922e+00
      endloop
   endfacet
   facet normal -4.110934e-01 -2.155806e-01 8.857354e-01
      outer loop
         vertex 5.925464e-01 3.073895e+00 -5.639922e+00
         vertex 4.989292e-01 3.284465e+00 -5.632121e+00
         vertex 5.650187e-01 3.072374e+00 -5.653068e+00
      endloop
   endfacet
   facet normal -4.072525e-01 -2.417984e-01 8.807264e-01
      outer loop
         vertex 5.925464e-01 3.073895e+00 -5.639922e+00
         vertex 5.650187e-01 3.072374e+00 -5.653068e+00
         vertex 6.669441e-01 2.859119e+00 -5.664486e+00
      endloop
   endfacet
   facet normal -3.622764e-01 -2.216198e-01 9.053400e-01
      outer loop
         vertex 6.669441e-01 2.859119e+00 -5.664486e+00
         vertex 5.650187e-01 3.072374e+00 -5.653068e+00
         vertex 6.246441e-01 2.858863e+00 -5.681475e+00
      endloop
   endfacet
   facet normal -3.606711e-01 -2.388098e-01 9.016020e-01
      outer loop
         vertex 6.669441e-01 2.859119e+00 -5.664486e+00
         vertex 6.246441e-01 2.858863e+00 -5.681475e+00
         vertex 7.302439e-01 2.640646e+00 -5.697031e+00
      endloop
   endfacet
   facet normal -3.362508e-01 -2.278612e-01 9.137914e-01
      outer loop
         vertex 7.302439e-01 2.640646e+00 -5.697031e+00
         vertex 6.246441e-01 2.858863e+00 -5.681475e+00
         vertex 6.743728e-01 2.642944e+00 -5.717017e+00
      endloop
   endfacet
   facet normal -3.343720e-01 -2.658226e-01 9.041757e-01
      outer loop
         vertex 7.302439e-01 2.640646e+00 -5.697031e+00
         vertex 6.743728e-01 2.642944e+00 -5.717017e+00
         vertex 7.787159e-01 2.419153e+00 -5.744223e+00
      endloop
   endfacet
   facet normal -3.216928e-01 -2.606507e-01 9.102609e-01
      outer loop
         vertex 7.787159e-01 2.419153e+00 -5.744223e+00
         vertex 6.743728e-01 2.642944e+00 -5.717017e+00
         vertex 7.113682e-01 2.424341e+00 -5.766539e+00
      endloop
   endfacet
   facet normal -3.220134e-01 -1.978398e-01 9.258330e-01
      outer loop
         vertex 7.787159e-01 2.419153e+00 -5.744223e+00
         vertex 7.113682e-01 2.424341e+00 -5.766539e+00
         vertex 8.081180e-01 2.185948e+00 -5.783830e+00
      endloop
   endfacet
   facet normal -3.146006e-01 -1.950587e-01 9.289664e-01
      outer loop
         vertex 8.081180e-01 2.185948e+00 -5.783830e+00
         vertex 7.113682e-01 2.424341e+00 -5.766539e+00
         vertex 7.320798e-01 2.193066e+00 -5.808087e+00
      endloop
   endfacet
   facet normal -3.111781e-01 -1.057170e-01 9.444534e-01
      outer loop
         vertex 8.081180e-01 2.185948e+00 -5.783830e+00
         vertex 7.320798e-01 2.193066e+00 -5.808087e+00
         vertex 8.150236e-01 1.947211e+00 -5.808278e+00
      endloop
   endfacet
   facet normal -3.075436e-01 -1.044919e-01 9.457792e-01
      outer loop
         vertex 8.150236e-01 1.947211e+00 -5.808278e+00
         vertex 7.320798e-01 2.193066e+00 -5.808087e+00
         vertex 7.336188e-01 1.956254e+00 -5.833750e+00
      endloop
   endfacet
   facet normal -2.998966e-01 -1.282124e-02 9.538856e-01
      outer loop
         vertex 8.150236e-01 1.947211e+00 -5.808278e+00
         vertex 7.336188e-01 1.956254e+00 -5.833750e+00
         vertex 7.969812e-01 1.712196e+00 -5.817109e+00
      endloop
   endfacet
   facet normal -2.982560e-01 -1.235985e-02 9.544059e-01
      outer loop
         vertex 7.969812e-01 1.712196e+00 -5.817109e+00
         vertex 7.336188e-01 1.956254e+00 -5.833750e+00
         vertex 7.137383e-01 1.721874e+00 -5.842998e+00
      endloop
   endfacet
   facet normal -2.888192e-01 6.993431e-02 9.548260e-01
      outer loop
         vertex 7.969812e-01 1.712196e+00 -5.817109e+00
         vertex 7.137383e-01 1.721874e+00 -5.842998e+00
         vertex 7.659975e-01 1.498764e+00 -5.810849e+00
      endloop
   endfacet
   facet normal -2.930326e-01 6.877446e-02 9.536257e-01
      outer loop
         vertex 7.659975e-01 1.498764e+00 -5.810849e+00
         vertex 7.137383e-01 1.721874e+00 -5.842998e+00
         vertex 6.842668e-01 1.504014e+00 -5.836342e+00
      endloop
   endfacet
   facet normal -2.864390e-01 1.418542e-01 9.475390e-01
      outer loop
         vertex 7.659975e-01 1.498764e+00 -5.810849e+00
         vertex 6.842668e-01 1.504014e+00 -5.836342e+00
         vertex 7.316043e-01 1.290956e+00 -5.790135e+00
      endloop
   endfacet
   facet normal -3.007536e-01 1.378387e-01 9.436884e-01
      outer loop
         vertex 7.316043e-01 1.290956e+00 -5.790135e+00
         vertex 6.842668e-01 1.504014e+00 -5.836342e+00
         vertex 6.552432e-01 1.290784e+00 -5.814447e+00
      endloop
   endfacet
   facet normal -2.969526e-01 2.112471e-01 9.312324e-01
      outer loop
         vertex 7.316043e-01 1.290956e+00 -5.790135e+00
         vertex 6.552432e-01 1.290784e+00 -5.814447e+00
         vertex 6.931470e-01 1.082861e+00 -5.755193e+00
      endloop
   endfacet
   facet normal -3.206440e-01 2.050761e-01 9.247331e-01
      outer loop
         vertex 6.931470e-01 1.082861e+00 -5.755193e+00
         vertex 6.552432e-01 1.290784e+00 -5.814447e+00
         vertex 6.257452e-01 1.078479e+00 -5.777592e+00
      endloop
   endfacet
   facet normal -3.199700e-01 2.491295e-01 9.140863e-01
      outer loop
         vertex 6.931470e-01 1.082861e+00 -5.755193e+00
         vertex 6.257452e-01 1.078479e+00 -5.777592e+00
         vertex 6.504166e-01 8.697411e-01 -5.712066e+00
      endloop
   endfacet
   facet normal -3.436866e-01 2.440451e-01 9.068194e-01
      outer loop
         vertex 6.504166e-01 8.697411e-01 -5.712066e+00
         vertex 6.257452e-01 1.078479e+00 -5.777592e+00
         vertex 5.946627e-01 8.656054e-01 -5.732084e+00
      endloop
   endfacet
   facet normal -3.440498e-01 2.204420e-01 9.127075e-01
      outer loop
         vertex 6.504166e-01 8.697411e-01 -5.712066e+00
         vertex 5.946627e-01 8.656054e-01 -5.732084e+00
         vertex 5.985188e-01 6.543611e-01 -5.679609e+00
      endloop
   endfacet
   facet normal -3.767281e-01 2.168349e-01 9.005879e-01
      outer loop
         vertex 5.985188e-01 6.543611e-01 -5.679609e+00
         vertex 5.946627e-01 8.656054e-01 -5.732084e+00
         vertex 5.562985e-01 6.515367e-01 -5.696591e+00
      endloop
   endfacet
   facet normal -3.768491e-01 2.119249e-01 9.017054e-01
      outer loop
         vertex 5.985188e-01 6.543611e-01 -5.679609e+00
         vertex 5.562985e-01 6.515367e-01 -5.696591e+00
         vertex 5.428754e-01 4.382283e-01 -5.652067e+00
      endloop
   endfacet
   facet normal -4.306380e-01 2.102955e-01 8.776826e-01
      outer loop
         vertex 5.428754e-01 4.382283e-01 -5.652067e+00
         vertex 5.562985e-01 6.515367e-01 -5.696591e+00
         vertex 5.153426e-01 4.366551e-01 -5.665199e+00
      endloop
   endfacet
   facet normal -4.310891e-01 2.000280e-01 8.798585e-01
      outer loop
         vertex 5.428754e-01 4.382283e-01 -5.652067e+00
         vertex 5.153426e-01 4.366551e-01 -5.665199e+00
         vertex 4.869690e-01 2.203578e-01 -5.629928e+00
      endloop
   endfacet
   facet normal -5.455888e-01 2.041153e-01 8.128160e-01
      outer loop
         vertex 4.869690e-01 2.203578e-01 -5.629928e+00
         vertex 5.153426e-01 4.366551e-01 -5.665199e+00
         vertex 4.743188e-01 2.196370e-01 -5.638238e+00
      endloop
   endfacet
   facet normal -5.447007e-01 2.154612e-01 8.104799e-01
      outer loop
         vertex 4.869690e-01 2.203578e-01 -5.629928e+00
         vertex 4.743188e-01 2.196370e-01 -5.638238e+00
         vertex 4.623678e-01 1.110366e-01 -5.617399e+00
      endloop
   endfacet
   facet normal -6.293959e-01 2.126801e-01 7.474142e-01
      outer loop
         vertex 4.623678e-01 1.110366e-01 -5.617399e+00
         vertex 4.743188e-01 2.196370e-01 -5.638238e+00
         vertex 4.562630e-01 1.106260e-01 -5.622423e+00
      endloop
   endfacet
   facet normal -6.331559e-01 1.675511e-01 7.556721e-01
      outer loop
         vertex 4.623678e-01 1.110366e-01 -5.617399e+00
         vertex 4.562630e-01 1.106260e-01 -5.622423e+00
         vertex 4.566459e-01 5.590379e-02 -5.609969e+00
      endloop
   endfacet
   facet normal -5.686864e-01 1.787501e-01 8.028974e-01
      outer loop
         vertex 4.566459e-01 5.590379e-02 -5.609969e+00
         vertex 4.562630e-01 1.106260e-01 -5.622423e+00
         vertex 4.522842e-01 5.563741e-02 -5.612999e+00
      endloop
   endfacet
   facet normal -5.717655e-01 1.013154e-01 8.141372e-01
      outer loop
         vertex 4.566459e-01 5.590379e-02 -5.609969e+00
         vertex 4.522842e-01 5.563741e-02 -5.612999e+00
         vertex 4.562644e-01 2.814129e-02 -5.606782e+00
      endloop
   endfacet
   facet normal -4.927846e-01 1.234242e-01 8.613535e-01
      outer loop
         vertex 4.562644e-01 2.814129e-02 -5.606782e+00
         vertex 4.522842e-01 5.563741e-02 -5.612999e+00
         vertex 4.521963e-01 2.792327e-02 -5.609078e+00
      endloop
   endfacet
   facet normal -4.926303e-01 3.393703e-02 8.695767e-01
      outer loop
         vertex 4.562644e-01 2.814129e-02 -5.606782e+00
         vertex 4.521963e-01 2.792327e-02 -5.609078e+00
         vertex 4.574991e-01 2.582283e-04 -5.604994e+00
      endloop
   endfacet
   facet normal -4.445578e-01 4.683442e-02 8.945250e-01
      outer loop
         vertex 4.574991e-01 2.582283e-04 -5.604994e+00
         vertex 4.521963e-01 2.792327e-02 -5.609078e+00
         vertex 4.533136e-01 4.440750e-05 -5.607063e+00
      endloop
   endfacet
   facet normal -2.321571e-01 2.290273e-01 9.453304e-01
      outer loop
         vertex 5.284544e-01 8.618953e-01 -5.747444e+00
         vertex 5.946627e-01 8.656054e-01 -5.732084e+00
         vertex 5.457241e-01 1.074782e+00 -5.794780e+00
      endloop
   endfacet
   facet normal -2.144894e-01 2.340422e-01 9.482713e-01
      outer loop
         vertex 5.457241e-01 1.074782e+00 -5.794780e+00
         vertex 5.946627e-01 8.656054e-01 -5.732084e+00
         vertex 6.257452e-01 1.078479e+00 -5.777592e+00
      endloop
   endfacet
   facet normal -2.145487e-01 1.880382e-01 9.584417e-01
      outer loop
         vertex 5.457241e-01 1.074782e+00 -5.794780e+00
         vertex 6.257452e-01 1.078479e+00 -5.777592e+00
         vertex 5.646403e-01 1.291693e+00 -5.833101e+00
      endloop
   endfacet
   facet normal -1.959649e-01 1.940854e-01 9.612121e-01
      outer loop
         vertex 5.646403e-01 1.291693e+00 -5.833101e+00
         vertex 6.257452e-01 1.078479e+00 -5.777592e+00
         vertex 6.552432e-01 1.290784e+00 -5.814447e+00
      endloop
   endfacet
   facet normal -1.989945e-01 1.217728e-01 9.724056e-01
      outer loop
         vertex 5.646403e-01 1.291693e+00 -5.833101e+00
         vertex 6.552432e-01 1.290784e+00 -5.814447e+00
         vertex 5.872989e-01 1.510804e+00 -5.855903e+00
      endloop
   endfacet
   facet normal -1.877263e-01 1.255831e-01 9.741600e-01
      outer loop
         vertex 5.872989e-01 1.510804e+00 -5.855903e+00
         vertex 6.552432e-01 1.290784e+00 -5.814447e+00
         vertex 6.842668e-01 1.504014e+00 -5.836342e+00
      endloop
   endfacet
   facet normal -1.937710e-01 5.469558e-02 9.795209e-01
      outer loop
         vertex 5.872989e-01 1.510804e+00 -5.855903e+00
         vertex 6.842668e-01 1.504014e+00 -5.836342e+00
         vertex 6.149242e-01 1.733304e+00 -5.862863e+00
      endloop
   endfacet
   facet normal -1.905865e-01 5.572420e-02 9.800876e-01
      outer loop
         vertex 6.149242e-01 1.733304e+00 -5.862863e+00
         vertex 6.842668e-01 1.504014e+00 -5.836342e+00
         vertex 7.137383e-01 1.721874e+00 -5.842998e+00
      endloop
   endfacet
   facet normal -1.994249e-01 -2.139701e-02 9.796795e-01
      outer loop
         vertex 6.149242e-01 1.733304e+00 -5.862863e+00
         vertex 7.137383e-01 1.721874e+00 -5.842998e+00
         vertex 6.369296e-01 1.966284e+00 -5.853295e+00
      endloop
   endfacet
   facet normal -2.002490e-01 -2.166331e-02 9.795055e-01
      outer loop
         vertex 6.369296e-01 1.966284e+00 -5.853295e+00
         vertex 7.137383e-01 1.721874e+00 -5.842998e+00
         vertex 7.336188e-01 1.956254e+00 -5.833750e+00
      endloop
   endfacet
   facet normal -2.075941e-01 -1.062728e-01 9.724252e-01
      outer loop
         vertex 6.369296e-01 1.966284e+00 -5.853295e+00
         vertex 7.336188e-01 1.956254e+00 -5.833750e+00
         vertex 6.417558e-01 2.200215e+00 -5.826699e+00
      endloop
   endfacet
   facet normal -2.087654e-01 -1.067052e-01 9.721271e-01
      outer loop
         vertex 6.417558e-01 2.200215e+00 -5.826699e+00
         vertex 7.336188e-01 1.956254e+00 -5.833750e+00
         vertex 7.320798e-01 2.193066e+00 -5.808087e+00
      endloop
   endfacet
   facet normal -2.125534e-01 -1.900918e-01 9.584812e-01
      outer loop
         vertex 6.417558e-01 2.200215e+00 -5.826699e+00
         vertex 7.320798e-01 2.193066e+00 -5.808087e+00
         vertex 6.313983e-01 2.428797e+00 -5.783662e+00
      endloop
   endfacet
   facet normal -2.156886e-01 -1.913327e-01 9.575334e-01
      outer loop
         vertex 6.313983e-01 2.428797e+00 -5.783662e+00
         vertex 7.320798e-01 2.193066e+00 -5.808087e+00
         vertex 7.113682e-01 2.424341e+00 -5.766539e+00
      endloop
   endfacet
   facet normal -2.160264e-01 -2.481146e-01 9.443367e-01
      outer loop
         vertex 6.313983e-01 2.428797e+00 -5.783662e+00
         vertex 7.113682e-01 2.424341e+00 -5.766539e+00
         vertex 6.080747e-01 2.644388e+00 -5.732353e+00
      endloop
   endfacet
   facet normal -2.233369e-01 -2.511566e-01 9.418285e-01
      outer loop
         vertex 6.080747e-01 2.644388e+00 -5.732353e+00
         vertex 7.113682e-01 2.424341e+00 -5.766539e+00
         vertex 6.743728e-01 2.642944e+00 -5.717017e+00
      endloop
   endfacet
   facet normal -2.248398e-01 -2.042808e-01 9.527415e-01
      outer loop
         vertex 6.080747e-01 2.644388e+00 -5.732353e+00
         vertex 6.743728e-01 2.642944e+00 -5.717017e+00
         vertex 5.744651e-01 2.857873e+00 -5.694511e+00
      endloop
   endfacet
   facet normal -2.418402e-01 -2.115786e-01 9.469677e-01
      outer loop
         vertex 5.744651e-01 2.857873e+00 -5.694511e+00
         vertex 6.743728e-01 2.642944e+00 -5.717017e+00
         vertex 6.246441e-01 2.858863e+00 -5.681475e+00
      endloop
   endfacet
   facet normal -2.434428e-01 -1.886408e-01 9.513938e-01
      outer loop
         vertex 5.744651e-01 2.857873e+00 -5.694511e+00
         vertex 6.246441e-01 2.858863e+00 -5.681475e+00
         vertex 5.323606e-01 3.070345e+00 -5.663156e+00
      endloop
   endfacet
   facet normal -2.775094e-01 -2.024459e-01 9.391508e-01
      outer loop
         vertex 5.323606e-01 3.070345e+00 -5.663156e+00
         vertex 6.246441e-01 2.858863e+00 -5.681475e+00
         vertex 5.650187e-01 3.072374e+00 -5.653068e+00
      endloop
   endfacet
   facet normal -2.808347e-01 -1.731132e-01 9.440147e-01
      outer loop
         vertex 5.323606e-01 3.070345e+00 -5.663156e+00
         vertex 5.650187e-01 3.072374e+00 -5.653068e+00
         vertex 4.839355e-01 3.283332e+00 -5.638504e+00
      endloop
   endfacet
   facet normal -3.702570e-01 -2.048628e-01 9.060580e-01
      outer loop
         vertex 4.839355e-01 3.283332e+00 -5.638504e+00
         vertex 5.650187e-01 3.072374e+00 -5.653068e+00
         vertex 4.989292e-01 3.284465e+00 -5.632121e+00
      endloop
   endfacet
   facet normal -3.701970e-01 -2.052725e-01 9.059897e-01
      outer loop
         vertex 4.839355e-01 3.283332e+00 -5.638504e+00
         vertex 4.989292e-01 3.284465e+00 -5.632121e+00
         vertex 4.617205e-01 3.390890e+00 -5.623212e+00
      endloop
   endfacet
   facet normal -4.439607e-01 -2.277660e-01 8.666150e-01
      outer loop
         vertex 4.617205e-01 3.390890e+00 -5.623212e+00
         vertex 4.989292e-01 3.284465e+00 -5.632121e+00
         vertex 4.689583e-01 3.391459e+00 -5.619355e+00
      endloop
   endfacet
   facet normal -4.457160e-01 -2.173912e-01 8.683768e-01
      outer loop
         vertex 4.617205e-01 3.390890e+00 -5.623212e+00
         vertex 4.689583e-01 3.391459e+00 -5.619355e+00
         vertex 4.534763e-01 3.445423e+00 -5.613792e+00
      endloop
   endfacet
   facet normal -3.885381e-01 -2.040968e-01 8.985447e-01
      outer loop
         vertex 4.534763e-01 3.445423e+00 -5.613792e+00
         vertex 4.689583e-01 3.391459e+00 -5.619355e+00
         vertex 4.586432e-01 3.445835e+00 -5.611464e+00
      endloop
   endfacet
   facet normal -3.941408e-01 -1.651733e-01 9.040856e-01
      outer loop
         vertex 4.534763e-01 3.445423e+00 -5.613792e+00
         vertex 4.586432e-01 3.445835e+00 -5.611464e+00
         vertex 4.504497e-01 3.472990e+00 -5.610075e+00
      endloop
   endfacet
   facet normal -3.301221e-01 -1.473038e-01 9.323739e-01
      outer loop
         vertex 4.504497e-01 3.472990e+00 -5.610075e+00
         vertex 4.586432e-01 3.445835e+00 -5.611464e+00
         vertex 4.552677e-01 3.473366e+00 -5.608310e+00
      endloop
   endfacet
   facet normal -3.380134e-01 -7.379453e-02 9.382437e-01
      outer loop
         vertex 4.504497e-01 3.472990e+00 -5.610075e+00
         vertex 4.552677e-01 3.473366e+00 -5.608310e+00
         vertex 4.482910e-01 3.500882e+00 -5.608659e+00
      endloop
   endfacet
   facet normal -2.998993e-01 -6.395833e-02 9.518244e-01
      outer loop
         vertex 4.482910e-01 3.500882e+00 -5.608659e+00
         vertex 4.552677e-01 3.473366e+00 -5.608310e+00
         vertex 4.532483e-01 3.501282e+00 -5.607070e+00
      endloop
   endfacet
   facet normal -3.061639e-01 6.385539e-02 9.498348e-01
      outer loop
         vertex 4.483442e-01 -1.689735e-04 -5.608651e+00
         vertex 4.533136e-01 4.440750e-05 -5.607063e+00
         vertex 4.473660e-01 2.770992e-02 -5.610840e+00
      endloop
   endfacet
   facet normal -3.443113e-01 5.394383e-02 9.373045e-01
      outer loop
         vertex 4.473660e-01 2.770992e-02 -5.610840e+00
         vertex 4.533136e-01 4.440750e-05 -5.607063e+00
         vertex 4.521963e-01 2.792327e-02 -5.609078e+00
      endloop
   endfacet
   facet normal -3.447092e-01 1.470073e-01 9.271270e-01
      outer loop
         vertex 4.473660e-01 2.770992e-02 -5.610840e+00
         vertex 4.521963e-01 2.792327e-02 -5.609078e+00
         vertex 4.471054e-01 5.537992e-02 -5.615325e+00
      endloop
   endfacet
   facet normal -4.115486e-01 1.289479e-01 9.022196e-01
      outer loop
         vertex 4.471054e-01 5.537992e-02 -5.615325e+00
         vertex 4.521963e-01 2.792327e-02 -5.609078e+00
         vertex 4.522842e-01 5.563741e-02 -5.612999e+00
      endloop
   endfacet
   facet normal -4.099358e-01 1.922949e-01 8.916139e-01
      outer loop
         vertex 4.471054e-01 5.537992e-02 -5.615325e+00
         vertex 4.522842e-01 5.563741e-02 -5.612999e+00
         vertex 4.490140e-01 1.102358e-01 -5.626278e+00
      endloop
   endfacet
   facet normal -4.692861e-01 1.820432e-01 8.640781e-01
      outer loop
         vertex 4.490140e-01 1.102358e-01 -5.626278e+00
         vertex 4.522842e-01 5.563741e-02 -5.612999e+00
         vertex 4.562630e-01 1.106260e-01 -5.622423e+00
      endloop
   endfacet
   facet normal -4.689180e-01 1.898587e-01 8.625947e-01
      outer loop
         vertex 4.490140e-01 1.102358e-01 -5.626278e+00
         vertex 4.562630e-01 1.106260e-01 -5.622423e+00
         vertex 4.592981e-01 2.189464e-01 -5.644615e+00
      endloop
   endfacet
   facet normal -3.908486e-01 1.952343e-01 8.995115e-01
      outer loop
         vertex 4.592981e-01 2.189464e-01 -5.644615e+00
         vertex 4.562630e-01 1.106260e-01 -5.622423e+00
         vertex 4.743188e-01 2.196370e-01 -5.638238e+00
      endloop
   endfacet
   facet normal -3.916848e-01 1.705468e-01 9.041553e-01
      outer loop
         vertex 4.592981e-01 2.189464e-01 -5.644615e+00
         vertex 4.743188e-01 2.196370e-01 -5.638238e+00
         vertex 4.826524e-01 4.351323e-01 -5.675276e+00
      endloop
   endfacet
   facet normal -2.974748e-01 1.728832e-01 9.389463e-01
      outer loop
         vertex 4.826524e-01 4.351323e-01 -5.675276e+00
         vertex 4.743188e-01 2.196370e-01 -5.638238e+00
         vertex 5.153426e-01 4.366551e-01 -5.665199e+00
      endloop
   endfacet
   facet normal -2.972688e-01 1.901328e-01 9.356713e-01
      outer loop
         vertex 4.826524e-01 4.351323e-01 -5.675276e+00
         vertex 5.153426e-01 4.366551e-01 -5.665199e+00
         vertex 5.284544e-01 8.618953e-01 -5.747444e+00
      endloop
   endfacet
   facet normal -2.787989e-01 1.906398e-01 9.412373e-01
      outer loop
         vertex 5.284544e-01 8.618953e-01 -5.747444e+00
         vertex 5.153426e-01 4.366551e-01 -5.665199e+00
         vertex 5.562985e-01 6.515367e-01 -5.696591e+00
      endloop
   endfacet
   facet normal -2.320551e-01 1.994379e-01 9.520373e-01
      outer loop
         vertex 5.284544e-01 8.618953e-01 -5.747444e+00
         vertex 5.562985e-01 6.515367e-01 -5.696591e+00
         vertex 5.946627e-01 8.656054e-01 -5.732084e+00
      endloop
   endfacet
   facet normal -2.014533e-01 7.446863e-02 9.766632e-01
      outer loop
         vertex 4.434382e-01 -3.531106e-04 -5.609649e+00
         vertex 4.483442e-01 -1.689735e-04 -5.608651e+00
         vertex 4.425972e-01 2.752909e-02 -5.611948e+00
      endloop
   endfacet
   facet normal -2.282026e-01 6.827011e-02 9.712172e-01
      outer loop
         vertex 4.425972e-01 2.752909e-02 -5.611948e+00
         vertex 4.483442e-01 -1.689735e-04 -5.608651e+00
         vertex 4.473660e-01 2.770992e-02 -5.610840e+00
      endloop
   endfacet
   facet normal -2.291091e-01 1.629972e-01 9.596567e-01
      outer loop
         vertex 4.425972e-01 2.752909e-02 -5.611948e+00
         vertex 4.473660e-01 2.770992e-02 -5.610840e+00
         vertex 4.419923e-01 5.516423e-02 -5.616786e+00
      endloop
   endfacet
   facet normal -2.775954e-01 1.511413e-01 9.487345e-01
      outer loop
         vertex 4.419923e-01 5.516423e-02 -5.616786e+00
         vertex 4.473660e-01 2.770992e-02 -5.610840e+00
         vertex 4.471054e-01 5.537992e-02 -5.615325e+00
      endloop
   endfacet
   facet normal -2.770357e-01 2.036753e-01 9.390248e-01
      outer loop
         vertex 4.419923e-01 5.516423e-02 -5.616786e+00
         vertex 4.471054e-01 5.537992e-02 -5.615325e+00
         vertex 4.418568e-01 1.099144e-01 -5.628702e+00
      endloop
   endfacet
   facet normal -3.224126e-01 1.961274e-01 9.260584e-01
      outer loop
         vertex 4.418568e-01 1.099144e-01 -5.628702e+00
         vertex 4.471054e-01 5.537992e-02 -5.615325e+00
         vertex 4.490140e-01 1.102358e-01 -5.626278e+00
      endloop
   endfacet
   facet normal -3.227827e-01 1.784972e-01 9.294891e-01
      outer loop
         vertex 4.418568e-01 1.099144e-01 -5.628702e+00
         vertex 4.490140e-01 1.102358e-01 -5.626278e+00
         vertex 4.444676e-01 2.183727e-01 -5.648623e+00
      endloop
   endfacet
   facet normal -2.630825e-01 1.846143e-01 9.469452e-01
      outer loop
         vertex 4.444676e-01 2.183727e-01 -5.648623e+00
         vertex 4.490140e-01 1.102358e-01 -5.626278e+00
         vertex 4.592981e-01 2.189464e-01 -5.644615e+00
      endloop
   endfacet
   facet normal -2.633575e-01 1.530329e-01 9.524829e-01
      outer loop
         vertex 4.444676e-01 2.183727e-01 -5.648623e+00
         vertex 4.592981e-01 2.189464e-01 -5.644615e+00
         vertex 4.503772e-01 4.338549e-01 -5.681610e+00
      endloop
   endfacet
   facet normal -1.961892e-01 1.584374e-01 9.676814e-01
      outer loop
         vertex 4.503772e-01 4.338549e-01 -5.681610e+00
         vertex 4.592981e-01 2.189464e-01 -5.644615e+00
         vertex 4.826524e-01 4.351323e-01 -5.675276e+00
      endloop
   endfacet
   facet normal -1.962878e-01 1.771025e-01 9.644199e-01
      outer loop
         vertex 4.503772e-01 4.338549e-01 -5.681610e+00
         vertex 4.826524e-01 4.351323e-01 -5.675276e+00
         vertex 4.630798e-01 8.590190e-01 -5.757100e+00
      endloop
   endfacet
   facet normal -1.514858e-01 1.805999e-01 9.718208e-01
      outer loop
         vertex 4.630798e-01 8.590190e-01 -5.757100e+00
         vertex 4.826524e-01 4.351323e-01 -5.675276e+00
         vertex 5.284544e-01 8.618953e-01 -5.747444e+00
      endloop
   endfacet
   facet normal -1.520200e-01 2.217406e-01 9.631827e-01
      outer loop
         vertex 4.630798e-01 8.590190e-01 -5.757100e+00
         vertex 5.284544e-01 8.618953e-01 -5.747444e+00
         vertex 4.667231e-01 1.072119e+00 -5.805585e+00
      endloop
   endfacet
   facet normal -1.394731e-01 2.256958e-01 9.641621e-01
      outer loop
         vertex 4.667231e-01 1.072119e+00 -5.805585e+00
         vertex 5.284544e-01 8.618953e-01 -5.747444e+00
         vertex 5.457241e-01 1.074782e+00 -5.794780e+00
      endloop
   endfacet
   facet normal -1.392303e-01 1.781715e-01 9.740995e-01
      outer loop
         vertex 4.667231e-01 1.072119e+00 -5.805585e+00
         vertex 5.457241e-01 1.074782e+00 -5.794780e+00
         vertex 4.752282e-01 1.293318e+00 -5.844828e+00
      endloop
   endfacet
   facet normal -1.245667e-01 1.831451e-01 9.751620e-01
      outer loop
         vertex 4.752282e-01 1.293318e+00 -5.844828e+00
         vertex 5.457241e-01 1.074782e+00 -5.794780e+00
         vertex 5.646403e-01 1.291693e+00 -5.833101e+00
      endloop
   endfacet
   facet normal -1.272245e-01 1.118615e-01 9.855460e-01
      outer loop
         vertex 4.752282e-01 1.293318e+00 -5.844828e+00
         vertex 5.646403e-01 1.291693e+00 -5.833101e+00
         vertex 4.916094e-01 1.517870e+00 -5.868201e+00
      endloop
   endfacet
   facet normal -1.182695e-01 1.148723e-01 9.863147e-01
      outer loop
         vertex 4.916094e-01 1.517870e+00 -5.868201e+00
         vertex 5.646403e-01 1.291693e+00 -5.833101e+00
         vertex 5.872989e-01 1.510804e+00 -5.855903e+00
      endloop
   endfacet
   facet normal -1.240354e-01 4.536577e-02 9.912402e-01
      outer loop
         vertex 4.916094e-01 1.517870e+00 -5.868201e+00
         vertex 5.872989e-01 1.510804e+00 -5.855903e+00
         vertex 5.173786e-01 1.744548e+00 -5.875350e+00
      endloop
   endfacet
   facet normal -1.216155e-01 4.611172e-02 9.915056e-01
      outer loop
         vertex 5.173786e-01 1.744548e+00 -5.875350e+00
         vertex 5.872989e-01 1.510804e+00 -5.855903e+00
         vertex 6.149242e-01 1.733304e+00 -5.862863e+00
      endloop
   endfacet
   facet normal -1.301440e-01 -2.833387e-02 9.910902e-01
      outer loop
         vertex 5.173786e-01 1.744548e+00 -5.875350e+00
         vertex 6.149242e-01 1.733304e+00 -5.862863e+00
         vertex 5.414444e-01 1.975722e+00 -5.865581e+00
      endloop
   endfacet
   facet normal -1.303304e-01 -2.839067e-02 9.910640e-01
      outer loop
         vertex 5.414444e-01 1.975722e+00 -5.865581e+00
         vertex 6.149242e-01 1.733304e+00 -5.862863e+00
         vertex 6.369296e-01 1.966284e+00 -5.853295e+00
      endloop
   endfacet
   facet normal -1.374836e-01 -1.093741e-01 9.844468e-01
      outer loop
         vertex 5.414444e-01 1.975722e+00 -5.865581e+00
         vertex 6.369296e-01 1.966284e+00 -5.853295e+00
         vertex 5.525504e-01 2.206420e+00 -5.838399e+00
      endloop
   endfacet
   facet normal -1.367278e-01 -1.091168e-01 9.845806e-01
      outer loop
         vertex 5.525504e-01 2.206420e+00 -5.838399e+00
         vertex 6.369296e-01 1.966284e+00 -5.853295e+00
         vertex 6.417558e-01 2.200215e+00 -5.826699e+00
      endloop
   endfacet
   facet normal -1.406343e-01 -1.894347e-01 9.717698e-01
      outer loop
         vertex 5.525504e-01 2.206420e+00 -5.838399e+00
         vertex 6.417558e-01 2.200215e+00 -5.826699e+00
         vertex 5.524391e-01 2.432079e+00 -5.794426e+00
      endloop
   endfacet
   facet normal -1.403497e-01 -1.893335e-01 9.718306e-01
      outer loop
         vertex 5.524391e-01 2.432079e+00 -5.794426e+00
         vertex 6.417558e-01 2.200215e+00 -5.826699e+00
         vertex 6.313983e-01 2.428797e+00 -5.783662e+00
      endloop
   endfacet
   facet normal -1.409302e-01 -2.428554e-01 9.597708e-01
      outer loop
         vertex 5.524391e-01 2.432079e+00 -5.794426e+00
         vertex 6.313983e-01 2.428797e+00 -5.783662e+00
         vertex 5.426435e-01 2.644974e+00 -5.741994e+00
      endloop
   endfacet
   facet normal -1.435099e-01 -2.437949e-01 9.591501e-01
      outer loop
         vertex 5.426435e-01 2.644974e+00 -5.741994e+00
         vertex 6.313983e-01 2.428797e+00 -5.783662e+00
         vertex 6.080747e-01 2.644388e+00 -5.732353e+00
      endloop
   endfacet
   facet normal -1.447340e-01 -1.924281e-01 9.705789e-01
      outer loop
         vertex 5.426435e-01 2.644974e+00 -5.741994e+00
         vertex 6.080747e-01 2.644388e+00 -5.732353e+00
         vertex 5.249523e-01 2.856445e+00 -5.702706e+00
      endloop
   endfacet
   facet normal -1.546224e-01 -1.959909e-01 9.683385e-01
      outer loop
         vertex 5.249523e-01 2.856445e+00 -5.702706e+00
         vertex 6.080747e-01 2.644388e+00 -5.732353e+00
         vertex 5.744651e-01 2.857873e+00 -5.694511e+00
      endloop
   endfacet
   facet normal -1.560939e-01 -1.708670e-01 9.728510e-01
      outer loop
         vertex 5.249523e-01 2.856445e+00 -5.702706e+00
         vertex 5.744651e-01 2.857873e+00 -5.694511e+00
         vertex 5.001343e-01 3.068194e+00 -5.669497e+00
      endloop
   endfacet
   facet normal -1.785245e-01 -1.781779e-01 9.676681e-01
      outer loop
         vertex 5.001343e-01 3.068194e+00 -5.669497e+00
         vertex 5.744651e-01 2.857873e+00 -5.694511e+00
         vertex 5.323606e-01 3.070345e+00 -5.663156e+00
      endloop
   endfacet
   facet normal -1.813520e-01 -1.488421e-01 9.720892e-01
      outer loop
         vertex 5.001343e-01 3.068194e+00 -5.669497e+00
         vertex 5.323606e-01 3.070345e+00 -5.663156e+00
         vertex 4.691392e-01 3.282169e+00 -5.642517e+00
      endloop
   endfacet
   facet normal -2.458723e-01 -1.664249e-01 9.549081e-01
      outer loop
         vertex 4.691392e-01 3.282169e+00 -5.642517e+00
         vertex 5.323606e-01 3.070345e+00 -5.663156e+00
         vertex 4.839355e-01 3.283332e+00 -5.638504e+00
      endloop
   endfacet
   facet normal -2.440585e-01 -1.815679e-01 9.526114e-01
      outer loop
         vertex 4.691392e-01 3.282169e+00 -5.642517e+00
         vertex 4.839355e-01 3.283332e+00 -5.638504e+00
         vertex 4.545781e-01 3.390302e+00 -5.625637e+00
      endloop
   endfacet
   facet normal -3.009404e-01 -1.948821e-01 9.335180e-01
      outer loop
         vertex 4.545781e-01 3.390302e+00 -5.625637e+00
         vertex 4.839355e-01 3.283332e+00 -5.638504e+00
         vertex 4.617205e-01 3.390890e+00 -5.623212e+00
      endloop
   endfacet
   facet normal -2.987373e-01 -2.105384e-01 9.308220e-01
      outer loop
         vertex 4.545781e-01 3.390302e+00 -5.625637e+00
         vertex 4.617205e-01 3.390890e+00 -5.623212e+00
         vertex 4.483773e-01 3.445001e+00 -5.615255e+00
      endloop
   endfacet
   facet normal -2.547419e-01 -2.018776e-01 9.457019e-01
      outer loop
         vertex 4.483773e-01 3.445001e+00 -5.615255e+00
         vertex 4.617205e-01 3.390890e+00 -5.623212e+00
         vertex 4.534763e-01 3.445423e+00 -5.613792e+00
      endloop
   endfacet
   facet normal -2.594086e-01 -1.655160e-01 9.514787e-01
      outer loop
         vertex 4.483773e-01 3.445001e+00 -5.615255e+00
         vertex 4.534763e-01 3.445423e+00 -5.613792e+00
         vertex 4.456949e-01 3.472606e+00 -5.611185e+00
      endloop
   endfacet
   facet normal -2.128251e-01 -1.534744e-01 9.649617e-01
      outer loop
         vertex 4.456949e-01 3.472606e+00 -5.611185e+00
         vertex 4.534763e-01 3.445423e+00 -5.613792e+00
         vertex 4.504497e-01 3.472990e+00 -5.610075e+00
      endloop
   endfacet
   facet normal -2.212177e-01 -7.151320e-02 9.725989e-01
      outer loop
         vertex 4.456949e-01 3.472606e+00 -5.611185e+00
         vertex 4.504497e-01 3.472990e+00 -5.610075e+00
         vertex 4.433985e-01 3.500476e+00 -5.609658e+00
      endloop
   endfacet
   facet normal -1.944560e-01 -6.474167e-02 9.787724e-01
      outer loop
         vertex 4.433985e-01 3.500476e+00 -5.609658e+00
         vertex 4.504497e-01 3.472990e+00 -5.610075e+00
         vertex 4.482910e-01 3.500882e+00 -5.608659e+00
      endloop
   endfacet
   facet normal -1.011764e-01 8.038595e-02 9.916156e-01
      outer loop
         vertex 4.400130e-01 -4.650625e-04 -5.609989e+00
         vertex 4.434382e-01 -3.531106e-04 -5.609649e+00
         vertex 4.392677e-01 2.742150e-02 -5.612326e+00
      endloop
   endfacet
   facet normal -1.148543e-01 7.820528e-02 9.902992e-01
      outer loop
         vertex 4.392677e-01 2.742150e-02 -5.612326e+00
         vertex 4.434382e-01 -3.531106e-04 -5.609649e+00
         vertex 4.425972e-01 2.752909e-02 -5.611948e+00
      endloop
   endfacet
   facet normal -1.165118e-01 1.720758e-01 9.781692e-01
      outer loop
         vertex 4.392677e-01 2.742150e-02 -5.612326e+00
         vertex 4.425972e-01 2.752909e-02 -5.611948e+00
         vertex 4.384225e-01 5.503776e-02 -5.617285e+00
      endloop
   endfacet
   facet normal -1.421015e-01 1.676833e-01 9.755457e-01
      outer loop
         vertex 4.384225e-01 5.503776e-02 -5.617285e+00
         vertex 4.425972e-01 2.752909e-02 -5.611948e+00
         vertex 4.419923e-01 5.516423e-02 -5.616786e+00
      endloop
   endfacet
   facet normal -1.424569e-01 2.123510e-01 9.667539e-01
      outer loop
         vertex 4.384225e-01 5.503776e-02 -5.617285e+00
         vertex 4.419923e-01 5.516423e-02 -5.616786e+00
         vertex 4.368596e-01 1.097299e-01 -5.629528e+00
      endloop
   endfacet
   facet normal -1.670864e-01 2.092691e-01 9.634773e-01
      outer loop
         vertex 4.368596e-01 1.097299e-01 -5.629528e+00
         vertex 4.419923e-01 5.516423e-02 -5.616786e+00
         vertex 4.418568e-01 1.099144e-01 -5.628702e+00
      endloop
   endfacet
   facet normal -1.669776e-01 1.789415e-01 9.695867e-01
      outer loop
         vertex 4.368596e-01 1.097299e-01 -5.629528e+00
         vertex 4.418568e-01 1.099144e-01 -5.628702e+00
         vertex 4.341130e-01 2.180399e-01 -5.649990e+00
      endloop
   endfacet
   facet normal -1.344619e-01 1.821459e-01 9.740343e-01
      outer loop
         vertex 4.341130e-01 2.180399e-01 -5.649990e+00
         vertex 4.418568e-01 1.099144e-01 -5.628702e+00
         vertex 4.444676e-01 2.183727e-01 -5.648623e+00
      endloop
   endfacet
   facet normal -1.341553e-01 1.499483e-01 9.795498e-01
      outer loop
         vertex 4.341130e-01 2.180399e-01 -5.649990e+00
         vertex 4.444676e-01 2.183727e-01 -5.648623e+00
         vertex 4.278436e-01 4.331046e-01 -5.683771e+00
      endloop
   endfacet
   facet normal -9.937617e-02 1.532350e-01 9.831803e-01
      outer loop
         vertex 4.278436e-01 4.331046e-01 -5.683771e+00
         vertex 4.444676e-01 2.183727e-01 -5.648623e+00
         vertex 4.503772e-01 4.338549e-01 -5.681610e+00
      endloop
   endfacet
   facet normal -9.973888e-02 1.744170e-01 9.796075e-01
      outer loop
         vertex 4.278436e-01 4.331046e-01 -5.683771e+00
         vertex 4.503772e-01 4.338549e-01 -5.681610e+00
         vertex 4.174331e-01 8.575030e-01 -5.760394e+00
      endloop
   endfacet
   facet normal -7.666833e-02 1.765268e-01 9.813054e-01
      outer loop
         vertex 4.174331e-01 8.575030e-01 -5.760394e+00
         vertex 4.503772e-01 4.338549e-01 -5.681610e+00
         vertex 4.630798e-01 8.590190e-01 -5.757100e+00
      endloop
   endfacet
   facet normal -7.748068e-02 2.205835e-01 9.722858e-01
      outer loop
         vertex 4.174331e-01 8.575030e-01 -5.760394e+00
         vertex 4.630798e-01 8.590190e-01 -5.757100e+00
         vertex 4.115698e-01 1.070878e+00 -5.809270e+00
      endloop
   endfacet
   facet normal -6.998301e-02 2.224422e-01 9.724309e-01
      outer loop
         vertex 4.115698e-01 1.070878e+00 -5.809270e+00
         vertex 4.630798e-01 8.590190e-01 -5.757100e+00
         vertex 4.667231e-01 1.072119e+00 -5.805585e+00
      endloop
   endfacet
   facet normal -6.954949e-02 1.738435e-01 9.823143e-01
      outer loop
         vertex 4.115698e-01 1.070878e+00 -5.809270e+00
         vertex 4.667231e-01 1.072119e+00 -5.805585e+00
         vertex 4.128290e-01 1.294909e+00 -5.848828e+00
      endloop
   endfacet
   facet normal -5.848415e-02 1.765660e-01 9.825498e-01
      outer loop
         vertex 4.128290e-01 1.294909e+00 -5.848828e+00
         vertex 4.667231e-01 1.072119e+00 -5.805585e+00
         vertex 4.752282e-01 1.293318e+00 -5.844828e+00
      endloop
   endfacet
   facet normal -6.092912e-02 1.057407e-01 9.925253e-01
      outer loop
         vertex 4.128290e-01 1.294909e+00 -5.848828e+00
         vertex 4.752282e-01 1.293318e+00 -5.844828e+00
         vertex 4.248319e-01 1.523031e+00 -5.872395e+00
      endloop
   endfacet
   facet normal -5.406274e-02 1.072750e-01 9.927584e-01
      outer loop
         vertex 4.248319e-01 1.523031e+00 -5.872395e+00
         vertex 4.752282e-01 1.293318e+00 -5.844828e+00
         vertex 4.916094e-01 1.517870e+00 -5.868201e+00
      endloop
   endfacet
   facet normal -5.973427e-02 3.774753e-02 9.975003e-01
      outer loop
         vertex 4.248319e-01 1.523031e+00 -5.872395e+00
         vertex 4.916094e-01 1.517870e+00 -5.868201e+00
         vertex 4.492843e-01 1.752374e+00 -5.879609e+00
      endloop
   endfacet
   facet normal -5.801992e-02 3.806129e-02 9.975896e-01
      outer loop
         vertex 4.492843e-01 1.752374e+00 -5.879609e+00
         vertex 4.916094e-01 1.517870e+00 -5.868201e+00
         vertex 5.173786e-01 1.744548e+00 -5.875350e+00
      endloop
   endfacet
   facet normal -6.642944e-02 -3.534554e-02 9.971649e-01
      outer loop
         vertex 4.492843e-01 1.752374e+00 -5.879609e+00
         vertex 5.173786e-01 1.744548e+00 -5.875350e+00
         vertex 4.747651e-01 1.982021e+00 -5.869772e+00
      endloop
   endfacet
   facet normal -6.600094e-02 -3.526937e-02 9.971960e-01
      outer loop
         vertex 4.747651e-01 1.982021e+00 -5.869772e+00
         vertex 5.173786e-01 1.744548e+00 -5.875350e+00
         vertex 5.414444e-01 1.975722e+00 -5.865581e+00
      endloop
   endfacet
   facet normal -7.303001e-02 -1.139315e-01 9.908008e-01
      outer loop
         vertex 4.747651e-01 1.982021e+00 -5.869772e+00
         vertex 5.414444e-01 1.975722e+00 -5.865581e+00
         vertex 4.902526e-01 2.210218e+00 -5.842390e+00
      endloop
   endfacet
   facet normal -7.039834e-02 -1.133821e-01 9.910543e-01
      outer loop
         vertex 4.902526e-01 2.210218e+00 -5.842390e+00
         vertex 5.414444e-01 1.975722e+00 -5.865581e+00
         vertex 5.525504e-01 2.206420e+00 -5.838399e+00
      endloop
   endfacet
   facet normal -7.437433e-02 -1.916360e-01 9.786440e-01
      outer loop
         vertex 4.902526e-01 2.210218e+00 -5.842390e+00
         vertex 5.525504e-01 2.206420e+00 -5.838399e+00
         vertex 4.973097e-01 2.433670e+00 -5.798098e+00
      endloop
   endfacet
   facet normal -7.071849e-02 -1.908235e-01 9.790737e-01
      outer loop
         vertex 4.973097e-01 2.433670e+00 -5.798098e+00
         vertex 5.525504e-01 2.206420e+00 -5.838399e+00
         vertex 5.524391e-01 2.432079e+00 -5.794426e+00
      endloop
   endfacet
   facet normal -7.143615e-02 -2.421026e-01 9.676173e-01
      outer loop
         vertex 4.973097e-01 2.433670e+00 -5.798098e+00
         vertex 5.524391e-01 2.432079e+00 -5.794426e+00
         vertex 4.969774e-01 2.644857e+00 -5.745282e+00
      endloop
   endfacet
   facet normal -6.907145e-02 -2.415574e-01 9.679252e-01
      outer loop
         vertex 4.969774e-01 2.644857e+00 -5.745282e+00
         vertex 5.524391e-01 2.432079e+00 -5.794426e+00
         vertex 5.426435e-01 2.644974e+00 -5.741994e+00
      endloop
   endfacet
   facet normal -7.006242e-02 -1.875162e-01 9.797596e-01
      outer loop
         vertex 4.969774e-01 2.644857e+00 -5.745282e+00
         vertex 5.426435e-01 2.644974e+00 -5.741994e+00
         vertex 4.904023e-01 2.855166e+00 -5.705501e+00
      endloop
   endfacet
   facet normal -7.229166e-02 -1.880252e-01 9.795001e-01
      outer loop
         vertex 4.904023e-01 2.855166e+00 -5.705501e+00
         vertex 5.426435e-01 2.644974e+00 -5.741994e+00
         vertex 5.249523e-01 2.856445e+00 -5.702706e+00
      endloop
   endfacet
   facet normal -7.362489e-02 -1.619432e-01 9.840497e-01
      outer loop
         vertex 4.904023e-01 2.855166e+00 -5.705501e+00
         vertex 5.249523e-01 2.856445e+00 -5.702706e+00
         vertex 4.776456e-01 3.066601e+00 -5.671660e+00
      endloop
   endfacet
   facet normal -8.293628e-02 -1.638823e-01 9.829874e-01
      outer loop
         vertex 4.776456e-01 3.066601e+00 -5.671660e+00
         vertex 5.249523e-01 2.856445e+00 -5.702706e+00
         vertex 5.001343e-01 3.068194e+00 -5.669497e+00
      endloop
   endfacet
   facet normal -8.536913e-02 -1.351728e-01 9.871375e-01
      outer loop
         vertex 4.776456e-01 3.066601e+00 -5.671660e+00
         vertex 5.001343e-01 3.068194e+00 -5.669497e+00
         vertex 4.588134e-01 3.281328e+00 -5.643886e+00
      endloop
   endfacet
   facet normal -1.187797e-01 -1.411337e-01 9.828391e-01
      outer loop
         vertex 4.588134e-01 3.281328e+00 -5.643886e+00
         vertex 5.001343e-01 3.068194e+00 -5.669497e+00
         vertex 4.691392e-01 3.282169e+00 -5.642517e+00
      endloop
   endfacet
   facet normal -1.161772e-01 -1.670046e-01 9.790875e-01
      outer loop
         vertex 4.588134e-01 3.281328e+00 -5.643886e+00
         vertex 4.691392e-01 3.282169e+00 -5.642517e+00
         vertex 4.495936e-01 3.389877e+00 -5.626464e+00
      endloop
   endfacet
   facet normal -1.469547e-01 -1.718466e-01 9.741012e-01
      outer loop
         vertex 4.495936e-01 3.389877e+00 -5.626464e+00
         vertex 4.691392e-01 3.282169e+00 -5.642517e+00
         vertex 4.545781e-01 3.390302e+00 -5.625637e+00
      endloop
   endfacet
   facet normal -1.435301e-01 -2.017803e-01 9.688570e-01
      outer loop
         vertex 4.495936e-01 3.389877e+00 -5.626464e+00
         vertex 4.545781e-01 3.390302e+00 -5.625637e+00
         vertex 4.448187e-01 3.444697e+00 -5.615755e+00
      endloop
   endfacet
   facet normal -1.195324e-01 -1.981994e-01 9.728458e-01
      outer loop
         vertex 4.448187e-01 3.444697e+00 -5.615755e+00
         vertex 4.545781e-01 3.390302e+00 -5.625637e+00
         vertex 4.483773e-01 3.445001e+00 -5.615255e+00
      endloop
   endfacet
   facet normal -1.237592e-01 -1.595068e-01 9.794086e-01
      outer loop
         vertex 4.448187e-01 3.444697e+00 -5.615755e+00
         vertex 4.483773e-01 3.445001e+00 -5.615255e+00
         vertex 4.423766e-01 3.472331e+00 -5.611563e+00
      endloop
   endfacet
   facet normal -9.917654e-02 -1.545929e-01 9.829878e-01
      outer loop
         vertex 4.423766e-01 3.472331e+00 -5.611563e+00
         vertex 4.483773e-01 3.445001e+00 -5.615255e+00
         vertex 4.456949e-01 3.472606e+00 -5.611185e+00
      endloop
   endfacet
   facet normal -1.076513e-01 -6.495370e-02 9.920646e-01
      outer loop
         vertex 4.423766e-01 3.472331e+00 -5.611563e+00
         vertex 4.456949e-01 3.472606e+00 -5.611185e+00
         vertex 4.399838e-01 3.500186e+00 -5.609998e+00
      endloop
   endfacet
   facet normal -9.391025e-02 -6.217594e-02 9.936373e-01
      outer loop
         vertex 4.399838e-01 3.500186e+00 -5.609998e+00
         vertex 4.456949e-01 3.472606e+00 -5.611185e+00
         vertex 4.433985e-01 3.500476e+00 -5.609658e+00
      endloop
   endfacet
   facet normal 9.657180e-02 8.400394e-02 9.917748e-01
      outer loop
         vertex 4.365870e-01 -5.453212e-04 -5.609649e+00
         vertex 4.400130e-01 -4.650625e-04 -5.609989e+00
         vertex 4.359372e-01 2.734953e-02 -5.611948e+00
      endloop
   endfacet
   facet normal 1.104190e-01 8.591963e-02 9.901644e-01
      outer loop
         vertex 4.359372e-01 2.734953e-02 -5.611948e+00
         vertex 4.400130e-01 -4.650625e-04 -5.609989e+00
         vertex 4.392677e-01 2.742150e-02 -5.612326e+00
      endloop
   endfacet
   facet normal 1.071663e-01 1.757114e-01 9.785913e-01
      outer loop
         vertex 4.359372e-01 2.734953e-02 -5.611948e+00
         vertex 4.392677e-01 2.742150e-02 -5.612326e+00
         vertex 4.348514e-01 5.495731e-02 -5.616786e+00
      endloop
   endfacet
   facet normal 1.319946e-01 1.791013e-01 9.749360e-01
      outer loop
         vertex 4.348514e-01 5.495731e-02 -5.616786e+00
         vertex 4.392677e-01 2.742150e-02 -5.612326e+00
         vertex 4.384225e-01 5.503776e-02 -5.617285e+00
      endloop
   endfacet
   facet normal 1.300480e-01 2.179507e-01 9.672564e-01
      outer loop
         vertex 4.348514e-01 5.495731e-02 -5.616786e+00
         vertex 4.384225e-01 5.503776e-02 -5.617285e+00
         vertex 4.318604e-01 1.096218e-01 -5.628702e+00
      endloop
   endfacet
   facet normal 1.544881e-01 2.200364e-01 9.631809e-01
      outer loop
         vertex 4.318604e-01 1.096218e-01 -5.628702e+00
         vertex 4.384225e-01 5.503776e-02 -5.617285e+00
         vertex 4.368596e-01 1.097299e-01 -5.629528e+00
      endloop
   endfacet
   facet normal 1.561407e-01 1.901298e-01 9.692630e-01
      outer loop
         vertex 4.318604e-01 1.096218e-01 -5.628702e+00
         vertex 4.368596e-01 1.097299e-01 -5.629528e+00
         vertex 4.237544e-01 2.178364e-01 -5.648623e+00
      endloop
   endfacet
   facet normal 1.249192e-01 1.872414e-01 9.743387e-01
      outer loop
         vertex 4.237544e-01 2.178364e-01 -5.648623e+00
         vertex 4.368596e-01 1.097299e-01 -5.629528e+00
         vertex 4.341130e-01 2.180399e-01 -5.649990e+00
      endloop
   endfacet
   facet normal 1.260270e-01 1.611573e-01 9.788491e-01
      outer loop
         vertex 4.237544e-01 2.178364e-01 -5.648623e+00
         vertex 4.341130e-01 2.180399e-01 -5.649990e+00
         vertex 4.053027e-01 4.326245e-01 -5.681610e+00
      endloop
   endfacet
   facet normal 9.091643e-02 1.571121e-01 9.833870e-01
      outer loop
         vertex 4.053027e-01 4.326245e-01 -5.681610e+00
         vertex 4.341130e-01 2.180399e-01 -5.649990e+00
         vertex 4.278436e-01 4.331046e-01 -5.683771e+00
      endloop
   endfacet
   facet normal 9.000767e-02 1.813463e-01 9.792917e-01
      outer loop
         vertex 4.053027e-01 4.326245e-01 -5.681610e+00
         vertex 4.278436e-01 4.331046e-01 -5.683771e+00
         vertex 3.717633e-01 8.569272e-01 -5.757100e+00
      endloop
   endfacet
   facet normal 6.852729e-02 1.788828e-01 9.814810e-01
      outer loop
         vertex 3.717633e-01 8.569272e-01 -5.757100e+00
         vertex 4.278436e-01 4.331046e-01 -5.683771e+00
         vertex 4.174331e-01 8.575030e-01 -5.760394e+00
      endloop
   endfacet
   facet normal 6.725985e-02 2.251618e-01 9.719971e-01
      outer loop
         vertex 3.717633e-01 8.569272e-01 -5.757100e+00
         vertex 4.174331e-01 8.575030e-01 -5.760394e+00
         vertex 3.564035e-01 1.070816e+00 -5.805585e+00
      endloop
   endfacet
   facet normal 6.470257e-02 2.244993e-01 9.723238e-01
      outer loop
         vertex 3.564035e-01 1.070816e+00 -5.805585e+00
         vertex 4.174331e-01 8.575030e-01 -5.760394e+00
         vertex 4.115698e-01 1.070878e+00 -5.809270e+00
      endloop
   endfacet
   facet normal 6.546935e-02 1.719786e-01 9.829227e-01
      outer loop
         vertex 3.564035e-01 1.070816e+00 -5.805585e+00
         vertex 4.115698e-01 1.070878e+00 -5.809270e+00
         vertex 3.504580e-01 1.297371e+00 -5.844828e+00
      endloop
   endfacet
   facet normal 6.983986e-02 1.730802e-01 9.824284e-01
      outer loop
         vertex 3.504580e-01 1.297371e+00 -5.844828e+00
         vertex 4.115698e-01 1.070878e+00 -5.809270e+00
         vertex 4.128290e-01 1.294909e+00 -5.848828e+00
      endloop
   endfacet
   facet normal 6.755033e-02 9.811808e-02 9.928795e-01
      outer loop
         vertex 3.504580e-01 1.297371e+00 -5.844828e+00
         vertex 4.128290e-01 1.294909e+00 -5.848828e+00
         vertex 3.580894e-01 1.528629e+00 -5.868201e+00
      endloop
   endfacet
   facet normal 7.066440e-02 9.882365e-02 9.925928e-01
      outer loop
         vertex 3.580894e-01 1.528629e+00 -5.868201e+00
         vertex 4.128290e-01 1.294909e+00 -5.848828e+00
         vertex 4.248319e-01 1.523031e+00 -5.872395e+00
      endloop
   endfacet
   facet normal 6.473339e-02 2.434985e-02 9.976055e-01
      outer loop
         vertex 3.580894e-01 1.528629e+00 -5.868201e+00
         vertex 4.248319e-01 1.523031e+00 -5.872395e+00
         vertex 3.811849e-01 1.760154e+00 -5.875350e+00
      endloop
   endfacet
   facet normal 6.517954e-02 2.443159e-02 9.975744e-01
      outer loop
         vertex 3.811849e-01 1.760154e+00 -5.875350e+00
         vertex 4.248319e-01 1.523031e+00 -5.872395e+00
         vertex 4.492843e-01 1.752374e+00 -5.879609e+00
      endloop
   endfacet
   facet normal 5.670865e-02 -4.948785e-02 9.971635e-01
      outer loop
         vertex 3.811849e-01 1.760154e+00 -5.875350e+00
         vertex 4.492843e-01 1.752374e+00 -5.879609e+00
         vertex 4.080360e-01 1.987767e+00 -5.865581e+00
      endloop
   endfacet
   facet normal 5.837913e-02 -4.919026e-02 9.970818e-01
      outer loop
         vertex 4.080360e-01 1.987767e+00 -5.865581e+00
         vertex 4.492843e-01 1.752374e+00 -5.879609e+00
         vertex 4.747651e-01 1.982021e+00 -5.869772e+00
      endloop
   endfacet
   facet normal 5.153844e-02 -1.241362e-01 9.909258e-01
      outer loop
         vertex 4.080360e-01 1.987767e+00 -5.865581e+00
         vertex 4.747651e-01 1.982021e+00 -5.869772e+00
         vertex 4.279012e-01 2.212997e+00 -5.838399e+00
      endloop
   endfacet
   facet normal 5.793646e-02 -1.228125e-01 9.907373e-01
      outer loop
         vertex 4.279012e-01 2.212997e+00 -5.838399e+00
         vertex 4.747651e-01 1.982021e+00 -5.869772e+00
         vertex 4.902526e-01 2.210218e+00 -5.842390e+00
      endloop
   endfacet
   facet normal 5.380092e-02 -1.982643e-01 9.786709e-01
      outer loop
         vertex 4.279012e-01 2.212997e+00 -5.838399e+00
         vertex 4.902526e-01 2.210218e+00 -5.842390e+00
         vertex 4.421570e-01 2.433927e+00 -5.794426e+00
      endloop
   endfacet
   facet normal 6.423269e-02 -1.959851e-01 9.785009e-01
      outer loop
         vertex 4.421570e-01 2.433927e+00 -5.794426e+00
         vertex 4.902526e-01 2.210218e+00 -5.842390e+00
         vertex 4.973097e-01 2.433670e+00 -5.798098e+00
      endloop
   endfacet
   facet normal 6.327914e-02 -2.445635e-01 9.675663e-01
      outer loop
         vertex 4.421570e-01 2.433927e+00 -5.794426e+00
         vertex 4.973097e-01 2.433670e+00 -5.798098e+00
         vertex 4.513266e-01 2.643734e+00 -5.741994e+00
      endloop
   endfacet
   facet normal 7.562152e-02 -2.418099e-01 9.673724e-01
      outer loop
         vertex 4.513266e-01 2.643734e+00 -5.741994e+00
         vertex 4.973097e-01 2.433670e+00 -5.798098e+00
         vertex 4.969774e-01 2.644857e+00 -5.745282e+00
      endloop
   endfacet
   facet normal 7.512733e-02 -1.852773e-01 9.798103e-01
      outer loop
         vertex 4.513266e-01 2.643734e+00 -5.741994e+00
         vertex 4.969774e-01 2.644857e+00 -5.745282e+00
         vertex 4.558761e-01 2.853349e+00 -5.702706e+00
      endloop
   endfacet
   facet normal 8.888111e-02 -1.824396e-01 9.791915e-01
      outer loop
         vertex 4.558761e-01 2.853349e+00 -5.702706e+00
         vertex 4.969774e-01 2.644857e+00 -5.745282e+00
         vertex 4.904023e-01 2.855166e+00 -5.705501e+00
      endloop
   endfacet
   facet normal 8.779635e-02 -1.542414e-01 9.841247e-01
      outer loop
         vertex 4.558761e-01 2.853349e+00 -5.702706e+00
         vertex 4.904023e-01 2.855166e+00 -5.705501e+00
         vertex 4.551701e-01 3.064832e+00 -5.669497e+00
      endloop
   endfacet
   facet normal 1.064584e-01 -1.508785e-01 9.828033e-01
      outer loop
         vertex 4.551701e-01 3.064832e+00 -5.669497e+00
         vertex 4.904023e-01 2.855166e+00 -5.705501e+00
         vertex 4.776456e-01 3.066601e+00 -5.671660e+00
      endloop
   endfacet
   facet normal 1.044774e-01 -1.203053e-01 9.872239e-01
      outer loop
         vertex 4.551701e-01 3.064832e+00 -5.669497e+00
         vertex 4.776456e-01 3.066601e+00 -5.671660e+00
         vertex 4.484926e-01 3.280434e+00 -5.642517e+00
      endloop
   endfacet
   facet normal 1.403581e-01 -1.148939e-01 9.834119e-01
      outer loop
         vertex 4.484926e-01 3.280434e+00 -5.642517e+00
         vertex 4.776456e-01 3.066601e+00 -5.671660e+00
         vertex 4.588134e-01 3.281328e+00 -5.643886e+00
      endloop
   endfacet
   facet normal 1.424991e-01 -1.465342e-01 9.788880e-01
      outer loop
         vertex 4.484926e-01 3.280434e+00 -5.642517e+00
         vertex 4.588134e-01 3.281328e+00 -5.643886e+00
         vertex 4.446116e-01 3.389421e+00 -5.625637e+00
      endloop
   endfacet
   facet normal 1.746950e-01 -1.415457e-01 9.743954e-01
      outer loop
         vertex 4.446116e-01 3.389421e+00 -5.625637e+00
         vertex 4.588134e-01 3.281328e+00 -5.643886e+00
         vertex 4.495936e-01 3.389877e+00 -5.626464e+00
      endloop
   endfacet
   facet normal 1.766262e-01 -1.723134e-01 9.690776e-01
      outer loop
         vertex 4.446116e-01 3.389421e+00 -5.625637e+00
         vertex 4.495936e-01 3.389877e+00 -5.626464e+00
         vertex 4.412617e-01 3.444375e+00 -5.615255e+00
      endloop
   endfacet
   facet normal 1.524569e-01 -1.766893e-01 9.723877e-01
      outer loop
         vertex 4.412617e-01 3.444375e+00 -5.615255e+00
         vertex 4.495936e-01 3.389877e+00 -5.626464e+00
         vertex 4.448187e-01 3.444697e+00 -5.615755e+00
      endloop
   endfacet
   facet normal 1.494877e-01 -1.322820e-01 9.798749e-01
      outer loop
         vertex 4.412617e-01 3.444375e+00 -5.615255e+00
         vertex 4.448187e-01 3.444697e+00 -5.615755e+00
         vertex 4.390595e-01 3.472041e+00 -5.611185e+00
      endloop
   endfacet
   facet normal 1.240885e-01 -1.380896e-01 9.826155e-01
      outer loop
         vertex 4.390595e-01 3.472041e+00 -5.611185e+00
         vertex 4.448187e-01 3.444697e+00 -5.615755e+00
         vertex 4.423766e-01 3.472331e+00 -5.611563e+00
      endloop
   endfacet
   facet normal 1.169441e-01 -4.395449e-02 9.921654e-01
      outer loop
         vertex 4.390595e-01 3.472041e+00 -5.611185e+00
         vertex 4.423766e-01 3.472331e+00 -5.611563e+00
         vertex 4.365703e-01 3.499884e+00 -5.609658e+00
      endloop
   endfacet
   facet normal 1.033677e-01 -4.691023e-02 9.935364e-01
      outer loop
         vertex 4.365703e-01 3.499884e+00 -5.609658e+00
         vertex 4.423766e-01 3.472331e+00 -5.611563e+00
         vertex 4.399838e-01 3.500186e+00 -5.609998e+00
      endloop
   endfacet
   facet normal 1.971456e-01 8.027778e-02 9.770819e-01
      outer loop
         vertex 4.316784e-01 -6.365385e-04 -5.608651e+00
         vertex 4.365870e-01 -5.453212e-04 -5.609649e+00
         vertex 4.311652e-01 2.727313e-02 -5.610840e+00
      endloop
   endfacet
   facet normal 2.240166e-01 8.524797e-02 9.708498e-01
      outer loop
         vertex 4.311652e-01 2.727313e-02 -5.610840e+00
         vertex 4.365870e-01 -5.453212e-04 -5.609649e+00
         vertex 4.359372e-01 2.734953e-02 -5.611948e+00
      endloop
   endfacet
   facet normal 2.203934e-01 1.675276e-01 9.609169e-01
      outer loop
         vertex 4.311652e-01 2.727313e-02 -5.610840e+00
         vertex 4.359372e-01 2.734953e-02 -5.611948e+00
         vertex 4.297347e-01 5.487658e-02 -5.615325e+00
      endloop
   endfacet
   facet normal 2.677955e-01 1.765219e-01 9.471672e-01
      outer loop
         vertex 4.297347e-01 5.487658e-02 -5.615325e+00
         vertex 4.359372e-01 2.734953e-02 -5.611948e+00
         vertex 4.348514e-01 5.495731e-02 -5.616786e+00
      endloop
   endfacet
   facet normal 2.652777e-01 2.129359e-01 9.403648e-01
      outer loop
         vertex 4.297347e-01 5.487658e-02 -5.615325e+00
         vertex 4.348514e-01 5.495731e-02 -5.616786e+00
         vertex 4.246972e-01 1.095240e-01 -5.626278e+00
      endloop
   endfacet
   facet normal 3.100803e-01 2.186401e-01 9.252279e-01
      outer loop
         vertex 4.246972e-01 1.095240e-01 -5.626278e+00
         vertex 4.348514e-01 5.495731e-02 -5.616786e+00
         vertex 4.318604e-01 1.096218e-01 -5.628702e+00
      endloop
   endfacet
   facet normal 3.113601e-01 2.029118e-01 9.283758e-01
      outer loop
         vertex 4.246972e-01 1.095240e-01 -5.626278e+00
         vertex 4.318604e-01 1.096218e-01 -5.628702e+00
         vertex 4.089119e-01 2.176418e-01 -5.644615e+00
      endloop
   endfacet
   facet normal 2.534326e-01 1.934681e-01 9.478091e-01
      outer loop
         vertex 4.089119e-01 2.176418e-01 -5.644615e+00
         vertex 4.318604e-01 1.096218e-01 -5.628702e+00
         vertex 4.237544e-01 2.178364e-01 -5.648623e+00
      endloop
   endfacet
   facet normal 2.543575e-01 1.784469e-01 9.505046e-01
      outer loop
         vertex 4.089119e-01 2.176418e-01 -5.644615e+00
         vertex 4.237544e-01 2.178364e-01 -5.648623e+00
         vertex 3.730058e-01 4.321392e-01 -5.675276e+00
      endloop
   endfacet
   facet normal 1.874458e-01 1.648209e-01 9.683482e-01
      outer loop
         vertex 3.730058e-01 4.321392e-01 -5.675276e+00
         vertex 4.237544e-01 2.178364e-01 -5.648623e+00
         vertex 4.053027e-01 4.326245e-01 -5.681610e+00
      endloop
   endfacet
   facet normal 1.860547e-01 1.929390e-01 9.634097e-01
      outer loop
         vertex 3.730058e-01 4.321392e-01 -5.675276e+00
         vertex 4.053027e-01 4.326245e-01 -5.681610e+00
         vertex 3.063210e-01 8.568070e-01 -5.747444e+00
      endloop
   endfacet
   facet normal 1.431365e-01 1.843177e-01 9.723883e-01
      outer loop
         vertex 3.063210e-01 8.568070e-01 -5.747444e+00
         vertex 4.053027e-01 4.326245e-01 -5.681610e+00
         vertex 3.717633e-01 8.569272e-01 -5.757100e+00
      endloop
   endfacet
   facet normal 1.415983e-01 2.311993e-01 9.625470e-01
      outer loop
         vertex 3.063210e-01 8.568070e-01 -5.747444e+00
         vertex 3.717633e-01 8.569272e-01 -5.757100e+00
         vertex 2.773645e-01 1.071612e+00 -5.794780e+00
      endloop
   endfacet
   facet normal 1.341228e-01 2.282245e-01 9.643260e-01
      outer loop
         vertex 2.773645e-01 1.071612e+00 -5.794780e+00
         vertex 3.717633e-01 8.569272e-01 -5.757100e+00
         vertex 3.564035e-01 1.070816e+00 -5.805585e+00
      endloop
   endfacet
   facet normal 1.351210e-01 1.721591e-01 9.757579e-01
      outer loop
         vertex 2.773645e-01 1.071612e+00 -5.794780e+00
         vertex 3.564035e-01 1.070816e+00 -5.805585e+00
         vertex 2.611286e-01 1.301553e+00 -5.833101e+00
      endloop
   endfacet
   facet normal 1.361421e-01 1.725555e-01 9.755460e-01
      outer loop
         vertex 2.611286e-01 1.301553e+00 -5.833101e+00
         vertex 3.564035e-01 1.070816e+00 -5.805585e+00
         vertex 3.504580e-01 1.297371e+00 -5.844828e+00
      endloop
   endfacet
   facet normal 1.339321e-01 9.476171e-02 9.864494e-01
      outer loop
         vertex 2.611286e-01 1.301553e+00 -5.833101e+00
         vertex 3.504580e-01 1.297371e+00 -5.844828e+00
         vertex 2.625026e-01 1.536975e+00 -5.855903e+00
      endloop
   endfacet
   facet normal 1.351920e-01 9.521427e-02 9.862339e-01
      outer loop
         vertex 2.625026e-01 1.536975e+00 -5.855903e+00
         vertex 3.504580e-01 1.297371e+00 -5.844828e+00
         vertex 3.580894e-01 1.528629e+00 -5.868201e+00
      endloop
   endfacet
   facet normal 1.291073e-01 1.781134e-02 9.914707e-01
      outer loop
         vertex 2.625026e-01 1.536975e+00 -5.855903e+00
         vertex 3.580894e-01 1.528629e+00 -5.868201e+00
         vertex 2.836240e-01 1.771266e+00 -5.862863e+00
      endloop
   endfacet
   facet normal 1.289322e-01 1.775708e-02 9.914944e-01
      outer loop
         vertex 2.836240e-01 1.771266e+00 -5.862863e+00
         vertex 3.580894e-01 1.528629e+00 -5.868201e+00
         vertex 3.811849e-01 1.760154e+00 -5.875350e+00
      endloop
   endfacet
   facet normal 1.202819e-01 -5.770456e-02 9.910613e-01
      outer loop
         vertex 2.836240e-01 1.771266e+00 -5.862863e+00
         vertex 3.811849e-01 1.760154e+00 -5.875350e+00
         vertex 3.124049e-01 1.995585e+00 -5.853295e+00
      endloop
   endfacet
   facet normal 1.226384e-01 -5.699293e-02 9.908136e-01
      outer loop
         vertex 3.124049e-01 1.995585e+00 -5.853295e+00
         vertex 3.811849e-01 1.760154e+00 -5.875350e+00
         vertex 4.080360e-01 1.987767e+00 -5.865581e+00
      endloop
   endfacet
   facet normal 1.156565e-01 -1.323674e-01 9.844300e-01
      outer loop
         vertex 3.124049e-01 1.995585e+00 -5.853295e+00
         vertex 4.080360e-01 1.987767e+00 -5.865581e+00
         vertex 3.385384e-01 2.216215e+00 -5.826699e+00
      endloop
   endfacet
   facet normal 1.241336e-01 -1.296737e-01 9.837558e-01
      outer loop
         vertex 3.385384e-01 2.216215e+00 -5.826699e+00
         vertex 4.080360e-01 1.987767e+00 -5.865581e+00
         vertex 4.279012e-01 2.212997e+00 -5.838399e+00
      endloop
   endfacet
   facet normal 1.197347e-01 -2.061052e-01 9.711767e-01
      outer loop
         vertex 3.385384e-01 2.216215e+00 -5.826699e+00
         vertex 4.279012e-01 2.212997e+00 -5.838399e+00
         vertex 3.631298e-01 2.433293e+00 -5.783662e+00
      endloop
   endfacet
   facet normal 1.337709e-01 -2.017502e-01 9.702588e-01
      outer loop
         vertex 3.631298e-01 2.433293e+00 -5.783662e+00
         vertex 4.279012e-01 2.212997e+00 -5.838399e+00
         vertex 4.421570e-01 2.433927e+00 -5.794426e+00
      endloop
   endfacet
   facet normal 1.326141e-01 -2.509777e-01 9.588658e-01
      outer loop
         vertex 3.631298e-01 2.433293e+00 -5.783662e+00
         vertex 4.421570e-01 2.433927e+00 -5.794426e+00
         vertex 3.859404e-01 2.641372e+00 -5.732353e+00
      endloop
   endfacet
   facet normal 1.500800e-01 -2.458699e-01 9.576137e-01
      outer loop
         vertex 3.859404e-01 2.641372e+00 -5.732353e+00
         vertex 4.421570e-01 2.433927e+00 -5.794426e+00
         vertex 4.513266e-01 2.643734e+00 -5.741994e+00
      endloop
   endfacet
   facet normal 1.499305e-01 -1.903946e-01 9.701911e-01
      outer loop
         vertex 3.859404e-01 2.641372e+00 -5.732353e+00
         vertex 4.513266e-01 2.643734e+00 -5.741994e+00
         vertex 4.064326e-01 2.850342e+00 -5.694511e+00
      endloop
   endfacet
   facet normal 1.716365e-01 -1.850866e-01 9.676176e-01
      outer loop
         vertex 4.064326e-01 2.850342e+00 -5.694511e+00
         vertex 4.513266e-01 2.643734e+00 -5.741994e+00
         vertex 4.558761e-01 2.853349e+00 -5.702706e+00
      endloop
   endfacet
   facet normal 1.707851e-01 -1.573207e-01 9.726678e-01
      outer loop
         vertex 4.064326e-01 2.850342e+00 -5.694511e+00
         vertex 4.558761e-01 2.853349e+00 -5.702706e+00
         vertex 4.229822e-01 3.062166e+00 -5.663156e+00
      endloop
   endfacet
   facet normal 2.031163e-01 -1.512310e-01 9.674053e-01
      outer loop
         vertex 4.229822e-01 3.062166e+00 -5.663156e+00
         vertex 4.558761e-01 2.853349e+00 -5.702706e+00
         vertex 4.551701e-01 3.064832e+00 -5.669497e+00
      endloop
   endfacet
   facet normal 2.014816e-01 -1.204193e-01 9.720619e-01
      outer loop
         vertex 4.229822e-01 3.062166e+00 -5.663156e+00
         vertex 4.551701e-01 3.064832e+00 -5.669497e+00
         vertex 4.337114e-01 3.279113e+00 -5.638504e+00
      endloop
   endfacet
   facet normal 2.696098e-01 -1.113475e-01 9.565105e-01
      outer loop
         vertex 4.337114e-01 3.279113e+00 -5.638504e+00
         vertex 4.551701e-01 3.064832e+00 -5.669497e+00
         vertex 4.484926e-01 3.280434e+00 -5.642517e+00
      endloop
   endfacet
   facet normal 2.711321e-01 -1.421012e-01 9.519951e-01
      outer loop
         vertex 4.337114e-01 3.279113e+00 -5.638504e+00
         vertex 4.484926e-01 3.280434e+00 -5.642517e+00
         vertex 4.374764e-01 3.388747e+00 -5.623212e+00
      endloop
   endfacet
   facet normal 3.301984e-01 -1.329751e-01 9.344981e-01
      outer loop
         vertex 4.374764e-01 3.388747e+00 -5.623212e+00
         vertex 4.484926e-01 3.280434e+00 -5.642517e+00
         vertex 4.446116e-01 3.389421e+00 -5.625637e+00
      endloop
   endfacet
   facet normal 3.308961e-01 -1.512424e-01 9.314685e-01
      outer loop
         vertex 4.374764e-01 3.388747e+00 -5.623212e+00
         vertex 4.446116e-01 3.389421e+00 -5.625637e+00
         vertex 4.361671e-01 3.443900e+00 -5.613792e+00
      endloop
   endfacet
   facet normal 2.863457e-01 -1.609827e-01 9.445055e-01
      outer loop
         vertex 4.361671e-01 3.443900e+00 -5.613792e+00
         vertex 4.446116e-01 3.389421e+00 -5.625637e+00
         vertex 4.412617e-01 3.444375e+00 -5.615255e+00
      endloop
   endfacet
   facet normal 2.838263e-01 -1.087399e-01 9.526900e-01
      outer loop
         vertex 4.361671e-01 3.443900e+00 -5.613792e+00
         vertex 4.412617e-01 3.444375e+00 -5.615255e+00
         vertex 4.343087e-01 3.471614e+00 -5.610075e+00
      endloop
   endfacet
   facet normal 2.361927e-01 -1.230280e-01 9.638865e-01
      outer loop
         vertex 4.343087e-01 3.471614e+00 -5.610075e+00
         vertex 4.412617e-01 3.444375e+00 -5.615255e+00
         vertex 4.390595e-01 3.472041e+00 -5.611185e+00
      endloop
   endfacet
   facet normal 2.297342e-01 -2.781255e-02 9.728559e-01
      outer loop
         vertex 4.343087e-01 3.471614e+00 -5.610075e+00
         vertex 4.390595e-01 3.472041e+00 -5.611185e+00
         vertex 4.316810e-01 3.499441e+00 -5.608659e+00
      endloop
   endfacet
   facet normal 2.031161e-01 -3.550173e-02 9.785109e-01
      outer loop
         vertex 4.316810e-01 3.499441e+00 -5.608659e+00
         vertex 4.390595e-01 3.472041e+00 -5.611185e+00
         vertex 4.365703e-01 3.499884e+00 -5.609658e+00
      endloop
   endfacet
   facet normal 3.070747e-01 -1.942170e-02 9.514872e-01
      outer loop
         vertex 4.316810e-01 3.499441e+00 -5.608659e+00
         vertex 4.267288e-01 3.498981e+00 -5.607070e+00
         vertex 4.343087e-01 3.471614e+00 -5.610075e+00
      endloop
   endfacet
   facet normal 3.450338e-01 -7.488911e-03 9.385604e-01
      outer loop
         vertex 4.343087e-01 3.471614e+00 -5.610075e+00
         vertex 4.267288e-01 3.498981e+00 -5.607070e+00
         vertex 4.294971e-01 3.471169e+00 -5.608310e+00
      endloop
   endfacet
   facet normal 3.509010e-01 -1.013219e-01 9.309148e-01
      outer loop
         vertex 4.343087e-01 3.471614e+00 -5.610075e+00
         vertex 4.294971e-01 3.471169e+00 -5.608310e+00
         vertex 4.361671e-01 3.443900e+00 -5.613792e+00
      endloop
   endfacet
   facet normal 4.163156e-01 -8.024694e-02 9.056720e-01
      outer loop
         vertex 4.361671e-01 3.443900e+00 -5.613792e+00
         vertex 4.294971e-01 3.471169e+00 -5.608310e+00
         vertex 4.310072e-01 3.443403e+00 -5.611464e+00
      endloop
   endfacet
   facet normal 4.184167e-01 -1.432580e-01 8.968861e-01
      outer loop
         vertex 4.361671e-01 3.443900e+00 -5.613792e+00
         vertex 4.310072e-01 3.443403e+00 -5.611464e+00
         vertex 4.374764e-01 3.388747e+00 -5.623212e+00
      endloop
   endfacet
   facet normal 4.768330e-01 -1.304072e-01 8.692665e-01
      outer loop
         vertex 4.374764e-01 3.388747e+00 -5.623212e+00
         vertex 4.310072e-01 3.443403e+00 -5.611464e+00
         vertex 4.302501e-01 3.388037e+00 -5.619355e+00
      endloop
   endfacet
   facet normal 4.769195e-01 -1.374702e-01 8.681300e-01
      outer loop
         vertex 4.374764e-01 3.388747e+00 -5.623212e+00
         vertex 4.302501e-01 3.388037e+00 -5.619355e+00
         vertex 4.337114e-01 3.279113e+00 -5.638504e+00
      endloop
   endfacet
   facet normal 3.994341e-01 -1.464137e-01 9.049947e-01
      outer loop
         vertex 4.337114e-01 3.279113e+00 -5.638504e+00
         vertex 4.302501e-01 3.388037e+00 -5.619355e+00
         vertex 4.187415e-01 3.277729e+00 -5.632121e+00
      endloop
   endfacet
   facet normal 3.988598e-01 -1.229841e-01 9.087275e-01
      outer loop
         vertex 4.337114e-01 3.279113e+00 -5.638504e+00
         vertex 4.187415e-01 3.277729e+00 -5.632121e+00
         vertex 4.229822e-01 3.062166e+00 -5.663156e+00
      endloop
   endfacet
   facet normal 3.034778e-01 -1.299298e-01 9.439383e-01
      outer loop
         vertex 4.229822e-01 3.062166e+00 -5.663156e+00
         vertex 4.187415e-01 3.277729e+00 -5.632121e+00
         vertex 3.903854e-01 3.059316e+00 -5.653068e+00
      endloop
   endfacet
   facet normal 3.046499e-01 -1.627163e-01 9.384625e-01
      outer loop
         vertex 4.229822e-01 3.062166e+00 -5.663156e+00
         vertex 3.903854e-01 3.059316e+00 -5.653068e+00
         vertex 4.064326e-01 2.850342e+00 -5.694511e+00
      endloop
   endfacet
   facet normal 2.593881e-01 -1.686647e-01 9.509311e-01
      outer loop
         vertex 4.064326e-01 2.850342e+00 -5.694511e+00
         vertex 3.903854e-01 3.059316e+00 -5.653068e+00
         vertex 3.563639e-01 2.846840e+00 -5.681475e+00
      endloop
   endfacet
   facet normal 2.599056e-01 -1.966879e-01 9.453904e-01
      outer loop
         vertex 4.064326e-01 2.850342e+00 -5.694511e+00
         vertex 3.563639e-01 2.846840e+00 -5.681475e+00
         vertex 3.859404e-01 2.641372e+00 -5.732353e+00
      endloop
   endfacet
   facet normal 2.303300e-01 -2.025331e-01 9.518027e-01
      outer loop
         vertex 3.859404e-01 2.641372e+00 -5.732353e+00
         vertex 3.563639e-01 2.846840e+00 -5.681475e+00
         vertex 3.197139e-01 2.638128e+00 -5.717017e+00
      endloop
   endfacet
   facet normal 2.299576e-01 -2.566861e-01 9.387395e-01
      outer loop
         vertex 3.859404e-01 2.641372e+00 -5.732353e+00
         vertex 3.197139e-01 2.638128e+00 -5.717017e+00
         vertex 3.631298e-01 2.433293e+00 -5.783662e+00
      endloop
   endfacet
   facet normal 2.073215e-01 -2.626594e-01 9.423523e-01
      outer loop
         vertex 3.631298e-01 2.433293e+00 -5.783662e+00
         vertex 3.197139e-01 2.638128e+00 -5.717017e+00
         vertex 2.830516e-01 2.431519e+00 -5.766539e+00
      endloop
   endfacet
   facet normal 2.088173e-01 -2.128909e-01 9.545013e-01
      outer loop
         vertex 3.631298e-01 2.433293e+00 -5.783662e+00
         vertex 2.830516e-01 2.431519e+00 -5.766539e+00
         vertex 3.385384e-01 2.216215e+00 -5.826699e+00
      endloop
   endfacet
   facet normal 1.908933e-01 -2.182214e-01 9.570471e-01
      outer loop
         vertex 3.385384e-01 2.216215e+00 -5.826699e+00
         vertex 2.830516e-01 2.431519e+00 -5.766539e+00
         vertex 2.479640e-01 2.218611e+00 -5.808087e+00
      endloop
   endfacet
   facet normal 1.957400e-01 -1.401842e-01 9.705845e-01
      outer loop
         vertex 3.385384e-01 2.216215e+00 -5.826699e+00
         vertex 2.479640e-01 2.218611e+00 -5.808087e+00
         vertex 3.124049e-01 1.995585e+00 -5.853295e+00
      endloop
   endfacet
   facet normal 1.850106e-01 -1.436092e-01 9.721870e-01
      outer loop
         vertex 3.124049e-01 1.995585e+00 -5.853295e+00
         vertex 2.479640e-01 2.218611e+00 -5.808087e+00
         vertex 2.154837e-01 2.003037e+00 -5.833750e+00
      endloop
   endfacet
   facet normal 1.923335e-01 -6.643789e-02 9.790781e-01
      outer loop
         vertex 3.124049e-01 1.995585e+00 -5.853295e+00
         vertex 2.154837e-01 2.003037e+00 -5.833750e+00
         vertex 2.836240e-01 1.771266e+00 -5.862863e+00
      endloop
   endfacet
   facet normal 1.892366e-01 -6.741576e-02 9.796145e-01
      outer loop
         vertex 2.836240e-01 1.771266e+00 -5.862863e+00
         vertex 2.154837e-01 2.003037e+00 -5.833750e+00
         vertex 1.847856e-01 1.782484e+00 -5.842998e+00
      endloop
   endfacet
   facet normal 1.982588e-01 1.123913e-02 9.800853e-01
      outer loop
         vertex 2.836240e-01 1.771266e+00 -5.862863e+00
         vertex 1.847856e-01 1.782484e+00 -5.842998e+00
         vertex 2.625026e-01 1.536975e+00 -5.855903e+00
      endloop
   endfacet
   facet normal 1.990629e-01 1.150239e-02 9.799192e-01
      outer loop
         vertex 2.625026e-01 1.536975e+00 -5.855903e+00
         vertex 1.847856e-01 1.782484e+00 -5.842998e+00
         vertex 1.656981e-01 1.545800e+00 -5.836342e+00
      endloop
   endfacet
   facet normal 2.053598e-01 9.316250e-02 9.742423e-01
      outer loop
         vertex 2.625026e-01 1.536975e+00 -5.855903e+00
         vertex 1.656981e-01 1.545800e+00 -5.836342e+00
         vertex 2.611286e-01 1.301553e+00 -5.833101e+00
      endloop
   endfacet
   facet normal 2.059888e-01 9.340618e-02 9.740862e-01
      outer loop
         vertex 2.611286e-01 1.301553e+00 -5.833101e+00
         vertex 1.656981e-01 1.545800e+00 -5.836342e+00
         vertex 1.706574e-01 1.306527e+00 -5.814447e+00
      endloop
   endfacet
   facet normal 2.080531e-01 1.750697e-01 9.623225e-01
      outer loop
         vertex 2.611286e-01 1.301553e+00 -5.833101e+00
         vertex 1.706574e-01 1.306527e+00 -5.814447e+00
         vertex 2.773645e-01 1.071612e+00 -5.794780e+00
      endloop
   endfacet
   facet normal 2.103624e-01 1.760614e-01 9.616393e-01
      outer loop
         vertex 2.773645e-01 1.071612e+00 -5.794780e+00
         vertex 1.706574e-01 1.306527e+00 -5.814447e+00
         vertex 1.972830e-01 1.073418e+00 -5.777592e+00
      endloop
   endfacet
   facet normal 2.089670e-01 2.372320e-01 9.487116e-01
      outer loop
         vertex 2.773645e-01 1.071612e+00 -5.794780e+00
         vertex 1.972830e-01 1.073418e+00 -5.777592e+00
         vertex 3.063210e-01 8.568070e-01 -5.747444e+00
      endloop
   endfacet
   facet normal 3.023964e-01 7.262829e-02 9.504113e-01
      outer loop
         vertex 4.267049e-01 -7.021052e-04 -5.607063e+00
         vertex 4.316784e-01 -6.365385e-04 -5.608651e+00
         vertex 4.263300e-01 2.722590e-02 -5.609078e+00
      endloop
   endfacet
   facet normal 3.406183e-01 7.975657e-02 9.368127e-01
      outer loop
         vertex 4.263300e-01 2.722590e-02 -5.609078e+00
         vertex 4.316784e-01 -6.365385e-04 -5.608651e+00
         vertex 4.311652e-01 2.727313e-02 -5.610840e+00
      endloop
   endfacet
   facet normal 3.370060e-01 1.536463e-01 9.288809e-01
      outer loop
         vertex 4.263300e-01 2.722590e-02 -5.609078e+00
         vertex 4.311652e-01 2.727313e-02 -5.610840e+00
         vertex 4.245501e-01 5.483378e-02 -5.612999e+00
      endloop
   endfacet
   facet normal 4.023617e-01 1.670789e-01 9.001054e-01
      outer loop
         vertex 4.245501e-01 5.483378e-02 -5.612999e+00
         vertex 4.311652e-01 2.727313e-02 -5.610840e+00
         vertex 4.297347e-01 5.487658e-02 -5.615325e+00
      endloop
   endfacet
   facet normal 3.990706e-01 2.059827e-01 8.934841e-01
      outer loop
         vertex 4.245501e-01 5.483378e-02 -5.612999e+00
         vertex 4.297347e-01 5.487658e-02 -5.615325e+00
         vertex 4.174389e-01 1.094896e-01 -5.622423e+00
      endloop
   endfacet
   facet normal 4.572578e-01 2.151114e-01 8.629266e-01
      outer loop
         vertex 4.174389e-01 1.094896e-01 -5.622423e+00
         vertex 4.297347e-01 5.487658e-02 -5.615325e+00
         vertex 4.246972e-01 1.095240e-01 -5.626278e+00
      endloop
   endfacet
   facet normal 4.561236e-01 2.254573e-01 8.608834e-01
      outer loop
         vertex 4.174389e-01 1.094896e-01 -5.622423e+00
         vertex 4.246972e-01 1.095240e-01 -5.626278e+00
         vertex 3.938723e-01 2.175542e-01 -5.638238e+00
      endloop
   endfacet
   facet normal 3.807604e-01 2.083823e-01 9.008875e-01
      outer loop
         vertex 3.938723e-01 2.175542e-01 -5.638238e+00
         vertex 4.246972e-01 1.095240e-01 -5.626278e+00
         vertex 4.089119e-01 2.176418e-01 -5.644615e+00
      endloop
   endfacet
   facet normal 3.807473e-01 2.085317e-01 9.008585e-01
      outer loop
         vertex 3.938723e-01 2.175542e-01 -5.638238e+00
         vertex 4.089119e-01 2.176418e-01 -5.644615e+00
         vertex 3.402813e-01 4.318764e-01 -5.665199e+00
      endloop
   endfacet
   facet normal 2.879952e-01 1.825854e-01 9.400645e-01
      outer loop
         vertex 3.402813e-01 4.318764e-01 -5.665199e+00
         vertex 4.089119e-01 2.176418e-01 -5.644615e+00
         vertex 3.730058e-01 4.321392e-01 -5.675276e+00
      endloop
   endfacet
   facet normal 2.862767e-01 2.086092e-01 9.351620e-01
      outer loop
         vertex 3.402813e-01 4.318764e-01 -5.665199e+00
         vertex 3.730058e-01 4.321392e-01 -5.675276e+00
         vertex 2.877936e-01 6.446274e-01 -5.696591e+00
      endloop
   endfacet
   facet normal 2.687553e-01 2.022423e-01 9.417370e-01
      outer loop
         vertex 2.877936e-01 6.446274e-01 -5.696591e+00
         vertex 3.730058e-01 4.321392e-01 -5.675276e+00
         vertex 3.063210e-01 8.568070e-01 -5.747444e+00
      endloop
   endfacet
   facet normal 2.226972e-01 2.087879e-01 9.522676e-01
      outer loop
         vertex 2.877936e-01 6.446274e-01 -5.696591e+00
         vertex 3.063210e-01 8.568070e-01 -5.747444e+00
         vertex 2.400051e-01 8.574814e-01 -5.732084e+00
      endloop
   endfacet
   facet normal 2.212449e-01 2.428267e-01 9.445030e-01
      outer loop
         vertex 2.400051e-01 8.574814e-01 -5.732084e+00
         vertex 3.063210e-01 8.568070e-01 -5.747444e+00
         vertex 1.972830e-01 1.073418e+00 -5.777592e+00
      endloop
   endfacet
   facet normal 4.415792e-01 6.134184e-02 8.951229e-01
      outer loop
         vertex 4.225139e-01 -7.232908e-04 -5.604994e+00
         vertex 4.267049e-01 -7.021052e-04 -5.607063e+00
         vertex 4.222554e-01 2.722438e-02 -5.606782e+00
      endloop
   endfacet
   facet normal 4.897415e-01 6.927753e-02 8.691110e-01
      outer loop
         vertex 4.222554e-01 2.722438e-02 -5.606782e+00
         vertex 4.267049e-01 -7.021052e-04 -5.607063e+00
         vertex 4.263300e-01 2.722590e-02 -5.609078e+00
      endloop
   endfacet
   facet normal 4.863337e-01 1.361038e-01 8.631079e-01
      outer loop
         vertex 4.222554e-01 2.722438e-02 -5.606782e+00
         vertex 4.263300e-01 2.722590e-02 -5.609078e+00
         vertex 4.201810e-01 5.484717e-02 -5.609969e+00
      endloop
   endfacet
   facet normal 5.635981e-01 1.516564e-01 8.120083e-01
      outer loop
         vertex 4.201810e-01 5.484717e-02 -5.609969e+00
         vertex 4.263300e-01 2.722590e-02 -5.609078e+00
         vertex 4.245501e-01 5.483378e-02 -5.612999e+00
      endloop
   endfacet
   facet normal 5.587934e-01 1.998477e-01 8.048670e-01
      outer loop
         vertex 4.201810e-01 5.484717e-02 -5.609969e+00
         vertex 4.245501e-01 5.483378e-02 -5.612999e+00
         vertex 4.113217e-01 1.095425e-01 -5.617399e+00
      endloop
   endfacet
   facet normal 6.214863e-01 2.109549e-01 7.544884e-01
      outer loop
         vertex 4.113217e-01 1.095425e-01 -5.617399e+00
         vertex 4.245501e-01 5.483378e-02 -5.612999e+00
         vertex 4.174389e-01 1.094896e-01 -5.622423e+00
      endloop
   endfacet
   facet normal 6.145695e-01 2.577286e-01 7.455738e-01
      outer loop
         vertex 4.113217e-01 1.095425e-01 -5.617399e+00
         vertex 4.174389e-01 1.094896e-01 -5.622423e+00
         vertex 3.811974e-01 2.176193e-01 -5.629928e+00
      endloop
   endfacet
   facet normal 5.337557e-01 2.352702e-01 8.122517e-01
      outer loop
         vertex 3.811974e-01 2.176193e-01 -5.629928e+00
         vertex 4.174389e-01 1.094896e-01 -5.622423e+00
         vertex 3.938723e-01 2.175542e-01 -5.638238e+00
      endloop
   endfacet
   facet normal 5.313288e-01 2.533075e-01 8.084089e-01
      outer loop
         vertex 3.811974e-01 2.176193e-01 -5.629928e+00
         vertex 3.938723e-01 2.175542e-01 -5.638238e+00
         vertex 3.127037e-01 4.319453e-01 -5.652067e+00
      endloop
   endfacet
   facet normal 4.202270e-01 2.159492e-01 8.813485e-01
      outer loop
         vertex 3.127037e-01 4.319453e-01 -5.652067e+00
         vertex 3.938723e-01 2.175542e-01 -5.638238e+00
         vertex 3.402813e-01 4.318764e-01 -5.665199e+00
      endloop
   endfacet
   facet normal 4.173804e-01 2.445037e-01 8.752209e-01
      outer loop
         vertex 3.127037e-01 4.319453e-01 -5.652067e+00
         vertex 3.402813e-01 4.318764e-01 -5.665199e+00
         vertex 2.454869e-01 6.452767e-01 -5.679609e+00
      endloop
   endfacet
   facet normal 3.660213e-01 2.235887e-01 9.033474e-01
      outer loop
         vertex 2.454869e-01 6.452767e-01 -5.679609e+00
         vertex 3.402813e-01 4.318764e-01 -5.665199e+00
         vertex 2.877936e-01 6.446274e-01 -5.696591e+00
      endloop
   endfacet
   facet normal 3.646833e-01 2.412367e-01 8.993392e-01
      outer loop
         vertex 2.454869e-01 6.452767e-01 -5.679609e+00
         vertex 2.877936e-01 6.446274e-01 -5.696591e+00
         vertex 1.841108e-01 8.590597e-01 -5.712066e+00
      endloop
   endfacet
   facet normal 3.340121e-01 2.275149e-01 9.146982e-01
      outer loop
         vertex 1.841108e-01 8.590597e-01 -5.712066e+00
         vertex 2.877936e-01 6.446274e-01 -5.696591e+00
         vertex 2.400051e-01 8.574814e-01 -5.732084e+00
      endloop
   endfacet
   facet normal 3.318753e-01 2.629298e-01 9.059397e-01
      outer loop
         vertex 1.841108e-01 8.590597e-01 -5.712066e+00
         vertex 2.400051e-01 8.574814e-01 -5.732084e+00
         vertex 1.298024e-01 1.076206e+00 -5.755193e+00
      endloop
   endfacet
   facet normal 3.141005e-01 2.548823e-01 9.145359e-01
      outer loop
         vertex 1.298024e-01 1.076206e+00 -5.755193e+00
         vertex 2.400051e-01 8.574814e-01 -5.732084e+00
         vertex 1.972830e-01 1.073418e+00 -5.777592e+00
      endloop
   endfacet
   facet normal 3.164617e-01 1.855532e-01 9.302806e-01
      outer loop
         vertex 1.298024e-01 1.076206e+00 -5.755193e+00
         vertex 1.972830e-01 1.073418e+00 -5.777592e+00
         vertex 9.446799e-02 1.311654e+00 -5.790135e+00
      endloop
   endfacet
   facet normal 3.100109e-01 1.829109e-01 9.329720e-01
      outer loop
         vertex 9.446799e-02 1.311654e+00 -5.790135e+00
         vertex 1.972830e-01 1.073418e+00 -5.777592e+00
         vertex 1.706574e-01 1.306527e+00 -5.814447e+00
      endloop
   endfacet
   facet normal 3.083822e-01 9.411274e-02 9.465956e-01
      outer loop
         vertex 9.446799e-02 1.311654e+00 -5.790135e+00
         vertex 1.706574e-01 1.306527e+00 -5.814447e+00
         vertex 8.418030e-02 1.553703e+00 -5.810849e+00
      endloop
   endfacet
   facet normal 3.053870e-01 9.304918e-02 9.476711e-01
      outer loop
         vertex 8.418030e-02 1.553703e+00 -5.810849e+00
         vertex 1.706574e-01 1.306527e+00 -5.814447e+00
         vertex 1.656981e-01 1.545800e+00 -5.836342e+00
      endloop
   endfacet
   facet normal 2.987690e-01 3.344004e-03 9.543196e-01
      outer loop
         vertex 8.418030e-02 1.553703e+00 -5.810849e+00
         vertex 1.656981e-01 1.545800e+00 -5.836342e+00
         vertex 1.015110e-01 1.791887e+00 -5.817109e+00
      endloop
   endfacet
   facet normal 2.971618e-01 2.885465e-03 9.548228e-01
      outer loop
         vertex 1.015110e-01 1.791887e+00 -5.817109e+00
         vertex 1.656981e-01 1.545800e+00 -5.836342e+00
         vertex 1.847856e-01 1.782484e+00 -5.842998e+00
      endloop
   endfacet
   facet normal 2.874575e-01 -8.164159e-02 9.543075e-01
      outer loop
         vertex 1.015110e-01 1.791887e+00 -5.817109e+00
         vertex 1.847856e-01 1.782484e+00 -5.842998e+00
         vertex 1.337765e-01 2.008721e+00 -5.808278e+00
      endloop
   endfacet
   facet normal 2.915384e-01 -8.054568e-02 9.531620e-01
      outer loop
         vertex 1.337765e-01 2.008721e+00 -5.808278e+00
         vertex 1.847856e-01 1.782484e+00 -5.842998e+00
         vertex 2.154837e-01 2.003037e+00 -5.833750e+00
      endloop
   endfacet
   facet normal 2.835629e-01 -1.605141e-01 9.454244e-01
      outer loop
         vertex 1.337765e-01 2.008721e+00 -5.808278e+00
         vertex 2.154837e-01 2.003037e+00 -5.833750e+00
         vertex 1.715997e-01 2.219535e+00 -5.783830e+00
      endloop
   endfacet
   facet normal 2.972589e-01 -1.569060e-01 9.418161e-01
      outer loop
         vertex 1.715997e-01 2.219535e+00 -5.783830e+00
         vertex 2.154837e-01 2.003037e+00 -5.833750e+00
         vertex 2.479640e-01 2.218611e+00 -5.808087e+00
      endloop
   endfacet
   facet normal 2.915123e-01 -2.368864e-01 9.267715e-01
      outer loop
         vertex 1.715997e-01 2.219535e+00 -5.783830e+00
         vertex 2.479640e-01 2.218611e+00 -5.808087e+00
         vertex 2.155628e-01 2.428590e+00 -5.744223e+00
      endloop
   endfacet
   facet normal 3.144519e-01 -2.314754e-01 9.206189e-01
      outer loop
         vertex 2.155628e-01 2.428590e+00 -5.744223e+00
         vertex 2.479640e-01 2.218611e+00 -5.808087e+00
         vertex 2.830516e-01 2.431519e+00 -5.766539e+00
      endloop
   endfacet
   facet normal 3.122299e-01 -2.815539e-01 9.073257e-01
      outer loop
         vertex 2.155628e-01 2.428590e+00 -5.744223e+00
         vertex 2.830516e-01 2.431519e+00 -5.766539e+00
         vertex 2.639362e-01 2.634315e+00 -5.697031e+00
      endloop
   endfacet
   facet normal 3.408859e-01 -2.758991e-01 8.987082e-01
      outer loop
         vertex 2.639362e-01 2.634315e+00 -5.697031e+00
         vertex 2.830516e-01 2.431519e+00 -5.766539e+00
         vertex 3.197139e-01 2.638128e+00 -5.717017e+00
      endloop
   endfacet
   facet normal 3.422746e-01 -2.244129e-01 9.124072e-01
      outer loop
         vertex 2.639362e-01 2.634315e+00 -5.697031e+00
         vertex 3.197139e-01 2.638128e+00 -5.717017e+00
         vertex 3.142077e-01 2.843311e+00 -5.664486e+00
      endloop
   endfacet
   facet normal 3.804252e-01 -2.197815e-01 8.983166e-01
      outer loop
         vertex 3.142077e-01 2.843311e+00 -5.664486e+00
         vertex 3.197139e-01 2.638128e+00 -5.717017e+00
         vertex 3.563639e-01 2.846840e+00 -5.681475e+00
      endloop
   endfacet
   facet normal 3.806244e-01 -1.910475e-01 9.047795e-01
      outer loop
         vertex 3.142077e-01 2.843311e+00 -5.664486e+00
         vertex 3.563639e-01 2.846840e+00 -5.681475e+00
         vertex 3.629375e-01 3.056726e+00 -5.639922e+00
      endloop
   endfacet
   facet normal 4.386429e-01 -1.877282e-01 8.788348e-01
      outer loop
         vertex 3.629375e-01 3.056726e+00 -5.639922e+00
         vertex 3.563639e-01 2.846840e+00 -5.681475e+00
         vertex 3.903854e-01 3.059316e+00 -5.653068e+00
      endloop
   endfacet
   facet normal 4.385729e-01 -1.511774e-01 8.858889e-01
      outer loop
         vertex 3.629375e-01 3.056726e+00 -5.639922e+00
         vertex 3.903854e-01 3.059316e+00 -5.653068e+00
         vertex 4.061353e-01 3.276506e+00 -5.623802e+00
      endloop
   endfacet
   facet normal 5.546543e-01 -1.504955e-01 8.183580e-01
      outer loop
         vertex 4.061353e-01 3.276506e+00 -5.623802e+00
         vertex 3.903854e-01 3.059316e+00 -5.653068e+00
         vertex 4.187415e-01 3.277729e+00 -5.632121e+00
      endloop
   endfacet
   facet normal 5.544706e-01 -1.599146e-01 8.166943e-01
      outer loop
         vertex 4.061353e-01 3.276506e+00 -5.623802e+00
         vertex 4.187415e-01 3.277729e+00 -5.632121e+00
         vertex 4.241648e-01 3.387408e+00 -5.614327e+00
      endloop
   endfacet
   facet normal 6.387314e-01 -1.538908e-01 7.538831e-01
      outer loop
         vertex 4.241648e-01 3.387408e+00 -5.614327e+00
         vertex 4.187415e-01 3.277729e+00 -5.632121e+00
         vertex 4.302501e-01 3.388037e+00 -5.619355e+00
      endloop
   endfacet
   facet normal 6.397829e-01 -1.095069e-01 7.607142e-01
      outer loop
         vertex 4.241648e-01 3.387408e+00 -5.614327e+00
         vertex 4.302501e-01 3.388037e+00 -5.619355e+00
         vertex 4.266618e-01 3.442965e+00 -5.608430e+00
      endloop
   endfacet
   facet normal 5.764598e-01 -1.230114e-01 8.078133e-01
      outer loop
         vertex 4.266618e-01 3.442965e+00 -5.608430e+00
         vertex 4.302501e-01 3.388037e+00 -5.619355e+00
         vertex 4.310072e-01 3.443403e+00 -5.611464e+00
      endloop
   endfacet
   facet normal 5.750090e-01 -4.591422e-02 8.168577e-01
      outer loop
         vertex 4.266618e-01 3.442965e+00 -5.608430e+00
         vertex 4.310072e-01 3.443403e+00 -5.611464e+00
         vertex 4.254448e-01 3.470779e+00 -5.606010e+00
      endloop
   endfacet
   facet normal 4.975253e-01 -7.115559e-02 8.645261e-01
      outer loop
         vertex 4.254448e-01 3.470779e+00 -5.606010e+00
         vertex 4.310072e-01 3.443403e+00 -5.611464e+00
         vertex 4.294971e-01 3.471169e+00 -5.608310e+00
      endloop
   endfacet
   facet normal 4.920868e-01 1.946436e-02 8.703285e-01
      outer loop
         vertex 4.254448e-01 3.470779e+00 -5.606010e+00
         vertex 4.294971e-01 3.471169e+00 -5.608310e+00
         vertex 4.225579e-01 3.498581e+00 -5.604999e+00
      endloop
   endfacet
   facet normal 4.443587e-01 4.301385e-03 8.958386e-01
      outer loop
         vertex 4.225579e-01 3.498581e+00 -5.604999e+00
         vertex 4.294971e-01 3.471169e+00 -5.608310e+00
         vertex 4.267288e-01 3.498981e+00 -5.607070e+00
      endloop
   endfacet
   facet normal 6.543743e-01 4.534874e-02 7.548097e-01
      outer loop
         vertex 4.197330e-01 -6.890583e-04 -5.602586e+00
         vertex 4.225139e-01 -7.232908e-04 -5.604994e+00
         vertex 4.195513e-01 2.727764e-02 -5.604108e+00
      endloop
   endfacet
   facet normal 7.026852e-01 5.189088e-02 7.096061e-01
      outer loop
         vertex 4.195513e-01 2.727764e-02 -5.604108e+00
         vertex 4.225139e-01 -7.232908e-04 -5.604994e+00
         vertex 4.222554e-01 2.722438e-02 -5.606782e+00
      endloop
   endfacet
   facet normal 6.994598e-01 1.168810e-01 7.050496e-01
      outer loop
         vertex 4.195513e-01 2.727764e-02 -5.604108e+00
         vertex 4.222554e-01 2.722438e-02 -5.606782e+00
         vertex 4.172813e-01 5.492619e-02 -5.606440e+00
      endloop
   endfacet
   facet normal 7.675263e-01 1.300586e-01 6.276847e-01
      outer loop
         vertex 4.172813e-01 5.492619e-02 -5.606440e+00
         vertex 4.222554e-01 2.722438e-02 -5.606782e+00
         vertex 4.201810e-01 5.484717e-02 -5.609969e+00
      endloop
   endfacet
   facet normal 7.597086e-01 1.968025e-01 6.197674e-01
      outer loop
         vertex 4.172813e-01 5.492619e-02 -5.606440e+00
         vertex 4.201810e-01 5.484717e-02 -5.609969e+00
         vertex 4.072615e-01 1.096938e-01 -5.611549e+00
      endloop
   endfacet
   facet normal 8.064273e-01 2.059226e-01 5.543202e-01
      outer loop
         vertex 4.072615e-01 1.096938e-01 -5.611549e+00
         vertex 4.201810e-01 5.484717e-02 -5.609969e+00
         vertex 4.113217e-01 1.095425e-01 -5.617399e+00
      endloop
   endfacet
   facet normal 7.885987e-01 2.947717e-01 5.396496e-01
      outer loop
         vertex 4.072615e-01 1.096938e-01 -5.611549e+00
         vertex 4.113217e-01 1.095425e-01 -5.617399e+00
         vertex 3.727849e-01 2.178594e-01 -5.620250e+00
      endloop
   endfacet
   facet normal 7.288130e-01 2.757930e-01 6.267135e-01
      outer loop
         vertex 3.727849e-01 2.178594e-01 -5.620250e+00
         vertex 4.113217e-01 1.095425e-01 -5.617399e+00
         vertex 3.811974e-01 2.176193e-01 -5.629928e+00
      endloop
   endfacet
   facet normal 7.210585e-01 3.111190e-01 6.190958e-01
      outer loop
         vertex 3.727849e-01 2.178594e-01 -5.620250e+00
         vertex 3.811974e-01 2.176193e-01 -5.629928e+00
         vertex 2.944022e-01 4.324025e-01 -5.636774e+00
      endloop
   endfacet
   facet normal 6.206564e-01 2.742266e-01 7.345648e-01
      outer loop
         vertex 2.944022e-01 4.324025e-01 -5.636774e+00
         vertex 3.811974e-01 2.176193e-01 -5.629928e+00
         vertex 3.127037e-01 4.319453e-01 -5.652067e+00
      endloop
   endfacet
   facet normal 6.160972e-01 2.999065e-01 7.283408e-01
      outer loop
         vertex 2.944022e-01 4.324025e-01 -5.636774e+00
         vertex 3.127037e-01 4.319453e-01 -5.652067e+00
         vertex 2.174061e-01 6.465780e-01 -5.659834e+00
      endloop
   endfacet
   facet normal 5.617071e-01 2.776039e-01 7.793723e-01
      outer loop
         vertex 2.174061e-01 6.465780e-01 -5.659834e+00
         vertex 3.127037e-01 4.319453e-01 -5.652067e+00
         vertex 2.454869e-01 6.452767e-01 -5.679609e+00
      endloop
   endfacet
   facet normal 5.602651e-01 2.879755e-01 7.766422e-01
      outer loop
         vertex 2.174061e-01 6.465780e-01 -5.659834e+00
         vertex 2.454869e-01 6.452767e-01 -5.679609e+00
         vertex 1.470049e-01 8.615386e-01 -5.688754e+00
      endloop
   endfacet
   facet normal 5.247748e-01 2.730660e-01 8.062546e-01
      outer loop
         vertex 1.470049e-01 8.615386e-01 -5.688754e+00
         vertex 2.454869e-01 6.452767e-01 -5.679609e+00
         vertex 1.841108e-01 8.590597e-01 -5.712066e+00
      endloop
   endfacet
   facet normal 5.222295e-01 2.960879e-01 7.997552e-01
      outer loop
         vertex 1.470049e-01 8.615386e-01 -5.688754e+00
         vertex 1.841108e-01 8.590597e-01 -5.712066e+00
         vertex 8.502754e-02 1.079853e+00 -5.729109e+00
      endloop
   endfacet
   facet normal 4.995241e-01 2.872521e-01 8.172894e-01
      outer loop
         vertex 8.502754e-02 1.079853e+00 -5.729109e+00
         vertex 1.841108e-01 8.590597e-01 -5.712066e+00
         vertex 1.298024e-01 1.076206e+00 -5.755193e+00
      endloop
   endfacet
   facet normal 5.051602e-01 2.036634e-01 8.386503e-01
      outer loop
         vertex 8.502754e-02 1.079853e+00 -5.729109e+00
         vertex 1.298024e-01 1.076206e+00 -5.755193e+00
         vertex 4.397993e-02 1.316383e+00 -5.761824e+00
      endloop
   endfacet
   facet normal 4.934140e-01 1.996846e-01 8.465629e-01
      outer loop
         vertex 4.397993e-02 1.316383e+00 -5.761824e+00
         vertex 1.298024e-01 1.076206e+00 -5.755193e+00
         vertex 9.446799e-02 1.311654e+00 -5.790135e+00
      endloop
   endfacet
   facet normal 4.936863e-01 9.674399e-02 8.642421e-01
      outer loop
         vertex 4.397993e-02 1.316383e+00 -5.761824e+00
         vertex 9.446799e-02 1.311654e+00 -5.790135e+00
         vertex 3.016862e-02 1.559610e+00 -5.781162e+00
      endloop
   endfacet
   facet normal 4.874605e-01 9.499489e-02 8.679621e-01
      outer loop
         vertex 3.016862e-02 1.559610e+00 -5.781162e+00
         vertex 9.446799e-02 1.311654e+00 -5.790135e+00
         vertex 8.418030e-02 1.553703e+00 -5.810849e+00
      endloop
   endfacet
   facet normal 4.807148e-01 -1.114007e-02 8.768062e-01
      outer loop
         vertex 3.016862e-02 1.559610e+00 -5.781162e+00
         vertex 8.418030e-02 1.553703e+00 -5.810849e+00
         vertex 4.627297e-02 1.798054e+00 -5.786961e+00
      endloop
   endfacet
   facet normal 4.780329e-01 -1.169864e-02 8.782640e-01
      outer loop
         vertex 4.627297e-02 1.798054e+00 -5.786961e+00
         vertex 8.418030e-02 1.553703e+00 -5.810849e+00
         vertex 1.015110e-01 1.791887e+00 -5.817109e+00
      endloop
   endfacet
   facet normal 4.670939e-01 -1.069794e-01 8.777122e-01
      outer loop
         vertex 4.627297e-02 1.798054e+00 -5.786961e+00
         vertex 1.015110e-01 1.791887e+00 -5.817109e+00
         vertex 7.951004e-02 2.011649e+00 -5.778615e+00
      endloop
   endfacet
   facet normal 4.725269e-01 -1.059472e-01 8.749249e-01
      outer loop
         vertex 7.951004e-02 2.011649e+00 -5.778615e+00
         vertex 1.015110e-01 1.791887e+00 -5.817109e+00
         vertex 1.337765e-01 2.008721e+00 -5.808278e+00
      endloop
   endfacet
   facet normal 4.631270e-01 -1.889337e-01 8.659200e-01
      outer loop
         vertex 7.951004e-02 2.011649e+00 -5.778615e+00
         vertex 1.337765e-01 2.008721e+00 -5.808278e+00
         vertex 1.208708e-01 2.218596e+00 -5.755583e+00
      endloop
   endfacet
   facet normal 4.806561e-01 -1.856255e-01 8.570373e-01
      outer loop
         vertex 1.208708e-01 2.218596e+00 -5.755583e+00
         vertex 1.337765e-01 2.008721e+00 -5.808278e+00
         vertex 1.715997e-01 2.219535e+00 -5.783830e+00
      endloop
   endfacet
   facet normal 4.726304e-01 -2.667286e-01 8.399264e-01
      outer loop
         vertex 1.208708e-01 2.218596e+00 -5.755583e+00
         vertex 1.715997e-01 2.219535e+00 -5.783830e+00
         vertex 1.707668e-01 2.424613e+00 -5.718237e+00
      endloop
   endfacet
   facet normal 5.015824e-01 -2.617016e-01 8.245771e-01
      outer loop
         vertex 1.707668e-01 2.424613e+00 -5.718237e+00
         vertex 1.715997e-01 2.219535e+00 -5.783830e+00
         vertex 2.155628e-01 2.428590e+00 -5.744223e+00
      endloop
   endfacet
   facet normal 4.974060e-01 -3.111000e-01 8.098173e-01
      outer loop
         vertex 1.707668e-01 2.424613e+00 -5.718237e+00
         vertex 2.155628e-01 2.428590e+00 -5.744223e+00
         vertex 2.269661e-01 2.630254e+00 -5.673756e+00
      endloop
   endfacet
   facet normal 5.310454e-01 -3.061179e-01 7.901156e-01
      outer loop
         vertex 2.269661e-01 2.630254e+00 -5.673756e+00
         vertex 2.155628e-01 2.428590e+00 -5.744223e+00
         vertex 2.639362e-01 2.634315e+00 -5.697031e+00
      endloop
   endfacet
   facet normal 5.345840e-01 -2.622884e-01 8.033833e-01
      outer loop
         vertex 2.269661e-01 2.630254e+00 -5.673756e+00
         vertex 2.639362e-01 2.634315e+00 -5.697031e+00
         vertex 2.862845e-01 2.840150e+00 -5.644701e+00
      endloop
   endfacet
   facet normal 5.777101e-01 -2.594755e-01 7.739015e-01
      outer loop
         vertex 2.862845e-01 2.840150e+00 -5.644701e+00
         vertex 2.639362e-01 2.634315e+00 -5.697031e+00
         vertex 3.142077e-01 2.843311e+00 -5.664486e+00
      endloop
   endfacet
   facet normal 5.797587e-01 -2.311063e-01 7.813257e-01
      outer loop
         vertex 2.862845e-01 2.840150e+00 -5.644701e+00
         vertex 3.142077e-01 2.843311e+00 -5.664486e+00
         vertex 3.447533e-01 3.054740e+00 -5.624613e+00
      endloop
   endfacet
   facet normal 6.412896e-01 -2.306576e-01 7.318092e-01
      outer loop
         vertex 3.447533e-01 3.054740e+00 -5.624613e+00
         vertex 3.142077e-01 2.843311e+00 -5.664486e+00
         vertex 3.629375e-01 3.056726e+00 -5.639922e+00
      endloop
   endfacet
   facet normal 6.443715e-01 -1.899142e-01 7.407550e-01
      outer loop
         vertex 3.447533e-01 3.054740e+00 -5.624613e+00
         vertex 3.629375e-01 3.056726e+00 -5.639922e+00
         vertex 3.977823e-01 3.275613e+00 -5.614115e+00
      endloop
   endfacet
   facet normal 7.517234e-01 -1.939814e-01 6.303040e-01
      outer loop
         vertex 3.977823e-01 3.275613e+00 -5.614115e+00
         vertex 3.629375e-01 3.056726e+00 -5.639922e+00
         vertex 4.061353e-01 3.276506e+00 -5.623802e+00
      endloop
   endfacet
   facet normal 7.528105e-01 -1.831687e-01 6.322385e-01
      outer loop
         vertex 3.977823e-01 3.275613e+00 -5.614115e+00
         vertex 4.061353e-01 3.276506e+00 -5.623802e+00
         vertex 4.201327e-01 3.386945e+00 -5.608473e+00
      endloop
   endfacet
   facet normal 8.167420e-01 -1.796251e-01 5.483314e-01
      outer loop
         vertex 4.201327e-01 3.386945e+00 -5.608473e+00
         vertex 4.061353e-01 3.276506e+00 -5.623802e+00
         vertex 4.241648e-01 3.387408e+00 -5.614327e+00
      endloop
   endfacet
   facet normal 8.235307e-01 -8.992049e-02 5.600995e-01
      outer loop
         vertex 4.201327e-01 3.386945e+00 -5.608473e+00
         vertex 4.241648e-01 3.387408e+00 -5.614327e+00
         vertex 4.237821e-01 3.442647e+00 -5.604896e+00
      endloop
   endfacet
   facet normal 7.756383e-01 -1.009989e-01 6.230445e-01
      outer loop
         vertex 4.237821e-01 3.442647e+00 -5.604896e+00
         vertex 4.241648e-01 3.387408e+00 -5.614327e+00
         vertex 4.266618e-01 3.442965e+00 -5.608430e+00
      endloop
   endfacet
   facet normal 7.754593e-01 -7.010597e-03 6.313586e-01
      outer loop
         vertex 4.237821e-01 3.442647e+00 -5.604896e+00
         vertex 4.266618e-01 3.442965e+00 -5.608430e+00
         vertex 4.227593e-01 3.470497e+00 -5.603331e+00
      endloop
   endfacet
   facet normal 7.075105e-01 -3.047449e-02 7.060455e-01
      outer loop
         vertex 4.227593e-01 3.470497e+00 -5.603331e+00
         vertex 4.266618e-01 3.442965e+00 -5.608430e+00
         vertex 4.254448e-01 3.470779e+00 -5.606010e+00
      endloop
   endfacet
   facet normal 7.021870e-01 5.595478e-02 7.097905e-01
      outer loop
         vertex 4.227593e-01 3.470497e+00 -5.603331e+00
         vertex 4.254448e-01 3.470779e+00 -5.606010e+00
         vertex 4.197933e-01 3.498296e+00 -5.602588e+00
      endloop
   endfacet
   facet normal 6.543842e-01 4.050581e-02 7.550766e-01
      outer loop
         vertex 4.197933e-01 3.498296e+00 -5.602588e+00
         vertex 4.254448e-01 3.470779e+00 -5.606010e+00
         vertex 4.225579e-01 3.498581e+00 -5.604999e+00
      endloop
   endfacet
   facet normal 9.357874e-01 2.077212e-02 3.519522e-01
      outer loop
         vertex 4.187584e-01 -5.959399e-04 -5.600000e+00
         vertex 4.197330e-01 -6.890583e-04 -5.602586e+00
         vertex 4.186031e-01 2.738747e-02 -5.601238e+00
      endloop
   endfacet
   facet normal 9.495243e-01 2.320190e-02 3.128342e-01
      outer loop
         vertex 4.186031e-01 2.738747e-02 -5.601238e+00
         vertex 4.197330e-01 -6.890583e-04 -5.602586e+00
         vertex 4.195513e-01 2.727764e-02 -5.604108e+00
      endloop
   endfacet
   facet normal 9.462408e-01 9.572592e-02 3.089740e-01
      outer loop
         vertex 4.186031e-01 2.738747e-02 -5.601238e+00
         vertex 4.195513e-01 2.727764e-02 -5.604108e+00
         vertex 4.162643e-01 5.507168e-02 -5.602653e+00
      endloop
   endfacet
   facet normal 9.618534e-01 1.004262e-01 2.544652e-01
      outer loop
         vertex 4.162643e-01 5.507168e-02 -5.602653e+00
         vertex 4.195513e-01 2.727764e-02 -5.604108e+00
         vertex 4.172813e-01 5.492619e-02 -5.606440e+00
      endloop
   endfacet
   facet normal 9.495820e-01 1.922711e-01 2.476407e-01
      outer loop
         vertex 4.162643e-01 5.507168e-02 -5.602653e+00
         vertex 4.172813e-01 5.492619e-02 -5.606440e+00
         vertex 4.058367e-01 1.099420e-01 -5.605270e+00
      endloop
   endfacet
   facet normal 9.581453e-01 1.948585e-01 2.097324e-01
      outer loop
         vertex 4.058367e-01 1.099420e-01 -5.605270e+00
         vertex 4.172813e-01 5.492619e-02 -5.606440e+00
         vertex 4.072615e-01 1.096938e-01 -5.611549e+00
      endloop
   endfacet
   facet normal 9.276341e-01 3.166926e-01 1.979920e-01
      outer loop
         vertex 4.058367e-01 1.099420e-01 -5.605270e+00
         vertex 4.072615e-01 1.096938e-01 -5.611549e+00
         vertex 3.698331e-01 2.182745e-01 -5.609866e+00
      endloop
   endfacet
   facet normal 9.170099e-01 3.122526e-01 2.481756e-01
      outer loop
         vertex 3.698331e-01 2.182745e-01 -5.609866e+00
         vertex 4.072615e-01 1.096938e-01 -5.611549e+00
         vertex 3.727849e-01 2.178594e-01 -5.620250e+00
      endloop
   endfacet
   facet normal 9.026961e-01 3.555176e-01 2.423778e-01
      outer loop
         vertex 3.698331e-01 2.182745e-01 -5.609866e+00
         vertex 3.727849e-01 2.178594e-01 -5.620250e+00
         vertex 2.879843e-01 4.332541e-01 -5.620364e+00
      endloop
   endfacet
   facet normal 8.795902e-01 3.464648e-01 3.260110e-01
      outer loop
         vertex 2.879843e-01 4.332541e-01 -5.620364e+00
         vertex 3.727849e-01 2.178594e-01 -5.620250e+00
         vertex 2.944022e-01 4.324025e-01 -5.636774e+00
      endloop
   endfacet
   facet normal 8.767143e-01 3.551237e-01 3.244369e-01
      outer loop
         vertex 2.879843e-01 4.332541e-01 -5.620364e+00
         vertex 2.944022e-01 4.324025e-01 -5.636774e+00
         vertex 2.075513e-01 6.484963e-01 -5.638613e+00
      endloop
   endfacet
   facet normal 8.614856e-01 3.493779e-01 3.684803e-01
      outer loop
         vertex 2.075513e-01 6.484963e-01 -5.638613e+00
         vertex 2.944022e-01 4.324025e-01 -5.636774e+00
         vertex 2.174061e-01 6.465780e-01 -5.659834e+00
      endloop
   endfacet
   facet normal 8.650806e-01 3.373722e-01 3.712350e-01
      outer loop
         vertex 2.075513e-01 6.484963e-01 -5.638613e+00
         vertex 2.174061e-01 6.465780e-01 -5.659834e+00
         vertex 1.339718e-01 8.648124e-01 -5.663737e+00
      endloop
   endfacet
   facet normal 8.532953e-01 3.333973e-01 4.009158e-01
      outer loop
         vertex 1.339718e-01 8.648124e-01 -5.663737e+00
         vertex 2.174061e-01 6.465780e-01 -5.659834e+00
         vertex 1.470049e-01 8.615386e-01 -5.688754e+00
      endloop
   endfacet
   facet normal 8.564310e-01 3.212425e-01 4.041401e-01
      outer loop
         vertex 1.339718e-01 8.648124e-01 -5.663737e+00
         vertex 1.470049e-01 8.615386e-01 -5.688754e+00
         vertex 6.933892e-02 1.084149e+00 -5.701117e+00
      endloop
   endfacet
   facet normal 8.467794e-01 3.190685e-01 4.256288e-01
      outer loop
         vertex 6.933892e-02 1.084149e+00 -5.701117e+00
         vertex 1.470049e-01 8.615386e-01 -5.688754e+00
         vertex 8.502754e-02 1.079853e+00 -5.729109e+00
      endloop
   endfacet
   facet normal 8.655717e-01 2.154693e-01 4.520604e-01
      outer loop
         vertex 6.933892e-02 1.084149e+00 -5.701117e+00
         vertex 8.502754e-02 1.079853e+00 -5.729109e+00
         vertex 2.639919e-02 1.320268e+00 -5.731442e+00
      endloop
   endfacet
   facet normal 8.571542e-01 2.135780e-01 4.686908e-01
      outer loop
         vertex 2.639919e-02 1.320268e+00 -5.731442e+00
         vertex 8.502754e-02 1.079853e+00 -5.729109e+00
         vertex 4.397993e-02 1.316383e+00 -5.761824e+00
      endloop
   endfacet
   facet normal 8.669709e-01 8.981462e-02 4.901988e-01
      outer loop
         vertex 2.639919e-02 1.320268e+00 -5.731442e+00
         vertex 4.397993e-02 1.316383e+00 -5.761824e+00
         vertex 1.137323e-02 1.562793e+00 -5.749303e+00
      endloop
   endfacet
   facet normal 8.617436e-01 8.864828e-02 4.995393e-01
      outer loop
         vertex 1.137323e-02 1.562793e+00 -5.749303e+00
         vertex 4.397993e-02 1.316383e+00 -5.761824e+00
         vertex 3.016862e-02 1.559610e+00 -5.781162e+00
      endloop
   endfacet
   facet normal 8.584449e-01 -4.490921e-02 5.109360e-01
      outer loop
         vertex 1.137323e-02 1.562793e+00 -5.749303e+00
         vertex 3.016862e-02 1.559610e+00 -5.781162e+00
         vertex 2.694577e-02 1.800094e+00 -5.754609e+00
      endloop
   endfacet
   facet normal 8.563335e-01 -4.532335e-02 5.144306e-01
      outer loop
         vertex 2.694577e-02 1.800094e+00 -5.754609e+00
         vertex 3.016862e-02 1.559610e+00 -5.781162e+00
         vertex 4.627297e-02 1.798054e+00 -5.786961e+00
      endloop
   endfacet
   facet normal 8.441213e-01 -1.528116e-01 5.139142e-01
      outer loop
         vertex 2.694577e-02 1.800094e+00 -5.754609e+00
         vertex 4.627297e-02 1.798054e+00 -5.786961e+00
         vertex 6.040851e-02 2.011258e+00 -5.746784e+00
      endloop
   endfacet
   facet normal 8.483443e-01 -1.518279e-01 5.072082e-01
      outer loop
         vertex 6.040851e-02 2.011258e+00 -5.746784e+00
         vertex 4.627297e-02 1.798054e+00 -5.786961e+00
         vertex 7.951004e-02 2.011649e+00 -5.778615e+00
      endloop
   endfacet
   facet normal 8.363485e-01 -2.267854e-01 4.990887e-01
      outer loop
         vertex 6.040851e-02 2.011258e+00 -5.746784e+00
         vertex 7.951004e-02 2.011649e+00 -5.778615e+00
         vertex 1.029962e-01 2.215659e+00 -5.725271e+00
      endloop
   endfacet
   facet normal 8.490028e-01 -2.229964e-01 4.790269e-01
      outer loop
         vertex 1.029962e-01 2.215659e+00 -5.725271e+00
         vertex 7.951004e-02 2.011649e+00 -5.778615e+00
         vertex 1.208708e-01 2.218596e+00 -5.755583e+00
      endloop
   endfacet
   facet normal 8.358374e-01 -2.925662e-01 4.645221e-01
      outer loop
         vertex 1.029962e-01 2.215659e+00 -5.725271e+00
         vertex 1.208708e-01 2.218596e+00 -5.755583e+00
         vertex 1.550446e-01 2.419803e+00 -5.690349e+00
      endloop
   endfacet
   facet normal 8.550656e-01 -2.855503e-01 4.328093e-01
      outer loop
         vertex 1.550446e-01 2.419803e+00 -5.690349e+00
         vertex 1.208708e-01 2.218596e+00 -5.755583e+00
         vertex 1.707668e-01 2.424613e+00 -5.718237e+00
      endloop
   endfacet
   facet normal 8.462958e-01 -3.267107e-01 4.207654e-01
      outer loop
         vertex 1.550446e-01 2.419803e+00 -5.690349e+00
         vertex 1.707668e-01 2.424613e+00 -5.718237e+00
         vertex 2.140790e-01 2.626260e+00 -5.648779e+00
      endloop
   endfacet
   facet normal 8.616955e-01 -3.205712e-01 3.933384e-01
      outer loop
         vertex 2.140790e-01 2.626260e+00 -5.648779e+00
         vertex 1.707668e-01 2.424613e+00 -5.718237e+00
         vertex 2.269661e-01 2.630254e+00 -5.673756e+00
      endloop
   endfacet
   facet normal 8.656514e-01 -3.035926e-01 3.980944e-01
      outer loop
         vertex 2.140790e-01 2.626260e+00 -5.648779e+00
         vertex 2.269661e-01 2.630254e+00 -5.673756e+00
         vertex 2.765817e-01 2.837666e+00 -5.623470e+00
      endloop
   endfacet
   facet normal 8.804918e-01 -2.996817e-01 3.673216e-01
      outer loop
         vertex 2.765817e-01 2.837666e+00 -5.623470e+00
         vertex 2.269661e-01 2.630254e+00 -5.673756e+00
         vertex 2.862845e-01 2.840150e+00 -5.644701e+00
      endloop
   endfacet
   facet normal 8.851424e-01 -2.798418e-01 3.717681e-01
      outer loop
         vertex 2.765817e-01 2.837666e+00 -5.623470e+00
         vertex 2.862845e-01 2.840150e+00 -5.644701e+00
         vertex 3.384288e-01 3.053596e+00 -5.608184e+00
      endloop
   endfacet
   facet normal 9.030831e-01 -2.767990e-01 3.283643e-01
      outer loop
         vertex 3.384288e-01 3.053596e+00 -5.608184e+00
         vertex 2.862845e-01 2.840150e+00 -5.644701e+00
         vertex 3.447533e-01 3.054740e+00 -5.624613e+00
      endloop
   endfacet
   facet normal 9.116615e-01 -2.389901e-01 3.343007e-01
      outer loop
         vertex 3.384288e-01 3.053596e+00 -5.608184e+00
         vertex 3.447533e-01 3.054740e+00 -5.624613e+00
         vertex 3.948748e-01 3.275163e+00 -5.603719e+00
      endloop
   endfacet
   facet normal 9.381691e-01 -2.372272e-01 2.521152e-01
      outer loop
         vertex 3.948748e-01 3.275163e+00 -5.603719e+00
         vertex 3.447533e-01 3.054740e+00 -5.624613e+00
         vertex 3.977823e-01 3.275613e+00 -5.614115e+00
      endloop
   endfacet
   facet normal 9.447541e-01 -2.055408e-01 2.553287e-01
      outer loop
         vertex 3.948748e-01 3.275163e+00 -5.603719e+00
         vertex 3.977823e-01 3.275613e+00 -5.614115e+00
         vertex 4.187291e-01 3.386706e+00 -5.602190e+00
      endloop
   endfacet
   facet normal 9.573088e-01 -2.026300e-01 2.061578e-01
      outer loop
         vertex 4.187291e-01 3.386706e+00 -5.602190e+00
         vertex 3.977823e-01 3.275613e+00 -5.614115e+00
         vertex 4.201327e-01 3.386945e+00 -5.608473e+00
      endloop
   endfacet
   facet normal 9.738064e-01 -7.487863e-02 2.146959e-01
      outer loop
         vertex 4.187291e-01 3.386706e+00 -5.602190e+00
         vertex 4.201327e-01 3.386945e+00 -5.608473e+00
         vertex 4.227791e-01 3.442490e+00 -5.601104e+00
      endloop
   endfacet
   facet normal 9.645094e-01 -7.936315e-02 2.518394e-01
      outer loop
         vertex 4.227791e-01 3.442490e+00 -5.601104e+00
         vertex 4.201327e-01 3.386945e+00 -5.608473e+00
         vertex 4.237821e-01 3.442647e+00 -5.604896e+00
      endloop
   endfacet
   facet normal 9.661138e-01 2.714670e-02 2.566849e-01
      outer loop
         vertex 4.227791e-01 3.442490e+00 -5.601104e+00
         vertex 4.237821e-01 3.442647e+00 -5.604896e+00
         vertex 4.218237e-01 3.470361e+00 -5.600456e+00
      endloop
   endfacet
   facet normal 9.505164e-01 1.747345e-02 3.101827e-01
      outer loop
         vertex 4.218237e-01 3.470361e+00 -5.600456e+00
         vertex 4.237821e-01 3.442647e+00 -5.604896e+00
         vertex 4.227593e-01 3.470497e+00 -5.603331e+00
      endloop
   endfacet
   facet normal 9.450960e-01 9.665942e-02 3.121707e-01
      outer loop
         vertex 4.218237e-01 3.470361e+00 -5.600456e+00
         vertex 4.227593e-01 3.470497e+00 -5.603331e+00
         vertex 4.188295e-01 3.498164e+00 -5.600000e+00
      endloop
   endfacet
   facet normal 9.318088e-01 9.002407e-02 3.516078e-01
      outer loop
         vertex 4.188295e-01 3.498164e+00 -5.600000e+00
         vertex 4.227593e-01 3.470497e+00 -5.603331e+00
         vertex 4.197933e-01 3.498296e+00 -5.602588e+00
      endloop
   endfacet
   facet normal 9.366198e-01 -5.819901e-03 -3.502991e-01
      outer loop
         vertex 4.197262e-01 -4.483242e-04 -5.597414e+00
         vertex 4.187584e-01 -5.959399e-04 -5.600000e+00
         vertex 4.195432e-01 2.754820e-02 -5.598369e+00
      endloop
   endfacet
   facet normal 9.504050e-01 -8.487240e-03 -3.108991e-01
      outer loop
         vertex 4.195432e-01 2.754820e-02 -5.598369e+00
         vertex 4.187584e-01 -5.959399e-04 -5.600000e+00
         vertex 4.186031e-01 2.738747e-02 -5.601238e+00
      endloop
   endfacet
   facet normal 9.466398e-01 7.190877e-02 -3.141690e-01
      outer loop
         vertex 4.195432e-01 2.754820e-02 -5.598369e+00
         vertex 4.186031e-01 2.738747e-02 -5.601238e+00
         vertex 4.172720e-01 5.527583e-02 -5.598866e+00
      endloop
   endfacet
   facet normal 9.632179e-01 6.808766e-02 -2.599525e-01
      outer loop
         vertex 4.172720e-01 5.527583e-02 -5.598866e+00
         vertex 4.186031e-01 2.738747e-02 -5.601238e+00
         vertex 4.162643e-01 5.507168e-02 -5.602653e+00
      endloop
   endfacet
   facet normal 9.495420e-01 1.725000e-01 -2.619422e-01
      outer loop
         vertex 4.172720e-01 5.527583e-02 -5.598866e+00
         vertex 4.162643e-01 5.507168e-02 -5.602653e+00
         vertex 4.072461e-01 1.102732e-01 -5.598992e+00
      endloop
   endfacet
   facet normal 9.592711e-01 1.715989e-01 -2.243944e-01
      outer loop
         vertex 4.072461e-01 1.102732e-01 -5.598992e+00
         vertex 4.162643e-01 5.507168e-02 -5.602653e+00
         vertex 4.058367e-01 1.099420e-01 -5.605270e+00
      endloop
   endfacet
   facet normal 9.291118e-01 2.941689e-01 -2.240891e-01
      outer loop
         vertex 4.072461e-01 1.102732e-01 -5.598992e+00
         vertex 4.058367e-01 1.099420e-01 -5.605270e+00
         vertex 3.727541e-01 2.188415e-01 -5.599481e+00
      endloop
   endfacet
   facet normal 9.161507e-01 2.928675e-01 -2.736724e-01
      outer loop
         vertex 3.727541e-01 2.188415e-01 -5.599481e+00
         vertex 4.058367e-01 1.099420e-01 -5.605270e+00
         vertex 3.698331e-01 2.182745e-01 -5.609866e+00
      endloop
   endfacet
   facet normal 9.060215e-01 3.238228e-01 -2.725138e-01
      outer loop
         vertex 3.727541e-01 2.188415e-01 -5.599481e+00
         vertex 3.698331e-01 2.182745e-01 -5.609866e+00
         vertex 2.943462e-01 4.344546e-01 -5.603953e+00
      endloop
   endfacet
   facet normal 8.765868e-01 3.160181e-01 -3.629437e-01
      outer loop
         vertex 2.943462e-01 4.344546e-01 -5.603953e+00
         vertex 3.698331e-01 2.182745e-01 -5.609866e+00
         vertex 2.879843e-01 4.332541e-01 -5.620364e+00
      endloop
   endfacet
   facet normal 8.843139e-01 2.921508e-01 -3.641933e-01
      outer loop
         vertex 2.943462e-01 4.344546e-01 -5.603953e+00
         vertex 2.879843e-01 4.332541e-01 -5.620364e+00
         vertex 2.172981e-01 6.509189e-01 -5.617392e+00
      endloop
   endfacet
   facet normal 8.584194e-01 2.845957e-01 -4.267569e-01
      outer loop
         vertex 2.172981e-01 6.509189e-01 -5.617392e+00
         vertex 2.879843e-01 4.332541e-01 -5.620364e+00
         vertex 2.075513e-01 6.484963e-01 -5.638613e+00
      endloop
   endfacet
   facet normal 8.714593e-01 2.401209e-01 -4.276687e-01
      outer loop
         vertex 2.172981e-01 6.509189e-01 -5.617392e+00
         vertex 2.075513e-01 6.484963e-01 -5.638613e+00
         vertex 1.468296e-01 8.686793e-01 -5.638721e+00
      endloop
   endfacet
   facet normal 8.495146e-01 2.340470e-01 -4.728075e-01
      outer loop
         vertex 1.468296e-01 8.686793e-01 -5.638721e+00
         vertex 2.075513e-01 6.484963e-01 -5.638613e+00
         vertex 1.339718e-01 8.648124e-01 -5.663737e+00
      endloop
   endfacet
   facet normal 8.655752e-01 1.697646e-01 -4.711259e-01
      outer loop
         vertex 1.468296e-01 8.686793e-01 -5.638721e+00
         vertex 1.339718e-01 8.648124e-01 -5.663737e+00
         vertex 8.492910e-02 1.088814e+00 -5.673124e+00
      endloop
   endfacet
   facet normal 8.497105e-01 1.650497e-01 -5.007501e-01
      outer loop
         vertex 8.492910e-02 1.088814e+00 -5.673124e+00
         vertex 1.339718e-01 8.648124e-01 -5.663737e+00
         vertex 6.933892e-02 1.084149e+00 -5.701117e+00
      endloop
   endfacet
   facet normal 8.634900e-01 9.101635e-02 -4.960858e-01
      outer loop
         vertex 8.492910e-02 1.088814e+00 -5.673124e+00
         vertex 6.933892e-02 1.084149e+00 -5.701117e+00
         vertex 4.419440e-02 1.323004e+00 -5.701061e+00
      endloop
   endfacet
   facet normal 8.557975e-01 9.020966e-02 -5.093848e-01
      outer loop
         vertex 4.419440e-02 1.323004e+00 -5.701061e+00
         vertex 6.933892e-02 1.084149e+00 -5.701117e+00
         vertex 2.639919e-02 1.320268e+00 -5.731442e+00
      endloop
   endfacet
   facet normal 8.621999e-01 1.487149e-02 -5.063498e-01
      outer loop
         vertex 4.419440e-02 1.323004e+00 -5.701061e+00
         vertex 2.639919e-02 1.320268e+00 -5.731442e+00
         vertex 3.043461e-02 1.562925e+00 -5.717444e+00
      endloop
   endfacet
   facet normal 8.580027e-01 1.534891e-02 -5.134158e-01
      outer loop
         vertex 3.043461e-02 1.562925e+00 -5.717444e+00
         vertex 2.639919e-02 1.320268e+00 -5.731442e+00
         vertex 1.137323e-02 1.562793e+00 -5.749303e+00
      endloop
   endfacet
   facet normal 8.562635e-01 -6.811283e-02 -5.120288e-01
      outer loop
         vertex 3.043461e-02 1.562925e+00 -5.717444e+00
         vertex 1.137323e-02 1.562793e+00 -5.749303e+00
         vertex 4.623342e-02 1.797710e+00 -5.722256e+00
      endloop
   endfacet
   facet normal 8.547781e-01 -6.759956e-02 -5.145723e-01
      outer loop
         vertex 4.623342e-02 1.797710e+00 -5.722256e+00
         vertex 1.137323e-02 1.562793e+00 -5.749303e+00
         vertex 2.694577e-02 1.800094e+00 -5.754609e+00
      endloop
   endfacet
   facet normal 8.494522e-01 -1.153066e-01 -5.149129e-01
      outer loop
         vertex 4.623342e-02 1.797710e+00 -5.722256e+00
         vertex 2.694577e-02 1.800094e+00 -5.754609e+00
         vertex 7.913211e-02 2.007451e+00 -5.714952e+00
      endloop
   endfacet
   facet normal 8.500570e-01 -1.156652e-01 -5.138333e-01
      outer loop
         vertex 7.913211e-02 2.007451e+00 -5.714952e+00
         vertex 2.694577e-02 1.800094e+00 -5.754609e+00
         vertex 6.040851e-02 2.011258e+00 -5.746784e+00
      endloop
   endfacet
   facet normal 8.490650e-01 -1.220026e-01 -5.140077e-01
      outer loop
         vertex 7.913211e-02 2.007451e+00 -5.714952e+00
         vertex 6.040851e-02 2.011258e+00 -5.746784e+00
         vertex 1.204632e-01 2.210856e+00 -5.694958e+00
      endloop
   endfacet
   facet normal 8.511941e-01 -1.236645e-01 -5.100741e-01
      outer loop
         vertex 1.204632e-01 2.210856e+00 -5.694958e+00
         vertex 6.040851e-02 2.011258e+00 -5.746784e+00
         vertex 1.029962e-01 2.215659e+00 -5.725271e+00
      endloop
   endfacet
   facet normal 8.504257e-01 -1.279221e-01 -5.103059e-01
      outer loop
         vertex 1.204632e-01 2.210856e+00 -5.694958e+00
         vertex 1.029962e-01 2.215659e+00 -5.725271e+00
         vertex 1.705905e-01 2.414469e+00 -5.662462e+00
      endloop
   endfacet
   facet normal 8.548366e-01 -1.321095e-01 -5.017982e-01
      outer loop
         vertex 1.705905e-01 2.414469e+00 -5.662462e+00
         vertex 1.029962e-01 2.215659e+00 -5.725271e+00
         vertex 1.550446e-01 2.419803e+00 -5.690349e+00
      endloop
   endfacet
   facet normal 8.535599e-01 -1.383703e-01 -5.022840e-01
      outer loop
         vertex 1.705905e-01 2.414469e+00 -5.662462e+00
         vertex 1.550446e-01 2.419803e+00 -5.690349e+00
         vertex 2.270827e-01 2.622618e+00 -5.623803e+00
      endloop
   endfacet
   facet normal 8.673073e-01 -1.525973e-01 -4.738059e-01
      outer loop
         vertex 2.270827e-01 2.622618e+00 -5.623803e+00
         vertex 1.550446e-01 2.419803e+00 -5.690349e+00
         vertex 2.140790e-01 2.626260e+00 -5.648779e+00
      endloop
   endfacet
   facet normal 8.589762e-01 -1.909780e-01 -4.750655e-01
      outer loop
         vertex 2.270827e-01 2.622618e+00 -5.623803e+00
         vertex 2.140790e-01 2.626260e+00 -5.648779e+00
         vertex 2.864641e-01 2.836060e+00 -5.602238e+00
      endloop
   endfacet
   facet normal 8.803622e-01 -2.093275e-01 -4.256106e-01
      outer loop
         vertex 2.864641e-01 2.836060e+00 -5.602238e+00
         vertex 2.140790e-01 2.626260e+00 -5.648779e+00
         vertex 2.765817e-01 2.837666e+00 -5.623470e+00
      endloop
   endfacet
   facet normal 8.789375e-01 -2.156036e-01 -4.254222e-01
      outer loop
         vertex 2.864641e-01 2.836060e+00 -5.602238e+00
         vertex 2.765817e-01 2.837666e+00 -5.623470e+00
         vertex 3.448530e-01 3.053404e+00 -5.591755e+00
      endloop
   endfacet
   facet normal 9.045777e-01 -2.338583e-01 -3.564399e-01
      outer loop
         vertex 3.448530e-01 3.053404e+00 -5.591755e+00
         vertex 2.765817e-01 2.837666e+00 -5.623470e+00
         vertex 3.384288e-01 3.053596e+00 -5.608184e+00
      endloop
   endfacet
   facet normal 9.077862e-01 -2.193171e-01 -3.575251e-01
      outer loop
         vertex 3.448530e-01 3.053404e+00 -5.591755e+00
         vertex 3.384288e-01 3.053596e+00 -5.608184e+00
         vertex 3.978212e-01 3.275204e+00 -5.593323e+00
      endloop
   endfacet
   facet normal 9.358504e-01 -2.330901e-01 -2.642974e-01
      outer loop
         vertex 3.978212e-01 3.275204e+00 -5.593323e+00
         vertex 3.384288e-01 3.053596e+00 -5.608184e+00
         vertex 3.948748e-01 3.275163e+00 -5.603719e+00
      endloop
   endfacet
   facet normal 9.438085e-01 -1.951760e-01 -2.667057e-01
      outer loop
         vertex 3.978212e-01 3.275204e+00 -5.593323e+00
         vertex 3.948748e-01 3.275163e+00 -5.603719e+00
         vertex 4.201514e-01 3.386718e+00 -5.595908e+00
      endloop
   endfacet
   facet normal 9.554216e-01 -2.013633e-01 -2.159222e-01
      outer loop
         vertex 4.201514e-01 3.386718e+00 -5.595908e+00
         vertex 3.948748e-01 3.275163e+00 -5.603719e+00
         vertex 4.187291e-01 3.386706e+00 -5.602190e+00
      endloop
   endfacet
   facet normal 9.730191e-01 -6.906202e-02 -2.201462e-01
      outer loop
         vertex 4.201514e-01 3.386718e+00 -5.595908e+00
         vertex 4.187291e-01 3.386706e+00 -5.602190e+00
         vertex 4.237935e-01 3.442510e+00 -5.597312e+00
      endloop
   endfacet
   facet normal 9.640710e-01 -6.497828e-02 -2.575752e-01
      outer loop
         vertex 4.237935e-01 3.442510e+00 -5.597312e+00
         vertex 4.187291e-01 3.386706e+00 -5.602190e+00
         vertex 4.227791e-01 3.442490e+00 -5.601104e+00
      endloop
   endfacet
   facet normal 9.654582e-01 3.297102e-02 -2.584635e-01
      outer loop
         vertex 4.237935e-01 3.442510e+00 -5.597312e+00
         vertex 4.227791e-01 3.442490e+00 -5.601104e+00
         vertex 4.227695e-01 3.470385e+00 -5.597582e+00
      endloop
   endfacet
   facet normal 9.490510e-01 3.980175e-02 -3.125987e-01
      outer loop
         vertex 4.227695e-01 3.470385e+00 -5.597582e+00
         vertex 4.227791e-01 3.442490e+00 -5.601104e+00
         vertex 4.218237e-01 3.470361e+00 -5.600456e+00
      endloop
   endfacet
   facet normal 9.446225e-01 1.026944e-01 -3.116765e-01
      outer loop
         vertex 4.227695e-01 3.470385e+00 -5.597582e+00
         vertex 4.218237e-01 3.470361e+00 -5.600456e+00
         vertex 4.198017e-01 3.498199e+00 -5.597412e+00
      endloop
   endfacet
   facet normal 9.303635e-01 1.059579e-01 -3.509937e-01
      outer loop
         vertex 4.198017e-01 3.498199e+00 -5.597412e+00
         vertex 4.218237e-01 3.470361e+00 -5.600456e+00
         vertex 4.188295e-01 3.498164e+00 -5.600000e+00
      endloop
   endfacet
   facet normal 6.560148e-01 -1.245297e-02 -7.546453e-01
      outer loop
         vertex 4.225009e-01 -2.582283e-04 -5.595006e+00
         vertex 4.197262e-01 -4.483242e-04 -5.597414e+00
         vertex 4.222397e-01 2.774706e-02 -5.595695e+00
      endloop
   endfacet
   facet normal 7.047657e-01 -1.957247e-02 -7.091701e-01
      outer loop
         vertex 4.222397e-01 2.774706e-02 -5.595695e+00
         vertex 4.197262e-01 -4.483242e-04 -5.597414e+00
         vertex 4.195432e-01 2.754820e-02 -5.598369e+00
      endloop
   endfacet
   facet normal 7.005476e-01 6.153267e-02 -7.109479e-01
      outer loop
         vertex 4.222397e-01 2.774706e-02 -5.595695e+00
         vertex 4.195432e-01 2.754820e-02 -5.598369e+00
         vertex 4.201629e-01 5.552263e-02 -5.595337e+00
      endloop
   endfacet
   facet normal 7.707396e-01 5.175104e-02 -6.350452e-01
      outer loop
         vertex 4.201629e-01 5.552263e-02 -5.595337e+00
         vertex 4.195432e-01 2.754820e-02 -5.598369e+00
         vertex 4.172720e-01 5.527583e-02 -5.598866e+00
      endloop
   endfacet
   facet normal 7.600130e-01 1.474820e-01 -6.329529e-01
      outer loop
         vertex 4.201629e-01 5.552263e-02 -5.595337e+00
         vertex 4.172720e-01 5.527583e-02 -5.598866e+00
         vertex 4.112920e-01 1.106618e-01 -5.593141e+00
      endloop
   endfacet
   facet normal 8.090842e-01 1.461925e-01 -5.692192e-01
      outer loop
         vertex 4.112920e-01 1.106618e-01 -5.593141e+00
         vertex 4.172720e-01 5.527583e-02 -5.598866e+00
         vertex 4.072461e-01 1.102732e-01 -5.598992e+00
      endloop
   endfacet
   facet normal 7.917180e-01 2.365861e-01 -5.632136e-01
      outer loop
         vertex 4.112920e-01 1.106618e-01 -5.593141e+00
         vertex 4.072461e-01 1.102732e-01 -5.598992e+00
         vertex 3.811378e-01 2.195166e-01 -5.589803e+00
      endloop
   endfacet
   facet normal 7.279088e-01 2.283444e-01 -6.465351e-01
      outer loop
         vertex 3.811378e-01 2.195166e-01 -5.589803e+00
         vertex 4.072461e-01 1.102732e-01 -5.598992e+00
         vertex 3.727541e-01 2.188415e-01 -5.599481e+00
      endloop
   endfacet
   facet normal 7.267777e-01 2.336185e-01 -6.459230e-01
      outer loop
         vertex 3.811378e-01 2.195166e-01 -5.589803e+00
         vertex 3.727541e-01 2.188415e-01 -5.599481e+00
         vertex 3.125956e-01 4.359096e-01 -5.588660e+00
      endloop
   endfacet
   facet normal 6.182419e-01 2.091087e-01 -7.576612e-01
      outer loop
         vertex 3.125956e-01 4.359096e-01 -5.588660e+00
         vertex 3.727541e-01 2.188415e-01 -5.599481e+00
         vertex 2.943462e-01 4.344546e-01 -5.603953e+00
      endloop
   endfacet
   facet normal 6.261547e-01 1.622012e-01 -7.626409e-01
      outer loop
         vertex 3.125956e-01 4.359096e-01 -5.588660e+00
         vertex 2.943462e-01 4.344546e-01 -5.603953e+00
         vertex 2.452781e-01 6.536628e-01 -5.597617e+00
      endloop
   endfacet
   facet normal 5.609113e-01 1.490911e-01 -8.143405e-01
      outer loop
         vertex 2.452781e-01 6.536628e-01 -5.597617e+00
         vertex 2.943462e-01 4.344546e-01 -5.603953e+00
         vertex 2.172981e-01 6.509189e-01 -5.617392e+00
      endloop
   endfacet
   facet normal 5.685319e-01 9.318760e-02 -8.173663e-01
      outer loop
         vertex 2.452781e-01 6.536628e-01 -5.597617e+00
         vertex 2.172981e-01 6.509189e-01 -5.617392e+00
         vertex 1.837721e-01 8.728544e-01 -5.615409e+00
      endloop
   endfacet
   facet normal 5.246120e-01 8.681693e-02 -8.469033e-01
      outer loop
         vertex 1.837721e-01 8.728544e-01 -5.615409e+00
         vertex 2.172981e-01 6.509189e-01 -5.617392e+00
         vertex 1.468296e-01 8.686793e-01 -5.638721e+00
      endloop
   endfacet
   facet normal 5.328708e-01 9.498021e-03 -8.461433e-01
      outer loop
         vertex 1.837721e-01 8.728544e-01 -5.615409e+00
         vertex 1.468296e-01 8.686793e-01 -5.638721e+00
         vertex 1.296122e-01 1.093518e+00 -5.647040e+00
      endloop
   endfacet
   facet normal 5.036204e-01 6.601136e-03 -8.638999e-01
      outer loop
         vertex 1.296122e-01 1.093518e+00 -5.647040e+00
         vertex 1.468296e-01 8.686793e-01 -5.638721e+00
         vertex 8.492910e-02 1.088814e+00 -5.673124e+00
      endloop
   endfacet
   facet normal 5.056172e-01 -1.998539e-02 -8.625264e-01
      outer loop
         vertex 1.296122e-01 1.093518e+00 -5.647040e+00
         vertex 8.492910e-02 1.088814e+00 -5.673124e+00
         vertex 9.488232e-02 1.324446e+00 -5.672750e+00
      endloop
   endfacet
   facet normal 4.879599e-01 -1.922342e-02 -8.726543e-01
      outer loop
         vertex 9.488232e-02 1.324446e+00 -5.672750e+00
         vertex 8.492910e-02 1.088814e+00 -5.673124e+00
         vertex 4.419440e-02 1.323004e+00 -5.701061e+00
      endloop
   endfacet
   facet normal 4.880905e-01 -3.443653e-02 -8.721134e-01
      outer loop
         vertex 9.488232e-02 1.324446e+00 -5.672750e+00
         vertex 4.419440e-02 1.323004e+00 -5.701061e+00
         vertex 8.469415e-02 1.560107e+00 -5.687757e+00
      endloop
   endfacet
   facet normal 4.784360e-01 -3.248399e-02 -8.775214e-01
      outer loop
         vertex 8.469415e-02 1.560107e+00 -5.687757e+00
         vertex 4.419440e-02 1.323004e+00 -5.701061e+00
         vertex 3.043461e-02 1.562925e+00 -5.717444e+00
      endloop
   endfacet
   facet normal 4.773179e-01 -5.109292e-02 -8.772441e-01
      outer loop
         vertex 8.469415e-02 1.560107e+00 -5.687757e+00
         vertex 3.043461e-02 1.562925e+00 -5.717444e+00
         vertex 1.014346e-01 1.791223e+00 -5.692109e+00
      endloop
   endfacet
   facet normal 4.741896e-01 -4.992446e-02 -8.790062e-01
      outer loop
         vertex 1.014346e-01 1.791223e+00 -5.692109e+00
         vertex 3.043461e-02 1.562925e+00 -5.717444e+00
         vertex 4.623342e-02 1.797710e+00 -5.722256e+00
      endloop
   endfacet
   facet normal 4.749636e-01 -4.307930e-02 -8.789504e-01
      outer loop
         vertex 1.014346e-01 1.791223e+00 -5.692109e+00
         vertex 4.623342e-02 1.797710e+00 -5.722256e+00
         vertex 1.330464e-01 2.000612e+00 -5.685289e+00
      endloop
   endfacet
   facet normal 4.772428e-01 -4.429057e-02 -8.776546e-01
      outer loop
         vertex 1.330464e-01 2.000612e+00 -5.685289e+00
         vertex 4.623342e-02 1.797710e+00 -5.722256e+00
         vertex 7.913211e-02 2.007451e+00 -5.714952e+00
      endloop
   endfacet
   facet normal 4.811148e-01 -9.234704e-03 -8.766090e-01
      outer loop
         vertex 1.330464e-01 2.000612e+00 -5.685289e+00
         vertex 7.913211e-02 2.007451e+00 -5.714952e+00
         vertex 1.708122e-01 2.204583e+00 -5.666711e+00
      endloop
   endfacet
   facet normal 4.879724e-01 -1.336668e-02 -8.727567e-01
      outer loop
         vertex 1.708122e-01 2.204583e+00 -5.666711e+00
         vertex 7.913211e-02 2.007451e+00 -5.714952e+00
         vertex 1.204632e-01 2.210856e+00 -5.694958e+00
      endloop
   endfacet
   facet normal 4.912539e-01 2.206799e-02 -8.707368e-01
      outer loop
         vertex 1.708122e-01 2.204583e+00 -5.666711e+00
         vertex 1.204632e-01 2.210856e+00 -5.694958e+00
         vertex 2.152221e-01 2.408993e+00 -5.636475e+00
      endloop
   endfacet
   facet normal 5.043722e-01 1.362239e-02 -8.633789e-01
      outer loop
         vertex 2.152221e-01 2.408993e+00 -5.636475e+00
         vertex 1.204632e-01 2.210856e+00 -5.694958e+00
         vertex 1.705905e-01 2.414469e+00 -5.662462e+00
      endloop
   endfacet
   facet normal 5.056658e-01 2.966917e-02 -8.622192e-01
      outer loop
         vertex 2.152221e-01 2.408993e+00 -5.636475e+00
         vertex 1.705905e-01 2.414469e+00 -5.662462e+00
         vertex 2.641614e-01 2.619562e+00 -5.600528e+00
      endloop
   endfacet
   facet normal 5.323574e-01 1.272170e-02 -8.464241e-01
      outer loop
         vertex 2.641614e-01 2.619562e+00 -5.600528e+00
         vertex 1.705905e-01 2.414469e+00 -5.662462e+00
         vertex 2.270827e-01 2.622618e+00 -5.623803e+00
      endloop
   endfacet
   facet normal 5.278305e-01 -5.224675e-02 -8.477412e-01
      outer loop
         vertex 2.641614e-01 2.619562e+00 -5.600528e+00
         vertex 2.270827e-01 2.622618e+00 -5.623803e+00
         vertex 3.145547e-01 2.835409e+00 -5.582454e+00
      endloop
   endfacet
   facet normal 5.729170e-01 -7.694952e-02 -8.159932e-01
      outer loop
         vertex 3.145547e-01 2.835409e+00 -5.582454e+00
         vertex 2.270827e-01 2.622618e+00 -5.623803e+00
         vertex 2.864641e-01 2.836060e+00 -5.602238e+00
      endloop
   endfacet
   facet normal 5.710485e-01 -1.044465e-01 -8.142447e-01
      outer loop
         vertex 3.145547e-01 2.835409e+00 -5.582454e+00
         vertex 2.864641e-01 2.836060e+00 -5.602238e+00
         vertex 3.631302e-01 3.054145e+00 -5.576445e+00
      endloop
   endfacet
   facet normal 6.394403e-01 -1.352776e-01 -7.568462e-01
      outer loop
         vertex 3.631302e-01 3.054145e+00 -5.576445e+00
         vertex 2.864641e-01 2.836060e+00 -5.602238e+00
         vertex 3.448530e-01 3.053404e+00 -5.591755e+00
      endloop
   endfacet
   facet normal 6.385258e-01 -1.486526e-01 -7.551074e-01
      outer loop
         vertex 3.631302e-01 3.054145e+00 -5.576445e+00
         vertex 3.448530e-01 3.053404e+00 -5.591755e+00
         vertex 4.062105e-01 3.275717e+00 -5.583636e+00
      endloop
   endfacet
   facet normal 7.479405e-01 -1.831275e-01 -6.380042e-01
      outer loop
         vertex 4.062105e-01 3.275717e+00 -5.583636e+00
         vertex 3.448530e-01 3.053404e+00 -5.591755e+00
         vertex 3.978212e-01 3.275204e+00 -5.593323e+00
      endloop
   endfacet
   facet normal 7.505396e-01 -1.583804e-01 -6.415653e-01
      outer loop
         vertex 4.062105e-01 3.275717e+00 -5.583636e+00
         vertex 3.978212e-01 3.275204e+00 -5.593323e+00
         vertex 4.242011e-01 3.386969e+00 -5.590053e+00
      endloop
   endfacet
   facet normal 8.131280e-01 -1.756876e-01 -5.549384e-01
      outer loop
         vertex 4.242011e-01 3.386969e+00 -5.590053e+00
         vertex 3.978212e-01 3.275204e+00 -5.593323e+00
         vertex 4.201514e-01 3.386718e+00 -5.595908e+00
      endloop
   endfacet
   facet normal 8.216207e-01 -7.438544e-02 -5.651604e-01
      outer loop
         vertex 4.242011e-01 3.386969e+00 -5.590053e+00
         vertex 4.201514e-01 3.386718e+00 -5.595908e+00
         vertex 4.266839e-01 3.442700e+00 -5.593779e+00
      endloop
   endfacet
   facet normal 7.740622e-01 -6.638506e-02 -6.296195e-01
      outer loop
         vertex 4.266839e-01 3.442700e+00 -5.593779e+00
         vertex 4.201514e-01 3.386718e+00 -5.595908e+00
         vertex 4.237935e-01 3.442510e+00 -5.597312e+00
      endloop
   endfacet
   facet normal 7.737797e-01 8.317863e-03 -6.334001e-01
      outer loop
         vertex 4.266839e-01 3.442700e+00 -5.593779e+00
         vertex 4.237935e-01 3.442510e+00 -5.597312e+00
         vertex 4.254646e-01 3.470563e+00 -5.594903e+00
      endloop
   endfacet
   facet normal 7.042254e-01 1.901735e-02 -7.097217e-01
      outer loop
         vertex 4.254646e-01 3.470563e+00 -5.594903e+00
         vertex 4.237935e-01 3.442510e+00 -5.597312e+00
         vertex 4.227695e-01 3.470385e+00 -5.597582e+00
      endloop
   endfacet
   facet normal 7.009103e-01 7.028855e-02 -7.097776e-01
      outer loop
         vertex 4.254646e-01 3.470563e+00 -5.594903e+00
         vertex 4.227695e-01 3.470385e+00 -5.597582e+00
         vertex 4.225741e-01 3.498394e+00 -5.595001e+00
      endloop
   endfacet
   facet normal 6.514626e-01 7.411504e-02 -7.550519e-01
      outer loop
         vertex 4.225741e-01 3.498394e+00 -5.595001e+00
         vertex 4.227695e-01 3.470385e+00 -5.597582e+00
         vertex 4.198017e-01 3.498199e+00 -5.597412e+00
      endloop
   endfacet
   facet normal 4.434634e-01 -8.786644e-03 -8.962494e-01
      outer loop
         vertex 4.266865e-01 -4.440750e-05 -5.592937e+00
         vertex 4.225009e-01 -2.582283e-04 -5.595006e+00
         vertex 4.263078e-01 2.796508e-02 -5.593399e+00
      endloop
   endfacet
   facet normal 4.921489e-01 -1.682850e-02 -8.703484e-01
      outer loop
         vertex 4.263078e-01 2.796508e-02 -5.593399e+00
         vertex 4.225009e-01 -2.582283e-04 -5.595006e+00
         vertex 4.222397e-01 2.774706e-02 -5.595695e+00
      endloop
   endfacet
   facet normal 4.878201e-01 6.542675e-02 -8.704889e-01
      outer loop
         vertex 4.263078e-01 2.796508e-02 -5.593399e+00
         vertex 4.222397e-01 2.774706e-02 -5.595695e+00
         vertex 4.245247e-01 5.578902e-02 -5.592307e+00
      endloop
   endfacet
   facet normal 5.676060e-01 5.301746e-02 -8.215915e-01
      outer loop
         vertex 4.245247e-01 5.578902e-02 -5.592307e+00
         vertex 4.222397e-01 2.774706e-02 -5.595695e+00
         vertex 4.201629e-01 5.552263e-02 -5.595337e+00
      endloop
   endfacet
   facet normal 5.598980e-01 1.341512e-01 -8.176293e-01
      outer loop
         vertex 4.245247e-01 5.578902e-02 -5.592307e+00
         vertex 4.201629e-01 5.552263e-02 -5.595337e+00
         vertex 4.173969e-01 1.110724e-01 -5.588117e+00
      endloop
   endfacet
   facet normal 6.246785e-01 1.311588e-01 -7.697883e-01
      outer loop
         vertex 4.173969e-01 1.110724e-01 -5.588117e+00
         vertex 4.201629e-01 5.552263e-02 -5.595337e+00
         vertex 4.112920e-01 1.106618e-01 -5.593141e+00
      endloop
   endfacet
   facet normal 6.178076e-01 1.800578e-01 -7.654364e-01
      outer loop
         vertex 4.173969e-01 1.110724e-01 -5.588117e+00
         vertex 4.112920e-01 1.106618e-01 -5.593141e+00
         vertex 3.937880e-01 2.202374e-01 -5.581493e+00
      endloop
   endfacet
   facet normal 5.338308e-01 1.732566e-01 -8.276514e-01
      outer loop
         vertex 3.937880e-01 2.202374e-01 -5.581493e+00
         vertex 4.112920e-01 1.106618e-01 -5.593141e+00
         vertex 3.811378e-01 2.195166e-01 -5.589803e+00
      endloop
   endfacet
   facet normal 5.362010e-01 1.552235e-01 -8.296952e-01
      outer loop
         vertex 3.937880e-01 2.202374e-01 -5.581493e+00
         vertex 3.811378e-01 2.195166e-01 -5.589803e+00
         vertex 3.401283e-01 4.374828e-01 -5.575528e+00
      endloop
   endfacet
   facet normal 4.199730e-01 1.377649e-01 -8.970192e-01
      outer loop
         vertex 3.401283e-01 4.374828e-01 -5.575528e+00
         vertex 3.811378e-01 2.195166e-01 -5.589803e+00
         vertex 3.125956e-01 4.359096e-01 -5.588660e+00
      endloop
   endfacet
   facet normal 4.252983e-01 8.117828e-02 -9.014052e-01
      outer loop
         vertex 3.401283e-01 4.374828e-01 -5.575528e+00
         vertex 3.125956e-01 4.359096e-01 -5.588660e+00
         vertex 2.874983e-01 6.564871e-01 -5.580637e+00
      endloop
   endfacet
   facet normal 3.677252e-01 7.555353e-02 -9.268602e-01
      outer loop
         vertex 2.874983e-01 6.564871e-01 -5.580637e+00
         vertex 3.125956e-01 4.359096e-01 -5.588660e+00
         vertex 2.452781e-01 6.536628e-01 -5.597617e+00
      endloop
   endfacet
   facet normal 3.719954e-01 1.883468e-02 -9.280435e-01
      outer loop
         vertex 2.874983e-01 6.564871e-01 -5.580637e+00
         vertex 2.452781e-01 6.536628e-01 -5.597617e+00
         vertex 2.395260e-01 8.769900e-01 -5.595391e+00
      endloop
   endfacet
   facet normal 3.366837e-01 1.805881e-02 -9.414446e-01
      outer loop
         vertex 2.395260e-01 8.769900e-01 -5.595391e+00
         vertex 2.452781e-01 6.536628e-01 -5.597617e+00
         vertex 1.837721e-01 8.728544e-01 -5.615409e+00
      endloop
   endfacet
   facet normal 3.411907e-01 -5.856125e-02 -9.381682e-01
      outer loop
         vertex 2.395260e-01 8.769900e-01 -5.595391e+00
         vertex 1.837721e-01 8.728544e-01 -5.615409e+00
         vertex 1.970140e-01 1.097900e+00 -5.624641e+00
      endloop
   endfacet
   facet normal 3.182101e-01 -5.754150e-02 -9.462723e-01
      outer loop
         vertex 1.970140e-01 1.097900e+00 -5.624641e+00
         vertex 1.837721e-01 8.728544e-01 -5.615409e+00
         vertex 1.296122e-01 1.093518e+00 -5.647040e+00
      endloop
   endfacet
   facet normal 3.184287e-01 -6.308609e-02 -9.458453e-01
      outer loop
         vertex 1.970140e-01 1.097900e+00 -5.624641e+00
         vertex 1.296122e-01 1.093518e+00 -5.647040e+00
         vertex 1.712433e-01 1.324618e+00 -5.648438e+00
      endloop
   endfacet
   facet normal 3.029390e-01 -6.032752e-02 -9.510986e-01
      outer loop
         vertex 1.712433e-01 1.324618e+00 -5.648438e+00
         vertex 1.296122e-01 1.093518e+00 -5.647040e+00
         vertex 9.488232e-02 1.324446e+00 -5.672750e+00
      endloop
   endfacet
   facet normal 3.030805e-01 -5.079968e-02 -9.516100e-01
      outer loop
         vertex 1.712433e-01 1.324618e+00 -5.648438e+00
         vertex 9.488232e-02 1.324446e+00 -5.672750e+00
         vertex 1.664248e-01 1.554857e+00 -5.662264e+00
      endloop
   endfacet
   facet normal 2.946091e-01 -4.804193e-02 -9.544095e-01
      outer loop
         vertex 1.664248e-01 1.554857e+00 -5.662264e+00
         vertex 9.488232e-02 1.324446e+00 -5.672750e+00
         vertex 8.469415e-02 1.560107e+00 -5.687757e+00
      endloop
   endfacet
   facet normal 2.951557e-01 -4.042756e-02 -9.545935e-01
      outer loop
         vertex 1.664248e-01 1.554857e+00 -5.662264e+00
         vertex 8.469415e-02 1.560107e+00 -5.687757e+00
         vertex 1.846775e-01 1.781545e+00 -5.666221e+00
      endloop
   endfacet
   facet normal 2.925841e-01 -3.918444e-02 -9.554366e-01
      outer loop
         vertex 1.846775e-01 1.781545e+00 -5.666221e+00
         vertex 8.469415e-02 1.560107e+00 -5.687757e+00
         vertex 1.014346e-01 1.791223e+00 -5.692109e+00
      endloop
   endfacet
   facet normal 2.955893e-01 -1.278229e-02 -9.552296e-01
      outer loop
         vertex 1.846775e-01 1.781545e+00 -5.666221e+00
         vertex 1.014346e-01 1.791223e+00 -5.692109e+00
         vertex 2.144511e-01 1.991569e+00 -5.659818e+00
      endloop
   endfacet
   facet normal 2.972017e-01 -1.377474e-02 -9.547154e-01
      outer loop
         vertex 2.144511e-01 1.991569e+00 -5.659818e+00
         vertex 1.014346e-01 1.791223e+00 -5.692109e+00
         vertex 1.330464e-01 2.000612e+00 -5.685289e+00
      endloop
   endfacet
   facet normal 3.017860e-01 3.286169e-02 -9.528092e-01
      outer loop
         vertex 2.144511e-01 1.991569e+00 -5.659818e+00
         vertex 1.330464e-01 2.000612e+00 -5.685289e+00
         vertex 2.468503e-01 2.197465e+00 -5.642455e+00
      endloop
   endfacet
   facet normal 3.063198e-01 2.994652e-02 -9.514575e-01
      outer loop
         vertex 2.468503e-01 2.197465e+00 -5.642455e+00
         vertex 1.330464e-01 2.000612e+00 -5.685289e+00
         vertex 1.708122e-01 2.204583e+00 -5.666711e+00
      endloop
   endfacet
   facet normal 3.095082e-01 7.639453e-02 -9.478230e-01
      outer loop
         vertex 2.468503e-01 2.197465e+00 -5.642455e+00
         vertex 1.708122e-01 2.204583e+00 -5.666711e+00
         vertex 2.825698e-01 2.403804e+00 -5.614160e+00
      endloop
   endfacet
   facet normal 3.186415e-01 7.059050e-02 -9.452431e-01
      outer loop
         vertex 2.825698e-01 2.403804e+00 -5.614160e+00
         vertex 1.708122e-01 2.204583e+00 -5.666711e+00
         vertex 2.152221e-01 2.408993e+00 -5.636475e+00
      endloop
   endfacet
   facet normal 3.195928e-01 9.243192e-02 -9.430359e-01
      outer loop
         vertex 2.825698e-01 2.403804e+00 -5.614160e+00
         vertex 2.152221e-01 2.408993e+00 -5.636475e+00
         vertex 3.200324e-01 2.617265e+00 -5.580541e+00
      endloop
   endfacet
   facet normal 3.386725e-01 8.131249e-02 -9.373842e-01
      outer loop
         vertex 3.200324e-01 2.617265e+00 -5.580541e+00
         vertex 2.152221e-01 2.408993e+00 -5.636475e+00
         vertex 2.641614e-01 2.619562e+00 -5.600528e+00
      endloop
   endfacet
   facet normal 3.371113e-01 8.152365e-03 -9.414295e-01
      outer loop
         vertex 3.200324e-01 2.617265e+00 -5.580541e+00
         vertex 2.641614e-01 2.619562e+00 -5.600528e+00
         vertex 3.568547e-01 2.835665e+00 -5.565464e+00
      endloop
   endfacet
   facet normal 3.727403e-01 -9.327058e-03 -9.278888e-01
      outer loop
         vertex 3.568547e-01 2.835665e+00 -5.565464e+00
         vertex 2.641614e-01 2.619562e+00 -5.600528e+00
         vertex 3.145547e-01 2.835409e+00 -5.582454e+00
      endloop
   endfacet
   facet normal 3.725269e-01 -4.811515e-02 -9.267732e-01
      outer loop
         vertex 3.568547e-01 2.835665e+00 -5.565464e+00
         vertex 3.145547e-01 2.835409e+00 -5.582454e+00
         vertex 3.906579e-01 3.055666e+00 -5.563299e+00
      endloop
   endfacet
   facet normal 4.330634e-01 -7.148845e-02 -8.985241e-01
      outer loop
         vertex 3.906579e-01 3.055666e+00 -5.563299e+00
         vertex 3.145547e-01 2.835409e+00 -5.582454e+00
         vertex 3.631302e-01 3.054145e+00 -5.576445e+00
      endloop
   endfacet
   facet normal 4.332888e-01 -1.039773e-01 -8.952371e-01
      outer loop
         vertex 3.906579e-01 3.055666e+00 -5.563299e+00
         vertex 3.631302e-01 3.054145e+00 -5.576445e+00
         vertex 4.188478e-01 3.276614e+00 -5.575317e+00
      endloop
   endfacet
   facet normal 5.514855e-01 -1.339443e-01 -8.233606e-01
      outer loop
         vertex 4.188478e-01 3.276614e+00 -5.575317e+00
         vertex 3.631302e-01 3.054145e+00 -5.576445e+00
         vertex 4.062105e-01 3.275717e+00 -5.583636e+00
      endloop
   endfacet
   facet normal 5.515975e-01 -1.292244e-01 -8.240396e-01
      outer loop
         vertex 4.188478e-01 3.276614e+00 -5.575317e+00
         vertex 4.062105e-01 3.275717e+00 -5.583636e+00
         vertex 4.303014e-01 3.387417e+00 -5.585026e+00
      endloop
   endfacet
   facet normal 6.354923e-01 -1.464974e-01 -7.580818e-01
      outer loop
         vertex 4.303014e-01 3.387417e+00 -5.585026e+00
         vertex 4.062105e-01 3.275717e+00 -5.583636e+00
         vertex 4.242011e-01 3.386969e+00 -5.590053e+00
      endloop
   endfacet
   facet normal 6.373540e-01 -8.718112e-02 -7.656235e-01
      outer loop
         vertex 4.303014e-01 3.387417e+00 -5.585026e+00
         vertex 4.242011e-01 3.386969e+00 -5.590053e+00
         vertex 4.310385e-01 3.443028e+00 -5.590745e+00
      endloop
   endfacet
   facet normal 5.739118e-01 -8.005222e-02 -8.149950e-01
      outer loop
         vertex 4.310385e-01 3.443028e+00 -5.590745e+00
         vertex 4.242011e-01 3.386969e+00 -5.590053e+00
         vertex 4.266839e-01 3.442700e+00 -5.593779e+00
      endloop
   endfacet
   facet normal 5.727312e-01 -2.355483e-02 -8.194048e-01
      outer loop
         vertex 4.310385e-01 3.443028e+00 -5.590745e+00
         vertex 4.266839e-01 3.442700e+00 -5.593779e+00
         vertex 4.295251e-01 3.470864e+00 -5.592603e+00
      endloop
   endfacet
   facet normal 4.935556e-01 -1.347078e-02 -8.696099e-01
      outer loop
         vertex 4.295251e-01 3.470864e+00 -5.592603e+00
         vertex 4.266839e-01 3.442700e+00 -5.593779e+00
         vertex 4.254646e-01 3.470563e+00 -5.594903e+00
      endloop
   endfacet
   facet normal 4.903098e-01 3.858627e-02 -8.706936e-01
      outer loop
         vertex 4.295251e-01 3.470864e+00 -5.592603e+00
         vertex 4.254646e-01 3.470563e+00 -5.594903e+00
         vertex 4.267517e-01 3.498718e+00 -5.592930e+00
      endloop
   endfacet
   facet normal 4.410646e-01 4.264276e-02 -8.964617e-01
      outer loop
         vertex 4.267517e-01 3.498718e+00 -5.592930e+00
         vertex 4.254646e-01 3.470563e+00 -5.594903e+00
         vertex 4.225741e-01 3.498394e+00 -5.595001e+00
      endloop
   endfacet
   facet normal 3.044584e-01 -4.143020e-03 -9.525166e-01
      outer loop
         vertex 4.316558e-01 1.689735e-04 -5.591349e+00
         vertex 4.266865e-01 -4.440750e-05 -5.592937e+00
         vertex 4.311380e-01 2.817844e-02 -5.591637e+00
      endloop
   endfacet
   facet normal 3.431129e-01 -1.085197e-02 -9.392315e-01
      outer loop
         vertex 4.311380e-01 2.817844e-02 -5.591637e+00
         vertex 4.266865e-01 -4.440750e-05 -5.592937e+00
         vertex 4.263078e-01 2.796508e-02 -5.593399e+00
      endloop
   endfacet
   facet normal 3.389388e-01 7.314910e-02 -9.379604e-01
      outer loop
         vertex 4.311380e-01 2.817844e-02 -5.591637e+00
         vertex 4.263078e-01 2.796508e-02 -5.593399e+00
         vertex 4.297034e-01 5.604651e-02 -5.589982e+00
      endloop
   endfacet
   facet normal 4.062293e-01 6.181423e-02 -9.116780e-01
      outer loop
         vertex 4.297034e-01 5.604651e-02 -5.589982e+00
         vertex 4.263078e-01 2.796508e-02 -5.593399e+00
         vertex 4.245247e-01 5.578902e-02 -5.592307e+00
      endloop
   endfacet
   facet normal 4.006930e-01 1.301764e-01 -9.069174e-01
      outer loop
         vertex 4.297034e-01 5.604651e-02 -5.589982e+00
         vertex 4.245247e-01 5.578902e-02 -5.592307e+00
         vertex 4.246458e-01 1.114626e-01 -5.584262e+00
      endloop
   endfacet
   facet normal 4.605207e-01 1.259639e-01 -8.786659e-01
      outer loop
         vertex 4.246458e-01 1.114626e-01 -5.584262e+00
         vertex 4.245247e-01 5.578902e-02 -5.592307e+00
         vertex 4.173969e-01 1.110724e-01 -5.588117e+00
      endloop
   endfacet
   facet normal 4.590764e-01 1.397140e-01 -8.773419e-01
      outer loop
         vertex 4.246458e-01 1.114626e-01 -5.584262e+00
         vertex 4.173969e-01 1.110724e-01 -5.588117e+00
         vertex 4.088087e-01 2.209281e-01 -5.575117e+00
      endloop
   endfacet
   facet normal 3.816311e-01 1.379925e-01 -9.139561e-01
      outer loop
         vertex 4.088087e-01 2.209281e-01 -5.575117e+00
         vertex 4.173969e-01 1.110724e-01 -5.588117e+00
         vertex 3.937880e-01 2.202374e-01 -5.581493e+00
      endloop
   endfacet
   facet normal 3.845683e-01 1.041175e-01 -9.172060e-01
      outer loop
         vertex 4.088087e-01 2.209281e-01 -5.575117e+00
         vertex 3.937880e-01 2.202374e-01 -5.581493e+00
         vertex 3.728186e-01 4.390057e-01 -5.565451e+00
      endloop
   endfacet
   facet normal 2.890076e-01 9.753440e-02 -9.523453e-01
      outer loop
         vertex 3.728186e-01 4.390057e-01 -5.565451e+00
         vertex 3.937880e-01 2.202374e-01 -5.581493e+00
         vertex 3.401283e-01 4.374828e-01 -5.575528e+00
      endloop
   endfacet
   facet normal 2.927639e-01 3.744843e-02 -9.554511e-01
      outer loop
         vertex 3.728186e-01 4.390057e-01 -5.565451e+00
         vertex 3.401283e-01 4.374828e-01 -5.575528e+00
         vertex 3.376310e-01 6.591107e-01 -5.567607e+00
      endloop
   endfacet
   facet normal 2.495454e-01 3.739711e-02 -9.676407e-01
      outer loop
         vertex 3.376310e-01 6.591107e-01 -5.567607e+00
         vertex 3.401283e-01 4.374828e-01 -5.575528e+00
         vertex 2.874983e-01 6.564871e-01 -5.580637e+00
      endloop
   endfacet
   facet normal 2.523927e-01 -1.791178e-02 -9.674591e-01
      outer loop
         vertex 3.376310e-01 6.591107e-01 -5.567607e+00
         vertex 2.874983e-01 6.564871e-01 -5.580637e+00
         vertex 3.057343e-01 8.807001e-01 -5.580030e+00
      endloop
   endfacet
   facet normal 2.268102e-01 -1.581391e-02 -9.738106e-01
      outer loop
         vertex 3.057343e-01 8.807001e-01 -5.580030e+00
         vertex 2.874983e-01 6.564871e-01 -5.580637e+00
         vertex 2.395260e-01 8.769900e-01 -5.595391e+00
      endloop
   endfacet
   facet normal 2.298775e-01 -9.042985e-02 -9.690092e-01
      outer loop
         vertex 3.057343e-01 8.807001e-01 -5.580030e+00
         vertex 2.395260e-01 8.769900e-01 -5.595391e+00
         vertex 2.770351e-01 1.101597e+00 -5.607453e+00
      endloop
   endfacet
   facet normal 2.130642e-01 -8.784077e-02 -9.730815e-01
      outer loop
         vertex 2.770351e-01 1.101597e+00 -5.607453e+00
         vertex 2.395260e-01 8.769900e-01 -5.595391e+00
         vertex 1.970140e-01 1.097900e+00 -5.624641e+00
      endloop
   endfacet
   facet normal 2.129461e-01 -8.331037e-02 -9.735057e-01
      outer loop
         vertex 2.770351e-01 1.101597e+00 -5.607453e+00
         vertex 1.970140e-01 1.097900e+00 -5.624641e+00
         vertex 2.618462e-01 1.323709e+00 -5.629783e+00
      endloop
   endfacet
   facet normal 2.002575e-01 -7.973541e-02 -9.764933e-01
      outer loop
         vertex 2.618462e-01 1.323709e+00 -5.629783e+00
         vertex 1.970140e-01 1.097900e+00 -5.624641e+00
         vertex 1.712433e-01 1.324618e+00 -5.648438e+00
      endloop
   endfacet
   facet normal 2.007758e-01 -5.769279e-02 -9.779369e-01
      outer loop
         vertex 2.618462e-01 1.323709e+00 -5.629783e+00
         vertex 1.712433e-01 1.324618e+00 -5.648438e+00
         vertex 2.633927e-01 1.548067e+00 -5.642702e+00
      endloop
   endfacet
   facet normal 1.937702e-01 -5.476318e-02 -9.795173e-01
      outer loop
         vertex 2.633927e-01 1.548067e+00 -5.642702e+00
         vertex 1.712433e-01 1.324618e+00 -5.648438e+00
         vertex 1.664248e-01 1.554857e+00 -5.662264e+00
      endloop
   endfacet
   facet normal 1.953644e-01 -3.381105e-02 -9.801477e-01
      outer loop
         vertex 2.633927e-01 1.548067e+00 -5.642702e+00
         vertex 1.664248e-01 1.554857e+00 -5.662264e+00
         vertex 2.834917e-01 1.770115e+00 -5.646355e+00
      endloop
   endfacet
   facet normal 1.933515e-01 -3.268405e-02 -9.805850e-01
      outer loop
         vertex 2.834917e-01 1.770115e+00 -5.646355e+00
         vertex 1.664248e-01 1.554857e+00 -5.662264e+00
         vertex 1.846775e-01 1.781545e+00 -5.666221e+00
      endloop
   endfacet
   facet normal 1.973576e-01 2.396129e-03 -9.803286e-01
      outer loop
         vertex 2.834917e-01 1.770115e+00 -5.646355e+00
         vertex 1.846775e-01 1.781545e+00 -5.666221e+00
         vertex 3.111403e-01 1.981539e+00 -5.640273e+00
      endloop
   endfacet
   facet normal 1.983128e-01 1.767277e-03 -9.801372e-01
      outer loop
         vertex 3.111403e-01 1.981539e+00 -5.640273e+00
         vertex 1.846775e-01 1.781545e+00 -5.666221e+00
         vertex 2.144511e-01 1.991569e+00 -5.659818e+00
      endloop
   endfacet
   facet normal 2.030157e-01 5.163658e-02 -9.778130e-01
      outer loop
         vertex 3.111403e-01 1.981539e+00 -5.640273e+00
         vertex 2.144511e-01 1.991569e+00 -5.659818e+00
         vertex 3.371744e-01 2.190316e+00 -5.623842e+00
      endloop
   endfacet
   facet normal 2.053723e-01 5.010676e-02 -9.774004e-01
      outer loop
         vertex 3.371744e-01 2.190316e+00 -5.623842e+00
         vertex 2.144511e-01 1.991569e+00 -5.659818e+00
         vertex 2.468503e-01 2.197465e+00 -5.642455e+00
      endloop
   endfacet
   facet normal 2.083692e-01 9.948731e-02 -9.729772e-01
      outer loop
         vertex 3.371744e-01 2.190316e+00 -5.623842e+00
         vertex 2.468503e-01 2.197465e+00 -5.642455e+00
         vertex 3.625398e-01 2.399349e+00 -5.597036e+00
      endloop
   endfacet
   facet normal 2.135314e-01 9.634833e-02 -9.721735e-01
      outer loop
         vertex 3.625398e-01 2.399349e+00 -5.597036e+00
         vertex 2.468503e-01 2.197465e+00 -5.642455e+00
         vertex 2.825698e-01 2.403804e+00 -5.614160e+00
      endloop
   endfacet
   facet normal 2.142234e-01 1.190181e-01 -9.695066e-01
      outer loop
         vertex 3.625398e-01 2.399349e+00 -5.597036e+00
         vertex 2.825698e-01 2.403804e+00 -5.614160e+00
         vertex 3.863306e-01 2.615820e+00 -5.565205e+00
      endloop
   endfacet
   facet normal 2.262639e-01 1.126686e-01 -9.675280e-01
      outer loop
         vertex 3.863306e-01 2.615820e+00 -5.565205e+00
         vertex 2.825698e-01 2.403804e+00 -5.614160e+00
         vertex 3.200324e-01 2.617265e+00 -5.580541e+00
      endloop
   endfacet
   facet normal 2.259567e-01 3.514054e-02 -9.735033e-01
      outer loop
         vertex 3.863306e-01 2.615820e+00 -5.565205e+00
         vertex 3.200324e-01 2.617265e+00 -5.580541e+00
         vertex 4.070337e-01 2.836655e+00 -5.552428e+00
      endloop
   endfacet
   facet normal 2.509183e-01 2.449792e-02 -9.676982e-01
      outer loop
         vertex 4.070337e-01 2.836655e+00 -5.552428e+00
         vertex 3.200324e-01 2.617265e+00 -5.580541e+00
         vertex 3.568547e-01 2.835665e+00 -5.565464e+00
      endloop
   endfacet
   facet normal 2.517925e-01 -2.197387e-02 -9.675317e-01
      outer loop
         vertex 4.070337e-01 2.836655e+00 -5.552428e+00
         vertex 3.568547e-01 2.835665e+00 -5.565464e+00
         vertex 4.233159e-01 3.057696e+00 -5.553211e+00
      endloop
   endfacet
   facet normal 2.969892e-01 -3.623886e-02 -9.541930e-01
      outer loop
         vertex 4.233159e-01 3.057696e+00 -5.553211e+00
         vertex 3.568547e-01 2.835665e+00 -5.565464e+00
         vertex 3.906579e-01 3.055666e+00 -5.563299e+00
      endloop
   endfacet
   facet normal 2.987897e-01 -8.222397e-02 -9.507702e-01
      outer loop
         vertex 4.233159e-01 3.057696e+00 -5.553211e+00
         vertex 3.906579e-01 3.055666e+00 -5.563299e+00
         vertex 4.338416e-01 3.277747e+00 -5.568934e+00
      endloop
   endfacet
   facet normal 3.961392e-01 -1.001878e-01 -9.127082e-01
      outer loop
         vertex 4.338416e-01 3.277747e+00 -5.568934e+00
         vertex 3.906579e-01 3.055666e+00 -5.563299e+00
         vertex 4.188478e-01 3.276614e+00 -5.575317e+00
      endloop
   endfacet
   facet normal 3.964446e-01 -1.143932e-01 -9.109039e-01
      outer loop
         vertex 4.338416e-01 3.277747e+00 -5.568934e+00
         vertex 4.188478e-01 3.276614e+00 -5.575317e+00
         vertex 4.375392e-01 3.387986e+00 -5.581168e+00
      endloop
   endfacet
   facet normal 4.742973e-01 -1.253830e-01 -8.713903e-01
      outer loop
         vertex 4.375392e-01 3.387986e+00 -5.581168e+00
         vertex 4.188478e-01 3.276614e+00 -5.575317e+00
         vertex 4.303014e-01 3.387417e+00 -5.585026e+00
      endloop
   endfacet
   facet normal 4.741399e-01 -1.028931e-01 -8.744166e-01
      outer loop
         vertex 4.375392e-01 3.387986e+00 -5.581168e+00
         vertex 4.303014e-01 3.387417e+00 -5.585026e+00
         vertex 4.362053e-01 3.443440e+00 -5.588417e+00
      endloop
   endfacet
   facet normal 4.152933e-01 -9.850274e-02 -9.043388e-01
      outer loop
         vertex 4.362053e-01 3.443440e+00 -5.588417e+00
         vertex 4.303014e-01 3.387417e+00 -5.585026e+00
         vertex 4.310385e-01 3.443028e+00 -5.590745e+00
      endloop
   endfacet
   facet normal 4.136343e-01 -5.143591e-02 -9.089890e-01
      outer loop
         vertex 4.362053e-01 3.443440e+00 -5.588417e+00
         vertex 4.310385e-01 3.443028e+00 -5.590745e+00
         vertex 4.343430e-01 3.471240e+00 -5.590837e+00
      endloop
   endfacet
   facet normal 3.467132e-01 -4.368910e-02 -9.369531e-01
      outer loop
         vertex 4.343430e-01 3.471240e+00 -5.590837e+00
         vertex 4.310385e-01 3.443028e+00 -5.590745e+00
         vertex 4.295251e-01 3.470864e+00 -5.592603e+00
      endloop
   endfacet
   facet normal 3.429347e-01 1.542684e-02 -9.392326e-01
      outer loop
         vertex 4.343430e-01 3.471240e+00 -5.590837e+00
         vertex 4.295251e-01 3.470864e+00 -5.592603e+00
         vertex 4.317090e-01 3.499118e+00 -5.591341e+00
      endloop
   endfacet
   facet normal 3.037602e-01 1.904977e-02 -9.525581e-01
      outer loop
         vertex 4.317090e-01 3.499118e+00 -5.591341e+00
         vertex 4.295251e-01 3.470864e+00 -5.592603e+00
         vertex 4.267517e-01 3.498718e+00 -5.592930e+00
      endloop
   endfacet
   facet normal 1.993779e-01 -1.545283e-03 -9.799215e-01
      outer loop
         vertex 4.365618e-01 3.531106e-04 -5.590351e+00
         vertex 4.316558e-01 1.689735e-04 -5.591349e+00
         vertex 4.359069e-01 2.835927e-02 -5.590529e+00
      endloop
   endfacet
   facet normal 2.264801e-01 -5.804729e-03 -9.739985e-01
      outer loop
         vertex 4.359069e-01 2.835927e-02 -5.590529e+00
         vertex 4.316558e-01 1.689735e-04 -5.591349e+00
         vertex 4.311380e-01 2.817844e-02 -5.591637e+00
      endloop
   endfacet
   facet normal 2.227429e-01 7.866113e-02 -9.716985e-01
      outer loop
         vertex 4.359069e-01 2.835927e-02 -5.590529e+00
         vertex 4.311380e-01 2.817844e-02 -5.591637e+00
         vertex 4.348166e-01 5.626220e-02 -5.588520e+00
      endloop
   endfacet
   facet normal 2.714023e-01 7.097214e-02 -9.598457e-01
      outer loop
         vertex 4.348166e-01 5.626220e-02 -5.588520e+00
         vertex 4.311380e-01 2.817844e-02 -5.591637e+00
         vertex 4.297034e-01 5.604651e-02 -5.589982e+00
      endloop
   endfacet
   facet normal 2.675018e-01 1.294195e-01 -9.548264e-01
      outer loop
         vertex 4.348166e-01 5.626220e-02 -5.588520e+00
         vertex 4.297034e-01 5.604651e-02 -5.589982e+00
         vertex 4.318031e-01 1.117840e-01 -5.581839e+00
      endloop
   endfacet
   facet normal 3.130819e-01 1.257360e-01 -9.413661e-01
      outer loop
         vertex 4.318031e-01 1.117840e-01 -5.581839e+00
         vertex 4.297034e-01 5.604651e-02 -5.589982e+00
         vertex 4.246458e-01 1.114626e-01 -5.584262e+00
      endloop
   endfacet
   facet normal 3.138922e-01 1.155217e-01 -9.424046e-01
      outer loop
         vertex 4.318031e-01 1.117840e-01 -5.581839e+00
         vertex 4.246458e-01 1.114626e-01 -5.584262e+00
         vertex 4.236393e-01 2.215017e-01 -5.571108e+00
      endloop
   endfacet
   facet normal 2.549011e-01 1.170679e-01 -9.598544e-01
      outer loop
         vertex 4.236393e-01 2.215017e-01 -5.571108e+00
         vertex 4.246458e-01 1.114626e-01 -5.584262e+00
         vertex 4.088087e-01 2.209281e-01 -5.575117e+00
      endloop
   endfacet
   facet normal 2.574989e-01 7.463023e-02 -9.633923e-01
      outer loop
         vertex 4.236393e-01 2.215017e-01 -5.571108e+00
         vertex 4.088087e-01 2.209281e-01 -5.575117e+00
         vertex 4.050938e-01 4.402830e-01 -5.559117e+00
      endloop
   endfacet
   facet normal 1.892061e-01 7.461924e-02 -9.790981e-01
      outer loop
         vertex 4.050938e-01 4.402830e-01 -5.559117e+00
         vertex 4.088087e-01 2.209281e-01 -5.575117e+00
         vertex 3.728186e-01 4.390057e-01 -5.565451e+00
      endloop
   endfacet
   facet normal 1.920234e-01 1.428729e-02 -9.812864e-01
      outer loop
         vertex 4.050938e-01 4.402830e-01 -5.559117e+00
         vertex 3.728186e-01 4.390057e-01 -5.565451e+00
         vertex 3.871297e-01 6.612228e-01 -5.559416e+00
      endloop
   endfacet
   facet normal 1.625586e-01 1.632821e-02 -9.865638e-01
      outer loop
         vertex 3.871297e-01 6.612228e-01 -5.559416e+00
         vertex 3.728186e-01 4.390057e-01 -5.565451e+00
         vertex 3.376310e-01 6.591107e-01 -5.567607e+00
      endloop
   endfacet
   facet normal 1.646730e-01 -3.671437e-02 -9.856647e-01
      outer loop
         vertex 3.871297e-01 6.612228e-01 -5.559416e+00
         vertex 3.376310e-01 6.591107e-01 -5.567607e+00
         vertex 3.711089e-01 8.835765e-01 -5.570374e+00
      endloop
   endfacet
   facet normal 1.475031e-01 -3.418817e-02 -9.884705e-01
      outer loop
         vertex 3.711089e-01 8.835765e-01 -5.570374e+00
         vertex 3.376310e-01 6.591107e-01 -5.567607e+00
         vertex 3.057343e-01 8.807001e-01 -5.580030e+00
      endloop
   endfacet
   facet normal 1.498778e-01 -1.067896e-01 -9.829205e-01
      outer loop
         vertex 3.711089e-01 8.835765e-01 -5.570374e+00
         vertex 3.057343e-01 8.807001e-01 -5.580030e+00
         vertex 3.560361e-01 1.104260e+00 -5.596649e+00
      endloop
   endfacet
   facet normal 1.382113e-01 -1.043113e-01 -9.848943e-01
      outer loop
         vertex 3.560361e-01 1.104260e+00 -5.596649e+00
         vertex 3.057343e-01 8.807001e-01 -5.580030e+00
         vertex 2.770351e-01 1.101597e+00 -5.607453e+00
      endloop
   endfacet
   facet normal 1.380070e-01 -9.387463e-02 -9.859724e-01
      outer loop
         vertex 3.560361e-01 1.104260e+00 -5.596649e+00
         vertex 2.770351e-01 1.101597e+00 -5.607453e+00
         vertex 3.512584e-01 1.322084e+00 -5.618057e+00
      endloop
   endfacet
   facet normal 1.278876e-01 -9.054862e-02 -9.876466e-01
      outer loop
         vertex 3.512584e-01 1.322084e+00 -5.618057e+00
         vertex 2.770351e-01 1.101597e+00 -5.607453e+00
         vertex 2.618462e-01 1.323709e+00 -5.629783e+00
      endloop
   endfacet
   facet normal 1.287224e-01 -6.043392e-02 -9.898375e-01
      outer loop
         vertex 3.512584e-01 1.322084e+00 -5.618057e+00
         vertex 2.618462e-01 1.323709e+00 -5.629783e+00
         vertex 3.590821e-01 1.541001e+00 -5.630405e+00
      endloop
   endfacet
   facet normal 1.230376e-01 -5.789254e-02 -9.907120e-01
      outer loop
         vertex 3.590821e-01 1.541001e+00 -5.630405e+00
         vertex 2.618462e-01 1.323709e+00 -5.629783e+00
         vertex 2.633927e-01 1.548067e+00 -5.642702e+00
      endloop
   endfacet
   facet normal 1.253440e-01 -2.839258e-02 -9.917070e-01
      outer loop
         vertex 3.590821e-01 1.541001e+00 -5.630405e+00
         vertex 2.633927e-01 1.548067e+00 -5.642702e+00
         vertex 3.810373e-01 1.758871e+00 -5.633868e+00
      endloop
   endfacet
   facet normal 1.238113e-01 -2.752808e-02 -9.919239e-01
      outer loop
         vertex 3.810373e-01 1.758871e+00 -5.633868e+00
         vertex 2.633927e-01 1.548067e+00 -5.642702e+00
         vertex 2.834917e-01 1.770115e+00 -5.646355e+00
      endloop
   endfacet
   facet normal 1.283290e-01 1.195632e-02 -9.916596e-01
      outer loop
         vertex 3.810373e-01 1.758871e+00 -5.633868e+00
         vertex 2.834917e-01 1.770115e+00 -5.646355e+00
         vertex 4.066256e-01 1.972101e+00 -5.627986e+00
      endloop
   endfacet
   facet normal 1.287547e-01 1.169208e-02 -9.916075e-01
      outer loop
         vertex 4.066256e-01 1.972101e+00 -5.627986e+00
         vertex 2.834917e-01 1.770115e+00 -5.646355e+00
         vertex 3.111403e-01 1.981539e+00 -5.640273e+00
      endloop
   endfacet
   facet normal 1.333620e-01 6.149432e-02 -9.891577e-01
      outer loop
         vertex 4.066256e-01 1.972101e+00 -5.627986e+00
         vertex 3.111403e-01 1.981539e+00 -5.640273e+00
         vertex 4.263798e-01 2.184111e+00 -5.612142e+00
      endloop
   endfacet
   facet normal 1.339824e-01 6.113288e-02 -9.890963e-01
      outer loop
         vertex 4.263798e-01 2.184111e+00 -5.612142e+00
         vertex 3.111403e-01 1.981539e+00 -5.640273e+00
         vertex 3.371744e-01 2.190316e+00 -5.623842e+00
      endloop
   endfacet
   facet normal 1.367966e-01 1.103923e-01 -9.844289e-01
      outer loop
         vertex 4.263798e-01 2.184111e+00 -5.612142e+00
         vertex 3.371744e-01 2.190316e+00 -5.623842e+00
         vertex 4.414989e-01 2.396067e+00 -5.586273e+00
      endloop
   endfacet
   facet normal 1.387226e-01 1.093871e-01 -9.842716e-01
      outer loop
         vertex 4.414989e-01 2.396067e+00 -5.586273e+00
         vertex 3.371744e-01 2.190316e+00 -5.623842e+00
         vertex 3.625398e-01 2.399349e+00 -5.597036e+00
      endloop
   endfacet
   facet normal 1.392505e-01 1.310071e-01 -9.815531e-01
      outer loop
         vertex 4.414989e-01 2.396067e+00 -5.586273e+00
         vertex 3.625398e-01 2.399349e+00 -5.597036e+00
         vertex 4.517618e-01 2.615234e+00 -5.555565e+00
      endloop
   endfacet
   facet normal 1.456856e-01 1.282383e-01 -9.809845e-01
      outer loop
         vertex 4.517618e-01 2.615234e+00 -5.555565e+00
         vertex 3.625398e-01 2.399349e+00 -5.597036e+00
         vertex 3.863306e-01 2.615820e+00 -5.565205e+00
      endloop
   endfacet
   facet normal 1.460165e-01 4.710875e-02 -9.881599e-01
      outer loop
         vertex 4.517618e-01 2.615234e+00 -5.555565e+00
         vertex 3.863306e-01 2.615820e+00 -5.565205e+00
         vertex 4.565465e-01 2.838083e+00 -5.544234e+00
      endloop
   endfacet
   facet normal 1.619673e-01 4.185717e-02 -9.859080e-01
      outer loop
         vertex 4.565465e-01 2.838083e+00 -5.544234e+00
         vertex 3.863306e-01 2.615820e+00 -5.565205e+00
         vertex 4.070337e-01 2.836655e+00 -5.552428e+00
      endloop
   endfacet
   facet normal 1.635841e-01 -1.098546e-02 -9.864682e-01
      outer loop
         vertex 4.565465e-01 2.838083e+00 -5.544234e+00
         vertex 4.070337e-01 2.836655e+00 -5.552428e+00
         vertex 4.555423e-01 3.059846e+00 -5.546870e+00
      endloop
   endfacet
   facet normal 1.941850e-01 -1.777739e-02 -9.808038e-01
      outer loop
         vertex 4.555423e-01 3.059846e+00 -5.546870e+00
         vertex 4.070337e-01 2.836655e+00 -5.552428e+00
         vertex 4.233159e-01 3.057696e+00 -5.553211e+00
      endloop
   endfacet
   facet normal 1.973123e-01 -7.433063e-02 -9.775187e-01
      outer loop
         vertex 4.555423e-01 3.059846e+00 -5.546870e+00
         vertex 4.233159e-01 3.057696e+00 -5.553211e+00
         vertex 4.486379e-01 3.278911e+00 -5.564921e+00
      endloop
   endfacet
   facet normal 2.668232e-01 -8.137609e-02 -9.603038e-01
      outer loop
         vertex 4.486379e-01 3.278911e+00 -5.564921e+00
         vertex 4.233159e-01 3.057696e+00 -5.553211e+00
         vertex 4.338416e-01 3.277747e+00 -5.568934e+00
      endloop
   endfacet
   facet normal 2.682366e-01 -1.109391e-01 -9.569439e-01
      outer loop
         vertex 4.486379e-01 3.278911e+00 -5.564921e+00
         vertex 4.338416e-01 3.277747e+00 -5.568934e+00
         vertex 4.446816e-01 3.388574e+00 -5.578743e+00
      endloop
   endfacet
   facet normal 3.278461e-01 -1.150660e-01 -9.376976e-01
      outer loop
         vertex 4.446816e-01 3.388574e+00 -5.578743e+00
         vertex 4.338416e-01 3.277747e+00 -5.568934e+00
         vertex 4.375392e-01 3.387986e+00 -5.581168e+00
      endloop
   endfacet
   facet normal 3.279906e-01 -1.191259e-01 -9.371399e-01
      outer loop
         vertex 4.446816e-01 3.388574e+00 -5.578743e+00
         vertex 4.375392e-01 3.387986e+00 -5.581168e+00
         vertex 4.413043e-01 3.443862e+00 -5.586953e+00
      endloop
   endfacet
   facet normal 2.829592e-01 -1.176189e-01 -9.518928e-01
      outer loop
         vertex 4.413043e-01 3.443862e+00 -5.586953e+00
         vertex 4.375392e-01 3.387986e+00 -5.581168e+00
         vertex 4.362053e-01 3.443440e+00 -5.588417e+00
      endloop
   endfacet
   facet normal 2.807511e-01 -7.332310e-02 -9.569757e-01
      outer loop
         vertex 4.413043e-01 3.443862e+00 -5.586953e+00
         vertex 4.362053e-01 3.443440e+00 -5.588417e+00
         vertex 4.390978e-01 3.471623e+00 -5.589728e+00
      endloop
   endfacet
   facet normal 2.320046e-01 -6.893847e-02 -9.702687e-01
      outer loop
         vertex 4.390978e-01 3.471623e+00 -5.589728e+00
         vertex 4.362053e-01 3.443440e+00 -5.588417e+00
         vertex 4.343430e-01 3.471240e+00 -5.590837e+00
      endloop
   endfacet
   facet normal 2.273577e-01 -1.111936e-03 -9.738107e-01
      outer loop
         vertex 4.390978e-01 3.471623e+00 -5.589728e+00
         vertex 4.343430e-01 3.471240e+00 -5.590837e+00
         vertex 4.366015e-01 3.499524e+00 -5.590342e+00
      endloop
   endfacet
   facet normal 1.999366e-01 1.182612e-03 -9.798081e-01
      outer loop
         vertex 4.366015e-01 3.499524e+00 -5.590342e+00
         vertex 4.343430e-01 3.471240e+00 -5.590837e+00
         vertex 4.317090e-01 3.499118e+00 -5.591341e+00
      endloop
   endfacet
endsolid h19