solid h19.1
   facet normal 1.000000e+00 0.000000e+00 -0.000000e+00
      outer loop
         vertex 1.000000e+00 -3.603513e-01 -6.990719e+00
         vertex 1.000000e+00 6.735558e-16 -5.500000e+00
         vertex 1.000000e+00 -6.385110e-01 -5.462811e+00
      endloop
   endfacet
   facet normal 1.000000e+00 0.000000e+00 0.000000e+00
      outer loop
         vertex 1.000000e+00 -5.268942e+00 1.577418e+00
         vertex 1.000000e+00 -6.812850e+00 1.607814e+00
         vertex 1.000000e+00 -5.416443e+00 9.550650e-01
      endloop
   endfacet
   facet normal 1.000000e+00 0.000000e+00 0.000000e+00
      outer loop
         vertex 1.000000e+00 -5.416443e+00 9.550650e-01
         vertex 1.000000e+00 -6.812850e+00 1.607814e+00
         vertex 1.000000e+00 -6.942059e+00 8.987885e-01
      endloop
   endfacet
   facet normal 1.000000e+00 0.000000e+00 0.000000e+00
      outer loop
         vertex 1.000000e+00 -5.416443e+00 9.550650e-01
         vertex 1.000000e+00 -6.942059e+00 8.987885e-01
         vertex 1.000000e+00 -5.490695e+00 3.197966e-01
      endloop
   endfacet
   facet normal 1.000000e+00 0.000000e+00 0.000000e+00
      outer loop
         vertex 1.000000e+00 -5.490695e+00 3.197966e-01
         vertex 1.000000e+00 -6.942059e+00 8.987885e-01
         vertex 1.000000e+00 -6.997679e+00 1.802354e-01
      endloop
   endfacet
   facet normal 1.000000e+00 0.000000e+00 0.000000e+00
      outer loop
         vertex 1.000000e+00 -5.490695e+00 3.197966e-01
         vertex 1.000000e+00 -6.997679e+00 1.802354e-01
         vertex 1.000000e+00 -5.490695e+00 -3.197966e-01
      endloop
   endfacet
   facet normal 1.000000e+00 0.000000e+00 0.000000e+00
      outer loop
         vertex 1.000000e+00 -5.490695e+00 -3.197966e-01
         vertex 1.000000e+00 -6.997679e+00 1.802354e-01
         vertex 1.000000e+00 -6.979123e+00 -5.402282e-01
      endloop
   endfacet
   facet normal 1.000000e+00 0.000000e+00 0.000000e+00
      outer loop
         vertex 1.000000e+00 -5.490695e+00 -3.197966e-01
         vertex 1.000000e+00 -6.979123e+00 -5.402282e-01
         vertex 1.000000e+00 -5.416443e+00 -9.550650e-01
      endloop
   endfacet
   facet normal 1.000000e+00 0.000000e+00 0.000000e+00
      outer loop
         vertex 1.000000e+00 -5.416443e+00 -9.550650e-01
         vertex 1.000000e+00 -6.979123e+00 -5.402282e-01
         vertex 1.000000e+00 -6.886586e+00 -1.254965e+00
      endloop
   endfacet
   facet normal 1.000000e+00 0.000000e+00 0.000000e+00
      outer loop
         vertex 1.000000e+00 -5.416443e+00 -9.550650e-01
         vertex 1.000000e+00 -6.886586e+00 -1.254965e+00
         vertex 1.000000e+00 -5.268942e+00 -1.577418e+00
      endloop
   endfacet
   facet normal 1.000000e+00 0.000000e+00 0.000000e+00
      outer loop
         vertex 1.000000e+00 -5.268942e+00 -1.577418e+00
         vertex 1.000000e+00 -6.886586e+00 -1.254965e+00
         vertex 1.000000e+00 -6.721049e+00 -1.956400e+00
      endloop
   endfacet
   facet normal 1.000000e+00 0.000000e+00 0.000000e+00
      outer loop
         vertex 1.000000e+00 -5.268942e+00 -1.577418e+00
         vertex 1.000000e+00 -6.721049e+00 -1.956400e+00
         vertex 1.000000e+00 -5.050188e+00 -2.178439e+00
      endloop
   endfacet
   facet normal 1.000000e+00 0.000000e+00 0.000000e+00
      outer loop
         vertex 1.000000e+00 -5.050188e+00 -2.178439e+00
         vertex 1.000000e+00 -6.721049e+00 -1.956400e+00
         vertex 1.000000e+00 -6.484268e+00 -2.637095e+00
      endloop
   endfacet
   facet normal 1.000000e+00 0.000000e+00 0.000000e+00
      outer loop
         vertex 1.000000e+00 -5.050188e+00 -2.178439e+00
         vertex 1.000000e+00 -6.484268e+00 -2.637095e+00
         vertex 1.000000e+00 -4.763140e+00 -2.750000e+00
      endloop
   endfacet
   facet normal 1.000000e+00 0.000000e+00 0.000000e+00
      outer loop
         vertex 1.000000e+00 -4.763140e+00 -2.750000e+00
         vertex 1.000000e+00 -6.484268e+00 -2.637095e+00
         vertex 1.000000e+00 -6.178752e+00 -3.289837e+00
      endloop
   endfacet
   facet normal 1.000000e+00 0.000000e+00 0.000000e+00
      outer loop
         vertex 1.000000e+00 -4.763140e+00 -2.750000e+00
         vertex 1.000000e+00 -6.178752e+00 -3.289837e+00
         vertex 1.000000e+00 -4.411677e+00 -3.284372e+00
      endloop
   endfacet
   facet normal 1.000000e+00 -0.000000e+00 0.000000e+00
      outer loop
         vertex 1.000000e+00 -3.603513e-01 -6.990719e+00
         vertex 1.000000e+00 8.572528e-16 -7.000000e+00
         vertex 1.000000e+00 6.735558e-16 -5.500000e+00
      endloop
   endfacet
   facet normal 1.000000e+00 0.000000e+00 0.000000e+00
      outer loop
         vertex 1.000000e+00 6.735558e-16 -5.500000e+00
         vertex 1.000000e+00 8.572528e-16 -7.000000e+00
         vertex 1.000000e+00 3.603513e-01 -6.990719e+00
      endloop
   endfacet
   facet normal 1.000000e+00 -0.000000e+00 0.000000e+00
      outer loop
         vertex 1.000000e+00 6.735558e-16 -5.500000e+00
         vertex 1.000000e+00 3.603513e-01 -6.990719e+00
         vertex 1.000000e+00 6.385110e-01 -5.462811e+00
      endloop
   endfacet
   facet normal 1.000000e+00 0.000000e+00 0.000000e+00
      outer loop
         vertex 1.000000e+00 6.385110e-01 -5.462811e+00
         vertex 1.000000e+00 3.603513e-01 -6.990719e+00
         vertex 1.000000e+00 1.077234e+00 -6.916615e+00
      endloop
   endfacet
   facet normal 1.000000e+00 -0.000000e+00 0.000000e+00
      outer loop
         vertex 1.000000e+00 6.385110e-01 -5.462811e+00
         vertex 1.000000e+00 1.077234e+00 -6.916615e+00
         vertex 1.000000e+00 1.268387e+00 -5.351747e+00
      endloop
   endfacet
   facet normal 1.000000e+00 0.000000e+00 0.000000e+00
      outer loop
         vertex 1.000000e+00 1.268387e+00 -5.351747e+00
         vertex 1.000000e+00 1.077234e+00 -6.916615e+00
         vertex 1.000000e+00 1.782698e+00 -6.769194e+00
      endloop
   endfacet
   facet normal 1.000000e+00 -0.000000e+00 0.000000e+00
      outer loop
         vertex 1.000000e+00 1.268387e+00 -5.351747e+00
         vertex 1.000000e+00 1.782698e+00 -6.769194e+00
         vertex 1.000000e+00 1.881111e+00 -5.168309e+00
      endloop
   endfacet
   facet normal 1.000000e+00 0.000000e+00 0.000000e+00
      outer loop
         vertex 1.000000e+00 1.881111e+00 -5.168309e+00
         vertex 1.000000e+00 1.782698e+00 -6.769194e+00
         vertex 1.000000e+00 2.469265e+00 -6.550018e+00
      endloop
   endfacet
   facet normal 1.000000e+00 -0.000000e+00 0.000000e+00
      outer loop
         vertex 1.000000e+00 1.881111e+00 -5.168309e+00
         vertex 1.000000e+00 2.469265e+00 -6.550018e+00
         vertex 1.000000e+00 2.468396e+00 -4.914979e+00
      endloop
   endfacet
   facet normal 1.000000e+00 0.000000e+00 0.000000e+00
      outer loop
         vertex 1.000000e+00 2.468396e+00 -4.914979e+00
         vertex 1.000000e+00 2.469265e+00 -6.550018e+00
         vertex 1.000000e+00 3.129657e+00 -6.261410e+00
      endloop
   endfacet
   facet normal 1.000000e+00 -0.000000e+00 0.000000e+00
      outer loop
         vertex 1.000000e+00 2.468396e+00 -4.914979e+00
         vertex 1.000000e+00 3.129657e+00 -6.261410e+00
         vertex 1.000000e+00 3.022299e+00 -4.595183e+00
      endloop
   endfacet
   facet normal 1.000000e+00 0.000000e+00 0.000000e+00
      outer loop
         vertex 1.000000e+00 3.022299e+00 -4.595183e+00
         vertex 1.000000e+00 3.129657e+00 -6.261410e+00
         vertex 1.000000e+00 3.756873e+00 -5.906429e+00
      endloop
   endfacet
   facet normal 1.000000e+00 -0.000000e+00 0.000000e+00
      outer loop
         vertex 1.000000e+00 3.022299e+00 -4.595183e+00
         vertex 1.000000e+00 3.756873e+00 -5.906429e+00
         vertex 1.000000e+00 3.535332e+00 -4.213245e+00
      endloop
   endfacet
   facet normal 1.000000e+00 0.000000e+00 0.000000e+00
      outer loop
         vertex 1.000000e+00 3.535332e+00 -4.213245e+00
         vertex 1.000000e+00 3.756873e+00 -5.906429e+00
         vertex 1.000000e+00 4.344266e+00 -5.488839e+00
      endloop
   endfacet
   facet normal 1.000000e+00 -0.000000e+00 0.000000e+00
      outer loop
         vertex 1.000000e+00 3.535332e+00 -4.213245e+00
         vertex 1.000000e+00 4.344266e+00 -5.488839e+00
         vertex 1.000000e+00 4.000555e+00 -3.774329e+00
      endloop
   endfacet
   facet normal 1.000000e+00 -0.000000e+00 0.000000e+00
      outer loop
         vertex 1.000000e+00 -6.178752e+00 -3.289837e+00
         vertex 1.000000e+00 -5.807739e+00 -3.907706e+00
         vertex 1.000000e+00 -4.411677e+00 -3.284372e+00
      endloop
   endfacet
   facet normal 1.000000e+00 0.000000e+00 0.000000e+00
      outer loop
         vertex 1.000000e+00 -4.411677e+00 -3.284372e+00
         vertex 1.000000e+00 -5.807739e+00 -3.907706e+00
         vertex 1.000000e+00 -5.375163e+00 -4.484152e+00
      endloop
   endfacet
   facet normal 1.000000e+00 0.000000e+00 0.000000e+00
      outer loop
         vertex 1.000000e+00 -4.411677e+00 -3.284372e+00
         vertex 1.000000e+00 -5.375163e+00 -4.484152e+00
         vertex 1.000000e+00 -4.000555e+00 -3.774329e+00
      endloop
   endfacet
   facet normal 1.000000e+00 0.000000e+00 0.000000e+00
      outer loop
         vertex 1.000000e+00 -4.000555e+00 -3.774329e+00
         vertex 1.000000e+00 -5.375163e+00 -4.484152e+00
         vertex 1.000000e+00 -4.885609e+00 -5.013065e+00
      endloop
   endfacet
   facet normal 1.000000e+00 0.000000e+00 0.000000e+00
      outer loop
         vertex 1.000000e+00 -4.000555e+00 -3.774329e+00
         vertex 1.000000e+00 -4.885609e+00 -5.013065e+00
         vertex 1.000000e+00 -3.535332e+00 -4.213245e+00
      endloop
   endfacet
   facet normal 1.000000e+00 0.000000e+00 0.000000e+00
      outer loop
         vertex 1.000000e+00 -3.535332e+00 -4.213245e+00
         vertex 1.000000e+00 -4.885609e+00 -5.013065e+00
         vertex 1.000000e+00 -4.344266e+00 -5.488839e+00
      endloop
   endfacet
   facet normal 1.000000e+00 0.000000e+00 0.000000e+00
      outer loop
         vertex 1.000000e+00 -3.535332e+00 -4.213245e+00
         vertex 1.000000e+00 -4.344266e+00 -5.488839e+00
         vertex 1.000000e+00 -3.022299e+00 -4.595183e+00
      endloop
   endfacet
   facet normal 1.000000e+00 0.000000e+00 0.000000e+00
      outer loop
         vertex 1.000000e+00 -3.022299e+00 -4.595183e+00
         vertex 1.000000e+00 -4.344266e+00 -5.488839e+00
         vertex 1.000000e+00 -3.756873e+00 -5.906429e+00
      endloop
   endfacet
   facet normal 1.000000e+00 0.000000e+00 0.000000e+00
      outer loop
         vertex 1.000000e+00 -3.022299e+00 -4.595183e+00
         vertex 1.000000e+00 -3.756873e+00 -5.906429e+00
         vertex 1.000000e+00 -2.468396e+00 -4.914979e+00
      endloop
   endfacet
   facet normal 1.000000e+00 0.000000e+00 0.000000e+00
      outer loop
         vertex 1.000000e+00 -2.468396e+00 -4.914979e+00
         vertex 1.000000e+00 -3.756873e+00 -5.906429e+00
         vertex 1.000000e+00 -3.129657e+00 -6.261410e+00
      endloop
   endfacet
   facet normal 1.000000e+00 0.000000e+00 0.000000e+00
      outer loop
         vertex 1.000000e+00 -2.468396e+00 -4.914979e+00
         vertex 1.000000e+00 -3.129657e+00 -6.261410e+00
         vertex 1.000000e+00 -1.881111e+00 -5.168309e+00
      endloop
   endfacet
   facet normal 1.000000e+00 0.000000e+00 0.000000e+00
      outer loop
         vertex 1.000000e+00 -1.881111e+00 -5.168309e+00
         vertex 1.000000e+00 -3.129657e+00 -6.261410e+00
         vertex 1.000000e+00 -2.469265e+00 -6.550018e+00
      endloop
   endfacet
   facet normal 1.000000e+00 0.000000e+00 0.000000e+00
      outer loop
         vertex 1.000000e+00 -1.881111e+00 -5.168309e+00
         vertex 1.000000e+00 -2.469265e+00 -6.550018e+00
         vertex 1.000000e+00 -1.268387e+00 -5.351747e+00
      endloop
   endfacet
   facet normal 1.000000e+00 0.000000e+00 0.000000e+00
      outer loop
         vertex 1.000000e+00 -1.268387e+00 -5.351747e+00
         vertex 1.000000e+00 -2.469265e+00 -6.550018e+00
         vertex 1.000000e+00 -1.782698e+00 -6.769194e+00
      endloop
   endfacet
   facet normal 1.000000e+00 0.000000e+00 0.000000e+00
      outer loop
         vertex 1.000000e+00 -1.268387e+00 -5.351747e+00
         vertex 1.000000e+00 -1.782698e+00 -6.769194e+00
         vertex 1.000000e+00 -6.385110e-01 -5.462811e+00
      endloop
   endfacet
   facet normal 1.000000e+00 0.000000e+00 0.000000e+00
      outer loop
         vertex 1.000000e+00 -6.385110e-01 -5.462811e+00
         vertex 1.000000e+00 -1.782698e+00 -6.769194e+00
         vertex 1.000000e+00 -1.077234e+00 -6.916615e+00
      endloop
   endfacet
   facet normal 1.000000e+00 0.000000e+00 0.000000e+00
      outer loop
         vertex 1.000000e+00 -6.385110e-01 -5.462811e+00
         vertex 1.000000e+00 -1.077234e+00 -6.916615e+00
         vertex 1.000000e+00 -3.603513e-01 -6.990719e+00
      endloop
   endfacet
   facet normal 1.000000e+00 0.000000e+00 0.000000e+00
      outer loop
         vertex 1.000000e+00 -1.881111e+00 5.168309e+00
         vertex 1.000000e+00 -2.803177e+00 6.414218e+00
         vertex 1.000000e+00 -2.468396e+00 4.914979e+00
      endloop
   endfacet
   facet normal 1.000000e+00 0.000000e+00 0.000000e+00
      outer loop
         vertex 1.000000e+00 -2.468396e+00 4.914979e+00
         vertex 1.000000e+00 -2.803177e+00 6.414218e+00
         vertex 1.000000e+00 -3.447836e+00 6.091997e+00
      endloop
   endfacet
   facet normal 1.000000e+00 0.000000e+00 0.000000e+00
      outer loop
         vertex 1.000000e+00 -2.468396e+00 4.914979e+00
         vertex 1.000000e+00 -3.447836e+00 6.091997e+00
         vertex 1.000000e+00 -3.022299e+00 4.595183e+00
      endloop
   endfacet
   facet normal 1.000000e+00 0.000000e+00 0.000000e+00
      outer loop
         vertex 1.000000e+00 -3.022299e+00 4.595183e+00
         vertex 1.000000e+00 -3.447836e+00 6.091997e+00
         vertex 1.000000e+00 -4.055948e+00 5.705198e+00
      endloop
   endfacet
   facet normal 1.000000e+00 0.000000e+00 0.000000e+00
      outer loop
         vertex 1.000000e+00 -3.022299e+00 4.595183e+00
         vertex 1.000000e+00 -4.055948e+00 5.705198e+00
         vertex 1.000000e+00 -3.535332e+00 4.213245e+00
      endloop
   endfacet
   facet normal 1.000000e+00 0.000000e+00 0.000000e+00
      outer loop
         vertex 1.000000e+00 -3.535332e+00 4.213245e+00
         vertex 1.000000e+00 -4.055948e+00 5.705198e+00
         vertex 1.000000e+00 -4.621065e+00 5.257924e+00
      endloop
   endfacet
   facet normal 1.000000e+00 0.000000e+00 0.000000e+00
      outer loop
         vertex 1.000000e+00 -3.535332e+00 4.213245e+00
         vertex 1.000000e+00 -4.621065e+00 5.257924e+00
         vertex 1.000000e+00 -4.000555e+00 3.774329e+00
      endloop
   endfacet
   facet normal 1.000000e+00 0.000000e+00 0.000000e+00
      outer loop
         vertex 1.000000e+00 -4.000555e+00 3.774329e+00
         vertex 1.000000e+00 -4.621065e+00 5.257924e+00
         vertex 1.000000e+00 -5.137198e+00 4.754914e+00
      endloop
   endfacet
   facet normal 1.000000e+00 0.000000e+00 0.000000e+00
      outer loop
         vertex 1.000000e+00 -4.000555e+00 3.774329e+00
         vertex 1.000000e+00 -5.137198e+00 4.754914e+00
         vertex 1.000000e+00 -4.411677e+00 3.284372e+00
      endloop
   endfacet
   facet normal 1.000000e+00 0.000000e+00 0.000000e+00
      outer loop
         vertex 1.000000e+00 -4.411677e+00 3.284372e+00
         vertex 1.000000e+00 -5.137198e+00 4.754914e+00
         vertex 1.000000e+00 -5.598875e+00 4.201500e+00
      endloop
   endfacet
   facet normal 1.000000e+00 0.000000e+00 0.000000e+00
      outer loop
         vertex 1.000000e+00 -4.411677e+00 3.284372e+00
         vertex 1.000000e+00 -5.598875e+00 4.201500e+00
         vertex 1.000000e+00 -4.763140e+00 2.750000e+00
      endloop
   endfacet
   facet normal 1.000000e+00 0.000000e+00 0.000000e+00
      outer loop
         vertex 1.000000e+00 -4.763140e+00 2.750000e+00
         vertex 1.000000e+00 -5.598875e+00 4.201500e+00
         vertex 1.000000e+00 -6.001202e+00 3.603550e+00
      endloop
   endfacet
   facet normal 1.000000e+00 0.000000e+00 0.000000e+00
      outer loop
         vertex 1.000000e+00 -4.763140e+00 2.750000e+00
         vertex 1.000000e+00 -6.001202e+00 3.603550e+00
         vertex 1.000000e+00 -5.050188e+00 2.178439e+00
      endloop
   endfacet
   facet normal 1.000000e+00 0.000000e+00 0.000000e+00
      outer loop
         vertex 1.000000e+00 -5.050188e+00 2.178439e+00
         vertex 1.000000e+00 -6.001202e+00 3.603550e+00
         vertex 1.000000e+00 -6.339916e+00 2.967401e+00
      endloop
   endfacet
   facet normal 1.000000e+00 0.000000e+00 0.000000e+00
      outer loop
         vertex 1.000000e+00 -5.050188e+00 2.178439e+00
         vertex 1.000000e+00 -6.339916e+00 2.967401e+00
         vertex 1.000000e+00 -5.268942e+00 1.577418e+00
      endloop
   endfacet
   facet normal 1.000000e+00 0.000000e+00 0.000000e+00
      outer loop
         vertex 1.000000e+00 -5.268942e+00 1.577418e+00
         vertex 1.000000e+00 -6.339916e+00 2.967401e+00
         vertex 1.000000e+00 -6.611424e+00 2.299797e+00
      endloop
   endfacet
   facet normal 1.000000e+00 0.000000e+00 0.000000e+00
      outer loop
         vertex 1.000000e+00 -5.268942e+00 1.577418e+00
         vertex 1.000000e+00 -6.611424e+00 2.299797e+00
         vertex 1.000000e+00 -6.812850e+00 1.607814e+00
      endloop
   endfacet
   facet normal 1.000000e+00 0.000000e+00 -0.000000e+00
      outer loop
         vertex 1.000000e+00 2.468396e+00 4.914979e+00
         vertex 1.000000e+00 2.803177e+00 6.414218e+00
         vertex 1.000000e+00 1.881111e+00 5.168309e+00
      endloop
   endfacet
   facet normal 1.000000e+00 0.000000e+00 0.000000e+00
      outer loop
         vertex 1.000000e+00 1.881111e+00 5.168309e+00
         vertex 1.000000e+00 2.803177e+00 6.414218e+00
         vertex 1.000000e+00 2.128804e+00 6.668448e+00
      endloop
   endfacet
   facet normal 1.000000e+00 0.000000e+00 -0.000000e+00
      outer loop
         vertex 1.000000e+00 1.881111e+00 5.168309e+00
         vertex 1.000000e+00 2.128804e+00 6.668448e+00
         vertex 1.000000e+00 1.268387e+00 5.351747e+00
      endloop
   endfacet
   facet normal 1.000000e+00 0.000000e+00 0.000000e+00
      outer loop
         vertex 1.000000e+00 1.268387e+00 5.351747e+00
         vertex 1.000000e+00 2.128804e+00 6.668448e+00
         vertex 1.000000e+00 1.431864e+00 6.851990e+00
      endloop
   endfacet
   facet normal 1.000000e+00 0.000000e+00 -0.000000e+00
      outer loop
         vertex 1.000000e+00 1.268387e+00 5.351747e+00
         vertex 1.000000e+00 1.431864e+00 6.851990e+00
         vertex 1.000000e+00 6.385110e-01 5.462811e+00
      endloop
   endfacet
   facet normal 1.000000e+00 0.000000e+00 0.000000e+00
      outer loop
         vertex 1.000000e+00 6.385110e-01 5.462811e+00
         vertex 1.000000e+00 1.431864e+00 6.851990e+00
         vertex 1.000000e+00 7.197470e-01 6.962899e+00
      endloop
   endfacet
   facet normal 1.000000e+00 0.000000e+00 -0.000000e+00
      outer loop
         vertex 1.000000e+00 6.385110e-01 5.462811e+00
         vertex 1.000000e+00 7.197470e-01 6.962899e+00
         vertex 1.000000e+00 -1.347112e-15 5.500000e+00
      endloop
   endfacet
   facet normal 1.000000e+00 0.000000e+00 0.000000e+00
      outer loop
         vertex 1.000000e+00 -1.347112e-15 5.500000e+00
         vertex 1.000000e+00 7.197470e-01 6.962899e+00
         vertex 1.000000e+00 0.000000e+00 7.000000e+00
      endloop
   endfacet
   facet normal 1.000000e+00 0.000000e+00 -0.000000e+00
      outer loop
         vertex 1.000000e+00 -1.347112e-15 5.500000e+00
         vertex 1.000000e+00 0.000000e+00 7.000000e+00
         vertex 1.000000e+00 -6.385110e-01 5.462811e+00
      endloop
   endfacet
   facet normal 1.000000e+00 0.000000e+00 -0.000000e+00
      outer loop
         vertex 1.000000e+00 -6.385110e-01 5.462811e+00
         vertex 1.000000e+00 0.000000e+00 7.000000e+00
         vertex 1.000000e+00 -7.197470e-01 6.962899e+00
      endloop
   endfacet
   facet normal 1.000000e+00 0.000000e+00 0.000000e+00
      outer loop
         vertex 1.000000e+00 -6.385110e-01 5.462811e+00
         vertex 1.000000e+00 -7.197470e-01 6.962899e+00
         vertex 1.000000e+00 -1.268387e+00 5.351747e+00
      endloop
   endfacet
   facet normal 1.000000e+00 0.000000e+00 -0.000000e+00
      outer loop
         vertex 1.000000e+00 -1.268387e+00 5.351747e+00
         vertex 1.000000e+00 -7.197470e-01 6.962899e+00
         vertex 1.000000e+00 -1.431864e+00 6.851990e+00
      endloop
   endfacet
   facet normal 1.000000e+00 0.000000e+00 0.000000e+00
      outer loop
         vertex 1.000000e+00 -1.268387e+00 5.351747e+00
         vertex 1.000000e+00 -1.431864e+00 6.851990e+00
         vertex 1.000000e+00 -1.881111e+00 5.168309e+00
      endloop
   endfacet
   facet normal 1.000000e+00 0.000000e+00 -0.000000e+00
      outer loop
         vertex 1.000000e+00 -1.881111e+00 5.168309e+00
         vertex 1.000000e+00 -1.431864e+00 6.851990e+00
         vertex 1.000000e+00 -2.128804e+00 6.668448e+00
      endloop
   endfacet
   facet normal 1.000000e+00 0.000000e+00 0.000000e+00
      outer loop
         vertex 1.000000e+00 -1.881111e+00 5.168309e+00
         vertex 1.000000e+00 -2.128804e+00 6.668448e+00
         vertex 1.000000e+00 -2.803177e+00 6.414218e+00
      endloop
   endfacet
   facet normal 1.000000e+00 0.000000e+00 -0.000000e+00
      outer loop
         vertex 1.000000e+00 5.416443e+00 9.550650e-01
         vertex 1.000000e+00 6.812850e+00 1.607814e+00
         vertex 1.000000e+00 5.268942e+00 1.577418e+00
      endloop
   endfacet
   facet normal 1.000000e+00 0.000000e+00 0.000000e+00
      outer loop
         vertex 1.000000e+00 5.268942e+00 1.577418e+00
         vertex 1.000000e+00 6.812850e+00 1.607814e+00
         vertex 1.000000e+00 6.611424e+00 2.299797e+00
      endloop
   endfacet
   facet normal 1.000000e+00 0.000000e+00 -0.000000e+00
      outer loop
         vertex 1.000000e+00 5.268942e+00 1.577418e+00
         vertex 1.000000e+00 6.611424e+00 2.299797e+00
         vertex 1.000000e+00 5.050188e+00 2.178439e+00
      endloop
   endfacet
   facet normal 1.000000e+00 0.000000e+00 0.000000e+00
      outer loop
         vertex 1.000000e+00 5.050188e+00 2.178439e+00
         vertex 1.000000e+00 6.611424e+00 2.299797e+00
         vertex 1.000000e+00 6.339916e+00 2.967401e+00
      endloop
   endfacet
   facet normal 1.000000e+00 0.000000e+00 -0.000000e+00
      outer loop
         vertex 1.000000e+00 5.050188e+00 2.178439e+00
         vertex 1.000000e+00 6.339916e+00 2.967401e+00
         vertex 1.000000e+00 4.763140e+00 2.750000e+00
      endloop
   endfacet
   facet normal 1.000000e+00 0.000000e+00 0.000000e+00
      outer loop
         vertex 1.000000e+00 4.763140e+00 2.750000e+00
         vertex 1.000000e+00 6.339916e+00 2.967401e+00
         vertex 1.000000e+00 6.001202e+00 3.603550e+00
      endloop
   endfacet
   facet normal 1.000000e+00 0.000000e+00 -0.000000e+00
      outer loop
         vertex 1.000000e+00 4.763140e+00 2.750000e+00
         vertex 1.000000e+00 6.001202e+00 3.603550e+00
         vertex 1.000000e+00 4.411677e+00 3.284372e+00
      endloop
   endfacet
   facet normal 1.000000e+00 0.000000e+00 0.000000e+00
      outer loop
         vertex 1.000000e+00 4.411677e+00 3.284372e+00
         vertex 1.000000e+00 6.001202e+00 3.603550e+00
         vertex 1.000000e+00 5.598875e+00 4.201500e+00
      endloop
   endfacet
   facet normal 1.000000e+00 0.000000e+00 -0.000000e+00
      outer loop
         vertex 1.000000e+00 4.411677e+00 3.284372e+00
         vertex 1.000000e+00 5.598875e+00 4.201500e+00
         vertex 1.000000e+00 4.000555e+00 3.774329e+00
      endloop
   endfacet
   facet normal 1.000000e+00 0.000000e+00 0.000000e+00
      outer loop
         vertex 1.000000e+00 4.000555e+00 3.774329e+00
         vertex 1.000000e+00 5.598875e+00 4.201500e+00
         vertex 1.000000e+00 5.137198e+00 4.754914e+00
      endloop
   endfacet
   facet normal 1.000000e+00 0.000000e+00 -0.000000e+00
      outer loop
         vertex 1.000000e+00 4.000555e+00 3.774329e+00
         vertex 1.000000e+00 5.137198e+00 4.754914e+00
         vertex 1.000000e+00 3.535332e+00 4.213245e+00
      endloop
   endfacet
   facet normal 1.000000e+00 0.000000e+00 0.000000e+00
      outer loop
         vertex 1.000000e+00 3.535332e+00 4.213245e+00
         vertex 1.000000e+00 5.137198e+00 4.754914e+00
         vertex 1.000000e+00 4.621065e+00 5.257924e+00
      endloop
   endfacet
   facet normal 1.000000e+00 0.000000e+00 -0.000000e+00
      outer loop
         vertex 1.000000e+00 3.535332e+00 4.213245e+00
         vertex 1.000000e+00 4.621065e+00 5.257924e+00
         vertex 1.000000e+00 3.022299e+00 4.595183e+00
      endloop
   endfacet
   facet normal 1.000000e+00 0.000000e+00 0.000000e+00
      outer loop
         vertex 1.000000e+00 3.022299e+00 4.595183e+00
         vertex 1.000000e+00 4.621065e+00 5.257924e+00
         vertex 1.000000e+00 4.055948e+00 5.705198e+00
      endloop
   endfacet
   facet normal 1.000000e+00 0.000000e+00 -0.000000e+00
      outer loop
         vertex 1.000000e+00 3.022299e+00 4.595183e+00
         vertex 1.000000e+00 4.055948e+00 5.705198e+00
         vertex 1.000000e+00 2.468396e+00 4.914979e+00
      endloop
   endfacet
   facet normal 1.000000e+00 0.000000e+00 0.000000e+00
      outer loop
         vertex 1.000000e+00 2.468396e+00 4.914979e+00
         vertex 1.000000e+00 4.055948e+00 5.705198e+00
         vertex 1.000000e+00 3.447836e+00 6.091997e+00
      endloop
   endfacet
   facet normal 1.000000e+00 0.000000e+00 0.000000e+00
      outer loop
         vertex 1.000000e+00 2.468396e+00 4.914979e+00
         vertex 1.000000e+00 3.447836e+00 6.091997e+00
         vertex 1.000000e+00 2.803177e+00 6.414218e+00
      endloop
   endfacet
   facet normal 1.000000e+00 0.000000e+00 -0.000000e+00
      outer loop
         vertex 1.000000e+00 4.344266e+00 -5.488839e+00
         vertex 1.000000e+00 4.885609e+00 -5.013065e+00
         vertex 1.000000e+00 4.000555e+00 -3.774329e+00
      endloop
   endfacet
   facet normal 1.000000e+00 0.000000e+00 0.000000e+00
      outer loop
         vertex 1.000000e+00 4.000555e+00 -3.774329e+00
         vertex 1.000000e+00 4.885609e+00 -5.013065e+00
         vertex 1.000000e+00 5.375163e+00 -4.484152e+00
      endloop
   endfacet
   facet normal 1.000000e+00 -0.000000e+00 0.000000e+00
      outer loop
         vertex 1.000000e+00 4.000555e+00 -3.774329e+00
         vertex 1.000000e+00 5.375163e+00 -4.484152e+00
         vertex 1.000000e+00 4.411677e+00 -3.284372e+00
      endloop
   endfacet
   facet normal 1.000000e+00 0.000000e+00 0.000000e+00
      outer loop
         vertex 1.000000e+00 4.411677e+00 -3.284372e+00
         vertex 1.000000e+00 5.375163e+00 -4.484152e+00
         vertex 1.000000e+00 5.807739e+00 -3.907706e+00
      endloop
   endfacet
   facet normal 1.000000e+00 -0.000000e+00 0.000000e+00
      outer loop
         vertex 1.000000e+00 4.411677e+00 -3.284372e+00
         vertex 1.000000e+00 5.807739e+00 -3.907706e+00
         vertex 1.000000e+00 4.763140e+00 -2.750000e+00
      endloop
   endfacet
   facet normal 1.000000e+00 0.000000e+00 0.000000e+00
      outer loop
         vertex 1.000000e+00 4.763140e+00 -2.750000e+00
         vertex 1.000000e+00 5.807739e+00 -3.907706e+00
         vertex 1.000000e+00 6.178752e+00 -3.289837e+00
      endloop
   endfacet
   facet normal 1.000000e+00 -0.000000e+00 0.000000e+00
      outer loop
         vertex 1.000000e+00 4.763140e+00 -2.750000e+00
         vertex 1.000000e+00 6.178752e+00 -3.289837e+00
         vertex 1.000000e+00 5.050188e+00 -2.178439e+00
      endloop
   endfacet
   facet normal 1.000000e+00 0.000000e+00 0.000000e+00
      outer loop
         vertex 1.000000e+00 5.050188e+00 -2.178439e+00
         vertex 1.000000e+00 6.178752e+00 -3.289837e+00
         vertex 1.000000e+00 6.484268e+00 -2.637095e+00
      endloop
   endfacet
   facet normal 1.000000e+00 -0.000000e+00 0.000000e+00
      outer loop
         vertex 1.000000e+00 5.050188e+00 -2.178439e+00
         vertex 1.000000e+00 6.484268e+00 -2.637095e+00
         vertex 1.000000e+00 5.268942e+00 -1.577418e+00
      endloop
   endfacet
   facet normal 1.000000e+00 0.000000e+00 0.000000e+00
      outer loop
         vertex 1.000000e+00 5.268942e+00 -1.577418e+00
         vertex 1.000000e+00 6.484268e+00 -2.637095e+00
         vertex 1.000000e+00 6.721049e+00 -1.956400e+00
      endloop
   endfacet
   facet normal 1.000000e+00 -0.000000e+00 0.000000e+00
      outer loop
         vertex 1.000000e+00 5.268942e+00 -1.577418e+00
         vertex 1.000000e+00 6.721049e+00 -1.956400e+00
         vertex 1.000000e+00 5.416443e+00 -9.550650e-01
      endloop
   endfacet
   facet normal 1.000000e+00 0.000000e+00 0.000000e+00
      outer loop
         vertex 1.000000e+00 5.416443e+00 -9.550650e-01
         vertex 1.000000e+00 6.721049e+00 -1.956400e+00
         vertex 1.000000e+00 6.886586e+00 -1.254965e+00
      endloop
   endfacet
   facet normal 1.000000e+00 -0.000000e+00 0.000000e+00
      outer loop
         vertex 1.000000e+00 5.416443e+00 -9.550650e-01
         vertex 1.000000e+00 6.886586e+00 -1.254965e+00
         vertex 1.000000e+00 5.490695e+00 -3.197966e-01
      endloop
   endfacet
   facet normal 1.000000e+00 0.000000e+00 0.000000e+00
      outer loop
         vertex 1.000000e+00 5.490695e+00 -3.197966e-01
         vertex 1.000000e+00 6.886586e+00 -1.254965e+00
         vertex 1.000000e+00 6.979123e+00 -5.402282e-01
      endloop
   endfacet
   facet normal 1.000000e+00 -0.000000e+00 0.000000e+00
      outer loop
         vertex 1.000000e+00 5.490695e+00 -3.197966e-01
         vertex 1.000000e+00 6.979123e+00 -5.402282e-01
         vertex 1.000000e+00 5.490695e+00 3.197966e-01
      endloop
   endfacet
   facet normal 1.000000e+00 0.000000e+00 0.000000e+00
      outer loop
         vertex 1.000000e+00 5.490695e+00 3.197966e-01
         vertex 1.000000e+00 6.979123e+00 -5.402282e-01
         vertex 1.000000e+00 6.997679e+00 1.802354e-01
      endloop
   endfacet
   facet normal 1.000000e+00 -0.000000e+00 -0.000000e+00
      outer loop
         vertex 1.000000e+00 5.490695e+00 3.197966e-01
         vertex 1.000000e+00 6.997679e+00 1.802354e-01
         vertex 1.000000e+00 5.416443e+00 9.550650e-01
      endloop
   endfacet
   facet normal 1.000000e+00 0.000000e+00 0.000000e+00
      outer loop
         vertex 1.000000e+00 5.416443e+00 9.550650e-01
         vertex 1.000000e+00 6.997679e+00 1.802354e-01
         vertex 1.000000e+00 6.942059e+00 8.987885e-01
      endloop
   endfacet
   facet normal 1.000000e+00 -0.000000e+00 0.000000e+00
      outer loop
         vertex 1.000000e+00 5.416443e+00 9.550650e-01
         vertex 1.000000e+00 6.942059e+00 8.987885e-01
         vertex 1.000000e+00 6.812850e+00 1.607814e+00
      endloop
   endfacet
   facet normal 0.000000e+00 5.814495e-02 9.983082e-01
      outer loop
         vertex 1.000000e+00 -1.347112e-15 5.500000e+00
         vertex 4.000000e+00 6.385110e-01 5.462811e+00
         vertex 1.000000e+00 6.385110e-01 5.462811e+00
      endloop
   endfacet
   facet normal -0.000000e+00 1.736478e-01 9.848078e-01
      outer loop
         vertex 1.000000e+00 6.385110e-01 5.462811e+00
         vertex 4.000000e+00 6.385110e-01 5.462811e+00
         vertex 4.000000e+00 1.268387e+00 5.351747e+00
      endloop
   endfacet
   facet normal 0.000000e+00 1.736478e-01 9.848078e-01
      outer loop
         vertex 1.000000e+00 6.385110e-01 5.462811e+00
         vertex 4.000000e+00 1.268387e+00 5.351747e+00
         vertex 1.000000e+00 1.268387e+00 5.351747e+00
      endloop
   endfacet
   facet normal -0.000000e+00 2.868034e-01 9.579895e-01
      outer loop
         vertex 1.000000e+00 1.268387e+00 5.351747e+00
         vertex 4.000000e+00 1.268387e+00 5.351747e+00
         vertex 4.000000e+00 1.881111e+00 5.168309e+00
      endloop
   endfacet
   facet normal 0.000000e+00 2.868034e-01 9.579895e-01
      outer loop
         vertex 1.000000e+00 1.268387e+00 5.351747e+00
         vertex 4.000000e+00 1.881111e+00 5.168309e+00
         vertex 1.000000e+00 1.881111e+00 5.168309e+00
      endloop
   endfacet
   facet normal -0.000000e+00 3.960799e-01 9.182160e-01
      outer loop
         vertex 1.000000e+00 1.881111e+00 5.168309e+00
         vertex 4.000000e+00 1.881111e+00 5.168309e+00
         vertex 4.000000e+00 2.468396e+00 4.914979e+00
      endloop
   endfacet
   facet normal 0.000000e+00 3.960799e-01 9.182160e-01
      outer loop
         vertex 1.000000e+00 1.881111e+00 5.168309e+00
         vertex 4.000000e+00 2.468396e+00 4.914979e+00
         vertex 1.000000e+00 2.468396e+00 4.914979e+00
      endloop
   endfacet
   facet normal -0.000000e+00 5.000001e-01 8.660254e-01
      outer loop
         vertex 1.000000e+00 2.468396e+00 4.914979e+00
         vertex 4.000000e+00 2.468396e+00 4.914979e+00
         vertex 4.000000e+00 3.022299e+00 4.595183e+00
      endloop
   endfacet
   facet normal 0.000000e+00 5.000001e-01 8.660254e-01
      outer loop
         vertex 1.000000e+00 2.468396e+00 4.914979e+00
         vertex 4.000000e+00 3.022299e+00 4.595183e+00
         vertex 1.000000e+00 3.022299e+00 4.595183e+00
      endloop
   endfacet
   facet normal -0.000000e+00 5.971582e-01 8.021235e-01
      outer loop
         vertex 1.000000e+00 3.022299e+00 4.595183e+00
         vertex 4.000000e+00 3.022299e+00 4.595183e+00
         vertex 4.000000e+00 3.535332e+00 4.213245e+00
      endloop
   endfacet
   facet normal 0.000000e+00 5.971582e-01 8.021235e-01
      outer loop
         vertex 1.000000e+00 3.022299e+00 4.595183e+00
         vertex 4.000000e+00 3.535332e+00 4.213245e+00
         vertex 1.000000e+00 3.535332e+00 4.213245e+00
      endloop
   endfacet
   facet normal -0.000000e+00 6.862416e-01 7.273737e-01
      outer loop
         vertex 1.000000e+00 3.535332e+00 4.213245e+00
         vertex 4.000000e+00 3.535332e+00 4.213245e+00
         vertex 4.000000e+00 4.000555e+00 3.774329e+00
      endloop
   endfacet
   facet normal 0.000000e+00 6.862416e-01 7.273737e-01
      outer loop
         vertex 1.000000e+00 3.535332e+00 4.213245e+00
         vertex 4.000000e+00 4.000555e+00 3.774329e+00
         vertex 1.000000e+00 4.000555e+00 3.774329e+00
      endloop
   endfacet
   facet normal -0.000000e+00 7.660449e-01 6.427871e-01
      outer loop
         vertex 1.000000e+00 4.000555e+00 3.774329e+00
         vertex 4.000000e+00 4.000555e+00 3.774329e+00
         vertex 4.000000e+00 4.411677e+00 3.284372e+00
      endloop
   endfacet
   facet normal 0.000000e+00 7.660449e-01 6.427871e-01
      outer loop
         vertex 1.000000e+00 4.000555e+00 3.774329e+00
         vertex 4.000000e+00 4.411677e+00 3.284372e+00
         vertex 1.000000e+00 4.411677e+00 3.284372e+00
      endloop
   endfacet
   facet normal -0.000000e+00 8.354875e-01 5.495094e-01
      outer loop
         vertex 1.000000e+00 4.411677e+00 3.284372e+00
         vertex 4.000000e+00 4.411677e+00 3.284372e+00
         vertex 4.000000e+00 4.763140e+00 2.750000e+00
      endloop
   endfacet
   facet normal 0.000000e+00 8.354875e-01 5.495094e-01
      outer loop
         vertex 1.000000e+00 4.411677e+00 3.284372e+00
         vertex 4.000000e+00 4.763140e+00 2.750000e+00
         vertex 1.000000e+00 4.763140e+00 2.750000e+00
      endloop
   endfacet
   facet normal -0.000000e+00 8.936329e-01 4.487988e-01
      outer loop
         vertex 1.000000e+00 4.763140e+00 2.750000e+00
         vertex 4.000000e+00 4.763140e+00 2.750000e+00
         vertex 4.000000e+00 5.050188e+00 2.178439e+00
      endloop
   endfacet
   facet normal 0.000000e+00 8.936329e-01 4.487988e-01
      outer loop
         vertex 1.000000e+00 4.763140e+00 2.750000e+00
         vertex 4.000000e+00 5.050188e+00 2.178439e+00
         vertex 1.000000e+00 5.050188e+00 2.178439e+00
      endloop
   endfacet
   facet normal -0.000000e+00 9.396926e-01 3.420201e-01
      outer loop
         vertex 1.000000e+00 5.050188e+00 2.178439e+00
         vertex 4.000000e+00 5.050188e+00 2.178439e+00
         vertex 4.000000e+00 5.268942e+00 1.577418e+00
      endloop
   endfacet
   facet normal 0.000000e+00 9.396926e-01 3.420201e-01
      outer loop
         vertex 1.000000e+00 5.050188e+00 2.178439e+00
         vertex 4.000000e+00 5.268942e+00 1.577418e+00
         vertex 1.000000e+00 5.268942e+00 1.577418e+00
      endloop
   endfacet
   facet normal -0.000000e+00 9.730448e-01 2.306162e-01
      outer loop
         vertex 1.000000e+00 5.268942e+00 1.577418e+00
         vertex 4.000000e+00 5.268942e+00 1.577418e+00
         vertex 4.000000e+00 5.416443e+00 9.550650e-01
      endloop
   endfacet
   facet normal 0.000000e+00 9.730448e-01 2.306162e-01
      outer loop
         vertex 1.000000e+00 5.268942e+00 1.577418e+00
         vertex 4.000000e+00 5.416443e+00 9.550650e-01
         vertex 1.000000e+00 5.416443e+00 9.550650e-01
      endloop
   endfacet
   facet normal -0.000000e+00 9.932384e-01 1.160926e-01
      outer loop
         vertex 1.000000e+00 5.416443e+00 9.550650e-01
         vertex 4.000000e+00 5.416443e+00 9.550650e-01
         vertex 4.000000e+00 5.490695e+00 3.197966e-01
      endloop
   endfacet
   facet normal 0.000000e+00 9.932384e-01 1.160926e-01
      outer loop
         vertex 1.000000e+00 5.416443e+00 9.550650e-01
         vertex 4.000000e+00 5.490695e+00 3.197966e-01
         vertex 1.000000e+00 5.490695e+00 3.197966e-01
      endloop
   endfacet
   facet normal -0.000000e+00 1.000000e+00 0.000000e+00
      outer loop
         vertex 1.000000e+00 5.490695e+00 3.197966e-01
         vertex 4.000000e+00 5.490695e+00 3.197966e-01
         vertex 4.000000e+00 5.490695e+00 -3.197966e-01
      endloop
   endfacet
   facet normal 0.000000e+00 1.000000e+00 0.000000e+00
      outer loop
         vertex 1.000000e+00 5.490695e+00 3.197966e-01
         vertex 4.000000e+00 5.490695e+00 -3.197966e-01
         vertex 1.000000e+00 5.490695e+00 -3.197966e-01
      endloop
   endfacet
   facet normal 0.000000e+00 9.932384e-01 -1.160926e-01
      outer loop
         vertex 1.000000e+00 5.490695e+00 -3.197966e-01
         vertex 4.000000e+00 5.490695e+00 -3.197966e-01
         vertex 4.000000e+00 5.416443e+00 -9.550650e-01
      endloop
   endfacet
   facet normal 0.000000e+00 9.932384e-01 -1.160926e-01
      outer loop
         vertex 1.000000e+00 5.490695e+00 -3.197966e-01
         vertex 4.000000e+00 5.416443e+00 -9.550650e-01
         vertex 1.000000e+00 5.416443e+00 -9.550650e-01
      endloop
   endfacet
   facet normal 0.000000e+00 9.730448e-01 -2.306162e-01
      outer loop
         vertex 1.000000e+00 5.416443e+00 -9.550650e-01
         vertex 4.000000e+00 5.416443e+00 -9.550650e-01
         vertex 4.000000e+00 5.268942e+00 -1.577418e+00
      endloop
   endfacet
   facet normal 0.000000e+00 9.730448e-01 -2.306162e-01
      outer loop
         vertex 1.000000e+00 5.416443e+00 -9.550650e-01
         vertex 4.000000e+00 5.268942e+00 -1.577418e+00
         vertex 1.000000e+00 5.268942e+00 -1.577418e+00
      endloop
   endfacet
   facet normal 0.000000e+00 9.396926e-01 -3.420201e-01
      outer loop
         vertex 1.000000e+00 5.268942e+00 -1.577418e+00
         vertex 4.000000e+00 5.268942e+00 -1.577418e+00
         vertex 4.000000e+00 5.050188e+00 -2.178439e+00
      endloop
   endfacet
   facet normal 0.000000e+00 9.396926e-01 -3.420201e-01
      outer loop
         vertex 1.000000e+00 5.268942e+00 -1.577418e+00
         vertex 4.000000e+00 5.050188e+00 -2.178439e+00
         vertex 1.000000e+00 5.050188e+00 -2.178439e+00
      endloop
   endfacet
   facet normal 0.000000e+00 8.936329e-01 -4.487988e-01
      outer loop
         vertex 1.000000e+00 5.050188e+00 -2.178439e+00
         vertex 4.000000e+00 5.050188e+00 -2.178439e+00
         vertex 4.000000e+00 4.763140e+00 -2.750000e+00
      endloop
   endfacet
   facet normal 0.000000e+00 8.936329e-01 -4.487988e-01
      outer loop
         vertex 1.000000e+00 5.050188e+00 -2.178439e+00
         vertex 4.000000e+00 4.763140e+00 -2.750000e+00
         vertex 1.000000e+00 4.763140e+00 -2.750000e+00
      endloop
   endfacet
   facet normal 0.000000e+00 8.354875e-01 -5.495094e-01
      outer loop
         vertex 1.000000e+00 4.763140e+00 -2.750000e+00
         vertex 4.000000e+00 4.763140e+00 -2.750000e+00
         vertex 4.000000e+00 4.411677e+00 -3.284372e+00
      endloop
   endfacet
   facet normal 0.000000e+00 8.354875e-01 -5.495094e-01
      outer loop
         vertex 1.000000e+00 4.763140e+00 -2.750000e+00
         vertex 4.000000e+00 4.411677e+00 -3.284372e+00
         vertex 1.000000e+00 4.411677e+00 -3.284372e+00
      endloop
   endfacet
   facet normal 0.000000e+00 7.660449e-01 -6.427871e-01
      outer loop
         vertex 1.000000e+00 4.411677e+00 -3.284372e+00
         vertex 4.000000e+00 4.411677e+00 -3.284372e+00
         vertex 4.000000e+00 4.000555e+00 -3.774329e+00
      endloop
   endfacet
   facet normal 0.000000e+00 7.660449e-01 -6.427871e-01
      outer loop
         vertex 1.000000e+00 4.411677e+00 -3.284372e+00
         vertex 4.000000e+00 4.000555e+00 -3.774329e+00
         vertex 1.000000e+00 4.000555e+00 -3.774329e+00
      endloop
   endfacet
   facet normal 0.000000e+00 6.862416e-01 -7.273737e-01
      outer loop
         vertex 1.000000e+00 4.000555e+00 -3.774329e+00
         vertex 4.000000e+00 4.000555e+00 -3.774329e+00
         vertex 4.000000e+00 3.535332e+00 -4.213245e+00
      endloop
   endfacet
   facet normal 0.000000e+00 6.862416e-01 -7.273737e-01
      outer loop
         vertex 1.000000e+00 4.000555e+00 -3.774329e+00
         vertex 4.000000e+00 3.535332e+00 -4.213245e+00
         vertex 1.000000e+00 3.535332e+00 -4.213245e+00
      endloop
   endfacet
   facet normal 0.000000e+00 5.971582e-01 -8.021235e-01
      outer loop
         vertex 1.000000e+00 3.535332e+00 -4.213245e+00
         vertex 4.000000e+00 3.535332e+00 -4.213245e+00
         vertex 4.000000e+00 3.022299e+00 -4.595183e+00
      endloop
   endfacet
   facet normal 0.000000e+00 5.971582e-01 -8.021235e-01
      outer loop
         vertex 1.000000e+00 3.535332e+00 -4.213245e+00
         vertex 4.000000e+00 3.022299e+00 -4.595183e+00
         vertex 1.000000e+00 3.022299e+00 -4.595183e+00
      endloop
   endfacet
   facet normal 0.000000e+00 5.000001e-01 -8.660254e-01
      outer loop
         vertex 1.000000e+00 3.022299e+00 -4.595183e+00
         vertex 4.000000e+00 3.022299e+00 -4.595183e+00
         vertex 4.000000e+00 2.468396e+00 -4.914979e+00
      endloop
   endfacet
   facet normal 0.000000e+00 5.000001e-01 -8.660254e-01
      outer loop
         vertex 1.000000e+00 3.022299e+00 -4.595183e+00
         vertex 4.000000e+00 2.468396e+00 -4.914979e+00
         vertex 1.000000e+00 2.468396e+00 -4.914979e+00
      endloop
   endfacet
   facet normal 0.000000e+00 3.960799e-01 -9.182160e-01
      outer loop
         vertex 1.000000e+00 2.468396e+00 -4.914979e+00
         vertex 4.000000e+00 2.468396e+00 -4.914979e+00
         vertex 4.000000e+00 1.881111e+00 -5.168309e+00
      endloop
   endfacet
   facet normal 0.000000e+00 3.960799e-01 -9.182160e-01
      outer loop
         vertex 1.000000e+00 2.468396e+00 -4.914979e+00
         vertex 4.000000e+00 1.881111e+00 -5.168309e+00
         vertex 1.000000e+00 1.881111e+00 -5.168309e+00
      endloop
   endfacet
   facet normal 0.000000e+00 2.868034e-01 -9.579895e-01
      outer loop
         vertex 1.000000e+00 1.881111e+00 -5.168309e+00
         vertex 4.000000e+00 1.881111e+00 -5.168309e+00
         vertex 4.000000e+00 1.268387e+00 -5.351747e+00
      endloop
   endfacet
   facet normal 0.000000e+00 2.868034e-01 -9.579895e-01
      outer loop
         vertex 1.000000e+00 1.881111e+00 -5.168309e+00
         vertex 4.000000e+00 1.268387e+00 -5.351747e+00
         vertex 1.000000e+00 1.268387e+00 -5.351747e+00
      endloop
   endfacet
   facet normal 0.000000e+00 1.736478e-01 -9.848078e-01
      outer loop
         vertex 1.000000e+00 1.268387e+00 -5.351747e+00
         vertex 4.000000e+00 1.268387e+00 -5.351747e+00
         vertex 4.000000e+00 6.385110e-01 -5.462811e+00
      endloop
   endfacet
   facet normal 0.000000e+00 1.736478e-01 -9.848078e-01
      outer loop
         vertex 1.000000e+00 1.268387e+00 -5.351747e+00
         vertex 4.000000e+00 6.385110e-01 -5.462811e+00
         vertex 1.000000e+00 6.385110e-01 -5.462811e+00
      endloop
   endfacet
   facet normal 0.000000e+00 5.814495e-02 -9.983082e-01
      outer loop
         vertex 1.000000e+00 6.385110e-01 -5.462811e+00
         vertex 4.000000e+00 6.385110e-01 -5.462811e+00
         vertex 4.000000e+00 6.735558e-16 -5.500000e+00
      endloop
   endfacet
   facet normal 0.000000e+00 5.814495e-02 -9.983082e-01
      outer loop
         vertex 1.000000e+00 6.385110e-01 -5.462811e+00
         vertex 4.000000e+00 6.735558e-16 -5.500000e+00
         vertex 1.000000e+00 6.735558e-16 -5.500000e+00
      endloop
   endfacet
   facet normal 0.000000e+00 -5.814495e-02 -9.983082e-01
      outer loop
         vertex 1.000000e+00 6.735558e-16 -5.500000e+00
         vertex 4.000000e+00 6.735558e-16 -5.500000e+00
         vertex 4.000000e+00 -6.385110e-01 -5.462811e+00
      endloop
   endfacet
   facet normal 0.000000e+00 -5.814495e-02 -9.983082e-01
      outer loop
         vertex 1.000000e+00 6.735558e-16 -5.500000e+00
         vertex 4.000000e+00 -6.385110e-01 -5.462811e+00
         vertex 1.000000e+00 -6.385110e-01 -5.462811e+00
      endloop
   endfacet
   facet normal 0.000000e+00 -1.736478e-01 -9.848078e-01
      outer loop
         vertex 1.000000e+00 -6.385110e-01 -5.462811e+00
         vertex 4.000000e+00 -6.385110e-01 -5.462811e+00
         vertex 4.000000e+00 -1.268387e+00 -5.351747e+00
      endloop
   endfacet
   facet normal 0.000000e+00 -1.736478e-01 -9.848078e-01
      outer loop
         vertex 1.000000e+00 -6.385110e-01 -5.462811e+00
         vertex 4.000000e+00 -1.268387e+00 -5.351747e+00
         vertex 1.000000e+00 -1.268387e+00 -5.351747e+00
      endloop
   endfacet
   facet normal 0.000000e+00 -2.868034e-01 -9.579895e-01
      outer loop
         vertex 1.000000e+00 -1.268387e+00 -5.351747e+00
         vertex 4.000000e+00 -1.268387e+00 -5.351747e+00
         vertex 4.000000e+00 -1.881111e+00 -5.168309e+00
      endloop
   endfacet
   facet normal 0.000000e+00 -2.868034e-01 -9.579895e-01
      outer loop
         vertex 1.000000e+00 -1.268387e+00 -5.351747e+00
         vertex 4.000000e+00 -1.881111e+00 -5.168309e+00
         vertex 1.000000e+00 -1.881111e+00 -5.168309e+00
      endloop
   endfacet
   facet normal 0.000000e+00 -3.960799e-01 -9.182160e-01
      outer loop
         vertex 1.000000e+00 -1.881111e+00 -5.168309e+00
         vertex 4.000000e+00 -1.881111e+00 -5.168309e+00
         vertex 4.000000e+00 -2.468396e+00 -4.914979e+00
      endloop
   endfacet
   facet normal 0.000000e+00 -3.960799e-01 -9.182160e-01
      outer loop
         vertex 1.000000e+00 -1.881111e+00 -5.168309e+00
         vertex 4.000000e+00 -2.468396e+00 -4.914979e+00
         vertex 1.000000e+00 -2.468396e+00 -4.914979e+00
      endloop
   endfacet
   facet normal 0.000000e+00 -5.000001e-01 -8.660254e-01
      outer loop
         vertex 1.000000e+00 -2.468396e+00 -4.914979e+00
         vertex 4.000000e+00 -2.468396e+00 -4.914979e+00
         vertex 4.000000e+00 -3.022299e+00 -4.595183e+00
      endloop
   endfacet
   facet normal 0.000000e+00 -5.000001e-01 -8.660254e-01
      outer loop
         vertex 1.000000e+00 -2.468396e+00 -4.914979e+00
         vertex 4.000000e+00 -3.022299e+00 -4.595183e+00
         vertex 1.000000e+00 -3.022299e+00 -4.595183e+00
      endloop
   endfacet
   facet normal 0.000000e+00 -5.971582e-01 -8.021235e-01
      outer loop
         vertex 1.000000e+00 -3.022299e+00 -4.595183e+00
         vertex 4.000000e+00 -3.022299e+00 -4.595183e+00
         vertex 4.000000e+00 -3.535332e+00 -4.213245e+00
      endloop
   endfacet
   facet normal 0.000000e+00 -5.971582e-01 -8.021235e-01
      outer loop
         vertex 1.000000e+00 -3.022299e+00 -4.595183e+00
         vertex 4.000000e+00 -3.535332e+00 -4.213245e+00
         vertex 1.000000e+00 -3.535332e+00 -4.213245e+00
      endloop
   endfacet
   facet normal 0.000000e+00 -6.862416e-01 -7.273737e-01
      outer loop
         vertex 1.000000e+00 -3.535332e+00 -4.213245e+00
         vertex 4.000000e+00 -3.535332e+00 -4.213245e+00
         vertex 4.000000e+00 -4.000555e+00 -3.774329e+00
      endloop
   endfacet
   facet normal 0.000000e+00 -6.862416e-01 -7.273737e-01
      outer loop
         vertex 1.000000e+00 -3.535332e+00 -4.213245e+00
         vertex 4.000000e+00 -4.000555e+00 -3.774329e+00
         vertex 1.000000e+00 -4.000555e+00 -3.774329e+00
      endloop
   endfacet
   facet normal 0.000000e+00 -7.660449e-01 -6.427871e-01
      outer loop
         vertex 1.000000e+00 -4.000555e+00 -3.774329e+00
         vertex 4.000000e+00 -4.000555e+00 -3.774329e+00
         vertex 4.000000e+00 -4.411677e+00 -3.284372e+00
      endloop
   endfacet
   facet normal 0.000000e+00 -7.660449e-01 -6.427871e-01
      outer loop
         vertex 1.000000e+00 -4.000555e+00 -3.774329e+00
         vertex 4.000000e+00 -4.411677e+00 -3.284372e+00
         vertex 1.000000e+00 -4.411677e+00 -3.284372e+00
      endloop
   endfacet
   facet normal 0.000000e+00 -8.354875e-01 -5.495094e-01
      outer loop
         vertex 1.000000e+00 -4.411677e+00 -3.284372e+00
         vertex 4.000000e+00 -4.411677e+00 -3.284372e+00
         vertex 4.000000e+00 -4.763140e+00 -2.750000e+00
      endloop
   endfacet
   facet normal 0.000000e+00 -8.354875e-01 -5.495094e-01
      outer loop
         vertex 1.000000e+00 -4.411677e+00 -3.284372e+00
         vertex 4.000000e+00 -4.763140e+00 -2.750000e+00
         vertex 1.000000e+00 -4.763140e+00 -2.750000e+00
      endloop
   endfacet
   facet normal 0.000000e+00 -8.936329e-01 -4.487988e-01
      outer loop
         vertex 1.000000e+00 -4.763140e+00 -2.750000e+00
         vertex 4.000000e+00 -4.763140e+00 -2.750000e+00
         vertex 4.000000e+00 -5.050188e+00 -2.178439e+00
      endloop
   endfacet
   facet normal 0.000000e+00 -8.936329e-01 -4.487988e-01
      outer loop
         vertex 1.000000e+00 -4.763140e+00 -2.750000e+00
         vertex 4.000000e+00 -5.050188e+00 -2.178439e+00
         vertex 1.000000e+00 -5.050188e+00 -2.178439e+00
      endloop
   endfacet
   facet normal 0.000000e+00 -9.396926e-01 -3.420201e-01
      outer loop
         vertex 1.000000e+00 -5.050188e+00 -2.178439e+00
         vertex 4.000000e+00 -5.050188e+00 -2.178439e+00
         vertex 4.000000e+00 -5.268942e+00 -1.577418e+00
      endloop
   endfacet
   facet normal 0.000000e+00 -9.396926e-01 -3.420201e-01
      outer loop
         vertex 1.000000e+00 -5.050188e+00 -2.178439e+00
         vertex 4.000000e+00 -5.268942e+00 -1.577418e+00
         vertex 1.000000e+00 -5.268942e+00 -1.577418e+00
      endloop
   endfacet
   facet normal 0.000000e+00 -9.730448e-01 -2.306162e-01
      outer loop
         vertex 1.000000e+00 -5.268942e+00 -1.577418e+00
         vertex 4.000000e+00 -5.268942e+00 -1.577418e+00
         vertex 4.000000e+00 -5.416443e+00 -9.550650e-01
      endloop
   endfacet
   facet normal 0.000000e+00 -9.730448e-01 -2.306162e-01
      outer loop
         vertex 1.000000e+00 -5.268942e+00 -1.577418e+00
         vertex 4.000000e+00 -5.416443e+00 -9.550650e-01
         vertex 1.000000e+00 -5.416443e+00 -9.550650e-01
      endloop
   endfacet
   facet normal 0.000000e+00 -9.932384e-01 -1.160926e-01
      outer loop
         vertex 1.000000e+00 -5.416443e+00 -9.550650e-01
         vertex 4.000000e+00 -5.416443e+00 -9.550650e-01
         vertex 4.000000e+00 -5.490695e+00 -3.197966e-01
      endloop
   endfacet
   facet normal 0.000000e+00 -9.932384e-01 -1.160926e-01
      outer loop
         vertex 1.000000e+00 -5.416443e+00 -9.550650e-01
         vertex 4.000000e+00 -5.490695e+00 -3.197966e-01
         vertex 1.000000e+00 -5.490695e+00 -3.197966e-01
      endloop
   endfacet
   facet normal 0.000000e+00 -1.000000e+00 0.000000e+00
      outer loop
         vertex 1.000000e+00 -5.490695e+00 -3.197966e-01
         vertex 4.000000e+00 -5.490695e+00 -3.197966e-01
         vertex 4.000000e+00 -5.490695e+00 3.197966e-01
      endloop
   endfacet
   facet normal 0.000000e+00 -1.000000e+00 0.000000e+00
      outer loop
         vertex 1.000000e+00 -5.490695e+00 -3.197966e-01
         vertex 4.000000e+00 -5.490695e+00 3.197966e-01
         vertex 1.000000e+00 -5.490695e+00 3.197966e-01
      endloop
   endfacet
   facet normal 0.000000e+00 -9.932384e-01 1.160926e-01
      outer loop
         vertex 1.000000e+00 -5.490695e+00 3.197966e-01
         vertex 4.000000e+00 -5.490695e+00 3.197966e-01
         vertex 4.000000e+00 -5.416443e+00 9.550650e-01
      endloop
   endfacet
   facet normal 0.000000e+00 -9.932384e-01 1.160926e-01
      outer loop
         vertex 1.000000e+00 -5.490695e+00 3.197966e-01
         vertex 4.000000e+00 -5.416443e+00 9.550650e-01
         vertex 1.000000e+00 -5.416443e+00 9.550650e-01
      endloop
   endfacet
   facet normal 0.000000e+00 -9.730448e-01 2.306162e-01
      outer loop
         vertex 1.000000e+00 -5.416443e+00 9.550650e-01
         vertex 4.000000e+00 -5.416443e+00 9.550650e-01
         vertex 4.000000e+00 -5.268942e+00 1.577418e+00
      endloop
   endfacet
   facet normal 0.000000e+00 -9.730448e-01 2.306162e-01
      outer loop
         vertex 1.000000e+00 -5.416443e+00 9.550650e-01
         vertex 4.000000e+00 -5.268942e+00 1.577418e+00
         vertex 1.000000e+00 -5.268942e+00 1.577418e+00
      endloop
   endfacet
   facet normal 0.000000e+00 -9.396926e-01 3.420201e-01
      outer loop
         vertex 1.000000e+00 -5.268942e+00 1.577418e+00
         vertex 4.000000e+00 -5.268942e+00 1.577418e+00
         vertex 4.000000e+00 -5.050188e+00 2.178439e+00
      endloop
   endfacet
   facet normal 0.000000e+00 -9.396926e-01 3.420201e-01
      outer loop
         vertex 1.000000e+00 -5.268942e+00 1.577418e+00
         vertex 4.000000e+00 -5.050188e+00 2.178439e+00
         vertex 1.000000e+00 -5.050188e+00 2.178439e+00
      endloop
   endfacet
   facet normal 0.000000e+00 -8.936329e-01 4.487988e-01
      outer loop
         vertex 1.000000e+00 -5.050188e+00 2.178439e+00
         vertex 4.000000e+00 -5.050188e+00 2.178439e+00
         vertex 4.000000e+00 -4.763140e+00 2.750000e+00
      endloop
   endfacet
   facet normal 0.000000e+00 -8.936329e-01 4.487988e-01
      outer loop
         vertex 1.000000e+00 -5.050188e+00 2.178439e+00
         vertex 4.000000e+00 -4.763140e+00 2.750000e+00
         vertex 1.000000e+00 -4.763140e+00 2.750000e+00
      endloop
   endfacet
   facet normal 0.000000e+00 -8.354875e-01 5.495094e-01
      outer loop
         vertex 1.000000e+00 -4.763140e+00 2.750000e+00
         vertex 4.000000e+00 -4.763140e+00 2.750000e+00
         vertex 4.000000e+00 -4.411677e+00 3.284372e+00
      endloop
   endfacet
   facet normal 0.000000e+00 -8.354875e-01 5.495094e-01
      outer loop
         vertex 1.000000e+00 -4.763140e+00 2.750000e+00
         vertex 4.000000e+00 -4.411677e+00 3.284372e+00
         vertex 1.000000e+00 -4.411677e+00 3.284372e+00
      endloop
   endfacet
   facet normal 0.000000e+00 -7.660449e-01 6.427871e-01
      outer loop
         vertex 1.000000e+00 -4.411677e+00 3.284372e+00
         vertex 4.000000e+00 -4.411677e+00 3.284372e+00
         vertex 4.000000e+00 -4.000555e+00 3.774329e+00
      endloop
   endfacet
   facet normal 0.000000e+00 -7.660449e-01 6.427871e-01
      outer loop
         vertex 1.000000e+00 -4.411677e+00 3.284372e+00
         vertex 4.000000e+00 -4.000555e+00 3.774329e+00
         vertex 1.000000e+00 -4.000555e+00 3.774329e+00
      endloop
   endfacet
   facet normal 0.000000e+00 -6.862416e-01 7.273737e-01
      outer loop
         vertex 1.000000e+00 -4.000555e+00 3.774329e+00
         vertex 4.000000e+00 -4.000555e+00 3.774329e+00
         vertex 4.000000e+00 -3.535332e+00 4.213245e+00
      endloop
   endfacet
   facet normal 0.000000e+00 -6.862416e-01 7.273737e-01
      outer loop
         vertex 1.000000e+00 -4.000555e+00 3.774329e+00
         vertex 4.000000e+00 -3.535332e+00 4.213245e+00
         vertex 1.000000e+00 -3.535332e+00 4.213245e+00
      endloop
   endfacet
   facet normal 0.000000e+00 -5.971582e-01 8.021235e-01
      outer loop
         vertex 1.000000e+00 -3.535332e+00 4.213245e+00
         vertex 4.000000e+00 -3.535332e+00 4.213245e+00
         vertex 4.000000e+00 -3.022299e+00 4.595183e+00
      endloop
   endfacet
   facet normal 0.000000e+00 -5.971582e-01 8.021235e-01
      outer loop
         vertex 1.000000e+00 -3.535332e+00 4.213245e+00
         vertex 4.000000e+00 -3.022299e+00 4.595183e+00
         vertex 1.000000e+00 -3.022299e+00 4.595183e+00
      endloop
   endfacet
   facet normal 0.000000e+00 -5.000001e-01 8.660254e-01
      outer loop
         vertex 1.000000e+00 -3.022299e+00 4.595183e+00
         vertex 4.000000e+00 -3.022299e+00 4.595183e+00
         vertex 4.000000e+00 -2.468396e+00 4.914979e+00
      endloop
   endfacet
   facet normal 0.000000e+00 -5.000001e-01 8.660254e-01
      outer loop
         vertex 1.000000e+00 -3.022299e+00 4.595183e+00
         vertex 4.000000e+00 -2.468396e+00 4.914979e+00
         vertex 1.000000e+00 -2.468396e+00 4.914979e+00
      endloop
   endfacet
   facet normal 0.000000e+00 -3.960799e-01 9.182160e-01
      outer loop
         vertex 1.000000e+00 -2.468396e+00 4.914979e+00
         vertex 4.000000e+00 -2.468396e+00 4.914979e+00
         vertex 4.000000e+00 -1.881111e+00 5.168309e+00
      endloop
   endfacet
   facet normal 0.000000e+00 -3.960799e-01 9.182160e-01
      outer loop
         vertex 1.000000e+00 -2.468396e+00 4.914979e+00
         vertex 4.000000e+00 -1.881111e+00 5.168309e+00
         vertex 1.000000e+00 -1.881111e+00 5.168309e+00
      endloop
   endfacet
   facet normal 0.000000e+00 -2.868034e-01 9.579895e-01
      outer loop
         vertex 1.000000e+00 -1.881111e+00 5.168309e+00
         vertex 4.000000e+00 -1.881111e+00 5.168309e+00
         vertex 4.000000e+00 -1.268387e+00 5.351747e+00
      endloop
   endfacet
   facet normal 0.000000e+00 -2.868034e-01 9.579895e-01
      outer loop
         vertex 1.000000e+00 -1.881111e+00 5.168309e+00
         vertex 4.000000e+00 -1.268387e+00 5.351747e+00
         vertex 1.000000e+00 -1.268387e+00 5.351747e+00
      endloop
   endfacet
   facet normal 0.000000e+00 -1.736478e-01 9.848078e-01
      outer loop
         vertex 1.000000e+00 -1.268387e+00 5.351747e+00
         vertex 4.000000e+00 -1.268387e+00 5.351747e+00
         vertex 4.000000e+00 -6.385110e-01 5.462811e+00
      endloop
   endfacet
   facet normal 0.000000e+00 -1.736478e-01 9.848078e-01
      outer loop
         vertex 1.000000e+00 -1.268387e+00 5.351747e+00
         vertex 4.000000e+00 -6.385110e-01 5.462811e+00
         vertex 1.000000e+00 -6.385110e-01 5.462811e+00
      endloop
   endfacet
   facet normal 0.000000e+00 -5.814495e-02 9.983082e-01
      outer loop
         vertex 1.000000e+00 -6.385110e-01 5.462811e+00
         vertex 4.000000e+00 -6.385110e-01 5.462811e+00
         vertex 4.000000e+00 0.000000e+00 5.500000e+00
      endloop
   endfacet
   facet normal 2.586584e-17 -5.814495e-02 9.983082e-01
      outer loop
         vertex 1.000000e+00 -6.385110e-01 5.462811e+00
         vertex 4.000000e+00 0.000000e+00 5.500000e+00
         vertex 1.000000e+00 -1.347112e-15 5.500000e+00
      endloop
   endfacet
   facet normal -2.610924e-17 5.814495e-02 9.983082e-01
      outer loop
         vertex 1.000000e+00 -1.347112e-15 5.500000e+00
         vertex 4.000000e+00 0.000000e+00 5.500000e+00
         vertex 4.000000e+00 6.385110e-01 5.462811e+00
      endloop
   endfacet
   facet normal -1.000000e+00 0.000000e+00 0.000000e+00
      outer loop
         vertex 0.000000e+00 3.603513e-01 -6.990719e+00
         vertex 0.000000e+00 -9.797175e-16 -4.000000e+00
         vertex 0.000000e+00 5.446666e-01 -3.962744e+00
      endloop
   endfacet
   facet normal -1.000000e+00 -0.000000e+00 0.000000e+00
      outer loop
         vertex 0.000000e+00 -2.923344e+00 -2.730213e+00
         vertex 0.000000e+00 -5.375163e+00 -4.484152e+00
         vertex 0.000000e+00 -3.267880e+00 -2.306721e+00
      endloop
   endfacet
   facet normal -1.000000e+00 0.000000e+00 0.000000e+00
      outer loop
         vertex 0.000000e+00 -3.267880e+00 -2.306721e+00
         vertex 0.000000e+00 -5.375163e+00 -4.484152e+00
         vertex 0.000000e+00 -5.807739e+00 -3.907706e+00
      endloop
   endfacet
   facet normal -1.000000e+00 -0.000000e+00 0.000000e+00
      outer loop
         vertex 0.000000e+00 -3.267880e+00 -2.306721e+00
         vertex 0.000000e+00 -5.807739e+00 -3.907706e+00
         vertex 0.000000e+00 -3.551541e+00 -1.840260e+00
      endloop
   endfacet
   facet normal -1.000000e+00 0.000000e+00 0.000000e+00
      outer loop
         vertex 0.000000e+00 -3.551541e+00 -1.840260e+00
         vertex 0.000000e+00 -5.807739e+00 -3.907706e+00
         vertex 0.000000e+00 -6.178752e+00 -3.289837e+00
      endloop
   endfacet
   facet normal -1.000000e+00 -0.000000e+00 0.000000e+00
      outer loop
         vertex 0.000000e+00 -3.551541e+00 -1.840260e+00
         vertex 0.000000e+00 -6.178752e+00 -3.289837e+00
         vertex 0.000000e+00 -3.769044e+00 -1.339518e+00
      endloop
   endfacet
   facet normal -1.000000e+00 -0.000000e+00 0.000000e+00
      outer loop
         vertex 0.000000e+00 3.603513e-01 -6.990719e+00
         vertex 0.000000e+00 8.572528e-16 -7.000000e+00
         vertex 0.000000e+00 -9.797175e-16 -4.000000e+00
      endloop
   endfacet
   facet normal -1.000000e+00 0.000000e+00 -0.000000e+00
      outer loop
         vertex 0.000000e+00 -9.797175e-16 -4.000000e+00
         vertex 0.000000e+00 8.572528e-16 -7.000000e+00
         vertex 0.000000e+00 -3.603513e-01 -6.990719e+00
      endloop
   endfacet
   facet normal -1.000000e+00 -0.000000e+00 0.000000e+00
      outer loop
         vertex 0.000000e+00 -9.797175e-16 -4.000000e+00
         vertex 0.000000e+00 -3.603513e-01 -6.990719e+00
         vertex 0.000000e+00 -5.446666e-01 -3.962744e+00
      endloop
   endfacet
   facet normal -1.000000e+00 0.000000e+00 -0.000000e+00
      outer loop
         vertex 0.000000e+00 -5.446666e-01 -3.962744e+00
         vertex 0.000000e+00 -3.603513e-01 -6.990719e+00
         vertex 0.000000e+00 -1.077234e+00 -6.916615e+00
      endloop
   endfacet
   facet normal -1.000000e+00 -0.000000e+00 0.000000e+00
      outer loop
         vertex 0.000000e+00 -5.446666e-01 -3.962744e+00
         vertex 0.000000e+00 -1.077234e+00 -6.916615e+00
         vertex 0.000000e+00 -1.079187e+00 -3.851669e+00
      endloop
   endfacet
   facet normal -1.000000e+00 0.000000e+00 -0.000000e+00
      outer loop
         vertex 0.000000e+00 -1.079187e+00 -3.851669e+00
         vertex 0.000000e+00 -1.077234e+00 -6.916615e+00
         vertex 0.000000e+00 -1.782698e+00 -6.769194e+00
      endloop
   endfacet
   facet normal -1.000000e+00 -0.000000e+00 0.000000e+00
      outer loop
         vertex 0.000000e+00 -1.079187e+00 -3.851669e+00
         vertex 0.000000e+00 -1.782698e+00 -6.769194e+00
         vertex 0.000000e+00 -1.593604e+00 -3.668845e+00
      endloop
   endfacet
   facet normal -1.000000e+00 0.000000e+00 -0.000000e+00
      outer loop
         vertex 0.000000e+00 2.078336e+00 -3.417678e+00
         vertex 0.000000e+00 3.129657e+00 -6.261410e+00
         vertex 0.000000e+00 1.593604e+00 -3.668845e+00
      endloop
   endfacet
   facet normal -1.000000e+00 0.000000e+00 0.000000e+00
      outer loop
         vertex 0.000000e+00 1.593604e+00 -3.668845e+00
         vertex 0.000000e+00 3.129657e+00 -6.261410e+00
         vertex 0.000000e+00 2.469265e+00 -6.550018e+00
      endloop
   endfacet
   facet normal -1.000000e+00 0.000000e+00 -0.000000e+00
      outer loop
         vertex 0.000000e+00 1.593604e+00 -3.668845e+00
         vertex 0.000000e+00 2.469265e+00 -6.550018e+00
         vertex 0.000000e+00 1.079187e+00 -3.851669e+00
      endloop
   endfacet
   facet normal -1.000000e+00 0.000000e+00 0.000000e+00
      outer loop
         vertex 0.000000e+00 1.079187e+00 -3.851669e+00
         vertex 0.000000e+00 2.469265e+00 -6.550018e+00
         vertex 0.000000e+00 1.782698e+00 -6.769194e+00
      endloop
   endfacet
   facet normal -1.000000e+00 0.000000e+00 -0.000000e+00
      outer loop
         vertex 0.000000e+00 1.079187e+00 -3.851669e+00
         vertex 0.000000e+00 1.782698e+00 -6.769194e+00
         vertex 0.000000e+00 5.446666e-01 -3.962744e+00
      endloop
   endfacet
   facet normal -1.000000e+00 0.000000e+00 0.000000e+00
      outer loop
         vertex 0.000000e+00 5.446666e-01 -3.962744e+00
         vertex 0.000000e+00 1.782698e+00 -6.769194e+00
         vertex 0.000000e+00 1.077234e+00 -6.916615e+00
      endloop
   endfacet
   facet normal -1.000000e+00 0.000000e+00 -0.000000e+00
      outer loop
         vertex 0.000000e+00 5.446666e-01 -3.962744e+00
         vertex 0.000000e+00 1.077234e+00 -6.916615e+00
         vertex 0.000000e+00 3.603513e-01 -6.990719e+00
      endloop
   endfacet
   facet normal -1.000000e+00 0.000000e+00 -0.000000e+00
      outer loop
         vertex 0.000000e+00 3.267880e+00 -2.306721e+00
         vertex 0.000000e+00 5.375163e+00 -4.484152e+00
         vertex 0.000000e+00 2.923344e+00 -2.730213e+00
      endloop
   endfacet
   facet normal -1.000000e+00 0.000000e+00 0.000000e+00
      outer loop
         vertex 0.000000e+00 2.923344e+00 -2.730213e+00
         vertex 0.000000e+00 5.375163e+00 -4.484152e+00
         vertex 0.000000e+00 4.885609e+00 -5.013065e+00
      endloop
   endfacet
   facet normal -1.000000e+00 0.000000e+00 -0.000000e+00
      outer loop
         vertex 0.000000e+00 2.923344e+00 -2.730213e+00
         vertex 0.000000e+00 4.885609e+00 -5.013065e+00
         vertex 0.000000e+00 2.524352e+00 -3.102845e+00
      endloop
   endfacet
   facet normal -1.000000e+00 0.000000e+00 0.000000e+00
      outer loop
         vertex 0.000000e+00 2.524352e+00 -3.102845e+00
         vertex 0.000000e+00 4.885609e+00 -5.013065e+00
         vertex 0.000000e+00 4.344266e+00 -5.488839e+00
      endloop
   endfacet
   facet normal -1.000000e+00 0.000000e+00 -0.000000e+00
      outer loop
         vertex 0.000000e+00 2.524352e+00 -3.102845e+00
         vertex 0.000000e+00 4.344266e+00 -5.488839e+00
         vertex 0.000000e+00 2.078336e+00 -3.417678e+00
      endloop
   endfacet
   facet normal -1.000000e+00 0.000000e+00 0.000000e+00
      outer loop
         vertex 0.000000e+00 2.078336e+00 -3.417678e+00
         vertex 0.000000e+00 4.344266e+00 -5.488839e+00
         vertex 0.000000e+00 3.756873e+00 -5.906429e+00
      endloop
   endfacet
   facet normal -1.000000e+00 0.000000e+00 0.000000e+00
      outer loop
         vertex 0.000000e+00 2.078336e+00 -3.417678e+00
         vertex 0.000000e+00 3.756873e+00 -5.906429e+00
         vertex 0.000000e+00 3.129657e+00 -6.261410e+00
      endloop
   endfacet
   facet normal -1.000000e+00 0.000000e+00 0.000000e+00
      outer loop
         vertex 0.000000e+00 -2.524352e+00 3.102845e+00
         vertex 0.000000e+00 -4.055948e+00 5.705198e+00
         vertex 0.000000e+00 -2.078336e+00 3.417678e+00
      endloop
   endfacet
   facet normal -1.000000e+00 0.000000e+00 0.000000e+00
      outer loop
         vertex 0.000000e+00 -2.078336e+00 3.417678e+00
         vertex 0.000000e+00 -4.055948e+00 5.705198e+00
         vertex 0.000000e+00 -3.447836e+00 6.091997e+00
      endloop
   endfacet
   facet normal -1.000000e+00 0.000000e+00 0.000000e+00
      outer loop
         vertex 0.000000e+00 -2.078336e+00 3.417678e+00
         vertex 0.000000e+00 -3.447836e+00 6.091997e+00
         vertex 0.000000e+00 -1.593604e+00 3.668845e+00
      endloop
   endfacet
   facet normal -1.000000e+00 0.000000e+00 0.000000e+00
      outer loop
         vertex 0.000000e+00 -1.593604e+00 3.668845e+00
         vertex 0.000000e+00 -3.447836e+00 6.091997e+00
         vertex 0.000000e+00 -2.803177e+00 6.414218e+00
      endloop
   endfacet
   facet normal -1.000000e+00 0.000000e+00 0.000000e+00
      outer loop
         vertex 0.000000e+00 -1.593604e+00 3.668845e+00
         vertex 0.000000e+00 -2.803177e+00 6.414218e+00
         vertex 0.000000e+00 -1.079187e+00 3.851669e+00
      endloop
   endfacet
   facet normal -1.000000e+00 0.000000e+00 0.000000e+00
      outer loop
         vertex 0.000000e+00 -1.782698e+00 -6.769194e+00
         vertex 0.000000e+00 -2.469265e+00 -6.550018e+00
         vertex 0.000000e+00 -1.593604e+00 -3.668845e+00
      endloop
   endfacet
   facet normal -1.000000e+00 0.000000e+00 0.000000e+00
      outer loop
         vertex 0.000000e+00 -1.593604e+00 -3.668845e+00
         vertex 0.000000e+00 -2.469265e+00 -6.550018e+00
         vertex 0.000000e+00 -3.129657e+00 -6.261410e+00
      endloop
   endfacet
   facet normal -1.000000e+00 -0.000000e+00 0.000000e+00
      outer loop
         vertex 0.000000e+00 -1.593604e+00 -3.668845e+00
         vertex 0.000000e+00 -3.129657e+00 -6.261410e+00
         vertex 0.000000e+00 -2.078336e+00 -3.417678e+00
      endloop
   endfacet
   facet normal -1.000000e+00 0.000000e+00 0.000000e+00
      outer loop
         vertex 0.000000e+00 -2.078336e+00 -3.417678e+00
         vertex 0.000000e+00 -3.129657e+00 -6.261410e+00
         vertex 0.000000e+00 -3.756873e+00 -5.906429e+00
      endloop
   endfacet
   facet normal -1.000000e+00 -0.000000e+00 0.000000e+00
      outer loop
         vertex 0.000000e+00 -2.078336e+00 -3.417678e+00
         vertex 0.000000e+00 -3.756873e+00 -5.906429e+00
         vertex 0.000000e+00 -2.524352e+00 -3.102845e+00
      endloop
   endfacet
   facet normal -1.000000e+00 0.000000e+00 0.000000e+00
      outer loop
         vertex 0.000000e+00 -2.524352e+00 -3.102845e+00
         vertex 0.000000e+00 -3.756873e+00 -5.906429e+00
         vertex 0.000000e+00 -4.344266e+00 -5.488839e+00
      endloop
   endfacet
   facet normal -1.000000e+00 -0.000000e+00 0.000000e+00
      outer loop
         vertex 0.000000e+00 -2.524352e+00 -3.102845e+00
         vertex 0.000000e+00 -4.344266e+00 -5.488839e+00
         vertex 0.000000e+00 -2.923344e+00 -2.730213e+00
      endloop
   endfacet
   facet normal -1.000000e+00 0.000000e+00 0.000000e+00
      outer loop
         vertex 0.000000e+00 -2.923344e+00 -2.730213e+00
         vertex 0.000000e+00 -4.344266e+00 -5.488839e+00
         vertex 0.000000e+00 -4.885609e+00 -5.013065e+00
      endloop
   endfacet
   facet normal -1.000000e+00 0.000000e+00 0.000000e+00
      outer loop
         vertex 0.000000e+00 -2.923344e+00 -2.730213e+00
         vertex 0.000000e+00 -4.885609e+00 -5.013065e+00
         vertex 0.000000e+00 -5.375163e+00 -4.484152e+00
      endloop
   endfacet
   facet normal -1.000000e+00 0.000000e+00 0.000000e+00
      outer loop
         vertex 0.000000e+00 -6.178752e+00 -3.289837e+00
         vertex 0.000000e+00 -6.484268e+00 -2.637095e+00
         vertex 0.000000e+00 -3.769044e+00 -1.339518e+00
      endloop
   endfacet
   facet normal -1.000000e+00 0.000000e+00 0.000000e+00
      outer loop
         vertex 0.000000e+00 -3.769044e+00 -1.339518e+00
         vertex 0.000000e+00 -6.484268e+00 -2.637095e+00
         vertex 0.000000e+00 -6.721049e+00 -1.956400e+00
      endloop
   endfacet
   facet normal -1.000000e+00 -0.000000e+00 0.000000e+00
      outer loop
         vertex 0.000000e+00 -3.769044e+00 -1.339518e+00
         vertex 0.000000e+00 -6.721049e+00 -1.956400e+00
         vertex 0.000000e+00 -3.916336e+00 -8.138241e-01
      endloop
   endfacet
   facet normal -1.000000e+00 0.000000e+00 0.000000e+00
      outer loop
         vertex 0.000000e+00 -3.916336e+00 -8.138241e-01
         vertex 0.000000e+00 -6.721049e+00 -1.956400e+00
         vertex 0.000000e+00 -6.886586e+00 -1.254965e+00
      endloop
   endfacet
   facet normal -1.000000e+00 -0.000000e+00 0.000000e+00
      outer loop
         vertex 0.000000e+00 -3.916336e+00 -8.138241e-01
         vertex 0.000000e+00 -6.886586e+00 -1.254965e+00
         vertex 0.000000e+00 -3.990675e+00 -2.729697e-01
      endloop
   endfacet
   facet normal -1.000000e+00 0.000000e+00 0.000000e+00
      outer loop
         vertex 0.000000e+00 -3.990675e+00 -2.729697e-01
         vertex 0.000000e+00 -6.886586e+00 -1.254965e+00
         vertex 0.000000e+00 -6.979123e+00 -5.402282e-01
      endloop
   endfacet
   facet normal -1.000000e+00 -0.000000e+00 0.000000e+00
      outer loop
         vertex 0.000000e+00 -3.990675e+00 -2.729697e-01
         vertex 0.000000e+00 -6.979123e+00 -5.402282e-01
         vertex 0.000000e+00 -3.990675e+00 2.729697e-01
      endloop
   endfacet
   facet normal -1.000000e+00 0.000000e+00 0.000000e+00
      outer loop
         vertex 0.000000e+00 3.267880e+00 2.306721e+00
         vertex 0.000000e+00 6.001202e+00 3.603550e+00
         vertex 0.000000e+00 3.551541e+00 1.840260e+00
      endloop
   endfacet
   facet normal -1.000000e+00 0.000000e+00 0.000000e+00
      outer loop
         vertex 0.000000e+00 3.551541e+00 1.840260e+00
         vertex 0.000000e+00 6.001202e+00 3.603550e+00
         vertex 0.000000e+00 6.339916e+00 2.967401e+00
      endloop
   endfacet
   facet normal -1.000000e+00 0.000000e+00 0.000000e+00
      outer loop
         vertex 0.000000e+00 3.551541e+00 1.840260e+00
         vertex 0.000000e+00 6.339916e+00 2.967401e+00
         vertex 0.000000e+00 3.769044e+00 1.339518e+00
      endloop
   endfacet
   facet normal -1.000000e+00 0.000000e+00 0.000000e+00
      outer loop
         vertex 0.000000e+00 3.769044e+00 1.339518e+00
         vertex 0.000000e+00 6.339916e+00 2.967401e+00
         vertex 0.000000e+00 6.611424e+00 2.299797e+00
      endloop
   endfacet
   facet normal -1.000000e+00 0.000000e+00 0.000000e+00
      outer loop
         vertex 0.000000e+00 3.769044e+00 1.339518e+00
         vertex 0.000000e+00 6.611424e+00 2.299797e+00
         vertex 0.000000e+00 3.916336e+00 8.138241e-01
      endloop
   endfacet
   facet normal -1.000000e+00 0.000000e+00 0.000000e+00
      outer loop
         vertex 0.000000e+00 -3.551541e+00 1.840260e+00
         vertex 0.000000e+00 -6.001202e+00 3.603550e+00
         vertex 0.000000e+00 -3.267880e+00 2.306721e+00
      endloop
   endfacet
   facet normal -1.000000e+00 0.000000e+00 0.000000e+00
      outer loop
         vertex 0.000000e+00 -3.267880e+00 2.306721e+00
         vertex 0.000000e+00 -6.001202e+00 3.603550e+00
         vertex 0.000000e+00 -5.598875e+00 4.201500e+00
      endloop
   endfacet
   facet normal -1.000000e+00 0.000000e+00 0.000000e+00
      outer loop
         vertex 0.000000e+00 -3.267880e+00 2.306721e+00
         vertex 0.000000e+00 -5.598875e+00 4.201500e+00
         vertex 0.000000e+00 -2.923344e+00 2.730213e+00
      endloop
   endfacet
   facet normal -1.000000e+00 0.000000e+00 0.000000e+00
      outer loop
         vertex 0.000000e+00 -2.923344e+00 2.730213e+00
         vertex 0.000000e+00 -5.598875e+00 4.201500e+00
         vertex 0.000000e+00 -5.137198e+00 4.754914e+00
      endloop
   endfacet
   facet normal -1.000000e+00 0.000000e+00 0.000000e+00
      outer loop
         vertex 0.000000e+00 -2.923344e+00 2.730213e+00
         vertex 0.000000e+00 -5.137198e+00 4.754914e+00
         vertex 0.000000e+00 -2.524352e+00 3.102845e+00
      endloop
   endfacet
   facet normal -1.000000e+00 0.000000e+00 0.000000e+00
      outer loop
         vertex 0.000000e+00 -2.524352e+00 3.102845e+00
         vertex 0.000000e+00 -5.137198e+00 4.754914e+00
         vertex 0.000000e+00 -4.621065e+00 5.257924e+00
      endloop
   endfacet
   facet normal -1.000000e+00 0.000000e+00 0.000000e+00
      outer loop
         vertex 0.000000e+00 -2.524352e+00 3.102845e+00
         vertex 0.000000e+00 -4.621065e+00 5.257924e+00
         vertex 0.000000e+00 -4.055948e+00 5.705198e+00
      endloop
   endfacet
   facet normal -1.000000e+00 0.000000e+00 0.000000e+00
      outer loop
         vertex 0.000000e+00 -6.979123e+00 -5.402282e-01
         vertex 0.000000e+00 -6.997679e+00 1.802354e-01
         vertex 0.000000e+00 -3.990675e+00 2.729697e-01
      endloop
   endfacet
   facet normal -1.000000e+00 -0.000000e+00 0.000000e+00
      outer loop
         vertex 0.000000e+00 -3.990675e+00 2.729697e-01
         vertex 0.000000e+00 -6.997679e+00 1.802354e-01
         vertex 0.000000e+00 -6.942059e+00 8.987885e-01
      endloop
   endfacet
   facet normal -1.000000e+00 0.000000e+00 0.000000e+00
      outer loop
         vertex 0.000000e+00 -3.990675e+00 2.729697e-01
         vertex 0.000000e+00 -6.942059e+00 8.987885e-01
         vertex 0.000000e+00 -3.916336e+00 8.138241e-01
      endloop
   endfacet
   facet normal -1.000000e+00 0.000000e+00 0.000000e+00
      outer loop
         vertex 0.000000e+00 -3.916336e+00 8.138241e-01
         vertex 0.000000e+00 -6.942059e+00 8.987885e-01
         vertex 0.000000e+00 -6.812850e+00 1.607814e+00
      endloop
   endfacet
   facet normal -1.000000e+00 0.000000e+00 0.000000e+00
      outer loop
         vertex 0.000000e+00 -3.916336e+00 8.138241e-01
         vertex 0.000000e+00 -6.812850e+00 1.607814e+00
         vertex 0.000000e+00 -3.769044e+00 1.339518e+00
      endloop
   endfacet
   facet normal -1.000000e+00 0.000000e+00 0.000000e+00
      outer loop
         vertex 0.000000e+00 -3.769044e+00 1.339518e+00
         vertex 0.000000e+00 -6.812850e+00 1.607814e+00
         vertex 0.000000e+00 -6.611424e+00 2.299797e+00
      endloop
   endfacet
   facet normal -1.000000e+00 0.000000e+00 0.000000e+00
      outer loop
         vertex 0.000000e+00 -3.769044e+00 1.339518e+00
         vertex 0.000000e+00 -6.611424e+00 2.299797e+00
         vertex 0.000000e+00 -3.551541e+00 1.840260e+00
      endloop
   endfacet
   facet normal -1.000000e+00 0.000000e+00 0.000000e+00
      outer loop
         vertex 0.000000e+00 -3.551541e+00 1.840260e+00
         vertex 0.000000e+00 -6.611424e+00 2.299797e+00
         vertex 0.000000e+00 -6.339916e+00 2.967401e+00
      endloop
   endfacet
   facet normal -1.000000e+00 0.000000e+00 0.000000e+00
      outer loop
         vertex 0.000000e+00 -3.551541e+00 1.840260e+00
         vertex 0.000000e+00 -6.339916e+00 2.967401e+00
         vertex 0.000000e+00 -6.001202e+00 3.603550e+00
      endloop
   endfacet
   facet normal -1.000000e+00 0.000000e+00 -0.000000e+00
      outer loop
         vertex 0.000000e+00 3.916336e+00 -8.138241e-01
         vertex 0.000000e+00 6.721049e+00 -1.956400e+00
         vertex 0.000000e+00 3.769044e+00 -1.339518e+00
      endloop
   endfacet
   facet normal -1.000000e+00 0.000000e+00 0.000000e+00
      outer loop
         vertex 0.000000e+00 3.769044e+00 -1.339518e+00
         vertex 0.000000e+00 6.721049e+00 -1.956400e+00
         vertex 0.000000e+00 6.484268e+00 -2.637095e+00
      endloop
   endfacet
   facet normal -1.000000e+00 0.000000e+00 -0.000000e+00
      outer loop
         vertex 0.000000e+00 3.769044e+00 -1.339518e+00
         vertex 0.000000e+00 6.484268e+00 -2.637095e+00
         vertex 0.000000e+00 3.551541e+00 -1.840260e+00
      endloop
   endfacet
   facet normal -1.000000e+00 0.000000e+00 0.000000e+00
      outer loop
         vertex 0.000000e+00 3.551541e+00 -1.840260e+00
         vertex 0.000000e+00 6.484268e+00 -2.637095e+00
         vertex 0.000000e+00 6.178752e+00 -3.289837e+00
      endloop
   endfacet
   facet normal -1.000000e+00 0.000000e+00 -0.000000e+00
      outer loop
         vertex 0.000000e+00 3.551541e+00 -1.840260e+00
         vertex 0.000000e+00 6.178752e+00 -3.289837e+00
         vertex 0.000000e+00 3.267880e+00 -2.306721e+00
      endloop
   endfacet
   facet normal -1.000000e+00 0.000000e+00 0.000000e+00
      outer loop
         vertex 0.000000e+00 3.267880e+00 -2.306721e+00
         vertex 0.000000e+00 6.178752e+00 -3.289837e+00
         vertex 0.000000e+00 5.807739e+00 -3.907706e+00
      endloop
   endfacet
   facet normal -1.000000e+00 0.000000e+00 0.000000e+00
      outer loop
         vertex 0.000000e+00 3.267880e+00 -2.306721e+00
         vertex 0.000000e+00 5.807739e+00 -3.907706e+00
         vertex 0.000000e+00 5.375163e+00 -4.484152e+00
      endloop
   endfacet
   facet normal -1.000000e+00 0.000000e+00 0.000000e+00
      outer loop
         vertex 0.000000e+00 2.078336e+00 3.417678e+00
         vertex 0.000000e+00 4.055948e+00 5.705198e+00
         vertex 0.000000e+00 2.524352e+00 3.102845e+00
      endloop
   endfacet
   facet normal -1.000000e+00 0.000000e+00 0.000000e+00
      outer loop
         vertex 0.000000e+00 2.524352e+00 3.102845e+00
         vertex 0.000000e+00 4.055948e+00 5.705198e+00
         vertex 0.000000e+00 4.621065e+00 5.257924e+00
      endloop
   endfacet
   facet normal -1.000000e+00 0.000000e+00 0.000000e+00
      outer loop
         vertex 0.000000e+00 2.524352e+00 3.102845e+00
         vertex 0.000000e+00 4.621065e+00 5.257924e+00
         vertex 0.000000e+00 2.923344e+00 2.730213e+00
      endloop
   endfacet
   facet normal -1.000000e+00 0.000000e+00 0.000000e+00
      outer loop
         vertex 0.000000e+00 2.923344e+00 2.730213e+00
         vertex 0.000000e+00 4.621065e+00 5.257924e+00
         vertex 0.000000e+00 5.137198e+00 4.754914e+00
      endloop
   endfacet
   facet normal -1.000000e+00 0.000000e+00 0.000000e+00
      outer loop
         vertex 0.000000e+00 2.923344e+00 2.730213e+00
         vertex 0.000000e+00 5.137198e+00 4.754914e+00
         vertex 0.000000e+00 3.267880e+00 2.306721e+00
      endloop
   endfacet
   facet normal -1.000000e+00 0.000000e+00 0.000000e+00
      outer loop
         vertex 0.000000e+00 3.267880e+00 2.306721e+00
         vertex 0.000000e+00 5.137198e+00 4.754914e+00
         vertex 0.000000e+00 5.598875e+00 4.201500e+00
      endloop
   endfacet
   facet normal -1.000000e+00 0.000000e+00 0.000000e+00
      outer loop
         vertex 0.000000e+00 3.267880e+00 2.306721e+00
         vertex 0.000000e+00 5.598875e+00 4.201500e+00
         vertex 0.000000e+00 6.001202e+00 3.603550e+00
      endloop
   endfacet
   facet normal -1.000000e+00 0.000000e+00 0.000000e+00
      outer loop
         vertex 0.000000e+00 5.446666e-01 3.962744e+00
         vertex 0.000000e+00 1.431864e+00 6.851990e+00
         vertex 0.000000e+00 1.079187e+00 3.851669e+00
      endloop
   endfacet
   facet normal -1.000000e+00 0.000000e+00 0.000000e+00
      outer loop
         vertex 0.000000e+00 1.079187e+00 3.851669e+00
         vertex 0.000000e+00 1.431864e+00 6.851990e+00
         vertex 0.000000e+00 2.128804e+00 6.668448e+00
      endloop
   endfacet
   facet normal -1.000000e+00 0.000000e+00 0.000000e+00
      outer loop
         vertex 0.000000e+00 1.079187e+00 3.851669e+00
         vertex 0.000000e+00 2.128804e+00 6.668448e+00
         vertex 0.000000e+00 1.593604e+00 3.668845e+00
      endloop
   endfacet
   facet normal -1.000000e+00 0.000000e+00 0.000000e+00
      outer loop
         vertex 0.000000e+00 1.593604e+00 3.668845e+00
         vertex 0.000000e+00 2.128804e+00 6.668448e+00
         vertex 0.000000e+00 2.803177e+00 6.414218e+00
      endloop
   endfacet
   facet normal -1.000000e+00 0.000000e+00 0.000000e+00
      outer loop
         vertex 0.000000e+00 1.593604e+00 3.668845e+00
         vertex 0.000000e+00 2.803177e+00 6.414218e+00
         vertex 0.000000e+00 2.078336e+00 3.417678e+00
      endloop
   endfacet
   facet normal -1.000000e+00 0.000000e+00 0.000000e+00
      outer loop
         vertex 0.000000e+00 2.078336e+00 3.417678e+00
         vertex 0.000000e+00 2.803177e+00 6.414218e+00
         vertex 0.000000e+00 3.447836e+00 6.091997e+00
      endloop
   endfacet
   facet normal -1.000000e+00 0.000000e+00 0.000000e+00
      outer loop
         vertex 0.000000e+00 2.078336e+00 3.417678e+00
         vertex 0.000000e+00 3.447836e+00 6.091997e+00
         vertex 0.000000e+00 4.055948e+00 5.705198e+00
      endloop
   endfacet
   facet normal -1.000000e+00 0.000000e+00 0.000000e+00
      outer loop
         vertex 0.000000e+00 -2.803177e+00 6.414218e+00
         vertex 0.000000e+00 -2.128804e+00 6.668448e+00
         vertex 0.000000e+00 -1.079187e+00 3.851669e+00
      endloop
   endfacet
   facet normal -1.000000e+00 0.000000e+00 0.000000e+00
      outer loop
         vertex 0.000000e+00 -1.079187e+00 3.851669e+00
         vertex 0.000000e+00 -2.128804e+00 6.668448e+00
         vertex 0.000000e+00 -1.431864e+00 6.851990e+00
      endloop
   endfacet
   facet normal -1.000000e+00 0.000000e+00 0.000000e+00
      outer loop
         vertex 0.000000e+00 -1.079187e+00 3.851669e+00
         vertex 0.000000e+00 -1.431864e+00 6.851990e+00
         vertex 0.000000e+00 -5.446666e-01 3.962744e+00
      endloop
   endfacet
   facet normal -1.000000e+00 0.000000e+00 0.000000e+00
      outer loop
         vertex 0.000000e+00 -5.446666e-01 3.962744e+00
         vertex 0.000000e+00 -1.431864e+00 6.851990e+00
         vertex 0.000000e+00 -7.197470e-01 6.962899e+00
      endloop
   endfacet
   facet normal -1.000000e+00 0.000000e+00 0.000000e+00
      outer loop
         vertex 0.000000e+00 -5.446666e-01 3.962744e+00
         vertex 0.000000e+00 -7.197470e-01 6.962899e+00
         vertex 0.000000e+00 4.898587e-16 4.000000e+00
      endloop
   endfacet
   facet normal -1.000000e+00 0.000000e+00 0.000000e+00
      outer loop
         vertex 0.000000e+00 4.898587e-16 4.000000e+00
         vertex 0.000000e+00 -7.197470e-01 6.962899e+00
         vertex 0.000000e+00 0.000000e+00 7.000000e+00
      endloop
   endfacet
   facet normal -1.000000e+00 0.000000e+00 0.000000e+00
      outer loop
         vertex 0.000000e+00 4.898587e-16 4.000000e+00
         vertex 0.000000e+00 0.000000e+00 7.000000e+00
         vertex 0.000000e+00 5.446666e-01 3.962744e+00
      endloop
   endfacet
   facet normal -1.000000e+00 0.000000e+00 0.000000e+00
      outer loop
         vertex 0.000000e+00 5.446666e-01 3.962744e+00
         vertex 0.000000e+00 0.000000e+00 7.000000e+00
         vertex 0.000000e+00 7.197470e-01 6.962899e+00
      endloop
   endfacet
   facet normal -1.000000e+00 0.000000e+00 0.000000e+00
      outer loop
         vertex 0.000000e+00 5.446666e-01 3.962744e+00
         vertex 0.000000e+00 7.197470e-01 6.962899e+00
         vertex 0.000000e+00 1.431864e+00 6.851990e+00
      endloop
   endfacet
   facet normal -1.000000e+00 0.000000e+00 -0.000000e+00
      outer loop
         vertex 0.000000e+00 6.611424e+00 2.299797e+00
         vertex 0.000000e+00 6.812850e+00 1.607814e+00
         vertex 0.000000e+00 3.916336e+00 8.138241e-01
      endloop
   endfacet
   facet normal -1.000000e+00 0.000000e+00 0.000000e+00
      outer loop
         vertex 0.000000e+00 3.916336e+00 8.138241e-01
         vertex 0.000000e+00 6.812850e+00 1.607814e+00
         vertex 0.000000e+00 6.942059e+00 8.987885e-01
      endloop
   endfacet
   facet normal -1.000000e+00 0.000000e+00 0.000000e+00
      outer loop
         vertex 0.000000e+00 3.916336e+00 8.138241e-01
         vertex 0.000000e+00 6.942059e+00 8.987885e-01
         vertex 0.000000e+00 3.990675e+00 2.729697e-01
      endloop
   endfacet
   facet normal -1.000000e+00 0.000000e+00 0.000000e+00
      outer loop
         vertex 0.000000e+00 3.990675e+00 2.729697e-01
         vertex 0.000000e+00 6.942059e+00 8.987885e-01
         vertex 0.000000e+00 6.997679e+00 1.802354e-01
      endloop
   endfacet
   facet normal -1.000000e+00 0.000000e+00 0.000000e+00
      outer loop
         vertex 0.000000e+00 3.990675e+00 2.729697e-01
         vertex 0.000000e+00 6.997679e+00 1.802354e-01
         vertex 0.000000e+00 3.990675e+00 -2.729697e-01
      endloop
   endfacet
   facet normal -1.000000e+00 0.000000e+00 0.000000e+00
      outer loop
         vertex 0.000000e+00 3.990675e+00 -2.729697e-01
         vertex 0.000000e+00 6.997679e+00 1.802354e-01
         vertex 0.000000e+00 6.979123e+00 -5.402282e-01
      endloop
   endfacet
   facet normal -1.000000e+00 0.000000e+00 -0.000000e+00
      outer loop
         vertex 0.000000e+00 3.990675e+00 -2.729697e-01
         vertex 0.000000e+00 6.979123e+00 -5.402282e-01
         vertex 0.000000e+00 3.916336e+00 -8.138241e-01
      endloop
   endfacet
   facet normal -1.000000e+00 0.000000e+00 0.000000e+00
      outer loop
         vertex 0.000000e+00 3.916336e+00 -8.138241e-01
         vertex 0.000000e+00 6.979123e+00 -5.402282e-01
         vertex 0.000000e+00 6.886586e+00 -1.254965e+00
      endloop
   endfacet
   facet normal -1.000000e+00 0.000000e+00 0.000000e+00
      outer loop
         vertex 0.000000e+00 3.916336e+00 -8.138241e-01
         vertex 0.000000e+00 6.886586e+00 -1.254965e+00
         vertex 0.000000e+00 6.721049e+00 -1.956400e+00
      endloop
   endfacet
   facet normal 0.000000e+00 -6.824316e-02 9.976687e-01
      outer loop
         vertex 0.000000e+00 -9.797175e-16 -4.000000e+00
         vertex 4.000000e+00 -9.797175e-16 -4.000000e+00
         vertex 0.000000e+00 5.446666e-01 -3.962744e+00
      endloop
   endfacet
   facet normal 0.000000e+00 -6.824316e-02 9.976687e-01
      outer loop
         vertex 0.000000e+00 5.446666e-01 -3.962744e+00
         vertex 4.000000e+00 -9.797175e-16 -4.000000e+00
         vertex 4.000000e+00 5.446666e-01 -3.962744e+00
      endloop
   endfacet
   facet normal 0.000000e+00 -2.034557e-01 9.790842e-01
      outer loop
         vertex 0.000000e+00 5.446666e-01 -3.962744e+00
         vertex 4.000000e+00 5.446666e-01 -3.962744e+00
         vertex 0.000000e+00 1.079187e+00 -3.851669e+00
      endloop
   endfacet
   facet normal 0.000000e+00 -2.034557e-01 9.790842e-01
      outer loop
         vertex 0.000000e+00 1.079187e+00 -3.851669e+00
         vertex 4.000000e+00 5.446666e-01 -3.962744e+00
         vertex 4.000000e+00 1.079187e+00 -3.851669e+00
      endloop
   endfacet
   facet normal 0.000000e+00 -3.348796e-01 9.422609e-01
      outer loop
         vertex 0.000000e+00 1.079187e+00 -3.851669e+00
         vertex 4.000000e+00 1.079187e+00 -3.851669e+00
         vertex 0.000000e+00 1.593604e+00 -3.668845e+00
      endloop
   endfacet
   facet normal 0.000000e+00 -3.348796e-01 9.422609e-01
      outer loop
         vertex 0.000000e+00 1.593604e+00 -3.668845e+00
         vertex 4.000000e+00 1.079187e+00 -3.851669e+00
         vertex 4.000000e+00 1.593604e+00 -3.668845e+00
      endloop
   endfacet
   facet normal 0.000000e+00 -4.600649e-01 8.878853e-01
      outer loop
         vertex 0.000000e+00 1.593604e+00 -3.668845e+00
         vertex 4.000000e+00 1.593604e+00 -3.668845e+00
         vertex 0.000000e+00 2.078336e+00 -3.417678e+00
      endloop
   endfacet
   facet normal 0.000000e+00 -4.600649e-01 8.878853e-01
      outer loop
         vertex 0.000000e+00 2.078336e+00 -3.417678e+00
         vertex 4.000000e+00 1.593604e+00 -3.668845e+00
         vertex 4.000000e+00 2.078336e+00 -3.417678e+00
      endloop
   endfacet
   facet normal 0.000000e+00 -5.766806e-01 8.169697e-01
      outer loop
         vertex 0.000000e+00 2.078336e+00 -3.417678e+00
         vertex 4.000000e+00 2.078336e+00 -3.417678e+00
         vertex 0.000000e+00 2.524352e+00 -3.102845e+00
      endloop
   endfacet
   facet normal 0.000000e+00 -5.766806e-01 8.169697e-01
      outer loop
         vertex 0.000000e+00 2.524352e+00 -3.102845e+00
         vertex 4.000000e+00 2.078336e+00 -3.417678e+00
         vertex 4.000000e+00 2.524352e+00 -3.102845e+00
      endloop
   endfacet
   facet normal 0.000000e+00 -6.825529e-01 7.308361e-01
      outer loop
         vertex 0.000000e+00 2.524352e+00 -3.102845e+00
         vertex 4.000000e+00 2.524352e+00 -3.102845e+00
         vertex 0.000000e+00 2.923344e+00 -2.730213e+00
      endloop
   endfacet
   facet normal 0.000000e+00 -6.825529e-01 7.308361e-01
      outer loop
         vertex 0.000000e+00 2.923344e+00 -2.730213e+00
         vertex 4.000000e+00 2.524352e+00 -3.102845e+00
         vertex 4.000000e+00 2.923344e+00 -2.730213e+00
      endloop
   endfacet
   facet normal 0.000000e+00 -7.757113e-01 6.310879e-01
      outer loop
         vertex 0.000000e+00 2.923344e+00 -2.730213e+00
         vertex 4.000000e+00 2.923344e+00 -2.730213e+00
         vertex 0.000000e+00 3.267880e+00 -2.306721e+00
      endloop
   endfacet
   facet normal 0.000000e+00 -7.757113e-01 6.310879e-01
      outer loop
         vertex 0.000000e+00 3.267880e+00 -2.306721e+00
         vertex 4.000000e+00 2.923344e+00 -2.730213e+00
         vertex 4.000000e+00 3.267880e+00 -2.306721e+00
      endloop
   endfacet
   facet normal 0.000000e+00 -8.544194e-01 5.195840e-01
      outer loop
         vertex 0.000000e+00 3.267880e+00 -2.306721e+00
         vertex 4.000000e+00 3.267880e+00 -2.306721e+00
         vertex 0.000000e+00 3.551541e+00 -1.840260e+00
      endloop
   endfacet
   facet normal 0.000000e+00 -8.544194e-01 5.195840e-01
      outer loop
         vertex 0.000000e+00 3.551541e+00 -1.840260e+00
         vertex 4.000000e+00 3.267880e+00 -2.306721e+00
         vertex 4.000000e+00 3.551541e+00 -1.840260e+00
      endloop
   endfacet
   facet normal 0.000000e+00 -9.172114e-01 3.984010e-01
      outer loop
         vertex 0.000000e+00 3.551541e+00 -1.840260e+00
         vertex 4.000000e+00 3.551541e+00 -1.840260e+00
         vertex 0.000000e+00 3.769044e+00 -1.339518e+00
      endloop
   endfacet
   facet normal 0.000000e+00 -9.172114e-01 3.984010e-01
      outer loop
         vertex 0.000000e+00 3.769044e+00 -1.339518e+00
         vertex 4.000000e+00 3.551541e+00 -1.840260e+00
         vertex 4.000000e+00 3.769044e+00 -1.339518e+00
      endloop
   endfacet
   facet normal 0.000000e+00 -9.629173e-01 2.697967e-01
      outer loop
         vertex 0.000000e+00 3.769044e+00 -1.339518e+00
         vertex 4.000000e+00 3.769044e+00 -1.339518e+00
         vertex 0.000000e+00 3.916336e+00 -8.138241e-01
      endloop
   endfacet
   facet normal 0.000000e+00 -9.629173e-01 2.697967e-01
      outer loop
         vertex 0.000000e+00 3.916336e+00 -8.138241e-01
         vertex 4.000000e+00 3.769044e+00 -1.339518e+00
         vertex 4.000000e+00 3.916336e+00 -8.138241e-01
      endloop
   endfacet
   facet normal 0.000000e+00 -9.906860e-01 1.361665e-01
      outer loop
         vertex 0.000000e+00 3.916336e+00 -8.138241e-01
         vertex 4.000000e+00 3.916336e+00 -8.138241e-01
         vertex 0.000000e+00 3.990675e+00 -2.729697e-01
      endloop
   endfacet
   facet normal 0.000000e+00 -9.906860e-01 1.361665e-01
      outer loop
         vertex 0.000000e+00 3.990675e+00 -2.729697e-01
         vertex 4.000000e+00 3.916336e+00 -8.138241e-01
         vertex 4.000000e+00 3.990675e+00 -2.729697e-01
      endloop
   endfacet
   facet normal 0.000000e+00 -1.000000e+00 0.000000e+00
      outer loop
         vertex 0.000000e+00 3.990675e+00 -2.729697e-01
         vertex 4.000000e+00 3.990675e+00 -2.729697e-01
         vertex 0.000000e+00 3.990675e+00 2.729697e-01
      endloop
   endfacet
   facet normal 0.000000e+00 -1.000000e+00 0.000000e+00
      outer loop
         vertex 0.000000e+00 3.990675e+00 2.729697e-01
         vertex 4.000000e+00 3.990675e+00 -2.729697e-01
         vertex 4.000000e+00 3.990675e+00 2.729697e-01
      endloop
   endfacet
   facet normal 0.000000e+00 -9.906860e-01 -1.361665e-01
      outer loop
         vertex 0.000000e+00 3.990675e+00 2.729697e-01
         vertex 4.000000e+00 3.990675e+00 2.729697e-01
         vertex 0.000000e+00 3.916336e+00 8.138241e-01
      endloop
   endfacet
   facet normal 0.000000e+00 -9.906860e-01 -1.361665e-01
      outer loop
         vertex 0.000000e+00 3.916336e+00 8.138241e-01
         vertex 4.000000e+00 3.990675e+00 2.729697e-01
         vertex 4.000000e+00 3.916336e+00 8.138241e-01
      endloop
   endfacet
   facet normal 0.000000e+00 -9.629173e-01 -2.697967e-01
      outer loop
         vertex 0.000000e+00 3.916336e+00 8.138241e-01
         vertex 4.000000e+00 3.916336e+00 8.138241e-01
         vertex 0.000000e+00 3.769044e+00 1.339518e+00
      endloop
   endfacet
   facet normal 0.000000e+00 -9.629173e-01 -2.697967e-01
      outer loop
         vertex 0.000000e+00 3.769044e+00 1.339518e+00
         vertex 4.000000e+00 3.916336e+00 8.138241e-01
         vertex 4.000000e+00 3.769044e+00 1.339518e+00
      endloop
   endfacet
   facet normal 0.000000e+00 -9.172114e-01 -3.984010e-01
      outer loop
         vertex 0.000000e+00 3.769044e+00 1.339518e+00
         vertex 4.000000e+00 3.769044e+00 1.339518e+00
         vertex 0.000000e+00 3.551541e+00 1.840260e+00
      endloop
   endfacet
   facet normal 0.000000e+00 -9.172114e-01 -3.984010e-01
      outer loop
         vertex 0.000000e+00 3.551541e+00 1.840260e+00
         vertex 4.000000e+00 3.769044e+00 1.339518e+00
         vertex 4.000000e+00 3.551541e+00 1.840260e+00
      endloop
   endfacet
   facet normal 0.000000e+00 -8.544194e-01 -5.195840e-01
      outer loop
         vertex 0.000000e+00 3.551541e+00 1.840260e+00
         vertex 4.000000e+00 3.551541e+00 1.840260e+00
         vertex 0.000000e+00 3.267880e+00 2.306721e+00
      endloop
   endfacet
   facet normal 0.000000e+00 -8.544194e-01 -5.195840e-01
      outer loop
         vertex 0.000000e+00 3.267880e+00 2.306721e+00
         vertex 4.000000e+00 3.551541e+00 1.840260e+00
         vertex 4.000000e+00 3.267880e+00 2.306721e+00
      endloop
   endfacet
   facet normal 0.000000e+00 -7.757113e-01 -6.310879e-01
      outer loop
         vertex 0.000000e+00 3.267880e+00 2.306721e+00
         vertex 4.000000e+00 3.267880e+00 2.306721e+00
         vertex 0.000000e+00 2.923344e+00 2.730213e+00
      endloop
   endfacet
   facet normal 0.000000e+00 -7.757113e-01 -6.310879e-01
      outer loop
         vertex 0.000000e+00 2.923344e+00 2.730213e+00
         vertex 4.000000e+00 3.267880e+00 2.306721e+00
         vertex 4.000000e+00 2.923344e+00 2.730213e+00
      endloop
   endfacet
   facet normal 0.000000e+00 -6.825529e-01 -7.308361e-01
      outer loop
         vertex 0.000000e+00 2.923344e+00 2.730213e+00
         vertex 4.000000e+00 2.923344e+00 2.730213e+00
         vertex 0.000000e+00 2.524352e+00 3.102845e+00
      endloop
   endfacet
   facet normal 0.000000e+00 -6.825529e-01 -7.308361e-01
      outer loop
         vertex 0.000000e+00 2.524352e+00 3.102845e+00
         vertex 4.000000e+00 2.923344e+00 2.730213e+00
         vertex 4.000000e+00 2.524352e+00 3.102845e+00
      endloop
   endfacet
   facet normal 0.000000e+00 -5.766806e-01 -8.169697e-01
      outer loop
         vertex 0.000000e+00 2.524352e+00 3.102845e+00
         vertex 4.000000e+00 2.524352e+00 3.102845e+00
         vertex 0.000000e+00 2.078336e+00 3.417678e+00
      endloop
   endfacet
   facet normal 0.000000e+00 -5.766806e-01 -8.169697e-01
      outer loop
         vertex 0.000000e+00 2.078336e+00 3.417678e+00
         vertex 4.000000e+00 2.524352e+00 3.102845e+00
         vertex 4.000000e+00 2.078336e+00 3.417678e+00
      endloop
   endfacet
   facet normal 0.000000e+00 -4.600649e-01 -8.878853e-01
      outer loop
         vertex 0.000000e+00 2.078336e+00 3.417678e+00
         vertex 4.000000e+00 2.078336e+00 3.417678e+00
         vertex 0.000000e+00 1.593604e+00 3.668845e+00
      endloop
   endfacet
   facet normal 0.000000e+00 -4.600649e-01 -8.878853e-01
      outer loop
         vertex 0.000000e+00 1.593604e+00 3.668845e+00
         vertex 4.000000e+00 2.078336e+00 3.417678e+00
         vertex 4.000000e+00 1.593604e+00 3.668845e+00
      endloop
   endfacet
   facet normal 0.000000e+00 -3.348796e-01 -9.422609e-01
      outer loop
         vertex 0.000000e+00 1.593604e+00 3.668845e+00
         vertex 4.000000e+00 1.593604e+00 3.668845e+00
         vertex 0.000000e+00 1.079187e+00 3.851669e+00
      endloop
   endfacet
   facet normal 0.000000e+00 -3.348796e-01 -9.422609e-01
      outer loop
         vertex 0.000000e+00 1.079187e+00 3.851669e+00
         vertex 4.000000e+00 1.593604e+00 3.668845e+00
         vertex 4.000000e+00 1.079187e+00 3.851669e+00
      endloop
   endfacet
   facet normal 0.000000e+00 -2.034557e-01 -9.790842e-01
      outer loop
         vertex 0.000000e+00 1.079187e+00 3.851669e+00
         vertex 4.000000e+00 1.079187e+00 3.851669e+00
         vertex 0.000000e+00 5.446666e-01 3.962744e+00
      endloop
   endfacet
   facet normal 0.000000e+00 -2.034557e-01 -9.790842e-01
      outer loop
         vertex 0.000000e+00 5.446666e-01 3.962744e+00
         vertex 4.000000e+00 1.079187e+00 3.851669e+00
         vertex 4.000000e+00 5.446666e-01 3.962744e+00
      endloop
   endfacet
   facet normal 0.000000e+00 -6.824316e-02 -9.976687e-01
      outer loop
         vertex 0.000000e+00 5.446666e-01 3.962744e+00
         vertex 4.000000e+00 5.446666e-01 3.962744e+00
         vertex 0.000000e+00 4.898587e-16 4.000000e+00
      endloop
   endfacet
   facet normal 0.000000e+00 -6.824316e-02 -9.976687e-01
      outer loop
         vertex 0.000000e+00 4.898587e-16 4.000000e+00
         vertex 4.000000e+00 5.446666e-01 3.962744e+00
         vertex 4.000000e+00 4.898587e-16 4.000000e+00
      endloop
   endfacet
   facet normal 0.000000e+00 6.824316e-02 -9.976687e-01
      outer loop
         vertex 0.000000e+00 4.898587e-16 4.000000e+00
         vertex 4.000000e+00 4.898587e-16 4.000000e+00
         vertex 0.000000e+00 -5.446666e-01 3.962744e+00
      endloop
   endfacet
   facet normal 0.000000e+00 6.824316e-02 -9.976687e-01
      outer loop
         vertex 0.000000e+00 -5.446666e-01 3.962744e+00
         vertex 4.000000e+00 4.898587e-16 4.000000e+00
         vertex 4.000000e+00 -5.446666e-01 3.962744e+00
      endloop
   endfacet
   facet normal 0.000000e+00 2.034557e-01 -9.790842e-01
      outer loop
         vertex 0.000000e+00 -5.446666e-01 3.962744e+00
         vertex 4.000000e+00 -5.446666e-01 3.962744e+00
         vertex 0.000000e+00 -1.079187e+00 3.851669e+00
      endloop
   endfacet
   facet normal 0.000000e+00 2.034557e-01 -9.790842e-01
      outer loop
         vertex 0.000000e+00 -1.079187e+00 3.851669e+00
         vertex 4.000000e+00 -5.446666e-01 3.962744e+00
         vertex 4.000000e+00 -1.079187e+00 3.851669e+00
      endloop
   endfacet
   facet normal 0.000000e+00 3.348796e-01 -9.422609e-01
      outer loop
         vertex 0.000000e+00 -1.079187e+00 3.851669e+00
         vertex 4.000000e+00 -1.079187e+00 3.851669e+00
         vertex 0.000000e+00 -1.593604e+00 3.668845e+00
      endloop
   endfacet
   facet normal 0.000000e+00 3.348796e-01 -9.422609e-01
      outer loop
         vertex 0.000000e+00 -1.593604e+00 3.668845e+00
         vertex 4.000000e+00 -1.079187e+00 3.851669e+00
         vertex 4.000000e+00 -1.593604e+00 3.668845e+00
      endloop
   endfacet
   facet normal 0.000000e+00 4.600649e-01 -8.878853e-01
      outer loop
         vertex 0.000000e+00 -1.593604e+00 3.668845e+00
         vertex 4.000000e+00 -1.593604e+00 3.668845e+00
         vertex 0.000000e+00 -2.078336e+00 3.417678e+00
      endloop
   endfacet
   facet normal 0.000000e+00 4.600649e-01 -8.878853e-01
      outer loop
         vertex 0.000000e+00 -2.078336e+00 3.417678e+00
         vertex 4.000000e+00 -1.593604e+00 3.668845e+00
         vertex 4.000000e+00 -2.078336e+00 3.417678e+00
      endloop
   endfacet
   facet normal 0.000000e+00 5.766806e-01 -8.169697e-01
      outer loop
         vertex 0.000000e+00 -2.078336e+00 3.417678e+00
         vertex 4.000000e+00 -2.078336e+00 3.417678e+00
         vertex 0.000000e+00 -2.524352e+00 3.102845e+00
      endloop
   endfacet
   facet normal 0.000000e+00 5.766806e-01 -8.169697e-01
      outer loop
         vertex 0.000000e+00 -2.524352e+00 3.102845e+00
         vertex 4.000000e+00 -2.078336e+00 3.417678e+00
         vertex 4.000000e+00 -2.524352e+00 3.102845e+00
      endloop
   endfacet
   facet normal 0.000000e+00 6.825529e-01 -7.308361e-01
      outer loop
         vertex 0.000000e+00 -2.524352e+00 3.102845e+00
         vertex 4.000000e+00 -2.524352e+00 3.102845e+00
         vertex 0.000000e+00 -2.923344e+00 2.730213e+00
      endloop
   endfacet
   facet normal 0.000000e+00 6.825529e-01 -7.308361e-01
      outer loop
         vertex 0.000000e+00 -2.923344e+00 2.730213e+00
         vertex 4.000000e+00 -2.524352e+00 3.102845e+00
         vertex 4.000000e+00 -2.923344e+00 2.730213e+00
      endloop
   endfacet
   facet normal 0.000000e+00 7.757113e-01 -6.310879e-01
      outer loop
         vertex 0.000000e+00 -2.923344e+00 2.730213e+00
         vertex 4.000000e+00 -2.923344e+00 2.730213e+00
         vertex 0.000000e+00 -3.267880e+00 2.306721e+00
      endloop
   endfacet
   facet normal 0.000000e+00 7.757113e-01 -6.310879e-01
      outer loop
         vertex 0.000000e+00 -3.267880e+00 2.306721e+00
         vertex 4.000000e+00 -2.923344e+00 2.730213e+00
         vertex 4.000000e+00 -3.267880e+00 2.306721e+00
      endloop
   endfacet
   facet normal 0.000000e+00 8.544194e-01 -5.195840e-01
      outer loop
         vertex 0.000000e+00 -3.267880e+00 2.306721e+00
         vertex 4.000000e+00 -3.267880e+00 2.306721e+00
         vertex 0.000000e+00 -3.551541e+00 1.840260e+00
      endloop
   endfacet
   facet normal 0.000000e+00 8.544194e-01 -5.195840e-01
      outer loop
         vertex 0.000000e+00 -3.551541e+00 1.840260e+00
         vertex 4.000000e+00 -3.267880e+00 2.306721e+00
         vertex 4.000000e+00 -3.551541e+00 1.840260e+00
      endloop
   endfacet
   facet normal 0.000000e+00 9.172114e-01 -3.984010e-01
      outer loop
         vertex 0.000000e+00 -3.551541e+00 1.840260e+00
         vertex 4.000000e+00 -3.551541e+00 1.840260e+00
         vertex 0.000000e+00 -3.769044e+00 1.339518e+00
      endloop
   endfacet
   facet normal 0.000000e+00 9.172114e-01 -3.984010e-01
      outer loop
         vertex 0.000000e+00 -3.769044e+00 1.339518e+00
         vertex 4.000000e+00 -3.551541e+00 1.840260e+00
         vertex 4.000000e+00 -3.769044e+00 1.339518e+00
      endloop
   endfacet
   facet normal 0.000000e+00 9.629173e-01 -2.697967e-01
      outer loop
         vertex 0.000000e+00 -3.769044e+00 1.339518e+00
         vertex 4.000000e+00 -3.769044e+00 1.339518e+00
         vertex 0.000000e+00 -3.916336e+00 8.138241e-01
      endloop
   endfacet
   facet normal 0.000000e+00 9.629173e-01 -2.697967e-01
      outer loop
         vertex 0.000000e+00 -3.916336e+00 8.138241e-01
         vertex 4.000000e+00 -3.769044e+00 1.339518e+00
         vertex 4.000000e+00 -3.916336e+00 8.138241e-01
      endloop
   endfacet
   facet normal 0.000000e+00 9.906860e-01 -1.361665e-01
      outer loop
         vertex 0.000000e+00 -3.916336e+00 8.138241e-01
         vertex 4.000000e+00 -3.916336e+00 8.138241e-01
         vertex 0.000000e+00 -3.990675e+00 2.729697e-01
      endloop
   endfacet
   facet normal 0.000000e+00 9.906860e-01 -1.361665e-01
      outer loop
         vertex 0.000000e+00 -3.990675e+00 2.729697e-01
         vertex 4.000000e+00 -3.916336e+00 8.138241e-01
         vertex 4.000000e+00 -3.990675e+00 2.729697e-01
      endloop
   endfacet
   facet normal -0.000000e+00 1.000000e+00 0.000000e+00
      outer loop
         vertex 0.000000e+00 -3.990675e+00 2.729697e-01
         vertex 4.000000e+00 -3.990675e+00 2.729697e-01
         vertex 0.000000e+00 -3.990675e+00 -2.729697e-01
      endloop
   endfacet
   facet normal 0.000000e+00 1.000000e+00 0.000000e+00
      outer loop
         vertex 0.000000e+00 -3.990675e+00 -2.729697e-01
         vertex 4.000000e+00 -3.990675e+00 2.729697e-01
         vertex 4.000000e+00 -3.990675e+00 -2.729697e-01
      endloop
   endfacet
   facet normal -0.000000e+00 9.906860e-01 1.361665e-01
      outer loop
         vertex 0.000000e+00 -3.990675e+00 -2.729697e-01
         vertex 4.000000e+00 -3.990675e+00 -2.729697e-01
         vertex 0.000000e+00 -3.916336e+00 -8.138241e-01
      endloop
   endfacet
   facet normal -0.000000e+00 9.906860e-01 1.361665e-01
      outer loop
         vertex 0.000000e+00 -3.916336e+00 -8.138241e-01
         vertex 4.000000e+00 -3.990675e+00 -2.729697e-01
         vertex 4.000000e+00 -3.916336e+00 -8.138241e-01
      endloop
   endfacet
   facet normal -0.000000e+00 9.629173e-01 2.697967e-01
      outer loop
         vertex 0.000000e+00 -3.916336e+00 -8.138241e-01
         vertex 4.000000e+00 -3.916336e+00 -8.138241e-01
         vertex 0.000000e+00 -3.769044e+00 -1.339518e+00
      endloop
   endfacet
   facet normal -0.000000e+00 9.629173e-01 2.697967e-01
      outer loop
         vertex 0.000000e+00 -3.769044e+00 -1.339518e+00
         vertex 4.000000e+00 -3.916336e+00 -8.138241e-01
         vertex 4.000000e+00 -3.769044e+00 -1.339518e+00
      endloop
   endfacet
   facet normal -0.000000e+00 9.172114e-01 3.984010e-01
      outer loop
         vertex 0.000000e+00 -3.769044e+00 -1.339518e+00
         vertex 4.000000e+00 -3.769044e+00 -1.339518e+00
         vertex 0.000000e+00 -3.551541e+00 -1.840260e+00
      endloop
   endfacet
   facet normal -0.000000e+00 9.172114e-01 3.984010e-01
      outer loop
         vertex 0.000000e+00 -3.551541e+00 -1.840260e+00
         vertex 4.000000e+00 -3.769044e+00 -1.339518e+00
         vertex 4.000000e+00 -3.551541e+00 -1.840260e+00
      endloop
   endfacet
   facet normal -0.000000e+00 8.544194e-01 5.195840e-01
      outer loop
         vertex 0.000000e+00 -3.551541e+00 -1.840260e+00
         vertex 4.000000e+00 -3.551541e+00 -1.840260e+00
         vertex 0.000000e+00 -3.267880e+00 -2.306721e+00
      endloop
   endfacet
   facet normal -0.000000e+00 8.544194e-01 5.195840e-01
      outer loop
         vertex 0.000000e+00 -3.267880e+00 -2.306721e+00
         vertex 4.000000e+00 -3.551541e+00 -1.840260e+00
         vertex 4.000000e+00 -3.267880e+00 -2.306721e+00
      endloop
   endfacet
   facet normal -0.000000e+00 7.757113e-01 6.310879e-01
      outer loop
         vertex 0.000000e+00 -3.267880e+00 -2.306721e+00
         vertex 4.000000e+00 -3.267880e+00 -2.306721e+00
         vertex 0.000000e+00 -2.923344e+00 -2.730213e+00
      endloop
   endfacet
   facet normal -0.000000e+00 7.757113e-01 6.310879e-01
      outer loop
         vertex 0.000000e+00 -2.923344e+00 -2.730213e+00
         vertex 4.000000e+00 -3.267880e+00 -2.306721e+00
         vertex 4.000000e+00 -2.923344e+00 -2.730213e+00
      endloop
   endfacet
   facet normal -0.000000e+00 6.825529e-01 7.308361e-01
      outer loop
         vertex 0.000000e+00 -2.923344e+00 -2.730213e+00
         vertex 4.000000e+00 -2.923344e+00 -2.730213e+00
         vertex 0.000000e+00 -2.524352e+00 -3.102845e+00
      endloop
   endfacet
   facet normal -0.000000e+00 6.825529e-01 7.308361e-01
      outer loop
         vertex 0.000000e+00 -2.524352e+00 -3.102845e+00
         vertex 4.000000e+00 -2.923344e+00 -2.730213e+00
         vertex 4.000000e+00 -2.524352e+00 -3.102845e+00
      endloop
   endfacet
   facet normal -0.000000e+00 5.766806e-01 8.169697e-01
      outer loop
         vertex 0.000000e+00 -2.524352e+00 -3.102845e+00
         vertex 4.000000e+00 -2.524352e+00 -3.102845e+00
         vertex 0.000000e+00 -2.078336e+00 -3.417678e+00
      endloop
   endfacet
   facet normal -0.000000e+00 5.766806e-01 8.169697e-01
      outer loop
         vertex 0.000000e+00 -2.078336e+00 -3.417678e+00
         vertex 4.000000e+00 -2.524352e+00 -3.102845e+00
         vertex 4.000000e+00 -2.078336e+00 -3.417678e+00
      endloop
   endfacet
   facet normal -0.000000e+00 4.600649e-01 8.878853e-01
      outer loop
         vertex 0.000000e+00 -2.078336e+00 -3.417678e+00
         vertex 4.000000e+00 -2.078336e+00 -3.417678e+00
         vertex 0.000000e+00 -1.593604e+00 -3.668845e+00
      endloop
   endfacet
   facet normal -0.000000e+00 4.600649e-01 8.878853e-01
      outer loop
         vertex 0.000000e+00 -1.593604e+00 -3.668845e+00
         vertex 4.000000e+00 -2.078336e+00 -3.417678e+00
         vertex 4.000000e+00 -1.593604e+00 -3.668845e+00
      endloop
   endfacet
   facet normal -0.000000e+00 3.348796e-01 9.422609e-01
      outer loop
         vertex 0.000000e+00 -1.593604e+00 -3.668845e+00
         vertex 4.000000e+00 -1.593604e+00 -3.668845e+00
         vertex 0.000000e+00 -1.079187e+00 -3.851669e+00
      endloop
   endfacet
   facet normal -0.000000e+00 3.348796e-01 9.422609e-01
      outer loop
         vertex 0.000000e+00 -1.079187e+00 -3.851669e+00
         vertex 4.000000e+00 -1.593604e+00 -3.668845e+00
         vertex 4.000000e+00 -1.079187e+00 -3.851669e+00
      endloop
   endfacet
   facet normal -0.000000e+00 2.034557e-01 9.790842e-01
      outer loop
         vertex 0.000000e+00 -1.079187e+00 -3.851669e+00
         vertex 4.000000e+00 -1.079187e+00 -3.851669e+00
         vertex 0.000000e+00 -5.446666e-01 -3.962744e+00
      endloop
   endfacet
   facet normal -0.000000e+00 2.034557e-01 9.790842e-01
      outer loop
         vertex 0.000000e+00 -5.446666e-01 -3.962744e+00
         vertex 4.000000e+00 -1.079187e+00 -3.851669e+00
         vertex 4.000000e+00 -5.446666e-01 -3.962744e+00
      endloop
   endfacet
   facet normal -0.000000e+00 6.824316e-02 9.976687e-01
      outer loop
         vertex 0.000000e+00 -5.446666e-01 -3.962744e+00
         vertex 4.000000e+00 -5.446666e-01 -3.962744e+00
         vertex 0.000000e+00 -9.797175e-16 -4.000000e+00
      endloop
   endfacet
   facet normal -0.000000e+00 6.824316e-02 9.976687e-01
      outer loop
         vertex 0.000000e+00 -9.797175e-16 -4.000000e+00
         vertex 4.000000e+00 -5.446666e-01 -3.962744e+00
         vertex 4.000000e+00 -9.797175e-16 -4.000000e+00
      endloop
   endfacet
   facet normal 1.000000e+00 0.000000e+00 0.000000e+00
      outer loop
         vertex 4.000000e+00 -3.769044e+00 -1.339518e+00
         vertex 4.000000e+00 -5.050188e+00 -2.178439e+00
         vertex 4.000000e+00 -3.551541e+00 -1.840260e+00
      endloop
   endfacet
   facet normal 1.000000e+00 0.000000e+00 0.000000e+00
      outer loop
         vertex 4.000000e+00 -3.551541e+00 -1.840260e+00
         vertex 4.000000e+00 -5.050188e+00 -2.178439e+00
         vertex 4.000000e+00 -4.763140e+00 -2.750000e+00
      endloop
   endfacet
   facet normal 1.000000e+00 0.000000e+00 0.000000e+00
      outer loop
         vertex 4.000000e+00 -3.551541e+00 -1.840260e+00
         vertex 4.000000e+00 -4.763140e+00 -2.750000e+00
         vertex 4.000000e+00 -3.267880e+00 -2.306721e+00
      endloop
   endfacet
   facet normal 1.000000e+00 0.000000e+00 0.000000e+00
      outer loop
         vertex 4.000000e+00 -3.267880e+00 -2.306721e+00
         vertex 4.000000e+00 -4.763140e+00 -2.750000e+00
         vertex 4.000000e+00 -4.411677e+00 -3.284372e+00
      endloop
   endfacet
   facet normal 1.000000e+00 0.000000e+00 0.000000e+00
      outer loop
         vertex 4.000000e+00 -3.267880e+00 -2.306721e+00
         vertex 4.000000e+00 -4.411677e+00 -3.284372e+00
         vertex 4.000000e+00 -2.923344e+00 -2.730213e+00
      endloop
   endfacet
   facet normal 1.000000e+00 0.000000e+00 0.000000e+00
      outer loop
         vertex 4.000000e+00 -2.923344e+00 -2.730213e+00
         vertex 4.000000e+00 -4.411677e+00 -3.284372e+00
         vertex 4.000000e+00 -4.000555e+00 -3.774329e+00
      endloop
   endfacet
   facet normal 1.000000e+00 0.000000e+00 0.000000e+00
      outer loop
         vertex 4.000000e+00 -2.923344e+00 -2.730213e+00
         vertex 4.000000e+00 -4.000555e+00 -3.774329e+00
         vertex 4.000000e+00 -2.524352e+00 -3.102845e+00
      endloop
   endfacet
   facet normal 1.000000e+00 0.000000e+00 0.000000e+00
      outer loop
         vertex 4.000000e+00 -2.524352e+00 -3.102845e+00
         vertex 4.000000e+00 -4.000555e+00 -3.774329e+00
         vertex 4.000000e+00 -3.535332e+00 -4.213245e+00
      endloop
   endfacet
   facet normal 1.000000e+00 0.000000e+00 0.000000e+00
      outer loop
         vertex 4.000000e+00 -2.524352e+00 -3.102845e+00
         vertex 4.000000e+00 -3.535332e+00 -4.213245e+00
         vertex 4.000000e+00 -2.078336e+00 -3.417678e+00
      endloop
   endfacet
   facet normal 1.000000e+00 0.000000e+00 0.000000e+00
      outer loop
         vertex 4.000000e+00 -2.078336e+00 -3.417678e+00
         vertex 4.000000e+00 -3.535332e+00 -4.213245e+00
         vertex 4.000000e+00 -3.022299e+00 -4.595183e+00
      endloop
   endfacet
   facet normal 1.000000e+00 0.000000e+00 0.000000e+00
      outer loop
         vertex 4.000000e+00 -2.078336e+00 -3.417678e+00
         vertex 4.000000e+00 -3.022299e+00 -4.595183e+00
         vertex 4.000000e+00 -1.593604e+00 -3.668845e+00
      endloop
   endfacet
   facet normal 1.000000e+00 0.000000e+00 0.000000e+00
      outer loop
         vertex 4.000000e+00 -3.551541e+00 1.840260e+00
         vertex 4.000000e+00 -5.050188e+00 2.178439e+00
         vertex 4.000000e+00 -3.769044e+00 1.339518e+00
      endloop
   endfacet
   facet normal 1.000000e+00 0.000000e+00 0.000000e+00
      outer loop
         vertex 4.000000e+00 -3.769044e+00 1.339518e+00
         vertex 4.000000e+00 -5.050188e+00 2.178439e+00
         vertex 4.000000e+00 -5.268942e+00 1.577418e+00
      endloop
   endfacet
   facet normal 1.000000e+00 0.000000e+00 0.000000e+00
      outer loop
         vertex 4.000000e+00 -3.769044e+00 1.339518e+00
         vertex 4.000000e+00 -5.268942e+00 1.577418e+00
         vertex 4.000000e+00 -3.916336e+00 8.138241e-01
      endloop
   endfacet
   facet normal 1.000000e+00 0.000000e+00 0.000000e+00
      outer loop
         vertex 4.000000e+00 -3.916336e+00 8.138241e-01
         vertex 4.000000e+00 -5.268942e+00 1.577418e+00
         vertex 4.000000e+00 -5.416443e+00 9.550650e-01
      endloop
   endfacet
   facet normal 1.000000e+00 0.000000e+00 0.000000e+00
      outer loop
         vertex 4.000000e+00 -3.916336e+00 8.138241e-01
         vertex 4.000000e+00 -5.416443e+00 9.550650e-01
         vertex 4.000000e+00 -3.990675e+00 2.729697e-01
      endloop
   endfacet
   facet normal 1.000000e+00 0.000000e+00 0.000000e+00
      outer loop
         vertex 4.000000e+00 -3.990675e+00 2.729697e-01
         vertex 4.000000e+00 -5.416443e+00 9.550650e-01
         vertex 4.000000e+00 -5.490695e+00 3.197966e-01
      endloop
   endfacet
   facet normal 1.000000e+00 0.000000e+00 0.000000e+00
      outer loop
         vertex 4.000000e+00 -3.990675e+00 2.729697e-01
         vertex 4.000000e+00 -5.490695e+00 3.197966e-01
         vertex 4.000000e+00 -3.990675e+00 -2.729697e-01
      endloop
   endfacet
   facet normal 1.000000e+00 0.000000e+00 0.000000e+00
      outer loop
         vertex 4.000000e+00 -3.990675e+00 -2.729697e-01
         vertex 4.000000e+00 -5.490695e+00 3.197966e-01
         vertex 4.000000e+00 -5.490695e+00 -3.197966e-01
      endloop
   endfacet
   facet normal 1.000000e+00 0.000000e+00 0.000000e+00
      outer loop
         vertex 4.000000e+00 -3.990675e+00 -2.729697e-01
         vertex 4.000000e+00 -5.490695e+00 -3.197966e-01
         vertex 4.000000e+00 -3.916336e+00 -8.138241e-01
      endloop
   endfacet
   facet normal 1.000000e+00 0.000000e+00 0.000000e+00
      outer loop
         vertex 4.000000e+00 -3.916336e+00 -8.138241e-01
         vertex 4.000000e+00 -5.490695e+00 -3.197966e-01
         vertex 4.000000e+00 -5.416443e+00 -9.550650e-01
      endloop
   endfacet
   facet normal 1.000000e+00 0.000000e+00 0.000000e+00
      outer loop
         vertex 4.000000e+00 -3.916336e+00 -8.138241e-01
         vertex 4.000000e+00 -5.416443e+00 -9.550650e-01
         vertex 4.000000e+00 -3.769044e+00 -1.339518e+00
      endloop
   endfacet
   facet normal 1.000000e+00 0.000000e+00 0.000000e+00
      outer loop
         vertex 4.000000e+00 -3.769044e+00 -1.339518e+00
         vertex 4.000000e+00 -5.416443e+00 -9.550650e-01
         vertex 4.000000e+00 -5.268942e+00 -1.577418e+00
      endloop
   endfacet
   facet normal 1.000000e+00 0.000000e+00 0.000000e+00
      outer loop
         vertex 4.000000e+00 -3.769044e+00 -1.339518e+00
         vertex 4.000000e+00 -5.268942e+00 -1.577418e+00
         vertex 4.000000e+00 -5.050188e+00 -2.178439e+00
      endloop
   endfacet
   facet normal 1.000000e+00 0.000000e+00 -0.000000e+00
      outer loop
         vertex 4.000000e+00 3.769044e+00 1.339518e+00
         vertex 4.000000e+00 5.050188e+00 2.178439e+00
         vertex 4.000000e+00 3.551541e+00 1.840260e+00
      endloop
   endfacet
   facet normal 1.000000e+00 0.000000e+00 0.000000e+00
      outer loop
         vertex 4.000000e+00 3.551541e+00 1.840260e+00
         vertex 4.000000e+00 5.050188e+00 2.178439e+00
         vertex 4.000000e+00 4.763140e+00 2.750000e+00
      endloop
   endfacet
   facet normal 1.000000e+00 0.000000e+00 -0.000000e+00
      outer loop
         vertex 4.000000e+00 3.551541e+00 1.840260e+00
         vertex 4.000000e+00 4.763140e+00 2.750000e+00
         vertex 4.000000e+00 3.267880e+00 2.306721e+00
      endloop
   endfacet
   facet normal 1.000000e+00 0.000000e+00 0.000000e+00
      outer loop
         vertex 4.000000e+00 3.267880e+00 2.306721e+00
         vertex 4.000000e+00 4.763140e+00 2.750000e+00
         vertex 4.000000e+00 4.411677e+00 3.284372e+00
      endloop
   endfacet
   facet normal 1.000000e+00 0.000000e+00 -0.000000e+00
      outer loop
         vertex 4.000000e+00 3.267880e+00 2.306721e+00
         vertex 4.000000e+00 4.411677e+00 3.284372e+00
         vertex 4.000000e+00 2.923344e+00 2.730213e+00
      endloop
   endfacet
   facet normal 1.000000e+00 0.000000e+00 0.000000e+00
      outer loop
         vertex 4.000000e+00 2.923344e+00 2.730213e+00
         vertex 4.000000e+00 4.411677e+00 3.284372e+00
         vertex 4.000000e+00 4.000555e+00 3.774329e+00
      endloop
   endfacet
   facet normal 1.000000e+00 0.000000e+00 -0.000000e+00
      outer loop
         vertex 4.000000e+00 2.923344e+00 2.730213e+00
         vertex 4.000000e+00 4.000555e+00 3.774329e+00
         vertex 4.000000e+00 2.524352e+00 3.102845e+00
      endloop
   endfacet
   facet normal 1.000000e+00 0.000000e+00 0.000000e+00
      outer loop
         vertex 4.000000e+00 2.524352e+00 3.102845e+00
         vertex 4.000000e+00 4.000555e+00 3.774329e+00
         vertex 4.000000e+00 3.535332e+00 4.213245e+00
      endloop
   endfacet
   facet normal 1.000000e+00 0.000000e+00 -0.000000e+00
      outer loop
         vertex 4.000000e+00 2.524352e+00 3.102845e+00
         vertex 4.000000e+00 3.535332e+00 4.213245e+00
         vertex 4.000000e+00 2.078336e+00 3.417678e+00
      endloop
   endfacet
   facet normal 1.000000e+00 0.000000e+00 0.000000e+00
      outer loop
         vertex 4.000000e+00 2.078336e+00 3.417678e+00
         vertex 4.000000e+00 3.535332e+00 4.213245e+00
         vertex 4.000000e+00 3.022299e+00 4.595183e+00
      endloop
   endfacet
   facet normal 1.000000e+00 0.000000e+00 -0.000000e+00
      outer loop
         vertex 4.000000e+00 2.078336e+00 3.417678e+00
         vertex 4.000000e+00 3.022299e+00 4.595183e+00
         vertex 4.000000e+00 1.593604e+00 3.668845e+00
      endloop
   endfacet
   facet normal 1.000000e+00 -0.000000e+00 0.000000e+00
      outer loop
         vertex 4.000000e+00 -3.022299e+00 -4.595183e+00
         vertex 4.000000e+00 -2.468396e+00 -4.914979e+00
         vertex 4.000000e+00 -1.593604e+00 -3.668845e+00
      endloop
   endfacet
   facet normal 1.000000e+00 0.000000e+00 0.000000e+00
      outer loop
         vertex 4.000000e+00 -1.593604e+00 -3.668845e+00
         vertex 4.000000e+00 -2.468396e+00 -4.914979e+00
         vertex 4.000000e+00 -1.881111e+00 -5.168309e+00
      endloop
   endfacet
   facet normal 1.000000e+00 0.000000e+00 0.000000e+00
      outer loop
         vertex 4.000000e+00 -1.593604e+00 -3.668845e+00
         vertex 4.000000e+00 -1.881111e+00 -5.168309e+00
         vertex 4.000000e+00 -1.079187e+00 -3.851669e+00
      endloop
   endfacet
   facet normal 1.000000e+00 0.000000e+00 0.000000e+00
      outer loop
         vertex 4.000000e+00 -1.079187e+00 -3.851669e+00
         vertex 4.000000e+00 -1.881111e+00 -5.168309e+00
         vertex 4.000000e+00 -1.268387e+00 -5.351747e+00
      endloop
   endfacet
   facet normal 1.000000e+00 0.000000e+00 0.000000e+00
      outer loop
         vertex 4.000000e+00 -1.079187e+00 -3.851669e+00
         vertex 4.000000e+00 -1.268387e+00 -5.351747e+00
         vertex 4.000000e+00 -5.446666e-01 -3.962744e+00
      endloop
   endfacet
   facet normal 1.000000e+00 0.000000e+00 0.000000e+00
      outer loop
         vertex 4.000000e+00 -5.446666e-01 -3.962744e+00
         vertex 4.000000e+00 -1.268387e+00 -5.351747e+00
         vertex 4.000000e+00 -6.385110e-01 -5.462811e+00
      endloop
   endfacet
   facet normal 1.000000e+00 0.000000e+00 0.000000e+00
      outer loop
         vertex 4.000000e+00 -5.446666e-01 -3.962744e+00
         vertex 4.000000e+00 -6.385110e-01 -5.462811e+00
         vertex 4.000000e+00 -9.797175e-16 -4.000000e+00
      endloop
   endfacet
   facet normal 1.000000e+00 0.000000e+00 0.000000e+00
      outer loop
         vertex 4.000000e+00 -9.797175e-16 -4.000000e+00
         vertex 4.000000e+00 -6.385110e-01 -5.462811e+00
         vertex 4.000000e+00 6.735558e-16 -5.500000e+00
      endloop
   endfacet
   facet normal 1.000000e+00 -0.000000e+00 0.000000e+00
      outer loop
         vertex 4.000000e+00 -9.797175e-16 -4.000000e+00
         vertex 4.000000e+00 6.735558e-16 -5.500000e+00
         vertex 4.000000e+00 5.446666e-01 -3.962744e+00
      endloop
   endfacet
   facet normal 1.000000e+00 0.000000e+00 0.000000e+00
      outer loop
         vertex 4.000000e+00 5.446666e-01 -3.962744e+00
         vertex 4.000000e+00 6.735558e-16 -5.500000e+00
         vertex 4.000000e+00 6.385110e-01 -5.462811e+00
      endloop
   endfacet
   facet normal 1.000000e+00 -0.000000e+00 0.000000e+00
      outer loop
         vertex 4.000000e+00 5.446666e-01 -3.962744e+00
         vertex 4.000000e+00 6.385110e-01 -5.462811e+00
         vertex 4.000000e+00 1.079187e+00 -3.851669e+00
      endloop
   endfacet
   facet normal 1.000000e+00 -0.000000e+00 0.000000e+00
      outer loop
         vertex 4.000000e+00 3.551541e+00 -1.840260e+00
         vertex 4.000000e+00 5.050188e+00 -2.178439e+00
         vertex 4.000000e+00 3.769044e+00 -1.339518e+00
      endloop
   endfacet
   facet normal 1.000000e+00 0.000000e+00 0.000000e+00
      outer loop
         vertex 4.000000e+00 3.769044e+00 -1.339518e+00
         vertex 4.000000e+00 5.050188e+00 -2.178439e+00
         vertex 4.000000e+00 5.268942e+00 -1.577418e+00
      endloop
   endfacet
   facet normal 1.000000e+00 -0.000000e+00 0.000000e+00
      outer loop
         vertex 4.000000e+00 3.769044e+00 -1.339518e+00
         vertex 4.000000e+00 5.268942e+00 -1.577418e+00
         vertex 4.000000e+00 3.916336e+00 -8.138241e-01
      endloop
   endfacet
   facet normal 1.000000e+00 0.000000e+00 0.000000e+00
      outer loop
         vertex 4.000000e+00 3.916336e+00 -8.138241e-01
         vertex 4.000000e+00 5.268942e+00 -1.577418e+00
         vertex 4.000000e+00 5.416443e+00 -9.550650e-01
      endloop
   endfacet
   facet normal 1.000000e+00 -0.000000e+00 0.000000e+00
      outer loop
         vertex 4.000000e+00 3.916336e+00 -8.138241e-01
         vertex 4.000000e+00 5.416443e+00 -9.550650e-01
         vertex 4.000000e+00 3.990675e+00 -2.729697e-01
      endloop
   endfacet
   facet normal 1.000000e+00 0.000000e+00 0.000000e+00
      outer loop
         vertex 4.000000e+00 3.990675e+00 -2.729697e-01
         vertex 4.000000e+00 5.416443e+00 -9.550650e-01
         vertex 4.000000e+00 5.490695e+00 -3.197966e-01
      endloop
   endfacet
   facet normal 1.000000e+00 -0.000000e+00 0.000000e+00
      outer loop
         vertex 4.000000e+00 3.990675e+00 -2.729697e-01
         vertex 4.000000e+00 5.490695e+00 -3.197966e-01
         vertex 4.000000e+00 3.990675e+00 2.729697e-01
      endloop
   endfacet
   facet normal 1.000000e+00 -0.000000e+00 0.000000e+00
      outer loop
         vertex 4.000000e+00 3.990675e+00 2.729697e-01
         vertex 4.000000e+00 5.490695e+00 -3.197966e-01
         vertex 4.000000e+00 5.490695e+00 3.197966e-01
      endloop
   endfacet
   facet normal 1.000000e+00 0.000000e+00 -0.000000e+00
      outer loop
         vertex 4.000000e+00 3.990675e+00 2.729697e-01
         vertex 4.000000e+00 5.490695e+00 3.197966e-01
         vertex 4.000000e+00 3.916336e+00 8.138241e-01
      endloop
   endfacet
   facet normal 1.000000e+00 -0.000000e+00 0.000000e+00
      outer loop
         vertex 4.000000e+00 3.916336e+00 8.138241e-01
         vertex 4.000000e+00 5.490695e+00 3.197966e-01
         vertex 4.000000e+00 5.416443e+00 9.550650e-01
      endloop
   endfacet
   facet normal 1.000000e+00 0.000000e+00 -0.000000e+00
      outer loop
         vertex 4.000000e+00 3.916336e+00 8.138241e-01
         vertex 4.000000e+00 5.416443e+00 9.550650e-01
         vertex 4.000000e+00 3.769044e+00 1.339518e+00
      endloop
   endfacet
   facet normal 1.000000e+00 -0.000000e+00 0.000000e+00
      outer loop
         vertex 4.000000e+00 3.769044e+00 1.339518e+00
         vertex 4.000000e+00 5.416443e+00 9.550650e-01
         vertex 4.000000e+00 5.268942e+00 1.577418e+00
      endloop
   endfacet
   facet normal 1.000000e+00 0.000000e+00 0.000000e+00
      outer loop
         vertex 4.000000e+00 3.769044e+00 1.339518e+00
         vertex 4.000000e+00 5.268942e+00 1.577418e+00
         vertex 4.000000e+00 5.050188e+00 2.178439e+00
      endloop
   endfacet
   facet normal 1.000000e+00 0.000000e+00 0.000000e+00
      outer loop
         vertex 4.000000e+00 6.385110e-01 -5.462811e+00
         vertex 4.000000e+00 1.268387e+00 -5.351747e+00
         vertex 4.000000e+00 1.079187e+00 -3.851669e+00
      endloop
   endfacet
   facet normal 1.000000e+00 0.000000e+00 0.000000e+00
      outer loop
         vertex 4.000000e+00 1.079187e+00 -3.851669e+00
         vertex 4.000000e+00 1.268387e+00 -5.351747e+00
         vertex 4.000000e+00 1.881111e+00 -5.168309e+00
      endloop
   endfacet
   facet normal 1.000000e+00 -0.000000e+00 0.000000e+00
      outer loop
         vertex 4.000000e+00 1.079187e+00 -3.851669e+00
         vertex 4.000000e+00 1.881111e+00 -5.168309e+00
         vertex 4.000000e+00 1.593604e+00 -3.668845e+00
      endloop
   endfacet
   facet normal 1.000000e+00 0.000000e+00 0.000000e+00
      outer loop
         vertex 4.000000e+00 1.593604e+00 -3.668845e+00
         vertex 4.000000e+00 1.881111e+00 -5.168309e+00
         vertex 4.000000e+00 2.468396e+00 -4.914979e+00
      endloop
   endfacet
   facet normal 1.000000e+00 -0.000000e+00 0.000000e+00
      outer loop
         vertex 4.000000e+00 1.593604e+00 -3.668845e+00
         vertex 4.000000e+00 2.468396e+00 -4.914979e+00
         vertex 4.000000e+00 2.078336e+00 -3.417678e+00
      endloop
   endfacet
   facet normal 1.000000e+00 0.000000e+00 0.000000e+00
      outer loop
         vertex 4.000000e+00 2.078336e+00 -3.417678e+00
         vertex 4.000000e+00 2.468396e+00 -4.914979e+00
         vertex 4.000000e+00 3.022299e+00 -4.595183e+00
      endloop
   endfacet
   facet normal 1.000000e+00 -0.000000e+00 0.000000e+00
      outer loop
         vertex 4.000000e+00 2.078336e+00 -3.417678e+00
         vertex 4.000000e+00 3.022299e+00 -4.595183e+00
         vertex 4.000000e+00 2.524352e+00 -3.102845e+00
      endloop
   endfacet
   facet normal 1.000000e+00 0.000000e+00 0.000000e+00
      outer loop
         vertex 4.000000e+00 2.524352e+00 -3.102845e+00
         vertex 4.000000e+00 3.022299e+00 -4.595183e+00
         vertex 4.000000e+00 3.535332e+00 -4.213245e+00
      endloop
   endfacet
   facet normal 1.000000e+00 -0.000000e+00 0.000000e+00
      outer loop
         vertex 4.000000e+00 2.524352e+00 -3.102845e+00
         vertex 4.000000e+00 3.535332e+00 -4.213245e+00
         vertex 4.000000e+00 2.923344e+00 -2.730213e+00
      endloop
   endfacet
   facet normal 1.000000e+00 0.000000e+00 0.000000e+00
      outer loop
         vertex 4.000000e+00 2.923344e+00 -2.730213e+00
         vertex 4.000000e+00 3.535332e+00 -4.213245e+00
         vertex 4.000000e+00 4.000555e+00 -3.774329e+00
      endloop
   endfacet
   facet normal 1.000000e+00 -0.000000e+00 0.000000e+00
      outer loop
         vertex 4.000000e+00 2.923344e+00 -2.730213e+00
         vertex 4.000000e+00 4.000555e+00 -3.774329e+00
         vertex 4.000000e+00 3.267880e+00 -2.306721e+00
      endloop
   endfacet
   facet normal 1.000000e+00 0.000000e+00 0.000000e+00
      outer loop
         vertex 4.000000e+00 3.267880e+00 -2.306721e+00
         vertex 4.000000e+00 4.000555e+00 -3.774329e+00
         vertex 4.000000e+00 4.411677e+00 -3.284372e+00
      endloop
   endfacet
   facet normal 1.000000e+00 -0.000000e+00 0.000000e+00
      outer loop
         vertex 4.000000e+00 3.267880e+00 -2.306721e+00
         vertex 4.000000e+00 4.411677e+00 -3.284372e+00
         vertex 4.000000e+00 3.551541e+00 -1.840260e+00
      endloop
   endfacet
   facet normal 1.000000e+00 0.000000e+00 0.000000e+00
      outer loop
         vertex 4.000000e+00 3.551541e+00 -1.840260e+00
         vertex 4.000000e+00 4.411677e+00 -3.284372e+00
         vertex 4.000000e+00 4.763140e+00 -2.750000e+00
      endloop
   endfacet
   facet normal 1.000000e+00 0.000000e+00 0.000000e+00
      outer loop
         vertex 4.000000e+00 3.551541e+00 -1.840260e+00
         vertex 4.000000e+00 4.763140e+00 -2.750000e+00
         vertex 4.000000e+00 5.050188e+00 -2.178439e+00
      endloop
   endfacet
   facet normal 1.000000e+00 0.000000e+00 0.000000e+00
      outer loop
         vertex 4.000000e+00 -1.079187e+00 3.851669e+00
         vertex 4.000000e+00 -1.881111e+00 5.168309e+00
         vertex 4.000000e+00 -1.593604e+00 3.668845e+00
      endloop
   endfacet
   facet normal 1.000000e+00 0.000000e+00 0.000000e+00
      outer loop
         vertex 4.000000e+00 -1.593604e+00 3.668845e+00
         vertex 4.000000e+00 -1.881111e+00 5.168309e+00
         vertex 4.000000e+00 -2.468396e+00 4.914979e+00
      endloop
   endfacet
   facet normal 1.000000e+00 0.000000e+00 0.000000e+00
      outer loop
         vertex 4.000000e+00 -1.593604e+00 3.668845e+00
         vertex 4.000000e+00 -2.468396e+00 4.914979e+00
         vertex 4.000000e+00 -2.078336e+00 3.417678e+00
      endloop
   endfacet
   facet normal 1.000000e+00 0.000000e+00 0.000000e+00
      outer loop
         vertex 4.000000e+00 -2.078336e+00 3.417678e+00
         vertex 4.000000e+00 -2.468396e+00 4.914979e+00
         vertex 4.000000e+00 -3.022299e+00 4.595183e+00
      endloop
   endfacet
   facet normal 1.000000e+00 0.000000e+00 0.000000e+00
      outer loop
         vertex 4.000000e+00 -2.078336e+00 3.417678e+00
         vertex 4.000000e+00 -3.022299e+00 4.595183e+00
         vertex 4.000000e+00 -2.524352e+00 3.102845e+00
      endloop
   endfacet
   facet normal 1.000000e+00 0.000000e+00 0.000000e+00
      outer loop
         vertex 4.000000e+00 -2.524352e+00 3.102845e+00
         vertex 4.000000e+00 -3.022299e+00 4.595183e+00
         vertex 4.000000e+00 -3.535332e+00 4.213245e+00
      endloop
   endfacet
   facet normal 1.000000e+00 0.000000e+00 0.000000e+00
      outer loop
         vertex 4.000000e+00 -2.524352e+00 3.102845e+00
         vertex 4.000000e+00 -3.535332e+00 4.213245e+00
         vertex 4.000000e+00 -2.923344e+00 2.730213e+00
      endloop
   endfacet
   facet normal 1.000000e+00 0.000000e+00 0.000000e+00
      outer loop
         vertex 4.000000e+00 -2.923344e+00 2.730213e+00
         vertex 4.000000e+00 -3.535332e+00 4.213245e+00
         vertex 4.000000e+00 -4.000555e+00 3.774329e+00
      endloop
   endfacet
   facet normal 1.000000e+00 0.000000e+00 0.000000e+00
      outer loop
         vertex 4.000000e+00 -2.923344e+00 2.730213e+00
         vertex 4.000000e+00 -4.000555e+00 3.774329e+00
         vertex 4.000000e+00 -3.267880e+00 2.306721e+00
      endloop
   endfacet
   facet normal 1.000000e+00 0.000000e+00 0.000000e+00
      outer loop
         vertex 4.000000e+00 -3.267880e+00 2.306721e+00
         vertex 4.000000e+00 -4.000555e+00 3.774329e+00
         vertex 4.000000e+00 -4.411677e+00 3.284372e+00
      endloop
   endfacet
   facet normal 1.000000e+00 0.000000e+00 0.000000e+00
      outer loop
         vertex 4.000000e+00 -3.267880e+00 2.306721e+00
         vertex 4.000000e+00 -4.411677e+00 3.284372e+00
         vertex 4.000000e+00 -3.551541e+00 1.840260e+00
      endloop
   endfacet
   facet normal 1.000000e+00 0.000000e+00 0.000000e+00
      outer loop
         vertex 4.000000e+00 -3.551541e+00 1.840260e+00
         vertex 4.000000e+00 -4.411677e+00 3.284372e+00
         vertex 4.000000e+00 -4.763140e+00 2.750000e+00
      endloop
   endfacet
   facet normal 1.000000e+00 0.000000e+00 0.000000e+00
      outer loop
         vertex 4.000000e+00 -3.551541e+00 1.840260e+00
         vertex 4.000000e+00 -4.763140e+00 2.750000e+00
         vertex 4.000000e+00 -5.050188e+00 2.178439e+00
      endloop
   endfacet
   facet normal 1.000000e+00 0.000000e+00 0.000000e+00
      outer loop
         vertex 4.000000e+00 3.022299e+00 4.595183e+00
         vertex 4.000000e+00 2.468396e+00 4.914979e+00
         vertex 4.000000e+00 1.593604e+00 3.668845e+00
      endloop
   endfacet
   facet normal 1.000000e+00 0.000000e+00 0.000000e+00
      outer loop
         vertex 4.000000e+00 1.593604e+00 3.668845e+00
         vertex 4.000000e+00 2.468396e+00 4.914979e+00
         vertex 4.000000e+00 1.881111e+00 5.168309e+00
      endloop
   endfacet
   facet normal 1.000000e+00 0.000000e+00 -0.000000e+00
      outer loop
         vertex 4.000000e+00 1.593604e+00 3.668845e+00
         vertex 4.000000e+00 1.881111e+00 5.168309e+00
         vertex 4.000000e+00 1.079187e+00 3.851669e+00
      endloop
   endfacet
   facet normal 1.000000e+00 0.000000e+00 0.000000e+00
      outer loop
         vertex 4.000000e+00 1.079187e+00 3.851669e+00
         vertex 4.000000e+00 1.881111e+00 5.168309e+00
         vertex 4.000000e+00 1.268387e+00 5.351747e+00
      endloop
   endfacet
   facet normal 1.000000e+00 0.000000e+00 -0.000000e+00
      outer loop
         vertex 4.000000e+00 1.079187e+00 3.851669e+00
         vertex 4.000000e+00 1.268387e+00 5.351747e+00
         vertex 4.000000e+00 5.446666e-01 3.962744e+00
      endloop
   endfacet
   facet normal 1.000000e+00 0.000000e+00 0.000000e+00
      outer loop
         vertex 4.000000e+00 5.446666e-01 3.962744e+00
         vertex 4.000000e+00 1.268387e+00 5.351747e+00
         vertex 4.000000e+00 6.385110e-01 5.462811e+00
      endloop
   endfacet
   facet normal 1.000000e+00 0.000000e+00 -0.000000e+00
      outer loop
         vertex 4.000000e+00 5.446666e-01 3.962744e+00
         vertex 4.000000e+00 6.385110e-01 5.462811e+00
         vertex 4.000000e+00 4.898587e-16 4.000000e+00
      endloop
   endfacet
   facet normal 1.000000e+00 0.000000e+00 -0.000000e+00
      outer loop
         vertex 4.000000e+00 4.898587e-16 4.000000e+00
         vertex 4.000000e+00 6.385110e-01 5.462811e+00
         vertex 4.000000e+00 0.000000e+00 5.500000e+00
      endloop
   endfacet
   facet normal 1.000000e+00 0.000000e+00 0.000000e+00
      outer loop
         vertex 4.000000e+00 4.898587e-16 4.000000e+00
         vertex 4.000000e+00 0.000000e+00 5.500000e+00
         vertex 4.000000e+00 -5.446666e-01 3.962744e+00
      endloop
   endfacet
   facet normal 1.000000e+00 0.000000e+00 -0.000000e+00
      outer loop
         vertex 4.000000e+00 -5.446666e-01 3.962744e+00
         vertex 4.000000e+00 0.000000e+00 5.500000e+00
         vertex 4.000000e+00 -6.385110e-01 5.462811e+00
      endloop
   endfacet
   facet normal 1.000000e+00 0.000000e+00 0.000000e+00
      outer loop
         vertex 4.000000e+00 -5.446666e-01 3.962744e+00
         vertex 4.000000e+00 -6.385110e-01 5.462811e+00
         vertex 4.000000e+00 -1.079187e+00 3.851669e+00
      endloop
   endfacet
   facet normal 1.000000e+00 0.000000e+00 -0.000000e+00
      outer loop
         vertex 4.000000e+00 -1.079187e+00 3.851669e+00
         vertex 4.000000e+00 -6.385110e-01 5.462811e+00
         vertex 4.000000e+00 -1.268387e+00 5.351747e+00
      endloop
   endfacet
   facet normal 1.000000e+00 0.000000e+00 0.000000e+00
      outer loop
         vertex 4.000000e+00 -1.079187e+00 3.851669e+00
         vertex 4.000000e+00 -1.268387e+00 5.351747e+00
         vertex 4.000000e+00 -1.881111e+00 5.168309e+00
      endloop
   endfacet
   facet normal 0.000000e+00 2.574844e-02 -9.996685e-01
      outer loop
         vertex 1.000000e+00 3.603513e-01 -6.990719e+00
         vertex 1.000000e+00 8.572528e-16 -7.000000e+00
         vertex 0.000000e+00 8.572528e-16 -7.000000e+00
      endloop
   endfacet
   facet normal 0.000000e+00 -2.574844e-02 -9.996685e-01
      outer loop
         vertex 0.000000e+00 8.572528e-16 -7.000000e+00
         vertex 1.000000e+00 8.572528e-16 -7.000000e+00
         vertex 0.000000e+00 -3.603513e-01 -6.990719e+00
      endloop
   endfacet
   facet normal 0.000000e+00 -2.574844e-02 -9.996685e-01
      outer loop
         vertex 1.000000e+00 8.572528e-16 -7.000000e+00
         vertex 1.000000e+00 -3.603513e-01 -6.990719e+00
         vertex 0.000000e+00 -3.603513e-01 -6.990719e+00
      endloop
   endfacet
   facet normal 0.000000e+00 -1.028212e-01 -9.946999e-01
      outer loop
         vertex 0.000000e+00 -3.603513e-01 -6.990719e+00
         vertex 1.000000e+00 -3.603513e-01 -6.990719e+00
         vertex 1.000000e+00 -1.077234e+00 -6.916615e+00
      endloop
   endfacet
   facet normal 0.000000e+00 -1.028212e-01 -9.946999e-01
      outer loop
         vertex 0.000000e+00 -3.603513e-01 -6.990719e+00
         vertex 1.000000e+00 -1.077234e+00 -6.916615e+00
         vertex 0.000000e+00 -1.077234e+00 -6.916615e+00
      endloop
   endfacet
   facet normal 0.000000e+00 -2.045517e-01 -9.788558e-01
      outer loop
         vertex 0.000000e+00 -1.077234e+00 -6.916615e+00
         vertex 1.000000e+00 -1.077234e+00 -6.916615e+00
         vertex 1.000000e+00 -1.782698e+00 -6.769194e+00
      endloop
   endfacet
   facet normal 0.000000e+00 -2.045517e-01 -9.788558e-01
      outer loop
         vertex 0.000000e+00 -1.077234e+00 -6.916615e+00
         vertex 1.000000e+00 -1.782698e+00 -6.769194e+00
         vertex 0.000000e+00 -1.782698e+00 -6.769194e+00
      endloop
   endfacet
   facet normal 0.000000e+00 -3.041150e-01 -9.526353e-01
      outer loop
         vertex 0.000000e+00 -1.782698e+00 -6.769194e+00
         vertex 1.000000e+00 -1.782698e+00 -6.769194e+00
         vertex 1.000000e+00 -2.469265e+00 -6.550018e+00
      endloop
   endfacet
   facet normal 0.000000e+00 -3.041150e-01 -9.526353e-01
      outer loop
         vertex 0.000000e+00 -1.782698e+00 -6.769194e+00
         vertex 1.000000e+00 -2.469265e+00 -6.550018e+00
         vertex 0.000000e+00 -2.469265e+00 -6.550018e+00
      endloop
   endfacet
   facet normal 0.000000e+00 -4.004537e-01 -9.163170e-01
      outer loop
         vertex 0.000000e+00 -2.469265e+00 -6.550018e+00
         vertex 1.000000e+00 -2.469265e+00 -6.550018e+00
         vertex 1.000000e+00 -3.129657e+00 -6.261410e+00
      endloop
   endfacet
   facet normal 0.000000e+00 -4.004537e-01 -9.163170e-01
      outer loop
         vertex 0.000000e+00 -2.469265e+00 -6.550018e+00
         vertex 1.000000e+00 -3.129657e+00 -6.261410e+00
         vertex 0.000000e+00 -3.129657e+00 -6.261410e+00
      endloop
   endfacet
   facet normal 0.000000e+00 -4.925481e-01 -8.702852e-01
      outer loop
         vertex 0.000000e+00 -3.129657e+00 -6.261410e+00
         vertex 1.000000e+00 -3.129657e+00 -6.261410e+00
         vertex 1.000000e+00 -3.756873e+00 -5.906429e+00
      endloop
   endfacet
   facet normal 0.000000e+00 -4.925481e-01 -8.702852e-01
      outer loop
         vertex 0.000000e+00 -3.129657e+00 -6.261410e+00
         vertex 1.000000e+00 -3.756873e+00 -5.906429e+00
         vertex 0.000000e+00 -3.756873e+00 -5.906429e+00
      endloop
   endfacet
   facet normal 0.000000e+00 -5.794214e-01 -8.150281e-01
      outer loop
         vertex 0.000000e+00 -3.756873e+00 -5.906429e+00
         vertex 1.000000e+00 -3.756873e+00 -5.906429e+00
         vertex 1.000000e+00 -4.344266e+00 -5.488839e+00
      endloop
   endfacet
   facet normal 0.000000e+00 -5.794214e-01 -8.150281e-01
      outer loop
         vertex 0.000000e+00 -3.756873e+00 -5.906429e+00
         vertex 1.000000e+00 -4.344266e+00 -5.488839e+00
         vertex 0.000000e+00 -4.344266e+00 -5.488839e+00
      endloop
   endfacet
   facet normal 0.000000e+00 -6.601518e-01 -7.511322e-01
      outer loop
         vertex 0.000000e+00 -4.344266e+00 -5.488839e+00
         vertex 1.000000e+00 -4.344266e+00 -5.488839e+00
         vertex 1.000000e+00 -4.885609e+00 -5.013065e+00
      endloop
   endfacet
   facet normal 0.000000e+00 -6.601518e-01 -7.511322e-01
      outer loop
         vertex 0.000000e+00 -4.344266e+00 -5.488839e+00
         vertex 1.000000e+00 -4.885609e+00 -5.013065e+00
         vertex 0.000000e+00 -4.885609e+00 -5.013065e+00
      endloop
   endfacet
   facet normal 0.000000e+00 -7.338854e-01 -6.792733e-01
      outer loop
         vertex 0.000000e+00 -4.885609e+00 -5.013065e+00
         vertex 1.000000e+00 -4.885609e+00 -5.013065e+00
         vertex 1.000000e+00 -5.375163e+00 -4.484152e+00
      endloop
   endfacet
   facet normal 0.000000e+00 -7.338854e-01 -6.792733e-01
      outer loop
         vertex 0.000000e+00 -4.885609e+00 -5.013065e+00
         vertex 1.000000e+00 -5.375163e+00 -4.484152e+00
         vertex 0.000000e+00 -5.375163e+00 -4.484152e+00
      endloop
   endfacet
   facet normal 0.000000e+00 -7.998392e-01 -6.002143e-01
      outer loop
         vertex 0.000000e+00 -5.375163e+00 -4.484152e+00
         vertex 1.000000e+00 -5.375163e+00 -4.484152e+00
         vertex 1.000000e+00 -5.807739e+00 -3.907706e+00
      endloop
   endfacet
   facet normal 0.000000e+00 -7.998392e-01 -6.002143e-01
      outer loop
         vertex 0.000000e+00 -5.375163e+00 -4.484152e+00
         vertex 1.000000e+00 -5.807739e+00 -3.907706e+00
         vertex 0.000000e+00 -5.807739e+00 -3.907706e+00
      endloop
   endfacet
   facet normal 0.000000e+00 -8.573147e-01 -5.147926e-01
      outer loop
         vertex 0.000000e+00 -5.807739e+00 -3.907706e+00
         vertex 1.000000e+00 -5.807739e+00 -3.907706e+00
         vertex 1.000000e+00 -6.178752e+00 -3.289837e+00
      endloop
   endfacet
   facet normal 0.000000e+00 -8.573147e-01 -5.147926e-01
      outer loop
         vertex 0.000000e+00 -5.807739e+00 -3.907706e+00
         vertex 1.000000e+00 -6.178752e+00 -3.289837e+00
         vertex 0.000000e+00 -6.178752e+00 -3.289837e+00
      endloop
   endfacet
   facet normal 0.000000e+00 -9.057023e-01 -4.239144e-01
      outer loop
         vertex 0.000000e+00 -6.178752e+00 -3.289837e+00
         vertex 1.000000e+00 -6.178752e+00 -3.289837e+00
         vertex 1.000000e+00 -6.484268e+00 -2.637095e+00
      endloop
   endfacet
   facet normal 0.000000e+00 -9.057023e-01 -4.239144e-01
      outer loop
         vertex 0.000000e+00 -6.178752e+00 -3.289837e+00
         vertex 1.000000e+00 -6.484268e+00 -2.637095e+00
         vertex 0.000000e+00 -6.484268e+00 -2.637095e+00
      endloop
   endfacet
   facet normal 0.000000e+00 -9.444892e-01 -3.285424e-01
      outer loop
         vertex 0.000000e+00 -6.484268e+00 -2.637095e+00
         vertex 1.000000e+00 -6.484268e+00 -2.637095e+00
         vertex 1.000000e+00 -6.721049e+00 -1.956400e+00
      endloop
   endfacet
   facet normal 0.000000e+00 -9.444892e-01 -3.285424e-01
      outer loop
         vertex 0.000000e+00 -6.484268e+00 -2.637095e+00
         vertex 1.000000e+00 -6.721049e+00 -1.956400e+00
         vertex 0.000000e+00 -6.721049e+00 -1.956400e+00
      endloop
   endfacet
   facet normal 0.000000e+00 -9.732644e-01 -2.296877e-01
      outer loop
         vertex 0.000000e+00 -6.721049e+00 -1.956400e+00
         vertex 1.000000e+00 -6.721049e+00 -1.956400e+00
         vertex 1.000000e+00 -6.886586e+00 -1.254965e+00
      endloop
   endfacet
   facet normal 0.000000e+00 -9.732644e-01 -2.296877e-01
      outer loop
         vertex 0.000000e+00 -6.721049e+00 -1.956400e+00
         vertex 1.000000e+00 -6.886586e+00 -1.254965e+00
         vertex 0.000000e+00 -6.886586e+00 -1.254965e+00
      endloop
   endfacet
   facet normal 0.000000e+00 -9.917227e-01 -1.283985e-01
      outer loop
         vertex 0.000000e+00 -6.886586e+00 -1.254965e+00
         vertex 1.000000e+00 -6.886586e+00 -1.254965e+00
         vertex 1.000000e+00 -6.979123e+00 -5.402282e-01
      endloop
   endfacet
   facet normal 0.000000e+00 -9.917227e-01 -1.283985e-01
      outer loop
         vertex 0.000000e+00 -6.886586e+00 -1.254965e+00
         vertex 1.000000e+00 -6.979123e+00 -5.402282e-01
         vertex 0.000000e+00 -6.979123e+00 -5.402282e-01
      endloop
   endfacet
   facet normal 0.000000e+00 -9.996685e-01 -2.574794e-02
      outer loop
         vertex 0.000000e+00 -6.979123e+00 -5.402282e-01
         vertex 1.000000e+00 -6.979123e+00 -5.402282e-01
         vertex 1.000000e+00 -6.997679e+00 1.802354e-01
      endloop
   endfacet
   facet normal 0.000000e+00 -9.996685e-01 -2.574794e-02
      outer loop
         vertex 0.000000e+00 -6.979123e+00 -5.402282e-01
         vertex 1.000000e+00 -6.997679e+00 1.802354e-01
         vertex 0.000000e+00 -6.997679e+00 1.802354e-01
      endloop
   endfacet
   facet normal 0.000000e+00 -9.970175e-01 7.717531e-02
      outer loop
         vertex 0.000000e+00 -6.997679e+00 1.802354e-01
         vertex 1.000000e+00 -6.997679e+00 1.802354e-01
         vertex 1.000000e+00 -6.942059e+00 8.987885e-01
      endloop
   endfacet
   facet normal 0.000000e+00 -9.970175e-01 7.717531e-02
      outer loop
         vertex 0.000000e+00 -6.997679e+00 1.802354e-01
         vertex 1.000000e+00 -6.942059e+00 8.987885e-01
         vertex 0.000000e+00 -6.942059e+00 8.987885e-01
      endloop
   endfacet
   facet normal 0.000000e+00 -9.837979e-01 1.792812e-01
      outer loop
         vertex 0.000000e+00 -6.942059e+00 8.987885e-01
         vertex 1.000000e+00 -6.942059e+00 8.987885e-01
         vertex 1.000000e+00 -6.812850e+00 1.607814e+00
      endloop
   endfacet
   facet normal 0.000000e+00 -9.837979e-01 1.792812e-01
      outer loop
         vertex 0.000000e+00 -6.942059e+00 8.987885e-01
         vertex 1.000000e+00 -6.812850e+00 1.607814e+00
         vertex 0.000000e+00 -6.812850e+00 1.607814e+00
      endloop
   endfacet
   facet normal 0.000000e+00 -9.601499e-01 2.794856e-01
      outer loop
         vertex 0.000000e+00 -6.812850e+00 1.607814e+00
         vertex 1.000000e+00 -6.812850e+00 1.607814e+00
         vertex 1.000000e+00 -6.611424e+00 2.299797e+00
      endloop
   endfacet
   facet normal 0.000000e+00 -9.601499e-01 2.794856e-01
      outer loop
         vertex 0.000000e+00 -6.812850e+00 1.607814e+00
         vertex 1.000000e+00 -6.611424e+00 2.299797e+00
         vertex 0.000000e+00 -6.611424e+00 2.299797e+00
      endloop
   endfacet
   facet normal 0.000000e+00 -9.263241e-01 3.767275e-01
      outer loop
         vertex 0.000000e+00 -6.611424e+00 2.299797e+00
         vertex 1.000000e+00 -6.611424e+00 2.299797e+00
         vertex 1.000000e+00 -6.339916e+00 2.967401e+00
      endloop
   endfacet
   facet normal 0.000000e+00 -9.263241e-01 3.767275e-01
      outer loop
         vertex 0.000000e+00 -6.611424e+00 2.299797e+00
         vertex 1.000000e+00 -6.339916e+00 2.967401e+00
         vertex 0.000000e+00 -6.339916e+00 2.967401e+00
      endloop
   endfacet
   facet normal 0.000000e+00 -8.826787e-01 4.699769e-01
      outer loop
         vertex 0.000000e+00 -6.339916e+00 2.967401e+00
         vertex 1.000000e+00 -6.339916e+00 2.967401e+00
         vertex 1.000000e+00 -6.001202e+00 3.603550e+00
      endloop
   endfacet
   facet normal 0.000000e+00 -8.826787e-01 4.699769e-01
      outer loop
         vertex 0.000000e+00 -6.339916e+00 2.967401e+00
         vertex 1.000000e+00 -6.001202e+00 3.603550e+00
         vertex 0.000000e+00 -6.001202e+00 3.603550e+00
      endloop
   endfacet
   facet normal 0.000000e+00 -8.296769e-01 5.582438e-01
      outer loop
         vertex 0.000000e+00 -6.001202e+00 3.603550e+00
         vertex 1.000000e+00 -6.001202e+00 3.603550e+00
         vertex 1.000000e+00 -5.598875e+00 4.201500e+00
      endloop
   endfacet
   facet normal 0.000000e+00 -8.296769e-01 5.582438e-01
      outer loop
         vertex 0.000000e+00 -6.001202e+00 3.603550e+00
         vertex 1.000000e+00 -5.598875e+00 4.201500e+00
         vertex 0.000000e+00 -5.598875e+00 4.201500e+00
      endloop
   endfacet
   facet normal 0.000000e+00 -7.678807e-01 6.405929e-01
      outer loop
         vertex 0.000000e+00 -5.598875e+00 4.201500e+00
         vertex 1.000000e+00 -5.598875e+00 4.201500e+00
         vertex 1.000000e+00 -5.137198e+00 4.754914e+00
      endloop
   endfacet
   facet normal 0.000000e+00 -7.678807e-01 6.405929e-01
      outer loop
         vertex 0.000000e+00 -5.598875e+00 4.201500e+00
         vertex 1.000000e+00 -5.137198e+00 4.754914e+00
         vertex 0.000000e+00 -5.137198e+00 4.754914e+00
      endloop
   endfacet
   facet normal 0.000000e+00 -6.979440e-01 7.161523e-01
      outer loop
         vertex 0.000000e+00 -5.137198e+00 4.754914e+00
         vertex 1.000000e+00 -5.137198e+00 4.754914e+00
         vertex 1.000000e+00 -4.621065e+00 5.257924e+00
      endloop
   endfacet
   facet normal 0.000000e+00 -6.979440e-01 7.161523e-01
      outer loop
         vertex 0.000000e+00 -5.137198e+00 4.754914e+00
         vertex 1.000000e+00 -4.621065e+00 5.257924e+00
         vertex 0.000000e+00 -4.621065e+00 5.257924e+00
      endloop
   endfacet
   facet normal 0.000000e+00 -6.206093e-01 7.841200e-01
      outer loop
         vertex 0.000000e+00 -4.621065e+00 5.257924e+00
         vertex 1.000000e+00 -4.621065e+00 5.257924e+00
         vertex 1.000000e+00 -4.055948e+00 5.705198e+00
      endloop
   endfacet
   facet normal 0.000000e+00 -6.206093e-01 7.841200e-01
      outer loop
         vertex 0.000000e+00 -4.621065e+00 5.257924e+00
         vertex 1.000000e+00 -4.055948e+00 5.705198e+00
         vertex 0.000000e+00 -4.055948e+00 5.705198e+00
      endloop
   endfacet
   facet normal 0.000000e+00 -5.366963e-01 8.437755e-01
      outer loop
         vertex 0.000000e+00 -4.055948e+00 5.705198e+00
         vertex 1.000000e+00 -4.055948e+00 5.705198e+00
         vertex 1.000000e+00 -3.447836e+00 6.091997e+00
      endloop
   endfacet
   facet normal 0.000000e+00 -5.366963e-01 8.437755e-01
      outer loop
         vertex 0.000000e+00 -4.055948e+00 5.705198e+00
         vertex 1.000000e+00 -3.447836e+00 6.091997e+00
         vertex 0.000000e+00 -3.447836e+00 6.091997e+00
      endloop
   endfacet
   facet normal 0.000000e+00 -4.470939e-01 8.944870e-01
      outer loop
         vertex 0.000000e+00 -3.447836e+00 6.091997e+00
         vertex 1.000000e+00 -3.447836e+00 6.091997e+00
         vertex 1.000000e+00 -2.803177e+00 6.414218e+00
      endloop
   endfacet
   facet normal 0.000000e+00 -4.470939e-01 8.944870e-01
      outer loop
         vertex 0.000000e+00 -3.447836e+00 6.091997e+00
         vertex 1.000000e+00 -2.803177e+00 6.414218e+00
         vertex 0.000000e+00 -2.803177e+00 6.414218e+00
      endloop
   endfacet
   facet normal 0.000000e+00 -3.527519e-01 9.357169e-01
      outer loop
         vertex 0.000000e+00 -2.803177e+00 6.414218e+00
         vertex 1.000000e+00 -2.803177e+00 6.414218e+00
         vertex 1.000000e+00 -2.128804e+00 6.668448e+00
      endloop
   endfacet
   facet normal 0.000000e+00 -3.527519e-01 9.357169e-01
      outer loop
         vertex 0.000000e+00 -2.803177e+00 6.414218e+00
         vertex 1.000000e+00 -2.128804e+00 6.668448e+00
         vertex 0.000000e+00 -2.128804e+00 6.668448e+00
      endloop
   endfacet
   facet normal 0.000000e+00 -2.546713e-01 9.670277e-01
      outer loop
         vertex 0.000000e+00 -2.128804e+00 6.668448e+00
         vertex 1.000000e+00 -2.128804e+00 6.668448e+00
         vertex 1.000000e+00 -1.431864e+00 6.851990e+00
      endloop
   endfacet
   facet normal 0.000000e+00 -2.546713e-01 9.670277e-01
      outer loop
         vertex 0.000000e+00 -2.128804e+00 6.668448e+00
         vertex 1.000000e+00 -1.431864e+00 6.851990e+00
         vertex 0.000000e+00 -1.431864e+00 6.851990e+00
      endloop
   endfacet
   facet normal 0.000000e+00 -1.538906e-01 9.880879e-01
      outer loop
         vertex 0.000000e+00 -1.431864e+00 6.851990e+00
         vertex 1.000000e+00 -1.431864e+00 6.851990e+00
         vertex 1.000000e+00 -7.197470e-01 6.962899e+00
      endloop
   endfacet
   facet normal 0.000000e+00 -1.538906e-01 9.880879e-01
      outer loop
         vertex 0.000000e+00 -1.431864e+00 6.851990e+00
         vertex 1.000000e+00 -7.197470e-01 6.962899e+00
         vertex 0.000000e+00 -7.197470e-01 6.962899e+00
      endloop
   endfacet
   facet normal 0.000000e+00 -5.147907e-02 9.986741e-01
      outer loop
         vertex 0.000000e+00 -7.197470e-01 6.962899e+00
         vertex 1.000000e+00 -7.197470e-01 6.962899e+00
         vertex 1.000000e+00 0.000000e+00 7.000000e+00
      endloop
   endfacet
   facet normal 0.000000e+00 -5.147907e-02 9.986741e-01
      outer loop
         vertex 0.000000e+00 -7.197470e-01 6.962899e+00
         vertex 1.000000e+00 0.000000e+00 7.000000e+00
         vertex 0.000000e+00 0.000000e+00 7.000000e+00
      endloop
   endfacet
   facet normal -0.000000e+00 5.147907e-02 9.986741e-01
      outer loop
         vertex 0.000000e+00 0.000000e+00 7.000000e+00
         vertex 1.000000e+00 0.000000e+00 7.000000e+00
         vertex 1.000000e+00 7.197470e-01 6.962899e+00
      endloop
   endfacet
   facet normal 0.000000e+00 5.147907e-02 9.986741e-01
      outer loop
         vertex 0.000000e+00 0.000000e+00 7.000000e+00
         vertex 1.000000e+00 7.197470e-01 6.962899e+00
         vertex 0.000000e+00 7.197470e-01 6.962899e+00
      endloop
   endfacet
   facet normal -0.000000e+00 1.538906e-01 9.880879e-01
      outer loop
         vertex 0.000000e+00 7.197470e-01 6.962899e+00
         vertex 1.000000e+00 7.197470e-01 6.962899e+00
         vertex 1.000000e+00 1.431864e+00 6.851990e+00
      endloop
   endfacet
   facet normal 0.000000e+00 1.538906e-01 9.880879e-01
      outer loop
         vertex 0.000000e+00 7.197470e-01 6.962899e+00
         vertex 1.000000e+00 1.431864e+00 6.851990e+00
         vertex 0.000000e+00 1.431864e+00 6.851990e+00
      endloop
   endfacet
   facet normal -0.000000e+00 2.546713e-01 9.670277e-01
      outer loop
         vertex 0.000000e+00 1.431864e+00 6.851990e+00
         vertex 1.000000e+00 1.431864e+00 6.851990e+00
         vertex 1.000000e+00 2.128804e+00 6.668448e+00
      endloop
   endfacet
   facet normal 0.000000e+00 2.546713e-01 9.670277e-01
      outer loop
         vertex 0.000000e+00 1.431864e+00 6.851990e+00
         vertex 1.000000e+00 2.128804e+00 6.668448e+00
         vertex 0.000000e+00 2.128804e+00 6.668448e+00
      endloop
   endfacet
   facet normal -0.000000e+00 3.527519e-01 9.357169e-01
      outer loop
         vertex 0.000000e+00 2.128804e+00 6.668448e+00
         vertex 1.000000e+00 2.128804e+00 6.668448e+00
         vertex 1.000000e+00 2.803177e+00 6.414218e+00
      endloop
   endfacet
   facet normal 0.000000e+00 3.527519e-01 9.357169e-01
      outer loop
         vertex 0.000000e+00 2.128804e+00 6.668448e+00
         vertex 1.000000e+00 2.803177e+00 6.414218e+00
         vertex 0.000000e+00 2.803177e+00 6.414218e+00
      endloop
   endfacet
   facet normal -0.000000e+00 4.470939e-01 8.944870e-01
      outer loop
         vertex 0.000000e+00 2.803177e+00 6.414218e+00
         vertex 1.000000e+00 2.803177e+00 6.414218e+00
         vertex 1.000000e+00 3.447836e+00 6.091997e+00
      endloop
   endfacet
   facet normal 0.000000e+00 4.470939e-01 8.944870e-01
      outer loop
         vertex 0.000000e+00 2.803177e+00 6.414218e+00
         vertex 1.000000e+00 3.447836e+00 6.091997e+00
         vertex 0.000000e+00 3.447836e+00 6.091997e+00
      endloop
   endfacet
   facet normal -0.000000e+00 5.366963e-01 8.437755e-01
      outer loop
         vertex 0.000000e+00 3.447836e+00 6.091997e+00
         vertex 1.000000e+00 3.447836e+00 6.091997e+00
         vertex 1.000000e+00 4.055948e+00 5.705198e+00
      endloop
   endfacet
   facet normal 0.000000e+00 5.366963e-01 8.437755e-01
      outer loop
         vertex 0.000000e+00 3.447836e+00 6.091997e+00
         vertex 1.000000e+00 4.055948e+00 5.705198e+00
         vertex 0.000000e+00 4.055948e+00 5.705198e+00
      endloop
   endfacet
   facet normal -0.000000e+00 6.206093e-01 7.841200e-01
      outer loop
         vertex 0.000000e+00 4.055948e+00 5.705198e+00
         vertex 1.000000e+00 4.055948e+00 5.705198e+00
         vertex 1.000000e+00 4.621065e+00 5.257924e+00
      endloop
   endfacet
   facet normal 0.000000e+00 6.206093e-01 7.841200e-01
      outer loop
         vertex 0.000000e+00 4.055948e+00 5.705198e+00
         vertex 1.000000e+00 4.621065e+00 5.257924e+00
         vertex 0.000000e+00 4.621065e+00 5.257924e+00
      endloop
   endfacet
   facet normal -0.000000e+00 6.979440e-01 7.161523e-01
      outer loop
         vertex 0.000000e+00 4.621065e+00 5.257924e+00
         vertex 1.000000e+00 4.621065e+00 5.257924e+00
         vertex 1.000000e+00 5.137198e+00 4.754914e+00
      endloop
   endfacet
   facet normal 0.000000e+00 6.979440e-01 7.161523e-01
      outer loop
         vertex 0.000000e+00 4.621065e+00 5.257924e+00
         vertex 1.000000e+00 5.137198e+00 4.754914e+00
         vertex 0.000000e+00 5.137198e+00 4.754914e+00
      endloop
   endfacet
   facet normal -0.000000e+00 7.678807e-01 6.405929e-01
      outer loop
         vertex 0.000000e+00 5.137198e+00 4.754914e+00
         vertex 1.000000e+00 5.137198e+00 4.754914e+00
         vertex 1.000000e+00 5.598875e+00 4.201500e+00
      endloop
   endfacet
   facet normal 0.000000e+00 7.678807e-01 6.405929e-01
      outer loop
         vertex 0.000000e+00 5.137198e+00 4.754914e+00
         vertex 1.000000e+00 5.598875e+00 4.201500e+00
         vertex 0.000000e+00 5.598875e+00 4.201500e+00
      endloop
   endfacet
   facet normal -0.000000e+00 8.296769e-01 5.582438e-01
      outer loop
         vertex 0.000000e+00 5.598875e+00 4.201500e+00
         vertex 1.000000e+00 5.598875e+00 4.201500e+00
         vertex 1.000000e+00 6.001202e+00 3.603550e+00
      endloop
   endfacet
   facet normal 0.000000e+00 8.296769e-01 5.582438e-01
      outer loop
         vertex 0.000000e+00 5.598875e+00 4.201500e+00
         vertex 1.000000e+00 6.001202e+00 3.603550e+00
         vertex 0.000000e+00 6.001202e+00 3.603550e+00
      endloop
   endfacet
   facet normal -0.000000e+00 8.826787e-01 4.699769e-01
      outer loop
         vertex 0.000000e+00 6.001202e+00 3.603550e+00
         vertex 1.000000e+00 6.001202e+00 3.603550e+00
         vertex 1.000000e+00 6.339916e+00 2.967401e+00
      endloop
   endfacet
   facet normal 0.000000e+00 8.826787e-01 4.699769e-01
      outer loop
         vertex 0.000000e+00 6.001202e+00 3.603550e+00
         vertex 1.000000e+00 6.339916e+00 2.967401e+00
         vertex 0.000000e+00 6.339916e+00 2.967401e+00
      endloop
   endfacet
   facet normal -0.000000e+00 9.263241e-01 3.767275e-01
      outer loop
         vertex 0.000000e+00 6.339916e+00 2.967401e+00
         vertex 1.000000e+00 6.339916e+00 2.967401e+00
         vertex 1.000000e+00 6.611424e+00 2.299797e+00
      endloop
   endfacet
   facet normal 0.000000e+00 9.263241e-01 3.767275e-01
      outer loop
         vertex 0.000000e+00 6.339916e+00 2.967401e+00
         vertex 1.000000e+00 6.611424e+00 2.299797e+00
         vertex 0.000000e+00 6.611424e+00 2.299797e+00
      endloop
   endfacet
   facet normal -0.000000e+00 9.601499e-01 2.794856e-01
      outer loop
         vertex 0.000000e+00 6.611424e+00 2.299797e+00
         vertex 1.000000e+00 6.611424e+00 2.299797e+00
         vertex 1.000000e+00 6.812850e+00 1.607814e+00
      endloop
   endfacet
   facet normal 0.000000e+00 9.601499e-01 2.794856e-01
      outer loop
         vertex 0.000000e+00 6.611424e+00 2.299797e+00
         vertex 1.000000e+00 6.812850e+00 1.607814e+00
         vertex 0.000000e+00 6.812850e+00 1.607814e+00
      endloop
   endfacet
   facet normal -0.000000e+00 9.837979e-01 1.792812e-01
      outer loop
         vertex 0.000000e+00 6.812850e+00 1.607814e+00
         vertex 1.000000e+00 6.812850e+00 1.607814e+00
         vertex 1.000000e+00 6.942059e+00 8.987885e-01
      endloop
   endfacet
   facet normal 0.000000e+00 9.837979e-01 1.792812e-01
      outer loop
         vertex 0.000000e+00 6.812850e+00 1.607814e+00
         vertex 1.000000e+00 6.942059e+00 8.987885e-01
         vertex 0.000000e+00 6.942059e+00 8.987885e-01
      endloop
   endfacet
   facet normal -0.000000e+00 9.970175e-01 7.717531e-02
      outer loop
         vertex 0.000000e+00 6.942059e+00 8.987885e-01
         vertex 1.000000e+00 6.942059e+00 8.987885e-01
         vertex 1.000000e+00 6.997679e+00 1.802354e-01
      endloop
   endfacet
   facet normal 0.000000e+00 9.970175e-01 7.717531e-02
      outer loop
         vertex 0.000000e+00 6.942059e+00 8.987885e-01
         vertex 1.000000e+00 6.997679e+00 1.802354e-01
         vertex 0.000000e+00 6.997679e+00 1.802354e-01
      endloop
   endfacet
   facet normal 0.000000e+00 9.996685e-01 -2.574794e-02
      outer loop
         vertex 0.000000e+00 6.997679e+00 1.802354e-01
         vertex 1.000000e+00 6.997679e+00 1.802354e-01
         vertex 1.000000e+00 6.979123e+00 -5.402282e-01
      endloop
   endfacet
   facet normal 0.000000e+00 9.996685e-01 -2.574794e-02
      outer loop
         vertex 0.000000e+00 6.997679e+00 1.802354e-01
         vertex 1.000000e+00 6.979123e+00 -5.402282e-01
         vertex 0.000000e+00 6.979123e+00 -5.402282e-01
      endloop
   endfacet
   facet normal 0.000000e+00 9.917227e-01 -1.283985e-01
      outer loop
         vertex 0.000000e+00 6.979123e+00 -5.402282e-01
         vertex 1.000000e+00 6.979123e+00 -5.402282e-01
         vertex 1.000000e+00 6.886586e+00 -1.254965e+00
      endloop
   endfacet
   facet normal 0.000000e+00 9.917227e-01 -1.283985e-01
      outer loop
         vertex 0.000000e+00 6.979123e+00 -5.402282e-01
         vertex 1.000000e+00 6.886586e+00 -1.254965e+00
         vertex 0.000000e+00 6.886586e+00 -1.254965e+00
      endloop
   endfacet
   facet normal 0.000000e+00 9.732644e-01 -2.296877e-01
      outer loop
         vertex 0.000000e+00 6.886586e+00 -1.254965e+00
         vertex 1.000000e+00 6.886586e+00 -1.254965e+00
         vertex 1.000000e+00 6.721049e+00 -1.956400e+00
      endloop
   endfacet
   facet normal 0.000000e+00 9.732644e-01 -2.296877e-01
      outer loop
         vertex 0.000000e+00 6.886586e+00 -1.254965e+00
         vertex 1.000000e+00 6.721049e+00 -1.956400e+00
         vertex 0.000000e+00 6.721049e+00 -1.956400e+00
      endloop
   endfacet
   facet normal 0.000000e+00 9.444892e-01 -3.285424e-01
      outer loop
         vertex 0.000000e+00 6.721049e+00 -1.956400e+00
         vertex 1.000000e+00 6.721049e+00 -1.956400e+00
         vertex 1.000000e+00 6.484268e+00 -2.637095e+00
      endloop
   endfacet
   facet normal 0.000000e+00 9.444892e-01 -3.285424e-01
      outer loop
         vertex 0.000000e+00 6.721049e+00 -1.956400e+00
         vertex 1.000000e+00 6.484268e+00 -2.637095e+00
         vertex 0.000000e+00 6.484268e+00 -2.637095e+00
      endloop
   endfacet
   facet normal 0.000000e+00 9.057023e-01 -4.239144e-01
      outer loop
         vertex 0.000000e+00 6.484268e+00 -2.637095e+00
         vertex 1.000000e+00 6.484268e+00 -2.637095e+00
         vertex 1.000000e+00 6.178752e+00 -3.289837e+00
      endloop
   endfacet
   facet normal 0.000000e+00 9.057023e-01 -4.239144e-01
      outer loop
         vertex 0.000000e+00 6.484268e+00 -2.637095e+00
         vertex 1.000000e+00 6.178752e+00 -3.289837e+00
         vertex 0.000000e+00 6.178752e+00 -3.289837e+00
      endloop
   endfacet
   facet normal 0.000000e+00 8.573147e-01 -5.147926e-01
      outer loop
         vertex 0.000000e+00 6.178752e+00 -3.289837e+00
         vertex 1.000000e+00 6.178752e+00 -3.289837e+00
         vertex 1.000000e+00 5.807739e+00 -3.907706e+00
      endloop
   endfacet
   facet normal 0.000000e+00 8.573147e-01 -5.147926e-01
      outer loop
         vertex 0.000000e+00 6.178752e+00 -3.289837e+00
         vertex 1.000000e+00 5.807739e+00 -3.907706e+00
         vertex 0.000000e+00 5.807739e+00 -3.907706e+00
      endloop
   endfacet
   facet normal 0.000000e+00 7.998392e-01 -6.002143e-01
      outer loop
         vertex 0.000000e+00 5.807739e+00 -3.907706e+00
         vertex 1.000000e+00 5.807739e+00 -3.907706e+00
         vertex 1.000000e+00 5.375163e+00 -4.484152e+00
      endloop
   endfacet
   facet normal 0.000000e+00 7.998392e-01 -6.002143e-01
      outer loop
         vertex 0.000000e+00 5.807739e+00 -3.907706e+00
         vertex 1.000000e+00 5.375163e+00 -4.484152e+00
         vertex 0.000000e+00 5.375163e+00 -4.484152e+00
      endloop
   endfacet
   facet normal 0.000000e+00 7.338854e-01 -6.792733e-01
      outer loop
         vertex 0.000000e+00 5.375163e+00 -4.484152e+00
         vertex 1.000000e+00 5.375163e+00 -4.484152e+00
         vertex 1.000000e+00 4.885609e+00 -5.013065e+00
      endloop
   endfacet
   facet normal 0.000000e+00 7.338854e-01 -6.792733e-01
      outer loop
         vertex 0.000000e+00 5.375163e+00 -4.484152e+00
         vertex 1.000000e+00 4.885609e+00 -5.013065e+00
         vertex 0.000000e+00 4.885609e+00 -5.013065e+00
      endloop
   endfacet
   facet normal 0.000000e+00 6.601518e-01 -7.511322e-01
      outer loop
         vertex 0.000000e+00 4.885609e+00 -5.013065e+00
         vertex 1.000000e+00 4.885609e+00 -5.013065e+00
         vertex 1.000000e+00 4.344266e+00 -5.488839e+00
      endloop
   endfacet
   facet normal 0.000000e+00 6.601518e-01 -7.511322e-01
      outer loop
         vertex 0.000000e+00 4.885609e+00 -5.013065e+00
         vertex 1.000000e+00 4.344266e+00 -5.488839e+00
         vertex 0.000000e+00 4.344266e+00 -5.488839e+00
      endloop
   endfacet
   facet normal 0.000000e+00 5.794214e-01 -8.150281e-01
      outer loop
         vertex 0.000000e+00 4.344266e+00 -5.488839e+00
         vertex 1.000000e+00 4.344266e+00 -5.488839e+00
         vertex 1.000000e+00 3.756873e+00 -5.906429e+00
      endloop
   endfacet
   facet normal 0.000000e+00 5.794214e-01 -8.150281e-01
      outer loop
         vertex 0.000000e+00 4.344266e+00 -5.488839e+00
         vertex 1.000000e+00 3.756873e+00 -5.906429e+00
         vertex 0.000000e+00 3.756873e+00 -5.906429e+00
      endloop
   endfacet
   facet normal 0.000000e+00 4.925481e-01 -8.702852e-01
      outer loop
         vertex 0.000000e+00 3.756873e+00 -5.906429e+00
         vertex 1.000000e+00 3.756873e+00 -5.906429e+00
         vertex 1.000000e+00 3.129657e+00 -6.261410e+00
      endloop
   endfacet
   facet normal 0.000000e+00 4.925481e-01 -8.702852e-01
      outer loop
         vertex 0.000000e+00 3.756873e+00 -5.906429e+00
         vertex 1.000000e+00 3.129657e+00 -6.261410e+00
         vertex 0.000000e+00 3.129657e+00 -6.261410e+00
      endloop
   endfacet
   facet normal 0.000000e+00 4.004537e-01 -9.163170e-01
      outer loop
         vertex 0.000000e+00 3.129657e+00 -6.261410e+00
         vertex 1.000000e+00 3.129657e+00 -6.261410e+00
         vertex 1.000000e+00 2.469265e+00 -6.550018e+00
      endloop
   endfacet
   facet normal 0.000000e+00 4.004537e-01 -9.163170e-01
      outer loop
         vertex 0.000000e+00 3.129657e+00 -6.261410e+00
         vertex 1.000000e+00 2.469265e+00 -6.550018e+00
         vertex 0.000000e+00 2.469265e+00 -6.550018e+00
      endloop
   endfacet
   facet normal 0.000000e+00 3.041150e-01 -9.526353e-01
      outer loop
         vertex 0.000000e+00 2.469265e+00 -6.550018e+00
         vertex 1.000000e+00 2.469265e+00 -6.550018e+00
         vertex 1.000000e+00 1.782698e+00 -6.769194e+00
      endloop
   endfacet
   facet normal 0.000000e+00 3.041150e-01 -9.526353e-01
      outer loop
         vertex 0.000000e+00 2.469265e+00 -6.550018e+00
         vertex 1.000000e+00 1.782698e+00 -6.769194e+00
         vertex 0.000000e+00 1.782698e+00 -6.769194e+00
      endloop
   endfacet
   facet normal 0.000000e+00 2.045517e-01 -9.788558e-01
      outer loop
         vertex 0.000000e+00 1.782698e+00 -6.769194e+00
         vertex 1.000000e+00 1.782698e+00 -6.769194e+00
         vertex 1.000000e+00 1.077234e+00 -6.916615e+00
      endloop
   endfacet
   facet normal 0.000000e+00 2.045517e-01 -9.788558e-01
      outer loop
         vertex 0.000000e+00 1.782698e+00 -6.769194e+00
         vertex 1.000000e+00 1.077234e+00 -6.916615e+00
         vertex 0.000000e+00 1.077234e+00 -6.916615e+00
      endloop
   endfacet
   facet normal 0.000000e+00 1.028212e-01 -9.946999e-01
      outer loop
         vertex 0.000000e+00 1.077234e+00 -6.916615e+00
         vertex 1.000000e+00 1.077234e+00 -6.916615e+00
         vertex 1.000000e+00 3.603513e-01 -6.990719e+00
      endloop
   endfacet
   facet normal 0.000000e+00 1.028212e-01 -9.946999e-01
      outer loop
         vertex 0.000000e+00 1.077234e+00 -6.916615e+00
         vertex 1.000000e+00 3.603513e-01 -6.990719e+00
         vertex 0.000000e+00 3.603513e-01 -6.990719e+00
      endloop
   endfacet
   facet normal 0.000000e+00 2.574844e-02 -9.996685e-01
      outer loop
         vertex 0.000000e+00 3.603513e-01 -6.990719e+00
         vertex 1.000000e+00 3.603513e-01 -6.990719e+00
         vertex 0.000000e+00 8.572528e-16 -7.000000e+00
      endloop
   endfacet
   facet normal -1.970902e-02 -9.326409e-03 -9.997623e-01
      outer loop
         vertex 1.999987e+00 2.100200e+00 -4.474003e+00
         vertex 2.010044e+00 2.100860e+00 -4.474208e+00
         vertex 2.001001e+00 2.084928e+00 -4.473881e+00
      endloop
   endfacet
   facet normal -1.801630e-02 -1.028764e-02 -9.997848e-01
      outer loop
         vertex 2.001001e+00 2.084928e+00 -4.473881e+00
         vertex 2.010044e+00 2.100860e+00 -4.474208e+00
         vertex 2.011213e+00 2.085599e+00 -4.474072e+00
      endloop
   endfacet
   facet normal -1.282283e-02 -8.830546e-02 -9.960109e-01
      outer loop
         vertex 2.001001e+00 2.084928e+00 -4.473881e+00
         vertex 2.011213e+00 2.085599e+00 -4.474072e+00
         vertex 2.002032e+00 2.069342e+00 -4.472512e+00
      endloop
   endfacet
   facet normal -1.639344e-02 -8.630084e-02 -9.961342e-01
      outer loop
         vertex 2.002032e+00 2.069342e+00 -4.472512e+00
         vertex 2.011213e+00 2.085599e+00 -4.474072e+00
         vertex 2.011960e+00 2.069993e+00 -4.472732e+00
      endloop
   endfacet
   facet normal -1.279538e-02 -1.391428e-01 -9.901897e-01
      outer loop
         vertex 2.002032e+00 2.069342e+00 -4.472512e+00
         vertex 2.011960e+00 2.069993e+00 -4.472732e+00
         vertex 2.004072e+00 2.038588e+00 -4.468217e+00
      endloop
   endfacet
   facet normal -2.476835e-02 -1.361625e-01 -9.903768e-01
      outer loop
         vertex 2.004072e+00 2.038588e+00 -4.468217e+00
         vertex 2.011960e+00 2.069993e+00 -4.472732e+00
         vertex 2.013801e+00 2.039223e+00 -4.468548e+00
      endloop
   endfacet
   facet normal -2.461974e-02 -1.382883e-01 -9.900860e-01
      outer loop
         vertex 2.004072e+00 2.038588e+00 -4.468217e+00
         vertex 2.013801e+00 2.039223e+00 -4.468548e+00
         vertex 2.007831e+00 1.982102e+00 -4.460421e+00
      endloop
   endfacet
   facet normal -2.676273e-02 -1.380609e-01 -9.900621e-01
      outer loop
         vertex 2.007831e+00 1.982102e+00 -4.460421e+00
         vertex 2.013801e+00 2.039223e+00 -4.468548e+00
         vertex 2.022601e+00 1.983059e+00 -4.460954e+00
      endloop
   endfacet
   facet normal -2.821359e-02 -1.171490e-01 -9.927135e-01
      outer loop
         vertex 2.007831e+00 1.982102e+00 -4.460421e+00
         vertex 2.022601e+00 1.983059e+00 -4.460954e+00
         vertex 2.014708e+00 1.877392e+00 -4.448260e+00
      endloop
   endfacet
   facet normal -1.787614e-02 -1.179387e-01 -9.928600e-01
      outer loop
         vertex 2.014708e+00 1.877392e+00 -4.448260e+00
         vertex 2.022601e+00 1.983059e+00 -4.460954e+00
         vertex 2.045921e+00 1.879561e+00 -4.449079e+00
      endloop
   endfacet
   facet normal -2.290639e-02 -4.770786e-02 -9.985986e-01
      outer loop
         vertex 2.014708e+00 1.877392e+00 -4.448260e+00
         vertex 2.045921e+00 1.879561e+00 -4.449079e+00
         vertex 2.031550e+00 1.669580e+00 -4.438718e+00
      endloop
   endfacet
   facet normal -1.528197e-02 -4.823560e-02 -9.987191e-01
      outer loop
         vertex 2.031550e+00 1.669580e+00 -4.438718e+00
         vertex 2.045921e+00 1.879561e+00 -4.449079e+00
         vertex 2.095991e+00 1.675611e+00 -4.439995e+00
      endloop
   endfacet
   facet normal -2.418791e-02 4.695552e-02 -9.986041e-01
      outer loop
         vertex 2.031550e+00 1.669580e+00 -4.438718e+00
         vertex 2.095991e+00 1.675611e+00 -4.439995e+00
         vertex 2.053131e+00 1.461826e+00 -4.449009e+00
      endloop
   endfacet
   facet normal -2.133194e-02 4.638682e-02 -9.986958e-01
      outer loop
         vertex 2.053131e+00 1.461826e+00 -4.449009e+00
         vertex 2.095991e+00 1.675611e+00 -4.439995e+00
         vertex 2.150837e+00 1.471538e+00 -4.450645e+00
      endloop
   endfacet
   facet normal -2.660417e-02 1.001110e-01 -9.946205e-01
      outer loop
         vertex 2.053131e+00 1.461826e+00 -4.449009e+00
         vertex 2.150837e+00 1.471538e+00 -4.450645e+00
         vertex 2.067410e+00 1.252245e+00 -4.470486e+00
      endloop
   endfacet
   facet normal -1.922961e-02 9.734561e-02 -9.950648e-01
      outer loop
         vertex 2.067410e+00 1.252245e+00 -4.470486e+00
         vertex 2.150837e+00 1.471538e+00 -4.450645e+00
         vertex 2.197088e+00 1.258131e+00 -4.472416e+00
      endloop
   endfacet
   facet normal -2.104599e-02 1.389987e-01 -9.900689e-01
      outer loop
         vertex 2.067410e+00 1.252245e+00 -4.470486e+00
         vertex 2.197088e+00 1.258131e+00 -4.472416e+00
         vertex 2.070118e+00 1.036725e+00 -4.500801e+00
      endloop
   endfacet
   facet normal -1.237936e-02 1.341334e-01 -9.908860e-01
      outer loop
         vertex 2.070118e+00 1.036725e+00 -4.500801e+00
         vertex 2.197088e+00 1.258131e+00 -4.472416e+00
         vertex 2.228124e+00 1.035291e+00 -4.502969e+00
      endloop
   endfacet
   facet normal -1.215920e-02 1.540180e-01 -9.879932e-01
      outer loop
         vertex 2.070118e+00 1.036725e+00 -4.500801e+00
         vertex 2.228124e+00 1.035291e+00 -4.502969e+00
         vertex 2.060877e+00 8.137809e-01 -4.535442e+00
      endloop
   endfacet
   facet normal -3.498567e-03 1.476319e-01 -9.890362e-01
      outer loop
         vertex 2.060877e+00 8.137809e-01 -4.535442e+00
         vertex 2.228124e+00 1.035291e+00 -4.502969e+00
         vertex 2.241362e+00 8.022946e-01 -4.537795e+00
      endloop
   endfacet
   facet normal -3.571979e-03 1.465124e-01 -9.892024e-01
      outer loop
         vertex 2.060877e+00 8.137809e-01 -4.535442e+00
         vertex 2.241362e+00 8.022946e-01 -4.537795e+00
         vertex 2.039890e+00 5.854559e-01 -4.569184e+00
      endloop
   endfacet
   facet normal -2.025278e-02 -4.348210e-03 -9.997854e-01
      outer loop
         vertex 2.010080e+00 -1.400061e+00 -4.474205e+00
         vertex 2.000001e+00 -1.400120e+00 -4.474001e+00
         vertex 2.010149e+00 -1.384754e+00 -4.474273e+00
      endloop
   endfacet
   facet normal -1.866903e-02 -5.394648e-03 -9.998112e-01
      outer loop
         vertex 2.010149e+00 -1.384754e+00 -4.474273e+00
         vertex 2.000001e+00 -1.400120e+00 -4.474001e+00
         vertex 1.999917e+00 -1.384812e+00 -4.474082e+00
      endloop
   endfacet
   facet normal -1.906268e-02 7.161064e-02 -9.972505e-01
      outer loop
         vertex 2.010149e+00 -1.384754e+00 -4.474273e+00
         vertex 1.999917e+00 -1.384812e+00 -4.474082e+00
         vertex 2.009783e+00 -1.369119e+00 -4.473144e+00
      endloop
   endfacet
   facet normal -2.246103e-02 7.373367e-02 -9.970250e-01
      outer loop
         vertex 2.009783e+00 -1.369119e+00 -4.473144e+00
         vertex 1.999917e+00 -1.384812e+00 -4.474082e+00
         vertex 1.999835e+00 -1.369177e+00 -4.472924e+00
      endloop
   endfacet
   facet normal -2.263473e-02 1.208211e-01 -9.924162e-01
      outer loop
         vertex 2.009783e+00 -1.369119e+00 -4.473144e+00
         vertex 1.999835e+00 -1.369177e+00 -4.472924e+00
         vertex 2.009424e+00 -1.338246e+00 -4.469377e+00
      endloop
   endfacet
   facet normal -3.441968e-02 1.243852e-01 -9.916368e-01
      outer loop
         vertex 2.009424e+00 -1.338246e+00 -4.469377e+00
         vertex 1.999835e+00 -1.369177e+00 -4.472924e+00
         vertex 1.999670e+00 -1.338306e+00 -4.469046e+00
      endloop
   endfacet
   facet normal -3.441555e-02 1.222122e-01 -9.919071e-01
      outer loop
         vertex 2.009424e+00 -1.338246e+00 -4.469377e+00
         vertex 1.999670e+00 -1.338306e+00 -4.469046e+00
         vertex 2.014165e+00 -1.281501e+00 -4.462550e+00
      endloop
   endfacet
   facet normal -3.640375e-02 1.227045e-01 -9.917754e-01
      outer loop
         vertex 2.014165e+00 -1.281501e+00 -4.462550e+00
         vertex 1.999670e+00 -1.338306e+00 -4.469046e+00
         vertex 1.999349e+00 -1.281587e+00 -4.462017e+00
      endloop
   endfacet
   facet normal -3.637223e-02 1.040231e-01 -9.939096e-01
      outer loop
         vertex 2.014165e+00 -1.281501e+00 -4.462550e+00
         vertex 1.999349e+00 -1.281587e+00 -4.462017e+00
         vertex 2.030146e+00 -1.176197e+00 -4.452114e+00
      endloop
   endfacet
   facet normal -2.708221e-02 1.013622e-01 -9.944809e-01
      outer loop
         vertex 2.030146e+00 -1.176197e+00 -4.452114e+00
         vertex 1.999349e+00 -1.281587e+00 -4.462017e+00
         vertex 1.998862e+00 -1.176510e+00 -4.451293e+00
      endloop
   endfacet
   facet normal -2.656683e-02 3.821672e-02 -9.989163e-01
      outer loop
         vertex 2.030146e+00 -1.176197e+00 -4.452114e+00
         vertex 1.998862e+00 -1.176510e+00 -4.451293e+00
         vertex 2.058785e+00 -9.659613e-01 -4.444832e+00
      endloop
   endfacet
   facet normal -2.100749e-02 3.664039e-02 -9.991077e-01
      outer loop
         vertex 2.058785e+00 -9.659613e-01 -4.444832e+00
         vertex 1.998862e+00 -1.176510e+00 -4.451293e+00
         vertex 1.994101e+00 -9.682304e-01 -4.443555e+00
      endloop
   endfacet
   facet normal -1.797800e-02 -4.944191e-02 -9.986152e-01
      outer loop
         vertex 2.058785e+00 -9.659613e-01 -4.444832e+00
         vertex 1.994101e+00 -9.682304e-01 -4.443555e+00
         vertex 2.081694e+00 -7.544894e-01 -4.455714e+00
      endloop
   endfacet
   facet normal -1.404260e-02 -5.105365e-02 -9.985972e-01
      outer loop
         vertex 2.081694e+00 -7.544894e-01 -4.455714e+00
         vertex 1.994101e+00 -9.682304e-01 -4.443555e+00
         vertex 1.983631e+00 -7.594774e-01 -4.454080e+00
      endloop
   endfacet
   facet normal -1.010262e-02 -1.263300e-01 -9.919368e-01
      outer loop
         vertex 2.081694e+00 -7.544894e-01 -4.455714e+00
         vertex 1.983631e+00 -7.594774e-01 -4.454080e+00
         vertex 2.104020e+00 -5.429487e-01 -4.482883e+00
      endloop
   endfacet
   facet normal -1.023795e-02 -1.262558e-01 -9.919449e-01
      outer loop
         vertex 2.104020e+00 -5.429487e-01 -4.482883e+00
         vertex 1.983631e+00 -7.594774e-01 -4.454080e+00
         vertex 1.974151e+00 -5.474762e-01 -4.480966e+00
      endloop
   endfacet
   facet normal -7.708889e-03 -1.941432e-01 -9.809429e-01
      outer loop
         vertex 2.104020e+00 -5.429487e-01 -4.482883e+00
         vertex 1.974151e+00 -5.474762e-01 -4.480966e+00
         vertex 2.126577e+00 -3.314256e-01 -4.524924e+00
      endloop
   endfacet
   facet normal -1.145938e-02 -1.915918e-01 -9.814078e-01
      outer loop
         vertex 2.126577e+00 -3.314256e-01 -4.524924e+00
         vertex 1.974151e+00 -5.474762e-01 -4.480966e+00
         vertex 1.968290e+00 -3.329998e-01 -4.522768e+00
      endloop
   endfacet
   facet normal -1.195344e-02 -1.514731e-01 -9.883891e-01
      outer loop
         vertex 2.126577e+00 -3.314256e-01 -4.524924e+00
         vertex 1.968290e+00 -3.329998e-01 -4.522768e+00
         vertex 2.151799e+00 -1.195495e-01 -4.557699e+00
      endloop
   endfacet
   facet normal -1.760202e-02 -1.467203e-01 -9.890214e-01
      outer loop
         vertex 2.151799e+00 -1.195495e-01 -4.557699e+00
         vertex 1.968290e+00 -3.329998e-01 -4.522768e+00
         vertex 1.970726e+00 -1.138255e-01 -4.555326e+00
      endloop
   endfacet
   facet normal -1.569612e-02 -8.337209e-02 -9.963949e-01
      outer loop
         vertex 2.151799e+00 -1.195495e-01 -4.557699e+00
         vertex 1.970726e+00 -1.138255e-01 -4.555326e+00
         vertex 2.179206e+00 9.937907e-02 -4.576450e+00
      endloop
   endfacet
   facet normal -1.945132e-02 -7.972313e-02 -9.966272e-01
      outer loop
         vertex 2.179206e+00 9.937907e-02 -4.576450e+00
         vertex 1.970726e+00 -1.138255e-01 -4.555326e+00
         vertex 1.983636e+00 1.157305e-01 -4.573941e+00
      endloop
   endfacet
   facet normal -1.521093e-02 -2.856901e-02 -9.994761e-01
      outer loop
         vertex 2.179206e+00 9.937907e-02 -4.576450e+00
         vertex 1.983636e+00 1.157305e-01 -4.573941e+00
         vertex 2.210205e+00 3.242745e-01 -4.583350e+00
      endloop
   endfacet
   facet normal -1.645807e-02 -2.721489e-02 -9.994941e-01
      outer loop
         vertex 2.210205e+00 3.242745e-01 -4.583350e+00
         vertex 1.983636e+00 1.157305e-01 -4.573941e+00
         vertex 2.010431e+00 3.512313e-01 -4.580794e+00
      endloop
   endfacet
   facet normal -9.589595e-03 2.370337e-02 -9.996730e-01
      outer loop
         vertex 2.210205e+00 3.242745e-01 -4.583350e+00
         vertex 2.010431e+00 3.512313e-01 -4.580794e+00
         vertex 2.225034e+00 4.444938e-01 -4.580642e+00
      endloop
   endfacet
   facet normal -2.199914e-02 5.225634e-02 -9.983914e-01
      outer loop
         vertex 2.225034e+00 4.444938e-01 -4.580642e+00
         vertex 2.010431e+00 3.512313e-01 -4.580794e+00
         vertex 2.039890e+00 5.854559e-01 -4.569184e+00
      endloop
   endfacet
   facet normal -4.864354e-03 7.466458e-02 -9.971968e-01
      outer loop
         vertex 2.225034e+00 4.444938e-01 -4.580642e+00
         vertex 2.039890e+00 5.854559e-01 -4.569184e+00
         vertex 2.234940e+00 5.648034e-01 -4.571682e+00
      endloop
   endfacet
   facet normal 2.272496e-03 1.411946e-01 -9.899793e-01
      outer loop
         vertex 2.234940e+00 5.648034e-01 -4.571682e+00
         vertex 2.039890e+00 5.854559e-01 -4.569184e+00
         vertex 2.241362e+00 8.022946e-01 -4.537795e+00
      endloop
   endfacet
   facet normal -5.355815e-03 9.997860e-01 1.997983e-02
      outer loop
         vertex 1.940358e+00 -1.400290e+00 -4.481553e+00
         vertex 1.937501e+00 -1.400337e+00 -4.480000e+00
         vertex 1.940359e+00 -1.400352e+00 -4.478448e+00
      endloop
   endfacet
   facet normal -5.377917e-03 9.997859e-01 1.997983e-02
      outer loop
         vertex 1.940358e+00 -1.400290e+00 -4.481553e+00
         vertex 1.940359e+00 -1.400352e+00 -4.478448e+00
         vertex 1.948531e+00 -1.400217e+00 -4.482999e+00
      endloop
   endfacet
   facet normal -5.385636e-03 9.997862e-01 1.996598e-02
      outer loop
         vertex 1.948531e+00 -1.400217e+00 -4.482999e+00
         vertex 1.940359e+00 -1.400352e+00 -4.478448e+00
         vertex 1.948532e+00 -1.400337e+00 -4.477001e+00
      endloop
   endfacet
   facet normal -5.382518e-03 9.997862e-01 1.996598e-02
      outer loop
         vertex 1.948531e+00 -1.400217e+00 -4.482999e+00
         vertex 1.948532e+00 -1.400337e+00 -4.477001e+00
         vertex 1.960854e+00 -1.400126e+00 -4.484242e+00
      endloop
   endfacet
   facet normal -5.384363e-03 9.997862e-01 1.996284e-02
      outer loop
         vertex 1.960854e+00 -1.400126e+00 -4.484242e+00
         vertex 1.948532e+00 -1.400337e+00 -4.477001e+00
         vertex 1.960855e+00 -1.400296e+00 -4.475758e+00
      endloop
   endfacet
   facet normal -5.390969e-03 9.997862e-01 1.996284e-02
      outer loop
         vertex 1.960854e+00 -1.400126e+00 -4.484242e+00
         vertex 1.960855e+00 -1.400296e+00 -4.475758e+00
         vertex 1.975482e+00 -1.400028e+00 -4.485195e+00
      endloop
   endfacet
   facet normal -5.384184e-03 9.997860e-01 1.997335e-02
      outer loop
         vertex 1.975482e+00 -1.400028e+00 -4.485195e+00
         vertex 1.960855e+00 -1.400296e+00 -4.475758e+00
         vertex 1.975483e+00 -1.400236e+00 -4.474805e+00
      endloop
   endfacet
   facet normal -5.377918e-03 9.997860e-01 1.997335e-02
      outer loop
         vertex 1.975482e+00 -1.400028e+00 -4.485195e+00
         vertex 1.975483e+00 -1.400236e+00 -4.474805e+00
         vertex 1.989920e+00 -1.399939e+00 -4.485794e+00
      endloop
   endfacet
   facet normal -5.383108e-03 9.997862e-01 1.996654e-02
      outer loop
         vertex 1.989920e+00 -1.399939e+00 -4.485794e+00
         vertex 1.975483e+00 -1.400236e+00 -4.474805e+00
         vertex 1.989922e+00 -1.400170e+00 -4.474205e+00
      endloop
   endfacet
   facet normal -5.392033e-03 9.997861e-01 1.996654e-02
      outer loop
         vertex 1.989920e+00 -1.399939e+00 -4.485794e+00
         vertex 1.989922e+00 -1.400170e+00 -4.474205e+00
         vertex 1.999999e+00 -1.399880e+00 -4.485999e+00
      endloop
   endfacet
   facet normal -5.393593e-03 9.997861e-01 1.996520e-02
      outer loop
         vertex 1.999999e+00 -1.399880e+00 -4.485999e+00
         vertex 1.989922e+00 -1.400170e+00 -4.474205e+00
         vertex 2.000001e+00 -1.400120e+00 -4.474001e+00
      endloop
   endfacet
   facet normal -5.382046e-03 9.997862e-01 1.996520e-02
      outer loop
         vertex 1.999999e+00 -1.399880e+00 -4.485999e+00
         vertex 2.000001e+00 -1.400120e+00 -4.474001e+00
         vertex 2.010078e+00 -1.399830e+00 -4.485794e+00
      endloop
   endfacet
   facet normal -5.380485e-03 9.997862e-01 1.996654e-02
      outer loop
         vertex 2.010078e+00 -1.399830e+00 -4.485794e+00
         vertex 2.000001e+00 -1.400120e+00 -4.474001e+00
         vertex 2.010080e+00 -1.400061e+00 -4.474205e+00
      endloop
   endfacet
   facet normal -5.383108e-03 9.997862e-01 1.996654e-02
      outer loop
         vertex 2.010078e+00 -1.399830e+00 -4.485794e+00
         vertex 2.010080e+00 -1.400061e+00 -4.474205e+00
         vertex 2.024517e+00 -1.399764e+00 -4.485195e+00
      endloop
   endfacet
   facet normal -5.386353e-03 9.997862e-01 1.996227e-02
      outer loop
         vertex 2.024517e+00 -1.399764e+00 -4.485195e+00
         vertex 2.010080e+00 -1.400061e+00 -4.474205e+00
         vertex 2.024519e+00 -1.399972e+00 -4.474805e+00
      endloop
   endfacet
   facet normal -5.382827e-03 9.997862e-01 1.996227e-02
      outer loop
         vertex 2.024517e+00 -1.399764e+00 -4.485195e+00
         vertex 2.024519e+00 -1.399972e+00 -4.474805e+00
         vertex 2.039145e+00 -1.399704e+00 -4.484242e+00
      endloop
   endfacet
   facet normal -5.382462e-03 9.997862e-01 1.996284e-02
      outer loop
         vertex 2.039145e+00 -1.399704e+00 -4.484242e+00
         vertex 2.024519e+00 -1.399972e+00 -4.474805e+00
         vertex 2.039146e+00 -1.399874e+00 -4.475758e+00
      endloop
   endfacet
   facet normal -5.384363e-03 9.997862e-01 1.996284e-02
      outer loop
         vertex 2.039145e+00 -1.399704e+00 -4.484242e+00
         vertex 2.039146e+00 -1.399874e+00 -4.475758e+00
         vertex 2.051468e+00 -1.399663e+00 -4.482999e+00
      endloop
   endfacet
   facet normal -5.382456e-03 9.997862e-01 1.996608e-02
      outer loop
         vertex 2.051468e+00 -1.399663e+00 -4.482999e+00
         vertex 2.039146e+00 -1.399874e+00 -4.475758e+00
         vertex 2.051469e+00 -1.399783e+00 -4.477001e+00
      endloop
   endfacet
   facet normal -5.385578e-03 9.997862e-01 1.996608e-02
      outer loop
         vertex 2.051468e+00 -1.399663e+00 -4.482999e+00
         vertex 2.051469e+00 -1.399783e+00 -4.477001e+00
         vertex 2.059641e+00 -1.399648e+00 -4.481553e+00
      endloop
   endfacet
   facet normal -5.378029e-03 9.997859e-01 1.997963e-02
      outer loop
         vertex 2.059641e+00 -1.399648e+00 -4.481553e+00
         vertex 2.051469e+00 -1.399783e+00 -4.477001e+00
         vertex 2.059642e+00 -1.399710e+00 -4.478448e+00
      endloop
   endfacet
   facet normal -5.396652e-03 9.997858e-01 1.997963e-02
      outer loop
         vertex 2.059641e+00 -1.399648e+00 -4.481553e+00
         vertex 2.059642e+00 -1.399710e+00 -4.478448e+00
         vertex 2.062499e+00 -1.399663e+00 -4.480000e+00
      endloop
   endfacet
   facet normal -1.787340e-02 1.396724e-01 -9.900364e-01
      outer loop
         vertex 2.480944e+00 9.121938e-01 -4.526616e+00
         vertex 2.499960e+00 7.864829e-01 -4.544694e+00
         vertex 2.241362e+00 8.022946e-01 -4.537795e+00
      endloop
   endfacet
   facet normal -1.724901e-02 1.492770e-01 -9.886450e-01
      outer loop
         vertex 2.241362e+00 8.022946e-01 -4.537795e+00
         vertex 2.499960e+00 7.864829e-01 -4.544694e+00
         vertex 2.510884e+00 6.601313e-01 -4.563963e+00
      endloop
   endfacet
   facet normal -2.129876e-02 1.417875e-01 -9.896680e-01
      outer loop
         vertex 2.241362e+00 8.022946e-01 -4.537795e+00
         vertex 2.510884e+00 6.601313e-01 -4.563963e+00
         vertex 2.234940e+00 5.648034e-01 -4.571682e+00
      endloop
   endfacet
   facet normal -5.906149e-02 -1.428402e-01 -9.879820e-01
      outer loop
         vertex 2.022601e+00 1.983059e+00 -4.460954e+00
         vertex 2.013801e+00 2.039223e+00 -4.468548e+00
         vertex 2.028300e+00 2.035405e+00 -4.468862e+00
      endloop
   endfacet
   facet normal -5.727153e-02 -1.430464e-01 -9.880575e-01
      outer loop
         vertex 2.028300e+00 2.035405e+00 -4.468862e+00
         vertex 2.033448e+00 2.011646e+00 -4.465721e+00
         vertex 2.022601e+00 1.983059e+00 -4.460954e+00
      endloop
   endfacet
   facet normal -6.406964e-02 -1.404592e-01 -9.880113e-01
      outer loop
         vertex 2.022601e+00 1.983059e+00 -4.460954e+00
         vertex 2.033448e+00 2.011646e+00 -4.465721e+00
         vertex 2.043761e+00 1.984403e+00 -4.462517e+00
      endloop
   endfacet
   facet normal -6.496857e-02 -1.281777e-01 -9.896209e-01
      outer loop
         vertex 2.022601e+00 1.983059e+00 -4.460954e+00
         vertex 2.043761e+00 1.984403e+00 -4.462517e+00
         vertex 2.045921e+00 1.879561e+00 -4.449079e+00
      endloop
   endfacet
   facet normal -3.939876e-02 -1.278294e-01 -9.910133e-01
      outer loop
         vertex 2.043761e+00 1.984403e+00 -4.462517e+00
         vertex 2.059102e+00 1.951841e+00 -4.458927e+00
         vertex 2.045921e+00 1.879561e+00 -4.449079e+00
      endloop
   endfacet
   facet normal -6.087404e-02 -1.238342e-01 -9.904340e-01
      outer loop
         vertex 2.045921e+00 1.879561e+00 -4.449079e+00
         vertex 2.059102e+00 1.951841e+00 -4.458927e+00
         vertex 2.113156e+00 1.834357e+00 -4.447560e+00
      endloop
   endfacet
   facet normal -8.789578e-03 -4.664855e-02 -9.988727e-01
      outer loop
         vertex 2.045921e+00 1.879561e+00 -4.449079e+00
         vertex 2.113156e+00 1.834357e+00 -4.447560e+00
         vertex 2.095991e+00 1.675611e+00 -4.439995e+00
      endloop
   endfacet
   facet normal -3.637042e-02 -4.364290e-02 -9.983849e-01
      outer loop
         vertex 2.113156e+00 1.834357e+00 -4.447560e+00
         vertex 2.188296e+00 1.684366e+00 -4.443740e+00
         vertex 2.095991e+00 1.675611e+00 -4.439995e+00
      endloop
   endfacet
   facet normal -4.266609e-02 2.254231e-02 -9.988350e-01
      outer loop
         vertex 2.095991e+00 1.675611e+00 -4.439995e+00
         vertex 2.188296e+00 1.684366e+00 -4.443740e+00
         vertex 2.256883e+00 1.552799e+00 -4.449639e+00
      endloop
   endfacet
   facet normal -2.526225e-02 4.532826e-02 -9.986527e-01
      outer loop
         vertex 2.095991e+00 1.675611e+00 -4.439995e+00
         vertex 2.256883e+00 1.552799e+00 -4.449639e+00
         vertex 2.150837e+00 1.471538e+00 -4.450645e+00
      endloop
   endfacet
   facet normal -4.083994e-02 6.563675e-02 -9.970075e-01
      outer loop
         vertex 2.256883e+00 1.552799e+00 -4.449639e+00
         vertex 2.290777e+00 1.485770e+00 -4.455441e+00
         vertex 2.150837e+00 1.471538e+00 -4.450645e+00
      endloop
   endfacet
   facet normal -4.275726e-02 8.501073e-02 -9.954622e-01
      outer loop
         vertex 2.150837e+00 1.471538e+00 -4.450645e+00
         vertex 2.290777e+00 1.485770e+00 -4.455441e+00
         vertex 2.382840e+00 1.267029e+00 -4.478075e+00
      endloop
   endfacet
   facet normal -3.481113e-02 9.395874e-02 -9.949673e-01
      outer loop
         vertex 2.150837e+00 1.471538e+00 -4.450645e+00
         vertex 2.382840e+00 1.267029e+00 -4.478075e+00
         vertex 2.197088e+00 1.258131e+00 -4.472416e+00
      endloop
   endfacet
   facet normal -3.537771e-02 1.066114e-01 -9.936712e-01
      outer loop
         vertex 2.197088e+00 1.258131e+00 -4.472416e+00
         vertex 2.382840e+00 1.267029e+00 -4.478075e+00
         vertex 2.390003e+00 1.247180e+00 -4.480460e+00
      endloop
   endfacet
   facet normal -3.386572e-02 1.311273e-01 -9.907869e-01
      outer loop
         vertex 2.197088e+00 1.258131e+00 -4.472416e+00
         vertex 2.390003e+00 1.247180e+00 -4.480460e+00
         vertex 2.228124e+00 1.035291e+00 -4.502969e+00
      endloop
   endfacet
   facet normal -2.703431e-02 1.260012e-01 -9.916617e-01
      outer loop
         vertex 2.228124e+00 1.035291e+00 -4.502969e+00
         vertex 2.390003e+00 1.247180e+00 -4.480460e+00
         vertex 2.454484e+00 1.033825e+00 -4.509327e+00
      endloop
   endfacet
   facet normal -2.682482e-02 1.462831e-01 -9.888790e-01
      outer loop
         vertex 2.228124e+00 1.035291e+00 -4.502969e+00
         vertex 2.454484e+00 1.033825e+00 -4.509327e+00
         vertex 2.241362e+00 8.022946e-01 -4.537795e+00
      endloop
   endfacet
   facet normal -1.604181e-02 1.365570e-01 -9.905023e-01
      outer loop
         vertex 2.241362e+00 8.022946e-01 -4.537795e+00
         vertex 2.454484e+00 1.033825e+00 -4.509327e+00
         vertex 2.473293e+00 9.512666e-01 -4.521013e+00
      endloop
   endfacet
   facet normal -1.736856e-02 1.385883e-01 -9.901978e-01
      outer loop
         vertex 2.241362e+00 8.022946e-01 -4.537795e+00
         vertex 2.473293e+00 9.512666e-01 -4.521013e+00
         vertex 2.480944e+00 9.121938e-01 -4.526616e+00
      endloop
   endfacet
   facet normal -4.145304e-02 -2.769246e-03 -9.991366e-01
      outer loop
         vertex 2.024519e+00 -1.399972e+00 -4.474805e+00
         vertex 2.010080e+00 -1.400061e+00 -4.474205e+00
         vertex 2.024828e+00 -1.385282e+00 -4.474858e+00
      endloop
   endfacet
   facet normal -3.996573e-02 -4.255925e-03 -9.991920e-01
      outer loop
         vertex 2.024828e+00 -1.385282e+00 -4.474858e+00
         vertex 2.010080e+00 -1.400061e+00 -4.474205e+00
         vertex 2.010149e+00 -1.384754e+00 -4.474273e+00
      endloop
   endfacet
   facet normal -3.743624e-02 6.379848e-02 -9.972604e-01
      outer loop
         vertex 2.024828e+00 -1.385282e+00 -4.474858e+00
         vertex 2.010149e+00 -1.384754e+00 -4.474273e+00
         vertex 2.024033e+00 -1.369029e+00 -4.473789e+00
      endloop
   endfacet
   facet normal -4.554326e-02 7.093144e-02 -9.964409e-01
      outer loop
         vertex 2.024033e+00 -1.369029e+00 -4.473789e+00
         vertex 2.010149e+00 -1.384754e+00 -4.474273e+00
         vertex 2.009783e+00 -1.369119e+00 -4.473144e+00
      endloop
   endfacet
   facet normal -4.562830e-02 1.097177e-01 -9.929149e-01
      outer loop
         vertex 2.024033e+00 -1.369029e+00 -4.473789e+00
         vertex 2.009783e+00 -1.369119e+00 -4.473144e+00
         vertex 2.023398e+00 -1.338151e+00 -4.470347e+00
      endloop
   endfacet
   facet normal -6.959428e-02 1.200210e-01 -9.903290e-01
      outer loop
         vertex 2.023398e+00 -1.338151e+00 -4.470347e+00
         vertex 2.009783e+00 -1.369119e+00 -4.473144e+00
         vertex 2.009424e+00 -1.338246e+00 -4.469377e+00
      endloop
   endfacet
   facet normal -6.958371e-02 1.259150e-01 -9.895977e-01
      outer loop
         vertex 2.023398e+00 -1.338151e+00 -4.470347e+00
         vertex 2.009424e+00 -1.338246e+00 -4.469377e+00
         vertex 2.026460e+00 -1.312107e+00 -4.467249e+00
      endloop
   endfacet
   facet normal -6.776746e-02 1.247535e-01 -9.898708e-01
      outer loop
         vertex 2.026460e+00 -1.312107e+00 -4.467249e+00
         vertex 2.009424e+00 -1.338246e+00 -4.469377e+00
         vertex 2.014165e+00 -1.281501e+00 -4.462550e+00
      endloop
   endfacet
   facet normal -7.370407e-02 1.223496e-01 -9.897466e-01
      outer loop
         vertex 2.026460e+00 -1.312107e+00 -4.467249e+00
         vertex 2.014165e+00 -1.281501e+00 -4.462550e+00
         vertex 2.035389e+00 -1.281361e+00 -4.464113e+00
      endloop
   endfacet
   facet normal -5.433986e-02 1.066411e-01 -9.928116e-01
      outer loop
         vertex 2.030146e+00 -1.176197e+00 -4.452114e+00
         vertex 2.074961e+00 -1.175739e+00 -4.454517e+00
         vertex 2.014165e+00 -1.281501e+00 -4.462550e+00
      endloop
   endfacet
   facet normal -7.336673e-02 1.173932e-01 -9.903717e-01
      outer loop
         vertex 2.014165e+00 -1.281501e+00 -4.462550e+00
         vertex 2.074961e+00 -1.175739e+00 -4.454517e+00
         vertex 2.036180e+00 -1.279174e+00 -4.463905e+00
      endloop
   endfacet
   facet normal -7.370768e-02 1.208779e-01 -9.899271e-01
      outer loop
         vertex 2.014165e+00 -1.281501e+00 -4.462550e+00
         vertex 2.036180e+00 -1.279174e+00 -4.463905e+00
         vertex 2.035389e+00 -1.281361e+00 -4.464113e+00
      endloop
   endfacet
   facet normal -1.787961e-02 -1.930742e-01 -9.810212e-01
      outer loop
         vertex 2.126577e+00 -3.314256e-01 -4.524924e+00
         vertex 2.322286e+00 -4.317743e-01 -4.508741e+00
         vertex 2.104020e+00 -5.429487e-01 -4.482883e+00
      endloop
   endfacet
   facet normal -2.393234e-02 -1.816673e-01 -9.830688e-01
      outer loop
         vertex 2.104020e+00 -5.429487e-01 -4.482883e+00
         vertex 2.322286e+00 -4.317743e-01 -4.508741e+00
         vertex 2.290089e+00 -5.370461e-01 -4.488504e+00
      endloop
   endfacet
   facet normal -2.600693e-02 -1.246416e-01 -9.918609e-01
      outer loop
         vertex 2.104020e+00 -5.429487e-01 -4.482883e+00
         vertex 2.290089e+00 -5.370461e-01 -4.488504e+00
         vertex 2.081694e+00 -7.544894e-01 -4.455714e+00
      endloop
   endfacet
   facet normal -3.505262e-02 -1.160869e-01 -9.926203e-01
      outer loop
         vertex 2.081694e+00 -7.544894e-01 -4.455714e+00
         vertex 2.290089e+00 -5.370461e-01 -4.488504e+00
         vertex 2.213873e+00 -7.735129e-01 -4.458157e+00
      endloop
   endfacet
   facet normal -2.545201e-02 -4.862594e-02 -9.984927e-01
      outer loop
         vertex 2.081694e+00 -7.544894e-01 -4.455714e+00
         vertex 2.213873e+00 -7.735129e-01 -4.458157e+00
         vertex 2.058785e+00 -9.659613e-01 -4.444832e+00
      endloop
   endfacet
   facet normal -3.907714e-02 -3.764825e-02 -9.985267e-01
      outer loop
         vertex 2.058785e+00 -9.659613e-01 -4.444832e+00
         vertex 2.213873e+00 -7.735129e-01 -4.458157e+00
         vertex 2.151453e+00 -9.628359e-01 -4.448576e+00
      endloop
   endfacet
   facet normal -4.169625e-02 4.025704e-02 -9.983190e-01
      outer loop
         vertex 2.058785e+00 -9.659613e-01 -4.444832e+00
         vertex 2.151453e+00 -9.628359e-01 -4.448576e+00
         vertex 2.030146e+00 -1.176197e+00 -4.452114e+00
      endloop
   endfacet
   facet normal -1.149368e-02 2.310758e-02 -9.996669e-01
      outer loop
         vertex 2.030146e+00 -1.176197e+00 -4.452114e+00
         vertex 2.151453e+00 -9.628359e-01 -4.448576e+00
         vertex 2.088749e+00 -1.137619e+00 -4.451896e+00
      endloop
   endfacet
   facet normal -5.424785e-02 8.802789e-02 -9.946398e-01
      outer loop
         vertex 2.030146e+00 -1.176197e+00 -4.452114e+00
         vertex 2.088749e+00 -1.137619e+00 -4.451896e+00
         vertex 2.074961e+00 -1.175739e+00 -4.454517e+00
      endloop
   endfacet
   facet normal -4.074268e-02 -1.202236e-02 -9.990973e-01
      outer loop
         vertex 2.010044e+00 2.100860e+00 -4.474208e+00
         vertex 2.024453e+00 2.101796e+00 -4.474807e+00
         vertex 2.011213e+00 2.085599e+00 -4.474072e+00
      endloop
   endfacet
   facet normal -4.586095e-02 -7.830517e-03 -9.989171e-01
      outer loop
         vertex 2.011213e+00 2.085599e+00 -4.474072e+00
         vertex 2.024453e+00 2.101796e+00 -4.474807e+00
         vertex 2.025716e+00 2.089410e+00 -4.474767e+00
      endloop
   endfacet
   facet normal -2.499231e-02 -8.669388e-02 -9.959215e-01
      outer loop
         vertex 2.011213e+00 2.085599e+00 -4.474072e+00
         vertex 2.025716e+00 2.089410e+00 -4.474767e+00
         vertex 2.011960e+00 2.069993e+00 -4.472732e+00
      endloop
   endfacet
   facet normal -4.018892e-02 -7.596726e-02 -9.963001e-01
      outer loop
         vertex 2.011960e+00 2.069993e+00 -4.472732e+00
         vertex 2.025716e+00 2.089410e+00 -4.474767e+00
         vertex 2.026182e+00 2.070916e+00 -4.473376e+00
      endloop
   endfacet
   facet normal -3.595825e-02 -1.367742e-01 -9.899494e-01
      outer loop
         vertex 2.011960e+00 2.069993e+00 -4.472732e+00
         vertex 2.026182e+00 2.070916e+00 -4.473376e+00
         vertex 2.013801e+00 2.039223e+00 -4.468548e+00
      endloop
   endfacet
   facet normal -6.071678e-02 -1.271146e-01 -9.900280e-01
      outer loop
         vertex 2.013801e+00 2.039223e+00 -4.468548e+00
         vertex 2.026182e+00 2.070916e+00 -4.473376e+00
         vertex 2.027740e+00 2.040116e+00 -4.469517e+00
      endloop
   endfacet
   facet normal -5.945357e-02 -1.443493e-01 -9.877391e-01
      outer loop
         vertex 2.013801e+00 2.039223e+00 -4.468548e+00
         vertex 2.027740e+00 2.040116e+00 -4.469517e+00
         vertex 2.028300e+00 2.035405e+00 -4.468862e+00
      endloop
   endfacet
   facet normal -2.111262e-02 1.412552e-01 -9.897481e-01
      outer loop
         vertex 2.510884e+00 6.601313e-01 -4.563963e+00
         vertex 2.512011e+00 6.384097e-01 -4.567087e+00
         vertex 2.234940e+00 5.648034e-01 -4.571682e+00
      endloop
   endfacet
   facet normal -1.164578e-02 1.059045e-01 -9.943081e-01
      outer loop
         vertex 2.234940e+00 5.648034e-01 -4.571682e+00
         vertex 2.512011e+00 6.384097e-01 -4.567087e+00
         vertex 2.513621e+00 4.877976e-01 -4.583148e+00
      endloop
   endfacet
   facet normal -2.004569e-02 7.589357e-02 -9.969144e-01
      outer loop
         vertex 2.234940e+00 5.648034e-01 -4.571682e+00
         vertex 2.513621e+00 4.877976e-01 -4.583148e+00
         vertex 2.225034e+00 4.444938e-01 -4.580642e+00
      endloop
   endfacet
   facet normal -1.824517e-02 6.384357e-02 -9.977931e-01
      outer loop
         vertex 2.225034e+00 4.444938e-01 -4.580642e+00
         vertex 2.513621e+00 4.877976e-01 -4.583148e+00
         vertex 2.509681e+00 4.094117e-01 -4.588091e+00
      endloop
   endfacet
   facet normal -2.303113e-02 2.535552e-02 -9.994132e-01
      outer loop
         vertex 2.225034e+00 4.444938e-01 -4.580642e+00
         vertex 2.509681e+00 4.094117e-01 -4.588091e+00
         vertex 2.210205e+00 3.242745e-01 -4.583350e+00
      endloop
   endfacet
   facet normal -2.078730e-02 1.745049e-02 -9.996316e-01
      outer loop
         vertex 2.210205e+00 3.242745e-01 -4.583350e+00
         vertex 2.509681e+00 4.094117e-01 -4.588091e+00
         vertex 2.490918e+00 2.495787e-01 -4.590491e+00
      endloop
   endfacet
   facet normal -3.238726e-02 -2.619097e-02 -9.991322e-01
      outer loop
         vertex 2.210205e+00 3.242745e-01 -4.583350e+00
         vertex 2.490918e+00 2.495787e-01 -4.590491e+00
         vertex 2.179206e+00 9.937907e-02 -4.576450e+00
      endloop
   endfacet
   facet normal -2.903094e-02 -3.314672e-02 -9.990288e-01
      outer loop
         vertex 2.179206e+00 9.937907e-02 -4.576450e+00
         vertex 2.490918e+00 2.495787e-01 -4.590491e+00
         vertex 2.459354e+00 7.571152e-02 -4.583805e+00
      endloop
   endfacet
   facet normal -3.301367e-02 -8.118337e-02 -9.961523e-01
      outer loop
         vertex 2.179206e+00 9.937907e-02 -4.576450e+00
         vertex 2.459354e+00 7.571152e-02 -4.583805e+00
         vertex 2.151799e+00 -1.195495e-01 -4.557699e+00
      endloop
   endfacet
   facet normal -3.248844e-02 -8.200398e-02 -9.961023e-01
      outer loop
         vertex 2.151799e+00 -1.195495e-01 -4.557699e+00
         vertex 2.459354e+00 7.571152e-02 -4.583805e+00
         vertex 2.417426e+00 -1.041407e-01 -4.567632e+00
      endloop
   endfacet
   facet normal -2.828194e-02 -1.495238e-01 -9.883536e-01
      outer loop
         vertex 2.151799e+00 -1.195495e-01 -4.557699e+00
         vertex 2.417426e+00 -1.041407e-01 -4.567632e+00
         vertex 2.126577e+00 -3.314256e-01 -4.524924e+00
      endloop
   endfacet
   facet normal -2.649877e-02 -1.517511e-01 -9.880635e-01
      outer loop
         vertex 2.126577e+00 -3.314256e-01 -4.524924e+00
         vertex 2.417426e+00 -1.041407e-01 -4.567632e+00
         vertex 2.353342e+00 -3.298706e-01 -4.531244e+00
      endloop
   endfacet
   facet normal -2.582601e-02 -2.080488e-01 -9.777774e-01
      outer loop
         vertex 2.126577e+00 -3.314256e-01 -4.524924e+00
         vertex 2.353342e+00 -3.298706e-01 -4.531244e+00
         vertex 2.322286e+00 -4.317743e-01 -4.508741e+00
      endloop
   endfacet
   facet normal 6.615891e-02 -9.972488e-01 3.343290e-02
      outer loop
         vertex 1.937637e+00 2.095863e+00 -4.480000e+00
         vertex 1.940492e+00 2.096001e+00 -4.481552e+00
         vertex 1.940485e+00 2.096104e+00 -4.478448e+00
      endloop
   endfacet
   facet normal 6.611983e-02 -9.972514e-01 3.343290e-02
      outer loop
         vertex 1.940485e+00 2.096104e+00 -4.478448e+00
         vertex 1.940492e+00 2.096001e+00 -4.481552e+00
         vertex 1.948650e+00 2.096493e+00 -4.482999e+00
      endloop
   endfacet
   facet normal 6.614786e-02 -9.972479e-01 3.348349e-02
      outer loop
         vertex 1.940485e+00 2.096104e+00 -4.478448e+00
         vertex 1.948650e+00 2.096493e+00 -4.482999e+00
         vertex 1.948637e+00 2.096694e+00 -4.477002e+00
      endloop
   endfacet
   facet normal 6.616295e-02 -9.972487e-01 3.343042e-02
      outer loop
         vertex 2.062363e+00 2.104137e+00 -4.480000e+00
         vertex 2.059508e+00 2.103999e+00 -4.478448e+00
         vertex 2.059515e+00 2.103896e+00 -4.481552e+00
      endloop
   endfacet
   facet normal 6.614680e-02 -9.972497e-01 3.343042e-02
      outer loop
         vertex 2.059515e+00 2.103896e+00 -4.481552e+00
         vertex 2.059508e+00 2.103999e+00 -4.478448e+00
         vertex 2.051349e+00 2.103507e+00 -4.477002e+00
      endloop
   endfacet
   facet normal 6.614148e-02 -9.972483e-01 3.348349e-02
      outer loop
         vertex 1.948637e+00 2.096694e+00 -4.477002e+00
         vertex 1.948650e+00 2.096493e+00 -4.482999e+00
         vertex 1.960931e+00 2.097551e+00 -4.475760e+00
      endloop
   endfacet
   facet normal 6.615107e-02 -9.972482e-01 3.346720e-02
      outer loop
         vertex 1.960931e+00 2.097551e+00 -4.475760e+00
         vertex 1.948650e+00 2.096493e+00 -4.482999e+00
         vertex 1.960950e+00 2.097267e+00 -4.484240e+00
      endloop
   endfacet
   facet normal 6.615027e-02 -9.972483e-01 3.346720e-02
      outer loop
         vertex 1.960931e+00 2.097551e+00 -4.475760e+00
         vertex 1.960950e+00 2.097267e+00 -4.484240e+00
         vertex 1.975524e+00 2.098551e+00 -4.474807e+00
      endloop
   endfacet
   facet normal 6.615784e-02 -9.972481e-01 3.345549e-02
      outer loop
         vertex 1.975524e+00 2.098551e+00 -4.474807e+00
         vertex 1.960950e+00 2.097267e+00 -4.484240e+00
         vertex 1.975547e+00 2.098204e+00 -4.485193e+00
      endloop
   endfacet
   facet normal 6.614130e-02 -9.972492e-01 3.345549e-02
      outer loop
         vertex 1.975524e+00 2.098551e+00 -4.474807e+00
         vertex 1.975547e+00 2.098204e+00 -4.485193e+00
         vertex 1.989930e+00 2.099526e+00 -4.474208e+00
      endloop
   endfacet
   facet normal 6.613989e-02 -9.972493e-01 3.345735e-02
      outer loop
         vertex 1.989930e+00 2.099526e+00 -4.474208e+00
         vertex 1.975547e+00 2.098204e+00 -4.485193e+00
         vertex 1.989956e+00 2.099139e+00 -4.485792e+00
      endloop
   endfacet
   facet normal 6.616019e-02 -9.972479e-01 3.345735e-02
      outer loop
         vertex 1.989930e+00 2.099526e+00 -4.474208e+00
         vertex 1.989956e+00 2.099139e+00 -4.485792e+00
         vertex 1.999987e+00 2.100200e+00 -4.474003e+00
      endloop
   endfacet
   facet normal 6.615070e-02 -9.972483e-01 3.346545e-02
      outer loop
         vertex 1.999987e+00 2.100200e+00 -4.474003e+00
         vertex 1.989956e+00 2.099139e+00 -4.485792e+00
         vertex 2.000013e+00 2.099800e+00 -4.485996e+00
      endloop
   endfacet
   facet normal 6.613078e-02 -9.972496e-01 3.346545e-02
      outer loop
         vertex 1.999987e+00 2.100200e+00 -4.474003e+00
         vertex 2.000013e+00 2.099800e+00 -4.485996e+00
         vertex 2.010044e+00 2.100860e+00 -4.474208e+00
      endloop
   endfacet
   facet normal 6.613872e-02 -9.972493e-01 3.345867e-02
      outer loop
         vertex 2.010044e+00 2.100860e+00 -4.474208e+00
         vertex 2.000013e+00 2.099800e+00 -4.485996e+00
         vertex 2.010070e+00 2.100474e+00 -4.485792e+00
      endloop
   endfacet
   facet normal 6.615491e-02 -9.972482e-01 3.345867e-02
      outer loop
         vertex 2.010044e+00 2.100860e+00 -4.474208e+00
         vertex 2.010070e+00 2.100474e+00 -4.485792e+00
         vertex 2.024453e+00 2.101796e+00 -4.474807e+00
      endloop
   endfacet
   facet normal 6.615733e-02 -9.972482e-01 3.345549e-02
      outer loop
         vertex 2.024453e+00 2.101796e+00 -4.474807e+00
         vertex 2.010070e+00 2.100474e+00 -4.485792e+00
         vertex 2.024476e+00 2.101449e+00 -4.485193e+00
      endloop
   endfacet
   facet normal 6.614306e-02 -9.972491e-01 3.345549e-02
      outer loop
         vertex 2.024453e+00 2.101796e+00 -4.474807e+00
         vertex 2.024476e+00 2.101449e+00 -4.485193e+00
         vertex 2.039050e+00 2.102732e+00 -4.475760e+00
      endloop
   endfacet
   facet normal 6.615317e-02 -9.972490e-01 3.343985e-02
      outer loop
         vertex 2.039050e+00 2.102732e+00 -4.475760e+00
         vertex 2.024476e+00 2.101449e+00 -4.485193e+00
         vertex 2.039069e+00 2.102449e+00 -4.484240e+00
      endloop
   endfacet
   facet normal 6.614838e-02 -9.972493e-01 3.343985e-02
      outer loop
         vertex 2.039050e+00 2.102732e+00 -4.475760e+00
         vertex 2.039069e+00 2.102449e+00 -4.484240e+00
         vertex 2.051349e+00 2.103507e+00 -4.477002e+00
      endloop
   endfacet
   facet normal -7.334719e-02 -9.614916e-01 2.648660e-01
      outer loop
         vertex 2.051349e+00 2.103507e+00 -4.477002e+00
         vertex 2.039069e+00 2.102449e+00 -4.484240e+00
         vertex 2.051740e+00 2.101854e+00 -4.482894e+00
      endloop
   endfacet
   facet normal 1.991001e-01 -9.400472e-01 2.768943e-01
      outer loop
         vertex 2.051349e+00 2.103507e+00 -4.477002e+00
         vertex 2.051740e+00 2.101854e+00 -4.482894e+00
         vertex 2.059515e+00 2.103896e+00 -4.481552e+00
      endloop
   endfacet
   facet normal 2.084000e-02 -7.723352e-03 -9.997530e-01
      outer loop
         vertex 1.989930e+00 2.099526e+00 -4.474208e+00
         vertex 1.999987e+00 2.100200e+00 -4.474003e+00
         vertex 1.990790e+00 2.084245e+00 -4.474072e+00
      endloop
   endfacet
   facet normal 1.914444e-02 -6.745831e-03 -9.997940e-01
      outer loop
         vertex 1.990790e+00 2.084245e+00 -4.474072e+00
         vertex 1.999987e+00 2.100200e+00 -4.474003e+00
         vertex 2.001001e+00 2.084928e+00 -4.473881e+00
      endloop
   endfacet
   facet normal 2.422714e-02 -8.367538e-02 -9.961985e-01
      outer loop
         vertex 1.990790e+00 2.084245e+00 -4.474072e+00
         vertex 2.001001e+00 2.084928e+00 -4.473881e+00
         vertex 1.992106e+00 2.068676e+00 -4.472732e+00
      endloop
   endfacet
   facet normal 2.779844e-02 -8.561173e-02 -9.959407e-01
      outer loop
         vertex 1.992106e+00 2.068676e+00 -4.472732e+00
         vertex 2.001001e+00 2.084928e+00 -4.473881e+00
         vertex 2.002032e+00 2.069342e+00 -4.472512e+00
      endloop
   endfacet
   facet normal 3.083496e-02 -1.325912e-01 -9.906911e-01
      outer loop
         vertex 1.992106e+00 2.068676e+00 -4.472732e+00
         vertex 2.002032e+00 2.069342e+00 -4.472512e+00
         vertex 1.994344e+00 2.037931e+00 -4.468548e+00
      endloop
   endfacet
   facet normal 4.278411e-02 -1.354119e-01 -9.898652e-01
      outer loop
         vertex 1.994344e+00 2.037931e+00 -4.468548e+00
         vertex 2.002032e+00 2.069342e+00 -4.472512e+00
         vertex 2.004072e+00 2.038588e+00 -4.468217e+00
      endloop
   endfacet
   facet normal 4.265069e-02 -1.332879e-01 -9.901592e-01
      outer loop
         vertex 1.994344e+00 2.037931e+00 -4.468548e+00
         vertex 2.004072e+00 2.038588e+00 -4.468217e+00
         vertex 1.993064e+00 1.981108e+00 -4.460954e+00
      endloop
   endfacet
   facet normal 4.471066e-02 -1.336645e-01 -9.900176e-01
      outer loop
         vertex 1.993064e+00 1.981108e+00 -4.460954e+00
         vertex 2.004072e+00 2.038588e+00 -4.468217e+00
         vertex 2.007831e+00 1.982102e+00 -4.460421e+00
      endloop
   endfacet
   facet normal 4.355271e-02 -1.151900e-01 -9.923882e-01
      outer loop
         vertex 1.993064e+00 1.981108e+00 -4.460954e+00
         vertex 2.007831e+00 1.982102e+00 -4.460421e+00
         vertex 1.983499e+00 1.875191e+00 -4.449079e+00
      endloop
   endfacet
   facet normal 3.405273e-02 -1.130928e-01 -9.930007e-01
      outer loop
         vertex 1.983499e+00 1.875191e+00 -4.449079e+00
         vertex 2.007831e+00 1.982102e+00 -4.460421e+00
         vertex 2.014708e+00 1.877392e+00 -4.448260e+00
      endloop
   endfacet
   facet normal 2.940775e-02 -4.517208e-02 -9.985463e-01
      outer loop
         vertex 1.983499e+00 1.875191e+00 -4.449079e+00
         vertex 2.014708e+00 1.877392e+00 -4.448260e+00
         vertex 1.967095e+00 1.663704e+00 -4.439995e+00
      endloop
   endfacet
   facet normal 2.379745e-02 -4.392992e-02 -9.987511e-01
      outer loop
         vertex 1.967095e+00 1.663704e+00 -4.439995e+00
         vertex 2.014708e+00 1.877392e+00 -4.448260e+00
         vertex 2.031550e+00 1.669580e+00 -4.438718e+00
      endloop
   endfacet
   facet normal 1.527569e-02 4.951972e-02 -9.986563e-01
      outer loop
         vertex 1.967095e+00 1.663704e+00 -4.439995e+00
         vertex 2.031550e+00 1.669580e+00 -4.438718e+00
         vertex 1.955383e+00 1.452537e+00 -4.450645e+00
      endloop
   endfacet
   facet normal 1.189442e-02 5.070556e-02 -9.986428e-01
      outer loop
         vertex 1.955383e+00 1.452537e+00 -4.450645e+00
         vertex 2.031550e+00 1.669580e+00 -4.438718e+00
         vertex 2.053131e+00 1.461826e+00 -4.449009e+00
      endloop
   endfacet
   facet normal 6.688729e-03 1.047515e-01 -9.944759e-01
      outer loop
         vertex 1.955383e+00 1.452537e+00 -4.450645e+00
         vertex 2.053131e+00 1.461826e+00 -4.449009e+00
         vertex 1.937705e+00 1.246978e+00 -4.472416e+00
      endloop
   endfacet
   facet normal 1.063371e-02 1.026522e-01 -9.946605e-01
      outer loop
         vertex 1.937705e+00 1.246978e+00 -4.472416e+00
         vertex 2.053131e+00 1.461826e+00 -4.449009e+00
         vertex 2.067410e+00 1.252245e+00 -4.470486e+00
      endloop
   endfacet
   facet normal 8.868631e-03 1.442330e-01 -9.895040e-01
      outer loop
         vertex 1.937705e+00 1.246978e+00 -4.472416e+00
         vertex 2.067410e+00 1.252245e+00 -4.470486e+00
         vertex 1.912121e+00 1.038944e+00 -4.502969e+00
      endloop
   endfacet
   facet normal 1.554548e-02 1.394636e-01 -9.901052e-01
      outer loop
         vertex 1.912121e+00 1.038944e+00 -4.502969e+00
         vertex 2.067410e+00 1.252245e+00 -4.470486e+00
         vertex 2.070118e+00 1.036725e+00 -4.500801e+00
      endloop
   endfacet
   facet normal 1.578153e-02 1.591849e-01 -9.871226e-01
      outer loop
         vertex 1.912121e+00 1.038944e+00 -4.502969e+00
         vertex 2.070118e+00 1.036725e+00 -4.500801e+00
         vertex 1.880449e+00 8.261252e-01 -4.537795e+00
      endloop
   endfacet
   facet normal 2.332197e-02 1.525516e-01 -9.880203e-01
      outer loop
         vertex 1.880449e+00 8.261252e-01 -4.537795e+00
         vertex 2.070118e+00 1.036725e+00 -4.500801e+00
         vertex 2.060877e+00 8.137809e-01 -4.535442e+00
      endloop
   endfacet
   facet normal 2.308004e-02 1.489085e-01 -9.885816e-01
      outer loop
         vertex 1.880449e+00 8.261252e-01 -4.537795e+00
         vertex 2.060877e+00 8.137809e-01 -4.535442e+00
         vertex 1.844900e+00 6.066667e-01 -4.571682e+00
      endloop
   endfacet
   facet normal 2.829137e-02 1.435881e-01 -9.892331e-01
      outer loop
         vertex 1.844900e+00 6.066667e-01 -4.571682e+00
         vertex 2.060877e+00 8.137809e-01 -4.535442e+00
         vertex 2.039890e+00 5.854559e-01 -4.569184e+00
      endloop
   endfacet
   facet normal 1.804665e-02 4.829749e-02 -9.986700e-01
      outer loop
         vertex 1.844900e+00 6.066667e-01 -4.571682e+00
         vertex 2.039890e+00 5.854559e-01 -4.569184e+00
         vertex 1.810659e+00 3.781948e-01 -4.583350e+00
      endloop
   endfacet
   facet normal 1.913276e-02 4.709879e-02 -9.987070e-01
      outer loop
         vertex 1.810659e+00 3.781948e-01 -4.583350e+00
         vertex 2.039890e+00 5.854559e-01 -4.569184e+00
         vertex 2.010431e+00 3.512313e-01 -4.580794e+00
      endloop
   endfacet
   facet normal 1.043310e-02 -1.745975e-02 -9.997931e-01
      outer loop
         vertex 1.810659e+00 3.781948e-01 -4.583350e+00
         vertex 2.010431e+00 3.512313e-01 -4.580794e+00
         vertex 1.796142e+00 2.552338e-01 -4.581354e+00
      endloop
   endfacet
   facet normal 1.647963e-02 -3.095943e-02 -9.993848e-01
      outer loop
         vertex 1.796142e+00 2.552338e-01 -4.581354e+00
         vertex 2.010431e+00 3.512313e-01 -4.580794e+00
         vertex 1.983636e+00 1.157305e-01 -4.573941e+00
      endloop
   endfacet
   facet normal 1.672852e-02 -8.174844e-02 -9.965126e-01
      outer loop
         vertex 1.970726e+00 -1.138255e-01 -4.555326e+00
         vertex 1.785998e+00 9.917573e-03 -4.568578e+00
         vertex 1.983636e+00 1.157305e-01 -4.573941e+00
      endloop
   endfacet
   facet normal 7.507267e-03 -6.459442e-02 -9.978834e-01
      outer loop
         vertex 1.983636e+00 1.157305e-01 -4.573941e+00
         vertex 1.785998e+00 9.917573e-03 -4.568578e+00
         vertex 1.788038e+00 1.317578e-01 -4.576450e+00
      endloop
   endfacet
   facet normal 9.513338e-03 -4.030927e-02 -9.991420e-01
      outer loop
         vertex 1.983636e+00 1.157305e-01 -4.573941e+00
         vertex 1.788038e+00 1.317578e-01 -4.576450e+00
         vertex 1.796142e+00 2.552338e-01 -4.581354e+00
      endloop
   endfacet
   facet normal 2.030368e-02 -5.180491e-03 -9.997804e-01
      outer loop
         vertex 2.000001e+00 -1.400120e+00 -4.474001e+00
         vertex 1.989922e+00 -1.400170e+00 -4.474205e+00
         vertex 1.999917e+00 -1.384812e+00 -4.474082e+00
      endloop
   endfacet
   facet normal 1.872069e-02 -4.149985e-03 -9.998161e-01
      outer loop
         vertex 1.999917e+00 -1.384812e+00 -4.474082e+00
         vertex 1.989922e+00 -1.400170e+00 -4.474205e+00
         vertex 1.989684e+00 -1.384863e+00 -4.474273e+00
      endloop
   endfacet
   facet normal 1.828149e-02 7.395055e-02 -9.970943e-01
      outer loop
         vertex 1.999917e+00 -1.384812e+00 -4.474082e+00
         vertex 1.989684e+00 -1.384863e+00 -4.474273e+00
         vertex 1.999835e+00 -1.369177e+00 -4.472924e+00
      endloop
   endfacet
   facet normal 2.167570e-02 7.176184e-02 -9.971862e-01
      outer loop
         vertex 1.999835e+00 -1.369177e+00 -4.472924e+00
         vertex 1.989684e+00 -1.384863e+00 -4.474273e+00
         vertex 1.989888e+00 -1.369227e+00 -4.473144e+00
      endloop
   endfacet
   facet normal 2.129687e-02 1.247249e-01 -9.919628e-01
      outer loop
         vertex 1.999835e+00 -1.369177e+00 -4.472924e+00
         vertex 1.989888e+00 -1.369227e+00 -4.473144e+00
         vertex 1.999670e+00 -1.338306e+00 -4.469046e+00
      endloop
   endfacet
   facet normal 3.309615e-02 1.210101e-01 -9.920994e-01
      outer loop
         vertex 1.999670e+00 -1.338306e+00 -4.469046e+00
         vertex 1.989888e+00 -1.369227e+00 -4.473144e+00
         vertex 1.989915e+00 -1.338353e+00 -4.469377e+00
      endloop
   endfacet
   facet normal 3.307742e-02 1.231052e-01 -9.918422e-01
      outer loop
         vertex 1.999670e+00 -1.338306e+00 -4.469046e+00
         vertex 1.989915e+00 -1.338353e+00 -4.469377e+00
         vertex 1.999349e+00 -1.281587e+00 -4.462017e+00
      endloop
   endfacet
   facet normal 3.516500e-02 1.227546e-01 -9.918139e-01
      outer loop
         vertex 1.999349e+00 -1.281587e+00 -4.462017e+00
         vertex 1.989915e+00 -1.338353e+00 -4.469377e+00
         vertex 1.984534e+00 -1.281651e+00 -4.462550e+00
      endloop
   endfacet
   facet normal 3.534169e-02 1.016224e-01 -9.941951e-01
      outer loop
         vertex 1.999349e+00 -1.281587e+00 -4.462017e+00
         vertex 1.984534e+00 -1.281651e+00 -4.462550e+00
         vertex 1.998862e+00 -1.176510e+00 -4.451293e+00
      endloop
   endfacet
   facet normal 2.507569e-02 1.030392e-01 -9.943612e-01
      outer loop
         vertex 1.998862e+00 -1.176510e+00 -4.451293e+00
         vertex 1.984534e+00 -1.281651e+00 -4.462550e+00
         vertex 1.967579e+00 -1.176810e+00 -4.452114e+00
      endloop
   endfacet
   facet normal 2.582338e-02 3.770525e-02 -9.989552e-01
      outer loop
         vertex 1.998862e+00 -1.176510e+00 -4.451293e+00
         vertex 1.967579e+00 -1.176810e+00 -4.452114e+00
         vertex 1.994101e+00 -9.682304e-01 -4.443555e+00
      endloop
   endfacet
   facet normal 1.826707e-02 3.867142e-02 -9.990850e-01
      outer loop
         vertex 1.994101e+00 -9.682304e-01 -4.443555e+00
         vertex 1.967579e+00 -1.176810e+00 -4.452114e+00
         vertex 1.929424e+00 -9.706664e-01 -4.444832e+00
      endloop
   endfacet
   facet normal 2.156866e-02 -4.926538e-02 -9.985528e-01
      outer loop
         vertex 1.994101e+00 -9.682304e-01 -4.443555e+00
         vertex 1.929424e+00 -9.706664e-01 -4.444832e+00
         vertex 1.983631e+00 -7.594774e-01 -4.454080e+00
      endloop
   endfacet
   facet normal 1.934416e-02 -4.869761e-02 -9.986262e-01
      outer loop
         vertex 1.983631e+00 -7.594774e-01 -4.454080e+00
         vertex 1.929424e+00 -9.706664e-01 -4.444832e+00
         vertex 1.885593e+00 -7.649134e-01 -4.455714e+00
      endloop
   endfacet
   facet normal 2.344886e-02 -1.247451e-01 -9.919117e-01
      outer loop
         vertex 1.983631e+00 -7.594774e-01 -4.454080e+00
         vertex 1.885593e+00 -7.649134e-01 -4.455714e+00
         vertex 1.974151e+00 -5.474762e-01 -4.480966e+00
      endloop
   endfacet
   facet normal 1.968238e-02 -1.232424e-01 -9.921814e-01
      outer loop
         vertex 1.974151e+00 -5.474762e-01 -4.480966e+00
         vertex 1.885593e+00 -7.649134e-01 -4.455714e+00
         vertex 1.844311e+00 -5.527819e-01 -4.482883e+00
      endloop
   endfacet
   facet normal 2.227851e-02 -1.906687e-01 -9.814016e-01
      outer loop
         vertex 1.974151e+00 -5.474762e-01 -4.480966e+00
         vertex 1.844311e+00 -5.527819e-01 -4.482883e+00
         vertex 1.968290e+00 -3.329998e-01 -4.522768e+00
      endloop
   endfacet
   facet normal 1.634632e-02 -1.874558e-01 -9.821370e-01
      outer loop
         vertex 1.968290e+00 -3.329998e-01 -4.522768e+00
         vertex 1.844311e+00 -5.527819e-01 -4.482883e+00
         vertex 1.810016e+00 -3.355079e-01 -4.524924e+00
      endloop
   endfacet
   facet normal 1.580006e-02 -1.470879e-01 -9.889972e-01
      outer loop
         vertex 1.968290e+00 -3.329998e-01 -4.522768e+00
         vertex 1.810016e+00 -3.355079e-01 -4.524924e+00
         vertex 1.970726e+00 -1.138255e-01 -4.555326e+00
      endloop
   endfacet
   facet normal 8.976337e-03 -1.422498e-01 -9.897901e-01
      outer loop
         vertex 1.970726e+00 -1.138255e-01 -4.555326e+00
         vertex 1.810016e+00 -3.355079e-01 -4.524924e+00
         vertex 1.789635e+00 -1.087379e-01 -4.557699e+00
      endloop
   endfacet
   facet normal 1.049553e-02 -9.097673e-02 -9.957977e-01
      outer loop
         vertex 1.970726e+00 -1.138255e-01 -4.555326e+00
         vertex 1.789635e+00 -1.087379e-01 -4.557699e+00
         vertex 1.785998e+00 9.917573e-03 -4.568578e+00
      endloop
   endfacet
   facet normal -1.234413e-01 -1.437727e-01 -9.818817e-01
      outer loop
         vertex 2.042123e+00 2.039104e+00 -4.470832e+00
         vertex 2.045615e+00 2.023735e+00 -4.469021e+00
         vertex 2.033448e+00 2.011646e+00 -4.465721e+00
      endloop
   endfacet
   facet normal -1.130903e-01 -1.541032e-01 -9.815614e-01
      outer loop
         vertex 2.033448e+00 2.011646e+00 -4.465721e+00
         vertex 2.045615e+00 2.023735e+00 -4.469021e+00
         vertex 2.051803e+00 2.008439e+00 -4.467332e+00
      endloop
   endfacet
   facet normal -1.137784e-01 -1.584273e-01 -9.807932e-01
      outer loop
         vertex 2.033448e+00 2.011646e+00 -4.465721e+00
         vertex 2.051803e+00 2.008439e+00 -4.467332e+00
         vertex 2.043761e+00 1.984403e+00 -4.462517e+00
      endloop
   endfacet
   facet normal -1.045279e-01 -1.616239e-01 -9.813010e-01
      outer loop
         vertex 2.043761e+00 1.984403e+00 -4.462517e+00
         vertex 2.051803e+00 2.008439e+00 -4.467332e+00
         vertex 2.063318e+00 1.988554e+00 -4.465284e+00
      endloop
   endfacet
   facet normal -1.053899e-01 -1.579051e-01 -9.818141e-01
      outer loop
         vertex 2.043761e+00 1.984403e+00 -4.462517e+00
         vertex 2.063318e+00 1.988554e+00 -4.465284e+00
         vertex 2.059102e+00 1.951841e+00 -4.458927e+00
      endloop
   endfacet
   facet normal -8.772550e-02 -1.601708e-01 -9.831834e-01
      outer loop
         vertex 2.059102e+00 1.951841e+00 -4.458927e+00
         vertex 2.063318e+00 1.988554e+00 -4.465284e+00
         vertex 2.106003e+00 1.928923e+00 -4.459378e+00
      endloop
   endfacet
   facet normal -7.259065e-02 -1.290837e-01 -9.889732e-01
      outer loop
         vertex 2.059102e+00 1.951841e+00 -4.458927e+00
         vertex 2.106003e+00 1.928923e+00 -4.459378e+00
         vertex 2.113156e+00 1.834357e+00 -4.447560e+00
      endloop
   endfacet
   facet normal -4.919224e-02 -1.275190e-01 -9.906155e-01
      outer loop
         vertex 2.113156e+00 1.834357e+00 -4.447560e+00
         vertex 2.106003e+00 1.928923e+00 -4.459378e+00
         vertex 2.135936e+00 1.885738e+00 -4.455305e+00
      endloop
   endfacet
   facet normal -1.309721e-01 -9.075041e-02 -9.872237e-01
      outer loop
         vertex 2.113156e+00 1.834357e+00 -4.447560e+00
         vertex 2.135936e+00 1.885738e+00 -4.455305e+00
         vertex 2.188296e+00 1.684366e+00 -4.443740e+00
      endloop
   endfacet
   facet normal -6.059169e-02 -7.292550e-02 -9.954951e-01
      outer loop
         vertex 2.188296e+00 1.684366e+00 -4.443740e+00
         vertex 2.135936e+00 1.885738e+00 -4.455305e+00
         vertex 2.288261e+00 1.685209e+00 -4.449887e+00
      endloop
   endfacet
   facet normal -6.147019e-02 1.270339e-02 -9.980281e-01
      outer loop
         vertex 2.188296e+00 1.684366e+00 -4.443740e+00
         vertex 2.288261e+00 1.685209e+00 -4.449887e+00
         vertex 2.256883e+00 1.552799e+00 -4.449639e+00
      endloop
   endfacet
   facet normal -7.175652e-02 1.514237e-02 -9.973072e-01
      outer loop
         vertex 2.256883e+00 1.552799e+00 -4.449639e+00
         vertex 2.288261e+00 1.685209e+00 -4.449887e+00
         vertex 2.432508e+00 1.500546e+00 -4.463069e+00
      endloop
   endfacet
   facet normal -5.949894e-02 5.617038e-02 -9.966468e-01
      outer loop
         vertex 2.256883e+00 1.552799e+00 -4.449639e+00
         vertex 2.432508e+00 1.500546e+00 -4.463069e+00
         vertex 2.290777e+00 1.485770e+00 -4.455441e+00
      endloop
   endfacet
   facet normal -5.962908e-02 5.746064e-02 -9.965654e-01
      outer loop
         vertex 2.290777e+00 1.485770e+00 -4.455441e+00
         vertex 2.432508e+00 1.500546e+00 -4.463069e+00
         vertex 2.472930e+00 1.440887e+00 -4.468928e+00
      endloop
   endfacet
   facet normal -5.390814e-02 8.030199e-02 -9.953118e-01
      outer loop
         vertex 2.290777e+00 1.485770e+00 -4.455441e+00
         vertex 2.472930e+00 1.440887e+00 -4.468928e+00
         vertex 2.382840e+00 1.267029e+00 -4.478075e+00
      endloop
   endfacet
   facet normal -5.164264e-02 7.913927e-02 -9.955250e-01
      outer loop
         vertex 2.382840e+00 1.267029e+00 -4.478075e+00
         vertex 2.472930e+00 1.440887e+00 -4.468928e+00
         vertex 2.570994e+00 1.276568e+00 -4.487077e+00
      endloop
   endfacet
   facet normal -5.262500e-02 1.003736e-01 -9.935571e-01
      outer loop
         vertex 2.382840e+00 1.267029e+00 -4.478075e+00
         vertex 2.570994e+00 1.276568e+00 -4.487077e+00
         vertex 2.390003e+00 1.247180e+00 -4.480460e+00
      endloop
   endfacet
   facet normal -5.228997e-02 9.825876e-02 -9.937862e-01
      outer loop
         vertex 2.390003e+00 1.247180e+00 -4.480460e+00
         vertex 2.570994e+00 1.276568e+00 -4.487077e+00
         vertex 2.620156e+00 1.180208e+00 -4.499191e+00
      endloop
   endfacet
   facet normal -4.568523e-02 1.203666e-01 -9.916777e-01
      outer loop
         vertex 2.390003e+00 1.247180e+00 -4.480460e+00
         vertex 2.620156e+00 1.180208e+00 -4.499191e+00
         vertex 2.454484e+00 1.033825e+00 -4.509327e+00
      endloop
   endfacet
   facet normal -4.332699e-02 1.177268e-01 -9.921004e-01
      outer loop
         vertex 2.454484e+00 1.033825e+00 -4.509327e+00
         vertex 2.620156e+00 1.180208e+00 -4.499191e+00
         vertex 2.683806e+00 1.033005e+00 -4.519439e+00
      endloop
   endfacet
   facet normal -4.321221e-02 1.303700e-01 -9.905233e-01
      outer loop
         vertex 2.454484e+00 1.033825e+00 -4.509327e+00
         vertex 2.683806e+00 1.033005e+00 -4.519439e+00
         vertex 2.473293e+00 9.512666e-01 -4.521013e+00
      endloop
   endfacet
   facet normal -4.039012e-02 1.231220e-01 -9.915693e-01
      outer loop
         vertex 2.473293e+00 9.512666e-01 -4.521013e+00
         vertex 2.683806e+00 1.033005e+00 -4.519439e+00
         vertex 2.724603e+00 9.155091e-01 -4.535690e+00
      endloop
   endfacet
   facet normal -3.870277e-02 1.344068e-01 -9.901701e-01
      outer loop
         vertex 2.473293e+00 9.512666e-01 -4.521013e+00
         vertex 2.724603e+00 9.155091e-01 -4.535690e+00
         vertex 2.480944e+00 9.121938e-01 -4.526616e+00
      endloop
   endfacet
   facet normal -3.863135e-02 1.261930e-01 -9.912532e-01
      outer loop
         vertex 2.480944e+00 9.121938e-01 -4.526616e+00
         vertex 2.724603e+00 9.155091e-01 -4.535690e+00
         vertex 2.727905e+00 9.046650e-01 -4.537199e+00
      endloop
   endfacet
   facet normal -3.825671e-02 1.365682e-01 -9.898917e-01
      outer loop
         vertex 2.480944e+00 9.121938e-01 -4.526616e+00
         vertex 2.727905e+00 9.046650e-01 -4.537199e+00
         vertex 2.499960e+00 7.864829e-01 -4.544694e+00
      endloop
   endfacet
   facet normal -3.401746e-02 1.284702e-01 -9.911298e-01
      outer loop
         vertex 2.499960e+00 7.864829e-01 -4.544694e+00
         vertex 2.727905e+00 9.046650e-01 -4.537199e+00
         vertex 2.761982e+00 7.711913e-01 -4.555670e+00
      endloop
   endfacet
   facet normal -3.277126e-02 1.479066e-01 -9.884582e-01
      outer loop
         vertex 2.499960e+00 7.864829e-01 -4.544694e+00
         vertex 2.761982e+00 7.711913e-01 -4.555670e+00
         vertex 2.510884e+00 6.601313e-01 -4.563963e+00
      endloop
   endfacet
   facet normal -2.921814e-02 1.399679e-01 -9.897249e-01
      outer loop
         vertex 2.510884e+00 6.601313e-01 -4.563963e+00
         vertex 2.761982e+00 7.711913e-01 -4.555670e+00
         vertex 2.785071e+00 6.372719e-01 -4.575290e+00
      endloop
   endfacet
   facet normal -2.914237e-02 1.408180e-01 -9.896065e-01
      outer loop
         vertex 2.510884e+00 6.601313e-01 -4.563963e+00
         vertex 2.785071e+00 6.372719e-01 -4.575290e+00
         vertex 2.512011e+00 6.384097e-01 -4.567087e+00
      endloop
   endfacet
   facet normal -6.499052e-02 -1.007783e-02 -9.978350e-01
      outer loop
         vertex 2.039146e+00 -1.399874e+00 -4.475758e+00
         vertex 2.024519e+00 -1.399972e+00 -4.474805e+00
         vertex 2.039801e+00 -1.391514e+00 -4.475886e+00
      endloop
   endfacet
   facet normal -6.934648e-02 -2.176024e-03 -9.975903e-01
      outer loop
         vertex 2.039801e+00 -1.391514e+00 -4.475886e+00
         vertex 2.024519e+00 -1.399972e+00 -4.474805e+00
         vertex 2.024828e+00 -1.385282e+00 -4.474858e+00
      endloop
   endfacet
   facet normal -4.847850e-02 4.798297e-02 -9.976710e-01
      outer loop
         vertex 2.039801e+00 -1.391514e+00 -4.475886e+00
         vertex 2.024828e+00 -1.385282e+00 -4.474858e+00
         vertex 2.038232e+00 -1.365892e+00 -4.474577e+00
      endloop
   endfacet
   facet normal -6.901511e-02 6.215040e-02 -9.956778e-01
      outer loop
         vertex 2.038232e+00 -1.365892e+00 -4.474577e+00
         vertex 2.024828e+00 -1.385282e+00 -4.474858e+00
         vertex 2.024033e+00 -1.369029e+00 -4.473789e+00
      endloop
   endfacet
   facet normal -7.587767e-02 9.396474e-02 -9.926798e-01
      outer loop
         vertex 2.038232e+00 -1.365892e+00 -4.474577e+00
         vertex 2.024033e+00 -1.369029e+00 -4.473789e+00
         vertex 2.037560e+00 -1.337936e+00 -4.471879e+00
      endloop
   endfacet
   facet normal -1.283918e-01 1.470485e-01 -9.807611e-01
      outer loop
         vertex 2.056978e+00 -1.281047e+00 -4.466587e+00
         vertex 2.044805e+00 -1.305717e+00 -4.468692e+00
         vertex 2.026460e+00 -1.312107e+00 -4.467249e+00
      endloop
   endfacet
   facet normal -1.232771e-01 1.317247e-01 -9.835911e-01
      outer loop
         vertex 2.026460e+00 -1.312107e+00 -4.467249e+00
         vertex 2.044805e+00 -1.305717e+00 -4.468692e+00
         vertex 2.039865e+00 -1.321432e+00 -4.470178e+00
      endloop
   endfacet
   facet normal -1.234144e-01 1.315302e-01 -9.835999e-01
      outer loop
         vertex 2.026460e+00 -1.312107e+00 -4.467249e+00
         vertex 2.039865e+00 -1.321432e+00 -4.470178e+00
         vertex 2.023398e+00 -1.338151e+00 -4.470347e+00
      endloop
   endfacet
   facet normal -1.085640e-01 1.169395e-01 -9.871874e-01
      outer loop
         vertex 2.023398e+00 -1.338151e+00 -4.470347e+00
         vertex 2.039865e+00 -1.321432e+00 -4.470178e+00
         vertex 2.037560e+00 -1.337936e+00 -4.471879e+00
      endloop
   endfacet
   facet normal -1.085385e-01 1.078998e-01 -9.882191e-01
      outer loop
         vertex 2.023398e+00 -1.338151e+00 -4.470347e+00
         vertex 2.037560e+00 -1.337936e+00 -4.471879e+00
         vertex 2.024033e+00 -1.369029e+00 -4.473789e+00
      endloop
   endfacet
   facet normal -1.147481e-01 1.337192e-01 -9.843536e-01
      outer loop
         vertex 2.026460e+00 -1.312107e+00 -4.467249e+00
         vertex 2.035389e+00 -1.281361e+00 -4.464113e+00
         vertex 2.056978e+00 -1.281047e+00 -4.466587e+00
      endloop
   endfacet
   facet normal -1.147465e-01 1.351775e-01 -9.841546e-01
      outer loop
         vertex 2.056978e+00 -1.281047e+00 -4.466587e+00
         vertex 2.035389e+00 -1.281361e+00 -4.464113e+00
         vertex 2.036180e+00 -1.279174e+00 -4.463905e+00
      endloop
   endfacet
   facet normal -1.137344e-01 1.446531e-01 -9.829242e-01
      outer loop
         vertex 2.056978e+00 -1.281047e+00 -4.466587e+00
         vertex 2.036180e+00 -1.279174e+00 -4.463905e+00
         vertex 2.120903e+00 -1.174324e+00 -4.458278e+00
      endloop
   endfacet
   facet normal -4.776150e-02 -7.841413e-02 -9.957761e-01
      outer loop
         vertex 2.417426e+00 -1.041407e-01 -4.567632e+00
         vertex 2.459354e+00 7.571152e-02 -4.583805e+00
         vertex 2.743135e+00 5.146055e-02 -4.595507e+00
      endloop
   endfacet
   facet normal -4.292769e-02 -8.842160e-02 -9.951577e-01
      outer loop
         vertex 2.743135e+00 5.146055e-02 -4.595507e+00
         vertex 2.673937e+00 -1.375561e-01 -4.575728e+00
         vertex 2.417426e+00 -1.041407e-01 -4.567632e+00
      endloop
   endfacet
   facet normal -4.712131e-02 -1.215068e-01 -9.914715e-01
      outer loop
         vertex 2.417426e+00 -1.041407e-01 -4.567632e+00
         vertex 2.673937e+00 -1.375561e-01 -4.575728e+00
         vertex 2.669421e+00 -1.481844e-01 -4.574210e+00
      endloop
   endfacet
   facet normal -5.110198e-02 -1.447793e-01 -9.881435e-01
      outer loop
         vertex 2.417426e+00 -1.041407e-01 -4.567632e+00
         vertex 2.669421e+00 -1.481844e-01 -4.574210e+00
         vertex 2.353342e+00 -3.298706e-01 -4.531244e+00
      endloop
   endfacet
   facet normal -4.262297e-02 -1.591040e-01 -9.863413e-01
      outer loop
         vertex 2.353342e+00 -3.298706e-01 -4.531244e+00
         vertex 2.669421e+00 -1.481844e-01 -4.574210e+00
         vertex 2.583076e+00 -3.290861e-01 -4.541298e+00
      endloop
   endfacet
   facet normal -4.211766e-02 -2.031847e-01 -9.782342e-01
      outer loop
         vertex 2.353342e+00 -3.298706e-01 -4.531244e+00
         vertex 2.583076e+00 -3.290861e-01 -4.541298e+00
         vertex 2.322286e+00 -4.317743e-01 -4.508741e+00
      endloop
   endfacet
   facet normal -4.323898e-02 -2.004972e-01 -9.787396e-01
      outer loop
         vertex 2.322286e+00 -4.317743e-01 -4.508741e+00
         vertex 2.583076e+00 -3.290861e-01 -4.541298e+00
         vertex 2.506723e+00 -4.773758e-01 -4.507548e+00
      endloop
   endfacet
   facet normal -3.753964e-02 -1.775678e-01 -9.833923e-01
      outer loop
         vertex 2.322286e+00 -4.317743e-01 -4.508741e+00
         vertex 2.506723e+00 -4.773758e-01 -4.507548e+00
         vertex 2.290089e+00 -5.370461e-01 -4.488504e+00
      endloop
   endfacet
   facet normal -5.724403e-02 -1.089063e-01 -9.924024e-01
      outer loop
         vertex 2.290089e+00 -5.370461e-01 -4.488504e+00
         vertex 2.506723e+00 -4.773758e-01 -4.507548e+00
         vertex 2.213873e+00 -7.735129e-01 -4.458157e+00
      endloop
   endfacet
   facet normal -8.469662e-02 1.215138e-01 -9.889696e-01
      outer loop
         vertex 2.036180e+00 -1.279174e+00 -4.463905e+00
         vertex 2.074961e+00 -1.175739e+00 -4.454517e+00
         vertex 2.120903e+00 -1.174324e+00 -4.458278e+00
      endloop
   endfacet
   facet normal -8.420392e-02 9.865083e-02 -9.915532e-01
      outer loop
         vertex 2.120903e+00 -1.174324e+00 -4.458278e+00
         vertex 2.074961e+00 -1.175739e+00 -4.454517e+00
         vertex 2.088749e+00 -1.137619e+00 -4.451896e+00
      endloop
   endfacet
   facet normal -1.064771e-01 7.907163e-02 -9.911661e-01
      outer loop
         vertex 2.120903e+00 -1.174324e+00 -4.458278e+00
         vertex 2.088749e+00 -1.137619e+00 -4.451896e+00
         vertex 2.245336e+00 -9.598111e-01 -4.454532e+00
      endloop
   endfacet
   facet normal -6.460669e-02 4.211170e-02 -9.970219e-01
      outer loop
         vertex 2.245336e+00 -9.598111e-01 -4.454532e+00
         vertex 2.088749e+00 -1.137619e+00 -4.451896e+00
         vertex 2.151453e+00 -9.628359e-01 -4.448576e+00
      endloop
   endfacet
   facet normal -6.286216e-02 -1.381654e-02 -9.979266e-01
      outer loop
         vertex 2.245336e+00 -9.598111e-01 -4.454532e+00
         vertex 2.151453e+00 -9.628359e-01 -4.448576e+00
         vertex 2.323694e+00 -8.167030e-01 -4.461450e+00
      endloop
   endfacet
   facet normal -4.408342e-02 -3.599022e-02 -9.983794e-01
      outer loop
         vertex 2.323694e+00 -8.167030e-01 -4.461450e+00
         vertex 2.151453e+00 -9.628359e-01 -4.448576e+00
         vertex 2.213873e+00 -7.735129e-01 -4.458157e+00
      endloop
   endfacet
   facet normal -5.321549e-02 -5.932971e-02 -9.968190e-01
      outer loop
         vertex 2.323694e+00 -8.167030e-01 -4.461450e+00
         vertex 2.213873e+00 -7.735129e-01 -4.458157e+00
         vertex 2.364546e+00 -7.411602e-01 -4.468127e+00
      endloop
   endfacet
   facet normal -3.819342e-02 -1.275281e-01 -9.910993e-01
      outer loop
         vertex 2.364546e+00 -7.411602e-01 -4.468127e+00
         vertex 2.213873e+00 -7.735129e-01 -4.458157e+00
         vertex 2.506723e+00 -4.773758e-01 -4.507548e+00
      endloop
   endfacet
   facet normal -9.957277e-02 -1.515990e-01 -9.834140e-01
      outer loop
         vertex 2.033448e+00 2.011646e+00 -4.465721e+00
         vertex 2.028300e+00 2.035405e+00 -4.468862e+00
         vertex 2.042123e+00 2.039104e+00 -4.470832e+00
      endloop
   endfacet
   facet normal -1.004104e-01 -1.486613e-01 -9.837772e-01
      outer loop
         vertex 2.042123e+00 2.039104e+00 -4.470832e+00
         vertex 2.028300e+00 2.035405e+00 -4.468862e+00
         vertex 2.027740e+00 2.040116e+00 -4.469517e+00
      endloop
   endfacet
   facet normal -9.864153e-02 -1.178957e-01 -9.881146e-01
      outer loop
         vertex 2.042123e+00 2.039104e+00 -4.470832e+00
         vertex 2.027740e+00 2.040116e+00 -4.469517e+00
         vertex 2.040566e+00 2.064358e+00 -4.473690e+00
      endloop
   endfacet
   facet normal -7.987602e-02 -1.279010e-01 -9.885652e-01
      outer loop
         vertex 2.040566e+00 2.064358e+00 -4.473690e+00
         vertex 2.027740e+00 2.040116e+00 -4.469517e+00
         vertex 2.026182e+00 2.070916e+00 -4.473376e+00
      endloop
   endfacet
   facet normal -5.730809e-02 -7.807311e-02 -9.952991e-01
      outer loop
         vertex 2.040566e+00 2.064358e+00 -4.473690e+00
         vertex 2.026182e+00 2.070916e+00 -4.473376e+00
         vertex 2.040655e+00 2.087979e+00 -4.475548e+00
      endloop
   endfacet
   facet normal -5.931258e-02 -7.637478e-02 -9.953135e-01
      outer loop
         vertex 2.040655e+00 2.087979e+00 -4.475548e+00
         vertex 2.026182e+00 2.070916e+00 -4.473376e+00
         vertex 2.025716e+00 2.089410e+00 -4.474767e+00
      endloop
   endfacet
   facet normal -5.491656e-02 -2.897048e-02 -9.980706e-01
      outer loop
         vertex 2.040655e+00 2.087979e+00 -4.475548e+00
         vertex 2.025716e+00 2.089410e+00 -4.474767e+00
         vertex 2.039770e+00 2.098945e+00 -4.475818e+00
      endloop
   endfacet
   facet normal -6.771789e-02 -1.005503e-02 -9.976538e-01
      outer loop
         vertex 2.039770e+00 2.098945e+00 -4.475818e+00
         vertex 2.025716e+00 2.089410e+00 -4.474767e+00
         vertex 2.024453e+00 2.101796e+00 -4.474807e+00
      endloop
   endfacet
   facet normal -6.533884e-02 2.797316e-03 -9.978592e-01
      outer loop
         vertex 2.039770e+00 2.098945e+00 -4.475818e+00
         vertex 2.024453e+00 2.101796e+00 -4.474807e+00
         vertex 2.039050e+00 2.102732e+00 -4.475760e+00
      endloop
   endfacet
   facet normal -2.917732e-02 1.366419e-01 -9.901907e-01
      outer loop
         vertex 2.785071e+00 6.372719e-01 -4.575290e+00
         vertex 2.785947e+00 6.306593e-01 -4.576229e+00
         vertex 2.512011e+00 6.384097e-01 -4.567087e+00
      endloop
   endfacet
   facet normal -2.995649e-02 1.126339e-01 -9.931849e-01
      outer loop
         vertex 2.512011e+00 6.384097e-01 -4.567087e+00
         vertex 2.785947e+00 6.306593e-01 -4.576229e+00
         vertex 2.797571e+00 5.065599e-01 -4.590653e+00
      endloop
   endfacet
   facet normal -3.324769e-02 1.056247e-01 -9.938501e-01
      outer loop
         vertex 2.512011e+00 6.384097e-01 -4.567087e+00
         vertex 2.797571e+00 5.065599e-01 -4.590653e+00
         vertex 2.513621e+00 4.877976e-01 -4.583148e+00
      endloop
   endfacet
   facet normal -3.159247e-02 7.958369e-02 -9.963274e-01
      outer loop
         vertex 2.513621e+00 4.877976e-01 -4.583148e+00
         vertex 2.797571e+00 5.065599e-01 -4.590653e+00
         vertex 2.799423e+00 4.337942e-01 -4.596524e+00
      endloop
   endfacet
   facet normal -3.446447e-02 6.462860e-02 -9.973141e-01
      outer loop
         vertex 2.513621e+00 4.877976e-01 -4.583148e+00
         vertex 2.799423e+00 4.337942e-01 -4.596524e+00
         vertex 2.509681e+00 4.094117e-01 -4.588091e+00
      endloop
   endfacet
   facet normal -3.391173e-02 5.791107e-02 -9.977456e-01
      outer loop
         vertex 2.509681e+00 4.094117e-01 -4.588091e+00
         vertex 2.799423e+00 4.337942e-01 -4.596524e+00
         vertex 2.798072e+00 3.741073e-01 -4.599942e+00
      endloop
   endfacet
   facet normal -3.866308e-02 1.954038e-02 -9.990612e-01
      outer loop
         vertex 2.509681e+00 4.094117e-01 -4.588091e+00
         vertex 2.798072e+00 3.741073e-01 -4.599942e+00
         vertex 2.490918e+00 2.495787e-01 -4.590491e+00
      endloop
   endfacet
   facet normal -4.122154e-02 2.586960e-02 -9.988151e-01
      outer loop
         vertex 2.490918e+00 2.495787e-01 -4.590491e+00
         vertex 2.798072e+00 3.741073e-01 -4.599942e+00
         vertex 2.786319e+00 2.465515e-01 -4.602761e+00
      endloop
   endfacet
   facet normal -4.179561e-02 -3.081485e-02 -9.986509e-01
      outer loop
         vertex 2.490918e+00 2.495787e-01 -4.590491e+00
         vertex 2.786319e+00 2.465515e-01 -4.602761e+00
         vertex 2.459354e+00 7.571152e-02 -4.583805e+00
      endloop
   endfacet
   facet normal -4.541435e-02 -2.389257e-02 -9.986825e-01
      outer loop
         vertex 2.459354e+00 7.571152e-02 -4.583805e+00
         vertex 2.786319e+00 2.465515e-01 -4.602761e+00
         vertex 2.748927e+00 7.120845e-02 -4.596866e+00
      endloop
   endfacet
   facet normal -4.584414e-02 -5.518267e-02 -9.974233e-01
      outer loop
         vertex 2.459354e+00 7.571152e-02 -4.583805e+00
         vertex 2.748927e+00 7.120845e-02 -4.596866e+00
         vertex 2.743135e+00 5.146055e-02 -4.595507e+00
      endloop
   endfacet
   facet normal -1.002237e-01 -3.875220e-03 -9.949574e-01
      outer loop
         vertex 2.039770e+00 2.098945e+00 -4.475818e+00
         vertex 2.039050e+00 2.102732e+00 -4.475760e+00
         vertex 2.051349e+00 2.103507e+00 -4.477002e+00
      endloop
   endfacet
   facet normal -6.007468e-02 2.758469e-02 -9.978127e-01
      outer loop
         vertex 2.786319e+00 2.465515e-01 -4.602761e+00
         vertex 2.798072e+00 3.741073e-01 -4.599942e+00
         vertex 3.041072e+00 3.446631e-01 -4.615386e+00
      endloop
   endfacet
   facet normal -5.241704e-02 1.073172e-01 -9.928421e-01
      outer loop
         vertex 3.016145e+00 6.188756e-01 -4.590052e+00
         vertex 3.036194e+00 4.826641e-01 -4.605834e+00
         vertex 2.797571e+00 5.065599e-01 -4.590653e+00
      endloop
   endfacet
   facet normal -5.519676e-02 6.700866e-02 -9.962245e-01
      outer loop
         vertex 3.041072e+00 3.446631e-01 -4.615386e+00
         vertex 2.798072e+00 3.741073e-01 -4.599942e+00
         vertex 3.036194e+00 4.826641e-01 -4.605834e+00
      endloop
   endfacet
   facet normal -5.122699e-02 5.825954e-02 -9.969863e-01
      outer loop
         vertex 3.036194e+00 4.826641e-01 -4.605834e+00
         vertex 2.798072e+00 3.741073e-01 -4.599942e+00
         vertex 2.799423e+00 4.337942e-01 -4.596524e+00
      endloop
   endfacet
   facet normal -5.542199e-02 7.889739e-02 -9.953409e-01
      outer loop
         vertex 3.036194e+00 4.826641e-01 -4.605834e+00
         vertex 2.799423e+00 4.337942e-01 -4.596524e+00
         vertex 2.797571e+00 5.065599e-01 -4.590653e+00
      endloop
   endfacet
   facet normal -5.395044e-02 1.102991e-01 -9.924331e-01
      outer loop
         vertex 2.797571e+00 5.065599e-01 -4.590653e+00
         vertex 2.785947e+00 6.306593e-01 -4.576229e+00
         vertex 3.016145e+00 6.188756e-01 -4.590052e+00
      endloop
   endfacet
   facet normal -5.259788e-02 1.334647e-01 -9.896568e-01
      outer loop
         vertex 3.016145e+00 6.188756e-01 -4.590052e+00
         vertex 2.785947e+00 6.306593e-01 -4.576229e+00
         vertex 2.785071e+00 6.372719e-01 -4.575290e+00
      endloop
   endfacet
   facet normal -5.298365e-02 1.290702e-01 -9.902190e-01
      outer loop
         vertex 3.016145e+00 6.188756e-01 -4.590052e+00
         vertex 2.785071e+00 6.372719e-01 -4.575290e+00
         vertex 2.982789e+00 7.592305e-01 -4.569973e+00
      endloop
   endfacet
   facet normal -5.675686e-02 1.351429e-01 -9.891992e-01
      outer loop
         vertex 2.982789e+00 7.592305e-01 -4.569973e+00
         vertex 2.785071e+00 6.372719e-01 -4.575290e+00
         vertex 2.761982e+00 7.711913e-01 -4.555670e+00
      endloop
   endfacet
   facet normal -5.800249e-02 1.150905e-01 -9.916602e-01
      outer loop
         vertex 2.982789e+00 7.592305e-01 -4.569973e+00
         vertex 2.761982e+00 7.711913e-01 -4.555670e+00
         vertex 2.935996e+00 8.992014e-01 -4.550991e+00
      endloop
   endfacet
   facet normal -6.247913e-02 1.211397e-01 -9.906672e-01
      outer loop
         vertex 2.935996e+00 8.992014e-01 -4.550991e+00
         vertex 2.761982e+00 7.711913e-01 -4.555670e+00
         vertex 2.727905e+00 9.046650e-01 -4.537199e+00
      endloop
   endfacet
   facet normal -6.291021e-02 1.083804e-01 -9.921169e-01
      outer loop
         vertex 2.935996e+00 8.992014e-01 -4.550991e+00
         vertex 2.727905e+00 9.046650e-01 -4.537199e+00
         vertex 2.877014e+00 1.033157e+00 -4.532618e+00
      endloop
   endfacet
   facet normal -1.721751e-01 -1.990933e-01 -9.647371e-01
      outer loop
         vertex 2.063318e+00 1.988554e+00 -4.465284e+00
         vertex 2.051803e+00 2.008439e+00 -4.467332e+00
         vertex 2.063870e+00 2.013087e+00 -4.470445e+00
      endloop
   endfacet
   facet normal -1.706789e-01 -1.534931e-01 -9.732978e-01
      outer loop
         vertex 2.042123e+00 2.039104e+00 -4.470832e+00
         vertex 2.055202e+00 2.034299e+00 -4.472368e+00
         vertex 2.045615e+00 2.023735e+00 -4.469021e+00
      endloop
   endfacet
   facet normal -1.804578e-01 -1.444968e-01 -9.729109e-01
      outer loop
         vertex 2.045615e+00 2.023735e+00 -4.469021e+00
         vertex 2.055202e+00 2.034299e+00 -4.472368e+00
         vertex 2.057368e+00 2.027051e+00 -4.471693e+00
      endloop
   endfacet
   facet normal -1.707560e-01 -1.760936e-01 -9.694501e-01
      outer loop
         vertex 2.045615e+00 2.023735e+00 -4.469021e+00
         vertex 2.057368e+00 2.027051e+00 -4.471693e+00
         vertex 2.051803e+00 2.008439e+00 -4.467332e+00
      endloop
   endfacet
   facet normal -1.951688e-01 -1.680474e-01 -9.662656e-01
      outer loop
         vertex 2.051803e+00 2.008439e+00 -4.467332e+00
         vertex 2.057368e+00 2.027051e+00 -4.471693e+00
         vertex 2.060284e+00 2.019985e+00 -4.471053e+00
      endloop
   endfacet
   facet normal -1.804908e-01 -1.791079e-01 -9.671316e-01
      outer loop
         vertex 2.051803e+00 2.008439e+00 -4.467332e+00
         vertex 2.060284e+00 2.019985e+00 -4.471053e+00
         vertex 2.063870e+00 2.013087e+00 -4.470445e+00
      endloop
   endfacet
   facet normal -1.761748e-01 -1.988614e-01 -9.640625e-01
      outer loop
         vertex 2.063870e+00 2.013087e+00 -4.470445e+00
         vertex 2.072724e+00 1.999722e+00 -4.469306e+00
         vertex 2.063318e+00 1.988554e+00 -4.465284e+00
      endloop
   endfacet
   facet normal -1.614723e-01 -2.112241e-01 -9.640078e-01
      outer loop
         vertex 2.063318e+00 1.988554e+00 -4.465284e+00
         vertex 2.072724e+00 1.999722e+00 -4.469306e+00
         vertex 2.083264e+00 1.986815e+00 -4.468244e+00
      endloop
   endfacet
   facet normal -1.614634e-01 -2.110580e-01 -9.640457e-01
      outer loop
         vertex 2.063318e+00 1.988554e+00 -4.465284e+00
         vertex 2.083264e+00 1.986815e+00 -4.468244e+00
         vertex 2.106003e+00 1.928923e+00 -4.459378e+00
      endloop
   endfacet
   facet normal -1.326910e-01 -2.007620e-01 -9.706120e-01
      outer loop
         vertex 2.106003e+00 1.928923e+00 -4.459378e+00
         vertex 2.083264e+00 1.986815e+00 -4.468244e+00
         vertex 2.174103e+00 1.888310e+00 -4.460287e+00
      endloop
   endfacet
   facet normal -1.160416e-01 -1.726762e-01 -9.781193e-01
      outer loop
         vertex 2.106003e+00 1.928923e+00 -4.459378e+00
         vertex 2.174103e+00 1.888310e+00 -4.460287e+00
         vertex 2.135936e+00 1.885738e+00 -4.455305e+00
      endloop
   endfacet
   facet normal -1.206843e-01 -1.183059e-01 -9.856161e-01
      outer loop
         vertex 2.135936e+00 1.885738e+00 -4.455305e+00
         vertex 2.174103e+00 1.888310e+00 -4.460287e+00
         vertex 2.288261e+00 1.685209e+00 -4.449887e+00
      endloop
   endfacet
   facet normal -8.256281e-02 -9.719721e-02 -9.918347e-01
      outer loop
         vertex 2.288261e+00 1.685209e+00 -4.449887e+00
         vertex 2.174103e+00 1.888310e+00 -4.460287e+00
         vertex 2.360548e+00 1.701113e+00 -4.457463e+00
      endloop
   endfacet
   facet normal -1.022914e-01 -8.894463e-03 -9.947147e-01
      outer loop
         vertex 2.288261e+00 1.685209e+00 -4.449887e+00
         vertex 2.360548e+00 1.701113e+00 -4.457463e+00
         vertex 2.432508e+00 1.500546e+00 -4.463069e+00
      endloop
   endfacet
   facet normal -4.759920e-02 1.084250e-02 -9.988077e-01
      outer loop
         vertex 2.360548e+00 1.701113e+00 -4.457463e+00
         vertex 2.455817e+00 1.611025e+00 -4.462981e+00
         vertex 2.432508e+00 1.500546e+00 -4.463069e+00
      endloop
   endfacet
   facet normal -8.499747e-02 1.873081e-02 -9.962051e-01
      outer loop
         vertex 2.432508e+00 1.500546e+00 -4.463069e+00
         vertex 2.455817e+00 1.611025e+00 -4.462981e+00
         vertex 2.551869e+00 1.513449e+00 -4.473011e+00
      endloop
   endfacet
   facet normal -8.709729e-02 3.873925e-02 -9.954463e-01
      outer loop
         vertex 2.432508e+00 1.500546e+00 -4.463069e+00
         vertex 2.551869e+00 1.513449e+00 -4.473011e+00
         vertex 2.472930e+00 1.440887e+00 -4.468928e+00
      endloop
   endfacet
   facet normal -8.503282e-02 3.647851e-02 -9.957102e-01
      outer loop
         vertex 2.472930e+00 1.440887e+00 -4.468928e+00
         vertex 2.551869e+00 1.513449e+00 -4.473011e+00
         vertex 2.643734e+00 1.402427e+00 -4.484923e+00
      endloop
   endfacet
   facet normal -7.904906e-02 6.271398e-02 -9.948961e-01
      outer loop
         vertex 2.472930e+00 1.440887e+00 -4.468928e+00
         vertex 2.643734e+00 1.402427e+00 -4.484923e+00
         vertex 2.570994e+00 1.276568e+00 -4.487077e+00
      endloop
   endfacet
   facet normal -7.704685e-02 6.156074e-02 -9.951251e-01
      outer loop
         vertex 2.570994e+00 1.276568e+00 -4.487077e+00
         vertex 2.643734e+00 1.402427e+00 -4.484923e+00
         vertex 2.729480e+00 1.285270e+00 -4.498810e+00
      endloop
   endfacet
   facet normal -7.819838e-02 8.498052e-02 -9.933093e-01
      outer loop
         vertex 2.570994e+00 1.276568e+00 -4.487077e+00
         vertex 2.729480e+00 1.285270e+00 -4.498810e+00
         vertex 2.620156e+00 1.180208e+00 -4.499191e+00
      endloop
   endfacet
   facet normal -7.475036e-02 8.139470e-02 -9.938749e-01
      outer loop
         vertex 2.620156e+00 1.180208e+00 -4.499191e+00
         vertex 2.729480e+00 1.285270e+00 -4.498810e+00
         vertex 2.807702e+00 1.161804e+00 -4.514804e+00
      endloop
   endfacet
   facet normal -7.224526e-02 1.051848e-01 -9.918250e-01
      outer loop
         vertex 2.620156e+00 1.180208e+00 -4.499191e+00
         vertex 2.807702e+00 1.161804e+00 -4.514804e+00
         vertex 2.683806e+00 1.033005e+00 -4.519439e+00
      endloop
   endfacet
   facet normal -6.778342e-02 1.009201e-01 -9.925828e-01
      outer loop
         vertex 2.683806e+00 1.033005e+00 -4.519439e+00
         vertex 2.807702e+00 1.161804e+00 -4.514804e+00
         vertex 2.877014e+00 1.033157e+00 -4.532618e+00
      endloop
   endfacet
   facet normal -6.770034e-02 1.135909e-01 -9.912183e-01
      outer loop
         vertex 2.683806e+00 1.033005e+00 -4.519439e+00
         vertex 2.877014e+00 1.033157e+00 -4.532618e+00
         vertex 2.724603e+00 9.155091e-01 -4.535690e+00
      endloop
   endfacet
   facet normal -7.000622e-02 1.165650e-01 -9.907127e-01
      outer loop
         vertex 2.724603e+00 9.155091e-01 -4.535690e+00
         vertex 2.877014e+00 1.033157e+00 -4.532618e+00
         vertex 2.727905e+00 9.046650e-01 -4.537199e+00
      endloop
   endfacet
   facet normal -1.922825e-01 1.520820e-01 -9.694836e-01
      outer loop
         vertex 2.039865e+00 -1.321432e+00 -4.470178e+00
         vertex 2.044805e+00 -1.305717e+00 -4.468692e+00
         vertex 2.054456e+00 -1.315782e+00 -4.472185e+00
      endloop
   endfacet
   facet normal -1.003167e-01 9.697177e-04 -9.949551e-01
      outer loop
         vertex 2.051469e+00 -1.399783e+00 -4.477001e+00
         vertex 2.039146e+00 -1.399874e+00 -4.475758e+00
         vertex 2.052050e+00 -1.396018e+00 -4.477056e+00
      endloop
   endfacet
   facet normal -9.781869e-02 -7.463807e-03 -9.951763e-01
      outer loop
         vertex 2.052050e+00 -1.396018e+00 -4.477056e+00
         vertex 2.039146e+00 -1.399874e+00 -4.475758e+00
         vertex 2.039801e+00 -1.391514e+00 -4.475886e+00
      endloop
   endfacet
   facet normal -1.859962e-01 1.344916e-01 -9.733023e-01
      outer loop
         vertex 2.054456e+00 -1.315782e+00 -4.472185e+00
         vertex 2.052046e+00 -1.323038e+00 -4.472727e+00
         vertex 2.039865e+00 -1.321432e+00 -4.470178e+00
      endloop
   endfacet
   facet normal -1.885070e-01 1.180604e-01 -9.749497e-01
      outer loop
         vertex 2.039865e+00 -1.321432e+00 -4.470178e+00
         vertex 2.052046e+00 -1.323038e+00 -4.472727e+00
         vertex 2.050394e+00 -1.330425e+00 -4.473303e+00
      endloop
   endfacet
   facet normal -1.818560e-01 1.259436e-01 -9.752264e-01
      outer loop
         vertex 2.039865e+00 -1.321432e+00 -4.470178e+00
         vertex 2.050394e+00 -1.330425e+00 -4.473303e+00
         vertex 2.037560e+00 -1.337936e+00 -4.471879e+00
      endloop
   endfacet
   facet normal -1.664804e-01 9.856117e-02 -9.811065e-01
      outer loop
         vertex 2.037560e+00 -1.337936e+00 -4.471879e+00
         vertex 2.050394e+00 -1.330425e+00 -4.473303e+00
         vertex 2.049480e+00 -1.337938e+00 -4.473902e+00
      endloop
   endfacet
   facet normal -1.666062e-01 9.073794e-02 -9.818396e-01
      outer loop
         vertex 2.037560e+00 -1.337936e+00 -4.471879e+00
         vertex 2.049480e+00 -1.337938e+00 -4.473902e+00
         vertex 2.038232e+00 -1.365892e+00 -4.474577e+00
      endloop
   endfacet
   facet normal -1.349056e-01 7.812564e-02 -9.877737e-01
      outer loop
         vertex 2.038232e+00 -1.365892e+00 -4.474577e+00
         vertex 2.049480e+00 -1.337938e+00 -4.473902e+00
         vertex 2.049357e+00 -1.353263e+00 -4.475098e+00
      endloop
   endfacet
   facet normal -1.121874e-01 5.793781e-02 -9.919966e-01
      outer loop
         vertex 2.049357e+00 -1.353263e+00 -4.475098e+00
         vertex 2.050632e+00 -1.368838e+00 -4.476151e+00
         vertex 2.038232e+00 -1.365892e+00 -4.474577e+00
      endloop
   endfacet
   facet normal -1.176114e-01 3.534095e-02 -9.924306e-01
      outer loop
         vertex 2.038232e+00 -1.365892e+00 -4.474577e+00
         vertex 2.050632e+00 -1.368838e+00 -4.476151e+00
         vertex 2.052169e+00 -1.384476e+00 -4.476890e+00
      endloop
   endfacet
   facet normal -1.058935e-01 4.424841e-02 -9.933925e-01
      outer loop
         vertex 2.038232e+00 -1.365892e+00 -4.474577e+00
         vertex 2.052169e+00 -1.384476e+00 -4.476890e+00
         vertex 2.039801e+00 -1.391514e+00 -4.475886e+00
      endloop
   endfacet
   facet normal -9.163335e-02 1.887092e-02 -9.956140e-01
      outer loop
         vertex 2.039801e+00 -1.391514e+00 -4.475886e+00
         vertex 2.052169e+00 -1.384476e+00 -4.476890e+00
         vertex 2.052322e+00 -1.392206e+00 -4.477051e+00
      endloop
   endfacet
   facet normal -9.225324e-02 7.808850e-03 -9.957050e-01
      outer loop
         vertex 2.039801e+00 -1.391514e+00 -4.475886e+00
         vertex 2.052322e+00 -1.392206e+00 -4.477051e+00
         vertex 2.052050e+00 -1.396018e+00 -4.477056e+00
      endloop
   endfacet
   facet normal -1.891758e-01 1.757889e-01 -9.660801e-01
      outer loop
         vertex 2.056978e+00 -1.281047e+00 -4.466587e+00
         vertex 2.065419e+00 -1.294681e+00 -4.470721e+00
         vertex 2.044805e+00 -1.305717e+00 -4.468692e+00
      endloop
   endfacet
   facet normal -1.869375e-01 1.713826e-01 -9.673068e-01
      outer loop
         vertex 2.044805e+00 -1.305717e+00 -4.468692e+00
         vertex 2.065419e+00 -1.294681e+00 -4.470721e+00
         vertex 2.057544e+00 -1.308646e+00 -4.471673e+00
      endloop
   endfacet
   facet normal -1.917760e-01 1.525755e-01 -9.695064e-01
      outer loop
         vertex 2.044805e+00 -1.305717e+00 -4.468692e+00
         vertex 2.057544e+00 -1.308646e+00 -4.471673e+00
         vertex 2.054456e+00 -1.315782e+00 -4.472185e+00
      endloop
   endfacet
   facet normal -9.765303e-02 -2.658295e-04 -9.952205e-01
      outer loop
         vertex 2.484500e+00 -7.361490e-01 -4.478059e+00
         vertex 2.324436e+00 -9.574423e-01 -4.462294e+00
         vertex 2.245336e+00 -9.598111e-01 -4.454532e+00
      endloop
   endfacet
   facet normal -9.961262e-02 7.510758e-02 -9.921876e-01
      outer loop
         vertex 2.245336e+00 -9.598111e-01 -4.454532e+00
         vertex 2.324436e+00 -9.574423e-01 -4.462294e+00
         vertex 2.120903e+00 -1.174324e+00 -4.458278e+00
      endloop
   endfacet
   facet normal -1.304961e-01 1.042056e-01 -9.859574e-01
      outer loop
         vertex 2.120903e+00 -1.174324e+00 -4.458278e+00
         vertex 2.324436e+00 -9.574423e-01 -4.462294e+00
         vertex 2.158609e+00 -1.174852e+00 -4.463324e+00
      endloop
   endfacet
   facet normal -1.289674e-01 1.535257e-01 -9.796924e-01
      outer loop
         vertex 2.120903e+00 -1.174324e+00 -4.458278e+00
         vertex 2.158609e+00 -1.174852e+00 -4.463324e+00
         vertex 2.056978e+00 -1.281047e+00 -4.466587e+00
      endloop
   endfacet
   facet normal -1.742007e-01 1.963614e-01 -9.649333e-01
      outer loop
         vertex 2.056978e+00 -1.281047e+00 -4.466587e+00
         vertex 2.158609e+00 -1.174852e+00 -4.463324e+00
         vertex 2.075003e+00 -1.281042e+00 -4.469840e+00
      endloop
   endfacet
   facet normal -1.745854e-01 1.851262e-01 -9.670823e-01
      outer loop
         vertex 2.056978e+00 -1.281047e+00 -4.466587e+00
         vertex 2.075003e+00 -1.281042e+00 -4.469840e+00
         vertex 2.065419e+00 -1.294681e+00 -4.470721e+00
      endloop
   endfacet
   facet normal -6.840110e-02 -9.526379e-02 -9.930992e-01
      outer loop
         vertex 2.895279e+00 -1.460997e-01 -4.590153e+00
         vertex 2.673937e+00 -1.375561e-01 -4.575728e+00
         vertex 2.943323e+00 -5.591553e-02 -4.602113e+00
      endloop
   endfacet
   facet normal -7.407391e-02 -7.692746e-02 -9.942813e-01
      outer loop
         vertex 2.943323e+00 -5.591553e-02 -4.602113e+00
         vertex 2.673937e+00 -1.375561e-01 -4.575728e+00
         vertex 2.743135e+00 5.146055e-02 -4.595507e+00
      endloop
   endfacet
   facet normal -1.083157e-01 1.125874e-02 -9.940528e-01
      outer loop
         vertex 2.245336e+00 -9.598111e-01 -4.454532e+00
         vertex 2.323694e+00 -8.167030e-01 -4.461450e+00
         vertex 2.484500e+00 -7.361490e-01 -4.478059e+00
      endloop
   endfacet
   facet normal -8.059534e-02 -4.442938e-02 -9.957562e-01
      outer loop
         vertex 2.484500e+00 -7.361490e-01 -4.478059e+00
         vertex 2.323694e+00 -8.167030e-01 -4.461450e+00
         vertex 2.364546e+00 -7.411602e-01 -4.468127e+00
      endloop
   endfacet
   facet normal -7.842938e-02 -9.043571e-02 -9.928093e-01
      outer loop
         vertex 2.484500e+00 -7.361490e-01 -4.478059e+00
         vertex 2.364546e+00 -7.411602e-01 -4.468127e+00
         vertex 2.637468e+00 -5.280793e-01 -4.509096e+00
      endloop
   endfacet
   facet normal -5.723944e-02 -1.173140e-01 -9.914439e-01
      outer loop
         vertex 2.637468e+00 -5.280793e-01 -4.509096e+00
         vertex 2.364546e+00 -7.411602e-01 -4.468127e+00
         vertex 2.506723e+00 -4.773758e-01 -4.507548e+00
      endloop
   endfacet
   facet normal -7.747878e-02 -1.697789e-01 -9.824318e-01
      outer loop
         vertex 2.637468e+00 -5.280793e-01 -4.509096e+00
         vertex 2.506723e+00 -4.773758e-01 -4.507548e+00
         vertex 2.776635e+00 -3.294287e-01 -4.554402e+00
      endloop
   endfacet
   facet normal -6.666124e-02 -1.886728e-01 -9.797749e-01
      outer loop
         vertex 2.776635e+00 -3.294287e-01 -4.554402e+00
         vertex 2.506723e+00 -4.773758e-01 -4.507548e+00
         vertex 2.583076e+00 -3.290861e-01 -4.541298e+00
      endloop
   endfacet
   facet normal -6.705045e-02 -1.489999e-01 -9.865613e-01
      outer loop
         vertex 2.776635e+00 -3.294287e-01 -4.554402e+00
         vertex 2.583076e+00 -3.290861e-01 -4.541298e+00
         vertex 2.895279e+00 -1.460997e-01 -4.590153e+00
      endloop
   endfacet
   facet normal -6.829902e-02 -1.469297e-01 -9.867861e-01
      outer loop
         vertex 2.895279e+00 -1.460997e-01 -4.590153e+00
         vertex 2.583076e+00 -3.290861e-01 -4.541298e+00
         vertex 2.669421e+00 -1.481844e-01 -4.574210e+00
      endloop
   endfacet
   facet normal -6.893738e-02 -1.122122e-01 -9.912901e-01
      outer loop
         vertex 2.895279e+00 -1.460997e-01 -4.590153e+00
         vertex 2.669421e+00 -1.481844e-01 -4.574210e+00
         vertex 2.673937e+00 -1.375561e-01 -4.575728e+00
      endloop
   endfacet
   facet normal -1.377491e-01 -1.197518e-01 -9.832013e-01
      outer loop
         vertex 2.040566e+00 2.064358e+00 -4.473690e+00
         vertex 2.052560e+00 2.056988e+00 -4.474473e+00
         vertex 2.042123e+00 2.039104e+00 -4.470832e+00
      endloop
   endfacet
   facet normal -1.653195e-01 -1.031801e-01 -9.808279e-01
      outer loop
         vertex 2.042123e+00 2.039104e+00 -4.470832e+00
         vertex 2.052560e+00 2.056988e+00 -4.474473e+00
         vertex 2.053762e+00 2.041725e+00 -4.473070e+00
      endloop
   endfacet
   facet normal -1.604136e-01 -1.236388e-01 -9.792757e-01
      outer loop
         vertex 2.042123e+00 2.039104e+00 -4.470832e+00
         vertex 2.053762e+00 2.041725e+00 -4.473070e+00
         vertex 2.055202e+00 2.034299e+00 -4.472368e+00
      endloop
   endfacet
   facet normal -9.383040e-02 -2.021388e-02 -9.953830e-01
      outer loop
         vertex 2.051349e+00 2.103507e+00 -4.477002e+00
         vertex 2.052204e+00 2.099791e+00 -4.477007e+00
         vertex 2.039770e+00 2.098945e+00 -4.475818e+00
      endloop
   endfacet
   facet normal -9.328090e-02 -2.808875e-02 -9.952435e-01
      outer loop
         vertex 2.039770e+00 2.098945e+00 -4.475818e+00
         vertex 2.052204e+00 2.099791e+00 -4.477007e+00
         vertex 2.052752e+00 2.096009e+00 -4.476951e+00
      endloop
   endfacet
   facet normal -9.416176e-02 -3.206169e-02 -9.950405e-01
      outer loop
         vertex 2.039770e+00 2.098945e+00 -4.475818e+00
         vertex 2.052752e+00 2.096009e+00 -4.476951e+00
         vertex 2.040655e+00 2.087979e+00 -4.475548e+00
      endloop
   endfacet
   facet normal -8.972493e-02 -3.877647e-02 -9.952114e-01
      outer loop
         vertex 2.040655e+00 2.087979e+00 -4.475548e+00
         vertex 2.052752e+00 2.096009e+00 -4.476951e+00
         vertex 2.053153e+00 2.088291e+00 -4.476687e+00
      endloop
   endfacet
   facet normal -8.855264e-02 -7.777700e-02 -9.930303e-01
      outer loop
         vertex 2.040655e+00 2.087979e+00 -4.475548e+00
         vertex 2.053153e+00 2.088291e+00 -4.476687e+00
         vertex 2.040566e+00 2.064358e+00 -4.473690e+00
      endloop
   endfacet
   facet normal -1.283105e-01 -5.650192e-02 -9.901232e-01
      outer loop
         vertex 2.040566e+00 2.064358e+00 -4.473690e+00
         vertex 2.053153e+00 2.088291e+00 -4.476687e+00
         vertex 2.052730e+00 2.072598e+00 -4.475737e+00
      endloop
   endfacet
   facet normal -1.131534e-01 -7.895534e-02 -9.904354e-01
      outer loop
         vertex 2.040566e+00 2.064358e+00 -4.473690e+00
         vertex 2.052730e+00 2.072598e+00 -4.475737e+00
         vertex 2.052560e+00 2.056988e+00 -4.474473e+00
      endloop
   endfacet
   facet normal -5.982438e-02 2.693051e-02 -9.978456e-01
      outer loop
         vertex 3.041072e+00 3.446631e-01 -4.615386e+00
         vertex 3.030574e+00 2.136091e-01 -4.618294e+00
         vertex 2.786319e+00 2.465515e-01 -4.602761e+00
      endloop
   endfacet
   facet normal -6.382511e-02 -2.680587e-03 -9.979575e-01
      outer loop
         vertex 2.786319e+00 2.465515e-01 -4.602761e+00
         vertex 3.030574e+00 2.136091e-01 -4.618294e+00
         vertex 3.021465e+00 1.612605e-01 -4.617571e+00
      endloop
   endfacet
   facet normal -6.959770e-02 -1.869242e-02 -9.974000e-01
      outer loop
         vertex 2.786319e+00 2.465515e-01 -4.602761e+00
         vertex 3.021465e+00 1.612605e-01 -4.617571e+00
         vertex 2.748927e+00 7.120845e-02 -4.596866e+00
      endloop
   endfacet
   facet normal -7.059031e-02 -1.568423e-02 -9.973821e-01
      outer loop
         vertex 2.748927e+00 7.120845e-02 -4.596866e+00
         vertex 3.021465e+00 1.612605e-01 -4.617571e+00
         vertex 3.010978e+00 1.171653e-01 -4.616135e+00
      endloop
   endfacet
   facet normal -6.458454e-02 -4.963426e-02 -9.966771e-01
      outer loop
         vertex 2.748927e+00 7.120845e-02 -4.596866e+00
         vertex 3.010978e+00 1.171653e-01 -4.616135e+00
         vertex 2.743135e+00 5.146055e-02 -4.595507e+00
      endloop
   endfacet
   facet normal -6.704763e-02 -3.968244e-02 -9.969603e-01
      outer loop
         vertex 2.743135e+00 5.146055e-02 -4.595507e+00
         vertex 3.010978e+00 1.171653e-01 -4.616135e+00
         vertex 2.982184e+00 3.068138e-02 -4.610756e+00
      endloop
   endfacet
   facet normal -6.941632e-02 -6.818412e-02 -9.952549e-01
      outer loop
         vertex 2.743135e+00 5.146055e-02 -4.595507e+00
         vertex 2.982184e+00 3.068138e-02 -4.610756e+00
         vertex 2.943323e+00 -5.591553e-02 -4.602113e+00
      endloop
   endfacet
   facet normal -1.721884e-01 -3.825584e-02 -9.843209e-01
      outer loop
         vertex 2.051349e+00 2.103507e+00 -4.477002e+00
         vertex 2.059508e+00 2.103999e+00 -4.478448e+00
         vertex 2.052204e+00 2.099791e+00 -4.477007e+00
      endloop
   endfacet
   facet normal -1.618677e-01 -5.646933e-02 -9.851954e-01
      outer loop
         vertex 2.052204e+00 2.099791e+00 -4.477007e+00
         vertex 2.059508e+00 2.103999e+00 -4.478448e+00
         vertex 2.060459e+00 2.100292e+00 -4.478392e+00
      endloop
   endfacet
   facet normal -1.630980e-01 -3.806290e-02 -9.858754e-01
      outer loop
         vertex 2.052204e+00 2.099791e+00 -4.477007e+00
         vertex 2.060459e+00 2.100292e+00 -4.478392e+00
         vertex 2.052752e+00 2.096009e+00 -4.476951e+00
      endloop
   endfacet
   facet normal -1.576452e-01 -4.802532e-02 -9.863273e-01
      outer loop
         vertex 2.052752e+00 2.096009e+00 -4.476951e+00
         vertex 2.060459e+00 2.100292e+00 -4.478392e+00
         vertex 2.061053e+00 2.096513e+00 -4.478303e+00
      endloop
   endfacet
   facet normal -1.580438e-01 -4.203269e-02 -9.865371e-01
      outer loop
         vertex 2.052752e+00 2.096009e+00 -4.476951e+00
         vertex 2.061053e+00 2.096513e+00 -4.478303e+00
         vertex 2.053153e+00 2.088291e+00 -4.476687e+00
      endloop
   endfacet
   facet normal -1.586861e-01 -4.140055e-02 -9.864607e-01
      outer loop
         vertex 2.053153e+00 2.088291e+00 -4.476687e+00
         vertex 2.061053e+00 2.096513e+00 -4.478303e+00
         vertex 2.061437e+00 2.088795e+00 -4.478041e+00
      endloop
   endfacet
   facet normal -1.577437e-01 -5.545314e-02 -9.859218e-01
      outer loop
         vertex 2.053153e+00 2.088291e+00 -4.476687e+00
         vertex 2.061437e+00 2.088795e+00 -4.478041e+00
         vertex 2.052730e+00 2.072598e+00 -4.475737e+00
      endloop
   endfacet
   facet normal -1.872363e-01 -3.897504e-02 -9.815414e-01
      outer loop
         vertex 2.052730e+00 2.072598e+00 -4.475737e+00
         vertex 2.061437e+00 2.088795e+00 -4.478041e+00
         vertex 2.060783e+00 2.073081e+00 -4.477292e+00
      endloop
   endfacet
   facet normal -1.845971e-01 -7.731382e-02 -9.797686e-01
      outer loop
         vertex 2.052730e+00 2.072598e+00 -4.475737e+00
         vertex 2.060783e+00 2.073081e+00 -4.477292e+00
         vertex 2.052560e+00 2.056988e+00 -4.474473e+00
      endloop
   endfacet
   facet normal -2.330463e-01 -5.104297e-02 -9.711251e-01
      outer loop
         vertex 2.052560e+00 2.056988e+00 -4.474473e+00
         vertex 2.060783e+00 2.073081e+00 -4.477292e+00
         vertex 2.060423e+00 2.057447e+00 -4.476384e+00
      endloop
   endfacet
   facet normal -2.289154e-01 -1.069692e-01 -9.675512e-01
      outer loop
         vertex 2.052560e+00 2.056988e+00 -4.474473e+00
         vertex 2.060423e+00 2.057447e+00 -4.476384e+00
         vertex 2.053762e+00 2.041725e+00 -4.473070e+00
      endloop
   endfacet
   facet normal -2.789675e-01 -8.347007e-02 -9.566660e-01
      outer loop
         vertex 2.053762e+00 2.041725e+00 -4.473070e+00
         vertex 2.060423e+00 2.057447e+00 -4.476384e+00
         vertex 2.061656e+00 2.042171e+00 -4.475411e+00
      endloop
   endfacet
   facet normal -2.739419e-01 -1.429781e-01 -9.510589e-01
      outer loop
         vertex 2.053762e+00 2.041725e+00 -4.473070e+00
         vertex 2.061656e+00 2.042171e+00 -4.475411e+00
         vertex 2.055202e+00 2.034299e+00 -4.472368e+00
      endloop
   endfacet
   facet normal -2.945418e-01 -1.246984e-01 -9.474679e-01
      outer loop
         vertex 2.055202e+00 2.034299e+00 -4.472368e+00
         vertex 2.061656e+00 2.042171e+00 -4.475411e+00
         vertex 2.063246e+00 2.034747e+00 -4.474928e+00
      endloop
   endfacet
   facet normal -2.897611e-01 -1.742027e-01 -9.411121e-01
      outer loop
         vertex 2.055202e+00 2.034299e+00 -4.472368e+00
         vertex 2.063246e+00 2.034747e+00 -4.474928e+00
         vertex 2.057368e+00 2.027051e+00 -4.471693e+00
      endloop
   endfacet
   facet normal -3.038084e-01 -1.624921e-01 -9.387741e-01
      outer loop
         vertex 2.057368e+00 2.027051e+00 -4.471693e+00
         vertex 2.063246e+00 2.034747e+00 -4.474928e+00
         vertex 2.065679e+00 2.027508e+00 -4.474462e+00
      endloop
   endfacet
   facet normal -2.988691e-01 -2.076876e-01 -9.314200e-01
      outer loop
         vertex 2.057368e+00 2.027051e+00 -4.471693e+00
         vertex 2.065679e+00 2.027508e+00 -4.474462e+00
         vertex 2.060284e+00 2.019985e+00 -4.471053e+00
      endloop
   endfacet
   facet normal -3.059131e-01 -2.021513e-01 -9.303505e-01
      outer loop
         vertex 2.060284e+00 2.019985e+00 -4.471053e+00
         vertex 2.065679e+00 2.027508e+00 -4.474462e+00
         vertex 2.068982e+00 2.020461e+00 -4.474017e+00
      endloop
   endfacet
   facet normal -3.015188e-01 -2.381641e-01 -9.232358e-01
      outer loop
         vertex 2.060284e+00 2.019985e+00 -4.471053e+00
         vertex 2.068982e+00 2.020461e+00 -4.474017e+00
         vertex 2.063870e+00 2.013087e+00 -4.470445e+00
      endloop
   endfacet
   facet normal -3.029057e-01 -2.371137e-01 -9.230521e-01
      outer loop
         vertex 2.063870e+00 2.013087e+00 -4.470445e+00
         vertex 2.068982e+00 2.020461e+00 -4.474017e+00
         vertex 2.073063e+00 2.013589e+00 -4.473591e+00
      endloop
   endfacet
   facet normal -2.977756e-01 -2.751564e-01 -9.141218e-01
      outer loop
         vertex 2.063870e+00 2.013087e+00 -4.470445e+00
         vertex 2.073063e+00 2.013589e+00 -4.473591e+00
         vertex 2.072724e+00 1.999722e+00 -4.469306e+00
      endloop
   endfacet
   facet normal -2.897143e-01 -2.760684e-01 -9.164343e-01
      outer loop
         vertex 2.072724e+00 1.999722e+00 -4.469306e+00
         vertex 2.073063e+00 2.013589e+00 -4.473591e+00
         vertex 2.083177e+00 2.000293e+00 -4.472783e+00
      endloop
   endfacet
   facet normal -2.851218e-01 -3.075690e-01 -9.078033e-01
      outer loop
         vertex 2.072724e+00 1.999722e+00 -4.469306e+00
         vertex 2.083177e+00 2.000293e+00 -4.472783e+00
         vertex 2.083264e+00 1.986815e+00 -4.468244e+00
      endloop
   endfacet
   facet normal -2.700752e-01 -3.088694e-01 -9.119534e-01
      outer loop
         vertex 2.083264e+00 1.986815e+00 -4.468244e+00
         vertex 2.083177e+00 2.000293e+00 -4.472783e+00
         vertex 2.095248e+00 1.987477e+00 -4.472017e+00
      endloop
   endfacet
   facet normal -2.682871e-01 -3.207786e-01 -9.083629e-01
      outer loop
         vertex 2.083264e+00 1.986815e+00 -4.468244e+00
         vertex 2.095248e+00 1.987477e+00 -4.472017e+00
         vertex 2.174103e+00 1.888310e+00 -4.460287e+00
      endloop
   endfacet
   facet normal -1.983432e-01 -2.691914e-01 -9.424415e-01
      outer loop
         vertex 2.174103e+00 1.888310e+00 -4.460287e+00
         vertex 2.095248e+00 1.987477e+00 -4.472017e+00
         vertex 2.199421e+00 1.889966e+00 -4.466088e+00
      endloop
   endfacet
   facet normal -2.044107e-01 -2.179890e-01 -9.543045e-01
      outer loop
         vertex 2.174103e+00 1.888310e+00 -4.460287e+00
         vertex 2.199421e+00 1.889966e+00 -4.466088e+00
         vertex 2.360548e+00 1.701113e+00 -4.457463e+00
      endloop
   endfacet
   facet normal -8.296555e-02 -1.159937e-01 -9.897789e-01
      outer loop
         vertex 2.199421e+00 1.889966e+00 -4.466088e+00
         vertex 2.304547e+00 1.796721e+00 -4.463973e+00
         vertex 2.360548e+00 1.701113e+00 -4.457463e+00
      endloop
   endfacet
   facet normal -1.529452e-01 -1.560336e-01 -9.758388e-01
      outer loop
         vertex 2.360548e+00 1.701113e+00 -4.457463e+00
         vertex 2.304547e+00 1.796721e+00 -4.463973e+00
         vertex 2.412759e+00 1.706486e+00 -4.466505e+00
      endloop
   endfacet
   facet normal -1.588614e-01 -1.078867e-01 -9.813886e-01
      outer loop
         vertex 2.360548e+00 1.701113e+00 -4.457463e+00
         vertex 2.412759e+00 1.706486e+00 -4.466505e+00
         vertex 2.455817e+00 1.611025e+00 -4.462981e+00
      endloop
   endfacet
   facet normal -1.433580e-01 -1.010086e-01 -9.845028e-01
      outer loop
         vertex 2.455817e+00 1.611025e+00 -4.462981e+00
         vertex 2.412759e+00 1.706486e+00 -4.466505e+00
         vertex 2.521492e+00 1.618937e+00 -4.473356e+00
      endloop
   endfacet
   facet normal -1.503976e-01 -4.653913e-02 -9.875296e-01
      outer loop
         vertex 2.455817e+00 1.611025e+00 -4.462981e+00
         vertex 2.521492e+00 1.618937e+00 -4.473356e+00
         vertex 2.551869e+00 1.513449e+00 -4.473011e+00
      endloop
   endfacet
   facet normal -1.397276e-01 -4.347215e-02 -9.892352e-01
      outer loop
         vertex 2.551869e+00 1.513449e+00 -4.473011e+00
         vertex 2.521492e+00 1.618937e+00 -4.473356e+00
         vertex 2.630970e+00 1.522652e+00 -4.484588e+00
      endloop
   endfacet
   facet normal -1.433871e-01 -1.246332e-02 -9.895882e-01
      outer loop
         vertex 2.551869e+00 1.513449e+00 -4.473011e+00
         vertex 2.630970e+00 1.522652e+00 -4.484588e+00
         vertex 2.643734e+00 1.402427e+00 -4.484923e+00
      endloop
   endfacet
   facet normal -1.349455e-01 -1.156375e-02 -9.907855e-01
      outer loop
         vertex 2.643734e+00 1.402427e+00 -4.484923e+00
         vertex 2.630970e+00 1.522652e+00 -4.484588e+00
         vertex 2.736080e+00 1.410755e+00 -4.497598e+00
      endloop
   endfacet
   facet normal -1.374452e-01 1.679136e-02 -9.903670e-01
      outer loop
         vertex 2.643734e+00 1.402427e+00 -4.484923e+00
         vertex 2.736080e+00 1.410755e+00 -4.497598e+00
         vertex 2.729480e+00 1.285270e+00 -4.498810e+00
      endloop
   endfacet
   facet normal -1.299536e-01 1.640718e-02 -9.913843e-01
      outer loop
         vertex 2.729480e+00 1.285270e+00 -4.498810e+00
         vertex 2.736080e+00 1.410755e+00 -4.497598e+00
         vertex 2.834553e+00 1.291986e+00 -4.512472e+00
      endloop
   endfacet
   facet normal -1.316310e-01 4.489231e-02 -9.902818e-01
      outer loop
         vertex 2.729480e+00 1.285270e+00 -4.498810e+00
         vertex 2.834553e+00 1.291986e+00 -4.512472e+00
         vertex 2.807702e+00 1.161804e+00 -4.514804e+00
      endloop
   endfacet
   facet normal -1.247611e-01 4.349243e-02 -9.912331e-01
      outer loop
         vertex 2.807702e+00 1.161804e+00 -4.514804e+00
         vertex 2.834553e+00 1.291986e+00 -4.512472e+00
         vertex 2.924782e+00 1.166154e+00 -4.529350e+00
      endloop
   endfacet
   facet normal -1.255282e-01 6.940392e-02 -9.896594e-01
      outer loop
         vertex 2.807702e+00 1.161804e+00 -4.514804e+00
         vertex 2.924782e+00 1.166154e+00 -4.529350e+00
         vertex 2.877014e+00 1.033157e+00 -4.532618e+00
      endloop
   endfacet
   facet normal -1.193073e-01 6.719221e-02 -9.905811e-01
      outer loop
         vertex 2.877014e+00 1.033157e+00 -4.532618e+00
         vertex 2.924782e+00 1.166154e+00 -4.529350e+00
         vertex 3.005169e+00 1.034454e+00 -4.547965e+00
      endloop
   endfacet
   facet normal -1.193234e-01 8.316386e-02 -9.893663e-01
      outer loop
         vertex 2.877014e+00 1.033157e+00 -4.532618e+00
         vertex 3.005169e+00 1.034454e+00 -4.547965e+00
         vertex 2.935996e+00 8.992014e-01 -4.550991e+00
      endloop
   endfacet
   facet normal -1.138157e-01 8.036672e-02 -9.902460e-01
      outer loop
         vertex 2.935996e+00 8.992014e-01 -4.550991e+00
         vertex 3.005169e+00 1.034454e+00 -4.547965e+00
         vertex 3.074057e+00 8.968246e-01 -4.567052e+00
      endloop
   endfacet
   facet normal -1.133846e-01 9.619932e-02 -9.888830e-01
      outer loop
         vertex 2.935996e+00 8.992014e-01 -4.550991e+00
         vertex 3.074057e+00 8.968246e-01 -4.567052e+00
         vertex 2.982789e+00 7.592305e-01 -4.569973e+00
      endloop
   endfacet
   facet normal -1.083082e-01 9.285098e-02 -9.897717e-01
      outer loop
         vertex 2.982789e+00 7.592305e-01 -4.569973e+00
         vertex 3.074057e+00 8.968246e-01 -4.567052e+00
         vertex 3.129322e+00 7.526047e-01 -4.586629e+00
      endloop
   endfacet
   facet normal -1.070090e-01 1.158402e-01 -9.874868e-01
      outer loop
         vertex 2.982789e+00 7.592305e-01 -4.569973e+00
         vertex 3.129322e+00 7.526047e-01 -4.586629e+00
         vertex 3.016145e+00 6.188756e-01 -4.590052e+00
      endloop
   endfacet
   facet normal -1.027491e-01 1.122572e-01 -9.883526e-01
      outer loop
         vertex 3.016145e+00 6.188756e-01 -4.590052e+00
         vertex 3.129322e+00 7.526047e-01 -4.586629e+00
         vertex 3.169510e+00 6.078971e-01 -4.607243e+00
      endloop
   endfacet
   facet normal -1.038130e-01 9.937871e-02 -9.896195e-01
      outer loop
         vertex 3.016145e+00 6.188756e-01 -4.590052e+00
         vertex 3.169510e+00 6.078971e-01 -4.607243e+00
         vertex 3.036194e+00 4.826641e-01 -4.605834e+00
      endloop
   endfacet
   facet normal -1.013713e-01 9.677362e-02 -9.901307e-01
      outer loop
         vertex 3.036194e+00 4.826641e-01 -4.605834e+00
         vertex 3.169510e+00 6.078971e-01 -4.607243e+00
         vertex 3.194547e+00 4.676660e-01 -4.623512e+00
      endloop
   endfacet
   facet normal -1.046327e-01 6.499542e-02 -9.923848e-01
      outer loop
         vertex 3.036194e+00 4.826641e-01 -4.605834e+00
         vertex 3.194547e+00 4.676660e-01 -4.623512e+00
         vertex 3.041072e+00 3.446631e-01 -4.615386e+00
      endloop
   endfacet
   facet normal -1.032438e-01 6.324530e-02 -9.926433e-01
      outer loop
         vertex 3.041072e+00 3.446631e-01 -4.615386e+00
         vertex 3.194547e+00 4.676660e-01 -4.623512e+00
         vertex 3.202289e+00 3.255587e-01 -4.633372e+00
      endloop
   endfacet
   facet normal -1.072326e-01 3.063747e-02 -9.937618e-01
      outer loop
         vertex 3.041072e+00 3.446631e-01 -4.615386e+00
         vertex 3.202289e+00 3.255587e-01 -4.633372e+00
         vertex 3.030574e+00 2.136091e-01 -4.618294e+00
      endloop
   endfacet
   facet normal -1.069062e-01 3.012990e-02 -9.938125e-01
      outer loop
         vertex 3.030574e+00 2.136091e-01 -4.618294e+00
         vertex 3.202289e+00 3.255587e-01 -4.633372e+00
         vertex 3.192573e+00 1.917709e-01 -4.636383e+00
      endloop
   endfacet
   facet normal -1.102415e-01 5.452193e-03 -9.938899e-01
      outer loop
         vertex 3.030574e+00 2.136091e-01 -4.618294e+00
         vertex 3.192573e+00 1.917709e-01 -4.636383e+00
         vertex 3.021465e+00 1.612605e-01 -4.617571e+00
      endloop
   endfacet
   facet normal -1.102465e-01 5.480693e-03 -9.938892e-01
      outer loop
         vertex 3.021465e+00 1.612605e-01 -4.617571e+00
         vertex 3.192573e+00 1.917709e-01 -4.636383e+00
         vertex 3.183298e+00 1.403111e-01 -4.635638e+00
      endloop
   endfacet
   facet normal -1.116875e-01 -5.791302e-03 -9.937265e-01
      outer loop
         vertex 3.021465e+00 1.612605e-01 -4.617571e+00
         vertex 3.183298e+00 1.403111e-01 -4.635638e+00
         vertex 3.010978e+00 1.171653e-01 -4.616135e+00
      endloop
   endfacet
   facet normal -1.116487e-01 -6.082576e-03 -9.937291e-01
      outer loop
         vertex 3.010978e+00 1.171653e-01 -4.616135e+00
         vertex 3.183298e+00 1.403111e-01 -4.635638e+00
         vertex 3.172250e+00 9.837805e-02 -4.634140e+00
      endloop
   endfacet
   facet normal -1.136717e-01 -2.392704e-02 -9.932302e-01
      outer loop
         vertex 3.010978e+00 1.171653e-01 -4.616135e+00
         vertex 3.172250e+00 9.837805e-02 -4.634140e+00
         vertex 2.982184e+00 3.068138e-02 -4.610756e+00
      endloop
   endfacet
   facet normal -1.134833e-01 -2.445900e-02 -9.932388e-01
      outer loop
         vertex 2.982184e+00 3.068138e-02 -4.610756e+00
         vertex 3.172250e+00 9.837805e-02 -4.634140e+00
         vertex 3.140688e+00 1.640611e-02 -4.628515e+00
      endloop
   endfacet
   facet normal -1.154175e-01 -4.723516e-02 -9.921934e-01
      outer loop
         vertex 2.982184e+00 3.068138e-02 -4.610756e+00
         vertex 3.140688e+00 1.640611e-02 -4.628515e+00
         vertex 2.943323e+00 -5.591553e-02 -4.602113e+00
      endloop
   endfacet
   facet normal -1.152241e-01 -4.776195e-02 -9.921906e-01
      outer loop
         vertex 2.943323e+00 -5.591553e-02 -4.602113e+00
         vertex 3.140688e+00 1.640611e-02 -4.628515e+00
         vertex 3.096941e+00 -6.589553e-02 -4.619473e+00
      endloop
   endfacet
   facet normal -1.164661e-01 -6.934951e-02 -9.907706e-01
      outer loop
         vertex 2.943323e+00 -5.591553e-02 -4.602113e+00
         vertex 3.096941e+00 -6.589553e-02 -4.619473e+00
         vertex 2.895279e+00 -1.460997e-01 -4.590153e+00
      endloop
   endfacet
   facet normal -1.165299e-01 -6.919030e-02 -9.907742e-01
      outer loop
         vertex 2.895279e+00 -1.460997e-01 -4.590153e+00
         vertex 3.096941e+00 -6.589553e-02 -4.619473e+00
         vertex 3.042052e+00 -1.527357e-01 -4.606952e+00
      endloop
   endfacet
   facet normal -1.181191e-01 -1.158824e-01 -9.862145e-01
      outer loop
         vertex 2.895279e+00 -1.460997e-01 -4.590153e+00
         vertex 3.042052e+00 -1.527357e-01 -4.606952e+00
         vertex 2.776635e+00 -3.294287e-01 -4.554402e+00
      endloop
   endfacet
   facet normal -1.186885e-01 -1.150363e-01 -9.862452e-01
      outer loop
         vertex 2.776635e+00 -3.294287e-01 -4.554402e+00
         vertex 3.042052e+00 -1.527357e-01 -4.606952e+00
         vertex 2.905028e+00 -3.310787e-01 -4.569660e+00
      endloop
   endfacet
   facet normal -1.186216e-01 -1.410555e-01 -9.828694e-01
      outer loop
         vertex 2.776635e+00 -3.294287e-01 -4.554402e+00
         vertex 2.905028e+00 -3.310787e-01 -4.569660e+00
         vertex 2.637468e+00 -5.280793e-01 -4.509096e+00
      endloop
   endfacet
   facet normal -1.250299e-01 -1.324749e-01 -9.832690e-01
      outer loop
         vertex 2.637468e+00 -5.280793e-01 -4.509096e+00
         vertex 2.905028e+00 -3.310787e-01 -4.569660e+00
         vertex 2.742871e+00 -5.268465e-01 -4.522665e+00
      endloop
   endfacet
   facet normal -1.268632e-01 -5.447256e-02 -9.904234e-01
      outer loop
         vertex 2.637468e+00 -5.280793e-01 -4.509096e+00
         vertex 2.742871e+00 -5.268465e-01 -4.522665e+00
         vertex 2.484500e+00 -7.361490e-01 -4.478059e+00
      endloop
   endfacet
   facet normal -1.425865e-01 -3.479617e-02 -9.891705e-01
      outer loop
         vertex 2.484500e+00 -7.361490e-01 -4.478059e+00
         vertex 2.742871e+00 -5.268465e-01 -4.522665e+00
         vertex 2.564094e+00 -7.335079e-01 -4.489625e+00
      endloop
   endfacet
   facet normal -1.448347e-01 3.431442e-02 -9.888607e-01
      outer loop
         vertex 2.484500e+00 -7.361490e-01 -4.478059e+00
         vertex 2.564094e+00 -7.335079e-01 -4.489625e+00
         vertex 2.324436e+00 -9.574423e-01 -4.462294e+00
      endloop
   endfacet
   facet normal -1.745069e-01 3.298041e-02 -9.841035e-01
      outer loop
         vertex 2.059642e+00 -1.399710e+00 -4.478448e+00
         vertex 2.051469e+00 -1.399783e+00 -4.477001e+00
         vertex 2.060319e+00 -1.395945e+00 -4.478442e+00
      endloop
   endfacet
   facet normal -1.653749e-01 1.114375e-02 -9.861678e-01
      outer loop
         vertex 2.060319e+00 -1.395945e+00 -4.478442e+00
         vertex 2.051469e+00 -1.399783e+00 -4.477001e+00
         vertex 2.052050e+00 -1.396018e+00 -4.477056e+00
      endloop
   endfacet
   facet normal -1.654455e-01 2.372203e-02 -9.859336e-01
      outer loop
         vertex 2.060319e+00 -1.395945e+00 -4.478442e+00
         vertex 2.052050e+00 -1.396018e+00 -4.477056e+00
         vertex 2.060638e+00 -1.392134e+00 -4.478403e+00
      endloop
   endfacet
   facet normal -1.606104e-01 1.268303e-02 -9.869364e-01
      outer loop
         vertex 2.060638e+00 -1.392134e+00 -4.478403e+00
         vertex 2.052050e+00 -1.396018e+00 -4.477056e+00
         vertex 2.052322e+00 -1.392206e+00 -4.477051e+00
      endloop
   endfacet
   facet normal -1.606344e-01 1.665277e-02 -9.868735e-01
      outer loop
         vertex 2.060638e+00 -1.392134e+00 -4.478403e+00
         vertex 2.052322e+00 -1.392206e+00 -4.477051e+00
         vertex 2.060466e+00 -1.384404e+00 -4.478245e+00
      endloop
   endfacet
   facet normal -1.612413e-01 1.730315e-02 -9.867633e-01
      outer loop
         vertex 2.060466e+00 -1.384404e+00 -4.478245e+00
         vertex 2.052322e+00 -1.392206e+00 -4.477051e+00
         vertex 2.052169e+00 -1.384476e+00 -4.476890e+00
      endloop
   endfacet
   facet normal -1.612318e-01 1.564781e-02 -9.867925e-01
      outer loop
         vertex 2.060466e+00 -1.384404e+00 -4.478245e+00
         vertex 2.052169e+00 -1.384476e+00 -4.476890e+00
         vertex 2.058698e+00 -1.368764e+00 -4.477708e+00
      endloop
   endfacet
   facet normal -1.896637e-01 2.774088e-02 -9.814571e-01
      outer loop
         vertex 2.058698e+00 -1.368764e+00 -4.477708e+00
         vertex 2.052169e+00 -1.384476e+00 -4.476890e+00
         vertex 2.050632e+00 -1.368838e+00 -4.476151e+00
      endloop
   endfacet
   facet normal -1.896576e-01 2.612380e-02 -9.815027e-01
      outer loop
         vertex 2.058698e+00 -1.368764e+00 -4.477708e+00
         vertex 2.050632e+00 -1.368838e+00 -4.476151e+00
         vertex 2.057235e+00 -1.353183e+00 -4.477011e+00
      endloop
   endfacet
   facet normal -2.361827e-01 4.634359e-02 -9.706029e-01
      outer loop
         vertex 2.057235e+00 -1.353183e+00 -4.477011e+00
         vertex 2.050632e+00 -1.368838e+00 -4.476151e+00
         vertex 2.049357e+00 -1.353263e+00 -4.475098e+00
      endloop
   endfacet
   facet normal -2.361745e-01 5.083593e-02 -9.703800e-01
      outer loop
         vertex 2.057235e+00 -1.353183e+00 -4.477011e+00
         vertex 2.049357e+00 -1.353263e+00 -4.475098e+00
         vertex 2.057390e+00 -1.337849e+00 -4.476245e+00
      endloop
   endfacet
   facet normal -2.839493e-01 7.681939e-02 -9.557571e-01
      outer loop
         vertex 2.057390e+00 -1.337849e+00 -4.476245e+00
         vertex 2.049357e+00 -1.353263e+00 -4.475098e+00
         vertex 2.049480e+00 -1.337938e+00 -4.473902e+00
      endloop
   endfacet
   facet normal -2.837935e-01 8.863949e-02 -9.547797e-01
      outer loop
         vertex 2.057390e+00 -1.337849e+00 -4.476245e+00
         vertex 2.049480e+00 -1.337938e+00 -4.473902e+00
         vertex 2.058455e+00 -1.330330e+00 -4.475864e+00
      endloop
   endfacet
   facet normal -3.020754e-01 1.123019e-01 -9.466460e-01
      outer loop
         vertex 2.058455e+00 -1.330330e+00 -4.475864e+00
         vertex 2.049480e+00 -1.337938e+00 -4.473902e+00
         vertex 2.050394e+00 -1.330425e+00 -4.473303e+00
      endloop
   endfacet
   facet normal -3.017441e-01 1.252623e-01 -9.451243e-01
      outer loop
         vertex 2.058455e+00 -1.330330e+00 -4.475864e+00
         vertex 2.050394e+00 -1.330425e+00 -4.473303e+00
         vertex 2.060376e+00 -1.322938e+00 -4.475497e+00
      endloop
   endfacet
   facet normal -3.138073e-01 1.432531e-01 -9.386179e-01
      outer loop
         vertex 2.060376e+00 -1.322938e+00 -4.475497e+00
         vertex 2.050394e+00 -1.330425e+00 -4.473303e+00
         vertex 2.052046e+00 -1.323038e+00 -4.472727e+00
      endloop
   endfacet
   facet normal -3.129558e-01 1.653890e-01 -9.352567e-01
      outer loop
         vertex 2.060376e+00 -1.322938e+00 -4.475497e+00
         vertex 2.052046e+00 -1.323038e+00 -4.472727e+00
         vertex 2.063175e+00 -1.315676e+00 -4.475150e+00
      endloop
   endfacet
   facet normal -3.187961e-01 1.754752e-01 -9.314384e-01
      outer loop
         vertex 2.063175e+00 -1.315676e+00 -4.475150e+00
         vertex 2.052046e+00 -1.323038e+00 -4.472727e+00
         vertex 2.054456e+00 -1.315782e+00 -4.472185e+00
      endloop
   endfacet
   facet normal -3.174321e-01 2.022098e-01 -9.264708e-01
      outer loop
         vertex 2.063175e+00 -1.315676e+00 -4.475150e+00
         vertex 2.054456e+00 -1.315782e+00 -4.472185e+00
         vertex 2.066760e+00 -1.308534e+00 -4.474819e+00
      endloop
   endfacet
   facet normal -3.184619e-01 2.042490e-01 -9.256697e-01
      outer loop
         vertex 2.066760e+00 -1.308534e+00 -4.474819e+00
         vertex 2.054456e+00 -1.315782e+00 -4.472185e+00
         vertex 2.057544e+00 -1.308646e+00 -4.471673e+00
      endloop
   endfacet
   facet normal -3.157208e-01 2.470990e-01 -9.161127e-01
      outer loop
         vertex 2.066760e+00 -1.308534e+00 -4.474819e+00
         vertex 2.057544e+00 -1.308646e+00 -4.471673e+00
         vertex 2.075899e+00 -1.294556e+00 -4.474198e+00
      endloop
   endfacet
   facet normal -3.085369e-01 2.368179e-01 -9.212612e-01
      outer loop
         vertex 2.075899e+00 -1.294556e+00 -4.474198e+00
         vertex 2.057544e+00 -1.308646e+00 -4.471673e+00
         vertex 2.065419e+00 -1.294681e+00 -4.470721e+00
      endloop
   endfacet
   facet normal -3.047820e-01 2.870416e-01 -9.081382e-01
      outer loop
         vertex 2.075899e+00 -1.294556e+00 -4.474198e+00
         vertex 2.065419e+00 -1.294681e+00 -4.470721e+00
         vertex 2.087017e+00 -1.280903e+00 -4.473615e+00
      endloop
   endfacet
   facet normal -2.918392e-01 2.644320e-01 -9.191875e-01
      outer loop
         vertex 2.087017e+00 -1.280903e+00 -4.473615e+00
         vertex 2.065419e+00 -1.294681e+00 -4.470721e+00
         vertex 2.075003e+00 -1.281042e+00 -4.469840e+00
      endloop
   endfacet
   facet normal -2.889286e-01 3.017662e-01 -9.085469e-01
      outer loop
         vertex 2.087017e+00 -1.280903e+00 -4.473615e+00
         vertex 2.075003e+00 -1.281042e+00 -4.469840e+00
         vertex 2.183977e+00 -1.174559e+00 -4.469127e+00
      endloop
   endfacet
   facet normal -2.195077e-01 2.309856e-01 -9.478724e-01
      outer loop
         vertex 2.183977e+00 -1.174559e+00 -4.469127e+00
         vertex 2.075003e+00 -1.281042e+00 -4.469840e+00
         vertex 2.158609e+00 -1.174852e+00 -4.463324e+00
      endloop
   endfacet
   facet normal -2.205155e-01 2.050426e-01 -9.535882e-01
      outer loop
         vertex 2.183977e+00 -1.174559e+00 -4.469127e+00
         vertex 2.158609e+00 -1.174852e+00 -4.463324e+00
         vertex 2.280196e+00 -1.066431e+00 -4.468128e+00
      endloop
   endfacet
   facet normal -1.346866e-01 1.073975e-01 -9.850509e-01
      outer loop
         vertex 2.280196e+00 -1.066431e+00 -4.468128e+00
         vertex 2.158609e+00 -1.174852e+00 -4.463324e+00
         vertex 2.324436e+00 -9.574423e-01 -4.462294e+00
      endloop
   endfacet
   facet normal -1.714777e-01 1.219334e-01 -9.776132e-01
      outer loop
         vertex 2.280196e+00 -1.066431e+00 -4.468128e+00
         vertex 2.324436e+00 -9.574423e-01 -4.462294e+00
         vertex 2.376907e+00 -9.561256e-01 -4.471334e+00
      endloop
   endfacet
   facet normal -1.709712e-01 6.296947e-02 -9.832618e-01
      outer loop
         vertex 2.376907e+00 -9.561256e-01 -4.471334e+00
         vertex 2.324436e+00 -9.574423e-01 -4.462294e+00
         vertex 2.564094e+00 -7.335079e-01 -4.489625e+00
      endloop
   endfacet
   facet normal -4.760201e-01 1.064385e-01 -8.729695e-01
      outer loop
         vertex 2.062499e+00 -1.399663e+00 -4.480000e+00
         vertex 2.059642e+00 -1.399710e+00 -4.478448e+00
         vertex 2.063210e+00 -1.395900e+00 -4.479929e+00
      endloop
   endfacet
   facet normal -4.569033e-01 8.363166e-02 -8.855761e-01
      outer loop
         vertex 2.063210e+00 -1.395900e+00 -4.479929e+00
         vertex 2.059642e+00 -1.399710e+00 -4.478448e+00
         vertex 2.060319e+00 -1.395945e+00 -4.478442e+00
      endloop
   endfacet
   facet normal -4.574235e-01 5.758940e-02 -8.873822e-01
      outer loop
         vertex 2.063210e+00 -1.395900e+00 -4.479929e+00
         vertex 2.060319e+00 -1.395945e+00 -4.478442e+00
         vertex 2.063545e+00 -1.392089e+00 -4.479854e+00
      endloop
   endfacet
   facet normal -4.466465e-01 4.632834e-02 -8.935103e-01
      outer loop
         vertex 2.063545e+00 -1.392089e+00 -4.479854e+00
         vertex 2.060319e+00 -1.395945e+00 -4.478442e+00
         vertex 2.060638e+00 -1.392134e+00 -4.478403e+00
      endloop
   endfacet
   facet normal -4.466359e-01 7.683346e-03 -8.946828e-01
      outer loop
         vertex 2.063545e+00 -1.392089e+00 -4.479854e+00
         vertex 2.060638e+00 -1.392134e+00 -4.478403e+00
         vertex 2.063368e+00 -1.384359e+00 -4.479699e+00
      endloop
   endfacet
   facet normal -4.482194e-01 8.372424e-03 -8.938844e-01
      outer loop
         vertex 2.063368e+00 -1.384359e+00 -4.479699e+00
         vertex 2.060638e+00 -1.392134e+00 -4.478403e+00
         vertex 2.060466e+00 -1.384404e+00 -4.478245e+00
      endloop
   endfacet
   facet normal -4.474367e-01 -3.457959e-02 -8.936468e-01
      outer loop
         vertex 2.063368e+00 -1.384359e+00 -4.479699e+00
         vertex 2.060466e+00 -1.384404e+00 -4.478245e+00
         vertex 2.061519e+00 -1.368715e+00 -4.479379e+00
      endloop
   endfacet
   facet normal -5.091369e-01 -2.802654e-02 -8.602291e-01
      outer loop
         vertex 2.061519e+00 -1.368715e+00 -4.479379e+00
         vertex 2.060466e+00 -1.384404e+00 -4.478245e+00
         vertex 2.058698e+00 -1.368764e+00 -4.477708e+00
      endloop
   endfacet
   facet normal -5.090097e-01 -3.254426e-02 -8.601454e-01
      outer loop
         vertex 2.061519e+00 -1.368715e+00 -4.479379e+00
         vertex 2.058698e+00 -1.368764e+00 -4.477708e+00
         vertex 2.059988e+00 -1.353127e+00 -4.479063e+00
      endloop
   endfacet
   facet normal -5.972271e-01 -2.021103e-02 -8.018175e-01
      outer loop
         vertex 2.059988e+00 -1.353127e+00 -4.479063e+00
         vertex 2.058698e+00 -1.368764e+00 -4.477708e+00
         vertex 2.057235e+00 -1.353183e+00 -4.477011e+00
      endloop
   endfacet
   facet normal -5.977516e-01 2.239226e-02 -8.013686e-01
      outer loop
         vertex 2.059988e+00 -1.353127e+00 -4.479063e+00
         vertex 2.057235e+00 -1.353183e+00 -4.477011e+00
         vertex 2.060155e+00 -1.337784e+00 -4.478759e+00
      endloop
   endfacet
   facet normal -6.725480e-01 4.368510e-02 -7.387631e-01
      outer loop
         vertex 2.060155e+00 -1.337784e+00 -4.478759e+00
         vertex 2.057235e+00 -1.353183e+00 -4.477011e+00
         vertex 2.057390e+00 -1.337849e+00 -4.476245e+00
      endloop
   endfacet
   facet normal -6.697156e-01 1.138623e-01 -7.338368e-01
      outer loop
         vertex 2.060155e+00 -1.337784e+00 -4.478759e+00
         vertex 2.057390e+00 -1.337849e+00 -4.476245e+00
         vertex 2.061273e+00 -1.330260e+00 -4.478612e+00
      endloop
   endfacet
   facet normal -6.935420e-01 1.341728e-01 -7.078115e-01
      outer loop
         vertex 2.061273e+00 -1.330260e+00 -4.478612e+00
         vertex 2.057390e+00 -1.337849e+00 -4.476245e+00
         vertex 2.058455e+00 -1.330330e+00 -4.475864e+00
      endloop
   endfacet
   facet normal -6.865245e-01 2.004604e-01 -6.989276e-01
      outer loop
         vertex 2.061273e+00 -1.330260e+00 -4.478612e+00
         vertex 2.058455e+00 -1.330330e+00 -4.475864e+00
         vertex 2.063288e+00 -1.322863e+00 -4.478469e+00
      endloop
   endfacet
   facet normal -7.001675e-01 2.156785e-01 -6.806234e-01
      outer loop
         vertex 2.063288e+00 -1.322863e+00 -4.478469e+00
         vertex 2.058455e+00 -1.330330e+00 -4.475864e+00
         vertex 2.060376e+00 -1.322938e+00 -4.475497e+00
      endloop
   endfacet
   facet normal -6.871587e-01 2.902897e-01 -6.659916e-01
      outer loop
         vertex 2.063288e+00 -1.322863e+00 -4.478469e+00
         vertex 2.060376e+00 -1.322938e+00 -4.475497e+00
         vertex 2.066224e+00 -1.315596e+00 -4.478331e+00
      endloop
   endfacet
   facet normal -6.928224e-01 2.984913e-01 -6.564298e-01
      outer loop
         vertex 2.066224e+00 -1.315596e+00 -4.478331e+00
         vertex 2.060376e+00 -1.322938e+00 -4.475497e+00
         vertex 2.063175e+00 -1.315676e+00 -4.475150e+00
      endloop
   endfacet
   facet normal -6.760594e-01 3.675698e-01 -6.386205e-01
      outer loop
         vertex 2.066224e+00 -1.315596e+00 -4.478331e+00
         vertex 2.063175e+00 -1.315676e+00 -4.475150e+00
         vertex 2.069982e+00 -1.308448e+00 -4.478196e+00
      endloop
   endfacet
   facet normal -6.769783e-01 3.692568e-01 -6.366709e-01
      outer loop
         vertex 2.069982e+00 -1.308448e+00 -4.478196e+00
         vertex 2.063175e+00 -1.315676e+00 -4.475150e+00
         vertex 2.066760e+00 -1.308534e+00 -4.474819e+00
      endloop
   endfacet
   facet normal -6.494710e-01 4.563586e-01 -6.082139e-01
      outer loop
         vertex 2.069982e+00 -1.308448e+00 -4.478196e+00
         vertex 2.066760e+00 -1.308534e+00 -4.474819e+00
         vertex 2.079563e+00 -1.294460e+00 -4.477930e+00
      endloop
   endfacet
   facet normal -6.435760e-01 4.483153e-01 -6.203413e-01
      outer loop
         vertex 2.079563e+00 -1.294460e+00 -4.477930e+00
         vertex 2.066760e+00 -1.308534e+00 -4.474819e+00
         vertex 2.075899e+00 -1.294556e+00 -4.474198e+00
      endloop
   endfacet
   facet normal -6.108082e-01 5.324521e-01 -5.860103e-01
      outer loop
         vertex 2.079563e+00 -1.294460e+00 -4.477930e+00
         vertex 2.075899e+00 -1.294556e+00 -4.474198e+00
         vertex 2.091217e+00 -1.280798e+00 -4.477664e+00
      endloop
   endfacet
   facet normal -6.013181e-01 5.157836e-01 -6.102326e-01
      outer loop
         vertex 2.091217e+00 -1.280798e+00 -4.477664e+00
         vertex 2.075899e+00 -1.294556e+00 -4.474198e+00
         vertex 2.087017e+00 -1.280903e+00 -4.473615e+00
      endloop
   endfacet
   facet normal -5.794023e-01 5.662818e-01 -5.861892e-01
      outer loop
         vertex 2.091217e+00 -1.280798e+00 -4.477664e+00
         vertex 2.087017e+00 -1.280903e+00 -4.473615e+00
         vertex 2.192846e+00 -1.174424e+00 -4.475355e+00
      endloop
   endfacet
   facet normal -5.056170e-01 4.909318e-01 -7.094627e-01
      outer loop
         vertex 2.192846e+00 -1.174424e+00 -4.475355e+00
         vertex 2.087017e+00 -1.280903e+00 -4.473615e+00
         vertex 2.183977e+00 -1.174559e+00 -4.469127e+00
      endloop
   endfacet
   facet normal -5.114512e-01 4.718362e-01 -7.181841e-01
      outer loop
         vertex 2.192846e+00 -1.174424e+00 -4.475355e+00
         vertex 2.183977e+00 -1.174559e+00 -4.469127e+00
         vertex 2.293759e+00 -1.066346e+00 -4.476215e+00
      endloop
   endfacet
   facet normal -4.662007e-01 4.220428e-01 -7.775196e-01
      outer loop
         vertex 2.293759e+00 -1.066346e+00 -4.476215e+00
         vertex 2.183977e+00 -1.174559e+00 -4.469127e+00
         vertex 2.280196e+00 -1.066431e+00 -4.468128e+00
      endloop
   endfacet
   facet normal -4.712896e-01 3.995439e-01 -7.862892e-01
      outer loop
         vertex 2.293759e+00 -1.066346e+00 -4.476215e+00
         vertex 2.280196e+00 -1.066431e+00 -4.468128e+00
         vertex 2.395269e+00 -9.560928e-01 -4.481034e+00
      endloop
   endfacet
   facet normal -4.365129e-01 3.587372e-01 -8.250843e-01
      outer loop
         vertex 2.395269e+00 -9.560928e-01 -4.481034e+00
         vertex 2.280196e+00 -1.066431e+00 -4.468128e+00
         vertex 2.376907e+00 -9.561256e-01 -4.471334e+00
      endloop
   endfacet
   facet normal -4.439937e-01 3.134975e-01 -8.393979e-01
      outer loop
         vertex 2.395269e+00 -9.560928e-01 -4.481034e+00
         vertex 2.376907e+00 -9.561256e-01 -4.471334e+00
         vertex 2.591985e+00 -7.337314e-01 -4.502038e+00
      endloop
   endfacet
   facet normal -3.912901e-01 2.563935e-01 -8.838294e-01
      outer loop
         vertex 2.591985e+00 -7.337314e-01 -4.502038e+00
         vertex 2.376907e+00 -9.561256e-01 -4.471334e+00
         vertex 2.564094e+00 -7.335079e-01 -4.489625e+00
      endloop
   endfacet
   facet normal -3.962006e-01 2.092005e-01 -8.940136e-01
      outer loop
         vertex 2.591985e+00 -7.337314e-01 -4.502038e+00
         vertex 2.564094e+00 -7.335079e-01 -4.489625e+00
         vertex 2.779801e+00 -5.284080e-01 -4.537227e+00
      endloop
   endfacet
   facet normal -3.561362e-01 1.609231e-01 -9.204731e-01
      outer loop
         vertex 2.779801e+00 -5.284080e-01 -4.537227e+00
         vertex 2.564094e+00 -7.335079e-01 -4.489625e+00
         vertex 2.742871e+00 -5.268465e-01 -4.522665e+00
      endloop
   endfacet
   facet normal -3.624280e-01 8.419026e-02 -9.282014e-01
      outer loop
         vertex 2.779801e+00 -5.284080e-01 -4.537227e+00
         vertex 2.742871e+00 -5.268465e-01 -4.522665e+00
         vertex 2.949951e+00 -3.340468e-01 -4.586035e+00
      endloop
   endfacet
   facet normal -3.387240e-01 5.509205e-02 -9.392715e-01
      outer loop
         vertex 2.949951e+00 -3.340468e-01 -4.586035e+00
         vertex 2.742871e+00 -5.268465e-01 -4.522665e+00
         vertex 2.905028e+00 -3.310787e-01 -4.569660e+00
      endloop
   endfacet
   facet normal -3.377875e-01 6.689764e-02 -9.388420e-01
      outer loop
         vertex 2.949951e+00 -3.340468e-01 -4.586035e+00
         vertex 2.905028e+00 -3.310787e-01 -4.569660e+00
         vertex 3.093322e+00 -1.566857e-01 -4.624981e+00
      endloop
   endfacet
   facet normal -3.274982e-01 5.437861e-02 -9.432857e-01
      outer loop
         vertex 3.093322e+00 -1.566857e-01 -4.624981e+00
         vertex 2.905028e+00 -3.310787e-01 -4.569660e+00
         vertex 3.042052e+00 -1.527357e-01 -4.606952e+00
      endloop
   endfacet
   facet normal -3.258192e-01 7.306412e-02 -9.426046e-01
      outer loop
         vertex 3.093322e+00 -1.566857e-01 -4.624981e+00
         vertex 3.042052e+00 -1.527357e-01 -4.606952e+00
         vertex 3.150588e+00 -7.058956e-02 -4.638101e+00
      endloop
   endfacet
   facet normal -3.220202e-01 6.738996e-02 -9.443313e-01
      outer loop
         vertex 3.150588e+00 -7.058956e-02 -4.638101e+00
         vertex 3.042052e+00 -1.527357e-01 -4.606952e+00
         vertex 3.096941e+00 -6.589553e-02 -4.619473e+00
      endloop
   endfacet
   facet normal -3.217578e-01 6.999234e-02 -9.442314e-01
      outer loop
         vertex 3.150588e+00 -7.058956e-02 -4.638101e+00
         vertex 3.096941e+00 -6.589553e-02 -4.619473e+00
         vertex 3.196039e+00 1.058471e-02 -4.647573e+00
      endloop
   endfacet
   facet normal -3.186804e-01 6.550340e-02 -9.455962e-01
      outer loop
         vertex 3.196039e+00 1.058471e-02 -4.647573e+00
         vertex 3.096941e+00 -6.589553e-02 -4.619473e+00
         vertex 3.140688e+00 1.640611e-02 -4.628515e+00
      endloop
   endfacet
   facet normal -3.193417e-01 5.973560e-02 -9.457550e-01
      outer loop
         vertex 3.196039e+00 1.058471e-02 -4.647573e+00
         vertex 3.140688e+00 1.640611e-02 -4.628515e+00
         vertex 3.228588e+00 9.136864e-02 -4.653460e+00
      endloop
   endfacet
   facet normal -3.174770e-01 5.728988e-02 -9.465338e-01
      outer loop
         vertex 3.228588e+00 9.136864e-02 -4.653460e+00
         vertex 3.140688e+00 1.640611e-02 -4.628515e+00
         vertex 3.172250e+00 9.837805e-02 -4.634140e+00
      endloop
   endfacet
   facet normal -3.183091e-01 5.084603e-02 -9.466224e-01
      outer loop
         vertex 3.228588e+00 9.136864e-02 -4.653460e+00
         vertex 3.172250e+00 9.837805e-02 -4.634140e+00
         vertex 3.239852e+00 1.327470e-01 -4.655025e+00
      endloop
   endfacet
   facet normal -3.179050e-01 4.993927e-02 -9.468065e-01
      outer loop
         vertex 3.239852e+00 1.327470e-01 -4.655025e+00
         vertex 3.172250e+00 9.837805e-02 -4.634140e+00
         vertex 3.183298e+00 1.403111e-01 -4.635638e+00
      endloop
   endfacet
   facet normal -3.187197e-01 4.391161e-02 -9.468313e-01
      outer loop
         vertex 3.239852e+00 1.327470e-01 -4.655025e+00
         vertex 3.183298e+00 1.403111e-01 -4.635638e+00
         vertex 3.249218e+00 1.841524e-01 -4.655794e+00
      endloop
   endfacet
   facet normal -3.186039e-01 4.371535e-02 -9.468794e-01
      outer loop
         vertex 3.249218e+00 1.841524e-01 -4.655794e+00
         vertex 3.183298e+00 1.403111e-01 -4.635638e+00
         vertex 3.192573e+00 1.917709e-01 -4.636383e+00
      endloop
   endfacet
   facet normal -3.185339e-01 4.423396e-02 -9.468788e-01
      outer loop
         vertex 3.249218e+00 1.841524e-01 -4.655794e+00
         vertex 3.192573e+00 1.917709e-01 -4.636383e+00
         vertex 3.258747e+00 3.195912e-01 -4.652672e+00
      endloop
   endfacet
   facet normal -3.189508e-01 4.446910e-02 -9.467274e-01
      outer loop
         vertex 3.258747e+00 3.195912e-01 -4.652672e+00
         vertex 3.192573e+00 1.917709e-01 -4.636383e+00
         vertex 3.202289e+00 3.255587e-01 -4.633372e+00
      endloop
   endfacet
   facet normal -3.185964e-01 4.769967e-02 -9.466895e-01
      outer loop
         vertex 3.258747e+00 3.195912e-01 -4.652672e+00
         vertex 3.202289e+00 3.255587e-01 -4.633372e+00
         vertex 3.250069e+00 4.638510e-01 -4.642483e+00
      endloop
   endfacet
   facet normal -3.199914e-01 4.821437e-02 -9.461928e-01
      outer loop
         vertex 3.250069e+00 4.638510e-01 -4.642483e+00
         vertex 3.202289e+00 3.255587e-01 -4.633372e+00
         vertex 3.194547e+00 4.676660e-01 -4.623512e+00
      endloop
   endfacet
   facet normal -3.197315e-01 5.155761e-02 -9.461044e-01
      outer loop
         vertex 3.250069e+00 4.638510e-01 -4.642483e+00
         vertex 3.194547e+00 4.676660e-01 -4.623512e+00
         vertex 3.223320e+00 6.061131e-01 -4.625691e+00
      endloop
   endfacet
   facet normal -3.223249e-01 5.211091e-02 -9.451937e-01
      outer loop
         vertex 3.223320e+00 6.061131e-01 -4.625691e+00
         vertex 3.194547e+00 4.676660e-01 -4.623512e+00
         vertex 3.169510e+00 6.078971e-01 -4.607243e+00
      endloop
   endfacet
   facet normal -3.227406e-01 4.289606e-02 -9.455149e-01
      outer loop
         vertex 3.223320e+00 6.061131e-01 -4.625691e+00
         vertex 3.169510e+00 6.078971e-01 -4.607243e+00
         vertex 3.180702e+00 7.524848e-01 -4.604504e+00
      endloop
   endfacet
   facet normal -3.281728e-01 4.328074e-02 -9.436257e-01
      outer loop
         vertex 3.180702e+00 7.524848e-01 -4.604504e+00
         vertex 3.169510e+00 6.078971e-01 -4.607243e+00
         vertex 3.129322e+00 7.526047e-01 -4.586629e+00
      endloop
   endfacet
   facet normal -3.285716e-01 -4.152979e-04 -9.444790e-01
      outer loop
         vertex 3.180702e+00 7.524848e-01 -4.604504e+00
         vertex 3.129322e+00 7.526047e-01 -4.586629e+00
         vertex 3.122409e+00 8.980890e-01 -4.584288e+00
      endloop
   endfacet
   facet normal -3.357523e-01 -7.971824e-04 -9.419500e-01
      outer loop
         vertex 3.122409e+00 8.980890e-01 -4.584288e+00
         vertex 3.129322e+00 7.526047e-01 -4.586629e+00
         vertex 3.074057e+00 8.968246e-01 -4.567052e+00
      endloop
   endfacet
   facet normal -3.345792e-01 -3.985573e-02 -9.415244e-01
      outer loop
         vertex 3.122409e+00 8.980890e-01 -4.584288e+00
         vertex 3.074057e+00 8.968246e-01 -4.567052e+00
         vertex 3.050002e+00 1.036917e+00 -4.564434e+00
      endloop
   endfacet
   facet normal -3.425343e-01 -4.127638e-02 -9.385981e-01
      outer loop
         vertex 3.050002e+00 1.036917e+00 -4.564434e+00
         vertex 3.074057e+00 8.968246e-01 -4.567052e+00
         vertex 3.005169e+00 1.034454e+00 -4.547965e+00
      endloop
   endfacet
   facet normal -3.399593e-01 -7.851119e-02 -9.371572e-01
      outer loop
         vertex 3.050002e+00 1.036917e+00 -4.564434e+00
         vertex 3.005169e+00 1.034454e+00 -4.547965e+00
         vertex 2.965691e+00 1.169519e+00 -4.544959e+00
      endloop
   endfacet
   facet normal -3.494668e-01 -8.137358e-02 -9.334084e-01
      outer loop
         vertex 2.965691e+00 1.169519e+00 -4.544959e+00
         vertex 3.005169e+00 1.034454e+00 -4.547965e+00
         vertex 2.924782e+00 1.166154e+00 -4.529350e+00
      endloop
   endfacet
   facet normal -3.445559e-01 -1.263174e-01 -9.302286e-01
      outer loop
         vertex 2.965691e+00 1.169519e+00 -4.544959e+00
         vertex 2.924782e+00 1.166154e+00 -4.529350e+00
         vertex 2.871223e+00 1.295922e+00 -4.527132e+00
      endloop
   endfacet
   facet normal -3.558708e-01 -1.310717e-01 -9.252979e-01
      outer loop
         vertex 2.871223e+00 1.295922e+00 -4.527132e+00
         vertex 2.924782e+00 1.166154e+00 -4.529350e+00
         vertex 2.834553e+00 1.291986e+00 -4.512472e+00
      endloop
   endfacet
   facet normal -3.487154e-01 -1.783725e-01 -9.200983e-01
      outer loop
         vertex 2.871223e+00 1.295922e+00 -4.527132e+00
         vertex 2.834553e+00 1.291986e+00 -4.512472e+00
         vertex 2.768275e+00 1.414995e+00 -4.511199e+00
      endloop
   endfacet
   facet normal -3.616009e-01 -1.853812e-01 -9.137169e-01
      outer loop
         vertex 2.768275e+00 1.414995e+00 -4.511199e+00
         vertex 2.834553e+00 1.291986e+00 -4.512472e+00
         vertex 2.736080e+00 1.410755e+00 -4.497598e+00
      endloop
   endfacet
   facet normal -3.526996e-01 -2.308358e-01 -9.068174e-01
      outer loop
         vertex 2.768275e+00 1.414995e+00 -4.511199e+00
         vertex 2.736080e+00 1.410755e+00 -4.497598e+00
         vertex 2.658522e+00 1.526955e+00 -4.497012e+00
      endloop
   endfacet
   facet normal -3.674827e-01 -2.407457e-01 -8.983307e-01
      outer loop
         vertex 2.658522e+00 1.526955e+00 -4.497012e+00
         vertex 2.736080e+00 1.410755e+00 -4.497598e+00
         vertex 2.630970e+00 1.522652e+00 -4.484588e+00
      endloop
   endfacet
   facet normal -3.516894e-01 -3.042435e-01 -8.852968e-01
      outer loop
         vertex 2.658522e+00 1.526955e+00 -4.497012e+00
         vertex 2.630970e+00 1.522652e+00 -4.484588e+00
         vertex 2.544376e+00 1.622463e+00 -4.484489e+00
      endloop
   endfacet
   facet normal -3.733289e-01 -3.230330e-01 -8.696408e-01
      outer loop
         vertex 2.544376e+00 1.622463e+00 -4.484489e+00
         vertex 2.630970e+00 1.522652e+00 -4.484588e+00
         vertex 2.521492e+00 1.618937e+00 -4.473356e+00
      endloop
   endfacet
   facet normal -3.551486e-01 -3.849355e-01 -8.518769e-01
      outer loop
         vertex 2.544376e+00 1.622463e+00 -4.484489e+00
         vertex 2.521492e+00 1.618937e+00 -4.473356e+00
         vertex 2.430978e+00 1.708759e+00 -4.476208e+00
      endloop
   endfacet
   facet normal -3.865749e-01 -4.156953e-01 -8.232601e-01
      outer loop
         vertex 2.430978e+00 1.708759e+00 -4.476208e+00
         vertex 2.521492e+00 1.618937e+00 -4.473356e+00
         vertex 2.412759e+00 1.706486e+00 -4.466505e+00
      endloop
   endfacet
   facet normal -3.783644e-01 -4.411056e-01 -8.137974e-01
      outer loop
         vertex 2.430978e+00 1.708759e+00 -4.476208e+00
         vertex 2.412759e+00 1.706486e+00 -4.466505e+00
         vertex 2.318050e+00 1.797974e+00 -4.472061e+00
      endloop
   endfacet
   facet normal -4.178063e-01 -4.793834e-01 -7.717704e-01
      outer loop
         vertex 2.318050e+00 1.797974e+00 -4.472061e+00
         vertex 2.412759e+00 1.706486e+00 -4.466505e+00
         vertex 2.304547e+00 1.796721e+00 -4.463973e+00
      endloop
   endfacet
   facet normal -4.131503e-01 -4.924598e-01 -7.660223e-01
      outer loop
         vertex 2.318050e+00 1.797974e+00 -4.472061e+00
         vertex 2.304547e+00 1.796721e+00 -4.463973e+00
         vertex 2.208279e+00 1.890461e+00 -4.472314e+00
      endloop
   endfacet
   facet normal -4.639555e-01 -5.390267e-01 -7.029904e-01
      outer loop
         vertex 2.208279e+00 1.890461e+00 -4.472314e+00
         vertex 2.304547e+00 1.796721e+00 -4.463973e+00
         vertex 2.199421e+00 1.889966e+00 -4.466088e+00
      endloop
   endfacet
   facet normal -4.617796e-01 -5.443476e-01 -7.003180e-01
      outer loop
         vertex 2.208279e+00 1.890461e+00 -4.472314e+00
         vertex 2.199421e+00 1.889966e+00 -4.466088e+00
         vertex 2.099444e+00 1.987614e+00 -4.476066e+00
      endloop
   endfacet
   facet normal -5.391325e-01 -6.111956e-01 -5.794619e-01
      outer loop
         vertex 2.099444e+00 1.987614e+00 -4.476066e+00
         vertex 2.199421e+00 1.889966e+00 -4.466088e+00
         vertex 2.095248e+00 1.987477e+00 -4.472017e+00
      endloop
   endfacet
   facet normal -5.595714e-01 -5.724411e-01 -5.993255e-01
      outer loop
         vertex 2.099444e+00 1.987614e+00 -4.476066e+00
         vertex 2.095248e+00 1.987477e+00 -4.472017e+00
         vertex 2.086837e+00 2.000407e+00 -4.476514e+00
      endloop
   endfacet
   facet normal -5.747046e-01 -5.760179e-01 -5.813071e-01
      outer loop
         vertex 2.086837e+00 2.000407e+00 -4.476514e+00
         vertex 2.095248e+00 1.987477e+00 -4.472017e+00
         vertex 2.083177e+00 2.000293e+00 -4.472783e+00
      endloop
   endfacet
   facet normal -6.086099e-01 -5.045506e-01 -6.123909e-01
      outer loop
         vertex 2.086837e+00 2.000407e+00 -4.476514e+00
         vertex 2.083177e+00 2.000293e+00 -4.472783e+00
         vertex 2.076283e+00 2.013687e+00 -4.476966e+00
      endloop
   endfacet
   facet normal -6.168363e-01 -5.058554e-01 -6.030119e-01
      outer loop
         vertex 2.076283e+00 2.013687e+00 -4.476966e+00
         vertex 2.083177e+00 2.000293e+00 -4.472783e+00
         vertex 2.073063e+00 2.013589e+00 -4.473591e+00
      endloop
   endfacet
   facet normal -6.493728e-01 -4.234850e-01 -6.316450e-01
      outer loop
         vertex 2.076283e+00 2.013687e+00 -4.476966e+00
         vertex 2.073063e+00 2.013589e+00 -4.473591e+00
         vertex 2.072028e+00 2.020556e+00 -4.477197e+00
      endloop
   endfacet
   facet normal -6.477738e-01 -4.239389e-01 -6.329810e-01
      outer loop
         vertex 2.072028e+00 2.020556e+00 -4.477197e+00
         vertex 2.073063e+00 2.013589e+00 -4.473591e+00
         vertex 2.068982e+00 2.020461e+00 -4.474017e+00
      endloop
   endfacet
   facet normal -6.714414e-01 -3.495407e-01 -6.534430e-01
      outer loop
         vertex 2.072028e+00 2.020556e+00 -4.477197e+00
         vertex 2.068982e+00 2.020461e+00 -4.474017e+00
         vertex 2.068589e+00 2.027601e+00 -4.477433e+00
      endloop
   endfacet
   facet normal -6.629607e-01 -3.524511e-01 -6.605008e-01
      outer loop
         vertex 2.068589e+00 2.027601e+00 -4.477433e+00
         vertex 2.068982e+00 2.020461e+00 -4.474017e+00
         vertex 2.065679e+00 2.027508e+00 -4.474462e+00
      endloop
   endfacet
   facet normal -6.853151e-01 -2.618090e-01 -6.795582e-01
      outer loop
         vertex 2.068589e+00 2.027601e+00 -4.477433e+00
         vertex 2.065679e+00 2.027508e+00 -4.474462e+00
         vertex 2.066063e+00 2.034842e+00 -4.477675e+00
      endloop
   endfacet
   facet normal -6.677716e-01 -2.690687e-01 -6.940339e-01
      outer loop
         vertex 2.066063e+00 2.034842e+00 -4.477675e+00
         vertex 2.065679e+00 2.027508e+00 -4.474462e+00
         vertex 2.063246e+00 2.034747e+00 -4.474928e+00
      endloop
   endfacet
   facet normal -6.843820e-01 -1.749621e-01 -7.078202e-01
      outer loop
         vertex 2.066063e+00 2.034842e+00 -4.477675e+00
         vertex 2.063246e+00 2.034747e+00 -4.474928e+00
         vertex 2.064420e+00 2.042270e+00 -4.477923e+00
      endloop
   endfacet
   facet normal -6.568756e-01 -1.881450e-01 -7.301479e-01
      outer loop
         vertex 2.064420e+00 2.042270e+00 -4.477923e+00
         vertex 2.063246e+00 2.034747e+00 -4.474928e+00
         vertex 2.061656e+00 2.042171e+00 -4.475411e+00
      endloop
   endfacet
   facet normal -6.689336e-01 -7.918877e-02 -7.390920e-01
      outer loop
         vertex 2.064420e+00 2.042270e+00 -4.477923e+00
         vertex 2.061656e+00 2.042171e+00 -4.475411e+00
         vertex 2.063176e+00 2.057561e+00 -4.478435e+00
      endloop
   endfacet
   facet normal -5.918966e-01 -9.874919e-02 -7.999419e-01
      outer loop
         vertex 2.063176e+00 2.057561e+00 -4.478435e+00
         vertex 2.061656e+00 2.042171e+00 -4.475411e+00
         vertex 2.060423e+00 2.057447e+00 -4.476384e+00
      endloop
   endfacet
   facet normal -5.971361e-01 -1.073680e-02 -8.020680e-01
      outer loop
         vertex 2.063176e+00 2.057561e+00 -4.478435e+00
         vertex 2.060423e+00 2.057447e+00 -4.476384e+00
         vertex 2.063601e+00 2.073212e+00 -4.478961e+00
      endloop
   endfacet
   facet normal -5.078596e-01 -3.829938e-02 -8.605880e-01
      outer loop
         vertex 2.063601e+00 2.073212e+00 -4.478961e+00
         vertex 2.060423e+00 2.057447e+00 -4.476384e+00
         vertex 2.060783e+00 2.073081e+00 -4.477292e+00
      endloop
   endfacet
   facet normal -5.093621e-01 -5.332042e-03 -8.605358e-01
      outer loop
         vertex 2.063601e+00 2.073212e+00 -4.478961e+00
         vertex 2.060783e+00 2.073081e+00 -4.477292e+00
         vertex 2.064336e+00 2.088938e+00 -4.479493e+00
      endloop
   endfacet
   facet normal -4.469118e-01 -2.400440e-02 -8.942559e-01
      outer loop
         vertex 2.064336e+00 2.088938e+00 -4.479493e+00
         vertex 2.060783e+00 2.073081e+00 -4.477292e+00
         vertex 2.061437e+00 2.088795e+00 -4.478041e+00
      endloop
   endfacet
   facet normal -4.453351e-01 -5.189362e-02 -8.938589e-01
      outer loop
         vertex 2.064336e+00 2.088938e+00 -4.479493e+00
         vertex 2.061437e+00 2.088795e+00 -4.478041e+00
         vertex 2.063958e+00 2.096657e+00 -4.479753e+00
      endloop
   endfacet
   facet normal -4.439781e-01 -5.246839e-02 -8.945002e-01
      outer loop
         vertex 2.063958e+00 2.096657e+00 -4.479753e+00
         vertex 2.061437e+00 2.088795e+00 -4.478041e+00
         vertex 2.061053e+00 2.096513e+00 -4.478303e+00
      endloop
   endfacet
   facet normal -4.403928e-01 -1.009390e-01 -8.921129e-01
      outer loop
         vertex 2.063958e+00 2.096657e+00 -4.479753e+00
         vertex 2.061053e+00 2.096513e+00 -4.478303e+00
         vertex 2.063347e+00 2.100433e+00 -4.479879e+00
      endloop
   endfacet
   facet normal -4.521913e-01 -9.204457e-02 -8.871588e-01
      outer loop
         vertex 2.063347e+00 2.100433e+00 -4.479879e+00
         vertex 2.061053e+00 2.096513e+00 -4.478303e+00
         vertex 2.060459e+00 2.100292e+00 -4.478392e+00
      endloop
   endfacet
   facet normal -4.469508e-01 -1.477123e-01 -8.822789e-01
      outer loop
         vertex 2.063347e+00 2.100433e+00 -4.479879e+00
         vertex 2.060459e+00 2.100292e+00 -4.478392e+00
         vertex 2.062363e+00 2.104137e+00 -4.480000e+00
      endloop
   endfacet
   facet normal -4.684197e-01 -1.333573e-01 -8.733835e-01
      outer loop
         vertex 2.062363e+00 2.104137e+00 -4.480000e+00
         vertex 2.060459e+00 2.100292e+00 -4.478392e+00
         vertex 2.059508e+00 2.103999e+00 -4.478448e+00
      endloop
   endfacet
   facet normal -4.700247e-01 -9.609041e-02 8.774072e-01
      outer loop
         vertex 2.062363e+00 2.104137e+00 -4.480000e+00
         vertex 2.059515e+00 2.103896e+00 -4.481552e+00
         vertex 2.063347e+00 2.100433e+00 -4.479879e+00
      endloop
   endfacet
   facet normal -4.525340e-01 -7.117528e-02 8.889021e-01
      outer loop
         vertex 2.063347e+00 2.100433e+00 -4.479879e+00
         vertex 2.059515e+00 2.103896e+00 -4.481552e+00
         vertex 2.060465e+00 2.100192e+00 -4.481365e+00
      endloop
   endfacet
   facet normal -4.550530e-01 -4.400442e-02 8.893764e-01
      outer loop
         vertex 2.063347e+00 2.100433e+00 -4.479879e+00
         vertex 2.060465e+00 2.100192e+00 -4.481365e+00
         vertex 2.063958e+00 2.096657e+00 -4.479753e+00
      endloop
   endfacet
   facet normal -4.452173e-01 -3.178842e-02 8.948581e-01
      outer loop
         vertex 2.063958e+00 2.096657e+00 -4.479753e+00
         vertex 2.060465e+00 2.100192e+00 -4.481365e+00
         vertex 2.061059e+00 2.096416e+00 -4.481203e+00
      endloop
   endfacet
   facet normal -4.480858e-01 8.156880e-03 8.939534e-01
      outer loop
         vertex 2.063958e+00 2.096657e+00 -4.479753e+00
         vertex 2.061059e+00 2.096416e+00 -4.481203e+00
         vertex 2.064336e+00 2.088938e+00 -4.479493e+00
      endloop
   endfacet
   facet normal -4.493924e-01 7.435786e-03 8.933035e-01
      outer loop
         vertex 2.064336e+00 2.088938e+00 -4.479493e+00
         vertex 2.061059e+00 2.096416e+00 -4.481203e+00
         vertex 2.061444e+00 2.088697e+00 -4.480946e+00
      endloop
   endfacet
   facet normal -4.517238e-01 5.124503e-02 8.906849e-01
      outer loop
         vertex 2.064336e+00 2.088938e+00 -4.479493e+00
         vertex 2.061444e+00 2.088697e+00 -4.480946e+00
         vertex 2.063601e+00 2.073212e+00 -4.478961e+00
      endloop
   endfacet
   facet normal -5.126252e-01 3.853808e-02 8.577472e-01
      outer loop
         vertex 2.063601e+00 2.073212e+00 -4.478961e+00
         vertex 2.061444e+00 2.088697e+00 -4.480946e+00
         vertex 2.060790e+00 2.072970e+00 -4.480630e+00
      endloop
   endfacet
   facet normal -5.128062e-01 4.276694e-02 8.574385e-01
      outer loop
         vertex 2.063601e+00 2.073212e+00 -4.478961e+00
         vertex 2.060790e+00 2.072970e+00 -4.480630e+00
         vertex 2.063176e+00 2.057561e+00 -4.478435e+00
      endloop
   endfacet
   facet normal -5.998273e-01 2.109114e-02 7.998515e-01
      outer loop
         vertex 2.063176e+00 2.057561e+00 -4.478435e+00
         vertex 2.060790e+00 2.072970e+00 -4.480630e+00
         vertex 2.060432e+00 2.057311e+00 -4.480485e+00
      endloop
   endfacet
   facet normal -5.973085e-01 -2.179006e-02 8.017155e-01
      outer loop
         vertex 2.063176e+00 2.057561e+00 -4.478435e+00
         vertex 2.060432e+00 2.057311e+00 -4.480485e+00
         vertex 2.064420e+00 2.042270e+00 -4.477923e+00
      endloop
   endfacet
   facet normal -6.704659e-01 -5.167958e-02 7.401383e-01
      outer loop
         vertex 2.064420e+00 2.042270e+00 -4.477923e+00
         vertex 2.060432e+00 2.057311e+00 -4.480485e+00
         vertex 2.061668e+00 2.042004e+00 -4.480435e+00
      endloop
   endfacet
   facet normal -6.626202e-01 -1.218106e-01 7.389835e-01
      outer loop
         vertex 2.064420e+00 2.042270e+00 -4.477923e+00
         vertex 2.061668e+00 2.042004e+00 -4.480435e+00
         vertex 2.066063e+00 2.034842e+00 -4.477675e+00
      endloop
   endfacet
   facet normal -6.849274e-01 -1.451251e-01 7.140121e-01
      outer loop
         vertex 2.066063e+00 2.034842e+00 -4.477675e+00
         vertex 2.061668e+00 2.042004e+00 -4.480435e+00
         vertex 2.063258e+00 2.034564e+00 -4.480422e+00
      endloop
   endfacet
   facet normal -6.731598e-01 -2.112303e-01 7.086872e-01
      outer loop
         vertex 2.066063e+00 2.034842e+00 -4.477675e+00
         vertex 2.063258e+00 2.034564e+00 -4.480422e+00
         vertex 2.068589e+00 2.027601e+00 -4.477433e+00
      endloop
   endfacet
   facet normal -6.857095e-01 -2.283806e-01 6.911185e-01
      outer loop
         vertex 2.068589e+00 2.027601e+00 -4.477433e+00
         vertex 2.063258e+00 2.034564e+00 -4.480422e+00
         vertex 2.065692e+00 2.027309e+00 -4.480404e+00
      endloop
   endfacet
   facet normal -6.672625e-01 -3.028941e-01 6.804527e-01
      outer loop
         vertex 2.068589e+00 2.027601e+00 -4.477433e+00
         vertex 2.065692e+00 2.027309e+00 -4.480404e+00
         vertex 2.072028e+00 2.020556e+00 -4.477197e+00
      endloop
   endfacet
   facet normal -6.723298e-01 -3.119979e-01 6.712898e-01
      outer loop
         vertex 2.072028e+00 2.020556e+00 -4.477197e+00
         vertex 2.065692e+00 2.027309e+00 -4.480404e+00
         vertex 2.068996e+00 2.020247e+00 -4.480377e+00
      endloop
   endfacet
   facet normal -6.504845e-01 -3.808370e-01 6.571401e-01
      outer loop
         vertex 2.072028e+00 2.020556e+00 -4.477197e+00
         vertex 2.068996e+00 2.020247e+00 -4.480377e+00
         vertex 2.076283e+00 2.013687e+00 -4.476966e+00
      endloop
   endfacet
   facet normal -6.512784e-01 -3.826881e-01 6.552757e-01
      outer loop
         vertex 2.076283e+00 2.013687e+00 -4.476966e+00
         vertex 2.068996e+00 2.020247e+00 -4.480377e+00
         vertex 2.073078e+00 2.013360e+00 -4.480342e+00
      endloop
   endfacet
   facet normal -6.173690e-01 -4.691605e-01 6.314618e-01
      outer loop
         vertex 2.076283e+00 2.013687e+00 -4.476966e+00
         vertex 2.073078e+00 2.013360e+00 -4.480342e+00
         vertex 2.086837e+00 2.000407e+00 -4.476514e+00
      endloop
   endfacet
   facet normal -6.120888e-01 -4.600934e-01 6.431652e-01
      outer loop
         vertex 2.086837e+00 2.000407e+00 -4.476514e+00
         vertex 2.073078e+00 2.013360e+00 -4.480342e+00
         vertex 2.083193e+00 2.000038e+00 -4.480246e+00
      endloop
   endfacet
   facet normal -5.731603e-01 -5.433676e-01 6.133832e-01
      outer loop
         vertex 2.086837e+00 2.000407e+00 -4.476514e+00
         vertex 2.083193e+00 2.000038e+00 -4.480246e+00
         vertex 2.099444e+00 1.987614e+00 -4.476066e+00
      endloop
   endfacet
   facet normal -5.649335e-01 -5.247316e-01 6.367943e-01
      outer loop
         vertex 2.099444e+00 1.987614e+00 -4.476066e+00
         vertex 2.083193e+00 2.000038e+00 -4.480246e+00
         vertex 2.095266e+00 1.987199e+00 -4.480115e+00
      endloop
   endfacet
   facet normal -5.373766e-01 -5.782840e-01 6.138518e-01
      outer loop
         vertex 2.099444e+00 1.987614e+00 -4.476066e+00
         vertex 2.095266e+00 1.987199e+00 -4.480115e+00
         vertex 2.208279e+00 1.890461e+00 -4.472314e+00
      endloop
   endfacet
   facet normal -4.727107e-01 -4.933594e-01 7.301651e-01
      outer loop
         vertex 2.208279e+00 1.890461e+00 -4.472314e+00
         vertex 2.095266e+00 1.987199e+00 -4.480115e+00
         vertex 2.199438e+00 1.889717e+00 -4.478540e+00
      endloop
   endfacet
   facet normal -4.547335e-01 -5.377717e-01 7.099430e-01
      outer loop
         vertex 2.208279e+00 1.890461e+00 -4.472314e+00
         vertex 2.199438e+00 1.889717e+00 -4.478540e+00
         vertex 2.318050e+00 1.797974e+00 -4.472061e+00
      endloop
   endfacet
   facet normal -5.214043e-01 -6.337527e-01 5.713974e-01
      outer loop
         vertex 2.318050e+00 1.797974e+00 -4.472061e+00
         vertex 2.199438e+00 1.889717e+00 -4.478540e+00
         vertex 2.412651e+00 1.707657e+00 -4.485911e+00
      endloop
   endfacet
   facet normal -5.134957e-01 4.863122e-01 7.069813e-01
      outer loop
         vertex 2.183976e+00 -1.174463e+00 -4.481582e+00
         vertex 2.293759e+00 -1.066346e+00 -4.476215e+00
         vertex 2.376953e+00 -9.573942e-01 -4.490735e+00
      endloop
   endfacet
   facet normal -4.440131e-01 4.428458e-01 7.789352e-01
      outer loop
         vertex 2.376953e+00 -9.573942e-01 -4.490735e+00
         vertex 2.293759e+00 -1.066346e+00 -4.476215e+00
         vertex 2.395269e+00 -9.560928e-01 -4.481034e+00
      endloop
   endfacet
   facet normal -4.412754e-01 4.579153e-01 7.717446e-01
      outer loop
         vertex 2.376953e+00 -9.573942e-01 -4.490735e+00
         vertex 2.395269e+00 -9.560928e-01 -4.481034e+00
         vertex 2.564275e+00 -7.369103e-01 -4.514450e+00
      endloop
   endfacet
   facet normal -4.089318e-01 4.374207e-01 8.008982e-01
      outer loop
         vertex 2.564275e+00 -7.369103e-01 -4.514450e+00
         vertex 2.395269e+00 -9.560928e-01 -4.481034e+00
         vertex 2.591985e+00 -7.337314e-01 -4.502038e+00
      endloop
   endfacet
   facet normal -4.021055e-01 4.932829e-01 7.713515e-01
      outer loop
         vertex 2.564275e+00 -7.369103e-01 -4.514450e+00
         vertex 2.591985e+00 -7.337314e-01 -4.502038e+00
         vertex 2.743095e+00 -5.327576e-01 -4.551788e+00
      endloop
   endfacet
   facet normal -3.723468e-01 4.770368e-01 7.961116e-01
      outer loop
         vertex 2.743095e+00 -5.327576e-01 -4.551788e+00
         vertex 2.591985e+00 -7.337314e-01 -4.502038e+00
         vertex 2.779801e+00 -5.284080e-01 -4.537227e+00
      endloop
   endfacet
   facet normal -3.688015e-01 5.093624e-01 7.775188e-01
      outer loop
         vertex 2.743095e+00 -5.327576e-01 -4.551788e+00
         vertex 2.779801e+00 -5.284080e-01 -4.537227e+00
         vertex 2.905120e+00 -3.381725e-01 -4.602409e+00
      endloop
   endfacet
   facet normal -3.377579e-01 4.964903e-01 7.996355e-01
      outer loop
         vertex 2.905120e+00 -3.381725e-01 -4.602409e+00
         vertex 2.779801e+00 -5.284080e-01 -4.537227e+00
         vertex 2.949951e+00 -3.340468e-01 -4.586035e+00
      endloop
   endfacet
   facet normal -3.430266e-01 4.456820e-01 8.268618e-01
      outer loop
         vertex 2.905120e+00 -3.381725e-01 -4.602409e+00
         vertex 2.949951e+00 -3.340468e-01 -4.586035e+00
         vertex 3.041907e+00 -1.575702e-01 -4.643008e+00
      endloop
   endfacet
   facet normal -3.049152e-01 4.327682e-01 8.483740e-01
      outer loop
         vertex 3.041907e+00 -1.575702e-01 -4.643008e+00
         vertex 2.949951e+00 -3.340468e-01 -4.586035e+00
         vertex 3.093322e+00 -1.566857e-01 -4.624981e+00
      endloop
   endfacet
   facet normal -3.168508e-01 3.354073e-01 8.871908e-01
      outer loop
         vertex 3.041907e+00 -1.575702e-01 -4.643008e+00
         vertex 3.093322e+00 -1.566857e-01 -4.624981e+00
         vertex 3.096747e+00 -6.946889e-02 -4.656730e+00
      endloop
   endfacet
   facet normal -3.016334e-01 3.365747e-01 8.920397e-01
      outer loop
         vertex 3.096747e+00 -6.946889e-02 -4.656730e+00
         vertex 3.093322e+00 -1.566857e-01 -4.624981e+00
         vertex 3.150588e+00 -7.058956e-02 -4.638101e+00
      endloop
   endfacet
   facet normal -3.097414e-01 2.705925e-01 9.115042e-01
      outer loop
         vertex 3.096747e+00 -6.946889e-02 -4.656730e+00
         vertex 3.150588e+00 -7.058956e-02 -4.638101e+00
         vertex 3.140484e+00 1.394360e-02 -4.666630e+00
      endloop
   endfacet
   facet normal -2.973041e-01 2.732111e-01 9.148584e-01
      outer loop
         vertex 3.140484e+00 1.394360e-02 -4.666630e+00
         vertex 3.150588e+00 -7.058956e-02 -4.638101e+00
         vertex 3.196039e+00 1.058471e-02 -4.647573e+00
      endloop
   endfacet
   facet normal -3.086772e-01 1.864296e-01 9.327178e-01
      outer loop
         vertex 3.140484e+00 1.394360e-02 -4.666630e+00
         vertex 3.196039e+00 1.058471e-02 -4.647573e+00
         vertex 3.172102e+00 9.707128e-02 -4.672781e+00
      endloop
   endfacet
   facet normal -3.006302e-01 1.892563e-01 9.347746e-01
      outer loop
         vertex 3.172102e+00 9.707128e-02 -4.672781e+00
         vertex 3.196039e+00 1.058471e-02 -4.647573e+00
         vertex 3.228588e+00 9.136864e-02 -4.653460e+00
      endloop
   endfacet
   facet normal -3.107760e-01 1.173453e-01 9.432117e-01
      outer loop
         vertex 3.172102e+00 9.707128e-02 -4.672781e+00
         vertex 3.228588e+00 9.136864e-02 -4.653460e+00
         vertex 3.183208e+00 1.396015e-01 -4.674413e+00
      endloop
   endfacet
   facet normal -3.085076e-01 1.196758e-01 9.436635e-01
      outer loop
         vertex 3.183208e+00 1.396015e-01 -4.674413e+00
         vertex 3.228588e+00 9.136864e-02 -4.653460e+00
         vertex 3.239852e+00 1.327470e-01 -4.655025e+00
      endloop
   endfacet
   facet normal -3.153166e-01 7.095181e-02 9.463304e-01
      outer loop
         vertex 3.183208e+00 1.396015e-01 -4.674413e+00
         vertex 3.239852e+00 1.327470e-01 -4.655025e+00
         vertex 3.192581e+00 1.918219e-01 -4.675205e+00
      endloop
   endfacet
   facet normal -3.147055e-01 7.149626e-02 9.464929e-01
      outer loop
         vertex 3.192581e+00 1.918219e-01 -4.675205e+00
         vertex 3.239852e+00 1.327470e-01 -4.655025e+00
         vertex 3.249218e+00 1.841524e-01 -4.655794e+00
      endloop
   endfacet
   facet normal -3.240580e-01 1.275017e-03 9.460364e-01
      outer loop
         vertex 3.192581e+00 1.918219e-01 -4.675205e+00
         vertex 3.249218e+00 1.841524e-01 -4.655794e+00
         vertex 3.202551e+00 3.276718e-01 -4.671973e+00
      endloop
   endfacet
   facet normal -3.246986e-01 1.041984e-03 9.458170e-01
      outer loop
         vertex 3.202551e+00 3.276718e-01 -4.671973e+00
         vertex 3.249218e+00 1.841524e-01 -4.655794e+00
         vertex 3.258747e+00 3.195912e-01 -4.652672e+00
      endloop
   endfacet
   facet normal -3.346635e-01 -8.594971e-02 9.384098e-01
      outer loop
         vertex 3.202551e+00 3.276718e-01 -4.671973e+00
         vertex 3.258747e+00 3.195912e-01 -4.652672e+00
         vertex 3.195002e+00 4.719055e-01 -4.661455e+00
      endloop
   endfacet
   facet normal -3.357933e-01 -8.644844e-02 9.379603e-01
      outer loop
         vertex 3.195002e+00 4.719055e-01 -4.661455e+00
         vertex 3.258747e+00 3.195912e-01 -4.652672e+00
         vertex 3.250069e+00 4.638510e-01 -4.642483e+00
      endloop
   endfacet
   facet normal -3.433303e-01 -1.727746e-01 9.231865e-01
      outer loop
         vertex 3.195002e+00 4.719055e-01 -4.661455e+00
         vertex 3.250069e+00 4.638510e-01 -4.642483e+00
         vertex 3.170060e+00 6.139922e-01 -4.644139e+00
      endloop
   endfacet
   facet normal -3.451792e-01 -1.737695e-01 9.223099e-01
      outer loop
         vertex 3.170060e+00 6.139922e-01 -4.644139e+00
         vertex 3.250069e+00 4.638510e-01 -4.642483e+00
         vertex 3.223320e+00 6.061131e-01 -4.625691e+00
      endloop
   endfacet
   facet normal -3.488939e-01 -2.330091e-01 9.077333e-01
      outer loop
         vertex 3.170060e+00 6.139922e-01 -4.644139e+00
         vertex 3.223320e+00 6.061131e-01 -4.625691e+00
         vertex 3.129753e+00 7.591215e-01 -4.622378e+00
      endloop
   endfacet
   facet normal -3.488190e-01 -2.329641e-01 9.077737e-01
      outer loop
         vertex 3.129753e+00 7.591215e-01 -4.622378e+00
         vertex 3.223320e+00 6.061131e-01 -4.625691e+00
         vertex 3.180702e+00 7.524848e-01 -4.604504e+00
      endloop
   endfacet
   facet normal -3.497650e-01 -2.649869e-01 8.985802e-01
      outer loop
         vertex 3.129753e+00 7.591215e-01 -4.622378e+00
         vertex 3.180702e+00 7.524848e-01 -4.604504e+00
         vertex 3.074294e+00 9.030408e-01 -4.601524e+00
      endloop
   endfacet
   facet normal -3.492306e-01 -2.646155e-01 8.988974e-01
      outer loop
         vertex 3.074294e+00 9.030408e-01 -4.601524e+00
         vertex 3.180702e+00 7.524848e-01 -4.604504e+00
         vertex 3.122409e+00 8.980890e-01 -4.584288e+00
      endloop
   endfacet
   facet normal -3.487685e-01 -3.081743e-01 8.850928e-01
      outer loop
         vertex 3.074294e+00 9.030408e-01 -4.601524e+00
         vertex 3.122409e+00 8.980890e-01 -4.584288e+00
         vertex 3.005238e+00 1.040416e+00 -4.580903e+00
      endloop
   endfacet
   facet normal -3.495753e-01 -3.088255e-01 8.845473e-01
      outer loop
         vertex 3.005238e+00 1.040416e+00 -4.580903e+00
         vertex 3.122409e+00 8.980890e-01 -4.584288e+00
         vertex 3.050002e+00 1.036917e+00 -4.564434e+00
      endloop
   endfacet
   facet normal -3.475261e-01 -3.482475e-01 8.706028e-01
      outer loop
         vertex 3.005238e+00 1.040416e+00 -4.580903e+00
         vertex 3.050002e+00 1.036917e+00 -4.564434e+00
         vertex 2.924698e+00 1.171627e+00 -4.560568e+00
      endloop
   endfacet
   facet normal -3.490371e-01 -3.496198e-01 8.694476e-01
      outer loop
         vertex 2.924698e+00 1.171627e+00 -4.560568e+00
         vertex 3.050002e+00 1.036917e+00 -4.564434e+00
         vertex 2.965691e+00 1.169519e+00 -4.544959e+00
      endloop
   endfacet
   facet normal -3.462600e-01 -3.789567e-01 8.581934e-01
      outer loop
         vertex 2.924698e+00 1.171627e+00 -4.560568e+00
         vertex 2.965691e+00 1.169519e+00 -4.544959e+00
         vertex 2.834350e+00 1.296695e+00 -4.541794e+00
      endloop
   endfacet
   facet normal -3.484812e-01 -3.812035e-01 8.562971e-01
      outer loop
         vertex 2.834350e+00 1.296695e+00 -4.541794e+00
         vertex 2.965691e+00 1.169519e+00 -4.544959e+00
         vertex 2.871223e+00 1.295922e+00 -4.527132e+00
      endloop
   endfacet
   facet normal -3.445097e-01 -4.093754e-01 8.448224e-01
      outer loop
         vertex 2.834350e+00 1.296695e+00 -4.541794e+00
         vertex 2.871223e+00 1.295922e+00 -4.527132e+00
         vertex 2.735803e+00 1.414696e+00 -4.524801e+00
      endloop
   endfacet
   facet normal -3.484658e-01 -4.138115e-01 8.410301e-01
      outer loop
         vertex 2.735803e+00 1.414696e+00 -4.524801e+00
         vertex 2.871223e+00 1.295922e+00 -4.527132e+00
         vertex 2.768275e+00 1.414995e+00 -4.511199e+00
      endloop
   endfacet
   facet normal -3.435567e-01 -4.396253e-01 8.298785e-01
      outer loop
         vertex 2.735803e+00 1.414696e+00 -4.524801e+00
         vertex 2.768275e+00 1.414995e+00 -4.511199e+00
         vertex 2.630657e+00 1.525870e+00 -4.509436e+00
      endloop
   endfacet
   facet normal -3.496726e-01 -4.471116e-01 8.232984e-01
      outer loop
         vertex 2.630657e+00 1.525870e+00 -4.509436e+00
         vertex 2.768275e+00 1.414995e+00 -4.511199e+00
         vertex 2.658522e+00 1.526955e+00 -4.497012e+00
      endloop
   endfacet
   facet normal -3.360261e-01 -5.012137e-01 7.974154e-01
      outer loop
         vertex 2.630657e+00 1.525870e+00 -4.509436e+00
         vertex 2.658522e+00 1.526955e+00 -4.497012e+00
         vertex 2.521257e+00 1.621190e+00 -4.495623e+00
      endloop
   endfacet
   facet normal -3.477938e-01 -5.181186e-01 7.814042e-01
      outer loop
         vertex 2.521257e+00 1.621190e+00 -4.495623e+00
         vertex 2.658522e+00 1.526955e+00 -4.497012e+00
         vertex 2.544376e+00 1.622463e+00 -4.484489e+00
      endloop
   endfacet
   facet normal -3.464044e-01 -5.226031e-01 7.790315e-01
      outer loop
         vertex 2.521257e+00 1.621190e+00 -4.495623e+00
         vertex 2.544376e+00 1.622463e+00 -4.484489e+00
         vertex 2.412651e+00 1.707657e+00 -4.485911e+00
      endloop
   endfacet
   facet normal -3.643850e-01 -5.508747e-01 7.508399e-01
      outer loop
         vertex 2.412651e+00 1.707657e+00 -4.485911e+00
         vertex 2.544376e+00 1.622463e+00 -4.484489e+00
         vertex 2.430978e+00 1.708759e+00 -4.476208e+00
      endloop
   endfacet
   facet normal -3.772320e-01 -5.133264e-01 7.708385e-01
      outer loop
         vertex 2.412651e+00 1.707657e+00 -4.485911e+00
         vertex 2.430978e+00 1.708759e+00 -4.476208e+00
         vertex 2.318050e+00 1.797974e+00 -4.472061e+00
      endloop
   endfacet
   facet normal -4.764450e-01 5.392116e-02 8.775493e-01
      outer loop
         vertex 2.059641e+00 -1.399648e+00 -4.481553e+00
         vertex 2.062499e+00 -1.399663e+00 -4.480000e+00
         vertex 2.060318e+00 -1.395886e+00 -4.481416e+00
      endloop
   endfacet
   facet normal -4.560370e-01 6.934023e-02 8.872554e-01
      outer loop
         vertex 2.060318e+00 -1.395886e+00 -4.481416e+00
         vertex 2.062499e+00 -1.399663e+00 -4.480000e+00
         vertex 2.063210e+00 -1.395900e+00 -4.479929e+00
      endloop
   endfacet
   facet normal -4.573253e-01 1.244824e-02 8.892124e-01
      outer loop
         vertex 2.060318e+00 -1.395886e+00 -4.481416e+00
         vertex 2.063210e+00 -1.395900e+00 -4.479929e+00
         vertex 2.060638e+00 -1.392075e+00 -4.481305e+00
      endloop
   endfacet
   facet normal -4.463374e-01 2.177682e-02 8.945998e-01
      outer loop
         vertex 2.060638e+00 -1.392075e+00 -4.481305e+00
         vertex 2.063210e+00 -1.395900e+00 -4.479929e+00
         vertex 2.063545e+00 -1.392089e+00 -4.479854e+00
      endloop
   endfacet
   facet normal -4.464605e-01 -2.753033e-02 8.943797e-01
      outer loop
         vertex 2.060638e+00 -1.392075e+00 -4.481305e+00
         vertex 2.063545e+00 -1.392089e+00 -4.479854e+00
         vertex 2.060466e+00 -1.384346e+00 -4.481153e+00
      endloop
   endfacet
   facet normal -4.478879e-01 -2.822132e-02 8.936442e-01
      outer loop
         vertex 2.060466e+00 -1.384346e+00 -4.481153e+00
         vertex 2.063545e+00 -1.392089e+00 -4.479854e+00
         vertex 2.063368e+00 -1.384359e+00 -4.479699e+00
      endloop
   endfacet
   facet normal -4.474588e-01 -5.645496e-02 8.925209e-01
      outer loop
         vertex 2.060466e+00 -1.384346e+00 -4.481153e+00
         vertex 2.063368e+00 -1.384359e+00 -4.479699e+00
         vertex 2.058698e+00 -1.368697e+00 -4.481050e+00
      endloop
   endfacet
   facet normal -5.084575e-01 -7.765458e-02 8.575784e-01
      outer loop
         vertex 2.058698e+00 -1.368697e+00 -4.481050e+00
         vertex 2.063368e+00 -1.384359e+00 -4.479699e+00
         vertex 2.061519e+00 -1.368715e+00 -4.479379e+00
      endloop
   endfacet
   facet normal -5.093421e-01 -4.413711e-02 8.594315e-01
      outer loop
         vertex 2.058698e+00 -1.368697e+00 -4.481050e+00
         vertex 2.061519e+00 -1.368715e+00 -4.479379e+00
         vertex 2.057234e+00 -1.353102e+00 -4.481116e+00
      endloop
   endfacet
   facet normal -5.964068e-01 -7.473126e-02 7.991959e-01
      outer loop
         vertex 2.057234e+00 -1.353102e+00 -4.481116e+00
         vertex 2.061519e+00 -1.368715e+00 -4.479379e+00
         vertex 2.059988e+00 -1.353127e+00 -4.479063e+00
      endloop
   endfacet
   facet normal -5.974887e-01 1.419710e-02 8.017516e-01
      outer loop
         vertex 2.057234e+00 -1.353102e+00 -4.481116e+00
         vertex 2.059988e+00 -1.353127e+00 -4.479063e+00
         vertex 2.057389e+00 -1.337750e+00 -4.481273e+00
      endloop
   endfacet
   facet normal -6.726370e-01 -7.388812e-03 7.399358e-01
      outer loop
         vertex 2.057389e+00 -1.337750e+00 -4.481273e+00
         vertex 2.059988e+00 -1.353127e+00 -4.479063e+00
         vertex 2.060155e+00 -1.337784e+00 -4.478759e+00
      endloop
   endfacet
   facet normal -6.683088e-01 1.031398e-01 7.366991e-01
      outer loop
         vertex 2.057389e+00 -1.337750e+00 -4.481273e+00
         vertex 2.060155e+00 -1.337784e+00 -4.478759e+00
         vertex 2.058454e+00 -1.330221e+00 -4.481360e+00
      endloop
   endfacet
   facet normal -6.946294e-01 8.934466e-02 7.137980e-01
      outer loop
         vertex 2.058454e+00 -1.330221e+00 -4.481360e+00
         vertex 2.060155e+00 -1.337784e+00 -4.478759e+00
         vertex 2.061273e+00 -1.330260e+00 -4.478612e+00
      endloop
   endfacet
   facet normal -6.846248e-01 1.854416e-01 7.049116e-01
      outer loop
         vertex 2.058454e+00 -1.330221e+00 -4.481360e+00
         vertex 2.061273e+00 -1.330260e+00 -4.478612e+00
         vertex 2.060375e+00 -1.322818e+00 -4.481442e+00
      endloop
   endfacet
   facet normal -7.015057e-01 1.777842e-01 6.901322e-01
      outer loop
         vertex 2.060375e+00 -1.322818e+00 -4.481442e+00
         vertex 2.061273e+00 -1.330260e+00 -4.478612e+00
         vertex 2.063288e+00 -1.322863e+00 -4.478469e+00
      endloop
   endfacet
   facet normal -6.855752e-01 2.704658e-01 6.758957e-01
      outer loop
         vertex 2.060375e+00 -1.322818e+00 -4.481442e+00
         vertex 2.063288e+00 -1.322863e+00 -4.478469e+00
         vertex 2.063174e+00 -1.315548e+00 -4.481512e+00
      endloop
   endfacet
   facet normal -6.936292e-01 2.674125e-01 6.688566e-01
      outer loop
         vertex 2.063174e+00 -1.315548e+00 -4.481512e+00
         vertex 2.063288e+00 -1.322863e+00 -4.478469e+00
         vertex 2.066224e+00 -1.315596e+00 -4.478331e+00
      endloop
   endfacet
   facet normal -6.752928e-01 3.439416e-01 6.524445e-01
      outer loop
         vertex 2.063174e+00 -1.315548e+00 -4.481512e+00
         vertex 2.066224e+00 -1.315596e+00 -4.478331e+00
         vertex 2.066759e+00 -1.308396e+00 -4.481572e+00
      endloop
   endfacet
   facet normal -6.766508e-01 3.435109e-01 6.512634e-01
      outer loop
         vertex 2.066759e+00 -1.308396e+00 -4.481572e+00
         vertex 2.066224e+00 -1.315596e+00 -4.478331e+00
         vertex 2.069982e+00 -1.308448e+00 -4.478196e+00
      endloop
   endfacet
   facet normal -6.501966e-01 4.286084e-01 6.273271e-01
      outer loop
         vertex 2.066759e+00 -1.308396e+00 -4.481572e+00
         vertex 2.069982e+00 -1.308448e+00 -4.478196e+00
         vertex 2.075898e+00 -1.294401e+00 -4.481662e+00
      endloop
   endfacet
   facet normal -6.416400e-01 4.273692e-01 6.369095e-01
      outer loop
         vertex 2.075898e+00 -1.294401e+00 -4.481662e+00
         vertex 2.069982e+00 -1.308448e+00 -4.478196e+00
         vertex 2.079563e+00 -1.294460e+00 -4.477930e+00
      endloop
   endfacet
   facet normal -6.133544e-01 5.013386e-01 6.102917e-01
      outer loop
         vertex 2.075898e+00 -1.294401e+00 -4.481662e+00
         vertex 2.079563e+00 -1.294460e+00 -4.477930e+00
         vertex 2.087016e+00 -1.280735e+00 -4.481714e+00
      endloop
   endfacet
   facet normal -5.980120e-01 4.979079e-01 6.280680e-01
      outer loop
         vertex 2.087016e+00 -1.280735e+00 -4.481714e+00
         vertex 2.079563e+00 -1.294460e+00 -4.477930e+00
         vertex 2.091217e+00 -1.280798e+00 -4.477664e+00
      endloop
   endfacet
   facet normal -5.836427e-01 5.317399e-01 6.136887e-01
      outer loop
         vertex 2.087016e+00 -1.280735e+00 -4.481714e+00
         vertex 2.091217e+00 -1.280798e+00 -4.477664e+00
         vertex 2.183976e+00 -1.174463e+00 -4.481582e+00
      endloop
   endfacet
   facet normal -5.085103e-01 4.701672e-01 7.213599e-01
      outer loop
         vertex 2.183976e+00 -1.174463e+00 -4.481582e+00
         vertex 2.091217e+00 -1.280798e+00 -4.477664e+00
         vertex 2.192846e+00 -1.174424e+00 -4.475355e+00
      endloop
   endfacet
   facet normal -5.060451e-01 4.782097e-01 7.177979e-01
      outer loop
         vertex 2.183976e+00 -1.174463e+00 -4.481582e+00
         vertex 2.192846e+00 -1.174424e+00 -4.475355e+00
         vertex 2.293759e+00 -1.066346e+00 -4.476215e+00
      endloop
   endfacet
   facet normal -2.999169e-01 -2.727240e-01 9.141507e-01
      outer loop
         vertex 2.095266e+00 1.987199e+00 -4.480115e+00
         vertex 2.083193e+00 2.000038e+00 -4.480246e+00
         vertex 2.069801e+00 2.003329e+00 -4.483657e+00
      endloop
   endfacet
   facet normal -2.859222e-01 -1.897198e-01 9.392842e-01
      outer loop
         vertex 2.069801e+00 2.003329e+00 -4.483657e+00
         vertex 2.083193e+00 2.000038e+00 -4.480246e+00
         vertex 2.061429e+00 2.017261e+00 -4.483392e+00
      endloop
   endfacet
   facet normal -3.192699e-01 -2.357740e-01 9.178656e-01
      outer loop
         vertex 2.083193e+00 2.000038e+00 -4.480246e+00
         vertex 2.073078e+00 2.013360e+00 -4.480342e+00
         vertex 2.061429e+00 2.017261e+00 -4.483392e+00
      endloop
   endfacet
   facet normal -3.038878e-01 -1.753222e-01 9.364371e-01
      outer loop
         vertex 2.061429e+00 2.017261e+00 -4.483392e+00
         vertex 2.073078e+00 2.013360e+00 -4.480342e+00
         vertex 2.068996e+00 2.020247e+00 -4.480377e+00
      endloop
   endfacet
   facet normal -3.135938e-01 -1.516624e-01 9.373673e-01
      outer loop
         vertex 2.061429e+00 2.017261e+00 -4.483392e+00
         vertex 2.068996e+00 2.020247e+00 -4.480377e+00
         vertex 2.056690e+00 2.028740e+00 -4.483120e+00
      endloop
   endfacet
   facet normal -2.795405e-01 -2.369816e-01 9.304283e-01
      outer loop
         vertex 2.069801e+00 2.003329e+00 -4.483657e+00
         vertex 2.085622e+00 1.983653e+00 -4.483916e+00
         vertex 2.095266e+00 1.987199e+00 -4.480115e+00
      endloop
   endfacet
   facet normal -2.707161e-01 -2.578297e-01 9.274894e-01
      outer loop
         vertex 2.095266e+00 1.987199e+00 -4.480115e+00
         vertex 2.085622e+00 1.983653e+00 -4.483916e+00
         vertex 2.133852e+00 1.932240e+00 -4.484131e+00
      endloop
   endfacet
   facet normal -2.301163e-01 -2.306365e-01 9.454382e-01
      outer loop
         vertex 2.095266e+00 1.987199e+00 -4.480115e+00
         vertex 2.133852e+00 1.932240e+00 -4.484131e+00
         vertex 2.199438e+00 1.889717e+00 -4.478540e+00
      endloop
   endfacet
   facet normal -2.058047e-01 -1.912607e-01 9.597207e-01
      outer loop
         vertex 2.199438e+00 1.889717e+00 -4.478540e+00
         vertex 2.133852e+00 1.932240e+00 -4.484131e+00
         vertex 2.174138e+00 1.887830e+00 -4.484342e+00
      endloop
   endfacet
   facet normal -1.962860e-01 -2.680560e-01 9.431955e-01
      outer loop
         vertex 2.199438e+00 1.889717e+00 -4.478540e+00
         vertex 2.174138e+00 1.887830e+00 -4.484342e+00
         vertex 2.412651e+00 1.707657e+00 -4.485911e+00
      endloop
   endfacet
   facet normal -1.501419e-01 -2.071753e-01 9.667139e-01
      outer loop
         vertex 2.174138e+00 1.887830e+00 -4.484342e+00
         vertex 2.360340e+00 1.703375e+00 -4.494953e+00
         vertex 2.412651e+00 1.707657e+00 -4.485911e+00
      endloop
   endfacet
   facet normal -1.435853e-01 -2.614405e-01 9.544800e-01
      outer loop
         vertex 2.412651e+00 1.707657e+00 -4.485911e+00
         vertex 2.360340e+00 1.703375e+00 -4.494953e+00
         vertex 2.399482e+00 1.667044e+00 -4.499016e+00
      endloop
   endfacet
   facet normal -1.271633e-01 -2.670187e-01 9.552646e-01
      outer loop
         vertex 2.412651e+00 1.707657e+00 -4.485911e+00
         vertex 2.399482e+00 1.667044e+00 -4.499016e+00
         vertex 2.521257e+00 1.621190e+00 -4.495623e+00
      endloop
   endfacet
   facet normal -1.269408e-01 -2.664131e-01 9.554633e-01
      outer loop
         vertex 2.521257e+00 1.621190e+00 -4.495623e+00
         vertex 2.399482e+00 1.667044e+00 -4.499016e+00
         vertex 2.455363e+00 1.615379e+00 -4.505998e+00
      endloop
   endfacet
   facet normal -1.249916e-01 -2.813271e-01 9.514369e-01
      outer loop
         vertex 2.521257e+00 1.621190e+00 -4.495623e+00
         vertex 2.455363e+00 1.615379e+00 -4.505998e+00
         vertex 2.630657e+00 1.525870e+00 -4.509436e+00
      endloop
   endfacet
   facet normal -3.117259e-01 9.131451e-02 9.457741e-01
      outer loop
         vertex 2.058454e+00 -1.330221e+00 -4.481360e+00
         vertex 2.060375e+00 -1.322818e+00 -4.481442e+00
         vertex 2.051850e+00 -1.323521e+00 -4.484184e+00
      endloop
   endfacet
   facet normal -3.137640e-01 1.449719e-01 9.383684e-01
      outer loop
         vertex 2.051850e+00 -1.323521e+00 -4.484184e+00
         vertex 2.060375e+00 -1.322818e+00 -4.481442e+00
         vertex 2.056135e+00 -1.311446e+00 -4.484617e+00
      endloop
   endfacet
   facet normal -3.410772e-01 5.917529e-02 9.381709e-01
      outer loop
         vertex 2.058454e+00 -1.330221e+00 -4.481360e+00
         vertex 2.051850e+00 -1.323521e+00 -4.484184e+00
         vertex 2.057389e+00 -1.337750e+00 -4.481273e+00
      endloop
   endfacet
   facet normal -2.764073e-01 8.820086e-02 9.569847e-01
      outer loop
         vertex 2.057389e+00 -1.337750e+00 -4.481273e+00
         vertex 2.051850e+00 -1.323521e+00 -4.484184e+00
         vertex 2.049681e+00 -1.335490e+00 -4.483707e+00
      endloop
   endfacet
   facet normal -2.977590e-01 1.273151e-02 9.545562e-01
      outer loop
         vertex 2.057389e+00 -1.337750e+00 -4.481273e+00
         vertex 2.049681e+00 -1.335490e+00 -4.483707e+00
         vertex 2.057234e+00 -1.353102e+00 -4.481116e+00
      endloop
   endfacet
   facet normal -2.336154e-01 4.271802e-02 9.713903e-01
      outer loop
         vertex 2.057234e+00 -1.353102e+00 -4.481116e+00
         vertex 2.049681e+00 -1.335490e+00 -4.483707e+00
         vertex 2.049315e+00 -1.352200e+00 -4.483060e+00
      endloop
   endfacet
   facet normal -2.403579e-01 -1.841608e-02 9.705096e-01
      outer loop
         vertex 2.057234e+00 -1.353102e+00 -4.481116e+00
         vertex 2.049315e+00 -1.352200e+00 -4.483060e+00
         vertex 2.058698e+00 -1.368697e+00 -4.481050e+00
      endloop
   endfacet
   facet normal -2.092098e-01 1.968380e-04 9.778708e-01
      outer loop
         vertex 2.058698e+00 -1.368697e+00 -4.481050e+00
         vertex 2.049315e+00 -1.352200e+00 -4.483060e+00
         vertex 2.051945e+00 -1.381448e+00 -4.482492e+00
      endloop
   endfacet
   facet normal -1.634492e-01 -2.498358e-02 9.862354e-01
      outer loop
         vertex 2.058698e+00 -1.368697e+00 -4.481050e+00
         vertex 2.051945e+00 -1.381448e+00 -4.482492e+00
         vertex 2.060466e+00 -1.384346e+00 -4.481153e+00
      endloop
   endfacet
   facet normal -1.628142e-01 -2.304597e-02 9.863876e-01
      outer loop
         vertex 2.060466e+00 -1.384346e+00 -4.481153e+00
         vertex 2.051945e+00 -1.381448e+00 -4.482492e+00
         vertex 2.060638e+00 -1.392075e+00 -4.481305e+00
      endloop
   endfacet
   facet normal -1.608684e-01 -2.141460e-02 9.867435e-01
      outer loop
         vertex 2.060638e+00 -1.392075e+00 -4.481305e+00
         vertex 2.051945e+00 -1.381448e+00 -4.482492e+00
         vertex 2.052283e+00 -1.392980e+00 -4.482687e+00
      endloop
   endfacet
   facet normal -1.615459e-01 -1.516637e-02 9.867486e-01
      outer loop
         vertex 2.060638e+00 -1.392075e+00 -4.481305e+00
         vertex 2.052283e+00 -1.392980e+00 -4.482687e+00
         vertex 2.060318e+00 -1.395886e+00 -4.481416e+00
      endloop
   endfacet
   facet normal -1.653035e-01 -2.592717e-02 9.859019e-01
      outer loop
         vertex 2.060318e+00 -1.395886e+00 -4.481416e+00
         vertex 2.052283e+00 -1.392980e+00 -4.482687e+00
         vertex 2.051468e+00 -1.399663e+00 -4.482999e+00
      endloop
   endfacet
   facet normal -1.742975e-01 -4.342571e-03 9.846835e-01
      outer loop
         vertex 2.060318e+00 -1.395886e+00 -4.481416e+00
         vertex 2.051468e+00 -1.399663e+00 -4.482999e+00
         vertex 2.059641e+00 -1.399648e+00 -4.481553e+00
      endloop
   endfacet
   facet normal -3.319079e-01 1.368024e-01 9.333393e-01
      outer loop
         vertex 2.060375e+00 -1.322818e+00 -4.481442e+00
         vertex 2.063174e+00 -1.315548e+00 -4.481512e+00
         vertex 2.056135e+00 -1.311446e+00 -4.484617e+00
      endloop
   endfacet
   facet normal -3.154041e-01 1.658898e-01 9.343451e-01
      outer loop
         vertex 2.056135e+00 -1.311446e+00 -4.484617e+00
         vertex 2.063174e+00 -1.315548e+00 -4.481512e+00
         vertex 2.066759e+00 -1.308396e+00 -4.481572e+00
      endloop
   endfacet
   facet normal -3.234407e-01 2.042758e-01 9.239359e-01
      outer loop
         vertex 2.056135e+00 -1.311446e+00 -4.484617e+00
         vertex 2.066759e+00 -1.308396e+00 -4.481572e+00
         vertex 2.065433e+00 -1.294358e+00 -4.485140e+00
      endloop
   endfacet
   facet normal -1.569436e-01 2.364771e-01 9.588781e-01
      outer loop
         vertex 2.564275e+00 -7.369103e-01 -4.514450e+00
         vertex 2.484850e+00 -7.427220e-01 -4.526017e+00
         vertex 2.376953e+00 -9.573942e-01 -4.490735e+00
      endloop
   endfacet
   facet normal -2.058238e-01 2.585685e-01 9.438108e-01
      outer loop
         vertex 2.376953e+00 -9.573942e-01 -4.490735e+00
         vertex 2.484850e+00 -7.427220e-01 -4.526017e+00
         vertex 2.278162e+00 -1.020731e+00 -4.494927e+00
      endloop
   endfacet
   facet normal -1.568529e-01 1.803842e-01 9.710091e-01
      outer loop
         vertex 2.376953e+00 -9.573942e-01 -4.490735e+00
         vertex 2.278162e+00 -1.020731e+00 -4.494927e+00
         vertex 2.183976e+00 -1.174463e+00 -4.481582e+00
      endloop
   endfacet
   facet normal -2.727504e-01 2.477978e-01 9.296254e-01
      outer loop
         vertex 2.183976e+00 -1.174463e+00 -4.481582e+00
         vertex 2.278162e+00 -1.020731e+00 -4.494927e+00
         vertex 2.098165e+00 -1.252112e+00 -4.486061e+00
      endloop
   endfacet
   facet normal -2.723090e-01 2.472948e-01 9.298888e-01
      outer loop
         vertex 2.183976e+00 -1.174463e+00 -4.481582e+00
         vertex 2.098165e+00 -1.252112e+00 -4.486061e+00
         vertex 2.087016e+00 -1.280735e+00 -4.481714e+00
      endloop
   endfacet
   facet normal -3.088992e-01 2.592966e-01 9.150664e-01
      outer loop
         vertex 2.087016e+00 -1.280735e+00 -4.481714e+00
         vertex 2.098165e+00 -1.252112e+00 -4.486061e+00
         vertex 2.065433e+00 -1.294358e+00 -4.485140e+00
      endloop
   endfacet
   facet normal -3.043534e-01 2.511418e-01 9.188563e-01
      outer loop
         vertex 2.087016e+00 -1.280735e+00 -4.481714e+00
         vertex 2.065433e+00 -1.294358e+00 -4.485140e+00
         vertex 2.075898e+00 -1.294401e+00 -4.481662e+00
      endloop
   endfacet
   facet normal -3.077982e-01 2.069567e-01 9.286707e-01
      outer loop
         vertex 2.075898e+00 -1.294401e+00 -4.481662e+00
         vertex 2.065433e+00 -1.294358e+00 -4.485140e+00
         vertex 2.066759e+00 -1.308396e+00 -4.481572e+00
      endloop
   endfacet
   facet normal -1.086414e-01 9.728659e-02 9.893090e-01
      outer loop
         vertex 3.010694e+00 1.146408e-01 -4.690785e+00
         vertex 2.992735e+00 5.608267e-02 -4.686999e+00
         vertex 3.140484e+00 1.394360e-02 -4.666630e+00
      endloop
   endfacet
   facet normal -1.012594e-01 1.222105e-01 9.873252e-01
      outer loop
         vertex 3.140484e+00 1.394360e-02 -4.666630e+00
         vertex 2.992735e+00 5.608267e-02 -4.686999e+00
         vertex 2.981790e+00 2.592416e-02 -4.684388e+00
      endloop
   endfacet
   facet normal -9.715174e-02 1.673831e-01 9.810935e-01
      outer loop
         vertex 3.140484e+00 1.394360e-02 -4.666630e+00
         vertex 2.981790e+00 2.592416e-02 -4.684388e+00
         vertex 3.096747e+00 -6.946889e-02 -4.656730e+00
      endloop
   endfacet
   facet normal -1.006350e-01 1.632840e-01 9.814331e-01
      outer loop
         vertex 3.096747e+00 -6.946889e-02 -4.656730e+00
         vertex 2.981790e+00 2.592416e-02 -4.684388e+00
         vertex 2.932098e+00 -8.495473e-02 -4.671036e+00
      endloop
   endfacet
   facet normal -1.046923e-01 2.163503e-01 9.706864e-01
      outer loop
         vertex 3.096747e+00 -6.946889e-02 -4.656730e+00
         vertex 2.932098e+00 -8.495473e-02 -4.671036e+00
         vertex 3.041907e+00 -1.575702e-01 -4.643008e+00
      endloop
   endfacet
   facet normal -1.080129e-01 2.115930e-01 9.713710e-01
      outer loop
         vertex 3.041907e+00 -1.575702e-01 -4.643008e+00
         vertex 2.932098e+00 -8.495473e-02 -4.671036e+00
         vertex 2.895001e+00 -1.554391e-01 -4.659808e+00
      endloop
   endfacet
   facet normal -1.044444e-01 2.927660e-01 9.504627e-01
      outer loop
         vertex 3.041907e+00 -1.575702e-01 -4.643008e+00
         vertex 2.895001e+00 -1.554391e-01 -4.659808e+00
         vertex 2.905120e+00 -3.381725e-01 -4.602409e+00
      endloop
   endfacet
   facet normal -1.485961e-01 2.888479e-01 9.457728e-01
      outer loop
         vertex 2.905120e+00 -3.381725e-01 -4.602409e+00
         vertex 2.895001e+00 -1.554391e-01 -4.659808e+00
         vertex 2.817906e+00 -2.825895e-01 -4.633088e+00
      endloop
   endfacet
   facet normal -1.135208e-01 3.376143e-01 9.344140e-01
      outer loop
         vertex 2.905120e+00 -3.381725e-01 -4.602409e+00
         vertex 2.817906e+00 -2.825895e-01 -4.633088e+00
         vertex 2.743095e+00 -5.327576e-01 -4.551788e+00
      endloop
   endfacet
   facet normal -1.417722e-01 3.440401e-01 9.281902e-01
      outer loop
         vertex 2.743095e+00 -5.327576e-01 -4.551788e+00
         vertex 2.817906e+00 -2.825895e-01 -4.633088e+00
         vertex 2.637900e+00 -5.394986e-01 -4.565357e+00
      endloop
   endfacet
   facet normal -1.408328e-01 2.961355e-01 9.447063e-01
      outer loop
         vertex 2.743095e+00 -5.327576e-01 -4.551788e+00
         vertex 2.637900e+00 -5.394986e-01 -4.565357e+00
         vertex 2.564275e+00 -7.369103e-01 -4.514450e+00
      endloop
   endfacet
   facet normal -1.244022e-01 2.910110e-01 9.485972e-01
      outer loop
         vertex 2.564275e+00 -7.369103e-01 -4.514450e+00
         vertex 2.637900e+00 -5.394986e-01 -4.565357e+00
         vertex 2.559700e+00 -6.447504e-01 -4.543323e+00
      endloop
   endfacet
   facet normal -1.586059e-01 2.879996e-01 9.444048e-01
      outer loop
         vertex 2.564275e+00 -7.369103e-01 -4.514450e+00
         vertex 2.559700e+00 -6.447504e-01 -4.543323e+00
         vertex 2.484850e+00 -7.427220e-01 -4.526017e+00
      endloop
   endfacet
   facet normal -1.675832e-01 2.670767e-02 9.854961e-01
      outer loop
         vertex 2.052892e+00 2.094512e+00 -4.482499e+00
         vertex 2.060465e+00 2.100192e+00 -4.481365e+00
         vertex 2.051740e+00 2.101854e+00 -4.482894e+00
      endloop
   endfacet
   facet normal -1.715078e-01 5.793394e-03 9.851657e-01
      outer loop
         vertex 2.051740e+00 2.101854e+00 -4.482894e+00
         vertex 2.060465e+00 2.100192e+00 -4.481365e+00
         vertex 2.059515e+00 2.103896e+00 -4.481552e+00
      endloop
   endfacet
   facet normal -1.641493e-01 2.197210e-02 9.861908e-01
      outer loop
         vertex 2.053134e+00 2.084240e+00 -4.482230e+00
         vertex 2.061444e+00 2.088697e+00 -4.480946e+00
         vertex 2.052892e+00 2.094512e+00 -4.482499e+00
      endloop
   endfacet
   facet normal -1.622475e-01 2.483534e-02 9.864375e-01
      outer loop
         vertex 2.052892e+00 2.094512e+00 -4.482499e+00
         vertex 2.061444e+00 2.088697e+00 -4.480946e+00
         vertex 2.061059e+00 2.096416e+00 -4.481203e+00
      endloop
   endfacet
   facet normal -1.604851e-01 1.696578e-02 9.868925e-01
      outer loop
         vertex 2.052892e+00 2.094512e+00 -4.482499e+00
         vertex 2.061059e+00 2.096416e+00 -4.481203e+00
         vertex 2.060465e+00 2.100192e+00 -4.481365e+00
      endloop
   endfacet
   facet normal -3.063273e-01 -1.397633e-01 9.416102e-01
      outer loop
         vertex 2.068996e+00 2.020247e+00 -4.480377e+00
         vertex 2.065692e+00 2.027309e+00 -4.480404e+00
         vertex 2.056690e+00 2.028740e+00 -4.483120e+00
      endloop
   endfacet
   facet normal -3.018343e-01 -9.895731e-02 9.482107e-01
      outer loop
         vertex 2.056690e+00 2.028740e+00 -4.483120e+00
         vertex 2.065692e+00 2.027309e+00 -4.480404e+00
         vertex 2.063258e+00 2.034564e+00 -4.480422e+00
      endloop
   endfacet
   facet normal -3.049622e-01 -9.514674e-02 9.475997e-01
      outer loop
         vertex 2.056690e+00 2.028740e+00 -4.483120e+00
         vertex 2.063258e+00 2.034564e+00 -4.480422e+00
         vertex 2.053736e+00 2.041730e+00 -4.482767e+00
      endloop
   endfacet
   facet normal -2.796902e-01 -5.805158e-02 9.583337e-01
      outer loop
         vertex 2.053736e+00 2.041730e+00 -4.482767e+00
         vertex 2.063258e+00 2.034564e+00 -4.480422e+00
         vertex 2.061668e+00 2.042004e+00 -4.480435e+00
      endloop
   endfacet
   facet normal -2.805410e-01 -3.936910e-02 9.590343e-01
      outer loop
         vertex 2.053736e+00 2.041730e+00 -4.482767e+00
         vertex 2.061668e+00 2.042004e+00 -4.480435e+00
         vertex 2.052530e+00 2.061537e+00 -4.482306e+00
      endloop
   endfacet
   facet normal -2.324038e-01 -1.556151e-02 9.724949e-01
      outer loop
         vertex 2.052530e+00 2.061537e+00 -4.482306e+00
         vertex 2.061668e+00 2.042004e+00 -4.480435e+00
         vertex 2.060432e+00 2.057311e+00 -4.480485e+00
      endloop
   endfacet
   facet normal -2.231880e-01 2.653835e-03 9.747718e-01
      outer loop
         vertex 2.052530e+00 2.061537e+00 -4.482306e+00
         vertex 2.060432e+00 2.057311e+00 -4.480485e+00
         vertex 2.053134e+00 2.084240e+00 -4.482230e+00
      endloop
   endfacet
   facet normal -1.857363e-01 1.330525e-02 9.825095e-01
      outer loop
         vertex 2.053134e+00 2.084240e+00 -4.482230e+00
         vertex 2.060432e+00 2.057311e+00 -4.480485e+00
         vertex 2.060790e+00 2.072970e+00 -4.480630e+00
      endloop
   endfacet
   facet normal -1.666228e-01 2.673675e-02 9.856582e-01
      outer loop
         vertex 2.053134e+00 2.084240e+00 -4.482230e+00
         vertex 2.060790e+00 2.072970e+00 -4.480630e+00
         vertex 2.061444e+00 2.088697e+00 -4.480946e+00
      endloop
   endfacet
   facet normal -1.184067e-01 -2.686044e-01 9.559454e-01
      outer loop
         vertex 2.455363e+00 1.615379e+00 -4.505998e+00
         vertex 2.551264e+00 1.519665e+00 -4.521013e+00
         vertex 2.630657e+00 1.525870e+00 -4.509436e+00
      endloop
   endfacet
   facet normal -1.204766e-01 -2.506929e-01 9.605407e-01
      outer loop
         vertex 2.630657e+00 1.525870e+00 -4.509436e+00
         vertex 2.551264e+00 1.519665e+00 -4.521013e+00
         vertex 2.593401e+00 1.471513e+00 -4.528295e+00
      endloop
   endfacet
   facet normal -1.229394e-01 -2.490454e-01 9.606572e-01
      outer loop
         vertex 2.630657e+00 1.525870e+00 -4.509436e+00
         vertex 2.593401e+00 1.471513e+00 -4.528295e+00
         vertex 2.735803e+00 1.414696e+00 -4.524801e+00
      endloop
   endfacet
   facet normal -1.197171e-01 -2.408153e-01 9.631593e-01
      outer loop
         vertex 2.735803e+00 1.414696e+00 -4.524801e+00
         vertex 2.593401e+00 1.471513e+00 -4.528295e+00
         vertex 2.643199e+00 1.410040e+00 -4.537475e+00
      endloop
   endfacet
   facet normal -1.198773e-01 -2.388832e-01 9.636204e-01
      outer loop
         vertex 2.735803e+00 1.414696e+00 -4.524801e+00
         vertex 2.643199e+00 1.410040e+00 -4.537475e+00
         vertex 2.834350e+00 1.296695e+00 -4.541794e+00
      endloop
   endfacet
   facet normal -1.177865e-01 -2.353995e-01 9.647349e-01
      outer loop
         vertex 2.834350e+00 1.296695e+00 -4.541794e+00
         vertex 2.643199e+00 1.410040e+00 -4.537475e+00
         vertex 2.773502e+00 1.227624e+00 -4.566077e+00
      endloop
   endfacet
   facet normal -1.212503e-01 -2.324488e-01 9.650212e-01
      outer loop
         vertex 2.834350e+00 1.296695e+00 -4.541794e+00
         vertex 2.773502e+00 1.227624e+00 -4.566077e+00
         vertex 2.924698e+00 1.171627e+00 -4.560568e+00
      endloop
   endfacet
   facet normal -1.212945e-01 -2.325717e-01 9.649860e-01
      outer loop
         vertex 2.924698e+00 1.171627e+00 -4.560568e+00
         vertex 2.773502e+00 1.227624e+00 -4.566077e+00
         vertex 2.807540e+00 1.172377e+00 -4.575113e+00
      endloop
   endfacet
   facet normal -1.214789e-01 -2.244179e-01 9.668917e-01
      outer loop
         vertex 2.924698e+00 1.171627e+00 -4.560568e+00
         vertex 2.807540e+00 1.172377e+00 -4.575113e+00
         vertex 3.005238e+00 1.040416e+00 -4.580903e+00
      endloop
   endfacet
   facet normal -1.199868e-01 -2.222130e-01 9.675870e-01
      outer loop
         vertex 3.005238e+00 1.040416e+00 -4.580903e+00
         vertex 2.807540e+00 1.172377e+00 -4.575113e+00
         vertex 2.899896e+00 9.970256e-01 -4.603931e+00
      endloop
   endfacet
   facet normal -1.259586e-01 -2.088861e-01 9.697943e-01
      outer loop
         vertex 3.005238e+00 1.040416e+00 -4.580903e+00
         vertex 2.899896e+00 9.970256e-01 -4.603931e+00
         vertex 3.074294e+00 9.030408e-01 -4.601524e+00
      endloop
   endfacet
   facet normal -1.253516e-01 -2.077514e-01 9.701167e-01
      outer loop
         vertex 3.074294e+00 9.030408e-01 -4.601524e+00
         vertex 2.899896e+00 9.970256e-01 -4.603931e+00
         vertex 2.936455e+00 9.112101e-01 -4.617585e+00
      endloop
   endfacet
   facet normal -1.247027e-01 -1.891869e-01 9.739905e-01
      outer loop
         vertex 3.074294e+00 9.030408e-01 -4.601524e+00
         vertex 2.936455e+00 9.112101e-01 -4.617585e+00
         vertex 3.129753e+00 7.591215e-01 -4.622378e+00
      endloop
   endfacet
   facet normal -1.269647e-01 -1.920350e-01 9.731405e-01
      outer loop
         vertex 3.129753e+00 7.591215e-01 -4.622378e+00
         vertex 2.936455e+00 9.112101e-01 -4.617585e+00
         vertex 2.987389e+00 7.584359e-01 -4.641087e+00
      endloop
   endfacet
   facet normal -1.272738e-01 -1.815601e-01 9.751089e-01
      outer loop
         vertex 3.129753e+00 7.591215e-01 -4.622378e+00
         vertex 2.987389e+00 7.584359e-01 -4.641087e+00
         vertex 3.170060e+00 6.139922e-01 -4.644139e+00
      endloop
   endfacet
   facet normal -1.296844e-01 -1.845899e-01 9.742220e-01
      outer loop
         vertex 3.170060e+00 6.139922e-01 -4.644139e+00
         vertex 2.987389e+00 7.584359e-01 -4.641087e+00
         vertex 3.017208e+00 6.306503e-01 -4.661330e+00
      endloop
   endfacet
   facet normal -1.258757e-01 -1.417532e-01 9.818662e-01
      outer loop
         vertex 3.170060e+00 6.139922e-01 -4.644139e+00
         vertex 3.017208e+00 6.306503e-01 -4.661330e+00
         vertex 3.195002e+00 4.719055e-01 -4.661455e+00
      endloop
   endfacet
   facet normal -1.342388e-01 -1.511179e-01 9.793586e-01
      outer loop
         vertex 3.195002e+00 4.719055e-01 -4.661455e+00
         vertex 3.017208e+00 6.306503e-01 -4.661330e+00
         vertex 3.033852e+00 5.223328e-01 -4.675762e+00
      endloop
   endfacet
   facet normal -1.123937e-01 -7.812180e-02 9.905880e-01
      outer loop
         vertex 3.195002e+00 4.719055e-01 -4.661455e+00
         vertex 3.033852e+00 5.223328e-01 -4.675762e+00
         vertex 3.202551e+00 3.276718e-01 -4.671973e+00
      endloop
   endfacet
   facet normal -1.190603e-01 -8.392364e-02 9.893339e-01
      outer loop
         vertex 3.202551e+00 3.276718e-01 -4.671973e+00
         vertex 3.033852e+00 5.223328e-01 -4.675762e+00
         vertex 3.041281e+00 3.386735e-01 -4.690448e+00
      endloop
   endfacet
   facet normal -1.148232e-01 -1.520489e-02 9.932696e-01
      outer loop
         vertex 3.202551e+00 3.276718e-01 -4.671973e+00
         vertex 3.041281e+00 3.386735e-01 -4.690448e+00
         vertex 3.192581e+00 1.918219e-01 -4.675205e+00
      endloop
   endfacet
   facet normal -1.035841e-01 -3.485744e-03 9.946146e-01
      outer loop
         vertex 3.192581e+00 1.918219e-01 -4.675205e+00
         vertex 3.041281e+00 3.386735e-01 -4.690448e+00
         vertex 3.024089e+00 1.743030e-01 -4.692814e+00
      endloop
   endfacet
   facet normal -1.074144e-01 3.435176e-02 9.936207e-01
      outer loop
         vertex 3.192581e+00 1.918219e-01 -4.675205e+00
         vertex 3.024089e+00 1.743030e-01 -4.692814e+00
         vertex 3.183208e+00 1.396015e-01 -4.674413e+00
      endloop
   endfacet
   facet normal -1.024637e-01 5.678435e-02 9.931147e-01
      outer loop
         vertex 3.183208e+00 1.396015e-01 -4.674413e+00
         vertex 3.024089e+00 1.743030e-01 -4.692814e+00
         vertex 3.010694e+00 1.146408e-01 -4.690785e+00
      endloop
   endfacet
   facet normal -1.036130e-01 6.514256e-02 9.924821e-01
      outer loop
         vertex 3.183208e+00 1.396015e-01 -4.674413e+00
         vertex 3.010694e+00 1.146408e-01 -4.690785e+00
         vertex 3.172102e+00 9.707128e-02 -4.672781e+00
      endloop
   endfacet
   facet normal -9.827979e-02 1.105670e-01 9.889975e-01
      outer loop
         vertex 3.172102e+00 9.707128e-02 -4.672781e+00
         vertex 3.010694e+00 1.146408e-01 -4.690785e+00
         vertex 3.140484e+00 1.394360e-02 -4.666630e+00
      endloop
   endfacet
   facet normal -1.000517e-01 -4.552749e-02 9.939401e-01
      outer loop
         vertex 2.039801e+00 -1.391306e+00 -4.483791e+00
         vertex 2.039145e+00 -1.399704e+00 -4.484242e+00
         vertex 2.051468e+00 -1.399663e+00 -4.482999e+00
      endloop
   endfacet
   facet normal -6.647650e-02 -2.008237e-01 9.773693e-01
      outer loop
         vertex 2.807540e+00 1.172377e+00 -4.575113e+00
         vertex 2.773502e+00 1.227624e+00 -4.566077e+00
         vertex 2.570441e+00 1.289433e+00 -4.567188e+00
      endloop
   endfacet
   facet normal -6.732662e-02 -2.036281e-01 9.767306e-01
      outer loop
         vertex 2.570441e+00 1.289433e+00 -4.567188e+00
         vertex 2.773502e+00 1.227624e+00 -4.566077e+00
         vertex 2.503657e+00 1.401829e+00 -4.548359e+00
      endloop
   endfacet
   facet normal -6.453072e-02 -1.994049e-01 9.777901e-01
      outer loop
         vertex 2.503657e+00 1.401829e+00 -4.548359e+00
         vertex 2.773502e+00 1.227624e+00 -4.566077e+00
         vertex 2.643199e+00 1.410040e+00 -4.537475e+00
      endloop
   endfacet
   facet normal -6.450323e-02 -1.997745e-01 9.777165e-01
      outer loop
         vertex 2.503657e+00 1.401829e+00 -4.548359e+00
         vertex 2.643199e+00 1.410040e+00 -4.537475e+00
         vertex 2.490752e+00 1.422151e+00 -4.545058e+00
      endloop
   endfacet
   facet normal -6.439599e-02 -1.982224e-01 9.780394e-01
      outer loop
         vertex 2.490752e+00 1.422151e+00 -4.545058e+00
         vertex 2.643199e+00 1.410040e+00 -4.537475e+00
         vertex 2.593401e+00 1.471513e+00 -4.528295e+00
      endloop
   endfacet
   facet normal -6.304515e-02 -2.008774e-01 9.775856e-01
      outer loop
         vertex 2.490752e+00 1.422151e+00 -4.545058e+00
         vertex 2.593401e+00 1.471513e+00 -4.528295e+00
         vertex 2.431653e+00 1.509337e+00 -4.530954e+00
      endloop
   endfacet
   facet normal -1.019832e-01 -1.563749e-01 9.824186e-01
      outer loop
         vertex 2.308151e+00 1.664007e+00 -4.506637e+00
         vertex 2.360340e+00 1.703375e+00 -4.494953e+00
         vertex 2.135984e+00 1.885059e+00 -4.489324e+00
      endloop
   endfacet
   facet normal -1.151961e-01 -1.725616e-01 9.782394e-01
      outer loop
         vertex 2.135984e+00 1.885059e+00 -4.489324e+00
         vertex 2.360340e+00 1.703375e+00 -4.494953e+00
         vertex 2.174138e+00 1.887830e+00 -4.484342e+00
      endloop
   endfacet
   facet normal -1.208847e-01 -1.093147e-01 9.866292e-01
      outer loop
         vertex 2.135984e+00 1.885059e+00 -4.489324e+00
         vertex 2.174138e+00 1.887830e+00 -4.484342e+00
         vertex 2.127479e+00 1.897256e+00 -4.489014e+00
      endloop
   endfacet
   facet normal -1.220284e-01 -1.153887e-01 9.857964e-01
      outer loop
         vertex 2.127479e+00 1.897256e+00 -4.489014e+00
         vertex 2.174138e+00 1.887830e+00 -4.484342e+00
         vertex 2.133852e+00 1.932240e+00 -4.484131e+00
      endloop
   endfacet
   facet normal -1.315472e-01 -1.135140e-01 9.847893e-01
      outer loop
         vertex 2.127479e+00 1.897256e+00 -4.489014e+00
         vertex 2.133852e+00 1.932240e+00 -4.484131e+00
         vertex 2.075882e+00 1.969944e+00 -4.487528e+00
      endloop
   endfacet
   facet normal -1.536723e-01 -1.482381e-01 9.769393e-01
      outer loop
         vertex 2.075882e+00 1.969944e+00 -4.487528e+00
         vertex 2.133852e+00 1.932240e+00 -4.484131e+00
         vertex 2.085622e+00 1.983653e+00 -4.483916e+00
      endloop
   endfacet
   facet normal -1.664564e-01 -1.389618e-01 9.762079e-01
      outer loop
         vertex 2.075882e+00 1.969944e+00 -4.487528e+00
         vertex 2.085622e+00 1.983653e+00 -4.483916e+00
         vertex 2.055326e+00 2.001081e+00 -4.486601e+00
      endloop
   endfacet
   facet normal -1.740871e-01 -1.527498e-01 9.728110e-01
      outer loop
         vertex 2.055326e+00 2.001081e+00 -4.486601e+00
         vertex 2.085622e+00 1.983653e+00 -4.483916e+00
         vertex 2.069801e+00 2.003329e+00 -4.483657e+00
      endloop
   endfacet
   facet normal -1.794126e-01 -1.227515e-01 9.760856e-01
      outer loop
         vertex 2.055326e+00 2.001081e+00 -4.486601e+00
         vertex 2.069801e+00 2.003329e+00 -4.483657e+00
         vertex 2.047187e+00 2.018687e+00 -4.485883e+00
      endloop
   endfacet
   facet normal -6.363648e-02 -2.034462e-01 9.770159e-01
      outer loop
         vertex 2.593401e+00 1.471513e+00 -4.528295e+00
         vertex 2.551264e+00 1.519665e+00 -4.521013e+00
         vertex 2.431653e+00 1.509337e+00 -4.530954e+00
      endloop
   endfacet
   facet normal -6.239756e-02 -2.154010e-01 9.745301e-01
      outer loop
         vertex 2.431653e+00 1.509337e+00 -4.530954e+00
         vertex 2.551264e+00 1.519665e+00 -4.521013e+00
         vertex 2.455363e+00 1.615379e+00 -4.505998e+00
      endloop
   endfacet
   facet normal -7.447307e-02 -2.126440e-01 9.742876e-01
      outer loop
         vertex 2.431653e+00 1.509337e+00 -4.530954e+00
         vertex 2.455363e+00 1.615379e+00 -4.505998e+00
         vertex 2.308151e+00 1.664007e+00 -4.506637e+00
      endloop
   endfacet
   facet normal -7.426080e-02 -2.119994e-01 9.744443e-01
      outer loop
         vertex 2.308151e+00 1.664007e+00 -4.506637e+00
         vertex 2.455363e+00 1.615379e+00 -4.505998e+00
         vertex 2.399482e+00 1.667044e+00 -4.499016e+00
      endloop
   endfacet
   facet normal -7.533267e-02 -1.906213e-01 9.787689e-01
      outer loop
         vertex 2.308151e+00 1.664007e+00 -4.506637e+00
         vertex 2.399482e+00 1.667044e+00 -4.499016e+00
         vertex 2.360340e+00 1.703375e+00 -4.494953e+00
      endloop
   endfacet
   facet normal -6.844375e-02 -2.047441e-01 9.764196e-01
      outer loop
         vertex 2.570441e+00 1.289433e+00 -4.567188e+00
         vertex 2.630917e+00 1.171854e+00 -4.587604e+00
         vertex 2.807540e+00 1.172377e+00 -4.575113e+00
      endloop
   endfacet
   facet normal -6.840952e-02 -2.066698e-01 9.760163e-01
      outer loop
         vertex 2.807540e+00 1.172377e+00 -4.575113e+00
         vertex 2.630917e+00 1.171854e+00 -4.587604e+00
         vertex 2.632958e+00 1.167536e+00 -4.588375e+00
      endloop
   endfacet
   facet normal -6.882812e-02 -1.969776e-01 9.779890e-01
      outer loop
         vertex 2.807540e+00 1.172377e+00 -4.575113e+00
         vertex 2.632958e+00 1.167536e+00 -4.588375e+00
         vertex 2.899896e+00 9.970256e-01 -4.603931e+00
      endloop
   endfacet
   facet normal -7.471246e-02 -2.059808e-01 9.756997e-01
      outer loop
         vertex 2.899896e+00 9.970256e-01 -4.603931e+00
         vertex 2.632958e+00 1.167536e+00 -4.588375e+00
         vertex 2.683995e+00 1.049293e+00 -4.609429e+00
      endloop
   endfacet
   facet normal -6.992171e-02 -1.857277e-01 9.801103e-01
      outer loop
         vertex 2.899896e+00 9.970256e-01 -4.603931e+00
         vertex 2.683995e+00 1.049293e+00 -4.609429e+00
         vertex 2.936455e+00 9.112101e-01 -4.617585e+00
      endloop
   endfacet
   facet normal -7.443866e-02 -1.938732e-01 9.781984e-01
      outer loop
         vertex 2.936455e+00 9.112101e-01 -4.617585e+00
         vertex 2.683995e+00 1.049293e+00 -4.609429e+00
         vertex 2.730690e+00 9.146070e-01 -4.632570e+00
      endloop
   endfacet
   facet normal -7.438888e-02 -1.758093e-01 9.816096e-01
      outer loop
         vertex 2.936455e+00 9.112101e-01 -4.617585e+00
         vertex 2.730690e+00 9.146070e-01 -4.632570e+00
         vertex 2.987389e+00 7.584359e-01 -4.641087e+00
      endloop
   endfacet
   facet normal -7.839168e-02 -1.823070e-01 9.801117e-01
      outer loop
         vertex 2.987389e+00 7.584359e-01 -4.641087e+00
         vertex 2.730690e+00 9.146070e-01 -4.632570e+00
         vertex 2.763159e+00 7.889955e-01 -4.653337e+00
      endloop
   endfacet
   facet normal -7.729131e-02 -1.735622e-01 9.817852e-01
      outer loop
         vertex 2.987389e+00 7.584359e-01 -4.641087e+00
         vertex 2.763159e+00 7.889955e-01 -4.653337e+00
         vertex 3.017208e+00 6.306503e-01 -4.661330e+00
      endloop
   endfacet
   facet normal -8.036804e-02 -1.784419e-01 9.806628e-01
      outer loop
         vertex 3.017208e+00 6.306503e-01 -4.661330e+00
         vertex 2.763159e+00 7.889955e-01 -4.653337e+00
         vertex 2.787733e+00 6.449171e-01 -4.677540e+00
      endloop
   endfacet
   facet normal -7.861088e-02 -1.435239e-01 9.865198e-01
      outer loop
         vertex 3.017208e+00 6.306503e-01 -4.661330e+00
         vertex 2.787733e+00 6.449171e-01 -4.677540e+00
         vertex 3.033852e+00 5.223328e-01 -4.675762e+00
      endloop
   endfacet
   facet normal -9.273749e-02 -3.520936e-02 9.950679e-01
      outer loop
         vertex 2.051468e+00 -1.399663e+00 -4.482999e+00
         vertex 2.052283e+00 -1.392980e+00 -4.482687e+00
         vertex 2.039801e+00 -1.391306e+00 -4.483791e+00
      endloop
   endfacet
   facet normal -9.068662e-02 -1.950704e-02 9.956884e-01
      outer loop
         vertex 2.039801e+00 -1.391306e+00 -4.483791e+00
         vertex 2.052283e+00 -1.392980e+00 -4.482687e+00
         vertex 2.051945e+00 -1.381448e+00 -4.482492e+00
      endloop
   endfacet
   facet normal -1.097453e-01 4.200658e-03 9.939509e-01
      outer loop
         vertex 2.039801e+00 -1.391306e+00 -4.483791e+00
         vertex 2.051945e+00 -1.381448e+00 -4.482492e+00
         vertex 2.038188e+00 -1.365134e+00 -4.484080e+00
      endloop
   endfacet
   facet normal -1.028445e-01 1.008756e-02 9.946463e-01
      outer loop
         vertex 2.038188e+00 -1.365134e+00 -4.484080e+00
         vertex 2.051945e+00 -1.381448e+00 -4.482492e+00
         vertex 2.049315e+00 -1.352200e+00 -4.483060e+00
      endloop
   endfacet
   facet normal -1.508591e-01 5.198150e-02 9.871876e-01
      outer loop
         vertex 2.038188e+00 -1.365134e+00 -4.484080e+00
         vertex 2.049315e+00 -1.352200e+00 -4.483060e+00
         vertex 2.037529e+00 -1.338190e+00 -4.485599e+00
      endloop
   endfacet
   facet normal -1.627511e-01 4.172299e-02 9.857846e-01
      outer loop
         vertex 2.037529e+00 -1.338190e+00 -4.485599e+00
         vertex 2.049315e+00 -1.352200e+00 -4.483060e+00
         vertex 2.049681e+00 -1.335490e+00 -4.483707e+00
      endloop
   endfacet
   facet normal -1.719026e-01 8.601942e-02 9.813512e-01
      outer loop
         vertex 2.037529e+00 -1.338190e+00 -4.485599e+00
         vertex 2.049681e+00 -1.335490e+00 -4.483707e+00
         vertex 2.039748e+00 -1.321613e+00 -4.486664e+00
      endloop
   endfacet
   facet normal -1.890860e-01 7.326654e-02 9.792234e-01
      outer loop
         vertex 2.039748e+00 -1.321613e+00 -4.486664e+00
         vertex 2.049681e+00 -1.335490e+00 -4.483707e+00
         vertex 2.051850e+00 -1.323521e+00 -4.484184e+00
      endloop
   endfacet
   facet normal -1.825595e-01 1.115695e-01 9.768440e-01
      outer loop
         vertex 2.039748e+00 -1.321613e+00 -4.486664e+00
         vertex 2.051850e+00 -1.323521e+00 -4.484184e+00
         vertex 2.044656e+00 -1.305709e+00 -4.487563e+00
      endloop
   endfacet
   facet normal -1.976390e-01 1.050589e-01 9.746289e-01
      outer loop
         vertex 2.044656e+00 -1.305709e+00 -4.487563e+00
         vertex 2.051850e+00 -1.323521e+00 -4.484184e+00
         vertex 2.056135e+00 -1.311446e+00 -4.484617e+00
      endloop
   endfacet
   facet normal -1.826210e-01 1.347372e-01 9.739073e-01
      outer loop
         vertex 2.044656e+00 -1.305709e+00 -4.487563e+00
         vertex 2.056135e+00 -1.311446e+00 -4.484617e+00
         vertex 2.056586e+00 -1.281269e+00 -4.488707e+00
      endloop
   endfacet
   facet normal -1.927423e-01 1.346259e-01 9.719703e-01
      outer loop
         vertex 2.056135e+00 -1.311446e+00 -4.484617e+00
         vertex 2.065433e+00 -1.294358e+00 -4.485140e+00
         vertex 2.056586e+00 -1.281269e+00 -4.488707e+00
      endloop
   endfacet
   facet normal -1.683369e-01 1.516741e-01 9.739906e-01
      outer loop
         vertex 2.056586e+00 -1.281269e+00 -4.488707e+00
         vertex 2.065433e+00 -1.294358e+00 -4.485140e+00
         vertex 2.098165e+00 -1.252112e+00 -4.486061e+00
      endloop
   endfacet
   facet normal -1.487282e-01 1.230572e-01 9.811916e-01
      outer loop
         vertex 2.056586e+00 -1.281269e+00 -4.488707e+00
         vertex 2.098165e+00 -1.252112e+00 -4.486061e+00
         vertex 2.119401e+00 -1.176652e+00 -4.492306e+00
      endloop
   endfacet
   facet normal -8.864377e-02 1.069029e-01 9.903101e-01
      outer loop
         vertex 2.119401e+00 -1.176652e+00 -4.492306e+00
         vertex 2.098165e+00 -1.252112e+00 -4.486061e+00
         vertex 2.278162e+00 -1.020731e+00 -4.494927e+00
      endloop
   endfacet
   facet normal -1.253154e-01 1.440957e-01 9.815969e-01
      outer loop
         vertex 2.119401e+00 -1.176652e+00 -4.492306e+00
         vertex 2.278162e+00 -1.020731e+00 -4.494927e+00
         vertex 2.245462e+00 -9.632768e-01 -4.507536e+00
      endloop
   endfacet
   facet normal -8.705909e-02 2.086993e-01 9.740972e-01
      outer loop
         vertex 2.673543e+00 -1.507640e-01 -4.674233e+00
         vertex 2.665601e+00 -1.701390e-01 -4.670792e+00
         vertex 2.817906e+00 -2.825895e-01 -4.633088e+00
      endloop
   endfacet
   facet normal -5.909864e-02 2.444759e-01 9.678527e-01
      outer loop
         vertex 2.817906e+00 -2.825895e-01 -4.633088e+00
         vertex 2.665601e+00 -1.701390e-01 -4.670792e+00
         vertex 2.583329e+00 -3.484667e-01 -4.630771e+00
      endloop
   endfacet
   facet normal -7.586943e-02 3.035585e-01 9.497874e-01
      outer loop
         vertex 2.817906e+00 -2.825895e-01 -4.633088e+00
         vertex 2.583329e+00 -3.484667e-01 -4.630771e+00
         vertex 2.637900e+00 -5.394986e-01 -4.565357e+00
      endloop
   endfacet
   facet normal -6.933818e-02 3.053937e-01 9.496983e-01
      outer loop
         vertex 2.637900e+00 -5.394986e-01 -4.565357e+00
         vertex 2.583329e+00 -3.484667e-01 -4.630771e+00
         vertex 2.535488e+00 -4.420482e-01 -4.604171e+00
      endloop
   endfacet
   facet normal -8.530428e-02 2.900144e-01 9.532129e-01
      outer loop
         vertex 2.637900e+00 -5.394986e-01 -4.565357e+00
         vertex 2.535488e+00 -4.420482e-01 -4.604171e+00
         vertex 2.479223e+00 -5.478749e-01 -4.577009e+00
      endloop
   endfacet
   facet normal -7.931881e-02 1.704023e-01 9.821770e-01
      outer loop
         vertex 2.245462e+00 -9.632768e-01 -4.507536e+00
         vertex 2.278162e+00 -1.020731e+00 -4.494927e+00
         vertex 2.346996e+00 -7.825842e-01 -4.530685e+00
      endloop
   endfacet
   facet normal -8.278983e-02 1.713381e-01 9.817276e-01
      outer loop
         vertex 2.346996e+00 -7.825842e-01 -4.530685e+00
         vertex 2.278162e+00 -1.020731e+00 -4.494927e+00
         vertex 2.484850e+00 -7.427220e-01 -4.526017e+00
      endloop
   endfacet
   facet normal -1.045955e-01 2.489585e-01 9.628496e-01
      outer loop
         vertex 2.346996e+00 -7.825842e-01 -4.530685e+00
         vertex 2.484850e+00 -7.427220e-01 -4.526017e+00
         vertex 2.479223e+00 -5.478749e-01 -4.577009e+00
      endloop
   endfacet
   facet normal -1.033024e-01 2.490277e-01 9.629713e-01
      outer loop
         vertex 2.479223e+00 -5.478749e-01 -4.577009e+00
         vertex 2.484850e+00 -7.427220e-01 -4.526017e+00
         vertex 2.559700e+00 -6.447504e-01 -4.543323e+00
      endloop
   endfacet
   facet normal -8.448656e-02 2.639168e-01 9.608382e-01
      outer loop
         vertex 2.479223e+00 -5.478749e-01 -4.577009e+00
         vertex 2.559700e+00 -6.447504e-01 -4.543323e+00
         vertex 2.637900e+00 -5.394986e-01 -4.565357e+00
      endloop
   endfacet
   facet normal -1.027914e-01 5.848379e-02 9.929822e-01
      outer loop
         vertex 2.051740e+00 2.101854e+00 -4.482894e+00
         vertex 2.039069e+00 2.102449e+00 -4.484240e+00
         vertex 2.039940e+00 2.097638e+00 -4.483867e+00
      endloop
   endfacet
   facet normal -9.577878e-02 3.846732e-02 9.946591e-01
      outer loop
         vertex 2.051740e+00 2.101854e+00 -4.482894e+00
         vertex 2.039940e+00 2.097638e+00 -4.483867e+00
         vertex 2.052892e+00 2.094512e+00 -4.482499e+00
      endloop
   endfacet
   facet normal -9.787261e-02 2.983359e-02 9.947517e-01
      outer loop
         vertex 2.052892e+00 2.094512e+00 -4.482499e+00
         vertex 2.039940e+00 2.097638e+00 -4.483867e+00
         vertex 2.040704e+00 2.085985e+00 -4.483442e+00
      endloop
   endfacet
   facet normal -1.833324e-01 -1.287410e-01 9.745845e-01
      outer loop
         vertex 2.069801e+00 2.003329e+00 -4.483657e+00
         vertex 2.061429e+00 2.017261e+00 -4.483392e+00
         vertex 2.047187e+00 2.018687e+00 -4.485883e+00
      endloop
   endfacet
   facet normal -1.809478e-01 -9.788172e-02 9.786098e-01
      outer loop
         vertex 2.047187e+00 2.018687e+00 -4.485883e+00
         vertex 2.061429e+00 2.017261e+00 -4.483392e+00
         vertex 2.056690e+00 2.028740e+00 -4.483120e+00
      endloop
   endfacet
   facet normal -1.803362e-01 -9.847464e-02 9.786632e-01
      outer loop
         vertex 2.047187e+00 2.018687e+00 -4.485883e+00
         vertex 2.056690e+00 2.028740e+00 -4.483120e+00
         vertex 2.042982e+00 2.033716e+00 -4.485145e+00
      endloop
   endfacet
   facet normal -1.689618e-01 -6.518900e-02 9.834644e-01
      outer loop
         vertex 2.042982e+00 2.033716e+00 -4.485145e+00
         vertex 2.056690e+00 2.028740e+00 -4.483120e+00
         vertex 2.053736e+00 2.041730e+00 -4.482767e+00
      endloop
   endfacet
   facet normal -1.676070e-01 -6.703876e-02 9.835719e-01
      outer loop
         vertex 2.042982e+00 2.033716e+00 -4.485145e+00
         vertex 2.053736e+00 2.041730e+00 -4.482767e+00
         vertex 2.040769e+00 2.054821e+00 -4.484084e+00
      endloop
   endfacet
   facet normal -1.320238e-01 -3.107017e-02 9.907595e-01
      outer loop
         vertex 2.040769e+00 2.054821e+00 -4.484084e+00
         vertex 2.053736e+00 2.041730e+00 -4.482767e+00
         vertex 2.052530e+00 2.061537e+00 -4.482306e+00
      endloop
   endfacet
   facet normal -1.378790e-01 -2.067564e-02 9.902333e-01
      outer loop
         vertex 2.040769e+00 2.054821e+00 -4.484084e+00
         vertex 2.052530e+00 2.061537e+00 -4.482306e+00
         vertex 2.040704e+00 2.085985e+00 -4.483442e+00
      endloop
   endfacet
   facet normal -9.719900e-02 -7.640881e-04 9.952647e-01
      outer loop
         vertex 2.040704e+00 2.085985e+00 -4.483442e+00
         vertex 2.052530e+00 2.061537e+00 -4.482306e+00
         vertex 2.053134e+00 2.084240e+00 -4.482230e+00
      endloop
   endfacet
   facet normal -9.374442e-02 2.387080e-02 9.953101e-01
      outer loop
         vertex 2.040704e+00 2.085985e+00 -4.483442e+00
         vertex 2.053134e+00 2.084240e+00 -4.482230e+00
         vertex 2.052892e+00 2.094512e+00 -4.482499e+00
      endloop
   endfacet
   facet normal -7.550752e-02 -1.372767e-01 9.876506e-01
      outer loop
         vertex 2.787733e+00 6.449171e-01 -4.677540e+00
         vertex 2.798814e+00 5.181427e-01 -4.694314e+00
         vertex 3.033852e+00 5.223328e-01 -4.675762e+00
      endloop
   endfacet
   facet normal -7.669384e-02 -9.308653e-02 9.926998e-01
      outer loop
         vertex 3.033852e+00 5.223328e-01 -4.675762e+00
         vertex 2.798814e+00 5.181427e-01 -4.694314e+00
         vertex 2.800399e+00 4.411165e-01 -4.701414e+00
      endloop
   endfacet
   facet normal -8.038374e-02 -8.267876e-02 9.933291e-01
      outer loop
         vertex 3.033852e+00 5.223328e-01 -4.675762e+00
         vertex 2.800399e+00 4.411165e-01 -4.701414e+00
         vertex 3.041281e+00 3.386735e-01 -4.690448e+00
      endloop
   endfacet
   facet normal -7.208300e-02 -6.293770e-02 9.954109e-01
      outer loop
         vertex 3.041281e+00 3.386735e-01 -4.690448e+00
         vertex 2.800399e+00 4.411165e-01 -4.701414e+00
         vertex 2.798789e+00 3.798803e-01 -4.705403e+00
      endloop
   endfacet
   facet normal -6.287128e-02 -7.792575e-03 9.979912e-01
      outer loop
         vertex 3.041281e+00 3.386735e-01 -4.690448e+00
         vertex 2.798789e+00 3.798803e-01 -4.705403e+00
         vertex 3.024089e+00 1.743030e-01 -4.692814e+00
      endloop
   endfacet
   facet normal -7.289185e-02 -1.882528e-02 9.971622e-01
      outer loop
         vertex 3.024089e+00 1.743030e-01 -4.692814e+00
         vertex 2.798789e+00 3.798803e-01 -4.705403e+00
         vertex 2.786340e+00 2.466911e-01 -4.708827e+00
      endloop
   endfacet
   facet normal -5.321624e-02 4.587776e-02 9.975286e-01
      outer loop
         vertex 3.024089e+00 1.743030e-01 -4.692814e+00
         vertex 2.786340e+00 2.466911e-01 -4.708827e+00
         vertex 3.010694e+00 1.146408e-01 -4.690785e+00
      endloop
   endfacet
   facet normal -5.949746e-02 3.521666e-02 9.976071e-01
      outer loop
         vertex 3.010694e+00 1.146408e-01 -4.690785e+00
         vertex 2.786340e+00 2.466911e-01 -4.708827e+00
         vertex 2.767372e+00 1.415268e-01 -4.706246e+00
      endloop
   endfacet
   facet normal -5.428784e-02 8.100007e-02 9.952346e-01
      outer loop
         vertex 3.010694e+00 1.146408e-01 -4.690785e+00
         vertex 2.767372e+00 1.415268e-01 -4.706246e+00
         vertex 2.992735e+00 5.608267e-02 -4.686999e+00
      endloop
   endfacet
   facet normal -5.555660e-02 7.769720e-02 9.954279e-01
      outer loop
         vertex 2.992735e+00 5.608267e-02 -4.686999e+00
         vertex 2.767372e+00 1.415268e-01 -4.706246e+00
         vertex 2.747920e+00 6.345494e-02 -4.701238e+00
      endloop
   endfacet
   facet normal -5.456462e-02 1.057464e-01 9.928950e-01
      outer loop
         vertex 2.992735e+00 5.608267e-02 -4.686999e+00
         vertex 2.747920e+00 6.345494e-02 -4.701238e+00
         vertex 2.981790e+00 2.592416e-02 -4.684388e+00
      endloop
   endfacet
   facet normal -5.540789e-02 1.007059e-01 9.933722e-01
      outer loop
         vertex 2.981790e+00 2.592416e-02 -4.684388e+00
         vertex 2.747920e+00 6.345494e-02 -4.701238e+00
         vertex 2.742578e+00 4.473283e-02 -4.699638e+00
      endloop
   endfacet
   facet normal -5.182834e-02 1.422582e-01 9.884718e-01
      outer loop
         vertex 2.981790e+00 2.592416e-02 -4.684388e+00
         vertex 2.742578e+00 4.473283e-02 -4.699638e+00
         vertex 2.932098e+00 -8.495473e-02 -4.671036e+00
      endloop
   endfacet
   facet normal -4.933308e-02 1.458184e-01 9.880806e-01
      outer loop
         vertex 2.932098e+00 -8.495473e-02 -4.671036e+00
         vertex 2.742578e+00 4.473283e-02 -4.699638e+00
         vertex 2.673543e+00 -1.507640e-01 -4.674233e+00
      endloop
   endfacet
   facet normal -5.990015e-02 1.877082e-01 9.803967e-01
      outer loop
         vertex 2.932098e+00 -8.495473e-02 -4.671036e+00
         vertex 2.673543e+00 -1.507640e-01 -4.674233e+00
         vertex 2.895001e+00 -1.554391e-01 -4.659808e+00
      endloop
   endfacet
   facet normal -5.809621e-02 2.389195e-01 9.692999e-01
      outer loop
         vertex 2.895001e+00 -1.554391e-01 -4.659808e+00
         vertex 2.673543e+00 -1.507640e-01 -4.674233e+00
         vertex 2.817906e+00 -2.825895e-01 -4.633088e+00
      endloop
   endfacet
   facet normal -4.690866e-02 -1.849188e-01 9.816337e-01
      outer loop
         vertex 2.683995e+00 1.049293e+00 -4.609429e+00
         vertex 2.454715e+00 1.053774e+00 -4.619542e+00
         vertex 2.730690e+00 9.146070e-01 -4.632570e+00
      endloop
   endfacet
   facet normal -5.222816e-02 -1.952548e-01 9.793609e-01
      outer loop
         vertex 2.730690e+00 9.146070e-01 -4.632570e+00
         vertex 2.454715e+00 1.053774e+00 -4.619542e+00
         vertex 2.469950e+00 9.900297e-01 -4.631438e+00
      endloop
   endfacet
   facet normal -4.622433e-02 -1.745623e-01 9.835605e-01
      outer loop
         vertex 2.730690e+00 9.146070e-01 -4.632570e+00
         vertex 2.469950e+00 9.900297e-01 -4.631438e+00
         vertex 2.763159e+00 7.889955e-01 -4.653337e+00
      endloop
   endfacet
   facet normal -5.490273e-02 -1.869233e-01 9.808391e-01
      outer loop
         vertex 2.763159e+00 7.889955e-01 -4.653337e+00
         vertex 2.469950e+00 9.900297e-01 -4.631438e+00
         vertex 2.501403e+00 8.082884e-01 -4.664313e+00
      endloop
   endfacet
   facet normal -5.407707e-02 -1.743827e-01 9.831919e-01
      outer loop
         vertex 2.763159e+00 7.889955e-01 -4.653337e+00
         vertex 2.501403e+00 8.082884e-01 -4.664313e+00
         vertex 2.787733e+00 6.449171e-01 -4.677540e+00
      endloop
   endfacet
   facet normal -5.920713e-02 -1.832196e-01 9.812875e-01
      outer loop
         vertex 2.787733e+00 6.449171e-01 -4.677540e+00
         vertex 2.501403e+00 8.082884e-01 -4.664313e+00
         vertex 2.512323e+00 6.875643e-01 -4.686194e+00
      endloop
   endfacet
   facet normal -5.206704e-02 -1.354610e-01 9.894136e-01
      outer loop
         vertex 2.787733e+00 6.449171e-01 -4.677540e+00
         vertex 2.512323e+00 6.875643e-01 -4.686194e+00
         vertex 2.798814e+00 5.181427e-01 -4.694314e+00
      endloop
   endfacet
   facet normal -4.852970e-02 -1.295261e-01 9.903877e-01
      outer loop
         vertex 2.798814e+00 5.181427e-01 -4.694314e+00
         vertex 2.512323e+00 6.875643e-01 -4.686194e+00
         vertex 2.514575e+00 4.891880e-01 -4.712028e+00
      endloop
   endfacet
   facet normal -5.252140e-02 -9.273715e-02 9.943044e-01
      outer loop
         vertex 2.798814e+00 5.181427e-01 -4.694314e+00
         vertex 2.514575e+00 4.891880e-01 -4.712028e+00
         vertex 2.800399e+00 4.411165e-01 -4.701414e+00
      endloop
   endfacet
   facet normal -4.859604e-02 -6.892682e-02 9.964374e-01
      outer loop
         vertex 2.800399e+00 4.411165e-01 -4.701414e+00
         vertex 2.514575e+00 4.891880e-01 -4.712028e+00
         vertex 2.510559e+00 4.164822e-01 -4.717254e+00
      endloop
   endfacet
   facet normal -4.913162e-02 -1.159648e-01 9.920374e-01
      outer loop
         vertex 2.308151e+00 1.664007e+00 -4.506637e+00
         vertex 2.135984e+00 1.885059e+00 -4.489324e+00
         vertex 2.101913e+00 1.857619e+00 -4.494219e+00
      endloop
   endfacet
   facet normal -7.842904e-02 -7.988666e-02 9.937137e-01
      outer loop
         vertex 2.101913e+00 1.857619e+00 -4.494219e+00
         vertex 2.135984e+00 1.885059e+00 -4.489324e+00
         vertex 2.127479e+00 1.897256e+00 -4.489014e+00
      endloop
   endfacet
   facet normal -8.548700e-02 -7.530484e-02 9.934894e-01
      outer loop
         vertex 2.101913e+00 1.857619e+00 -4.494219e+00
         vertex 2.127479e+00 1.897256e+00 -4.489014e+00
         vertex 2.051978e+00 1.965874e+00 -4.490310e+00
      endloop
   endfacet
   facet normal -9.979663e-02 -9.109994e-02 9.908287e-01
      outer loop
         vertex 2.051978e+00 1.965874e+00 -4.490310e+00
         vertex 2.127479e+00 1.897256e+00 -4.489014e+00
         vertex 2.075882e+00 1.969944e+00 -4.487528e+00
      endloop
   endfacet
   facet normal -1.007406e-01 -8.581403e-02 9.912050e-01
      outer loop
         vertex 2.051978e+00 1.965874e+00 -4.490310e+00
         vertex 2.075882e+00 1.969944e+00 -4.487528e+00
         vertex 2.043822e+00 1.983473e+00 -4.489615e+00
      endloop
   endfacet
   facet normal -1.065066e-01 -9.977285e-02 9.892935e-01
      outer loop
         vertex 2.043822e+00 1.983473e+00 -4.489615e+00
         vertex 2.075882e+00 1.969944e+00 -4.487528e+00
         vertex 2.055326e+00 2.001081e+00 -4.486601e+00
      endloop
   endfacet
   facet normal -1.159655e-01 -9.351567e-02 9.888411e-01
      outer loop
         vertex 2.043822e+00 1.983473e+00 -4.489615e+00
         vertex 2.055326e+00 2.001081e+00 -4.486601e+00
         vertex 2.034898e+00 2.006417e+00 -4.488492e+00
      endloop
   endfacet
   facet normal -1.160847e-01 -9.399303e-02 9.887819e-01
      outer loop
         vertex 2.034898e+00 2.006417e+00 -4.488492e+00
         vertex 2.055326e+00 2.001081e+00 -4.486601e+00
         vertex 2.047187e+00 2.018687e+00 -4.485883e+00
      endloop
   endfacet
   facet normal -1.186204e-01 -9.144035e-02 9.887203e-01
      outer loop
         vertex 2.034898e+00 2.006417e+00 -4.488492e+00
         vertex 2.047187e+00 2.018687e+00 -4.485883e+00
         vertex 2.028976e+00 2.030448e+00 -4.486980e+00
      endloop
   endfacet
   facet normal -1.111574e-01 -7.970929e-02 9.906011e-01
      outer loop
         vertex 2.028976e+00 2.030448e+00 -4.486980e+00
         vertex 2.047187e+00 2.018687e+00 -4.485883e+00
         vertex 2.042982e+00 2.033716e+00 -4.485145e+00
      endloop
   endfacet
   facet normal -1.133873e-01 -7.040800e-02 9.910530e-01
      outer loop
         vertex 2.028976e+00 2.030448e+00 -4.486980e+00
         vertex 2.042982e+00 2.033716e+00 -4.485145e+00
         vertex 2.026268e+00 2.067516e+00 -4.484656e+00
      endloop
   endfacet
   facet normal -3.842058e-02 -1.892428e-01 9.811784e-01
      outer loop
         vertex 2.382163e+00 1.282786e+00 -4.576190e+00
         vertex 2.490752e+00 1.422151e+00 -4.545058e+00
         vertex 2.289730e+00 1.496537e+00 -4.538583e+00
      endloop
   endfacet
   facet normal -3.625325e-02 -1.834880e-01 9.823532e-01
      outer loop
         vertex 2.289730e+00 1.496537e+00 -4.538583e+00
         vertex 2.490752e+00 1.422151e+00 -4.545058e+00
         vertex 2.431653e+00 1.509337e+00 -4.530954e+00
      endloop
   endfacet
   facet normal -3.564740e-02 -1.895342e-01 9.812268e-01
      outer loop
         vertex 2.289730e+00 1.496537e+00 -4.538583e+00
         vertex 2.431653e+00 1.509337e+00 -4.530954e+00
         vertex 2.248812e+00 1.574848e+00 -4.524942e+00
      endloop
   endfacet
   facet normal -3.229470e-02 -1.803462e-01 9.830729e-01
      outer loop
         vertex 2.248812e+00 1.574848e+00 -4.524942e+00
         vertex 2.431653e+00 1.509337e+00 -4.530954e+00
         vertex 2.308151e+00 1.664007e+00 -4.506637e+00
      endloop
   endfacet
   facet normal -5.069281e-02 -1.683777e-01 9.844182e-01
      outer loop
         vertex 2.248812e+00 1.574848e+00 -4.524942e+00
         vertex 2.308151e+00 1.664007e+00 -4.506637e+00
         vertex 2.187935e+00 1.688284e+00 -4.508675e+00
      endloop
   endfacet
   facet normal -3.786905e-02 -1.040838e-01 9.938473e-01
      outer loop
         vertex 2.187935e+00 1.688284e+00 -4.508675e+00
         vertex 2.308151e+00 1.664007e+00 -4.506637e+00
         vertex 2.101913e+00 1.857619e+00 -4.494219e+00
      endloop
   endfacet
   facet normal -4.701658e-02 -1.947437e-01 9.797267e-01
      outer loop
         vertex 2.683995e+00 1.049293e+00 -4.609429e+00
         vertex 2.632958e+00 1.167536e+00 -4.588375e+00
         vertex 2.454715e+00 1.053774e+00 -4.619542e+00
      endloop
   endfacet
   facet normal -4.578947e-02 -1.965817e-01 9.794177e-01
      outer loop
         vertex 2.454715e+00 1.053774e+00 -4.619542e+00
         vertex 2.632958e+00 1.167536e+00 -4.588375e+00
         vertex 2.630917e+00 1.171854e+00 -4.587604e+00
      endloop
   endfacet
   facet normal -4.380630e-02 -1.994109e-01 9.789363e-01
      outer loop
         vertex 2.454715e+00 1.053774e+00 -4.619542e+00
         vertex 2.630917e+00 1.171854e+00 -4.587604e+00
         vertex 2.386707e+00 1.270659e+00 -4.578405e+00
      endloop
   endfacet
   facet normal -4.035477e-02 -1.910489e-01 9.807506e-01
      outer loop
         vertex 2.386707e+00 1.270659e+00 -4.578405e+00
         vertex 2.630917e+00 1.171854e+00 -4.587604e+00
         vertex 2.570441e+00 1.289433e+00 -4.567188e+00
      endloop
   endfacet
   facet normal -4.001503e-02 -1.940321e-01 9.801787e-01
      outer loop
         vertex 2.386707e+00 1.270659e+00 -4.578405e+00
         vertex 2.570441e+00 1.289433e+00 -4.567188e+00
         vertex 2.382163e+00 1.282786e+00 -4.576190e+00
      endloop
   endfacet
   facet normal -4.026972e-02 -1.883136e-01 9.812830e-01
      outer loop
         vertex 2.382163e+00 1.282786e+00 -4.576190e+00
         vertex 2.570441e+00 1.289433e+00 -4.567188e+00
         vertex 2.503657e+00 1.401829e+00 -4.548359e+00
      endloop
   endfacet
   facet normal -4.230484e-02 -1.863061e-01 9.815805e-01
      outer loop
         vertex 2.382163e+00 1.282786e+00 -4.576190e+00
         vertex 2.503657e+00 1.401829e+00 -4.548359e+00
         vertex 2.490752e+00 1.422151e+00 -4.545058e+00
      endloop
   endfacet
   facet normal -1.072929e-01 9.194946e-02 9.899664e-01
      outer loop
         vertex 2.026399e+00 -1.311947e+00 -4.489243e+00
         vertex 2.023440e+00 -1.336638e+00 -4.487270e+00
         vertex 2.037529e+00 -1.338190e+00 -4.485599e+00
      endloop
   endfacet
   facet normal -1.100191e-01 6.890556e-02 9.915381e-01
      outer loop
         vertex 2.037529e+00 -1.338190e+00 -4.485599e+00
         vertex 2.023440e+00 -1.336638e+00 -4.487270e+00
         vertex 2.024032e+00 -1.368807e+00 -4.484969e+00
      endloop
   endfacet
   facet normal -7.663165e-02 5.427008e-02 9.955814e-01
      outer loop
         vertex 2.037529e+00 -1.338190e+00 -4.485599e+00
         vertex 2.024032e+00 -1.368807e+00 -4.484969e+00
         vertex 2.038188e+00 -1.365134e+00 -4.484080e+00
      endloop
   endfacet
   facet normal -6.834033e-02 2.186686e-02 9.974224e-01
      outer loop
         vertex 2.038188e+00 -1.365134e+00 -4.484080e+00
         vertex 2.024032e+00 -1.368807e+00 -4.484969e+00
         vertex 2.024819e+00 -1.384827e+00 -4.484564e+00
      endloop
   endfacet
   facet normal -4.804848e-02 8.056862e-03 9.988125e-01
      outer loop
         vertex 2.038188e+00 -1.365134e+00 -4.484080e+00
         vertex 2.024819e+00 -1.384827e+00 -4.484564e+00
         vertex 2.039801e+00 -1.391306e+00 -4.483791e+00
      endloop
   endfacet
   facet normal -6.903324e-02 -4.071444e-02 9.967832e-01
      outer loop
         vertex 2.039801e+00 -1.391306e+00 -4.483791e+00
         vertex 2.024819e+00 -1.384827e+00 -4.484564e+00
         vertex 2.024517e+00 -1.399764e+00 -4.485195e+00
      endloop
   endfacet
   facet normal -6.475501e-02 -4.843546e-02 9.967250e-01
      outer loop
         vertex 2.039801e+00 -1.391306e+00 -4.483791e+00
         vertex 2.024517e+00 -1.399764e+00 -4.485195e+00
         vertex 2.039145e+00 -1.399704e+00 -4.484242e+00
      endloop
   endfacet
   facet normal -5.883923e-02 2.776439e-01 9.588805e-01
      outer loop
         vertex 2.535488e+00 -4.420482e-01 -4.604171e+00
         vertex 2.350088e+00 -3.657251e-01 -4.637647e+00
         vertex 2.290838e+00 -5.568250e-01 -4.585950e+00
      endloop
   endfacet
   facet normal -2.965668e-02 1.390981e-01 9.898344e-01
      outer loop
         vertex 2.673543e+00 -1.507640e-01 -4.674233e+00
         vertex 2.742578e+00 4.473283e-02 -4.699638e+00
         vertex 2.458672e+00 6.747179e-02 -4.711339e+00
      endloop
   endfacet
   facet normal -5.486113e-02 1.146321e-01 9.918920e-01
      outer loop
         vertex 2.458672e+00 6.747179e-02 -4.711339e+00
         vertex 2.435720e+00 -3.901061e-02 -4.700303e+00
         vertex 2.673543e+00 -1.507640e-01 -4.674233e+00
      endloop
   endfacet
   facet normal -3.798746e-02 1.496357e-01 9.880112e-01
      outer loop
         vertex 2.673543e+00 -1.507640e-01 -4.674233e+00
         vertex 2.435720e+00 -3.901061e-02 -4.700303e+00
         vertex 2.410701e+00 -1.444030e-01 -4.685303e+00
      endloop
   endfacet
   facet normal -3.674080e-02 1.893384e-01 9.812243e-01
      outer loop
         vertex 2.673543e+00 -1.507640e-01 -4.674233e+00
         vertex 2.410701e+00 -1.444030e-01 -4.685303e+00
         vertex 2.665601e+00 -1.701390e-01 -4.670792e+00
      endloop
   endfacet
   facet normal -3.338773e-02 2.191116e-01 9.751284e-01
      outer loop
         vertex 2.665601e+00 -1.701390e-01 -4.670792e+00
         vertex 2.410701e+00 -1.444030e-01 -4.685303e+00
         vertex 2.350088e+00 -3.657251e-01 -4.637647e+00
      endloop
   endfacet
   facet normal -4.627922e-02 2.390234e-01 9.699103e-01
      outer loop
         vertex 2.665601e+00 -1.701390e-01 -4.670792e+00
         vertex 2.350088e+00 -3.657251e-01 -4.637647e+00
         vertex 2.583329e+00 -3.484667e-01 -4.630771e+00
      endloop
   endfacet
   facet normal -5.006579e-02 2.966691e-01 9.536670e-01
      outer loop
         vertex 2.583329e+00 -3.484667e-01 -4.630771e+00
         vertex 2.350088e+00 -3.657251e-01 -4.637647e+00
         vertex 2.535488e+00 -4.420482e-01 -4.604171e+00
      endloop
   endfacet
   facet normal -1.321504e-01 8.112063e-02 9.879047e-01
      outer loop
         vertex 2.037529e+00 -1.338190e+00 -4.485599e+00
         vertex 2.039748e+00 -1.321613e+00 -4.486664e+00
         vertex 2.026399e+00 -1.311947e+00 -4.489243e+00
      endloop
   endfacet
   facet normal -1.229743e-01 9.380985e-02 9.879661e-01
      outer loop
         vertex 2.026399e+00 -1.311947e+00 -4.489243e+00
         vertex 2.039748e+00 -1.321613e+00 -4.486664e+00
         vertex 2.044656e+00 -1.305709e+00 -4.487563e+00
      endloop
   endfacet
   facet normal -1.245139e-01 9.849026e-02 9.873176e-01
      outer loop
         vertex 2.026399e+00 -1.311947e+00 -4.489243e+00
         vertex 2.044656e+00 -1.305709e+00 -4.487563e+00
         vertex 2.036000e+00 -1.279092e+00 -4.491310e+00
      endloop
   endfacet
   facet normal -1.141539e-01 1.019855e-01 9.882145e-01
      outer loop
         vertex 2.036000e+00 -1.279092e+00 -4.491310e+00
         vertex 2.044656e+00 -1.305709e+00 -4.487563e+00
         vertex 2.056586e+00 -1.281269e+00 -4.488707e+00
      endloop
   endfacet
   facet normal -1.153184e-01 9.198405e-02 9.890605e-01
      outer loop
         vertex 2.036000e+00 -1.279092e+00 -4.491310e+00
         vertex 2.056586e+00 -1.281269e+00 -4.488707e+00
         vertex 2.087925e+00 -1.140016e+00 -4.498190e+00
      endloop
   endfacet
   facet normal -8.582042e-02 8.567831e-02 9.926198e-01
      outer loop
         vertex 2.087925e+00 -1.140016e+00 -4.498190e+00
         vertex 2.056586e+00 -1.281269e+00 -4.488707e+00
         vertex 2.119401e+00 -1.176652e+00 -4.492306e+00
      endloop
   endfacet
   facet normal -5.829995e-02 1.092715e-01 9.923008e-01
      outer loop
         vertex 2.087925e+00 -1.140016e+00 -4.498190e+00
         vertex 2.119401e+00 -1.176652e+00 -4.492306e+00
         vertex 2.151607e+00 -9.670805e-01 -4.513492e+00
      endloop
   endfacet
   facet normal -6.741055e-02 1.105984e-01 9.915764e-01
      outer loop
         vertex 2.151607e+00 -9.670805e-01 -4.513492e+00
         vertex 2.119401e+00 -1.176652e+00 -4.492306e+00
         vertex 2.245462e+00 -9.632768e-01 -4.507536e+00
      endloop
   endfacet
   facet normal -6.916733e-02 1.663870e-01 9.836317e-01
      outer loop
         vertex 2.151607e+00 -9.670805e-01 -4.513492e+00
         vertex 2.245462e+00 -9.632768e-01 -4.507536e+00
         vertex 2.223829e+00 -7.560164e-01 -4.544116e+00
      endloop
   endfacet
   facet normal -7.141402e-02 1.661317e-01 9.835143e-01
      outer loop
         vertex 2.223829e+00 -7.560164e-01 -4.544116e+00
         vertex 2.245462e+00 -9.632768e-01 -4.507536e+00
         vertex 2.346996e+00 -7.825842e-01 -4.530685e+00
      endloop
   endfacet
   facet normal -5.782347e-02 2.237825e-01 9.729223e-01
      outer loop
         vertex 2.223829e+00 -7.560164e-01 -4.544116e+00
         vertex 2.346996e+00 -7.825842e-01 -4.530685e+00
         vertex 2.290838e+00 -5.568250e-01 -4.585950e+00
      endloop
   endfacet
   facet normal -5.682084e-02 2.240323e-01 9.729239e-01
      outer loop
         vertex 2.290838e+00 -5.568250e-01 -4.585950e+00
         vertex 2.346996e+00 -7.825842e-01 -4.530685e+00
         vertex 2.479223e+00 -5.478749e-01 -4.577009e+00
      endloop
   endfacet
   facet normal -5.869169e-02 2.773446e-01 9.589762e-01
      outer loop
         vertex 2.290838e+00 -5.568250e-01 -4.585950e+00
         vertex 2.479223e+00 -5.478749e-01 -4.577009e+00
         vertex 2.535488e+00 -4.420482e-01 -4.604171e+00
      endloop
   endfacet
   facet normal -9.138233e-02 -5.956935e-02 9.940326e-01
      outer loop
         vertex 2.042982e+00 2.033716e+00 -4.485145e+00
         vertex 2.040769e+00 2.054821e+00 -4.484084e+00
         vertex 2.026268e+00 2.067516e+00 -4.484656e+00
      endloop
   endfacet
   facet normal -5.749022e-02 -2.067131e-02 9.981320e-01
      outer loop
         vertex 2.026268e+00 2.067516e+00 -4.484656e+00
         vertex 2.040769e+00 2.054821e+00 -4.484084e+00
         vertex 2.040704e+00 2.085985e+00 -4.483442e+00
      endloop
   endfacet
   facet normal -7.722804e-02 -5.169430e-03 9.970001e-01
      outer loop
         vertex 2.026268e+00 2.067516e+00 -4.484656e+00
         vertex 2.040704e+00 2.085985e+00 -4.483442e+00
         vertex 2.025439e+00 2.093550e+00 -4.484585e+00
      endloop
   endfacet
   facet normal -5.860758e-02 3.251858e-02 9.977513e-01
      outer loop
         vertex 2.025439e+00 2.093550e+00 -4.484585e+00
         vertex 2.040704e+00 2.085985e+00 -4.483442e+00
         vertex 2.039940e+00 2.097638e+00 -4.483867e+00
      endloop
   endfacet
   facet normal -6.854923e-02 6.821055e-02 9.953132e-01
      outer loop
         vertex 2.025439e+00 2.093550e+00 -4.484585e+00
         vertex 2.039940e+00 2.097638e+00 -4.483867e+00
         vertex 2.024476e+00 2.101449e+00 -4.485193e+00
      endloop
   endfacet
   facet normal -6.942586e-02 6.471378e-02 9.954859e-01
      outer loop
         vertex 2.024476e+00 2.101449e+00 -4.485193e+00
         vertex 2.039940e+00 2.097638e+00 -4.483867e+00
         vertex 2.039069e+00 2.102449e+00 -4.484240e+00
      endloop
   endfacet
   facet normal -3.343413e-02 9.457088e-02 9.949565e-01
      outer loop
         vertex 2.742578e+00 4.473283e-02 -4.699638e+00
         vertex 2.747920e+00 6.345494e-02 -4.701238e+00
         vertex 2.458672e+00 6.747179e-02 -4.711339e+00
      endloop
   endfacet
   facet normal -3.380704e-02 7.236658e-02 9.968050e-01
      outer loop
         vertex 2.458672e+00 6.747179e-02 -4.711339e+00
         vertex 2.747920e+00 6.345494e-02 -4.701238e+00
         vertex 2.767372e+00 1.415268e-01 -4.706246e+00
      endloop
   endfacet
   facet normal -2.960085e-02 5.474653e-02 9.980614e-01
      outer loop
         vertex 2.458672e+00 6.747179e-02 -4.711339e+00
         vertex 2.767372e+00 1.415268e-01 -4.706246e+00
         vertex 2.490893e+00 2.491695e-01 -4.720350e+00
      endloop
   endfacet
   facet normal -3.869005e-02 3.149189e-02 9.987549e-01
      outer loop
         vertex 2.490893e+00 2.491695e-01 -4.720350e+00
         vertex 2.767372e+00 1.415268e-01 -4.706246e+00
         vertex 2.786340e+00 2.466911e-01 -4.708827e+00
      endloop
   endfacet
   facet normal -3.908580e-02 -1.389815e-02 9.991392e-01
      outer loop
         vertex 2.490893e+00 2.491695e-01 -4.720350e+00
         vertex 2.786340e+00 2.466911e-01 -4.708827e+00
         vertex 2.510559e+00 4.164822e-01 -4.717254e+00
      endloop
   endfacet
   facet normal -4.380878e-02 -2.158591e-02 9.988067e-01
      outer loop
         vertex 2.510559e+00 4.164822e-01 -4.717254e+00
         vertex 2.786340e+00 2.466911e-01 -4.708827e+00
         vertex 2.798789e+00 3.798803e-01 -4.705403e+00
      endloop
   endfacet
   facet normal -4.906414e-02 -6.363104e-02 9.967667e-01
      outer loop
         vertex 2.510559e+00 4.164822e-01 -4.717254e+00
         vertex 2.798789e+00 3.798803e-01 -4.705403e+00
         vertex 2.800399e+00 4.411165e-01 -4.701414e+00
      endloop
   endfacet
   facet normal -3.184653e-02 -1.943908e-01 9.804071e-01
      outer loop
         vertex 2.228381e+00 1.057541e+00 -4.625899e+00
         vertex 2.242970e+00 8.266155e-01 -4.671212e+00
         vertex 2.469950e+00 9.900297e-01 -4.631438e+00
      endloop
   endfacet
   facet normal -6.610856e-02 -6.644220e-02 9.955979e-01
      outer loop
         vertex 2.051978e+00 1.965874e+00 -4.490310e+00
         vertex 2.022669e+00 1.982022e+00 -4.491178e+00
         vertex 2.101913e+00 1.857619e+00 -4.494219e+00
      endloop
   endfacet
   facet normal -4.325789e-02 -5.193817e-02 9.977130e-01
      outer loop
         vertex 2.101913e+00 1.857619e+00 -4.494219e+00
         vertex 2.022669e+00 1.982022e+00 -4.491178e+00
         vertex 2.045986e+00 1.878634e+00 -4.495549e+00
      endloop
   endfacet
   facet normal -6.840064e-02 -1.193078e-01 9.904984e-01
      outer loop
         vertex 2.101913e+00 1.857619e+00 -4.494219e+00
         vertex 2.045986e+00 1.878634e+00 -4.495549e+00
         vertex 2.187935e+00 1.688284e+00 -4.508675e+00
      endloop
   endfacet
   facet normal -3.204386e-02 -9.251958e-02 9.951951e-01
      outer loop
         vertex 2.187935e+00 1.688284e+00 -4.508675e+00
         vertex 2.045986e+00 1.878634e+00 -4.495549e+00
         vertex 2.095588e+00 1.679981e+00 -4.512420e+00
      endloop
   endfacet
   facet normal -2.605970e-02 -1.555965e-01 9.874769e-01
      outer loop
         vertex 2.187935e+00 1.688284e+00 -4.508675e+00
         vertex 2.095588e+00 1.679981e+00 -4.512420e+00
         vertex 2.248812e+00 1.574848e+00 -4.524942e+00
      endloop
   endfacet
   facet normal -3.210191e-02 -1.642151e-01 9.859021e-01
      outer loop
         vertex 2.248812e+00 1.574848e+00 -4.524942e+00
         vertex 2.095588e+00 1.679981e+00 -4.512420e+00
         vertex 2.149669e+00 1.483548e+00 -4.543378e+00
      endloop
   endfacet
   facet normal -3.073020e-02 -1.904625e-01 9.812134e-01
      outer loop
         vertex 2.469950e+00 9.900297e-01 -4.631438e+00
         vertex 2.454715e+00 1.053774e+00 -4.619542e+00
         vertex 2.228381e+00 1.057541e+00 -4.625899e+00
      endloop
   endfacet
   facet normal -3.078692e-02 -1.955694e-01 9.802065e-01
      outer loop
         vertex 2.228381e+00 1.057541e+00 -4.625899e+00
         vertex 2.454715e+00 1.053774e+00 -4.619542e+00
         vertex 2.386707e+00 1.270659e+00 -4.578405e+00
      endloop
   endfacet
   facet normal -2.304838e-02 -2.011155e-01 9.792963e-01
      outer loop
         vertex 2.228381e+00 1.057541e+00 -4.625899e+00
         vertex 2.386707e+00 1.270659e+00 -4.578405e+00
         vertex 2.196333e+00 1.275706e+00 -4.581849e+00
      endloop
   endfacet
   facet normal -2.274511e-02 -1.878808e-01 9.819284e-01
      outer loop
         vertex 2.196333e+00 1.275706e+00 -4.581849e+00
         vertex 2.386707e+00 1.270659e+00 -4.578405e+00
         vertex 2.382163e+00 1.282786e+00 -4.576190e+00
      endloop
   endfacet
   facet normal -2.278798e-02 -1.869038e-01 9.821139e-01
      outer loop
         vertex 2.196333e+00 1.275706e+00 -4.581849e+00
         vertex 2.382163e+00 1.282786e+00 -4.576190e+00
         vertex 2.149669e+00 1.483548e+00 -4.543378e+00
      endloop
   endfacet
   facet normal -1.694508e-02 -1.803567e-01 9.834553e-01
      outer loop
         vertex 2.149669e+00 1.483548e+00 -4.543378e+00
         vertex 2.382163e+00 1.282786e+00 -4.576190e+00
         vertex 2.289730e+00 1.496537e+00 -4.538583e+00
      endloop
   endfacet
   facet normal -1.696394e-02 -1.801661e-01 9.834899e-01
      outer loop
         vertex 2.149669e+00 1.483548e+00 -4.543378e+00
         vertex 2.289730e+00 1.496537e+00 -4.538583e+00
         vertex 2.248812e+00 1.574848e+00 -4.524942e+00
      endloop
   endfacet
   facet normal -4.123322e-02 -4.351399e-02 9.982016e-01
      outer loop
         vertex 2.010078e+00 -1.399830e+00 -4.485794e+00
         vertex 2.024517e+00 -1.399764e+00 -4.485195e+00
         vertex 2.010148e+00 -1.384535e+00 -4.485125e+00
      endloop
   endfacet
   facet normal -3.897935e-02 -4.138820e-02 9.983825e-01
      outer loop
         vertex 2.010148e+00 -1.384535e+00 -4.485125e+00
         vertex 2.024517e+00 -1.399764e+00 -4.485195e+00
         vertex 2.024819e+00 -1.384827e+00 -4.484564e+00
      endloop
   endfacet
   facet normal -3.756702e-02 3.032918e-02 9.988337e-01
      outer loop
         vertex 2.010148e+00 -1.384535e+00 -4.485125e+00
         vertex 2.024819e+00 -1.384827e+00 -4.484564e+00
         vertex 2.009781e+00 -1.368871e+00 -4.485614e+00
      endloop
   endfacet
   facet normal -4.530256e-02 2.303071e-02 9.987078e-01
      outer loop
         vertex 2.009781e+00 -1.368871e+00 -4.485614e+00
         vertex 2.024819e+00 -1.384827e+00 -4.484564e+00
         vertex 2.024032e+00 -1.368807e+00 -4.484969e+00
      endloop
   endfacet
   facet normal -4.542703e-02 8.063852e-02 9.957077e-01
      outer loop
         vertex 2.009781e+00 -1.368871e+00 -4.485614e+00
         vertex 2.024032e+00 -1.368807e+00 -4.484969e+00
         vertex 2.009422e+00 -1.337875e+00 -4.488141e+00
      endloop
   endfacet
   facet normal -6.796609e-02 6.994417e-02 9.952328e-01
      outer loop
         vertex 2.009422e+00 -1.337875e+00 -4.488141e+00
         vertex 2.024032e+00 -1.368807e+00 -4.484969e+00
         vertex 2.023440e+00 -1.336638e+00 -4.487270e+00
      endloop
   endfacet
   facet normal -6.935213e-02 8.663741e-02 9.938230e-01
      outer loop
         vertex 2.009422e+00 -1.337875e+00 -4.488141e+00
         vertex 2.023440e+00 -1.336638e+00 -4.487270e+00
         vertex 2.014162e+00 -1.280873e+00 -4.492779e+00
      endloop
   endfacet
   facet normal -6.561738e-02 8.727829e-02 9.940206e-01
      outer loop
         vertex 2.023440e+00 -1.336638e+00 -4.487270e+00
         vertex 2.026399e+00 -1.311947e+00 -4.489243e+00
         vertex 2.014162e+00 -1.280873e+00 -4.492779e+00
      endloop
   endfacet
   facet normal -7.372642e-02 8.405190e-02 9.937302e-01
      outer loop
         vertex 2.014162e+00 -1.280873e+00 -4.492779e+00
         vertex 2.026399e+00 -1.311947e+00 -4.489243e+00
         vertex 2.036000e+00 -1.279092e+00 -4.491310e+00
      endloop
   endfacet
   facet normal -7.236312e-02 6.613047e-02 9.951836e-01
      outer loop
         vertex 2.014162e+00 -1.280873e+00 -4.492779e+00
         vertex 2.036000e+00 -1.279092e+00 -4.491310e+00
         vertex 2.030141e+00 -1.175841e+00 -4.498597e+00
      endloop
   endfacet
   facet normal -4.890179e-02 6.755577e-02 9.965163e-01
      outer loop
         vertex 2.030141e+00 -1.175841e+00 -4.498597e+00
         vertex 2.036000e+00 -1.279092e+00 -4.491310e+00
         vertex 2.087925e+00 -1.140016e+00 -4.498190e+00
      endloop
   endfacet
   facet normal -6.890690e-02 9.986760e-02 9.926119e-01
      outer loop
         vertex 2.030141e+00 -1.175841e+00 -4.498597e+00
         vertex 2.087925e+00 -1.140016e+00 -4.498190e+00
         vertex 2.058957e+00 -9.706956e-01 -4.517236e+00
      endloop
   endfacet
   facet normal -4.422006e-02 1.041993e-01 9.935729e-01
      outer loop
         vertex 2.058957e+00 -9.706956e-01 -4.517236e+00
         vertex 2.087925e+00 -1.140016e+00 -4.498190e+00
         vertex 2.151607e+00 -9.670805e-01 -4.513492e+00
      endloop
   endfacet
   facet normal -4.596917e-02 1.561912e-01 9.866565e-01
      outer loop
         vertex 2.058957e+00 -9.706956e-01 -4.517236e+00
         vertex 2.151607e+00 -9.670805e-01 -4.513492e+00
         vertex 2.082369e+00 -7.671874e-01 -4.548362e+00
      endloop
   endfacet
   facet normal -4.205096e-02 1.575414e-01 9.866167e-01
      outer loop
         vertex 2.082369e+00 -7.671874e-01 -4.548362e+00
         vertex 2.151607e+00 -9.670805e-01 -4.513492e+00
         vertex 2.223829e+00 -7.560164e-01 -4.544116e+00
      endloop
   endfacet
   facet normal -4.615983e-02 2.136785e-01 9.758129e-01
      outer loop
         vertex 2.082369e+00 -7.671874e-01 -4.548362e+00
         vertex 2.223829e+00 -7.560164e-01 -4.544116e+00
         vertex 2.104856e+00 -5.650091e-01 -4.591570e+00
      endloop
   endfacet
   facet normal -3.905889e-02 2.179440e-01 9.751794e-01
      outer loop
         vertex 2.104856e+00 -5.650091e-01 -4.591570e+00
         vertex 2.223829e+00 -7.560164e-01 -4.544116e+00
         vertex 2.290838e+00 -5.568250e-01 -4.585950e+00
      endloop
   endfacet
   facet normal -4.070185e-02 2.629997e-01 9.639370e-01
      outer loop
         vertex 2.104856e+00 -5.650091e-01 -4.591570e+00
         vertex 2.290838e+00 -5.568250e-01 -4.585950e+00
         vertex 2.126922e+00 -3.578999e-01 -4.647146e+00
      endloop
   endfacet
   facet normal -3.148829e-02 2.700940e-01 9.623189e-01
      outer loop
         vertex 2.126922e+00 -3.578999e-01 -4.647146e+00
         vertex 2.290838e+00 -5.568250e-01 -4.585950e+00
         vertex 2.350088e+00 -3.657251e-01 -4.637647e+00
      endloop
   endfacet
   facet normal -3.448188e-02 2.041561e-01 9.783309e-01
      outer loop
         vertex 2.126922e+00 -3.578999e-01 -4.647146e+00
         vertex 2.350088e+00 -3.657251e-01 -4.637647e+00
         vertex 2.151261e+00 -1.375919e-01 -4.692261e+00
      endloop
   endfacet
   facet normal -6.866128e-02 -7.110193e-02 9.951031e-01
      outer loop
         vertex 2.051978e+00 1.965874e+00 -4.490310e+00
         vertex 2.043822e+00 1.983473e+00 -4.489615e+00
         vertex 2.022669e+00 1.982022e+00 -4.491178e+00
      endloop
   endfacet
   facet normal -6.835294e-02 -7.528808e-02 9.948164e-01
      outer loop
         vertex 2.022669e+00 1.982022e+00 -4.491178e+00
         vertex 2.043822e+00 1.983473e+00 -4.489615e+00
         vertex 2.034898e+00 2.006417e+00 -4.488492e+00
      endloop
   endfacet
   facet normal -6.287870e-02 -7.804861e-02 9.949647e-01
      outer loop
         vertex 2.022669e+00 1.982022e+00 -4.491178e+00
         vertex 2.034898e+00 2.006417e+00 -4.488492e+00
         vertex 2.013843e+00 2.038600e+00 -4.487298e+00
      endloop
   endfacet
   facet normal -6.299674e-02 -7.812533e-02 9.949512e-01
      outer loop
         vertex 2.013843e+00 2.038600e+00 -4.487298e+00
         vertex 2.034898e+00 2.006417e+00 -4.488492e+00
         vertex 2.028976e+00 2.030448e+00 -4.486980e+00
      endloop
   endfacet
   facet normal -5.934003e-02 -7.130870e-02 9.956876e-01
      outer loop
         vertex 2.013843e+00 2.038600e+00 -4.487298e+00
         vertex 2.028976e+00 2.030448e+00 -4.486980e+00
         vertex 2.011987e+00 2.069579e+00 -4.485190e+00
      endloop
   endfacet
   facet normal -4.676454e-02 -6.589671e-02 9.967300e-01
      outer loop
         vertex 2.011987e+00 2.069579e+00 -4.485190e+00
         vertex 2.028976e+00 2.030448e+00 -4.486980e+00
         vertex 2.026268e+00 2.067516e+00 -4.484656e+00
      endloop
   endfacet
   facet normal -4.014945e-02 -1.951370e-02 9.990031e-01
      outer loop
         vertex 2.011987e+00 2.069579e+00 -4.485190e+00
         vertex 2.026268e+00 2.067516e+00 -4.484656e+00
         vertex 2.011237e+00 2.085235e+00 -4.484914e+00
      endloop
   endfacet
   facet normal -2.115775e-02 -3.391779e-03 9.997704e-01
      outer loop
         vertex 2.011237e+00 2.085235e+00 -4.484914e+00
         vertex 2.026268e+00 2.067516e+00 -4.484656e+00
         vertex 2.025439e+00 2.093550e+00 -4.484585e+00
      endloop
   endfacet
   facet normal -5.429340e-02 5.330459e-02 9.971012e-01
      outer loop
         vertex 2.011237e+00 2.085235e+00 -4.484914e+00
         vertex 2.025439e+00 2.093550e+00 -4.484585e+00
         vertex 2.010070e+00 2.100474e+00 -4.485792e+00
      endloop
   endfacet
   facet normal -4.626170e-02 7.101202e-02 9.964021e-01
      outer loop
         vertex 2.010070e+00 2.100474e+00 -4.485792e+00
         vertex 2.025439e+00 2.093550e+00 -4.484585e+00
         vertex 2.024476e+00 2.101449e+00 -4.485193e+00
      endloop
   endfacet
   facet normal -2.051690e-02 2.158212e-01 9.762173e-01
      outer loop
         vertex 2.350088e+00 -3.657251e-01 -4.637647e+00
         vertex 2.410701e+00 -1.444030e-01 -4.685303e+00
         vertex 2.151261e+00 -1.375919e-01 -4.692261e+00
      endloop
   endfacet
   facet normal -2.268904e-02 1.461452e-01 9.890029e-01
      outer loop
         vertex 2.151261e+00 -1.375919e-01 -4.692261e+00
         vertex 2.410701e+00 -1.444030e-01 -4.685303e+00
         vertex 2.435720e+00 -3.901061e-02 -4.700303e+00
      endloop
   endfacet
   facet normal -1.237819e-02 1.167261e-01 9.930870e-01
      outer loop
         vertex 2.151261e+00 -1.375919e-01 -4.692261e+00
         vertex 2.435720e+00 -3.901061e-02 -4.700303e+00
         vertex 2.178445e+00 9.018885e-02 -4.718695e+00
      endloop
   endfacet
   facet normal -1.743850e-02 1.067976e-01 9.941278e-01
      outer loop
         vertex 2.178445e+00 9.018885e-02 -4.718695e+00
         vertex 2.435720e+00 -3.901061e-02 -4.700303e+00
         vertex 2.458672e+00 6.747179e-02 -4.711339e+00
      endloop
   endfacet
   facet normal -2.267103e-02 4.375978e-02 9.987848e-01
      outer loop
         vertex 2.178445e+00 9.018885e-02 -4.718695e+00
         vertex 2.458672e+00 6.747179e-02 -4.711339e+00
         vertex 2.210234e+00 3.244651e-01 -4.728238e+00
      endloop
   endfacet
   facet normal -1.410703e-02 5.202299e-02 9.985462e-01
      outer loop
         vertex 2.210234e+00 3.244651e-01 -4.728238e+00
         vertex 2.458672e+00 6.747179e-02 -4.711339e+00
         vertex 2.490893e+00 2.491695e-01 -4.720350e+00
      endloop
   endfacet
   facet normal -3.435098e-02 -2.337311e-02 9.991365e-01
      outer loop
         vertex 2.210234e+00 3.244651e-01 -4.728238e+00
         vertex 2.490893e+00 2.491695e-01 -4.720350e+00
         vertex 2.226013e+00 4.523800e-01 -4.724703e+00
      endloop
   endfacet
   facet normal -2.808478e-02 -1.519768e-02 9.994900e-01
      outer loop
         vertex 2.226013e+00 4.523800e-01 -4.724703e+00
         vertex 2.490893e+00 2.491695e-01 -4.720350e+00
         vertex 2.510559e+00 4.164822e-01 -4.717254e+00
      endloop
   endfacet
   facet normal -3.686525e-02 -8.559402e-02 9.956478e-01
      outer loop
         vertex 2.226013e+00 4.523800e-01 -4.724703e+00
         vertex 2.510559e+00 4.164822e-01 -4.717254e+00
         vertex 2.236638e+00 5.806258e-01 -4.713285e+00
      endloop
   endfacet
   facet normal -2.758237e-02 -7.013933e-02 9.971558e-01
      outer loop
         vertex 2.236638e+00 5.806258e-01 -4.713285e+00
         vertex 2.510559e+00 4.164822e-01 -4.717254e+00
         vertex 2.514575e+00 4.891880e-01 -4.712028e+00
      endloop
   endfacet
   facet normal -5.223859e-02 -1.452107e-01 9.880207e-01
      outer loop
         vertex 2.236638e+00 5.806258e-01 -4.713285e+00
         vertex 2.514575e+00 4.891880e-01 -4.712028e+00
         vertex 2.242342e+00 7.061139e-01 -4.694540e+00
      endloop
   endfacet
   facet normal -3.952308e-02 -1.294768e-01 9.907945e-01
      outer loop
         vertex 2.242342e+00 7.061139e-01 -4.694540e+00
         vertex 2.514575e+00 4.891880e-01 -4.712028e+00
         vertex 2.512323e+00 6.875643e-01 -4.686194e+00
      endloop
   endfacet
   facet normal -4.335244e-02 -1.896672e-01 9.808909e-01
      outer loop
         vertex 2.242342e+00 7.061139e-01 -4.694540e+00
         vertex 2.512323e+00 6.875643e-01 -4.686194e+00
         vertex 2.242970e+00 8.266155e-01 -4.671212e+00
      endloop
   endfacet
   facet normal -3.911277e-02 -1.816375e-01 9.825874e-01
      outer loop
         vertex 2.242970e+00 8.266155e-01 -4.671212e+00
         vertex 2.512323e+00 6.875643e-01 -4.686194e+00
         vertex 2.501403e+00 8.082884e-01 -4.664313e+00
      endloop
   endfacet
   facet normal -3.929758e-02 -1.844430e-01 9.820573e-01
      outer loop
         vertex 2.242970e+00 8.266155e-01 -4.671212e+00
         vertex 2.501403e+00 8.082884e-01 -4.664313e+00
         vertex 2.469950e+00 9.900297e-01 -4.631438e+00
      endloop
   endfacet
   facet normal -2.397495e-02 5.568823e-02 9.981603e-01
      outer loop
         vertex 2.010070e+00 2.100474e+00 -4.485792e+00
         vertex 2.000013e+00 2.099800e+00 -4.485996e+00
         vertex 2.011237e+00 2.085235e+00 -4.484914e+00
      endloop
   endfacet
   facet normal -2.250988e-02 5.681505e-02 9.981309e-01
      outer loop
         vertex 2.011237e+00 2.085235e+00 -4.484914e+00
         vertex 2.000013e+00 2.099800e+00 -4.485996e+00
         vertex 2.001026e+00 2.084551e+00 -4.485106e+00
      endloop
   endfacet
   facet normal -1.750256e-02 -1.844104e-02 9.996767e-01
      outer loop
         vertex 2.011237e+00 2.085235e+00 -4.484914e+00
         vertex 2.001026e+00 2.084551e+00 -4.485106e+00
         vertex 2.011987e+00 2.069579e+00 -4.485190e+00
      endloop
   endfacet
   facet normal -2.069280e-02 -2.077598e-02 9.995700e-01
      outer loop
         vertex 2.011987e+00 2.069579e+00 -4.485190e+00
         vertex 2.001026e+00 2.084551e+00 -4.485106e+00
         vertex 2.002061e+00 2.068913e+00 -4.485409e+00
      endloop
   endfacet
   facet normal -1.741669e-02 -6.891907e-02 9.974702e-01
      outer loop
         vertex 2.011987e+00 2.069579e+00 -4.485190e+00
         vertex 2.002061e+00 2.068913e+00 -4.485409e+00
         vertex 2.013843e+00 2.038600e+00 -4.487298e+00
      endloop
   endfacet
   facet normal -2.892796e-02 -7.335666e-02 9.968861e-01
      outer loop
         vertex 2.013843e+00 2.038600e+00 -4.487298e+00
         vertex 2.002061e+00 2.068913e+00 -4.485409e+00
         vertex 2.004115e+00 2.037943e+00 -4.487629e+00
      endloop
   endfacet
   facet normal -2.896052e-02 -7.289116e-02 9.969193e-01
      outer loop
         vertex 2.013843e+00 2.038600e+00 -4.487298e+00
         vertex 2.004115e+00 2.037943e+00 -4.487629e+00
         vertex 2.022669e+00 1.982022e+00 -4.491178e+00
      endloop
   endfacet
   facet normal -3.103827e-02 -7.357340e-02 9.968067e-01
      outer loop
         vertex 2.022669e+00 1.982022e+00 -4.491178e+00
         vertex 2.004115e+00 2.037943e+00 -4.487629e+00
         vertex 2.007902e+00 1.981028e+00 -4.491712e+00
      endloop
   endfacet
   facet normal -3.270476e-02 -4.958019e-02 9.982345e-01
      outer loop
         vertex 2.022669e+00 1.982022e+00 -4.491178e+00
         vertex 2.007902e+00 1.981028e+00 -4.491712e+00
         vertex 2.045986e+00 1.878634e+00 -4.495549e+00
      endloop
   endfacet
   facet normal -2.298201e-02 -4.598055e-02 9.986779e-01
      outer loop
         vertex 2.045986e+00 1.878634e+00 -4.495549e+00
         vertex 2.007902e+00 1.981028e+00 -4.491712e+00
         vertex 2.014776e+00 1.876432e+00 -4.496369e+00
      endloop
   endfacet
   facet normal -1.983506e-02 -8.952145e-02 9.957874e-01
      outer loop
         vertex 2.045986e+00 1.878634e+00 -4.495549e+00
         vertex 2.014776e+00 1.876432e+00 -4.496369e+00
         vertex 2.095588e+00 1.679981e+00 -4.512420e+00
      endloop
   endfacet
   facet normal -1.187557e-02 -8.628099e-02 9.962001e-01
      outer loop
         vertex 2.095588e+00 1.679981e+00 -4.512420e+00
         vertex 2.014776e+00 1.876432e+00 -4.496369e+00
         vertex 2.031133e+00 1.674105e+00 -4.513698e+00
      endloop
   endfacet
   facet normal -5.249449e-03 -1.570852e-01 9.875711e-01
      outer loop
         vertex 2.095588e+00 1.679981e+00 -4.512420e+00
         vertex 2.031133e+00 1.674105e+00 -4.513698e+00
         vertex 2.149669e+00 1.483548e+00 -4.543378e+00
      endloop
   endfacet
   facet normal -1.804243e-03 -1.549954e-01 9.879135e-01
      outer loop
         vertex 2.149669e+00 1.483548e+00 -4.543378e+00
         vertex 2.031133e+00 1.674105e+00 -4.513698e+00
         vertex 2.051922e+00 1.474259e+00 -4.545014e+00
      endloop
   endfacet
   facet normal 8.223641e-04 -1.818281e-01 9.833300e-01
      outer loop
         vertex 2.149669e+00 1.483548e+00 -4.543378e+00
         vertex 2.051922e+00 1.474259e+00 -4.545014e+00
         vertex 2.196333e+00 1.275706e+00 -4.581849e+00
      endloop
   endfacet
   facet normal -7.011121e-03 -1.873293e-01 9.822722e-01
      outer loop
         vertex 2.196333e+00 1.275706e+00 -4.581849e+00
         vertex 2.051922e+00 1.474259e+00 -4.545014e+00
         vertex 2.066628e+00 1.270440e+00 -4.583779e+00
      endloop
   endfacet
   facet normal -6.510491e-03 -1.988307e-01 9.800122e-01
      outer loop
         vertex 2.196333e+00 1.275706e+00 -4.581849e+00
         vertex 2.066628e+00 1.270440e+00 -4.583779e+00
         vertex 2.228381e+00 1.057541e+00 -4.625899e+00
      endloop
   endfacet
   facet normal -1.631906e-02 -2.059684e-01 9.784226e-01
      outer loop
         vertex 2.228381e+00 1.057541e+00 -4.625899e+00
         vertex 2.066628e+00 1.270440e+00 -4.583779e+00
         vertex 2.070384e+00 1.059760e+00 -4.628067e+00
      endloop
   endfacet
   facet normal -1.617899e-02 -1.935104e-01 9.809648e-01
      outer loop
         vertex 2.228381e+00 1.057541e+00 -4.625899e+00
         vertex 2.070384e+00 1.059760e+00 -4.628067e+00
         vertex 2.242970e+00 8.266155e-01 -4.671212e+00
      endloop
   endfacet
   facet normal -2.651184e-02 -2.008446e-01 9.792643e-01
      outer loop
         vertex 2.242970e+00 8.266155e-01 -4.671212e+00
         vertex 2.070384e+00 1.059760e+00 -4.628067e+00
         vertex 2.062542e+00 8.389598e-01 -4.673565e+00
      endloop
   endfacet
   facet normal -2.578983e-02 -1.898710e-01 9.814703e-01
      outer loop
         vertex 2.242970e+00 8.266155e-01 -4.671212e+00
         vertex 2.062542e+00 8.389598e-01 -4.673565e+00
         vertex 2.242342e+00 7.061139e-01 -4.694540e+00
      endloop
   endfacet
   facet normal -1.376303e-02 -1.740928e-01 9.846331e-01
      outer loop
         vertex 2.242342e+00 7.061139e-01 -4.694540e+00
         vertex 2.062542e+00 8.389598e-01 -4.673565e+00
         vertex 2.041648e+00 6.018365e-01 -4.715783e+00
      endloop
   endfacet
   facet normal -2.003547e-02 -4.469145e-02 9.987999e-01
      outer loop
         vertex 1.999999e+00 -1.399880e+00 -4.485999e+00
         vertex 2.010078e+00 -1.399830e+00 -4.485794e+00
         vertex 1.999915e+00 -1.384586e+00 -4.485316e+00
      endloop
   endfacet
   facet normal -1.846548e-02 -4.364716e-02 9.988763e-01
      outer loop
         vertex 1.999915e+00 -1.384586e+00 -4.485316e+00
         vertex 2.010078e+00 -1.399830e+00 -4.485794e+00
         vertex 2.010148e+00 -1.384535e+00 -4.485125e+00
      endloop
   endfacet
   facet normal -1.885376e-02 3.293375e-02 9.992797e-01
      outer loop
         vertex 1.999915e+00 -1.384586e+00 -4.485316e+00
         vertex 2.010148e+00 -1.384535e+00 -4.485125e+00
         vertex 1.999834e+00 -1.368921e+00 -4.485834e+00
      endloop
   endfacet
   facet normal -2.223214e-02 3.070218e-02 9.992813e-01
      outer loop
         vertex 1.999834e+00 -1.368921e+00 -4.485834e+00
         vertex 2.010148e+00 -1.384535e+00 -4.485125e+00
         vertex 2.009781e+00 -1.368871e+00 -4.485614e+00
      endloop
   endfacet
   facet normal -2.243141e-02 8.463567e-02 9.961594e-01
      outer loop
         vertex 1.999834e+00 -1.368921e+00 -4.485834e+00
         vertex 2.009781e+00 -1.368871e+00 -4.485614e+00
         vertex 1.999668e+00 -1.337922e+00 -4.488471e+00
      endloop
   endfacet
   facet normal -3.415030e-02 8.080485e-02 9.961447e-01
      outer loop
         vertex 1.999668e+00 -1.337922e+00 -4.488471e+00
         vertex 2.009781e+00 -1.368871e+00 -4.485614e+00
         vertex 2.009422e+00 -1.337875e+00 -4.488141e+00
      endloop
   endfacet
   facet normal -3.415741e-02 8.440683e-02 9.958458e-01
      outer loop
         vertex 1.999668e+00 -1.337922e+00 -4.488471e+00
         vertex 2.009422e+00 -1.337875e+00 -4.488141e+00
         vertex 1.999346e+00 -1.280937e+00 -4.493312e+00
      endloop
   endfacet
   facet normal -3.619842e-02 8.404191e-02 9.958045e-01
      outer loop
         vertex 1.999346e+00 -1.280937e+00 -4.493312e+00
         vertex 2.009422e+00 -1.337875e+00 -4.488141e+00
         vertex 2.014162e+00 -1.280873e+00 -4.492779e+00
      endloop
   endfacet
   facet normal -3.615320e-02 5.794123e-02 9.976652e-01
      outer loop
         vertex 1.999346e+00 -1.280937e+00 -4.493312e+00
         vertex 2.014162e+00 -1.280873e+00 -4.492779e+00
         vertex 1.998858e+00 -1.176141e+00 -4.499416e+00
      endloop
   endfacet
   facet normal -2.671203e-02 5.933448e-02 9.978807e-01
      outer loop
         vertex 1.998858e+00 -1.176141e+00 -4.499416e+00
         vertex 2.014162e+00 -1.280873e+00 -4.492779e+00
         vertex 2.030141e+00 -1.175841e+00 -4.498597e+00
      endloop
   endfacet
   facet normal -2.696779e-02 9.301792e-02 9.952992e-01
      outer loop
         vertex 1.998858e+00 -1.176141e+00 -4.499416e+00
         vertex 2.030141e+00 -1.175841e+00 -4.498597e+00
         vertex 1.994279e+00 -9.731316e-01 -4.518513e+00
      endloop
   endfacet
   facet normal -2.317827e-02 9.369151e-02 9.953314e-01
      outer loop
         vertex 1.994279e+00 -9.731316e-01 -4.518513e+00
         vertex 2.030141e+00 -1.175841e+00 -4.498597e+00
         vertex 2.058957e+00 -9.706956e-01 -4.517236e+00
      endloop
   endfacet
   facet normal -2.529442e-02 1.538381e-01 9.877723e-01
      outer loop
         vertex 1.994279e+00 -9.731316e-01 -4.518513e+00
         vertex 2.058957e+00 -9.706956e-01 -4.517236e+00
         vertex 1.984330e+00 -7.726233e-01 -4.549996e+00
      endloop
   endfacet
   facet normal -2.499888e-02 1.539479e-01 9.877627e-01
      outer loop
         vertex 1.984330e+00 -7.726233e-01 -4.549996e+00
         vertex 2.058957e+00 -9.706956e-01 -4.517236e+00
         vertex 2.082369e+00 -7.671874e-01 -4.548362e+00
      endloop
   endfacet
   facet normal -2.787362e-02 2.088653e-01 9.775471e-01
      outer loop
         vertex 1.984330e+00 -7.726233e-01 -4.549996e+00
         vertex 2.082369e+00 -7.671874e-01 -4.548362e+00
         vertex 1.975016e+00 -5.703148e-01 -4.593487e+00
      endloop
   endfacet
   facet normal -2.306573e-02 2.113912e-01 9.771293e-01
      outer loop
         vertex 1.975016e+00 -5.703148e-01 -4.593487e+00
         vertex 2.082369e+00 -7.671874e-01 -4.548362e+00
         vertex 2.104856e+00 -5.650091e-01 -4.591570e+00
      endloop
   endfacet
   facet normal -2.473672e-02 2.561931e-01 9.663091e-01
      outer loop
         vertex 1.975016e+00 -5.703148e-01 -4.593487e+00
         vertex 2.104856e+00 -5.650091e-01 -4.591570e+00
         vertex 1.968648e+00 -3.604080e-01 -4.649302e+00
      endloop
   endfacet
   facet normal -1.728192e-02 2.608499e-01 9.652247e-01
      outer loop
         vertex 1.968648e+00 -3.604080e-01 -4.649302e+00
         vertex 2.104856e+00 -5.650091e-01 -4.591570e+00
         vertex 2.126922e+00 -3.578999e-01 -4.647146e+00
      endloop
   endfacet
   facet normal -1.645098e-02 1.951704e-01 9.806314e-01
      outer loop
         vertex 1.968648e+00 -3.604080e-01 -4.649302e+00
         vertex 2.126922e+00 -3.578999e-01 -4.647146e+00
         vertex 1.970170e+00 -1.325043e-01 -4.694635e+00
      endloop
   endfacet
   facet normal -7.180199e-03 2.013768e-01 9.794875e-01
      outer loop
         vertex 1.970170e+00 -1.325043e-01 -4.694635e+00
         vertex 2.126922e+00 -3.578999e-01 -4.647146e+00
         vertex 2.151261e+00 -1.375919e-01 -4.692261e+00
      endloop
   endfacet
   facet normal -9.902602e-03 1.111296e-01 9.937566e-01
      outer loop
         vertex 1.970170e+00 -1.325043e-01 -4.694635e+00
         vertex 2.151261e+00 -1.375919e-01 -4.692261e+00
         vertex 1.982848e+00 1.062161e-01 -4.721204e+00
      endloop
   endfacet
   facet normal -3.261517e-03 1.156608e-01 9.932834e-01
      outer loop
         vertex 1.982848e+00 1.062161e-01 -4.721204e+00
         vertex 2.151261e+00 -1.375919e-01 -4.692261e+00
         vertex 2.178445e+00 9.018885e-02 -4.718695e+00
      endloop
   endfacet
   facet normal -9.524302e-03 4.014746e-02 9.991484e-01
      outer loop
         vertex 1.982848e+00 1.062161e-01 -4.721204e+00
         vertex 2.178445e+00 9.018885e-02 -4.718695e+00
         vertex 2.010462e+00 3.514286e-01 -4.730794e+00
      endloop
   endfacet
   facet normal -7.156919e-03 4.166778e-02 9.991059e-01
      outer loop
         vertex 2.010462e+00 3.514286e-01 -4.730794e+00
         vertex 2.178445e+00 9.018885e-02 -4.718695e+00
         vertex 2.210234e+00 3.244651e-01 -4.728238e+00
      endloop
   endfacet
   facet normal -1.629517e-02 -2.599720e-02 9.995292e-01
      outer loop
         vertex 2.010462e+00 3.514286e-01 -4.730794e+00
         vertex 2.210234e+00 3.244651e-01 -4.728238e+00
         vertex 2.027367e+00 4.772928e-01 -4.727244e+00
      endloop
   endfacet
   facet normal -1.600295e-02 -2.564763e-02 9.995429e-01
      outer loop
         vertex 2.027367e+00 4.772928e-01 -4.727244e+00
         vertex 2.210234e+00 3.244651e-01 -4.728238e+00
         vertex 2.226013e+00 4.523800e-01 -4.724703e+00
      endloop
   endfacet
   facet normal -2.388726e-02 -8.890048e-02 9.957540e-01
      outer loop
         vertex 2.027367e+00 4.772928e-01 -4.727244e+00
         vertex 2.226013e+00 4.523800e-01 -4.724703e+00
         vertex 2.041648e+00 6.018365e-01 -4.715783e+00
      endloop
   endfacet
   facet normal -2.220446e-02 -8.683782e-02 9.959750e-01
      outer loop
         vertex 2.041648e+00 6.018365e-01 -4.715783e+00
         vertex 2.226013e+00 4.523800e-01 -4.724703e+00
         vertex 2.236638e+00 5.806258e-01 -4.713285e+00
      endloop
   endfacet
   facet normal -2.859218e-02 -1.464036e-01 9.888116e-01
      outer loop
         vertex 2.041648e+00 6.018365e-01 -4.715783e+00
         vertex 2.236638e+00 5.806258e-01 -4.713285e+00
         vertex 2.242342e+00 7.061139e-01 -4.694540e+00
      endloop
   endfacet
   facet normal 1.634131e-02 5.939380e-02 9.981009e-01
      outer loop
         vertex 2.000013e+00 2.099800e+00 -4.485996e+00
         vertex 1.989956e+00 2.099139e+00 -4.485792e+00
         vertex 2.001026e+00 2.084551e+00 -4.485106e+00
      endloop
   endfacet
   facet normal 1.487846e-02 5.828785e-02 9.981889e-01
      outer loop
         vertex 2.001026e+00 2.084551e+00 -4.485106e+00
         vertex 1.989956e+00 2.099139e+00 -4.485792e+00
         vertex 1.990814e+00 2.083880e+00 -4.484914e+00
      endloop
   endfacet
   facet normal 1.992243e-02 -1.808937e-02 9.996379e-01
      outer loop
         vertex 2.001026e+00 2.084551e+00 -4.485106e+00
         vertex 1.990814e+00 2.083880e+00 -4.484914e+00
         vertex 2.002061e+00 2.068913e+00 -4.485409e+00
      endloop
   endfacet
   facet normal 2.311449e-02 -1.568978e-02 9.996097e-01
      outer loop
         vertex 2.002061e+00 2.068913e+00 -4.485409e+00
         vertex 1.990814e+00 2.083880e+00 -4.484914e+00
         vertex 1.992134e+00 2.068262e+00 -4.485190e+00
      endloop
   endfacet
   facet normal 2.660575e-02 -6.969773e-02 9.972133e-01
      outer loop
         vertex 2.002061e+00 2.068913e+00 -4.485409e+00
         vertex 1.992134e+00 2.068262e+00 -4.485190e+00
         vertex 2.004115e+00 2.037943e+00 -4.487629e+00
      endloop
   endfacet
   facet normal 3.813479e-02 -6.513654e-02 9.971474e-01
      outer loop
         vertex 2.004115e+00 2.037943e+00 -4.487629e+00
         vertex 1.992134e+00 2.068262e+00 -4.485190e+00
         vertex 1.994385e+00 2.037308e+00 -4.487298e+00
      endloop
   endfacet
   facet normal 3.837524e-02 -6.895984e-02 9.968811e-01
      outer loop
         vertex 2.004115e+00 2.037943e+00 -4.487629e+00
         vertex 1.994385e+00 2.037308e+00 -4.487298e+00
         vertex 2.007902e+00 1.981028e+00 -4.491712e+00
      endloop
   endfacet
   facet normal 4.042260e-02 -6.846446e-02 9.968343e-01
      outer loop
         vertex 2.007902e+00 1.981028e+00 -4.491712e+00
         vertex 1.994385e+00 2.037308e+00 -4.487298e+00
         vertex 1.993132e+00 1.980071e+00 -4.491178e+00
      endloop
   endfacet
   facet normal 3.875706e-02 -4.190902e-02 9.983694e-01
      outer loop
         vertex 2.007902e+00 1.981028e+00 -4.491712e+00
         vertex 1.993132e+00 1.980071e+00 -4.491178e+00
         vertex 2.014776e+00 1.876432e+00 -4.496369e+00
      endloop
   endfacet
   facet normal 2.927156e-02 -4.390189e-02 9.986069e-01
      outer loop
         vertex 2.014776e+00 1.876432e+00 -4.496369e+00
         vertex 1.993132e+00 1.980071e+00 -4.491178e+00
         vertex 1.983564e+00 1.874264e+00 -4.495549e+00
      endloop
   endfacet
   facet normal 3.190245e-02 -8.273004e-02 9.960612e-01
      outer loop
         vertex 2.014776e+00 1.876432e+00 -4.496369e+00
         vertex 1.983564e+00 1.874264e+00 -4.495549e+00
         vertex 2.031133e+00 1.674105e+00 -4.513698e+00
      endloop
   endfacet
   facet normal 2.758291e-02 -8.376048e-02 9.961041e-01
      outer loop
         vertex 2.031133e+00 1.674105e+00 -4.513698e+00
         vertex 1.983564e+00 1.874264e+00 -4.495549e+00
         vertex 1.966692e+00 1.668074e+00 -4.512420e+00
      endloop
   endfacet
   facet normal 3.374097e-02 -1.512976e-01 9.879122e-01
      outer loop
         vertex 2.031133e+00 1.674105e+00 -4.513698e+00
         vertex 1.966692e+00 1.668074e+00 -4.512420e+00
         vertex 2.051922e+00 1.474259e+00 -4.545014e+00
      endloop
   endfacet
   facet normal 3.166841e-02 -1.521973e-01 9.878427e-01
      outer loop
         vertex 2.051922e+00 1.474259e+00 -4.545014e+00
         vertex 1.966692e+00 1.668074e+00 -4.512420e+00
         vertex 1.954216e+00 1.464546e+00 -4.543378e+00
      endloop
   endfacet
   facet normal 3.476713e-02 -1.843113e-01 9.822528e-01
      outer loop
         vertex 2.051922e+00 1.474259e+00 -4.545014e+00
         vertex 1.954216e+00 1.464546e+00 -4.543378e+00
         vertex 2.066628e+00 1.270440e+00 -4.583779e+00
      endloop
   endfacet
   facet normal 2.326719e-02 -1.907845e-01 9.813562e-01
      outer loop
         vertex 2.066628e+00 1.270440e+00 -4.583779e+00
         vertex 1.954216e+00 1.464546e+00 -4.543378e+00
         vertex 1.936950e+00 1.264553e+00 -4.581849e+00
      endloop
   endfacet
   facet normal 2.388013e-02 -2.052507e-01 9.784181e-01
      outer loop
         vertex 2.066628e+00 1.270440e+00 -4.583779e+00
         vertex 1.936950e+00 1.264553e+00 -4.581849e+00
         vertex 2.070384e+00 1.059760e+00 -4.628067e+00
      endloop
   endfacet
   facet normal 1.147271e-02 -2.130108e-01 9.769825e-01
      outer loop
         vertex 2.070384e+00 1.059760e+00 -4.628067e+00
         vertex 1.936950e+00 1.264553e+00 -4.581849e+00
         vertex 1.912378e+00 1.061194e+00 -4.625899e+00
      endloop
   endfacet
   facet normal 1.160229e-02 -2.022005e-01 9.792754e-01
      outer loop
         vertex 2.070384e+00 1.059760e+00 -4.628067e+00
         vertex 1.912378e+00 1.061194e+00 -4.625899e+00
         vertex 2.062542e+00 8.389598e-01 -4.673565e+00
      endloop
   endfacet
   facet normal -6.263449e-04 -2.101202e-01 9.776753e-01
      outer loop
         vertex 2.062542e+00 8.389598e-01 -4.673565e+00
         vertex 1.912378e+00 1.061194e+00 -4.625899e+00
         vertex 1.882058e+00 8.504461e-01 -4.671212e+00
      endloop
   endfacet
   facet normal 1.670411e-03 -1.754274e-01 9.844910e-01
      outer loop
         vertex 2.062542e+00 8.389598e-01 -4.673565e+00
         vertex 1.882058e+00 8.504461e-01 -4.671212e+00
         vertex 2.041648e+00 6.018365e-01 -4.715783e+00
      endloop
   endfacet
   facet normal -6.518303e-03 -1.805154e-01 9.835506e-01
      outer loop
         vertex 2.041648e+00 6.018365e-01 -4.715783e+00
         vertex 1.882058e+00 8.504461e-01 -4.671212e+00
         vertex 1.846598e+00 6.224891e-01 -4.713285e+00
      endloop
   endfacet
   facet normal 3.011931e-03 -9.198501e-02 9.957558e-01
      outer loop
         vertex 2.041648e+00 6.018365e-01 -4.715783e+00
         vertex 1.846598e+00 6.224891e-01 -4.713285e+00
         vertex 2.027367e+00 4.772928e-01 -4.727244e+00
      endloop
   endfacet
   facet normal 2.499852e-02 -6.478771e-02 9.975859e-01
      outer loop
         vertex 2.027367e+00 4.772928e-01 -4.727244e+00
         vertex 1.846598e+00 6.224891e-01 -4.713285e+00
         vertex 1.810688e+00 3.783854e-01 -4.728238e+00
      endloop
   endfacet
   facet normal 8.822987e-03 -2.937103e-02 9.995296e-01
      outer loop
         vertex 2.027367e+00 4.772928e-01 -4.727244e+00
         vertex 1.810688e+00 3.783854e-01 -4.728238e+00
         vertex 2.010462e+00 3.514286e-01 -4.730794e+00
      endloop
   endfacet
   facet normal 1.535887e-02 1.904929e-02 9.997006e-01
      outer loop
         vertex 2.010462e+00 3.514286e-01 -4.730794e+00
         vertex 1.810688e+00 3.783854e-01 -4.728238e+00
         vertex 1.795593e+00 2.503569e-01 -4.725567e+00
      endloop
   endfacet
   facet normal 6.257643e-03 3.837399e-02 9.992439e-01
      outer loop
         vertex 2.010462e+00 3.514286e-01 -4.730794e+00
         vertex 1.795593e+00 2.503569e-01 -4.725567e+00
         vertex 1.982848e+00 1.062161e-01 -4.721204e+00
      endloop
   endfacet
   facet normal 2.051062e-02 -4.341376e-02 9.988466e-01
      outer loop
         vertex 1.989920e+00 -1.399939e+00 -4.485794e+00
         vertex 1.999999e+00 -1.399880e+00 -4.485999e+00
         vertex 1.989683e+00 -1.384645e+00 -4.485125e+00
      endloop
   endfacet
   facet normal 1.893667e-02 -4.447865e-02 9.988308e-01
      outer loop
         vertex 1.989683e+00 -1.384645e+00 -4.485125e+00
         vertex 1.999999e+00 -1.399880e+00 -4.485999e+00
         vertex 1.999915e+00 -1.384586e+00 -4.485316e+00
      endloop
   endfacet
   facet normal 1.851367e-02 3.098056e-02 9.993485e-01
      outer loop
         vertex 1.989683e+00 -1.384645e+00 -4.485125e+00
         vertex 1.999915e+00 -1.384586e+00 -4.485316e+00
         vertex 1.989886e+00 -1.368979e+00 -4.485614e+00
      endloop
   endfacet
   facet normal 2.188343e-02 3.314340e-02 9.992110e-01
      outer loop
         vertex 1.989886e+00 -1.368979e+00 -4.485614e+00
         vertex 1.999915e+00 -1.384586e+00 -4.485316e+00
         vertex 1.999834e+00 -1.368921e+00 -4.485834e+00
      endloop
   endfacet
   facet normal 2.154152e-02 8.120461e-02 9.964646e-01
      outer loop
         vertex 1.989886e+00 -1.368979e+00 -4.485614e+00
         vertex 1.999834e+00 -1.368921e+00 -4.485834e+00
         vertex 1.989913e+00 -1.337981e+00 -4.488141e+00
      endloop
   endfacet
   facet normal 3.323324e-02 8.490654e-02 9.958345e-01
      outer loop
         vertex 1.989913e+00 -1.337981e+00 -4.488141e+00
         vertex 1.999834e+00 -1.368921e+00 -4.485834e+00
         vertex 1.999668e+00 -1.337922e+00 -4.488471e+00
      endloop
   endfacet
   facet normal 3.323922e-02 8.424143e-02 9.958908e-01
      outer loop
         vertex 1.989913e+00 -1.337981e+00 -4.488141e+00
         vertex 1.999668e+00 -1.337922e+00 -4.488471e+00
         vertex 1.984531e+00 -1.281022e+00 -4.492779e+00
      endloop
   endfacet
   facet normal 3.534430e-02 8.479241e-02 9.957716e-01
      outer loop
         vertex 1.984531e+00 -1.281022e+00 -4.492779e+00
         vertex 1.999668e+00 -1.337922e+00 -4.488471e+00
         vertex 1.999346e+00 -1.280937e+00 -4.493312e+00
      endloop
   endfacet
   facet normal 3.554259e-02 6.125715e-02 9.974890e-01
      outer loop
         vertex 1.984531e+00 -1.281022e+00 -4.492779e+00
         vertex 1.999346e+00 -1.280937e+00 -4.493312e+00
         vertex 1.967574e+00 -1.176454e+00 -4.498597e+00
      endloop
   endfacet
   facet normal 2.556260e-02 5.824694e-02 9.979749e-01
      outer loop
         vertex 1.967574e+00 -1.176454e+00 -4.498597e+00
         vertex 1.999346e+00 -1.280937e+00 -4.493312e+00
         vertex 1.998858e+00 -1.176141e+00 -4.499416e+00
      endloop
   endfacet
   facet normal 2.509653e-02 9.698364e-02 9.949695e-01
      outer loop
         vertex 1.967574e+00 -1.176454e+00 -4.498597e+00
         vertex 1.998858e+00 -1.176141e+00 -4.499416e+00
         vertex 1.929595e+00 -9.754007e-01 -4.517236e+00
      endloop
   endfacet
   facet normal 1.635194e-02 9.400797e-02 9.954371e-01
      outer loop
         vertex 1.929595e+00 -9.754007e-01 -4.517236e+00
         vertex 1.998858e+00 -1.176141e+00 -4.499416e+00
         vertex 1.994279e+00 -9.731316e-01 -4.518513e+00
      endloop
   endfacet
   facet normal 1.393141e-02 1.584149e-01 9.872743e-01
      outer loop
         vertex 1.929595e+00 -9.754007e-01 -4.517236e+00
         vertex 1.994279e+00 -9.731316e-01 -4.518513e+00
         vertex 1.886267e+00 -7.776113e-01 -4.548362e+00
      endloop
   endfacet
   facet normal 8.548881e-03 1.555210e-01 9.877956e-01
      outer loop
         vertex 1.886267e+00 -7.776113e-01 -4.548362e+00
         vertex 1.994279e+00 -9.731316e-01 -4.518513e+00
         vertex 1.984330e+00 -7.726233e-01 -4.549996e+00
      endloop
   endfacet
   facet normal 5.636448e-03 2.095017e-01 9.777920e-01
      outer loop
         vertex 1.886267e+00 -7.776113e-01 -4.548362e+00
         vertex 1.984330e+00 -7.726233e-01 -4.549996e+00
         vertex 1.845146e+00 -5.748423e-01 -4.591570e+00
      endloop
   endfacet
   facet normal 7.093095e-03 2.104806e-01 9.775723e-01
      outer loop
         vertex 1.845146e+00 -5.748423e-01 -4.591570e+00
         vertex 1.984330e+00 -7.726233e-01 -4.549996e+00
         vertex 1.975016e+00 -5.703148e-01 -4.593487e+00
      endloop
   endfacet
   facet normal 5.443912e-03 2.534510e-01 9.673329e-01
      outer loop
         vertex 1.845146e+00 -5.748423e-01 -4.591570e+00
         vertex 1.975016e+00 -5.703148e-01 -4.593487e+00
         vertex 1.810362e+00 -3.619822e-01 -4.647146e+00
      endloop
   endfacet
   facet normal 1.060321e-02 2.572586e-01 9.662844e-01
      outer loop
         vertex 1.810362e+00 -3.619822e-01 -4.647146e+00
         vertex 1.975016e+00 -5.703148e-01 -4.593487e+00
         vertex 1.968648e+00 -3.604080e-01 -4.649302e+00
      endloop
   endfacet
   facet normal 1.149022e-02 1.893716e-01 9.818383e-01
      outer loop
         vertex 1.810362e+00 -3.619822e-01 -4.647146e+00
         vertex 1.968648e+00 -3.604080e-01 -4.649302e+00
         vertex 1.789097e+00 -1.267803e-01 -4.692261e+00
      endloop
   endfacet
   facet normal 1.901616e-02 1.949337e-01 9.806321e-01
      outer loop
         vertex 1.789097e+00 -1.267803e-01 -4.692261e+00
         vertex 1.968648e+00 -3.604080e-01 -4.649302e+00
         vertex 1.970170e+00 -1.325043e-01 -4.694635e+00
      endloop
   endfacet
   facet normal 1.692707e-02 1.240807e-01 9.921277e-01
      outer loop
         vertex 1.789097e+00 -1.267803e-01 -4.692261e+00
         vertex 1.970170e+00 -1.325043e-01 -4.694635e+00
         vertex 1.785276e+00 -3.418404e-03 -4.707624e+00
      endloop
   endfacet
   facet normal 7.139648e-03 1.102382e-01 9.938796e-01
      outer loop
         vertex 1.785276e+00 -3.418404e-03 -4.707624e+00
         vertex 1.970170e+00 -1.325043e-01 -4.694635e+00
         vertex 1.982848e+00 1.062161e-01 -4.721204e+00
      endloop
   endfacet
   facet normal 2.006627e-02 8.720434e-02 9.959883e-01
      outer loop
         vertex 1.785276e+00 -3.418404e-03 -4.707624e+00
         vertex 1.982848e+00 1.062161e-01 -4.721204e+00
         vertex 1.787278e+00 1.225675e-01 -4.718695e+00
      endloop
   endfacet
   facet normal 1.720225e-02 5.256882e-02 9.984691e-01
      outer loop
         vertex 1.787278e+00 1.225675e-01 -4.718695e+00
         vertex 1.982848e+00 1.062161e-01 -4.721204e+00
         vertex 1.795593e+00 2.503569e-01 -4.725567e+00
      endloop
   endfacet
   facet normal 8.901038e-03 -1.624211e-01 9.866814e-01
      outer loop
         vertex 1.591704e+00 7.542694e-01 -4.689293e+00
         vertex 1.567132e+00 6.516568e-01 -4.705962e+00
         vertex 1.846598e+00 6.224891e-01 -4.713285e+00
      endloop
   endfacet
   facet normal 1.576377e-02 -9.875192e-02 9.949872e-01
      outer loop
         vertex 1.846598e+00 6.224891e-01 -4.713285e+00
         vertex 1.567132e+00 6.516568e-01 -4.705962e+00
         vertex 1.542502e+00 5.284213e-01 -4.717803e+00
      endloop
   endfacet
   facet normal 4.277949e-03 -6.176985e-02 9.980813e-01
      outer loop
         vertex 1.846598e+00 6.224891e-01 -4.713285e+00
         vertex 1.542502e+00 5.284213e-01 -4.717803e+00
         vertex 1.810688e+00 3.783854e-01 -4.728238e+00
      endloop
   endfacet
   facet normal 7.201196e-02 -4.219359e-02 9.965109e-01
      outer loop
         vertex 1.976783e+00 2.077202e+00 -4.484337e+00
         vertex 1.980446e+00 2.036416e+00 -4.486328e+00
         vertex 1.994385e+00 2.037308e+00 -4.487298e+00
      endloop
   endfacet
   facet normal 7.368840e-02 -7.021561e-02 9.948064e-01
      outer loop
         vertex 1.994385e+00 2.037308e+00 -4.487298e+00
         vertex 1.980446e+00 2.036416e+00 -4.486328e+00
         vertex 1.980502e+00 2.029185e+00 -4.486843e+00
      endloop
   endfacet
   facet normal 7.301018e-02 -6.904921e-02 9.949380e-01
      outer loop
         vertex 1.994385e+00 2.037308e+00 -4.487298e+00
         vertex 1.980502e+00 2.029185e+00 -4.486843e+00
         vertex 1.993132e+00 1.980071e+00 -4.491178e+00
      endloop
   endfacet
   facet normal 7.179086e-02 -6.936864e-02 9.950046e-01
      outer loop
         vertex 1.993132e+00 1.980071e+00 -4.491178e+00
         vertex 1.980502e+00 2.029185e+00 -4.486843e+00
         vertex 1.978179e+00 2.004865e+00 -4.488371e+00
      endloop
   endfacet
   facet normal 7.767124e-02 -6.579954e-02 9.948053e-01
      outer loop
         vertex 1.978179e+00 2.004865e+00 -4.488371e+00
         vertex 1.971972e+00 1.978727e+00 -4.489615e+00
         vertex 1.993132e+00 1.980071e+00 -4.491178e+00
      endloop
   endfacet
   facet normal 7.748265e-02 -6.257073e-02 9.950283e-01
      outer loop
         vertex 1.993132e+00 1.980071e+00 -4.491178e+00
         vertex 1.971972e+00 1.978727e+00 -4.489615e+00
         vertex 1.969666e+00 1.971058e+00 -4.489918e+00
      endloop
   endfacet
   facet normal 7.182012e-02 -4.765328e-02 9.962786e-01
      outer loop
         vertex 1.993132e+00 1.980071e+00 -4.491178e+00
         vertex 1.969666e+00 1.971058e+00 -4.489918e+00
         vertex 1.983564e+00 1.874264e+00 -4.495549e+00
      endloop
   endfacet
   facet normal 5.702653e-02 -4.982694e-02 9.971285e-01
      outer loop
         vertex 1.969666e+00 1.971058e+00 -4.489918e+00
         vertex 1.938849e+00 1.871182e+00 -4.493146e+00
         vertex 1.983564e+00 1.874264e+00 -4.495549e+00
      endloop
   endfacet
   facet normal 5.747066e-02 -5.657092e-02 9.967431e-01
      outer loop
         vertex 1.983564e+00 1.874264e+00 -4.495549e+00
         vertex 1.938849e+00 1.871182e+00 -4.493146e+00
         vertex 1.934044e+00 1.855035e+00 -4.493786e+00
      endloop
   endfacet
   facet normal 6.917225e-02 -8.697566e-02 9.938060e-01
      outer loop
         vertex 1.983564e+00 1.874264e+00 -4.495549e+00
         vertex 1.934044e+00 1.855035e+00 -4.493786e+00
         vertex 1.966692e+00 1.668074e+00 -4.512420e+00
      endloop
   endfacet
   facet normal 4.895193e-02 -9.059417e-02 9.946841e-01
      outer loop
         vertex 1.934044e+00 1.855035e+00 -4.493786e+00
         vertex 1.874387e+00 1.659319e+00 -4.508675e+00
         vertex 1.966692e+00 1.668074e+00 -4.512420e+00
      endloop
   endfacet
   facet normal 5.427092e-02 -1.498706e-01 9.872150e-01
      outer loop
         vertex 1.966692e+00 1.668074e+00 -4.512420e+00
         vertex 1.874387e+00 1.659319e+00 -4.508675e+00
         vertex 1.825649e+00 1.489455e+00 -4.531783e+00
      endloop
   endfacet
   facet normal 5.918481e-02 -1.536570e-01 9.863502e-01
      outer loop
         vertex 1.966692e+00 1.668074e+00 -4.512420e+00
         vertex 1.825649e+00 1.489455e+00 -4.531783e+00
         vertex 1.954216e+00 1.464546e+00 -4.543378e+00
      endloop
   endfacet
   facet normal 5.250949e-02 -1.857137e-01 9.811999e-01
      outer loop
         vertex 1.954216e+00 1.464546e+00 -4.543378e+00
         vertex 1.825649e+00 1.489455e+00 -4.531783e+00
         vertex 1.814276e+00 1.450315e+00 -4.538583e+00
      endloop
   endfacet
   facet normal 5.320657e-02 -1.930591e-01 9.797435e-01
      outer loop
         vertex 1.954216e+00 1.464546e+00 -4.543378e+00
         vertex 1.814276e+00 1.450315e+00 -4.538583e+00
         vertex 1.936950e+00 1.264553e+00 -4.581849e+00
      endloop
   endfacet
   facet normal 3.948387e-02 -2.018593e-01 9.786183e-01
      outer loop
         vertex 1.814276e+00 1.450315e+00 -4.538583e+00
         vertex 1.751198e+00 1.255656e+00 -4.576190e+00
         vertex 1.936950e+00 1.264553e+00 -4.581849e+00
      endloop
   endfacet
   facet normal 4.066099e-02 -2.305025e-01 9.722218e-01
      outer loop
         vertex 1.936950e+00 1.264553e+00 -4.581849e+00
         vertex 1.751198e+00 1.255656e+00 -4.576190e+00
         vertex 1.700346e+00 1.105550e+00 -4.609651e+00
      endloop
   endfacet
   facet normal 2.981258e-02 -2.150462e-01 9.761487e-01
      outer loop
         vertex 1.936950e+00 1.264553e+00 -4.581849e+00
         vertex 1.700346e+00 1.105550e+00 -4.609651e+00
         vertex 1.912378e+00 1.061194e+00 -4.625899e+00
      endloop
   endfacet
   facet normal 2.579567e-02 -2.327955e-01 9.721835e-01
      outer loop
         vertex 1.912378e+00 1.061194e+00 -4.625899e+00
         vertex 1.700346e+00 1.105550e+00 -4.609651e+00
         vertex 1.686018e+00 1.062660e+00 -4.619542e+00
      endloop
   endfacet
   facet normal 2.604183e-02 -2.137149e-01 9.765489e-01
      outer loop
         vertex 1.912378e+00 1.061194e+00 -4.625899e+00
         vertex 1.686018e+00 1.062660e+00 -4.619542e+00
         vertex 1.882058e+00 8.504461e-01 -4.671212e+00
      endloop
   endfacet
   facet normal 1.217371e-02 -2.259222e-01 9.740693e-01
      outer loop
         vertex 1.882058e+00 8.504461e-01 -4.671212e+00
         vertex 1.686018e+00 1.062660e+00 -4.619542e+00
         vertex 1.623459e+00 8.662579e-01 -4.664313e+00
      endloop
   endfacet
   facet normal 1.498788e-02 -1.837336e-01 9.828618e-01
      outer loop
         vertex 1.882058e+00 8.504461e-01 -4.671212e+00
         vertex 1.623459e+00 8.662579e-01 -4.664313e+00
         vertex 1.846598e+00 6.224891e-01 -4.713285e+00
      endloop
   endfacet
   facet normal -1.937321e-02 -2.139399e-01 9.766547e-01
      outer loop
         vertex 1.846598e+00 6.224891e-01 -4.713285e+00
         vertex 1.623459e+00 8.662579e-01 -4.664313e+00
         vertex 1.594119e+00 7.634311e-01 -4.687419e+00
      endloop
   endfacet
   facet normal -9.995477e-03 -1.977903e-01 9.801934e-01
      outer loop
         vertex 1.846598e+00 6.224891e-01 -4.713285e+00
         vertex 1.594119e+00 7.634311e-01 -4.687419e+00
         vertex 1.591704e+00 7.542694e-01 -4.689293e+00
      endloop
   endfacet
   facet normal 4.169109e-02 -4.118136e-02 9.982815e-01
      outer loop
         vertex 1.975482e+00 -1.400028e+00 -4.485195e+00
         vertex 1.989920e+00 -1.399939e+00 -4.485794e+00
         vertex 1.975013e+00 -1.385218e+00 -4.484565e+00
      endloop
   endfacet
   facet normal 3.980715e-02 -4.308893e-02 9.982779e-01
      outer loop
         vertex 1.975013e+00 -1.385218e+00 -4.484565e+00
         vertex 1.989920e+00 -1.399939e+00 -4.485794e+00
         vertex 1.989683e+00 -1.384645e+00 -4.485125e+00
      endloop
   endfacet
   facet normal 3.722728e-02 2.359777e-02 9.990282e-01
      outer loop
         vertex 1.975013e+00 -1.385218e+00 -4.484565e+00
         vertex 1.989683e+00 -1.384645e+00 -4.485125e+00
         vertex 1.975636e+00 -1.369069e+00 -4.484969e+00
      endloop
   endfacet
   facet normal 4.499762e-02 3.061059e-02 9.985180e-01
      outer loop
         vertex 1.975636e+00 -1.369069e+00 -4.484969e+00
         vertex 1.989683e+00 -1.384645e+00 -4.485125e+00
         vertex 1.989886e+00 -1.368979e+00 -4.485614e+00
      endloop
   endfacet
   facet normal 4.465081e-02 7.096725e-02 9.964788e-01
      outer loop
         vertex 1.975636e+00 -1.369069e+00 -4.484969e+00
         vertex 1.989886e+00 -1.368979e+00 -4.485614e+00
         vertex 1.975880e+00 -1.336837e+00 -4.487276e+00
      endloop
   endfacet
   facet normal 6.791141e-02 8.099577e-02 9.943982e-01
      outer loop
         vertex 1.975880e+00 -1.336837e+00 -4.487276e+00
         vertex 1.989886e+00 -1.368979e+00 -4.485614e+00
         vertex 1.989913e+00 -1.337981e+00 -4.488141e+00
      endloop
   endfacet
   facet normal 6.847739e-02 8.844821e-02 9.937242e-01
      outer loop
         vertex 1.975880e+00 -1.336837e+00 -4.487276e+00
         vertex 1.989913e+00 -1.337981e+00 -4.488141e+00
         vertex 1.972641e+00 -1.312210e+00 -4.489244e+00
      endloop
   endfacet
   facet normal 6.666310e-02 8.724211e-02 9.939541e-01
      outer loop
         vertex 1.972641e+00 -1.312210e+00 -4.489244e+00
         vertex 1.989913e+00 -1.337981e+00 -4.488141e+00
         vertex 1.984531e+00 -1.281022e+00 -4.492779e+00
      endloop
   endfacet
   facet normal 1.878708e-02 1.899869e-01 9.816069e-01
      outer loop
         vertex 1.810362e+00 -3.619822e-01 -4.647146e+00
         vertex 1.789097e+00 -1.267803e-01 -4.692261e+00
         vertex 1.556632e+00 -2.577967e-01 -4.662454e+00
      endloop
   endfacet
   facet normal 2.584382e-02 2.066533e-01 9.780728e-01
      outer loop
         vertex 1.556632e+00 -2.577967e-01 -4.662454e+00
         vertex 1.583597e+00 -3.635373e-01 -4.640825e+00
         vertex 1.810362e+00 -3.619822e-01 -4.647146e+00
      endloop
   endfacet
   facet normal 2.517733e-02 2.560929e-01 9.663242e-01
      outer loop
         vertex 1.810362e+00 -3.619822e-01 -4.647146e+00
         vertex 1.583597e+00 -3.635373e-01 -4.640825e+00
         vertex 1.629267e+00 -5.028106e-01 -4.605105e+00
      endloop
   endfacet
   facet normal 2.495526e-02 2.563591e-01 9.662594e-01
      outer loop
         vertex 1.810362e+00 -3.619822e-01 -4.647146e+00
         vertex 1.629267e+00 -5.028106e-01 -4.605105e+00
         vertex 1.845146e+00 -5.748423e-01 -4.591570e+00
      endloop
   endfacet
   facet normal 2.145090e-02 2.463605e-01 9.689409e-01
      outer loop
         vertex 1.845146e+00 -5.748423e-01 -4.591570e+00
         vertex 1.629267e+00 -5.028106e-01 -4.605105e+00
         vertex 1.659077e+00 -5.807449e-01 -4.585950e+00
      endloop
   endfacet
   facet normal 2.275498e-02 2.127699e-01 9.768373e-01
      outer loop
         vertex 1.845146e+00 -5.748423e-01 -4.591570e+00
         vertex 1.659077e+00 -5.807449e-01 -4.585950e+00
         vertex 1.886267e+00 -7.776113e-01 -4.548362e+00
      endloop
   endfacet
   facet normal 1.903741e-02 2.086639e-01 9.778021e-01
      outer loop
         vertex 1.886267e+00 -7.776113e-01 -4.548362e+00
         vertex 1.659077e+00 -5.807449e-01 -4.585950e+00
         vertex 1.757223e+00 -8.091962e-01 -4.539109e+00
      endloop
   endfacet
   facet normal 3.106450e-02 1.620147e-01 9.862993e-01
      outer loop
         vertex 1.886267e+00 -7.776113e-01 -4.548362e+00
         vertex 1.757223e+00 -8.091962e-01 -4.539109e+00
         vertex 1.929595e+00 -9.754007e-01 -4.517236e+00
      endloop
   endfacet
   facet normal 3.425383e-02 1.652381e-01 9.856587e-01
      outer loop
         vertex 1.929595e+00 -9.754007e-01 -4.517236e+00
         vertex 1.757223e+00 -8.091962e-01 -4.539109e+00
         vertex 1.836927e+00 -9.785262e-01 -4.513492e+00
      endloop
   endfacet
   facet normal 3.683573e-02 9.914753e-02 9.943907e-01
      outer loop
         vertex 1.929595e+00 -9.754007e-01 -4.517236e+00
         vertex 1.836927e+00 -9.785262e-01 -4.513492e+00
         vertex 1.967574e+00 -1.176454e+00 -4.498597e+00
      endloop
   endfacet
   facet normal 8.199807e-02 1.285007e-01 9.883137e-01
      outer loop
         vertex 1.967574e+00 -1.176454e+00 -4.498597e+00
         vertex 1.836927e+00 -9.785262e-01 -4.513492e+00
         vertex 1.908744e+00 -1.141625e+00 -4.498244e+00
      endloop
   endfacet
   facet normal 4.293873e-02 6.243622e-02 9.971249e-01
      outer loop
         vertex 1.967574e+00 -1.176454e+00 -4.498597e+00
         vertex 1.908744e+00 -1.141625e+00 -4.498244e+00
         vertex 1.984531e+00 -1.281022e+00 -4.492779e+00
      endloop
   endfacet
   facet normal 7.243313e-02 7.836039e-02 9.942902e-01
      outer loop
         vertex 1.984531e+00 -1.281022e+00 -4.492779e+00
         vertex 1.908744e+00 -1.141625e+00 -4.498244e+00
         vertex 1.962636e+00 -1.279361e+00 -4.491315e+00
      endloop
   endfacet
   facet normal 7.288738e-02 8.484321e-02 9.937248e-01
      outer loop
         vertex 1.984531e+00 -1.281022e+00 -4.492779e+00
         vertex 1.962636e+00 -1.279361e+00 -4.491315e+00
         vertex 1.972641e+00 -1.312210e+00 -4.489244e+00
      endloop
   endfacet
   facet normal 1.657465e-02 -6.673768e-02 9.976329e-01
      outer loop
         vertex 1.994385e+00 2.037308e+00 -4.487298e+00
         vertex 1.992134e+00 2.068262e+00 -4.485190e+00
         vertex 1.976783e+00 2.077202e+00 -4.484337e+00
      endloop
   endfacet
   facet normal 4.757966e-02 -1.360753e-02 9.987748e-01
      outer loop
         vertex 1.976783e+00 2.077202e+00 -4.484337e+00
         vertex 1.992134e+00 2.068262e+00 -4.485190e+00
         vertex 1.990814e+00 2.083880e+00 -4.484914e+00
      endloop
   endfacet
   facet normal 2.485829e-02 3.415553e-02 9.991073e-01
      outer loop
         vertex 1.976783e+00 2.077202e+00 -4.484337e+00
         vertex 1.990814e+00 2.083880e+00 -4.484914e+00
         vertex 1.975503e+00 2.095351e+00 -4.484925e+00
      endloop
   endfacet
   facet normal 4.412946e-02 5.987781e-02 9.972298e-01
      outer loop
         vertex 1.975503e+00 2.095351e+00 -4.484925e+00
         vertex 1.990814e+00 2.083880e+00 -4.484914e+00
         vertex 1.989956e+00 2.099139e+00 -4.485792e+00
      endloop
   endfacet
   facet normal 3.536041e-02 9.282977e-02 9.950539e-01
      outer loop
         vertex 1.975503e+00 2.095351e+00 -4.484925e+00
         vertex 1.989956e+00 2.099139e+00 -4.485792e+00
         vertex 1.975547e+00 2.098204e+00 -4.485193e+00
      endloop
   endfacet
   facet normal 2.211934e-02 -2.996388e-02 9.993062e-01
      outer loop
         vertex 1.542502e+00 5.284213e-01 -4.717803e+00
         vertex 1.524499e+00 4.169978e-01 -4.720746e+00
         vertex 1.810688e+00 3.783854e-01 -4.728238e+00
      endloop
   endfacet
   facet normal 2.841671e-02 1.668199e-02 9.994570e-01
      outer loop
         vertex 1.810688e+00 3.783854e-01 -4.728238e+00
         vertex 1.524499e+00 4.169978e-01 -4.720746e+00
         vertex 1.510592e+00 2.827237e-01 -4.718109e+00
      endloop
   endfacet
   facet normal 2.814405e-02 1.753661e-02 9.994500e-01
      outer loop
         vertex 1.810688e+00 3.783854e-01 -4.728238e+00
         vertex 1.510592e+00 2.827237e-01 -4.718109e+00
         vertex 1.795593e+00 2.503569e-01 -4.725567e+00
      endloop
   endfacet
   facet normal 2.991462e-02 3.323080e-02 9.989999e-01
      outer loop
         vertex 1.795593e+00 2.503569e-01 -4.725567e+00
         vertex 1.510592e+00 2.827237e-01 -4.718109e+00
         vertex 1.509635e+00 2.662551e-01 -4.717533e+00
      endloop
   endfacet
   facet normal 3.091642e-02 5.166121e-02 9.981860e-01
      outer loop
         vertex 1.795593e+00 2.503569e-01 -4.725567e+00
         vertex 1.509635e+00 2.662551e-01 -4.717533e+00
         vertex 1.787278e+00 1.225675e-01 -4.718695e+00
      endloop
   endfacet
   facet normal 3.050955e-02 5.087460e-02 9.982389e-01
      outer loop
         vertex 1.787278e+00 1.225675e-01 -4.718695e+00
         vertex 1.509635e+00 2.662551e-01 -4.717533e+00
         vertex 1.507130e+00 1.462351e-01 -4.711339e+00
      endloop
   endfacet
   facet normal 3.349022e-02 8.696122e-02 9.956486e-01
      outer loop
         vertex 1.787278e+00 1.225675e-01 -4.718695e+00
         vertex 1.507130e+00 1.462351e-01 -4.711339e+00
         vertex 1.785276e+00 -3.418404e-03 -4.707624e+00
      endloop
   endfacet
   facet normal 3.153672e-02 8.333971e-02 9.960221e-01
      outer loop
         vertex 1.785276e+00 -3.418404e-03 -4.707624e+00
         vertex 1.507130e+00 1.462351e-01 -4.711339e+00
         vertex 1.514410e+00 4.771226e-03 -4.699733e+00
      endloop
   endfacet
   facet normal 3.265508e-02 1.245121e-01 9.916806e-01
      outer loop
         vertex 1.785276e+00 -3.418404e-03 -4.707624e+00
         vertex 1.514410e+00 4.771226e-03 -4.699733e+00
         vertex 1.789097e+00 -1.267803e-01 -4.692261e+00
      endloop
   endfacet
   facet normal 3.064480e-02 1.203474e-01 9.922587e-01
      outer loop
         vertex 1.789097e+00 -1.267803e-01 -4.692261e+00
         vertex 1.514410e+00 4.771226e-03 -4.699733e+00
         vertex 1.529712e+00 -1.181031e-01 -4.685303e+00
      endloop
   endfacet
   facet normal 3.203238e-02 1.673435e-01 9.853781e-01
      outer loop
         vertex 1.789097e+00 -1.267803e-01 -4.692261e+00
         vertex 1.529712e+00 -1.181031e-01 -4.685303e+00
         vertex 1.556632e+00 -2.577967e-01 -4.662454e+00
      endloop
   endfacet
   facet normal 5.894903e-02 9.236509e-02 9.939787e-01
      outer loop
         vertex 1.975503e+00 2.095351e+00 -4.484925e+00
         vertex 1.975547e+00 2.098204e+00 -4.485193e+00
         vertex 1.960950e+00 2.097267e+00 -4.484240e+00
      endloop
   endfacet
   facet normal 4.823046e-02 8.413842e-02 9.952862e-01
      outer loop
         vertex 1.514410e+00 4.771226e-03 -4.699733e+00
         vertex 1.507130e+00 1.462351e-01 -4.711339e+00
         vertex 1.223349e+00 1.704861e-01 -4.699638e+00
      endloop
   endfacet
   facet normal 1.371351e-01 -6.405096e-02 9.884794e-01
      outer loop
         vertex 1.966263e+00 2.031175e+00 -4.485013e+00
         vertex 1.964487e+00 2.015622e+00 -4.485774e+00
         vertex 1.978179e+00 2.004865e+00 -4.488371e+00
      endloop
   endfacet
   facet normal 1.279702e-01 -7.581244e-02 9.888762e-01
      outer loop
         vertex 1.978179e+00 2.004865e+00 -4.488371e+00
         vertex 1.964487e+00 2.015622e+00 -4.485774e+00
         vertex 1.959811e+00 1.998891e+00 -4.486452e+00
      endloop
   endfacet
   facet normal 1.285240e-01 -7.758261e-02 9.886670e-01
      outer loop
         vertex 1.978179e+00 2.004865e+00 -4.488371e+00
         vertex 1.959811e+00 1.998891e+00 -4.486452e+00
         vertex 1.971972e+00 1.978727e+00 -4.489615e+00
      endloop
   endfacet
   facet normal 1.198732e-01 -8.290274e-02 9.893218e-01
      outer loop
         vertex 1.971972e+00 1.978727e+00 -4.489615e+00
         vertex 1.959811e+00 1.998891e+00 -4.486452e+00
         vertex 1.950534e+00 1.977397e+00 -4.487129e+00
      endloop
   endfacet
   facet normal 1.194615e-01 -7.499661e-02 9.900023e-01
      outer loop
         vertex 1.971972e+00 1.978727e+00 -4.489615e+00
         vertex 1.950534e+00 1.977397e+00 -4.487129e+00
         vertex 1.969666e+00 1.971058e+00 -4.489918e+00
      endloop
   endfacet
   facet normal 1.161159e-01 -8.491661e-02 9.895990e-01
      outer loop
         vertex 1.969666e+00 1.971058e+00 -4.489918e+00
         vertex 1.950534e+00 1.977397e+00 -4.487129e+00
         vertex 1.936799e+00 1.951659e+00 -4.487726e+00
      endloop
   endfacet
   facet normal 1.040787e-01 -6.419500e-02 9.924952e-01
      outer loop
         vertex 1.969666e+00 1.971058e+00 -4.489918e+00
         vertex 1.936799e+00 1.951659e+00 -4.487726e+00
         vertex 1.938849e+00 1.871182e+00 -4.493146e+00
      endloop
   endfacet
   facet normal 8.777938e-02 -6.471397e-02 9.940357e-01
      outer loop
         vertex 1.938849e+00 1.871182e+00 -4.493146e+00
         vertex 1.936799e+00 1.951659e+00 -4.487726e+00
         vertex 1.891075e+00 1.863173e+00 -4.489449e+00
      endloop
   endfacet
   facet normal 8.790952e-02 -6.551997e-02 9.939714e-01
      outer loop
         vertex 1.938849e+00 1.871182e+00 -4.493146e+00
         vertex 1.891075e+00 1.863173e+00 -4.489449e+00
         vertex 1.934044e+00 1.855035e+00 -4.493786e+00
      endloop
   endfacet
   facet normal 8.046306e-02 -1.034515e-01 9.913745e-01
      outer loop
         vertex 1.934044e+00 1.855035e+00 -4.493786e+00
         vertex 1.891075e+00 1.863173e+00 -4.489449e+00
         vertex 1.780889e+00 1.650320e+00 -4.502717e+00
      endloop
   endfacet
   facet normal 2.609079e-02 -2.474664e-01 9.685451e-01
      outer loop
         vertex 1.352629e+00 8.628183e-01 -4.657896e+00
         vertex 1.623459e+00 8.662579e-01 -4.664313e+00
         vertex 1.456696e+00 1.063481e+00 -4.609429e+00
      endloop
   endfacet
   facet normal 4.198442e-02 -2.347518e-01 9.711482e-01
      outer loop
         vertex 1.456696e+00 1.063481e+00 -4.609429e+00
         vertex 1.623459e+00 8.662579e-01 -4.664313e+00
         vertex 1.686018e+00 1.062660e+00 -4.619542e+00
      endloop
   endfacet
   facet normal 4.169259e-02 -2.546202e-01 9.661419e-01
      outer loop
         vertex 1.456696e+00 1.063481e+00 -4.609429e+00
         vertex 1.686018e+00 1.062660e+00 -4.619542e+00
         vertex 1.517320e+00 1.168747e+00 -4.584303e+00
      endloop
   endfacet
   facet normal 5.116410e-02 -2.405995e-01 9.692751e-01
      outer loop
         vertex 1.686018e+00 1.062660e+00 -4.619542e+00
         vertex 1.700346e+00 1.105550e+00 -4.609651e+00
         vertex 1.517320e+00 1.168747e+00 -4.584303e+00
      endloop
   endfacet
   facet normal 5.346408e-02 -2.344889e-01 9.706475e-01
      outer loop
         vertex 1.517320e+00 1.168747e+00 -4.584303e+00
         vertex 1.700346e+00 1.105550e+00 -4.609651e+00
         vertex 1.751198e+00 1.255656e+00 -4.576190e+00
      endloop
   endfacet
   facet normal 4.920557e-02 -2.232960e-01 9.735079e-01
      outer loop
         vertex 1.517320e+00 1.168747e+00 -4.584303e+00
         vertex 1.751198e+00 1.255656e+00 -4.576190e+00
         vertex 1.672545e+00 1.435539e+00 -4.530954e+00
      endloop
   endfacet
   facet normal 7.458582e-02 -2.124056e-01 9.743310e-01
      outer loop
         vertex 1.672545e+00 1.435539e+00 -4.530954e+00
         vertex 1.751198e+00 1.255656e+00 -4.576190e+00
         vertex 1.814276e+00 1.450315e+00 -4.538583e+00
      endloop
   endfacet
   facet normal 7.337350e-02 -1.993023e-01 9.771873e-01
      outer loop
         vertex 1.672545e+00 1.435539e+00 -4.530954e+00
         vertex 1.814276e+00 1.450315e+00 -4.538583e+00
         vertex 1.694717e+00 1.477881e+00 -4.523983e+00
      endloop
   endfacet
   facet normal 7.525394e-02 -1.918592e-01 9.785330e-01
      outer loop
         vertex 1.694717e+00 1.477881e+00 -4.523983e+00
         vertex 1.814276e+00 1.450315e+00 -4.538583e+00
         vertex 1.825649e+00 1.489455e+00 -4.531783e+00
      endloop
   endfacet
   facet normal 7.261114e-02 -1.577357e-01 9.848081e-01
      outer loop
         vertex 1.694717e+00 1.477881e+00 -4.523983e+00
         vertex 1.825649e+00 1.489455e+00 -4.531783e+00
         vertex 1.780889e+00 1.650320e+00 -4.502717e+00
      endloop
   endfacet
   facet normal 7.778320e-02 -1.562675e-01 9.846473e-01
      outer loop
         vertex 1.780889e+00 1.650320e+00 -4.502717e+00
         vertex 1.825649e+00 1.489455e+00 -4.531783e+00
         vertex 1.874387e+00 1.659319e+00 -4.508675e+00
      endloop
   endfacet
   facet normal 7.264604e-02 -9.765531e-02 9.925654e-01
      outer loop
         vertex 1.780889e+00 1.650320e+00 -4.502717e+00
         vertex 1.874387e+00 1.659319e+00 -4.508675e+00
         vertex 1.934044e+00 1.855035e+00 -4.493786e+00
      endloop
   endfacet
   facet normal 6.527245e-02 -4.778677e-02 9.967226e-01
      outer loop
         vertex 1.960854e+00 -1.400126e+00 -4.484242e+00
         vertex 1.975482e+00 -1.400028e+00 -4.485195e+00
         vertex 1.960104e+00 -1.391768e+00 -4.483792e+00
      endloop
   endfacet
   facet normal 6.932995e-02 -4.024326e-02 9.967817e-01
      outer loop
         vertex 1.960104e+00 -1.391768e+00 -4.483792e+00
         vertex 1.975482e+00 -1.400028e+00 -4.485195e+00
         vertex 1.975013e+00 -1.385218e+00 -4.484565e+00
      endloop
   endfacet
   facet normal 4.824157e-02 7.997510e-03 9.988037e-01
      outer loop
         vertex 1.960104e+00 -1.391768e+00 -4.483792e+00
         vertex 1.975013e+00 -1.385218e+00 -4.484565e+00
         vertex 1.961414e+00 -1.365993e+00 -4.484062e+00
      endloop
   endfacet
   facet normal 6.848237e-02 2.235208e-02 9.974019e-01
      outer loop
         vertex 1.961414e+00 -1.365993e+00 -4.484062e+00
         vertex 1.975013e+00 -1.385218e+00 -4.484565e+00
         vertex 1.975636e+00 -1.369069e+00 -4.484969e+00
      endloop
   endfacet
   facet normal 7.542223e-02 5.495991e-02 9.956359e-01
      outer loop
         vertex 1.961414e+00 -1.365993e+00 -4.484062e+00
         vertex 1.975636e+00 -1.369069e+00 -4.484969e+00
         vertex 1.961792e+00 -1.338303e+00 -4.485619e+00
      endloop
   endfacet
   facet normal 1.093129e-01 7.012320e-02 9.915309e-01
      outer loop
         vertex 1.961792e+00 -1.338303e+00 -4.485619e+00
         vertex 1.975636e+00 -1.369069e+00 -4.484969e+00
         vertex 1.975880e+00 -1.336837e+00 -4.487276e+00
      endloop
   endfacet
   facet normal 1.082495e-01 7.966380e-02 9.909267e-01
      outer loop
         vertex 1.961792e+00 -1.338303e+00 -4.485619e+00
         vertex 1.975880e+00 -1.336837e+00 -4.487276e+00
         vertex 1.959339e+00 -1.321752e+00 -4.486681e+00
      endloop
   endfacet
   facet normal 1.221730e-01 9.504822e-02 9.879472e-01
      outer loop
         vertex 1.959339e+00 -1.321752e+00 -4.486681e+00
         vertex 1.975880e+00 -1.336837e+00 -4.487276e+00
         vertex 1.972641e+00 -1.312210e+00 -4.489244e+00
      endloop
   endfacet
   facet normal 6.063545e-02 1.771501e-01 9.823142e-01
      outer loop
         vertex 1.757223e+00 -8.091962e-01 -4.539109e+00
         vertex 1.684341e+00 -9.019568e-01 -4.517882e+00
         vertex 1.836927e+00 -9.785262e-01 -4.513492e+00
      endloop
   endfacet
   facet normal 5.694399e-02 1.698800e-01 9.838182e-01
      outer loop
         vertex 1.836927e+00 -9.785262e-01 -4.513492e+00
         vertex 1.684341e+00 -9.019568e-01 -4.517882e+00
         vertex 1.743045e+00 -9.815509e-01 -4.507536e+00
      endloop
   endfacet
   facet normal 5.906072e-02 1.186684e-01 9.911759e-01
      outer loop
         vertex 1.836927e+00 -9.785262e-01 -4.513492e+00
         vertex 1.743045e+00 -9.815509e-01 -4.507536e+00
         vertex 1.908744e+00 -1.141625e+00 -4.498244e+00
      endloop
   endfacet
   facet normal 5.503121e-02 1.145389e-01 9.918933e-01
      outer loop
         vertex 1.908744e+00 -1.141625e+00 -4.498244e+00
         vertex 1.743045e+00 -9.815509e-01 -4.507536e+00
         vertex 1.877424e+00 -1.177492e+00 -4.492365e+00
      endloop
   endfacet
   facet normal 8.916791e-02 8.481308e-02 9.923990e-01
      outer loop
         vertex 1.908744e+00 -1.141625e+00 -4.498244e+00
         vertex 1.877424e+00 -1.177492e+00 -4.492365e+00
         vertex 1.962636e+00 -1.279361e+00 -4.491315e+00
      endloop
   endfacet
   facet normal 1.128466e-01 1.045757e-01 9.880939e-01
      outer loop
         vertex 1.962636e+00 -1.279361e+00 -4.491315e+00
         vertex 1.877424e+00 -1.177492e+00 -4.492365e+00
         vertex 1.941879e+00 -1.281447e+00 -4.488724e+00
      endloop
   endfacet
   facet normal 1.136969e-01 9.696049e-02 9.887728e-01
      outer loop
         vertex 1.962636e+00 -1.279361e+00 -4.491315e+00
         vertex 1.941879e+00 -1.281447e+00 -4.488724e+00
         vertex 1.972641e+00 -1.312210e+00 -4.489244e+00
      endloop
   endfacet
   facet normal 1.268127e-01 1.101263e-01 9.857945e-01
      outer loop
         vertex 1.972641e+00 -1.312210e+00 -4.489244e+00
         vertex 1.941879e+00 -1.281447e+00 -4.488724e+00
         vertex 1.954236e+00 -1.305972e+00 -4.487574e+00
      endloop
   endfacet
   facet normal 1.219861e-01 9.530827e-02 9.879452e-01
      outer loop
         vertex 1.972641e+00 -1.312210e+00 -4.489244e+00
         vertex 1.954236e+00 -1.305972e+00 -4.487574e+00
         vertex 1.959339e+00 -1.321752e+00 -4.486681e+00
      endloop
   endfacet
   facet normal 4.516719e-02 4.704528e-02 9.978711e-01
      outer loop
         vertex 1.223349e+00 1.704861e-01 -4.699638e+00
         vertex 1.507130e+00 1.462351e-01 -4.711339e+00
         vertex 1.221538e+00 3.059602e-01 -4.705943e+00
      endloop
   endfacet
   facet normal 4.313371e-02 7.518597e-02 9.962362e-01
      outer loop
         vertex 1.223349e+00 1.704861e-01 -4.699638e+00
         vertex 1.233815e+00 6.165024e-02 -4.691877e+00
         vertex 1.514410e+00 4.771226e-03 -4.699733e+00
      endloop
   endfacet
   facet normal 4.645661e-02 9.179146e-02 9.946940e-01
      outer loop
         vertex 1.514410e+00 4.771226e-03 -4.699733e+00
         vertex 1.233815e+00 6.165024e-02 -4.691877e+00
         vertex 1.238736e+00 2.793946e-02 -4.688996e+00
      endloop
   endfacet
   facet normal 4.890413e-02 1.225043e-01 9.912624e-01
      outer loop
         vertex 1.514410e+00 4.771226e-03 -4.699733e+00
         vertex 1.238736e+00 2.793946e-02 -4.688996e+00
         vertex 1.529712e+00 -1.181031e-01 -4.685303e+00
      endloop
   endfacet
   facet normal 5.060172e-02 1.258738e-01 9.907549e-01
      outer loop
         vertex 1.529712e+00 -1.181031e-01 -4.685303e+00
         vertex 1.238736e+00 2.793946e-02 -4.688996e+00
         vertex 1.279824e+00 -1.563943e-01 -4.667675e+00
      endloop
   endfacet
   facet normal 4.349333e-02 1.694221e-01 9.845834e-01
      outer loop
         vertex 1.529712e+00 -1.181031e-01 -4.685303e+00
         vertex 1.279824e+00 -1.563943e-01 -4.667675e+00
         vertex 1.556632e+00 -2.577967e-01 -4.662454e+00
      endloop
   endfacet
   facet normal 4.361446e-02 1.697495e-01 9.845216e-01
      outer loop
         vertex 1.556632e+00 -2.577967e-01 -4.662454e+00
         vertex 1.279824e+00 -1.563943e-01 -4.667675e+00
         vertex 1.305851e+00 -2.391404e-01 -4.654561e+00
      endloop
   endfacet
   facet normal 4.646358e-02 2.115416e-01 9.762640e-01
      outer loop
         vertex 1.556632e+00 -2.577967e-01 -4.662454e+00
         vertex 1.305851e+00 -2.391404e-01 -4.654561e+00
         vertex 1.583597e+00 -3.635373e-01 -4.640825e+00
      endloop
   endfacet
   facet normal 4.461610e-02 2.075214e-01 9.772125e-01
      outer loop
         vertex 1.583597e+00 -3.635373e-01 -4.640825e+00
         vertex 1.305851e+00 -2.391404e-01 -4.654561e+00
         vertex 1.363661e+00 -3.866736e-01 -4.625870e+00
      endloop
   endfacet
   facet normal 3.825461e-02 2.600030e-01 9.648497e-01
      outer loop
         vertex 1.583597e+00 -3.635373e-01 -4.640825e+00
         vertex 1.363661e+00 -3.866736e-01 -4.625870e+00
         vertex 1.629267e+00 -5.028106e-01 -4.605105e+00
      endloop
   endfacet
   facet normal 3.730690e-02 2.579412e-01 9.654401e-01
      outer loop
         vertex 1.629267e+00 -5.028106e-01 -4.605105e+00
         vertex 1.363661e+00 -3.866736e-01 -4.625870e+00
         vertex 1.409628e+00 -4.798382e-01 -4.602755e+00
      endloop
   endfacet
   facet normal 3.667522e-02 2.517318e-01 9.671019e-01
      outer loop
         vertex 1.629267e+00 -5.028106e-01 -4.605105e+00
         vertex 1.409628e+00 -4.798382e-01 -4.602755e+00
         vertex 1.659077e+00 -5.807449e-01 -4.585950e+00
      endloop
   endfacet
   facet normal 3.673627e-02 2.518761e-01 9.670620e-01
      outer loop
         vertex 1.659077e+00 -5.807449e-01 -4.585950e+00
         vertex 1.409628e+00 -4.798382e-01 -4.602755e+00
         vertex 1.487484e+00 -6.137113e-01 -4.570845e+00
      endloop
   endfacet
   facet normal 4.379473e-02 2.186869e-01 9.748118e-01
      outer loop
         vertex 1.659077e+00 -5.807449e-01 -4.585950e+00
         vertex 1.487484e+00 -6.137113e-01 -4.570845e+00
         vertex 1.757223e+00 -8.091962e-01 -4.539109e+00
      endloop
   endfacet
   facet normal 4.637019e-02 2.220961e-01 9.739215e-01
      outer loop
         vertex 1.757223e+00 -8.091962e-01 -4.539109e+00
         vertex 1.487484e+00 -6.137113e-01 -4.570845e+00
         vertex 1.603416e+00 -7.909406e-01 -4.535949e+00
      endloop
   endfacet
   facet normal 4.279448e-02 1.907974e-01 9.806962e-01
      outer loop
         vertex 1.757223e+00 -8.091962e-01 -4.539109e+00
         vertex 1.603416e+00 -7.909406e-01 -4.535949e+00
         vertex 1.684341e+00 -9.019568e-01 -4.517882e+00
      endloop
   endfacet
   facet normal 1.170305e-01 -7.340260e-02 9.904120e-01
      outer loop
         vertex 1.978179e+00 2.004865e+00 -4.488371e+00
         vertex 1.980502e+00 2.029185e+00 -4.486843e+00
         vertex 1.966263e+00 2.031175e+00 -4.485013e+00
      endloop
   endfacet
   facet normal 1.175927e-01 -6.957428e-02 9.906217e-01
      outer loop
         vertex 1.966263e+00 2.031175e+00 -4.485013e+00
         vertex 1.980502e+00 2.029185e+00 -4.486843e+00
         vertex 1.980446e+00 2.036416e+00 -4.486328e+00
      endloop
   endfacet
   facet normal 1.078059e-01 -4.242337e-02 9.932664e-01
      outer loop
         vertex 1.966263e+00 2.031175e+00 -4.485013e+00
         vertex 1.980446e+00 2.036416e+00 -4.486328e+00
         vertex 1.965076e+00 2.054367e+00 -4.483894e+00
      endloop
   endfacet
   facet normal 1.124668e-01 -3.838479e-02 9.929138e-01
      outer loop
         vertex 1.965076e+00 2.054367e+00 -4.483894e+00
         vertex 1.980446e+00 2.036416e+00 -4.486328e+00
         vertex 1.976783e+00 2.077202e+00 -4.484337e+00
      endloop
   endfacet
   facet normal 5.552502e-02 -9.084211e-03 9.984160e-01
      outer loop
         vertex 1.965076e+00 2.054367e+00 -4.483894e+00
         vertex 1.976783e+00 2.077202e+00 -4.484337e+00
         vertex 1.961455e+00 2.081163e+00 -4.483448e+00
      endloop
   endfacet
   facet normal 6.737911e-02 3.708700e-02 9.970379e-01
      outer loop
         vertex 1.961455e+00 2.081163e+00 -4.483448e+00
         vertex 1.976783e+00 2.077202e+00 -4.484337e+00
         vertex 1.975503e+00 2.095351e+00 -4.484925e+00
      endloop
   endfacet
   facet normal 6.258624e-02 4.184583e-02 9.971619e-01
      outer loop
         vertex 1.961455e+00 2.081163e+00 -4.483448e+00
         vertex 1.975503e+00 2.095351e+00 -4.484925e+00
         vertex 1.960727e+00 2.092705e+00 -4.483887e+00
      endloop
   endfacet
   facet normal 5.665538e-02 7.436446e-02 9.956205e-01
      outer loop
         vertex 1.960727e+00 2.092705e+00 -4.483887e+00
         vertex 1.975503e+00 2.095351e+00 -4.484925e+00
         vertex 1.960950e+00 2.097267e+00 -4.484240e+00
      endloop
   endfacet
   facet normal 4.709237e-02 5.049625e-02 9.976134e-01
      outer loop
         vertex 1.507130e+00 1.462351e-01 -4.711339e+00
         vertex 1.509635e+00 2.662551e-01 -4.717533e+00
         vertex 1.221538e+00 3.059602e-01 -4.705943e+00
      endloop
   endfacet
   facet normal 4.462730e-02 3.235706e-02 9.984796e-01
      outer loop
         vertex 1.221538e+00 3.059602e-01 -4.705943e+00
         vertex 1.509635e+00 2.662551e-01 -4.717533e+00
         vertex 1.510592e+00 2.827237e-01 -4.718109e+00
      endloop
   endfacet
   facet normal 4.328620e-02 1.543134e-02 9.989435e-01
      outer loop
         vertex 1.221538e+00 3.059602e-01 -4.705943e+00
         vertex 1.510592e+00 2.827237e-01 -4.718109e+00
         vertex 1.234574e+00 4.561084e-01 -4.708827e+00
      endloop
   endfacet
   facet normal 4.311009e-02 1.515035e-02 9.989554e-01
      outer loop
         vertex 1.234574e+00 4.561084e-01 -4.708827e+00
         vertex 1.510592e+00 2.827237e-01 -4.718109e+00
         vertex 1.524499e+00 4.169978e-01 -4.720746e+00
      endloop
   endfacet
   facet normal 3.877508e-02 -1.702982e-02 9.991028e-01
      outer loop
         vertex 1.234574e+00 4.561084e-01 -4.708827e+00
         vertex 1.524499e+00 4.169978e-01 -4.720746e+00
         vertex 1.244318e+00 5.158587e-01 -4.708187e+00
      endloop
   endfacet
   facet normal 3.355518e-02 -3.180165e-02 9.989308e-01
      outer loop
         vertex 1.244318e+00 5.158587e-01 -4.708187e+00
         vertex 1.524499e+00 4.169978e-01 -4.720746e+00
         vertex 1.542502e+00 5.284213e-01 -4.717803e+00
      endloop
   endfacet
   facet normal 3.612097e-02 -9.591553e-02 9.947339e-01
      outer loop
         vertex 1.244318e+00 5.158587e-01 -4.708187e+00
         vertex 1.542502e+00 5.284213e-01 -4.717803e+00
         vertex 1.287380e+00 6.920039e-01 -4.692766e+00
      endloop
   endfacet
   facet normal 3.219515e-02 -1.019667e-01 9.942667e-01
      outer loop
         vertex 1.287380e+00 6.920039e-01 -4.692766e+00
         vertex 1.542502e+00 5.284213e-01 -4.717803e+00
         vertex 1.567132e+00 6.516568e-01 -4.705962e+00
      endloop
   endfacet
   facet normal 2.029415e-02 -1.808949e-01 9.832930e-01
      outer loop
         vertex 1.287380e+00 6.920039e-01 -4.692766e+00
         vertex 1.567132e+00 6.516568e-01 -4.705962e+00
         vertex 1.319931e+00 7.862905e-01 -4.676092e+00
      endloop
   endfacet
   facet normal 2.821091e-02 -1.668655e-01 9.855760e-01
      outer loop
         vertex 1.319931e+00 7.862905e-01 -4.676092e+00
         vertex 1.567132e+00 6.516568e-01 -4.705962e+00
         vertex 1.591704e+00 7.542694e-01 -4.689293e+00
      endloop
   endfacet
   facet normal 1.900111e-02 -2.389583e-01 9.708439e-01
      outer loop
         vertex 1.319931e+00 7.862905e-01 -4.676092e+00
         vertex 1.591704e+00 7.542694e-01 -4.689293e+00
         vertex 1.352629e+00 8.628183e-01 -4.657896e+00
      endloop
   endfacet
   facet normal 3.359564e-02 -2.087108e-01 9.774002e-01
      outer loop
         vertex 1.352629e+00 8.628183e-01 -4.657896e+00
         vertex 1.591704e+00 7.542694e-01 -4.689293e+00
         vertex 1.594119e+00 7.634311e-01 -4.687419e+00
      endloop
   endfacet
   facet normal 2.594377e-02 -2.262136e-01 9.737322e-01
      outer loop
         vertex 1.352629e+00 8.628183e-01 -4.657896e+00
         vertex 1.594119e+00 7.634311e-01 -4.687419e+00
         vertex 1.623459e+00 8.662579e-01 -4.664313e+00
      endloop
   endfacet
   facet normal 9.570104e-02 7.224196e-02 9.927852e-01
      outer loop
         vertex 1.960727e+00 2.092705e+00 -4.483887e+00
         vertex 1.960950e+00 2.097267e+00 -4.484240e+00
         vertex 1.948650e+00 2.096493e+00 -4.482999e+00
      endloop
   endfacet
   facet normal 1.843860e-01 -6.905369e-02 9.804251e-01
      outer loop
         vertex 1.964487e+00 2.015622e+00 -4.485774e+00
         vertex 1.966263e+00 2.031175e+00 -4.485013e+00
         vertex 1.953982e+00 2.027228e+00 -4.482981e+00
      endloop
   endfacet
   facet normal 1.979998e-01 -5.628830e-02 9.785845e-01
      outer loop
         vertex 1.953982e+00 2.027228e+00 -4.482981e+00
         vertex 1.952797e+00 2.019731e+00 -4.483173e+00
         vertex 1.964487e+00 2.015622e+00 -4.485774e+00
      endloop
   endfacet
   facet normal 1.922023e-01 -7.282247e-02 9.786497e-01
      outer loop
         vertex 1.964487e+00 2.015622e+00 -4.485774e+00
         vertex 1.952797e+00 2.019731e+00 -4.483173e+00
         vertex 1.950845e+00 2.012321e+00 -4.483341e+00
      endloop
   endfacet
   facet normal 1.969628e-01 -9.456693e-02 9.758395e-01
      outer loop
         vertex 1.964487e+00 2.015622e+00 -4.485774e+00
         vertex 1.950845e+00 2.012321e+00 -4.483341e+00
         vertex 1.959811e+00 1.998891e+00 -4.486452e+00
      endloop
   endfacet
   facet normal 2.008908e-01 -9.181969e-02 9.753010e-01
      outer loop
         vertex 1.959811e+00 1.998891e+00 -4.486452e+00
         vertex 1.950845e+00 2.012321e+00 -4.483341e+00
         vertex 1.948207e+00 2.004990e+00 -4.483487e+00
      endloop
   endfacet
   facet normal 1.899220e-01 -1.126956e-01 9.753099e-01
      outer loop
         vertex 1.959811e+00 1.998891e+00 -4.486452e+00
         vertex 1.948207e+00 2.004990e+00 -4.483487e+00
         vertex 1.950534e+00 1.977397e+00 -4.487129e+00
      endloop
   endfacet
   facet normal 1.981685e-01 -1.117971e-01 9.737714e-01
      outer loop
         vertex 1.950534e+00 1.977397e+00 -4.487129e+00
         vertex 1.948207e+00 2.004990e+00 -4.483487e+00
         vertex 1.941206e+00 1.990537e+00 -4.483722e+00
      endloop
   endfacet
   facet normal 1.823566e-01 -1.234563e-01 9.754510e-01
      outer loop
         vertex 1.950534e+00 1.977397e+00 -4.487129e+00
         vertex 1.941206e+00 1.990537e+00 -4.483722e+00
         vertex 1.932470e+00 1.976315e+00 -4.483889e+00
      endloop
   endfacet
   facet normal 8.958533e-02 -1.768080e-01 9.801599e-01
      outer loop
         vertex 1.553184e+00 1.422636e+00 -4.521013e+00
         vertex 1.694717e+00 1.477881e+00 -4.523983e+00
         vertex 1.702135e+00 1.642572e+00 -4.494953e+00
      endloop
   endfacet
   facet normal 1.138303e-01 -1.774359e-01 9.775271e-01
      outer loop
         vertex 1.702135e+00 1.642572e+00 -4.494953e+00
         vertex 1.694717e+00 1.477881e+00 -4.523983e+00
         vertex 1.780889e+00 1.650320e+00 -4.502717e+00
      endloop
   endfacet
   facet normal 1.092663e-01 -1.220598e-01 9.864899e-01
      outer loop
         vertex 1.702135e+00 1.642572e+00 -4.494953e+00
         vertex 1.780889e+00 1.650320e+00 -4.502717e+00
         vertex 1.855381e+00 1.865515e+00 -4.484342e+00
      endloop
   endfacet
   facet normal 1.320972e-01 -1.296413e-01 9.827225e-01
      outer loop
         vertex 1.855381e+00 1.865515e+00 -4.484342e+00
         vertex 1.780889e+00 1.650320e+00 -4.502717e+00
         vertex 1.891075e+00 1.863173e+00 -4.489449e+00
      endloop
   endfacet
   facet normal 1.346685e-01 -9.772680e-02 9.860598e-01
      outer loop
         vertex 1.855381e+00 1.865515e+00 -4.484342e+00
         vertex 1.891075e+00 1.863173e+00 -4.489449e+00
         vertex 1.932470e+00 1.976315e+00 -4.483889e+00
      endloop
   endfacet
   facet normal 1.916140e-01 -1.179857e-01 9.743528e-01
      outer loop
         vertex 1.932470e+00 1.976315e+00 -4.483889e+00
         vertex 1.891075e+00 1.863173e+00 -4.489449e+00
         vertex 1.936799e+00 1.951659e+00 -4.487726e+00
      endloop
   endfacet
   facet normal 1.822267e-01 -1.198782e-01 9.759214e-01
      outer loop
         vertex 1.932470e+00 1.976315e+00 -4.483889e+00
         vertex 1.936799e+00 1.951659e+00 -4.487726e+00
         vertex 1.950534e+00 1.977397e+00 -4.487129e+00
      endloop
   endfacet
   facet normal 1.901737e-01 1.175823e-01 9.746837e-01
      outer loop
         vertex 1.954236e+00 -1.305972e+00 -4.487574e+00
         vertex 1.941462e+00 -1.308982e+00 -4.484718e+00
         vertex 1.944632e+00 -1.316112e+00 -4.484477e+00
      endloop
   endfacet
   facet normal 1.909278e-01 1.168499e-01 9.746244e-01
      outer loop
         vertex 1.954236e+00 -1.305972e+00 -4.487574e+00
         vertex 1.944632e+00 -1.316112e+00 -4.484477e+00
         vertex 1.959339e+00 -1.321752e+00 -4.486681e+00
      endloop
   endfacet
   facet normal 1.005074e-01 -3.554092e-02 9.943013e-01
      outer loop
         vertex 1.948531e+00 -1.400217e+00 -4.482999e+00
         vertex 1.960854e+00 -1.400126e+00 -4.484242e+00
         vertex 1.947907e+00 -1.396460e+00 -4.482802e+00
      endloop
   endfacet
   facet normal 9.789532e-02 -4.472336e-02 9.941913e-01
      outer loop
         vertex 1.947907e+00 -1.396460e+00 -4.482802e+00
         vertex 1.960854e+00 -1.400126e+00 -4.484242e+00
         vertex 1.960104e+00 -1.391768e+00 -4.483792e+00
      endloop
   endfacet
   facet normal 1.846311e-01 9.919247e-02 9.777895e-01
      outer loop
         vertex 1.944632e+00 -1.316112e+00 -4.484477e+00
         vertex 1.947125e+00 -1.323369e+00 -4.484211e+00
         vertex 1.959339e+00 -1.321752e+00 -4.486681e+00
      endloop
   endfacet
   facet normal 1.870951e-01 8.225890e-02 9.788917e-01
      outer loop
         vertex 1.959339e+00 -1.321752e+00 -4.486681e+00
         vertex 1.947125e+00 -1.323369e+00 -4.484211e+00
         vertex 1.948860e+00 -1.330763e+00 -4.483921e+00
      endloop
   endfacet
   facet normal 1.808494e-01 8.968227e-02 9.794134e-01
      outer loop
         vertex 1.959339e+00 -1.321752e+00 -4.486681e+00
         vertex 1.948860e+00 -1.330763e+00 -4.483921e+00
         vertex 1.961792e+00 -1.338303e+00 -4.485619e+00
      endloop
   endfacet
   facet normal 1.653313e-01 6.197096e-02 9.842892e-01
      outer loop
         vertex 1.961792e+00 -1.338303e+00 -4.485619e+00
         vertex 1.948860e+00 -1.330763e+00 -4.483921e+00
         vertex 1.949857e+00 -1.338289e+00 -4.483615e+00
      endloop
   endfacet
   facet normal 1.654060e-01 5.312146e-02 9.847939e-01
      outer loop
         vertex 1.961792e+00 -1.338303e+00 -4.485619e+00
         vertex 1.949857e+00 -1.338289e+00 -4.483615e+00
         vertex 1.961414e+00 -1.365993e+00 -4.484062e+00
      endloop
   endfacet
   facet normal 1.349384e-01 4.032806e-02 9.900330e-01
      outer loop
         vertex 1.961414e+00 -1.365993e+00 -4.484062e+00
         vertex 1.949857e+00 -1.338289e+00 -4.483615e+00
         vertex 1.950146e+00 -1.353648e+00 -4.483029e+00
      endloop
   endfacet
   facet normal 1.118200e-01 1.893310e-02 9.935481e-01
      outer loop
         vertex 1.950146e+00 -1.353648e+00 -4.483029e+00
         vertex 1.949037e+00 -1.369260e+00 -4.482606e+00
         vertex 1.961414e+00 -1.365993e+00 -4.484062e+00
      endloop
   endfacet
   facet normal 1.178325e-01 -4.077491e-03 9.930251e-01
      outer loop
         vertex 1.961414e+00 -1.365993e+00 -4.484062e+00
         vertex 1.949037e+00 -1.369260e+00 -4.482606e+00
         vertex 1.947663e+00 -1.384922e+00 -4.482508e+00
      endloop
   endfacet
   facet normal 1.054287e-01 5.046867e-03 9.944141e-01
      outer loop
         vertex 1.961414e+00 -1.365993e+00 -4.484062e+00
         vertex 1.947663e+00 -1.384922e+00 -4.482508e+00
         vertex 1.960104e+00 -1.391768e+00 -4.483792e+00
      endloop
   endfacet
   facet normal 9.168213e-02 -2.015436e-02 9.955843e-01
      outer loop
         vertex 1.960104e+00 -1.391768e+00 -4.483792e+00
         vertex 1.947663e+00 -1.384922e+00 -4.482508e+00
         vertex 1.947592e+00 -1.392653e+00 -4.482658e+00
      endloop
   endfacet
   facet normal 9.235647e-02 -3.009674e-02 9.952711e-01
      outer loop
         vertex 1.960104e+00 -1.391768e+00 -4.483792e+00
         vertex 1.947592e+00 -1.392653e+00 -4.482658e+00
         vertex 1.947907e+00 -1.396460e+00 -4.482802e+00
      endloop
   endfacet
   facet normal 1.854092e-01 1.363539e-01 9.731552e-01
      outer loop
         vertex 1.941462e+00 -1.308982e+00 -4.484718e+00
         vertex 1.954236e+00 -1.305972e+00 -4.487574e+00
         vertex 1.933427e+00 -1.295052e+00 -4.485139e+00
      endloop
   endfacet
   facet normal 1.871757e-01 1.399079e-01 9.723122e-01
      outer loop
         vertex 1.933427e+00 -1.295052e+00 -4.485139e+00
         vertex 1.954236e+00 -1.305972e+00 -4.487574e+00
         vertex 1.941879e+00 -1.281447e+00 -4.488724e+00
      endloop
   endfacet
   facet normal 1.729184e-01 1.491010e-01 9.735852e-01
      outer loop
         vertex 1.933427e+00 -1.295052e+00 -4.485139e+00
         vertex 1.941879e+00 -1.281447e+00 -4.488724e+00
         vertex 1.923692e+00 -1.281481e+00 -4.485488e+00
      endloop
   endfacet
   facet normal 1.726412e-01 1.586285e-01 9.721276e-01
      outer loop
         vertex 1.923692e+00 -1.281481e+00 -4.485488e+00
         vertex 1.941879e+00 -1.281447e+00 -4.488724e+00
         vertex 1.839111e+00 -1.177799e+00 -4.487386e+00
      endloop
   endfacet
   facet normal 1.271426e-01 1.133448e-01 9.853871e-01
      outer loop
         vertex 1.839111e+00 -1.177799e+00 -4.487386e+00
         vertex 1.941879e+00 -1.281447e+00 -4.488724e+00
         vertex 1.877424e+00 -1.177492e+00 -4.492365e+00
      endloop
   endfacet
   facet normal 1.254753e-01 1.757500e-01 9.764056e-01
      outer loop
         vertex 1.839111e+00 -1.177799e+00 -4.487386e+00
         vertex 1.877424e+00 -1.177492e+00 -4.492365e+00
         vertex 1.663944e+00 -9.839197e-01 -4.499773e+00
      endloop
   endfacet
   facet normal 9.255402e-02 1.398043e-01 9.858441e-01
      outer loop
         vertex 1.877424e+00 -1.177492e+00 -4.492365e+00
         vertex 1.743045e+00 -9.815509e-01 -4.507536e+00
         vertex 1.663944e+00 -9.839197e-01 -4.499773e+00
      endloop
   endfacet
   facet normal 9.007745e-02 1.934270e-01 9.769708e-01
      outer loop
         vertex 1.663944e+00 -9.839197e-01 -4.499773e+00
         vertex 1.743045e+00 -9.815509e-01 -4.507536e+00
         vertex 1.684341e+00 -9.019568e-01 -4.517882e+00
      endloop
   endfacet
   facet normal 6.575421e-02 1.996327e-01 9.776621e-01
      outer loop
         vertex 1.663944e+00 -9.839197e-01 -4.499773e+00
         vertex 1.684341e+00 -9.019568e-01 -4.517882e+00
         vertex 1.483461e+00 -7.959517e-01 -4.526017e+00
      endloop
   endfacet
   facet normal 7.189762e-02 2.110569e-01 9.748260e-01
      outer loop
         vertex 1.483461e+00 -7.959517e-01 -4.526017e+00
         vertex 1.684341e+00 -9.019568e-01 -4.517882e+00
         vertex 1.603416e+00 -7.909406e-01 -4.535949e+00
      endloop
   endfacet
   facet normal 6.996732e-02 2.428284e-01 9.675427e-01
      outer loop
         vertex 1.483461e+00 -7.959517e-01 -4.526017e+00
         vertex 1.603416e+00 -7.909406e-01 -4.535949e+00
         vertex 1.311698e+00 -5.897118e-01 -4.565357e+00
      endloop
   endfacet
   facet normal 6.193982e-02 2.316701e-01 9.708205e-01
      outer loop
         vertex 1.311698e+00 -5.897118e-01 -4.565357e+00
         vertex 1.603416e+00 -7.909406e-01 -4.535949e+00
         vertex 1.487484e+00 -6.137113e-01 -4.570845e+00
      endloop
   endfacet
   facet normal 6.719302e-02 2.726776e-01 9.597562e-01
      outer loop
         vertex 1.311698e+00 -5.897118e-01 -4.565357e+00
         vertex 1.487484e+00 -6.137113e-01 -4.570845e+00
         vertex 1.232737e+00 -4.821426e-01 -4.590390e+00
      endloop
   endfacet
   facet normal 6.376080e-02 2.663312e-01 9.617704e-01
      outer loop
         vertex 1.232737e+00 -4.821426e-01 -4.590390e+00
         vertex 1.487484e+00 -6.137113e-01 -4.570845e+00
         vertex 1.409628e+00 -4.798382e-01 -4.602755e+00
      endloop
   endfacet
   facet normal 6.391540e-02 2.615069e-01 9.630830e-01
      outer loop
         vertex 1.232737e+00 -4.821426e-01 -4.590390e+00
         vertex 1.409628e+00 -4.798382e-01 -4.602755e+00
         vertex 1.160303e+00 -3.639791e-01 -4.617668e+00
      endloop
   endfacet
   facet normal 6.908871e-02 2.722112e-01 9.597540e-01
      outer loop
         vertex 1.160303e+00 -3.639791e-01 -4.617668e+00
         vertex 1.409628e+00 -4.798382e-01 -4.602755e+00
         vertex 1.363661e+00 -3.866736e-01 -4.625870e+00
      endloop
   endfacet
   facet normal 6.227743e-02 2.050266e-01 9.767731e-01
      outer loop
         vertex 1.160303e+00 -3.639791e-01 -4.617668e+00
         vertex 1.363661e+00 -3.866736e-01 -4.625870e+00
         vertex 1.097364e+00 -2.349424e-01 -4.640740e+00
      endloop
   endfacet
   facet normal 6.891608e-02 2.163934e-01 9.738709e-01
      outer loop
         vertex 1.097364e+00 -2.349424e-01 -4.640740e+00
         vertex 1.363661e+00 -3.866736e-01 -4.625870e+00
         vertex 1.305851e+00 -2.391404e-01 -4.654561e+00
      endloop
   endfacet
   facet normal 6.855188e-02 1.655832e-01 9.838104e-01
      outer loop
         vertex 1.097364e+00 -2.349424e-01 -4.640740e+00
         vertex 1.305851e+00 -2.391404e-01 -4.654561e+00
         vertex 1.045617e+00 -1.002301e-01 -4.659808e+00
      endloop
   endfacet
   facet normal 7.595481e-02 1.793400e-01 9.808507e-01
      outer loop
         vertex 1.045617e+00 -1.002301e-01 -4.659808e+00
         vertex 1.305851e+00 -2.391404e-01 -4.654561e+00
         vertex 1.279824e+00 -1.563943e-01 -4.667675e+00
      endloop
   endfacet
   facet normal 6.116589e-02 1.162001e-01 9.913406e-01
      outer loop
         vertex 1.045617e+00 -1.002301e-01 -4.659808e+00
         vertex 1.279824e+00 -1.563943e-01 -4.667675e+00
         vertex 1.007056e+00 4.190641e-02 -4.674089e+00
      endloop
   endfacet
   facet normal 1.437521e-01 -4.036647e-02 9.887901e-01
      outer loop
         vertex 1.965076e+00 2.054367e+00 -4.483894e+00
         vertex 1.953595e+00 2.050154e+00 -4.482396e+00
         vertex 1.966263e+00 2.031175e+00 -4.485013e+00
      endloop
   endfacet
   facet normal 1.813452e-01 -1.451848e-02 9.833123e-01
      outer loop
         vertex 1.966263e+00 2.031175e+00 -4.485013e+00
         vertex 1.953595e+00 2.050154e+00 -4.482396e+00
         vertex 1.954424e+00 2.034807e+00 -4.482776e+00
      endloop
   endfacet
   facet normal 1.746163e-01 -3.684681e-02 9.839469e-01
      outer loop
         vertex 1.966263e+00 2.031175e+00 -4.485013e+00
         vertex 1.954424e+00 2.034807e+00 -4.482776e+00
         vertex 1.953982e+00 2.027228e+00 -4.482981e+00
      endloop
   endfacet
   facet normal 9.092253e-02 5.666671e-02 9.942444e-01
      outer loop
         vertex 1.948650e+00 2.096493e+00 -4.482999e+00
         vertex 1.948296e+00 2.092708e+00 -4.482750e+00
         vertex 1.960727e+00 2.092705e+00 -4.483887e+00
      endloop
   endfacet
   facet normal 9.095369e-02 4.994969e-02 9.946017e-01
      outer loop
         vertex 1.960727e+00 2.092705e+00 -4.483887e+00
         vertex 1.948296e+00 2.092708e+00 -4.482750e+00
         vertex 1.948253e+00 2.088891e+00 -4.482555e+00
      endloop
   endfacet
   facet normal 9.288798e-02 4.366387e-02 9.947187e-01
      outer loop
         vertex 1.960727e+00 2.092705e+00 -4.483887e+00
         vertex 1.948253e+00 2.088891e+00 -4.482555e+00
         vertex 1.961455e+00 2.081163e+00 -4.483448e+00
      endloop
   endfacet
   facet normal 9.093586e-02 4.029155e-02 9.950413e-01
      outer loop
         vertex 1.961455e+00 2.081163e+00 -4.483448e+00
         vertex 1.948253e+00 2.088891e+00 -4.482555e+00
         vertex 1.948874e+00 2.081188e+00 -4.482300e+00
      endloop
   endfacet
   facet normal 9.092302e-02 -4.258572e-03 9.958488e-01
      outer loop
         vertex 1.961455e+00 2.081163e+00 -4.483448e+00
         vertex 1.948874e+00 2.081188e+00 -4.482300e+00
         vertex 1.965076e+00 2.054367e+00 -4.483894e+00
      endloop
   endfacet
   facet normal 1.487916e-01 3.114240e-02 9.883781e-01
      outer loop
         vertex 1.965076e+00 2.054367e+00 -4.483894e+00
         vertex 1.948874e+00 2.081188e+00 -4.482300e+00
         vertex 1.951364e+00 2.065657e+00 -4.482185e+00
      endloop
   endfacet
   facet normal 1.275610e-01 4.835730e-03 9.918189e-01
      outer loop
         vertex 1.965076e+00 2.054367e+00 -4.483894e+00
         vertex 1.951364e+00 2.065657e+00 -4.482185e+00
         vertex 1.953595e+00 2.050154e+00 -4.482396e+00
      endloop
   endfacet
   facet normal 7.148347e-02 1.303130e-01 9.888926e-01
      outer loop
         vertex 1.279824e+00 -1.563943e-01 -4.667675e+00
         vertex 1.238736e+00 2.793946e-02 -4.688996e+00
         vertex 1.007056e+00 4.190641e-02 -4.674089e+00
      endloop
   endfacet
   facet normal 6.962313e-02 9.503143e-02 9.930366e-01
      outer loop
         vertex 1.007056e+00 4.190641e-02 -4.674089e+00
         vertex 1.238736e+00 2.793946e-02 -4.688996e+00
         vertex 1.233815e+00 6.165024e-02 -4.691877e+00
      endloop
   endfacet
   facet normal 7.108434e-02 7.939275e-02 9.943057e-01
      outer loop
         vertex 1.007056e+00 4.190641e-02 -4.674089e+00
         vertex 1.233815e+00 6.165024e-02 -4.691877e+00
         vertex 9.842999e-01 1.912652e-01 -4.684388e+00
      endloop
   endfacet
   facet normal 7.019260e-02 7.766457e-02 9.945055e-01
      outer loop
         vertex 9.842999e-01 1.912652e-01 -4.684388e+00
         vertex 1.233815e+00 6.165024e-02 -4.691877e+00
         vertex 1.223349e+00 1.704861e-01 -4.699638e+00
      endloop
   endfacet
   facet normal 6.743857e-02 4.434346e-02 9.967375e-01
      outer loop
         vertex 9.842999e-01 1.912652e-01 -4.684388e+00
         vertex 1.223349e+00 1.704861e-01 -4.699638e+00
         vertex 9.786844e-01 3.435904e-01 -4.690785e+00
      endloop
   endfacet
   facet normal 6.952386e-02 4.730509e-02 9.964581e-01
      outer loop
         vertex 9.786844e-01 3.435904e-01 -4.690785e+00
         vertex 1.223349e+00 1.704861e-01 -4.699638e+00
         vertex 1.221538e+00 3.059602e-01 -4.705943e+00
      endloop
   endfacet
   facet normal 6.415377e-02 1.208057e-02 9.978669e-01
      outer loop
         vertex 9.786844e-01 3.435904e-01 -4.690785e+00
         vertex 1.221538e+00 3.059602e-01 -4.705943e+00
         vertex 9.903187e-01 4.890509e-01 -4.693294e+00
      endloop
   endfacet
   facet normal 6.527281e-02 1.350004e-02 9.977761e-01
      outer loop
         vertex 9.903187e-01 4.890509e-01 -4.693294e+00
         vertex 1.221538e+00 3.059602e-01 -4.705943e+00
         vertex 1.234574e+00 4.561084e-01 -4.708827e+00
      endloop
   endfacet
   facet normal 5.790458e-02 -4.099296e-02 9.974801e-01
      outer loop
         vertex 9.903187e-01 4.890509e-01 -4.693294e+00
         vertex 1.234574e+00 4.561084e-01 -4.708827e+00
         vertex 1.012650e+00 6.017581e-01 -4.689958e+00
      endloop
   endfacet
   facet normal 7.025807e-02 -2.214457e-02 9.972830e-01
      outer loop
         vertex 1.012650e+00 6.017581e-01 -4.689958e+00
         vertex 1.234574e+00 4.561084e-01 -4.708827e+00
         vertex 1.244318e+00 5.158587e-01 -4.708187e+00
      endloop
   endfacet
   facet normal 3.522257e-02 -1.156544e-01 9.926648e-01
      outer loop
         vertex 1.012650e+00 6.017581e-01 -4.689958e+00
         vertex 1.244318e+00 5.158587e-01 -4.708187e+00
         vertex 1.045344e+00 7.046284e-01 -4.679133e+00
      endloop
   endfacet
   facet normal 5.078766e-02 -9.941482e-02 9.937491e-01
      outer loop
         vertex 1.045344e+00 7.046284e-01 -4.679133e+00
         vertex 1.244318e+00 5.158587e-01 -4.708187e+00
         vertex 1.287380e+00 6.920039e-01 -4.692766e+00
      endloop
   endfacet
   facet normal 4.507976e-02 -1.939683e-01 9.799715e-01
      outer loop
         vertex 1.045344e+00 7.046284e-01 -4.679133e+00
         vertex 1.287380e+00 6.920039e-01 -4.692766e+00
         vertex 1.088858e+00 8.046868e-01 -4.661330e+00
      endloop
   endfacet
   facet normal 4.753563e-02 -1.898349e-01 9.806646e-01
      outer loop
         vertex 1.088858e+00 8.046868e-01 -4.661330e+00
         vertex 1.287380e+00 6.920039e-01 -4.692766e+00
         vertex 1.319931e+00 7.862905e-01 -4.676092e+00
      endloop
   endfacet
   facet normal 4.041394e-02 -2.653578e-01 9.633026e-01
      outer loop
         vertex 1.088858e+00 8.046868e-01 -4.661330e+00
         vertex 1.319931e+00 7.862905e-01 -4.676092e+00
         vertex 1.140630e+00 8.935102e-01 -4.639034e+00
      endloop
   endfacet
   facet normal 4.965847e-02 -2.510705e-01 9.666942e-01
      outer loop
         vertex 1.140630e+00 8.935102e-01 -4.639034e+00
         vertex 1.319931e+00 7.862905e-01 -4.676092e+00
         vertex 1.352629e+00 8.628183e-01 -4.657896e+00
      endloop
   endfacet
   facet normal 4.563585e-02 -2.749692e-01 9.603694e-01
      outer loop
         vertex 1.140630e+00 8.935102e-01 -4.639034e+00
         vertex 1.352629e+00 8.628183e-01 -4.657896e+00
         vertex 1.263488e+00 1.063328e+00 -4.596251e+00
      endloop
   endfacet
   facet normal 6.580151e-02 -2.663877e-01 9.616172e-01
      outer loop
         vertex 1.263488e+00 1.063328e+00 -4.596251e+00
         vertex 1.352629e+00 8.628183e-01 -4.657896e+00
         vertex 1.456696e+00 1.063481e+00 -4.609429e+00
      endloop
   endfacet
   facet normal 6.559194e-02 -2.777427e-01 9.584136e-01
      outer loop
         vertex 1.263488e+00 1.063328e+00 -4.596251e+00
         vertex 1.456696e+00 1.063481e+00 -4.609429e+00
         vertex 1.404557e+00 1.237415e+00 -4.555456e+00
      endloop
   endfacet
   facet normal 7.839665e-02 -2.739451e-01 9.585448e-01
      outer loop
         vertex 1.404557e+00 1.237415e+00 -4.555456e+00
         vertex 1.456696e+00 1.063481e+00 -4.609429e+00
         vertex 1.517320e+00 1.168747e+00 -4.584303e+00
      endloop
   endfacet
   facet normal 9.223954e-02 -2.530986e-01 9.630332e-01
      outer loop
         vertex 1.404557e+00 1.237415e+00 -4.555456e+00
         vertex 1.517320e+00 1.168747e+00 -4.584303e+00
         vertex 1.553184e+00 1.422636e+00 -4.521013e+00
      endloop
   endfacet
   facet normal 1.075813e-01 -2.547593e-01 9.610016e-01
      outer loop
         vertex 1.553184e+00 1.422636e+00 -4.521013e+00
         vertex 1.517320e+00 1.168747e+00 -4.584303e+00
         vertex 1.672545e+00 1.435539e+00 -4.530954e+00
      endloop
   endfacet
   facet normal 1.040654e-01 -2.143869e-01 9.711893e-01
      outer loop
         vertex 1.553184e+00 1.422636e+00 -4.521013e+00
         vertex 1.672545e+00 1.435539e+00 -4.530954e+00
         vertex 1.694717e+00 1.477881e+00 -4.523983e+00
      endloop
   endfacet
   facet normal 1.715183e-01 4.844237e-02 9.839892e-01
      outer loop
         vertex 1.948650e+00 2.096493e+00 -4.482999e+00
         vertex 1.940492e+00 2.096001e+00 -4.481552e+00
         vertex 1.948296e+00 2.092708e+00 -4.482750e+00
      endloop
   endfacet
   facet normal 1.637236e-01 2.921308e-02 9.860736e-01
      outer loop
         vertex 1.948296e+00 2.092708e+00 -4.482750e+00
         vertex 1.940492e+00 2.096001e+00 -4.481552e+00
         vertex 1.940041e+00 2.092207e+00 -4.481365e+00
      endloop
   endfacet
   facet normal 1.624491e-01 4.868371e-02 9.855152e-01
      outer loop
         vertex 1.948296e+00 2.092708e+00 -4.482750e+00
         vertex 1.940041e+00 2.092207e+00 -4.481365e+00
         vertex 1.948253e+00 2.088891e+00 -4.482555e+00
      endloop
   endfacet
   facet normal 1.583075e-01 3.801774e-02 9.866577e-01
      outer loop
         vertex 1.948253e+00 2.088891e+00 -4.482555e+00
         vertex 1.940041e+00 2.092207e+00 -4.481365e+00
         vertex 1.939952e+00 2.088386e+00 -4.481203e+00
      endloop
   endfacet
   facet normal 1.578208e-01 4.539669e-02 9.864237e-01
      outer loop
         vertex 1.948253e+00 2.088891e+00 -4.482555e+00
         vertex 1.939952e+00 2.088386e+00 -4.481203e+00
         vertex 1.948874e+00 2.081188e+00 -4.482300e+00
      endloop
   endfacet
   facet normal 1.583744e-01 4.610138e-02 9.863023e-01
      outer loop
         vertex 1.948874e+00 2.081188e+00 -4.482300e+00
         vertex 1.939952e+00 2.088386e+00 -4.481203e+00
         vertex 1.940590e+00 2.080684e+00 -4.480946e+00
      endloop
   endfacet
   facet normal 1.592466e-01 3.280600e-02 9.866936e-01
      outer loop
         vertex 1.948874e+00 2.081188e+00 -4.482300e+00
         vertex 1.940590e+00 2.080684e+00 -4.480946e+00
         vertex 1.951364e+00 2.065657e+00 -4.482185e+00
      endloop
   endfacet
   facet normal 1.863264e-01 5.268306e-02 9.810744e-01
      outer loop
         vertex 1.951364e+00 2.065657e+00 -4.482185e+00
         vertex 1.940590e+00 2.080684e+00 -4.480946e+00
         vertex 1.943311e+00 2.065175e+00 -4.480630e+00
      endloop
   endfacet
   facet normal 1.888177e-01 1.378826e-02 9.819153e-01
      outer loop
         vertex 1.951364e+00 2.065657e+00 -4.482185e+00
         vertex 1.943311e+00 2.065175e+00 -4.480630e+00
         vertex 1.953595e+00 2.050154e+00 -4.482396e+00
      endloop
   endfacet
   facet normal 2.334056e-01 4.556504e-02 9.713113e-01
      outer loop
         vertex 1.953595e+00 2.050154e+00 -4.482396e+00
         vertex 1.943311e+00 2.065175e+00 -4.480630e+00
         vertex 1.945732e+00 2.049696e+00 -4.480485e+00
      endloop
   endfacet
   facet normal 2.367634e-01 -1.123266e-02 9.715024e-01
      outer loop
         vertex 1.953595e+00 2.050154e+00 -4.482396e+00
         vertex 1.945732e+00 2.049696e+00 -4.480485e+00
         vertex 1.954424e+00 2.034807e+00 -4.482776e+00
      endloop
   endfacet
   facet normal 2.833193e-01 1.789226e-02 9.588587e-01
      outer loop
         vertex 1.954424e+00 2.034807e+00 -4.482776e+00
         vertex 1.945732e+00 2.049696e+00 -4.480485e+00
         vertex 1.946530e+00 2.034361e+00 -4.480435e+00
      endloop
   endfacet
   facet normal 2.862497e-01 -4.263467e-02 9.572060e-01
      outer loop
         vertex 1.954424e+00 2.034807e+00 -4.482776e+00
         vertex 1.946530e+00 2.034361e+00 -4.480435e+00
         vertex 1.953982e+00 2.027228e+00 -4.482981e+00
      endloop
   endfacet
   facet normal 3.042662e-01 -2.207205e-02 9.523313e-01
      outer loop
         vertex 1.953982e+00 2.027228e+00 -4.482981e+00
         vertex 1.946530e+00 2.034361e+00 -4.480435e+00
         vertex 1.945938e+00 2.026780e+00 -4.480422e+00
      endloop
   endfacet
   facet normal 3.060937e-01 -7.262896e-02 9.492269e-01
      outer loop
         vertex 1.953982e+00 2.027228e+00 -4.482981e+00
         vertex 1.945938e+00 2.026780e+00 -4.480422e+00
         vertex 1.952797e+00 2.019731e+00 -4.483173e+00
      endloop
   endfacet
   facet normal 3.184579e-01 -5.936729e-02 9.460762e-01
      outer loop
         vertex 1.952797e+00 2.019731e+00 -4.483173e+00
         vertex 1.945938e+00 2.026780e+00 -4.480422e+00
         vertex 1.944486e+00 2.019273e+00 -4.480404e+00
      endloop
   endfacet
   facet normal 3.195367e-01 -1.055208e-01 9.416802e-01
      outer loop
         vertex 1.952797e+00 2.019731e+00 -4.483173e+00
         vertex 1.944486e+00 2.019273e+00 -4.480404e+00
         vertex 1.950845e+00 2.012321e+00 -4.483341e+00
      endloop
   endfacet
   facet normal 3.257678e-01 -9.920860e-02 9.402303e-01
      outer loop
         vertex 1.950845e+00 2.012321e+00 -4.483341e+00
         vertex 1.944486e+00 2.019273e+00 -4.480404e+00
         vertex 1.942147e+00 2.011845e+00 -4.480377e+00
      endloop
   endfacet
   facet normal 3.261628e-01 -1.361107e-01 9.354634e-01
      outer loop
         vertex 1.950845e+00 2.012321e+00 -4.483341e+00
         vertex 1.942147e+00 2.011845e+00 -4.480377e+00
         vertex 1.948207e+00 2.004990e+00 -4.483487e+00
      endloop
   endfacet
   facet normal 3.273627e-01 -1.349369e-01 9.352142e-01
      outer loop
         vertex 1.948207e+00 2.004990e+00 -4.483487e+00
         vertex 1.942147e+00 2.011845e+00 -4.480377e+00
         vertex 1.939014e+00 2.004489e+00 -4.480342e+00
      endloop
   endfacet
   facet normal 3.272900e-01 -1.736084e-01 9.288387e-01
      outer loop
         vertex 1.948207e+00 2.004990e+00 -4.483487e+00
         vertex 1.939014e+00 2.004489e+00 -4.480342e+00
         vertex 1.941206e+00 1.990537e+00 -4.483722e+00
      endloop
   endfacet
   facet normal 3.193259e-01 -1.754472e-01 9.312622e-01
      outer loop
         vertex 1.941206e+00 1.990537e+00 -4.483722e+00
         vertex 1.939014e+00 2.004489e+00 -4.480342e+00
         vertex 1.930753e+00 1.989966e+00 -4.480246e+00
      endloop
   endfacet
   facet normal 3.189368e-01 -2.067660e-01 9.249471e-01
      outer loop
         vertex 1.941206e+00 1.990537e+00 -4.483722e+00
         vertex 1.930753e+00 1.989966e+00 -4.480246e+00
         vertex 1.932470e+00 1.976315e+00 -4.483889e+00
      endloop
   endfacet
   facet normal 3.041834e-01 -2.097643e-01 9.292316e-01
      outer loop
         vertex 1.932470e+00 1.976315e+00 -4.483889e+00
         vertex 1.930753e+00 1.989966e+00 -4.480246e+00
         vertex 1.920485e+00 1.975654e+00 -4.480115e+00
      endloop
   endfacet
   facet normal 3.040976e-01 -2.153683e-01 9.279769e-01
      outer loop
         vertex 1.932470e+00 1.976315e+00 -4.483889e+00
         vertex 1.920485e+00 1.975654e+00 -4.480115e+00
         vertex 1.855381e+00 1.865515e+00 -4.484342e+00
      endloop
   endfacet
   facet normal 2.307433e-01 -1.731403e-01 9.574863e-01
      outer loop
         vertex 1.855381e+00 1.865515e+00 -4.484342e+00
         vertex 1.920485e+00 1.975654e+00 -4.480115e+00
         vertex 1.830064e+00 1.863859e+00 -4.478540e+00
      endloop
   endfacet
   facet normal 2.313363e-01 -2.042880e-01 9.511834e-01
      outer loop
         vertex 1.855381e+00 1.865515e+00 -4.484342e+00
         vertex 1.830064e+00 1.863859e+00 -4.478540e+00
         vertex 1.702135e+00 1.642572e+00 -4.494953e+00
      endloop
   endfacet
   facet normal 1.857510e-01 -1.790441e-01 9.661469e-01
      outer loop
         vertex 1.702135e+00 1.642572e+00 -4.494953e+00
         vertex 1.830064e+00 1.863859e+00 -4.478540e+00
         vertex 1.649924e+00 1.637199e+00 -4.485911e+00
      endloop
   endfacet
   facet normal 1.896576e-01 -2.412161e-01 9.517588e-01
      outer loop
         vertex 1.702135e+00 1.642572e+00 -4.494953e+00
         vertex 1.649924e+00 1.637199e+00 -4.485911e+00
         vertex 1.553184e+00 1.422636e+00 -4.521013e+00
      endloop
   endfacet
   facet normal 1.743338e-01 -2.326507e-03 9.846839e-01
      outer loop
         vertex 1.940358e+00 -1.400290e+00 -4.481553e+00
         vertex 1.948531e+00 -1.400217e+00 -4.482999e+00
         vertex 1.939638e+00 -1.396532e+00 -4.481416e+00
      endloop
   endfacet
   facet normal 1.654481e-01 -2.430280e-02 9.859190e-01
      outer loop
         vertex 1.939638e+00 -1.396532e+00 -4.481416e+00
         vertex 1.948531e+00 -1.400217e+00 -4.482999e+00
         vertex 1.947907e+00 -1.396460e+00 -4.482802e+00
      endloop
   endfacet
   facet normal 1.653870e-01 -1.300583e-02 9.861430e-01
      outer loop
         vertex 1.939638e+00 -1.396532e+00 -4.481416e+00
         vertex 1.947907e+00 -1.396460e+00 -4.482802e+00
         vertex 1.939277e+00 -1.392724e+00 -4.481305e+00
      endloop
   endfacet
   facet normal 1.606725e-01 -2.412454e-02 9.867129e-01
      outer loop
         vertex 1.939277e+00 -1.392724e+00 -4.481305e+00
         vertex 1.947907e+00 -1.396460e+00 -4.482802e+00
         vertex 1.947592e+00 -1.392653e+00 -4.482658e+00
      endloop
   endfacet
   facet normal 1.606590e-01 -2.128565e-02 9.867804e-01
      outer loop
         vertex 1.939277e+00 -1.392724e+00 -4.481305e+00
         vertex 1.947592e+00 -1.392653e+00 -4.482658e+00
         vertex 1.939366e+00 -1.384994e+00 -4.481153e+00
      endloop
   endfacet
   facet normal 1.612613e-01 -2.062218e-02 9.866963e-01
      outer loop
         vertex 1.939366e+00 -1.384994e+00 -4.481153e+00
         vertex 1.947592e+00 -1.392653e+00 -4.482658e+00
         vertex 1.947663e+00 -1.384922e+00 -4.482508e+00
      endloop
   endfacet
   facet normal 1.612732e-01 -2.304440e-02 9.866407e-01
      outer loop
         vertex 1.939366e+00 -1.384994e+00 -4.481153e+00
         vertex 1.947663e+00 -1.384922e+00 -4.482508e+00
         vertex 1.940971e+00 -1.369334e+00 -4.481050e+00
      endloop
   endfacet
   facet normal 1.895749e-01 -1.044164e-02 9.818107e-01
      outer loop
         vertex 1.940971e+00 -1.369334e+00 -4.481050e+00
         vertex 1.947663e+00 -1.384922e+00 -4.482508e+00
         vertex 1.949037e+00 -1.369260e+00 -4.482606e+00
      endloop
   endfacet
   facet normal 1.895827e-01 -1.158845e-02 9.817964e-01
      outer loop
         vertex 1.940971e+00 -1.369334e+00 -4.481050e+00
         vertex 1.949037e+00 -1.369260e+00 -4.482606e+00
         vertex 1.942269e+00 -1.353729e+00 -4.481116e+00
      endloop
   endfacet
   facet normal 2.358341e-01 9.530117e-03 9.717466e-01
      outer loop
         vertex 1.942269e+00 -1.353729e+00 -4.481116e+00
         vertex 1.949037e+00 -1.369260e+00 -4.482606e+00
         vertex 1.950146e+00 -1.353648e+00 -4.483029e+00
      endloop
   endfacet
   facet normal 2.357673e-01 1.484073e-02 9.716962e-01
      outer loop
         vertex 1.942269e+00 -1.353729e+00 -4.481116e+00
         vertex 1.950146e+00 -1.353648e+00 -4.483029e+00
         vertex 1.941948e+00 -1.338379e+00 -4.481273e+00
      endloop
   endfacet
   facet normal 2.832607e-01 4.190048e-02 9.581272e-01
      outer loop
         vertex 1.941948e+00 -1.338379e+00 -4.481273e+00
         vertex 1.950146e+00 -1.353648e+00 -4.483029e+00
         vertex 1.949857e+00 -1.338289e+00 -4.483615e+00
      endloop
   endfacet
   facet normal 2.829604e-01 5.436418e-02 9.575896e-01
      outer loop
         vertex 1.941948e+00 -1.338379e+00 -4.481273e+00
         vertex 1.949857e+00 -1.338289e+00 -4.483615e+00
         vertex 1.940799e+00 -1.330857e+00 -4.481360e+00
      endloop
   endfacet
   facet normal 3.010196e-01 7.856404e-02 9.503762e-01
      outer loop
         vertex 1.940799e+00 -1.330857e+00 -4.481360e+00
         vertex 1.949857e+00 -1.338289e+00 -4.483615e+00
         vertex 1.948860e+00 -1.330763e+00 -4.483921e+00
      endloop
   endfacet
   facet normal 3.005281e-01 9.199762e-02 9.493257e-01
      outer loop
         vertex 1.940799e+00 -1.330857e+00 -4.481360e+00
         vertex 1.948860e+00 -1.330763e+00 -4.483921e+00
         vertex 1.938795e+00 -1.323469e+00 -4.481442e+00
      endloop
   endfacet
   facet normal 3.123463e-01 1.102717e-01 9.435465e-01
      outer loop
         vertex 1.938795e+00 -1.323469e+00 -4.481442e+00
         vertex 1.948860e+00 -1.330763e+00 -4.483921e+00
         vertex 1.947125e+00 -1.323369e+00 -4.484211e+00
      endloop
   endfacet
   facet normal 3.112303e-01 1.328343e-01 9.410052e-01
      outer loop
         vertex 1.938795e+00 -1.323469e+00 -4.481442e+00
         vertex 1.947125e+00 -1.323369e+00 -4.484211e+00
         vertex 1.935913e+00 -1.316218e+00 -4.481512e+00
      endloop
   endfacet
   facet normal 3.170067e-01 1.431958e-01 9.375509e-01
      outer loop
         vertex 1.935913e+00 -1.316218e+00 -4.481512e+00
         vertex 1.947125e+00 -1.323369e+00 -4.484211e+00
         vertex 1.944632e+00 -1.316112e+00 -4.484477e+00
      endloop
   endfacet
   facet normal 3.153387e-01 1.701181e-01 9.336066e-01
      outer loop
         vertex 1.935913e+00 -1.316218e+00 -4.481512e+00
         vertex 1.944632e+00 -1.316112e+00 -4.484477e+00
         vertex 1.932246e+00 -1.309094e+00 -4.481572e+00
      endloop
   endfacet
   facet normal 3.163846e-01 1.722742e-01 9.328571e-01
      outer loop
         vertex 1.932246e+00 -1.309094e+00 -4.481572e+00
         vertex 1.944632e+00 -1.316112e+00 -4.484477e+00
         vertex 1.941462e+00 -1.308982e+00 -4.484718e+00
      endloop
   endfacet
   facet normal 3.131764e-01 2.152142e-01 9.249883e-01
      outer loop
         vertex 1.932246e+00 -1.309094e+00 -4.481572e+00
         vertex 1.941462e+00 -1.308982e+00 -4.484718e+00
         vertex 1.922948e+00 -1.295177e+00 -4.481662e+00
      endloop
   endfacet
   facet normal 3.060846e-01 2.046493e-01 9.297478e-01
      outer loop
         vertex 1.922948e+00 -1.295177e+00 -4.481662e+00
         vertex 1.941462e+00 -1.308982e+00 -4.484718e+00
         vertex 1.933427e+00 -1.295052e+00 -4.485139e+00
      endloop
   endfacet
   facet normal 3.018455e-01 2.544751e-01 9.187664e-01
      outer loop
         vertex 1.922948e+00 -1.295177e+00 -4.481662e+00
         vertex 1.933427e+00 -1.295052e+00 -4.485139e+00
         vertex 1.911679e+00 -1.281620e+00 -4.481714e+00
      endloop
   endfacet
   facet normal 2.891505e-01 2.313320e-01 9.289120e-01
      outer loop
         vertex 1.911679e+00 -1.281620e+00 -4.481714e+00
         vertex 1.933427e+00 -1.295052e+00 -4.485139e+00
         vertex 1.923692e+00 -1.281481e+00 -4.485488e+00
      endloop
   endfacet
   facet normal 2.858161e-01 2.692047e-01 9.196945e-01
      outer loop
         vertex 1.911679e+00 -1.281620e+00 -4.481714e+00
         vertex 1.923692e+00 -1.281481e+00 -4.485488e+00
         vertex 1.813743e+00 -1.178092e+00 -4.481582e+00
      endloop
   endfacet
   facet normal 2.166385e-01 1.942387e-01 9.567335e-01
      outer loop
         vertex 1.813743e+00 -1.178092e+00 -4.481582e+00
         vertex 1.923692e+00 -1.281481e+00 -4.485488e+00
         vertex 1.839111e+00 -1.177799e+00 -4.487386e+00
      endloop
   endfacet
   facet normal 2.119938e-01 2.669556e-01 9.401028e-01
      outer loop
         vertex 1.813743e+00 -1.178092e+00 -4.481582e+00
         vertex 1.839111e+00 -1.177799e+00 -4.487386e+00
         vertex 1.611473e+00 -9.852364e-01 -4.490735e+00
      endloop
   endfacet
   facet normal 1.610331e-01 2.071450e-01 9.649660e-01
      outer loop
         vertex 1.611473e+00 -9.852364e-01 -4.490735e+00
         vertex 1.839111e+00 -1.177799e+00 -4.487386e+00
         vertex 1.663944e+00 -9.839197e-01 -4.499773e+00
      endloop
   endfacet
   facet normal 1.552058e-01 2.925316e-01 9.435764e-01
      outer loop
         vertex 1.611473e+00 -9.852364e-01 -4.490735e+00
         vertex 1.663944e+00 -9.839197e-01 -4.499773e+00
         vertex 1.403868e+00 -7.985928e-01 -4.514450e+00
      endloop
   endfacet
   facet normal 1.304872e-01 2.589098e-01 9.570469e-01
      outer loop
         vertex 1.403868e+00 -7.985928e-01 -4.514450e+00
         vertex 1.663944e+00 -9.839197e-01 -4.499773e+00
         vertex 1.483461e+00 -7.959517e-01 -4.526017e+00
      endloop
   endfacet
   facet normal 1.280288e-01 2.922315e-01 9.477391e-01
      outer loop
         vertex 1.403868e+00 -7.985928e-01 -4.514450e+00
         vertex 1.483461e+00 -7.959517e-01 -4.526017e+00
         vertex 1.206295e+00 -5.909445e-01 -4.551788e+00
      endloop
   endfacet
   facet normal 1.193013e-01 2.810008e-01 9.522635e-01
      outer loop
         vertex 1.206295e+00 -5.909445e-01 -4.551788e+00
         vertex 1.483461e+00 -7.959517e-01 -4.526017e+00
         vertex 1.311698e+00 -5.897118e-01 -4.565357e+00
      endloop
   endfacet
   facet normal 1.178899e-01 3.087219e-01 9.438182e-01
      outer loop
         vertex 1.206295e+00 -5.909445e-01 -4.551788e+00
         vertex 1.311698e+00 -5.897118e-01 -4.565357e+00
         vertex 1.115375e+00 -4.822348e-01 -4.575990e+00
      endloop
   endfacet
   facet normal 1.157481e-01 3.049568e-01 9.453061e-01
      outer loop
         vertex 1.115375e+00 -4.822348e-01 -4.575990e+00
         vertex 1.311698e+00 -5.897118e-01 -4.565357e+00
         vertex 1.232737e+00 -4.821426e-01 -4.590390e+00
      endloop
   endfacet
   facet normal 1.163178e-01 2.902521e-01 9.498547e-01
      outer loop
         vertex 1.115375e+00 -4.822348e-01 -4.575990e+00
         vertex 1.232737e+00 -4.821426e-01 -4.590390e+00
         vertex 1.031911e+00 -3.623291e-01 -4.602409e+00
      endloop
   endfacet
   facet normal 1.166006e-01 2.907086e-01 9.496804e-01
      outer loop
         vertex 1.031911e+00 -3.623291e-01 -4.602409e+00
         vertex 1.232737e+00 -4.821426e-01 -4.590390e+00
         vertex 1.160303e+00 -3.639791e-01 -4.617668e+00
      endloop
   endfacet
   facet normal 1.177824e-01 2.288228e-01 9.663164e-01
      outer loop
         vertex 1.031911e+00 -3.623291e-01 -4.602409e+00
         vertex 1.160303e+00 -3.639791e-01 -4.617668e+00
         vertex 9.590990e-01 -2.309470e-01 -4.624646e+00
      endloop
   endfacet
   facet normal 1.190799e-01 2.307527e-01 9.656983e-01
      outer loop
         vertex 9.590990e-01 -2.309470e-01 -4.624646e+00
         vertex 1.160303e+00 -3.639791e-01 -4.617668e+00
         vertex 1.097364e+00 -2.349424e-01 -4.640740e+00
      endloop
   endfacet
   facet normal 1.188847e-01 1.826279e-01 9.759680e-01
      outer loop
         vertex 9.590990e-01 -2.309470e-01 -4.624646e+00
         vertex 1.097364e+00 -2.349424e-01 -4.640740e+00
         vertex 8.988444e-01 -9.359406e-02 -4.643008e+00
      endloop
   endfacet
   facet normal 1.199884e-01 1.841712e-01 9.755428e-01
      outer loop
         vertex 8.988444e-01 -9.359406e-02 -4.643008e+00
         vertex 1.097364e+00 -2.349424e-01 -4.640740e+00
         vertex 1.045617e+00 -1.002301e-01 -4.659808e+00
      endloop
   endfacet
   facet normal 1.185486e-01 1.298504e-01 9.844212e-01
      outer loop
         vertex 8.988444e-01 -9.359406e-02 -4.643008e+00
         vertex 1.045617e+00 -1.002301e-01 -4.659808e+00
         vertex 8.534384e-01 5.188640e-02 -4.656730e+00
      endloop
   endfacet
   facet normal 1.197383e-01 1.313603e-01 9.840768e-01
      outer loop
         vertex 8.534384e-01 5.188640e-02 -4.656730e+00
         vertex 1.045617e+00 -1.002301e-01 -4.659808e+00
         vertex 1.007056e+00 4.190641e-02 -4.674089e+00
      endloop
   endfacet
   facet normal 1.173257e-01 8.485794e-02 9.894614e-01
      outer loop
         vertex 8.534384e-01 5.188640e-02 -4.656730e+00
         vertex 1.007056e+00 4.190641e-02 -4.674089e+00
         vertex 8.257962e-01 2.055405e-01 -4.666630e+00
      endloop
   endfacet
   facet normal 1.185971e-01 8.627886e-02 9.891869e-01
      outer loop
         vertex 8.257962e-01 2.055405e-01 -4.666630e+00
         vertex 1.007056e+00 4.190641e-02 -4.674089e+00
         vertex 9.842999e-01 1.912652e-01 -4.684388e+00
      endloop
   endfacet
   facet normal 1.152370e-01 4.507932e-02 9.923146e-01
      outer loop
         vertex 8.257962e-01 2.055405e-01 -4.666630e+00
         vertex 9.842999e-01 1.912652e-01 -4.684388e+00
         vertex 8.174134e-01 3.623776e-01 -4.672781e+00
      endloop
   endfacet
   facet normal 1.161160e-01 4.594626e-02 9.921724e-01
      outer loop
         vertex 8.174134e-01 3.623776e-01 -4.672781e+00
         vertex 9.842999e-01 1.912652e-01 -4.684388e+00
         vertex 9.786844e-01 3.435904e-01 -4.690785e+00
      endloop
   endfacet
   facet normal 1.118656e-01 8.005510e-03 9.936911e-01
      outer loop
         vertex 8.174134e-01 3.623776e-01 -4.672781e+00
         vertex 9.786844e-01 3.435904e-01 -4.690785e+00
         vertex 8.283196e-01 5.108890e-01 -4.675205e+00
      endloop
   endfacet
   facet normal 1.120541e-01 8.176963e-03 9.936685e-01
      outer loop
         vertex 8.283196e-01 5.108890e-01 -4.675205e+00
         vertex 9.786844e-01 3.435904e-01 -4.690785e+00
         vertex 9.903187e-01 4.890509e-01 -4.693294e+00
      endloop
   endfacet
   facet normal 1.040241e-01 -5.105504e-02 9.932635e-01
      outer loop
         vertex 8.283196e-01 5.108890e-01 -4.675205e+00
         vertex 9.903187e-01 4.890509e-01 -4.693294e+00
         vertex 8.514327e-01 6.208625e-01 -4.671973e+00
      endloop
   endfacet
   facet normal 1.048576e-01 -5.016991e-02 9.932210e-01
      outer loop
         vertex 8.514327e-01 6.208625e-01 -4.671973e+00
         vertex 9.903187e-01 4.890509e-01 -4.693294e+00
         vertex 1.012650e+00 6.017581e-01 -4.689958e+00
      endloop
   endfacet
   facet normal 9.355310e-02 -1.386814e-01 9.859084e-01
      outer loop
         vertex 8.514327e-01 6.208625e-01 -4.671973e+00
         vertex 1.012650e+00 6.017581e-01 -4.689958e+00
         vertex 8.869910e-01 7.196265e-01 -4.661455e+00
      endloop
   endfacet
   facet normal 9.732840e-02 -1.347016e-01 9.860946e-01
      outer loop
         vertex 8.869910e-01 7.196265e-01 -4.661455e+00
         vertex 1.012650e+00 6.017581e-01 -4.689958e+00
         vertex 1.045344e+00 7.046284e-01 -4.679133e+00
      endloop
   endfacet
   facet normal 8.768888e-02 -2.194746e-01 9.716695e-01
      outer loop
         vertex 8.869910e-01 7.196265e-01 -4.661455e+00
         vertex 1.045344e+00 7.046284e-01 -4.679133e+00
         vertex 9.354923e-01 8.156653e-01 -4.644139e+00
      endloop
   endfacet
   facet normal 9.369329e-02 -2.137591e-01 9.723830e-01
      outer loop
         vertex 9.354923e-01 8.156653e-01 -4.644139e+00
         vertex 1.045344e+00 7.046284e-01 -4.679133e+00
         vertex 1.088858e+00 8.046868e-01 -4.661330e+00
      endloop
   endfacet
   facet normal 8.468025e-02 -3.032662e-01 9.491359e-01
      outer loop
         vertex 9.354923e-01 8.156653e-01 -4.644139e+00
         vertex 1.088858e+00 8.046868e-01 -4.661330e+00
         vertex 9.940974e-01 9.001360e-01 -4.622378e+00
      endloop
   endfacet
   facet normal 9.481581e-02 -2.940014e-01 9.510905e-01
      outer loop
         vertex 9.940974e-01 9.001360e-01 -4.622378e+00
         vertex 1.088858e+00 8.046868e-01 -4.661330e+00
         vertex 1.140630e+00 8.935102e-01 -4.639034e+00
      endloop
   endfacet
   facet normal 9.253231e-02 -3.220915e-01 9.421756e-01
      outer loop
         vertex 9.940974e-01 9.001360e-01 -4.622378e+00
         vertex 1.140630e+00 8.935102e-01 -4.639034e+00
         vertex 1.135333e+00 1.062032e+00 -4.580903e+00
      endloop
   endfacet
   facet normal 1.158257e-01 -3.206408e-01 9.400925e-01
      outer loop
         vertex 1.135333e+00 1.062032e+00 -4.580903e+00
         vertex 1.140630e+00 8.935102e-01 -4.639034e+00
         vertex 1.263488e+00 1.063328e+00 -4.596251e+00
      endloop
   endfacet
   facet normal 1.155452e-01 -3.297143e-01 9.369833e-01
      outer loop
         vertex 1.135333e+00 1.062032e+00 -4.580903e+00
         vertex 1.263488e+00 1.063328e+00 -4.596251e+00
         vertex 1.299485e+00 1.230699e+00 -4.541794e+00
      endloop
   endfacet
   facet normal 1.424957e-01 -3.338250e-01 9.318025e-01
      outer loop
         vertex 1.299485e+00 1.230699e+00 -4.541794e+00
         vertex 1.263488e+00 1.063328e+00 -4.596251e+00
         vertex 1.404557e+00 1.237415e+00 -4.555456e+00
      endloop
   endfacet
   facet normal 1.418876e-01 -3.024747e-01 9.425375e-01
      outer loop
         vertex 1.299485e+00 1.230699e+00 -4.541794e+00
         vertex 1.404557e+00 1.237415e+00 -4.555456e+00
         vertex 1.474083e+00 1.413432e+00 -4.509436e+00
      endloop
   endfacet
   facet normal 1.730674e-01 -3.125582e-01 9.339995e-01
      outer loop
         vertex 1.474083e+00 1.413432e+00 -4.509436e+00
         vertex 1.404557e+00 1.237415e+00 -4.555456e+00
         vertex 1.553184e+00 1.422636e+00 -4.521013e+00
      endloop
   endfacet
   facet normal 1.693155e-01 -2.590379e-01 9.509110e-01
      outer loop
         vertex 1.474083e+00 1.413432e+00 -4.509436e+00
         vertex 1.553184e+00 1.422636e+00 -4.521013e+00
         vertex 1.561157e+00 1.521052e+00 -4.495623e+00
      endloop
   endfacet
   facet normal 2.387265e-01 -2.606712e-01 9.354465e-01
      outer loop
         vertex 1.561157e+00 1.521052e+00 -4.495623e+00
         vertex 1.553184e+00 1.422636e+00 -4.521013e+00
         vertex 1.649924e+00 1.637199e+00 -4.485911e+00
      endloop
   endfacet
   facet normal 5.539279e-01 -4.627452e-01 6.921205e-01
      outer loop
         vertex 1.830064e+00 1.863859e+00 -4.478540e+00
         vertex 1.726858e+00 1.750008e+00 -4.472061e+00
         vertex 1.649924e+00 1.637199e+00 -4.485911e+00
      endloop
   endfacet
   facet normal 4.675200e-01 -4.146884e-01 7.806782e-01
      outer loop
         vertex 1.649924e+00 1.637199e+00 -4.485911e+00
         vertex 1.726858e+00 1.750008e+00 -4.472061e+00
         vertex 1.631705e+00 1.634925e+00 -4.476208e+00
      endloop
   endfacet
   facet normal 4.666678e-01 -4.216685e-01 7.774425e-01
      outer loop
         vertex 1.649924e+00 1.637199e+00 -4.485911e+00
         vertex 1.631705e+00 1.634925e+00 -4.476208e+00
         vertex 1.561157e+00 1.521052e+00 -4.495623e+00
      endloop
   endfacet
   facet normal 4.490834e-01 -4.132839e-01 7.921619e-01
      outer loop
         vertex 1.561157e+00 1.521052e+00 -4.495623e+00
         vertex 1.631705e+00 1.634925e+00 -4.476208e+00
         vertex 1.538273e+00 1.517526e+00 -4.484489e+00
      endloop
   endfacet
   facet normal 4.449059e-01 -4.586898e-01 7.691959e-01
      outer loop
         vertex 1.561157e+00 1.521052e+00 -4.495623e+00
         vertex 1.538273e+00 1.517526e+00 -4.484489e+00
         vertex 1.474083e+00 1.413432e+00 -4.509436e+00
      endloop
   endfacet
   facet normal 4.245398e-01 -4.500680e-01 7.856238e-01
      outer loop
         vertex 1.474083e+00 1.413432e+00 -4.509436e+00
         vertex 1.538273e+00 1.517526e+00 -4.484489e+00
         vertex 1.446531e+00 1.409129e+00 -4.497012e+00
      endloop
   endfacet
   facet normal 4.161606e-01 -5.286415e-01 7.398301e-01
      outer loop
         vertex 1.474083e+00 1.413432e+00 -4.509436e+00
         vertex 1.446531e+00 1.409129e+00 -4.497012e+00
         vertex 1.299485e+00 1.230699e+00 -4.541794e+00
      endloop
   endfacet
   facet normal 3.672944e-01 -4.995917e-01 7.845400e-01
      outer loop
         vertex 1.299485e+00 1.230699e+00 -4.541794e+00
         vertex 1.446531e+00 1.409129e+00 -4.497012e+00
         vertex 1.262815e+00 1.226763e+00 -4.527132e+00
      endloop
   endfacet
   facet normal 3.631151e-01 -5.309351e-01 7.656731e-01
      outer loop
         vertex 1.299485e+00 1.230699e+00 -4.541794e+00
         vertex 1.262815e+00 1.226763e+00 -4.527132e+00
         vertex 1.135333e+00 1.062032e+00 -4.580903e+00
      endloop
   endfacet
   facet normal 3.212719e-01 -5.092394e-01 7.984107e-01
      outer loop
         vertex 1.135333e+00 1.062032e+00 -4.580903e+00
         vertex 1.262815e+00 1.226763e+00 -4.527132e+00
         vertex 1.090501e+00 1.059568e+00 -4.564434e+00
      endloop
   endfacet
   facet normal 3.241662e-01 -4.900881e-01 8.091538e-01
      outer loop
         vertex 1.135333e+00 1.062032e+00 -4.580903e+00
         vertex 1.090501e+00 1.059568e+00 -4.564434e+00
         vertex 9.940974e-01 9.001360e-01 -4.622378e+00
      endloop
   endfacet
   facet normal 2.879513e-01 -4.760980e-01 8.309120e-01
      outer loop
         vertex 9.940974e-01 9.001360e-01 -4.622378e+00
         vertex 1.090501e+00 1.059568e+00 -4.564434e+00
         vertex 9.427174e-01 9.002560e-01 -4.604504e+00
      endloop
   endfacet
   facet normal 2.963995e-01 -4.258679e-01 8.548590e-01
      outer loop
         vertex 9.940974e-01 9.001360e-01 -4.622378e+00
         vertex 9.427174e-01 9.002560e-01 -4.604504e+00
         vertex 9.354923e-01 8.156653e-01 -4.644139e+00
      endloop
   endfacet
   facet normal 2.805973e-01 -4.267940e-01 8.597162e-01
      outer loop
         vertex 9.354923e-01 8.156653e-01 -4.644139e+00
         vertex 9.427174e-01 9.002560e-01 -4.604504e+00
         vertex 8.816830e-01 8.174493e-01 -4.625691e+00
      endloop
   endfacet
   facet normal 2.986648e-01 -3.133599e-01 9.014460e-01
      outer loop
         vertex 9.354923e-01 8.156653e-01 -4.644139e+00
         vertex 8.816830e-01 8.174493e-01 -4.625691e+00
         vertex 8.869910e-01 7.196265e-01 -4.661455e+00
      endloop
   endfacet
   facet normal 2.874151e-01 -3.150855e-01 9.044964e-01
      outer loop
         vertex 8.869910e-01 7.196265e-01 -4.661455e+00
         vertex 8.816830e-01 8.174493e-01 -4.625691e+00
         vertex 8.314698e-01 7.234414e-01 -4.642483e+00
      endloop
   endfacet
   facet normal 3.034087e-01 -2.082632e-01 9.298223e-01
      outer loop
         vertex 8.869910e-01 7.196265e-01 -4.661455e+00
         vertex 8.314698e-01 7.234414e-01 -4.642483e+00
         vertex 8.514327e-01 6.208625e-01 -4.671973e+00
      endloop
   endfacet
   facet normal 2.962912e-01 -2.101835e-01 9.316837e-01
      outer loop
         vertex 8.514327e-01 6.208625e-01 -4.671973e+00
         vertex 8.314698e-01 7.234414e-01 -4.642483e+00
         vertex 7.949751e-01 6.268300e-01 -4.652672e+00
      endloop
   endfacet
   facet normal 3.131893e-01 -9.359873e-02 9.450671e-01
      outer loop
         vertex 8.514327e-01 6.208625e-01 -4.671973e+00
         vertex 7.949751e-01 6.268300e-01 -4.652672e+00
         vertex 8.283196e-01 5.108890e-01 -4.675205e+00
      endloop
   endfacet
   facet normal 4.780727e-01 -1.343953e-02 8.782175e-01
      outer loop
         vertex 1.940492e+00 2.096001e+00 -4.481552e+00
         vertex 1.937637e+00 2.095863e+00 -4.480000e+00
         vertex 1.940041e+00 2.092207e+00 -4.481365e+00
      endloop
   endfacet
   facet normal 4.585326e-01 -3.000458e-02 8.881709e-01
      outer loop
         vertex 1.940041e+00 2.092207e+00 -4.481365e+00
         vertex 1.937637e+00 2.095863e+00 -4.480000e+00
         vertex 1.937153e+00 2.092066e+00 -4.479879e+00
      endloop
   endfacet
   facet normal 4.563671e-01 2.692014e-02 8.893843e-01
      outer loop
         vertex 1.940041e+00 2.092207e+00 -4.481365e+00
         vertex 1.937153e+00 2.092066e+00 -4.479879e+00
         vertex 1.939952e+00 2.088386e+00 -4.481203e+00
      endloop
   endfacet
   facet normal 4.460421e-01 1.709801e-02 8.948487e-01
      outer loop
         vertex 1.939952e+00 2.088386e+00 -4.481203e+00
         vertex 1.937153e+00 2.092066e+00 -4.479879e+00
         vertex 1.937047e+00 2.088243e+00 -4.479753e+00
      endloop
   endfacet
   facet normal 4.431561e-01 6.661544e-02 8.939659e-01
      outer loop
         vertex 1.939952e+00 2.088386e+00 -4.481203e+00
         vertex 1.937047e+00 2.088243e+00 -4.479753e+00
         vertex 1.940590e+00 2.080684e+00 -4.480946e+00
      endloop
   endfacet
   facet normal 4.444178e-01 6.731400e-02 8.932870e-01
      outer loop
         vertex 1.940590e+00 2.080684e+00 -4.480946e+00
         vertex 1.937047e+00 2.088243e+00 -4.479753e+00
         vertex 1.937692e+00 2.080541e+00 -4.479493e+00
      endloop
   endfacet
   facet normal 4.422522e-01 9.575333e-02 8.917647e-01
      outer loop
         vertex 1.940590e+00 2.080684e+00 -4.480946e+00
         vertex 1.937692e+00 2.080541e+00 -4.479493e+00
         vertex 1.943311e+00 2.065175e+00 -4.480630e+00
      endloop
   endfacet
   facet normal 5.017161e-01 1.200943e-01 8.566553e-01
      outer loop
         vertex 1.943311e+00 2.065175e+00 -4.480630e+00
         vertex 1.937692e+00 2.080541e+00 -4.479493e+00
         vertex 1.940493e+00 2.065043e+00 -4.478961e+00
      endloop
   endfacet
   facet normal 5.046214e-01 8.693748e-02 8.589523e-01
      outer loop
         vertex 1.943311e+00 2.065175e+00 -4.480630e+00
         vertex 1.940493e+00 2.065043e+00 -4.478961e+00
         vertex 1.945732e+00 2.049696e+00 -4.480485e+00
      endloop
   endfacet
   facet normal 5.897389e-01 1.220172e-01 7.983232e-01
      outer loop
         vertex 1.945732e+00 2.049696e+00 -4.480485e+00
         vertex 1.940493e+00 2.065043e+00 -4.478961e+00
         vertex 1.942979e+00 2.049581e+00 -4.478435e+00
      endloop
   endfacet
   facet normal 5.962336e-01 3.366646e-02 8.021048e-01
      outer loop
         vertex 1.945732e+00 2.049696e+00 -4.480485e+00
         vertex 1.942979e+00 2.049581e+00 -4.478435e+00
         vertex 1.946530e+00 2.034361e+00 -4.480435e+00
      endloop
   endfacet
   facet normal 6.702656e-01 5.913017e-02 7.397619e-01
      outer loop
         vertex 1.946530e+00 2.034361e+00 -4.480435e+00
         vertex 1.942979e+00 2.049581e+00 -4.478435e+00
         vertex 1.943766e+00 2.034261e+00 -4.477923e+00
      endloop
   endfacet
   facet normal 6.727382e-01 -5.123770e-02 7.381043e-01
      outer loop
         vertex 1.946530e+00 2.034361e+00 -4.480435e+00
         vertex 1.943766e+00 2.034261e+00 -4.477923e+00
         vertex 1.945938e+00 2.026780e+00 -4.480422e+00
      endloop
   endfacet
   facet normal 6.983436e-01 -3.603951e-02 7.148548e-01
      outer loop
         vertex 1.945938e+00 2.026780e+00 -4.480422e+00
         vertex 1.943766e+00 2.034261e+00 -4.477923e+00
         vertex 1.943121e+00 2.026685e+00 -4.477675e+00
      endloop
   endfacet
   facet normal 6.942958e-01 -1.326262e-01 7.073639e-01
      outer loop
         vertex 1.945938e+00 2.026780e+00 -4.480422e+00
         vertex 1.943121e+00 2.026685e+00 -4.477675e+00
         vertex 1.944486e+00 2.019273e+00 -4.480404e+00
      endloop
   endfacet
   facet normal 7.107634e-01 -1.240835e-01 6.924007e-01
      outer loop
         vertex 1.944486e+00 2.019273e+00 -4.480404e+00
         vertex 1.943121e+00 2.026685e+00 -4.477675e+00
         vertex 1.941575e+00 2.019180e+00 -4.477433e+00
      endloop
   endfacet
   facet normal 7.005451e-01 -2.181394e-01 6.794496e-01
      outer loop
         vertex 1.944486e+00 2.019273e+00 -4.480404e+00
         vertex 1.941575e+00 2.019180e+00 -4.477433e+00
         vertex 1.942147e+00 2.011845e+00 -4.480377e+00
      endloop
   endfacet
   facet normal 7.084841e-01 -2.146477e-01 6.722921e-01
      outer loop
         vertex 1.942147e+00 2.011845e+00 -4.480377e+00
         vertex 1.941575e+00 2.019180e+00 -4.477433e+00
         vertex 1.939101e+00 2.011751e+00 -4.477197e+00
      endloop
   endfacet
   facet normal 6.948200e-01 -2.927898e-01 6.568861e-01
      outer loop
         vertex 1.942147e+00 2.011845e+00 -4.480377e+00
         vertex 1.939101e+00 2.011751e+00 -4.477197e+00
         vertex 1.939014e+00 2.004489e+00 -4.480342e+00
      endloop
   endfacet
   facet normal 6.962855e-01 -2.922407e-01 6.555775e-01
      outer loop
         vertex 1.939014e+00 2.004489e+00 -4.480342e+00
         vertex 1.939101e+00 2.011751e+00 -4.477197e+00
         vertex 1.935794e+00 2.004390e+00 -4.476966e+00
      endloop
   endfacet
   facet normal 6.749434e-01 -3.796995e-01 6.326767e-01
      outer loop
         vertex 1.939014e+00 2.004489e+00 -4.480342e+00
         vertex 1.935794e+00 2.004390e+00 -4.476966e+00
         vertex 1.930753e+00 1.989966e+00 -4.480246e+00
      endloop
   endfacet
   facet normal 6.663912e-01 -3.788688e-01 6.421691e-01
      outer loop
         vertex 1.930753e+00 1.989966e+00 -4.480246e+00
         vertex 1.935794e+00 2.004390e+00 -4.476966e+00
         vertex 1.927093e+00 1.989852e+00 -4.476514e+00
      endloop
   endfacet
   facet normal 6.424740e-01 -4.553135e-01 6.163738e-01
      outer loop
         vertex 1.930753e+00 1.989966e+00 -4.480246e+00
         vertex 1.927093e+00 1.989852e+00 -4.476514e+00
         vertex 1.920485e+00 1.975654e+00 -4.480115e+00
      endloop
   endfacet
   facet normal 6.268123e-01 -4.525627e-01 6.342660e-01
      outer loop
         vertex 1.920485e+00 1.975654e+00 -4.480115e+00
         vertex 1.927093e+00 1.989852e+00 -4.476514e+00
         vertex 1.916289e+00 1.975516e+00 -4.476066e+00
      endloop
   endfacet
   facet normal 6.142582e-01 -4.880863e-01 6.200473e-01
      outer loop
         vertex 1.920485e+00 1.975654e+00 -4.480115e+00
         vertex 1.916289e+00 1.975516e+00 -4.476066e+00
         vertex 1.830064e+00 1.863859e+00 -4.478540e+00
      endloop
   endfacet
   facet normal 5.352522e-01 -4.294538e-01 7.273750e-01
      outer loop
         vertex 1.830064e+00 1.863859e+00 -4.478540e+00
         vertex 1.916289e+00 1.975516e+00 -4.476066e+00
         vertex 1.821206e+00 1.863364e+00 -4.472314e+00
      endloop
   endfacet
   facet normal 5.323518e-01 -4.414695e-01 7.222924e-01
      outer loop
         vertex 1.830064e+00 1.863859e+00 -4.478540e+00
         vertex 1.821206e+00 1.863364e+00 -4.472314e+00
         vertex 1.726858e+00 1.750008e+00 -4.472061e+00
      endloop
   endfacet
   facet normal 2.521023e-01 -1.142507e-01 9.609325e-01
      outer loop
         vertex 7.949751e-01 6.268300e-01 -4.652672e+00
         vertex 7.821966e-01 5.774683e-01 -4.655189e+00
         vertex 8.283196e-01 5.108890e-01 -4.675205e+00
      endloop
   endfacet
   facet normal 3.155072e-01 -6.602483e-02 9.466234e-01
      outer loop
         vertex 8.283196e-01 5.108890e-01 -4.675205e+00
         vertex 7.821966e-01 5.774683e-01 -4.655189e+00
         vertex 7.716744e-01 5.185075e-01 -4.655794e+00
      endloop
   endfacet
   facet normal 3.231643e-01 -8.285055e-03 9.463066e-01
      outer loop
         vertex 8.283196e-01 5.108890e-01 -4.675205e+00
         vertex 7.716744e-01 5.185075e-01 -4.655794e+00
         vertex 8.174134e-01 3.623776e-01 -4.672781e+00
      endloop
   endfacet
   facet normal 3.234732e-01 -8.183185e-03 9.462020e-01
      outer loop
         vertex 8.174134e-01 3.623776e-01 -4.672781e+00
         vertex 7.716744e-01 5.185075e-01 -4.655794e+00
         vertex 7.610750e-01 3.693870e-01 -4.653460e+00
      endloop
   endfacet
   facet normal 3.299828e-01 5.459971e-02 9.424066e-01
      outer loop
         vertex 8.174134e-01 3.623776e-01 -4.672781e+00
         vertex 7.610750e-01 3.693870e-01 -4.653460e+00
         vertex 8.257962e-01 2.055405e-01 -4.666630e+00
      endloop
   endfacet
   facet normal 3.301884e-01 5.468710e-02 9.423295e-01
      outer loop
         vertex 8.257962e-01 2.055405e-01 -4.666630e+00
         vertex 7.610750e-01 3.693870e-01 -4.653460e+00
         vertex 7.704444e-01 2.113619e-01 -4.647573e+00
      endloop
   endfacet
   facet normal 3.344670e-01 1.203923e-01 9.346858e-01
      outer loop
         vertex 8.257962e-01 2.055405e-01 -4.666630e+00
         vertex 7.704444e-01 2.113619e-01 -4.647573e+00
         vertex 8.534384e-01 5.188640e-02 -4.656730e+00
      endloop
   endfacet
   facet normal 3.350355e-01 1.207021e-01 9.344422e-01
      outer loop
         vertex 8.534384e-01 5.188640e-02 -4.656730e+00
         vertex 7.704444e-01 2.113619e-01 -4.647573e+00
         vertex 7.997914e-01 5.658043e-02 -4.638101e+00
      endloop
   endfacet
   facet normal 3.368735e-01 1.920807e-01 9.217490e-01
      outer loop
         vertex 8.534384e-01 5.188640e-02 -4.656730e+00
         vertex 7.997914e-01 5.658043e-02 -4.638101e+00
         vertex 8.988444e-01 -9.359406e-02 -4.643008e+00
      endloop
   endfacet
   facet normal 3.386767e-01 1.933000e-01 9.208329e-01
      outer loop
         vertex 8.988444e-01 -9.359406e-02 -4.643008e+00
         vertex 7.997914e-01 5.658043e-02 -4.638101e+00
         vertex 8.475744e-01 -8.964414e-02 -4.624981e+00
      endloop
   endfacet
   facet normal 3.378687e-01 2.688032e-01 9.019920e-01
      outer loop
         vertex 8.988444e-01 -9.359406e-02 -4.643008e+00
         vertex 8.475744e-01 -8.964414e-02 -4.624981e+00
         vertex 9.590990e-01 -2.309470e-01 -4.624646e+00
      endloop
   endfacet
   facet normal 3.409534e-01 2.712333e-01 9.001018e-01
      outer loop
         vertex 9.590990e-01 -2.309470e-01 -4.624646e+00
         vertex 8.475744e-01 -8.964414e-02 -4.624981e+00
         vertex 9.107728e-01 -2.275145e-01 -4.607374e+00
      endloop
   endfacet
   facet normal 3.380426e-01 3.361229e-01 8.790612e-01
      outer loop
         vertex 9.590990e-01 -2.309470e-01 -4.624646e+00
         vertex 9.107728e-01 -2.275145e-01 -4.607374e+00
         vertex 1.031911e+00 -3.623291e-01 -4.602409e+00
      endloop
   endfacet
   facet normal 3.418431e-01 3.394368e-01 8.763138e-01
      outer loop
         vertex 1.031911e+00 -3.623291e-01 -4.602409e+00
         vertex 9.107728e-01 -2.275145e-01 -4.607374e+00
         vertex 9.869876e-01 -3.593610e-01 -4.586035e+00
      endloop
   endfacet
   facet normal 3.352330e-01 4.192486e-01 8.437117e-01
      outer loop
         vertex 1.031911e+00 -3.623291e-01 -4.602409e+00
         vertex 9.869876e-01 -3.593610e-01 -4.586035e+00
         vertex 1.115375e+00 -4.822348e-01 -4.575990e+00
      endloop
   endfacet
   facet normal 3.401194e-01 4.239994e-01 8.393708e-01
      outer loop
         vertex 1.115375e+00 -4.822348e-01 -4.575990e+00
         vertex 9.869876e-01 -3.593610e-01 -4.586035e+00
         vertex 1.074270e+00 -4.798536e-01 -4.560537e+00
      endloop
   endfacet
   facet normal 3.352742e-01 4.630688e-01 8.204624e-01
      outer loop
         vertex 1.115375e+00 -4.822348e-01 -4.575990e+00
         vertex 1.074270e+00 -4.798536e-01 -4.560537e+00
         vertex 1.206295e+00 -5.909445e-01 -4.551788e+00
      endloop
   endfacet
   facet normal 3.409977e-01 4.694000e-01 8.144840e-01
      outer loop
         vertex 1.206295e+00 -5.909445e-01 -4.551788e+00
         vertex 1.074270e+00 -4.798536e-01 -4.560537e+00
         vertex 1.169365e+00 -5.893830e-01 -4.537227e+00
      endloop
   endfacet
   facet normal 3.408050e-01 4.706112e-01 8.138655e-01
      outer loop
         vertex 1.206295e+00 -5.909445e-01 -4.551788e+00
         vertex 1.169365e+00 -5.893830e-01 -4.537227e+00
         vertex 1.403868e+00 -7.985928e-01 -4.514450e+00
      endloop
   endfacet
   facet normal 3.581300e-01 4.880793e-01 7.959407e-01
      outer loop
         vertex 1.403868e+00 -7.985928e-01 -4.514450e+00
         vertex 1.169365e+00 -5.893830e-01 -4.537227e+00
         vertex 1.375977e+00 -7.983694e-01 -4.502038e+00
      endloop
   endfacet
   facet normal 3.561915e-01 4.967577e-01 7.914287e-01
      outer loop
         vertex 1.403868e+00 -7.985928e-01 -4.514450e+00
         vertex 1.375977e+00 -7.983694e-01 -4.502038e+00
         vertex 1.611473e+00 -9.852364e-01 -4.490735e+00
      endloop
   endfacet
   facet normal 3.925012e-01 5.396937e-01 7.447640e-01
      outer loop
         vertex 1.611473e+00 -9.852364e-01 -4.490735e+00
         vertex 1.375977e+00 -7.983694e-01 -4.502038e+00
         vertex 1.593112e+00 -9.852691e-01 -4.481034e+00
      endloop
   endfacet
   facet normal 4.118913e-01 4.690716e-01 7.812282e-01
      outer loop
         vertex 1.611473e+00 -9.852364e-01 -4.490735e+00
         vertex 1.593112e+00 -9.852691e-01 -4.481034e+00
         vertex 1.813743e+00 -1.178092e+00 -4.481582e+00
      endloop
   endfacet
   facet normal 4.767796e-01 5.435753e-01 6.908018e-01
      outer loop
         vertex 1.813743e+00 -1.178092e+00 -4.481582e+00
         vertex 1.593112e+00 -9.852691e-01 -4.481034e+00
         vertex 1.804874e+00 -1.178227e+00 -4.475355e+00
      endloop
   endfacet
   facet normal 5.013544e-01 4.733476e-01 7.242830e-01
      outer loop
         vertex 1.813743e+00 -1.178092e+00 -4.481582e+00
         vertex 1.804874e+00 -1.178227e+00 -4.475355e+00
         vertex 1.911679e+00 -1.281620e+00 -4.481714e+00
      endloop
   endfacet
   facet normal 5.712033e-01 5.527257e-01 6.068123e-01
      outer loop
         vertex 1.911679e+00 -1.281620e+00 -4.481714e+00
         vertex 1.804874e+00 -1.178227e+00 -4.475355e+00
         vertex 1.907478e+00 -1.281726e+00 -4.477664e+00
      endloop
   endfacet
   facet normal 5.955881e-01 4.975302e-01 6.306652e-01
      outer loop
         vertex 1.911679e+00 -1.281620e+00 -4.481714e+00
         vertex 1.907478e+00 -1.281726e+00 -4.477664e+00
         vertex 1.922948e+00 -1.295177e+00 -4.481662e+00
      endloop
   endfacet
   facet normal 6.048926e-01 5.152110e-01 6.071758e-01
      outer loop
         vertex 1.922948e+00 -1.295177e+00 -4.481662e+00
         vertex 1.907478e+00 -1.281726e+00 -4.477664e+00
         vertex 1.919284e+00 -1.295273e+00 -4.477930e+00
      endloop
   endfacet
   facet normal 6.384199e-01 4.306637e-01 6.379254e-01
      outer loop
         vertex 1.922948e+00 -1.295177e+00 -4.481662e+00
         vertex 1.919284e+00 -1.295273e+00 -4.477930e+00
         vertex 1.932246e+00 -1.309094e+00 -4.481572e+00
      endloop
   endfacet
   facet normal 6.442669e-01 4.392714e-01 6.260678e-01
      outer loop
         vertex 1.932246e+00 -1.309094e+00 -4.481572e+00
         vertex 1.919284e+00 -1.295273e+00 -4.477930e+00
         vertex 1.929024e+00 -1.309180e+00 -4.478196e+00
      endloop
   endfacet
   facet normal 6.727034e-01 3.516916e-01 6.509863e-01
      outer loop
         vertex 1.932246e+00 -1.309094e+00 -4.481572e+00
         vertex 1.929024e+00 -1.309180e+00 -4.478196e+00
         vertex 1.935913e+00 -1.316218e+00 -4.481512e+00
      endloop
   endfacet
   facet normal 6.718884e-01 3.500921e-01 6.526879e-01
      outer loop
         vertex 1.935913e+00 -1.316218e+00 -4.481512e+00
         vertex 1.929024e+00 -1.309180e+00 -4.478196e+00
         vertex 1.932864e+00 -1.316299e+00 -4.478331e+00
      endloop
   endfacet
   facet normal 6.894733e-01 2.805295e-01 6.677797e-01
      outer loop
         vertex 1.935913e+00 -1.316218e+00 -4.481512e+00
         vertex 1.932864e+00 -1.316299e+00 -4.478331e+00
         vertex 1.938795e+00 -1.323469e+00 -4.481442e+00
      endloop
   endfacet
   facet normal 6.839096e-01 2.719293e-01 6.769949e-01
      outer loop
         vertex 1.938795e+00 -1.323469e+00 -4.481442e+00
         vertex 1.932864e+00 -1.316299e+00 -4.478331e+00
         vertex 1.935882e+00 -1.323544e+00 -4.478469e+00
      endloop
   endfacet
   facet normal 6.977968e-01 1.968938e-01 6.887034e-01
      outer loop
         vertex 1.938795e+00 -1.323469e+00 -4.481442e+00
         vertex 1.935882e+00 -1.323544e+00 -4.478469e+00
         vertex 1.940799e+00 -1.330857e+00 -4.481360e+00
      endloop
   endfacet
   facet normal 6.843323e-01 1.808516e-01 7.063866e-01
      outer loop
         vertex 1.940799e+00 -1.330857e+00 -4.481360e+00
         vertex 1.935882e+00 -1.323544e+00 -4.478469e+00
         vertex 1.937981e+00 -1.330927e+00 -4.478612e+00
      endloop
   endfacet
   facet normal 6.921449e-01 1.140112e-01 7.126969e-01
      outer loop
         vertex 1.940799e+00 -1.330857e+00 -4.481360e+00
         vertex 1.937981e+00 -1.330927e+00 -4.478612e+00
         vertex 1.941948e+00 -1.338379e+00 -4.481273e+00
      endloop
   endfacet
   facet normal 6.686095e-01 9.250326e-02 7.378377e-01
      outer loop
         vertex 1.941948e+00 -1.338379e+00 -4.481273e+00
         vertex 1.937981e+00 -1.330927e+00 -4.478612e+00
         vertex 1.939183e+00 -1.338443e+00 -4.478759e+00
      endloop
   endfacet
   facet normal 6.722473e-01 2.161859e-02 7.400109e-01
      outer loop
         vertex 1.941948e+00 -1.338379e+00 -4.481273e+00
         vertex 1.939183e+00 -1.338443e+00 -4.478759e+00
         vertex 1.942269e+00 -1.353729e+00 -4.481116e+00
      endloop
   endfacet
   facet normal 5.977177e-01 -2.947127e-03 8.017012e-01
      outer loop
         vertex 1.942269e+00 -1.353729e+00 -4.481116e+00
         vertex 1.939183e+00 -1.338443e+00 -4.478759e+00
         vertex 1.939515e+00 -1.353785e+00 -4.479063e+00
      endloop
   endfacet
   facet normal 5.976407e-01 -4.632283e-02 8.004247e-01
      outer loop
         vertex 1.942269e+00 -1.353729e+00 -4.481116e+00
         vertex 1.939515e+00 -1.353785e+00 -4.479063e+00
         vertex 1.940971e+00 -1.369334e+00 -4.481050e+00
      endloop
   endfacet
   facet normal 5.095014e-01 -6.195753e-02 8.582363e-01
      outer loop
         vertex 1.940971e+00 -1.369334e+00 -4.481050e+00
         vertex 1.939515e+00 -1.353785e+00 -4.479063e+00
         vertex 1.938150e+00 -1.369383e+00 -4.479379e+00
      endloop
   endfacet
   facet normal 5.095740e-01 -5.790023e-02 8.584765e-01
      outer loop
         vertex 1.940971e+00 -1.369334e+00 -4.481050e+00
         vertex 1.938150e+00 -1.369383e+00 -4.479379e+00
         vertex 1.939366e+00 -1.384994e+00 -4.481153e+00
      endloop
   endfacet
   facet normal 4.478468e-01 -6.647357e-02 8.916359e-01
      outer loop
         vertex 1.939366e+00 -1.384994e+00 -4.481153e+00
         vertex 1.938150e+00 -1.369383e+00 -4.479379e+00
         vertex 1.936464e+00 -1.385039e+00 -4.479699e+00
      endloop
   endfacet
   facet normal 4.481820e-01 -2.275930e-02 8.936526e-01
      outer loop
         vertex 1.939366e+00 -1.384994e+00 -4.481153e+00
         vertex 1.936464e+00 -1.385039e+00 -4.479699e+00
         vertex 1.939277e+00 -1.392724e+00 -4.481305e+00
      endloop
   endfacet
   facet normal 4.467208e-01 -2.344307e-02 8.943662e-01
      outer loop
         vertex 1.939277e+00 -1.392724e+00 -4.481305e+00
         vertex 1.936464e+00 -1.385039e+00 -4.479699e+00
         vertex 1.936369e+00 -1.392769e+00 -4.479854e+00
      endloop
   endfacet
   facet normal 4.462936e-01 1.630914e-02 8.947380e-01
      outer loop
         vertex 1.939277e+00 -1.392724e+00 -4.481305e+00
         vertex 1.936369e+00 -1.392769e+00 -4.479854e+00
         vertex 1.939638e+00 -1.396532e+00 -4.481416e+00
      endloop
   endfacet
   facet normal 4.569428e-01 2.791592e-02 8.890579e-01
      outer loop
         vertex 1.939638e+00 -1.396532e+00 -4.481416e+00
         vertex 1.936369e+00 -1.392769e+00 -4.479854e+00
         vertex 1.936747e+00 -1.396578e+00 -4.479929e+00
      endloop
   endfacet
   facet normal 4.560848e-01 5.519723e-02 8.882229e-01
      outer loop
         vertex 1.939638e+00 -1.396532e+00 -4.481416e+00
         vertex 1.936747e+00 -1.396578e+00 -4.479929e+00
         vertex 1.940358e+00 -1.400290e+00 -4.481553e+00
      endloop
   endfacet
   facet normal 4.749325e-01 7.866076e-02 8.764997e-01
      outer loop
         vertex 1.940358e+00 -1.400290e+00 -4.481553e+00
         vertex 1.936747e+00 -1.396578e+00 -4.479929e+00
         vertex 1.937501e+00 -1.400337e+00 -4.480000e+00
      endloop
   endfacet
   facet normal 4.756954e-01 9.256191e-02 -8.747263e-01
      outer loop
         vertex 1.940359e+00 -1.400352e+00 -4.478448e+00
         vertex 1.937501e+00 -1.400337e+00 -4.480000e+00
         vertex 1.939638e+00 -1.396592e+00 -4.478442e+00
      endloop
   endfacet
   facet normal 4.551719e-01 1.080635e-01 -8.838217e-01
      outer loop
         vertex 1.939638e+00 -1.396592e+00 -4.478442e+00
         vertex 1.937501e+00 -1.400337e+00 -4.480000e+00
         vertex 1.936747e+00 -1.396578e+00 -4.479929e+00
      endloop
   endfacet
   facet normal 4.570052e-01 5.226420e-02 -8.879272e-01
      outer loop
         vertex 1.939638e+00 -1.396592e+00 -4.478442e+00
         vertex 1.936747e+00 -1.396578e+00 -4.479929e+00
         vertex 1.939277e+00 -1.392783e+00 -4.478403e+00
      endloop
   endfacet
   facet normal 4.459087e-01 6.168097e-02 -8.929507e-01
      outer loop
         vertex 1.939277e+00 -1.392783e+00 -4.478403e+00
         vertex 1.936747e+00 -1.396578e+00 -4.479929e+00
         vertex 1.936369e+00 -1.392769e+00 -4.479854e+00
      endloop
   endfacet
   facet normal 4.465367e-01 1.318587e-02 -8.946682e-01
      outer loop
         vertex 1.939277e+00 -1.392783e+00 -4.478403e+00
         vertex 1.936369e+00 -1.392769e+00 -4.479854e+00
         vertex 1.939366e+00 -1.385052e+00 -4.478245e+00
      endloop
   endfacet
   facet normal 4.481154e-01 1.241043e-02 -8.938896e-01
      outer loop
         vertex 1.939366e+00 -1.385052e+00 -4.478245e+00
         vertex 1.936369e+00 -1.392769e+00 -4.479854e+00
         vertex 1.936464e+00 -1.385039e+00 -4.479699e+00
      endloop
   endfacet
   facet normal 4.479928e-01 -1.528254e-02 -8.939065e-01
      outer loop
         vertex 1.939366e+00 -1.385052e+00 -4.478245e+00
         vertex 1.936464e+00 -1.385039e+00 -4.479699e+00
         vertex 1.940971e+00 -1.369401e+00 -4.477708e+00
      endloop
   endfacet
   facet normal 5.091182e-01 -3.722899e-02 -8.598911e-01
      outer loop
         vertex 1.940971e+00 -1.369401e+00 -4.477708e+00
         vertex 1.936464e+00 -1.385039e+00 -4.479699e+00
         vertex 1.938150e+00 -1.369383e+00 -4.479379e+00
      endloop
   endfacet
   facet normal 5.096240e-01 -3.960735e-03 -8.603881e-01
      outer loop
         vertex 1.940971e+00 -1.369401e+00 -4.477708e+00
         vertex 1.938150e+00 -1.369383e+00 -4.479379e+00
         vertex 1.942270e+00 -1.353810e+00 -4.477011e+00
      endloop
   endfacet
   facet normal 5.969290e-01 -3.601395e-02 -8.014853e-01
      outer loop
         vertex 1.942270e+00 -1.353810e+00 -4.477011e+00
         vertex 1.938150e+00 -1.369383e+00 -4.479379e+00
         vertex 1.939515e+00 -1.353785e+00 -4.479063e+00
      endloop
   endfacet
   facet normal 5.970173e-01 5.248643e-02 -8.005095e-01
      outer loop
         vertex 1.942270e+00 -1.353810e+00 -4.477011e+00
         vertex 1.939515e+00 -1.353785e+00 -4.479063e+00
         vertex 1.941948e+00 -1.338478e+00 -4.476245e+00
      endloop
   endfacet
   facet normal 6.724647e-01 2.927008e-02 -7.395502e-01
      outer loop
         vertex 1.941948e+00 -1.338478e+00 -4.476245e+00
         vertex 1.939515e+00 -1.353785e+00 -4.479063e+00
         vertex 1.939183e+00 -1.338443e+00 -4.478759e+00
      endloop
   endfacet
   facet normal 6.669634e-01 1.391580e-01 -7.319801e-01
      outer loop
         vertex 1.941948e+00 -1.338478e+00 -4.476245e+00
         vertex 1.939183e+00 -1.338443e+00 -4.478759e+00
         vertex 1.940800e+00 -1.330967e+00 -4.475864e+00
      endloop
   endfacet
   facet normal 6.935185e-01 1.247326e-01 -7.095589e-01
      outer loop
         vertex 1.940800e+00 -1.330967e+00 -4.475864e+00
         vertex 1.939183e+00 -1.338443e+00 -4.478759e+00
         vertex 1.937981e+00 -1.330927e+00 -4.478612e+00
      endloop
   endfacet
   facet normal 6.825483e-01 2.200106e-01 -6.969384e-01
      outer loop
         vertex 1.940800e+00 -1.330967e+00 -4.475864e+00
         vertex 1.937981e+00 -1.330927e+00 -4.478612e+00
         vertex 1.938796e+00 -1.323588e+00 -4.475497e+00
      endloop
   endfacet
   facet normal 6.995272e-01 2.119738e-01 -6.824433e-01
      outer loop
         vertex 1.938796e+00 -1.323588e+00 -4.475497e+00
         vertex 1.937981e+00 -1.330927e+00 -4.478612e+00
         vertex 1.935882e+00 -1.323544e+00 -4.478469e+00
      endloop
   endfacet
   facet normal 6.827204e-01 3.036115e-01 -6.646149e-01
      outer loop
         vertex 1.938796e+00 -1.323588e+00 -4.475497e+00
         vertex 1.935882e+00 -1.323544e+00 -4.478469e+00
         vertex 1.935914e+00 -1.316347e+00 -4.475150e+00
      endloop
   endfacet
   facet normal 6.908284e-01 3.003738e-01 -6.576714e-01
      outer loop
         vertex 1.935914e+00 -1.316347e+00 -4.475150e+00
         vertex 1.935882e+00 -1.323544e+00 -4.478469e+00
         vertex 1.932864e+00 -1.316299e+00 -4.478331e+00
      endloop
   endfacet
   facet normal 6.717974e-01 3.758793e-01 -6.382813e-01
      outer loop
         vertex 1.935914e+00 -1.316347e+00 -4.475150e+00
         vertex 1.932864e+00 -1.316299e+00 -4.478331e+00
         vertex 1.932247e+00 -1.309232e+00 -4.474819e+00
      endloop
   endfacet
   facet normal 6.733621e-01 3.753507e-01 -6.369422e-01
      outer loop
         vertex 1.932247e+00 -1.309232e+00 -4.474819e+00
         vertex 1.932864e+00 -1.316299e+00 -4.478331e+00
         vertex 1.929024e+00 -1.309180e+00 -4.478196e+00
      endloop
   endfacet
   facet normal 6.460545e-01 4.593772e-01 -6.095786e-01
      outer loop
         vertex 1.932247e+00 -1.309232e+00 -4.474819e+00
         vertex 1.929024e+00 -1.309180e+00 -4.478196e+00
         vertex 1.922948e+00 -1.295331e+00 -4.474198e+00
      endloop
   endfacet
   facet normal 6.376992e-01 4.584349e-01 -6.190130e-01
      outer loop
         vertex 1.922948e+00 -1.295331e+00 -4.474198e+00
         vertex 1.929024e+00 -1.309180e+00 -4.478196e+00
         vertex 1.919284e+00 -1.295273e+00 -4.477930e+00
      endloop
   endfacet
   facet normal 6.084504e-01 5.316987e-01 -5.891388e-01
      outer loop
         vertex 1.922948e+00 -1.295331e+00 -4.474198e+00
         vertex 1.919284e+00 -1.295273e+00 -4.477930e+00
         vertex 1.911680e+00 -1.281789e+00 -4.473615e+00
      endloop
   endfacet
   facet normal 5.931478e-01 5.288088e-01 -6.070725e-01
      outer loop
         vertex 1.911680e+00 -1.281789e+00 -4.473615e+00
         vertex 1.919284e+00 -1.295273e+00 -4.477930e+00
         vertex 1.907478e+00 -1.281726e+00 -4.477664e+00
      endloop
   endfacet
   facet normal 5.750897e-01 5.690909e-01 -5.877137e-01
      outer loop
         vertex 1.911680e+00 -1.281789e+00 -4.473615e+00
         vertex 1.907478e+00 -1.281726e+00 -4.477664e+00
         vertex 1.813744e+00 -1.178187e+00 -4.469127e+00
      endloop
   endfacet
   facet normal 4.942167e-01 5.057201e-01 -7.071047e-01
      outer loop
         vertex 1.813744e+00 -1.178187e+00 -4.469127e+00
         vertex 1.907478e+00 -1.281726e+00 -4.477664e+00
         vertex 1.804874e+00 -1.178227e+00 -4.475355e+00
      endloop
   endfacet
   facet normal 4.939471e-01 5.065127e-01 -7.067256e-01
      outer loop
         vertex 1.813744e+00 -1.178187e+00 -4.469127e+00
         vertex 1.804874e+00 -1.178227e+00 -4.475355e+00
         vertex 1.611427e+00 -9.839678e-01 -4.471334e+00
      endloop
   endfacet
   facet normal 4.020191e-01 4.172116e-01 -8.150553e-01
      outer loop
         vertex 1.611427e+00 -9.839678e-01 -4.471334e+00
         vertex 1.804874e+00 -1.178227e+00 -4.475355e+00
         vertex 1.593112e+00 -9.852691e-01 -4.481034e+00
      endloop
   endfacet
   facet normal 4.131253e-01 3.741767e-01 -8.302525e-01
      outer loop
         vertex 1.611427e+00 -9.839678e-01 -4.471334e+00
         vertex 1.593112e+00 -9.852691e-01 -4.481034e+00
         vertex 1.403687e+00 -7.951904e-01 -4.489625e+00
      endloop
   endfacet
   facet normal 3.573414e-01 3.163927e-01 -8.787507e-01
      outer loop
         vertex 1.403687e+00 -7.951904e-01 -4.489625e+00
         vertex 1.593112e+00 -9.852691e-01 -4.481034e+00
         vertex 1.375977e+00 -7.983694e-01 -4.502038e+00
      endloop
   endfacet
   facet normal 3.786859e-01 2.145434e-01 -9.003156e-01
      outer loop
         vertex 1.403687e+00 -7.951904e-01 -4.489625e+00
         vertex 1.375977e+00 -7.983694e-01 -4.502038e+00
         vertex 1.206071e+00 -5.850334e-01 -4.522665e+00
      endloop
   endfacet
   facet normal 3.434493e-01 1.844925e-01 -9.208719e-01
      outer loop
         vertex 1.206071e+00 -5.850334e-01 -4.522665e+00
         vertex 1.375977e+00 -7.983694e-01 -4.502038e+00
         vertex 1.169365e+00 -5.893830e-01 -4.537227e+00
      endloop
   endfacet
   facet normal 3.559408e-01 1.049407e-01 -9.285976e-01
      outer loop
         vertex 1.206071e+00 -5.850334e-01 -4.522665e+00
         vertex 1.169365e+00 -5.893830e-01 -4.537227e+00
         vertex 1.115166e+00 -4.750750e-01 -4.545084e+00
      endloop
   endfacet
   facet normal 3.417491e-01 9.779298e-02 -9.346893e-01
      outer loop
         vertex 1.115166e+00 -4.750750e-01 -4.545084e+00
         vertex 1.169365e+00 -5.893830e-01 -4.537227e+00
         vertex 1.074270e+00 -4.798536e-01 -4.560537e+00
      endloop
   endfacet
   facet normal 3.479062e-01 4.997293e-02 -9.361965e-01
      outer loop
         vertex 1.115166e+00 -4.750750e-01 -4.545084e+00
         vertex 1.074270e+00 -4.798536e-01 -4.560537e+00
         vertex 1.031818e+00 -3.552354e-01 -4.569660e+00
      endloop
   endfacet
   facet normal 3.389183e-01 4.665775e-02 -9.396581e-01
      outer loop
         vertex 1.031818e+00 -3.552354e-01 -4.569660e+00
         vertex 1.074270e+00 -4.798536e-01 -4.560537e+00
         vertex 9.869876e-01 -3.593610e-01 -4.586035e+00
      endloop
   endfacet
   facet normal 3.393837e-01 4.183515e-02 -9.397173e-01
      outer loop
         vertex 1.031818e+00 -3.552354e-01 -4.569660e+00
         vertex 9.869876e-01 -3.593610e-01 -4.586035e+00
         vertex 9.591513e-01 -2.249085e-01 -4.590102e+00
      endloop
   endfacet
   facet normal 3.340077e-01 4.066236e-02 -9.416929e-01
      outer loop
         vertex 9.591513e-01 -2.249085e-01 -4.590102e+00
         vertex 9.869876e-01 -3.593610e-01 -4.586035e+00
         vertex 9.107728e-01 -2.275145e-01 -4.607374e+00
      endloop
   endfacet
   facet normal 3.345699e-01 3.127828e-02 -9.418517e-01
      outer loop
         vertex 9.591513e-01 -2.249085e-01 -4.590102e+00
         vertex 9.107728e-01 -2.275145e-01 -4.607374e+00
         vertex 8.989885e-01 -8.875963e-02 -4.606952e+00
      endloop
   endfacet
   facet normal 3.302606e-01 3.091695e-02 -9.433833e-01
      outer loop
         vertex 8.989885e-01 -8.875963e-02 -4.606952e+00
         vertex 9.107728e-01 -2.275145e-01 -4.607374e+00
         vertex 8.475744e-01 -8.964414e-02 -4.624981e+00
      endloop
   endfacet
   facet normal 3.304748e-01 2.202004e-02 -9.435579e-01
      outer loop
         vertex 8.989885e-01 -8.875963e-02 -4.606952e+00
         vertex 8.475744e-01 -8.964414e-02 -4.624981e+00
         vertex 8.536317e-01 5.545977e-02 -4.619473e+00
      endloop
   endfacet
   facet normal 3.273131e-01 2.219368e-02 -9.446553e-01
      outer loop
         vertex 8.536317e-01 5.545977e-02 -4.619473e+00
         vertex 8.475744e-01 -8.964414e-02 -4.624981e+00
         vertex 7.997914e-01 5.658043e-02 -4.638101e+00
      endloop
   endfacet
   facet normal 3.270393e-01 3.223448e-03 -9.450052e-01
      outer loop
         vertex 8.536317e-01 5.545977e-02 -4.619473e+00
         vertex 7.997914e-01 5.658043e-02 -4.638101e+00
         vertex 8.260000e-01 2.080030e-01 -4.628515e+00
      endloop
   endfacet
   facet normal 3.246740e-01 3.684338e-03 -9.458188e-01
      outer loop
         vertex 8.260000e-01 2.080030e-01 -4.628515e+00
         vertex 7.997914e-01 5.658043e-02 -4.638101e+00
         vertex 7.704444e-01 2.113619e-01 -4.647573e+00
      endloop
   endfacet
   facet normal 3.235316e-01 -1.664266e-02 -9.460710e-01
      outer loop
         vertex 8.260000e-01 2.080030e-01 -4.628515e+00
         vertex 7.704444e-01 2.113619e-01 -4.647573e+00
         vertex 8.175605e-01 3.636844e-01 -4.634140e+00
      endloop
   endfacet
   facet normal 3.221350e-01 -1.616794e-02 -9.465557e-01
      outer loop
         vertex 8.175605e-01 3.636844e-01 -4.634140e+00
         vertex 7.704444e-01 2.113619e-01 -4.647573e+00
         vertex 7.610750e-01 3.693870e-01 -4.653460e+00
      endloop
   endfacet
   facet normal 3.199882e-01 -3.780914e-02 -9.466668e-01
      outer loop
         vertex 8.175605e-01 3.636844e-01 -4.634140e+00
         vertex 7.610750e-01 3.693870e-01 -4.653460e+00
         vertex 8.283118e-01 5.108379e-01 -4.636383e+00
      endloop
   endfacet
   facet normal 3.194403e-01 -3.752502e-02 -9.468631e-01
      outer loop
         vertex 8.283118e-01 5.108379e-01 -4.636383e+00
         vertex 7.610750e-01 3.693870e-01 -4.653460e+00
         vertex 7.716744e-01 5.185075e-01 -4.655794e+00
      endloop
   endfacet
   facet normal 3.181609e-01 -4.699386e-02 -9.468713e-01
      outer loop
         vertex 8.283118e-01 5.108379e-01 -4.636383e+00
         vertex 7.716744e-01 5.185075e-01 -4.655794e+00
         vertex 8.386844e-01 5.694191e-01 -4.635805e+00
      endloop
   endfacet
   facet normal 3.182102e-01 -4.706661e-02 -9.468511e-01
      outer loop
         vertex 8.386844e-01 5.694191e-01 -4.635805e+00
         vertex 7.716744e-01 5.185075e-01 -4.655794e+00
         vertex 7.821966e-01 5.774683e-01 -4.655189e+00
      endloop
   endfacet
   facet normal 3.200095e-01 -3.430013e-02 -9.467932e-01
      outer loop
         vertex 8.386844e-01 5.694191e-01 -4.635805e+00
         vertex 7.821966e-01 5.774683e-01 -4.655189e+00
         vertex 8.511705e-01 6.187494e-01 -4.633372e+00
      endloop
   endfacet
   facet normal 3.201808e-01 -3.462327e-02 -9.467235e-01
      outer loop
         vertex 8.511705e-01 6.187494e-01 -4.633372e+00
         vertex 7.821966e-01 5.774683e-01 -4.655189e+00
         vertex 7.949751e-01 6.268300e-01 -4.652672e+00
      endloop
   endfacet
   facet normal 3.220204e-01 -2.128074e-02 -9.464935e-01
      outer loop
         vertex 8.511705e-01 6.187494e-01 -4.633372e+00
         vertex 7.949751e-01 6.268300e-01 -4.652672e+00
         vertex 8.865360e-01 7.153869e-01 -4.623512e+00
      endloop
   endfacet
   facet normal 3.227511e-01 -2.212459e-02 -9.462252e-01
      outer loop
         vertex 8.865360e-01 7.153869e-01 -4.623512e+00
         vertex 7.949751e-01 6.268300e-01 -4.652672e+00
         vertex 8.314698e-01 7.234414e-01 -4.642483e+00
      endloop
   endfacet
   facet normal 3.252254e-01 -3.803726e-03 -9.456289e-01
      outer loop
         vertex 8.865360e-01 7.153869e-01 -4.623512e+00
         vertex 8.314698e-01 7.234414e-01 -4.642483e+00
         vertex 9.349422e-01 8.095703e-01 -4.607243e+00
      endloop
   endfacet
   facet normal 3.265596e-01 -5.598348e-03 -9.451600e-01
      outer loop
         vertex 9.349422e-01 8.095703e-01 -4.607243e+00
         vertex 8.314698e-01 7.234414e-01 -4.642483e+00
         vertex 8.816830e-01 8.174493e-01 -4.625691e+00
      endloop
   endfacet
   facet normal 3.276701e-01 2.779096e-03 -9.447881e-01
      outer loop
         vertex 9.349422e-01 8.095703e-01 -4.607243e+00
         vertex 8.816830e-01 8.174493e-01 -4.625691e+00
         vertex 9.936665e-01 8.936193e-01 -4.586629e+00
      endloop
   endfacet
   facet normal 3.307750e-01 -2.340149e-03 -9.437068e-01
      outer loop
         vertex 9.936665e-01 8.936193e-01 -4.586629e+00
         vertex 8.816830e-01 8.174493e-01 -4.625691e+00
         vertex 9.427174e-01 9.002560e-01 -4.604504e+00
      endloop
   endfacet
   facet normal 3.238235e-01 -5.748968e-02 -9.443693e-01
      outer loop
         vertex 9.936665e-01 8.936193e-01 -4.586629e+00
         vertex 9.427174e-01 9.002560e-01 -4.604504e+00
         vertex 1.135264e+00 1.056070e+00 -4.547965e+00
      endloop
   endfacet
   facet normal 3.388198e-01 -7.848785e-02 -9.375718e-01
      outer loop
         vertex 1.135264e+00 1.056070e+00 -4.547965e+00
         vertex 9.427174e-01 9.002560e-01 -4.604504e+00
         vertex 1.090501e+00 1.059568e+00 -4.564434e+00
      endloop
   endfacet
   facet normal 3.336531e-01 -1.277658e-01 -9.339976e-01
      outer loop
         vertex 1.135264e+00 1.056070e+00 -4.547965e+00
         vertex 1.090501e+00 1.059568e+00 -4.564434e+00
         vertex 1.299688e+00 1.225989e+00 -4.512472e+00
      endloop
   endfacet
   facet normal 3.612103e-01 -1.676194e-01 -9.172954e-01
      outer loop
         vertex 1.299688e+00 1.225989e+00 -4.512472e+00
         vertex 1.090501e+00 1.059568e+00 -4.564434e+00
         vertex 1.262815e+00 1.226763e+00 -4.527132e+00
      endloop
   endfacet
   facet normal 3.582217e-01 -2.017428e-01 -9.115794e-01
      outer loop
         vertex 1.299688e+00 1.225989e+00 -4.512472e+00
         vertex 1.262815e+00 1.226763e+00 -4.527132e+00
         vertex 1.474396e+00 1.410214e+00 -4.484588e+00
      endloop
   endfacet
   facet normal 4.016707e-01 -2.595900e-01 -8.782219e-01
      outer loop
         vertex 1.474396e+00 1.410214e+00 -4.484588e+00
         vertex 1.262815e+00 1.226763e+00 -4.527132e+00
         vertex 1.446531e+00 1.409129e+00 -4.497012e+00
      endloop
   endfacet
   facet normal 4.036384e-01 -2.318348e-01 -8.850586e-01
      outer loop
         vertex 1.474396e+00 1.410214e+00 -4.484588e+00
         vertex 1.446531e+00 1.409129e+00 -4.497012e+00
         vertex 1.561392e+00 1.518799e+00 -4.473356e+00
      endloop
   endfacet
   facet normal 4.302164e-01 -2.643992e-01 -8.631378e-01
      outer loop
         vertex 1.561392e+00 1.518799e+00 -4.473356e+00
         vertex 1.446531e+00 1.409129e+00 -4.497012e+00
         vertex 1.538273e+00 1.517526e+00 -4.484489e+00
      endloop
   endfacet
   facet normal 4.294435e-01 -2.744341e-01 -8.603861e-01
      outer loop
         vertex 1.561392e+00 1.518799e+00 -4.473356e+00
         vertex 1.538273e+00 1.517526e+00 -4.484489e+00
         vertex 1.650032e+00 1.636028e+00 -4.466505e+00
      endloop
   endfacet
   facet normal 4.596675e-01 -3.070456e-01 -8.333240e-01
      outer loop
         vertex 1.650032e+00 1.636028e+00 -4.466505e+00
         vertex 1.538273e+00 1.517526e+00 -4.484489e+00
         vertex 1.631705e+00 1.634925e+00 -4.476208e+00
      endloop
   endfacet
   facet normal 4.558878e-01 -3.403191e-01 -8.224045e-01
      outer loop
         vertex 1.650032e+00 1.636028e+00 -4.466505e+00
         vertex 1.631705e+00 1.634925e+00 -4.476208e+00
         vertex 1.740387e+00 1.750948e+00 -4.463973e+00
      endloop
   endfacet
   facet normal 4.939293e-01 -3.802182e-01 -7.819642e-01
      outer loop
         vertex 1.740387e+00 1.750948e+00 -4.463973e+00
         vertex 1.631705e+00 1.634925e+00 -4.476208e+00
         vertex 1.726858e+00 1.750008e+00 -4.472061e+00
      endloop
   endfacet
   facet normal 4.901359e-01 -4.028007e-01 -7.729931e-01
      outer loop
         vertex 1.740387e+00 1.750948e+00 -4.463973e+00
         vertex 1.726858e+00 1.750008e+00 -4.472061e+00
         vertex 1.830047e+00 1.864107e+00 -4.466088e+00
      endloop
   endfacet
   facet normal 5.391249e-01 -4.503115e-01 -7.117330e-01
      outer loop
         vertex 1.830047e+00 1.864107e+00 -4.466088e+00
         vertex 1.726858e+00 1.750008e+00 -4.472061e+00
         vertex 1.821206e+00 1.863364e+00 -4.472314e+00
      endloop
   endfacet
   facet normal 5.344680e-01 -4.694297e-01 -7.028369e-01
      outer loop
         vertex 1.830047e+00 1.864107e+00 -4.466088e+00
         vertex 1.821206e+00 1.863364e+00 -4.472314e+00
         vertex 1.920467e+00 1.975931e+00 -4.472017e+00
      endloop
   endfacet
   facet normal 6.131647e-01 -5.391552e-01 -5.773567e-01
      outer loop
         vertex 1.920467e+00 1.975931e+00 -4.472017e+00
         vertex 1.821206e+00 1.863364e+00 -4.472314e+00
         vertex 1.916289e+00 1.975516e+00 -4.476066e+00
      endloop
   endfacet
   facet normal 6.324037e-01 -4.867897e-01 -6.025789e-01
      outer loop
         vertex 1.920467e+00 1.975931e+00 -4.472017e+00
         vertex 1.916289e+00 1.975516e+00 -4.476066e+00
         vertex 1.930737e+00 1.990221e+00 -4.472783e+00
      endloop
   endfacet
   facet normal 6.428722e-01 -5.025482e-01 -5.780663e-01
      outer loop
         vertex 1.930737e+00 1.990221e+00 -4.472783e+00
         vertex 1.916289e+00 1.975516e+00 -4.476066e+00
         vertex 1.927093e+00 1.989852e+00 -4.476514e+00
      endloop
   endfacet
   facet normal 6.707079e-01 -4.164710e-01 -6.137612e-01
      outer loop
         vertex 1.930737e+00 1.990221e+00 -4.472783e+00
         vertex 1.927093e+00 1.989852e+00 -4.476514e+00
         vertex 1.938999e+00 2.004717e+00 -4.473591e+00
      endloop
   endfacet
   facet normal 6.770174e-01 -4.239122e-01 -6.016195e-01
      outer loop
         vertex 1.938999e+00 2.004717e+00 -4.473591e+00
         vertex 1.927093e+00 1.989852e+00 -4.476514e+00
         vertex 1.935794e+00 2.004390e+00 -4.476966e+00
      endloop
   endfacet
   facet normal 6.993057e-01 -3.351762e-01 -6.313703e-01
      outer loop
         vertex 1.938999e+00 2.004717e+00 -4.473591e+00
         vertex 1.935794e+00 2.004390e+00 -4.476966e+00
         vertex 1.942133e+00 2.012059e+00 -4.474017e+00
      endloop
   endfacet
   facet normal 6.982964e-01 -3.335905e-01 -6.333242e-01
      outer loop
         vertex 1.942133e+00 2.012059e+00 -4.474017e+00
         vertex 1.935794e+00 2.004390e+00 -4.476966e+00
         vertex 1.939101e+00 2.011751e+00 -4.477197e+00
      endloop
   endfacet
   facet normal 7.108596e-01 -2.635319e-01 -6.520962e-01
      outer loop
         vertex 1.942133e+00 2.012059e+00 -4.474017e+00
         vertex 1.939101e+00 2.011751e+00 -4.477197e+00
         vertex 1.944473e+00 2.019472e+00 -4.474462e+00
      endloop
   endfacet
   facet normal 7.045760e-01 -2.556613e-01 -6.619743e-01
      outer loop
         vertex 1.944473e+00 2.019472e+00 -4.474462e+00
         vertex 1.939101e+00 2.011751e+00 -4.477197e+00
         vertex 1.941575e+00 2.019180e+00 -4.477433e+00
      endloop
   endfacet
   facet normal 7.129857e-01 -1.804162e-01 -6.775702e-01
      outer loop
         vertex 1.944473e+00 2.019472e+00 -4.474462e+00
         vertex 1.941575e+00 2.019180e+00 -4.477433e+00
         vertex 1.945926e+00 2.026963e+00 -4.474928e+00
      endloop
   endfacet
   facet normal 6.983533e-01 -1.662469e-01 -6.961786e-01
      outer loop
         vertex 1.945926e+00 2.026963e+00 -4.474928e+00
         vertex 1.941575e+00 2.019180e+00 -4.477433e+00
         vertex 1.943121e+00 2.026685e+00 -4.477675e+00
      endloop
   endfacet
   facet normal 7.012620e-01 -1.000613e-01 -7.058466e-01
      outer loop
         vertex 1.945926e+00 2.026963e+00 -4.474928e+00
         vertex 1.943121e+00 2.026685e+00 -4.477675e+00
         vertex 1.946519e+00 2.034527e+00 -4.475411e+00
      endloop
   endfacet
   facet normal 6.761385e-01 -8.155553e-02 -7.322468e-01
      outer loop
         vertex 1.946519e+00 2.034527e+00 -4.475411e+00
         vertex 1.943121e+00 2.026685e+00 -4.477675e+00
         vertex 1.943766e+00 2.034261e+00 -4.477923e+00
      endloop
   endfacet
   facet normal 6.746643e-01 -1.183536e-02 -7.380298e-01
      outer loop
         vertex 1.946519e+00 2.034527e+00 -4.475411e+00
         vertex 1.943766e+00 2.034261e+00 -4.477923e+00
         vertex 1.945723e+00 2.049832e+00 -4.476384e+00
      endloop
   endfacet
   facet normal 5.984895e-01 3.973075e-03 -8.011208e-01
      outer loop
         vertex 1.945723e+00 2.049832e+00 -4.476384e+00
         vertex 1.943766e+00 2.034261e+00 -4.477923e+00
         vertex 1.942979e+00 2.049581e+00 -4.478435e+00
      endloop
   endfacet
   facet normal 5.953900e-01 4.608357e-02 -8.021141e-01
      outer loop
         vertex 1.945723e+00 2.049832e+00 -4.476384e+00
         vertex 1.942979e+00 2.049581e+00 -4.478435e+00
         vertex 1.943303e+00 2.065286e+00 -4.477292e+00
      endloop
   endfacet
   facet normal 5.065262e-01 5.217589e-02 -8.606445e-01
      outer loop
         vertex 1.943303e+00 2.065286e+00 -4.477292e+00
         vertex 1.942979e+00 2.049581e+00 -4.478435e+00
         vertex 1.940493e+00 2.065043e+00 -4.478961e+00
      endloop
   endfacet
   facet normal 5.069545e-01 4.738148e-02 -8.606696e-01
      outer loop
         vertex 1.943303e+00 2.065286e+00 -4.477292e+00
         vertex 1.940493e+00 2.065043e+00 -4.478961e+00
         vertex 1.940584e+00 2.080782e+00 -4.478041e+00
      endloop
   endfacet
   facet normal 4.449196e-01 4.970050e-02 -8.941904e-01
      outer loop
         vertex 1.940584e+00 2.080782e+00 -4.478041e+00
         vertex 1.940493e+00 2.065043e+00 -4.478961e+00
         vertex 1.937692e+00 2.080541e+00 -4.479493e+00
      endloop
   endfacet
   facet normal 4.483242e-01 6.722880e-03 -8.938458e-01
      outer loop
         vertex 1.940584e+00 2.080782e+00 -4.478041e+00
         vertex 1.937692e+00 2.080541e+00 -4.479493e+00
         vertex 1.939946e+00 2.088484e+00 -4.478303e+00
      endloop
   endfacet
   facet normal 4.469667e-01 7.209351e-03 -8.945215e-01
      outer loop
         vertex 1.939946e+00 2.088484e+00 -4.478303e+00
         vertex 1.937692e+00 2.080541e+00 -4.479493e+00
         vertex 1.937047e+00 2.088243e+00 -4.479753e+00
      endloop
   endfacet
   facet normal 4.493172e-01 -3.126696e-02 -8.928250e-01
      outer loop
         vertex 1.939946e+00 2.088484e+00 -4.478303e+00
         vertex 1.937047e+00 2.088243e+00 -4.479753e+00
         vertex 1.940035e+00 2.092307e+00 -4.478392e+00
      endloop
   endfacet
   facet normal 4.608872e-01 -4.190133e-02 -8.864690e-01
      outer loop
         vertex 1.940035e+00 2.092307e+00 -4.478392e+00
         vertex 1.937047e+00 2.088243e+00 -4.479753e+00
         vertex 1.937153e+00 2.092066e+00 -4.479879e+00
      endloop
   endfacet
   facet normal 4.619465e-01 -6.789322e-02 -8.843054e-01
      outer loop
         vertex 1.940035e+00 2.092307e+00 -4.478392e+00
         vertex 1.937153e+00 2.092066e+00 -4.479879e+00
         vertex 1.940485e+00 2.096104e+00 -4.478448e+00
      endloop
   endfacet
   facet normal 4.824097e-01 -8.935428e-02 -8.713763e-01
      outer loop
         vertex 1.940485e+00 2.096104e+00 -4.478448e+00
         vertex 1.937153e+00 2.092066e+00 -4.479879e+00
         vertex 1.937637e+00 2.095863e+00 -4.480000e+00
      endloop
   endfacet
   facet normal 1.770745e-01 -3.558839e-02 -9.835538e-01
      outer loop
         vertex 1.940485e+00 2.096104e+00 -4.478448e+00
         vertex 1.948637e+00 2.096694e+00 -4.477002e+00
         vertex 1.940035e+00 2.092307e+00 -4.478392e+00
      endloop
   endfacet
   facet normal 1.665628e-01 -1.422385e-02 -9.859282e-01
      outer loop
         vertex 1.940035e+00 2.092307e+00 -4.478392e+00
         vertex 1.948637e+00 2.096694e+00 -4.477002e+00
         vertex 1.948283e+00 2.092900e+00 -4.477007e+00
      endloop
   endfacet
   facet normal 1.674029e-01 -2.683896e-02 -9.855232e-01
      outer loop
         vertex 1.940035e+00 2.092307e+00 -4.478392e+00
         vertex 1.948283e+00 2.092900e+00 -4.477007e+00
         vertex 1.939946e+00 2.088484e+00 -4.478303e+00
      endloop
   endfacet
   facet normal 1.618959e-01 -1.610469e-02 -9.866764e-01
      outer loop
         vertex 1.939946e+00 2.088484e+00 -4.478303e+00
         vertex 1.948283e+00 2.092900e+00 -4.477007e+00
         vertex 1.948241e+00 2.089079e+00 -4.476951e+00
      endloop
   endfacet
   facet normal 1.621666e-01 -2.014466e-02 -9.865577e-01
      outer loop
         vertex 1.939946e+00 2.088484e+00 -4.478303e+00
         vertex 1.948241e+00 2.089079e+00 -4.476951e+00
         vertex 1.940584e+00 2.080782e+00 -4.478041e+00
      endloop
   endfacet
   facet normal 1.628053e-01 -2.074947e-02 -9.864400e-01
      outer loop
         vertex 1.940584e+00 2.080782e+00 -4.478041e+00
         vertex 1.948241e+00 2.089079e+00 -4.476951e+00
         vertex 1.948861e+00 2.081377e+00 -4.476687e+00
      endloop
   endfacet
   facet normal 1.626962e-01 -1.911417e-02 -9.864910e-01
      outer loop
         vertex 1.940584e+00 2.080782e+00 -4.478041e+00
         vertex 1.948861e+00 2.081377e+00 -4.476687e+00
         vertex 1.943303e+00 2.065286e+00 -4.477292e+00
      endloop
   endfacet
   facet normal 1.917635e-01 -2.936097e-02 -9.810019e-01
      outer loop
         vertex 1.943303e+00 2.065286e+00 -4.477292e+00
         vertex 1.948861e+00 2.081377e+00 -4.476687e+00
         vertex 1.951349e+00 2.065871e+00 -4.475737e+00
      endloop
   endfacet
   facet normal 1.916522e-01 -2.764084e-02 -9.810736e-01
      outer loop
         vertex 1.943303e+00 2.065286e+00 -4.477292e+00
         vertex 1.951349e+00 2.065871e+00 -4.475737e+00
         vertex 1.945723e+00 2.049832e+00 -4.476384e+00
      endloop
   endfacet
   facet normal 2.393139e-01 -4.481108e-02 -9.699076e-01
      outer loop
         vertex 1.945723e+00 2.049832e+00 -4.476384e+00
         vertex 1.951349e+00 2.065871e+00 -4.475737e+00
         vertex 1.953578e+00 2.050417e+00 -4.474473e+00
      endloop
   endfacet
   facet normal 2.395733e-01 -4.919804e-02 -9.696309e-01
      outer loop
         vertex 1.945723e+00 2.049832e+00 -4.476384e+00
         vertex 1.953578e+00 2.050417e+00 -4.474473e+00
         vertex 1.946519e+00 2.034527e+00 -4.475411e+00
      endloop
   endfacet
   facet normal 2.889431e-01 -7.201548e-02 -9.546338e-01
      outer loop
         vertex 1.946519e+00 2.034527e+00 -4.475411e+00
         vertex 1.953578e+00 2.050417e+00 -4.474473e+00
         vertex 1.954403e+00 2.035129e+00 -4.473070e+00
      endloop
   endfacet
   facet normal 2.894953e-01 -8.357353e-02 -9.535240e-01
      outer loop
         vertex 1.946519e+00 2.034527e+00 -4.475411e+00
         vertex 1.954403e+00 2.035129e+00 -4.473070e+00
         vertex 1.945926e+00 2.026963e+00 -4.474928e+00
      endloop
   endfacet
   facet normal 3.093047e-01 -1.060700e-01 -9.450290e-01
      outer loop
         vertex 1.945926e+00 2.026963e+00 -4.474928e+00
         vertex 1.954403e+00 2.035129e+00 -4.473070e+00
         vertex 1.953959e+00 2.027581e+00 -4.472368e+00
      endloop
   endfacet
   facet normal 3.097526e-01 -1.187283e-01 -9.433753e-01
      outer loop
         vertex 1.945926e+00 2.026963e+00 -4.474928e+00
         vertex 1.953959e+00 2.027581e+00 -4.472368e+00
         vertex 1.944473e+00 2.019472e+00 -4.474462e+00
      endloop
   endfacet
   facet normal 3.230256e-01 -1.360135e-01 -9.365654e-01
      outer loop
         vertex 1.944473e+00 2.019472e+00 -4.474462e+00
         vertex 1.953959e+00 2.027581e+00 -4.472368e+00
         vertex 1.952771e+00 2.020115e+00 -4.471693e+00
      endloop
   endfacet
   facet normal 3.235220e-01 -1.581382e-01 -9.329126e-01
      outer loop
         vertex 1.944473e+00 2.019472e+00 -4.474462e+00
         vertex 1.952771e+00 2.020115e+00 -4.471693e+00
         vertex 1.942133e+00 2.012059e+00 -4.474017e+00
      endloop
   endfacet
   facet normal 3.300274e-01 -1.678793e-01 -9.289233e-01
      outer loop
         vertex 1.942133e+00 2.012059e+00 -4.474017e+00
         vertex 1.952771e+00 2.020115e+00 -4.471693e+00
         vertex 1.950818e+00 2.012735e+00 -4.471053e+00
      endloop
   endfacet
   facet normal 3.302896e-01 -1.946020e-01 -9.236010e-01
      outer loop
         vertex 1.942133e+00 2.012059e+00 -4.474017e+00
         vertex 1.950818e+00 2.012735e+00 -4.471053e+00
         vertex 1.938999e+00 2.004717e+00 -4.473591e+00
      endloop
   endfacet
   facet normal 3.315210e-01 -1.966974e-01 -9.227155e-01
      outer loop
         vertex 1.938999e+00 2.004717e+00 -4.473591e+00
         vertex 1.950818e+00 2.012735e+00 -4.471053e+00
         vertex 1.948177e+00 2.005432e+00 -4.470445e+00
      endloop
   endfacet
   facet normal 3.313814e-01 -2.397269e-01 -9.125335e-01
      outer loop
         vertex 1.938999e+00 2.004717e+00 -4.473591e+00
         vertex 1.948177e+00 2.005432e+00 -4.470445e+00
         vertex 1.930737e+00 1.990221e+00 -4.472783e+00
      endloop
   endfacet
   facet normal 3.235611e-01 -2.299441e-01 -9.178420e-01
      outer loop
         vertex 1.930737e+00 1.990221e+00 -4.472783e+00
         vertex 1.948177e+00 2.005432e+00 -4.470445e+00
         vertex 1.941174e+00 1.991030e+00 -4.469306e+00
      endloop
   endfacet
   facet normal 3.228467e-01 -2.804757e-01 -9.039377e-01
      outer loop
         vertex 1.930737e+00 1.990221e+00 -4.472783e+00
         vertex 1.941174e+00 1.991030e+00 -4.469306e+00
         vertex 1.920467e+00 1.975931e+00 -4.472017e+00
      endloop
   endfacet
   facet normal 3.085158e-01 -2.587746e-01 -9.153435e-01
      outer loop
         vertex 1.920467e+00 1.975931e+00 -4.472017e+00
         vertex 1.941174e+00 1.991030e+00 -4.469306e+00
         vertex 1.932434e+00 1.976852e+00 -4.468244e+00
      endloop
   endfacet
   facet normal 3.078496e-01 -2.968484e-01 -9.039412e-01
      outer loop
         vertex 1.920467e+00 1.975931e+00 -4.472017e+00
         vertex 1.932434e+00 1.976852e+00 -4.468244e+00
         vertex 1.830047e+00 1.864107e+00 -4.466088e+00
      endloop
   endfacet
   facet normal 2.337747e-01 -2.303555e-01 -9.446088e-01
      outer loop
         vertex 1.830047e+00 1.864107e+00 -4.466088e+00
         vertex 1.932434e+00 1.976852e+00 -4.468244e+00
         vertex 1.855347e+00 1.865995e+00 -4.460287e+00
      endloop
   endfacet
   facet normal 2.331891e-01 -2.025437e-01 -9.511040e-01
      outer loop
         vertex 1.830047e+00 1.864107e+00 -4.466088e+00
         vertex 1.855347e+00 1.865995e+00 -4.460287e+00
         vertex 1.740387e+00 1.750948e+00 -4.463973e+00
      endloop
   endfacet
   facet normal 1.365942e-01 -1.049337e-01 -9.850538e-01
      outer loop
         vertex 1.740387e+00 1.750948e+00 -4.463973e+00
         vertex 1.855347e+00 1.865995e+00 -4.460287e+00
         vertex 1.702343e+00 1.640310e+00 -4.457463e+00
      endloop
   endfacet
   facet normal 1.226300e-01 -1.245201e-02 -9.923743e-01
      outer loop
         vertex 1.553788e+00 1.416419e+00 -4.473011e+00
         vertex 1.561392e+00 1.518799e+00 -4.473356e+00
         vertex 1.702343e+00 1.640310e+00 -4.457463e+00
      endloop
   endfacet
   facet normal 1.758473e-01 -7.560430e-02 -9.815099e-01
      outer loop
         vertex 1.702343e+00 1.640310e+00 -4.457463e+00
         vertex 1.561392e+00 1.518799e+00 -4.473356e+00
         vertex 1.650032e+00 1.636028e+00 -4.466505e+00
      endloop
   endfacet
   facet normal 1.785616e-01 -1.188742e-01 -9.767214e-01
      outer loop
         vertex 1.702343e+00 1.640310e+00 -4.457463e+00
         vertex 1.650032e+00 1.636028e+00 -4.466505e+00
         vertex 1.740387e+00 1.750948e+00 -4.463973e+00
      endloop
   endfacet
   facet normal 1.742648e-01 1.455872e-02 -9.845912e-01
      outer loop
         vertex 1.948532e+00 -1.400337e+00 -4.477001e+00
         vertex 1.940359e+00 -1.400352e+00 -4.478448e+00
         vertex 1.947907e+00 -1.396576e+00 -4.477056e+00
      endloop
   endfacet
   facet normal 1.651306e-01 3.322962e-02 -9.857118e-01
      outer loop
         vertex 1.947907e+00 -1.396576e+00 -4.477056e+00
         vertex 1.940359e+00 -1.400352e+00 -4.478448e+00
         vertex 1.939638e+00 -1.396592e+00 -4.478442e+00
      endloop
   endfacet
   facet normal 1.652391e-01 1.485647e-02 -9.861416e-01
      outer loop
         vertex 1.947907e+00 -1.396576e+00 -4.477056e+00
         vertex 1.939638e+00 -1.396592e+00 -4.478442e+00
         vertex 1.947592e+00 -1.392766e+00 -4.477051e+00
      endloop
   endfacet
   facet normal 1.604087e-01 2.511129e-02 -9.867312e-01
      outer loop
         vertex 1.947592e+00 -1.392766e+00 -4.477051e+00
         vertex 1.939638e+00 -1.396592e+00 -4.478442e+00
         vertex 1.939277e+00 -1.392783e+00 -4.478403e+00
      endloop
   endfacet
   facet normal 1.604425e-01 1.903286e-02 -9.868617e-01
      outer loop
         vertex 1.947592e+00 -1.392766e+00 -4.477051e+00
         vertex 1.939277e+00 -1.392783e+00 -4.478403e+00
         vertex 1.947664e+00 -1.385035e+00 -4.476890e+00
      endloop
   endfacet
   facet normal 1.610514e-01 1.835689e-02 -9.867753e-01
      outer loop
         vertex 1.947664e+00 -1.385035e+00 -4.476890e+00
         vertex 1.939277e+00 -1.392783e+00 -4.478403e+00
         vertex 1.939366e+00 -1.385052e+00 -4.478245e+00
      endloop
   endfacet
   facet normal 1.609653e-01 3.245289e-02 -9.864264e-01
      outer loop
         vertex 1.947664e+00 -1.385035e+00 -4.476890e+00
         vertex 1.939366e+00 -1.385052e+00 -4.478245e+00
         vertex 1.949038e+00 -1.369388e+00 -4.476151e+00
      endloop
   endfacet
   facet normal 1.894433e-01 1.424939e-02 -9.817883e-01
      outer loop
         vertex 1.949038e+00 -1.369388e+00 -4.476151e+00
         vertex 1.939366e+00 -1.385052e+00 -4.478245e+00
         vertex 1.940971e+00 -1.369401e+00 -4.477708e+00
      endloop
   endfacet
   facet normal 1.891388e-01 5.283897e-02 -9.805277e-01
      outer loop
         vertex 1.949038e+00 -1.369388e+00 -4.476151e+00
         vertex 1.940971e+00 -1.369401e+00 -4.477708e+00
         vertex 1.950147e+00 -1.353805e+00 -4.475098e+00
      endloop
   endfacet
   facet normal 2.358963e-01 2.381425e-02 -9.714864e-01
      outer loop
         vertex 1.950147e+00 -1.353805e+00 -4.475098e+00
         vertex 1.940971e+00 -1.369401e+00 -4.477708e+00
         vertex 1.942270e+00 -1.353810e+00 -4.477011e+00
      endloop
   endfacet
   facet normal 2.351717e-01 7.999354e-02 -9.686564e-01
      outer loop
         vertex 1.950147e+00 -1.353805e+00 -4.475098e+00
         vertex 1.942270e+00 -1.353810e+00 -4.477011e+00
         vertex 1.949859e+00 -1.338481e+00 -4.473902e+00
      endloop
   endfacet
   facet normal 2.835848e-01 5.375130e-02 -9.574395e-01
      outer loop
         vertex 1.949859e+00 -1.338481e+00 -4.473902e+00
         vertex 1.942270e+00 -1.353810e+00 -4.477011e+00
         vertex 1.941948e+00 -1.338478e+00 -4.476245e+00
      endloop
   endfacet
   facet normal 2.821802e-01 1.135830e-01 -9.526139e-01
      outer loop
         vertex 1.949859e+00 -1.338481e+00 -4.473902e+00
         vertex 1.941948e+00 -1.338478e+00 -4.476245e+00
         vertex 1.948862e+00 -1.330974e+00 -4.473303e+00
      endloop
   endfacet
   facet normal 3.015068e-01 9.427969e-02 -9.487913e-01
      outer loop
         vertex 1.948862e+00 -1.330974e+00 -4.473303e+00
         vertex 1.941948e+00 -1.338478e+00 -4.476245e+00
         vertex 1.940800e+00 -1.330967e+00 -4.475864e+00
      endloop
   endfacet
   facet normal 2.997383e-01 1.440612e-01 -9.430818e-01
      outer loop
         vertex 1.948862e+00 -1.330974e+00 -4.473303e+00
         vertex 1.940800e+00 -1.330967e+00 -4.475864e+00
         vertex 1.947126e+00 -1.323599e+00 -4.472727e+00
      endloop
   endfacet
   facet normal 3.128991e-01 1.317079e-01 -9.406100e-01
      outer loop
         vertex 1.947126e+00 -1.323599e+00 -4.472727e+00
         vertex 1.940800e+00 -1.330967e+00 -4.475864e+00
         vertex 1.938796e+00 -1.323588e+00 -4.475497e+00
      endloop
   endfacet
   facet normal 3.107225e-01 1.769497e-01 -9.338845e-01
      outer loop
         vertex 1.947126e+00 -1.323599e+00 -4.472727e+00
         vertex 1.938796e+00 -1.323588e+00 -4.475497e+00
         vertex 1.944634e+00 -1.316361e+00 -4.472185e+00
      endloop
   endfacet
   facet normal 3.173661e-01 1.710616e-01 -9.327468e-01
      outer loop
         vertex 1.944634e+00 -1.316361e+00 -4.472185e+00
         vertex 1.938796e+00 -1.323588e+00 -4.475497e+00
         vertex 1.935914e+00 -1.316347e+00 -4.475150e+00
      endloop
   endfacet
   facet normal 3.151797e-01 2.071635e-01 -9.261453e-01
      outer loop
         vertex 1.944634e+00 -1.316361e+00 -4.472185e+00
         vertex 1.935914e+00 -1.316347e+00 -4.475150e+00
         vertex 1.941464e+00 -1.309248e+00 -4.471673e+00
      endloop
   endfacet
   facet normal 3.164231e-01 2.060999e-01 -9.259586e-01
      outer loop
         vertex 1.941464e+00 -1.309248e+00 -4.471673e+00
         vertex 1.935914e+00 -1.316347e+00 -4.475150e+00
         vertex 1.932247e+00 -1.309232e+00 -4.474819e+00
      endloop
   endfacet
   facet normal 3.136393e-01 2.441985e-01 -9.176042e-01
      outer loop
         vertex 1.941464e+00 -1.309248e+00 -4.471673e+00
         vertex 1.932247e+00 -1.309232e+00 -4.474819e+00
         vertex 1.933429e+00 -1.295350e+00 -4.470721e+00
      endloop
   endfacet
   facet normal 3.056891e-01 2.455594e-01 -9.199211e-01
      outer loop
         vertex 1.933429e+00 -1.295350e+00 -4.470721e+00
         vertex 1.932247e+00 -1.309232e+00 -4.474819e+00
         vertex 1.922948e+00 -1.295331e+00 -4.474198e+00
      endloop
   endfacet
   facet normal 3.030498e-01 2.771081e-01 -9.117960e-01
      outer loop
         vertex 1.933429e+00 -1.295350e+00 -4.470721e+00
         vertex 1.922948e+00 -1.295331e+00 -4.474198e+00
         vertex 1.923694e+00 -1.281807e+00 -4.469840e+00
      endloop
   endfacet
   facet normal 2.881537e-01 2.792696e-01 -9.159563e-01
      outer loop
         vertex 1.923694e+00 -1.281807e+00 -4.469840e+00
         vertex 1.922948e+00 -1.295331e+00 -4.474198e+00
         vertex 1.911680e+00 -1.281789e+00 -4.473615e+00
      endloop
   endfacet
   facet normal 2.871083e-01 2.911700e-01 -9.125727e-01
      outer loop
         vertex 1.923694e+00 -1.281807e+00 -4.469840e+00
         vertex 1.911680e+00 -1.281789e+00 -4.473615e+00
         vertex 1.839113e+00 -1.177983e+00 -4.463324e+00
      endloop
   endfacet
   facet normal 2.144086e-01 2.436487e-01 -9.458669e-01
      outer loop
         vertex 1.839113e+00 -1.177983e+00 -4.463324e+00
         vertex 1.911680e+00 -1.281789e+00 -4.473615e+00
         vertex 1.813744e+00 -1.178187e+00 -4.469127e+00
      endloop
   endfacet
   facet normal 2.170334e-01 1.985668e-01 -9.557550e-01
      outer loop
         vertex 1.839113e+00 -1.177983e+00 -4.463324e+00
         vertex 1.813744e+00 -1.178187e+00 -4.469127e+00
         vertex 1.663855e+00 -9.814691e-01 -4.462294e+00
      endloop
   endfacet
   facet normal 1.605882e-01 1.562124e-01 -9.745815e-01
      outer loop
         vertex 1.663855e+00 -9.814691e-01 -4.462294e+00
         vertex 1.813744e+00 -1.178187e+00 -4.469127e+00
         vertex 1.611427e+00 -9.839678e-01 -4.471334e+00
      endloop
   endfacet
   facet normal 1.659322e-01 7.543482e-02 -9.832477e-01
      outer loop
         vertex 1.663855e+00 -9.814691e-01 -4.462294e+00
         vertex 1.611427e+00 -9.839678e-01 -4.471334e+00
         vertex 1.483112e+00 -7.893788e-01 -4.478059e+00
      endloop
   endfacet
   facet normal 1.397066e-01 5.795980e-02 -9.884952e-01
      outer loop
         vertex 1.483112e+00 -7.893788e-01 -4.478059e+00
         vertex 1.611427e+00 -9.839678e-01 -4.471334e+00
         vertex 1.403687e+00 -7.951904e-01 -4.489625e+00
      endloop
   endfacet
   facet normal 1.459567e-01 -2.658498e-02 -9.889337e-01
      outer loop
         vertex 1.483112e+00 -7.893788e-01 -4.478059e+00
         vertex 1.403687e+00 -7.951904e-01 -4.489625e+00
         vertex 1.311266e+00 -5.782925e-01 -4.509096e+00
      endloop
   endfacet
   facet normal 1.299726e-01 -3.357679e-02 -9.909489e-01
      outer loop
         vertex 1.311266e+00 -5.782925e-01 -4.509096e+00
         vertex 1.403687e+00 -7.951904e-01 -4.489625e+00
         vertex 1.206071e+00 -5.850334e-01 -4.522665e+00
      endloop
   endfacet
   facet normal 1.334763e-01 -9.777925e-02 -9.862167e-01
      outer loop
         vertex 1.311266e+00 -5.782925e-01 -4.509096e+00
         vertex 1.206071e+00 -5.850334e-01 -4.522665e+00
         vertex 1.232333e+00 -4.683109e-01 -4.530684e+00
      endloop
   endfacet
   facet normal 1.268960e-01 -9.636789e-02 -9.872237e-01
      outer loop
         vertex 1.232333e+00 -4.683109e-01 -4.530684e+00
         vertex 1.206071e+00 -5.850334e-01 -4.522665e+00
         vertex 1.115166e+00 -4.750750e-01 -4.545084e+00
      endloop
   endfacet
   facet normal 1.279078e-01 -1.195868e-01 -9.845499e-01
      outer loop
         vertex 1.232333e+00 -4.683109e-01 -4.530684e+00
         vertex 1.115166e+00 -4.750750e-01 -4.545084e+00
         vertex 1.160125e+00 -3.502750e-01 -4.554402e+00
      endloop
   endfacet
   facet normal 1.217512e-01 -1.174464e-01 -9.855876e-01
      outer loop
         vertex 1.160125e+00 -3.502750e-01 -4.554402e+00
         vertex 1.115166e+00 -4.750750e-01 -4.545084e+00
         vertex 1.031818e+00 -3.552354e-01 -4.569660e+00
      endloop
   endfacet
   facet normal 1.211203e-01 -9.281746e-02 -9.882888e-01
      outer loop
         vertex 1.160125e+00 -3.502750e-01 -4.554402e+00
         vertex 1.031818e+00 -3.552354e-01 -4.569660e+00
         vertex 1.097465e+00 -2.232769e-01 -4.574008e+00
      endloop
   endfacet
   facet normal 1.161594e-01 -9.037660e-02 -9.891102e-01
      outer loop
         vertex 1.097465e+00 -2.232769e-01 -4.574008e+00
         vertex 1.031818e+00 -3.552354e-01 -4.569660e+00
         vertex 9.591513e-01 -2.249085e-01 -4.590102e+00
      endloop
   endfacet
   facet normal 1.161295e-01 -7.554037e-02 -9.903573e-01
      outer loop
         vertex 1.097465e+00 -2.232769e-01 -4.574008e+00
         vertex 9.591513e-01 -2.249085e-01 -4.590102e+00
         vertex 1.045895e+00 -9.089067e-02 -4.590153e+00
      endloop
   endfacet
   facet normal 1.122633e-01 -7.303821e-02 -9.909906e-01
      outer loop
         vertex 1.045895e+00 -9.089067e-02 -4.590153e+00
         vertex 9.591513e-01 -2.249085e-01 -4.590102e+00
         vertex 8.989885e-01 -8.875963e-02 -4.606952e+00
      endloop
   endfacet
   facet normal 1.126753e-01 -5.391758e-02 -9.921679e-01
      outer loop
         vertex 1.045895e+00 -9.089067e-02 -4.590153e+00
         vertex 8.989885e-01 -8.875963e-02 -4.606952e+00
         vertex 1.007430e+00 4.880962e-02 -4.602113e+00
      endloop
   endfacet
   facet normal 1.098044e-01 -5.163899e-02 -9.926109e-01
      outer loop
         vertex 1.007430e+00 4.880962e-02 -4.602113e+00
         vertex 8.989885e-01 -8.875963e-02 -4.606952e+00
         vertex 8.536317e-01 5.545977e-02 -4.619473e+00
      endloop
   endfacet
   facet normal 1.103014e-01 -4.126798e-02 -9.930411e-01
      outer loop
         vertex 1.007430e+00 4.880962e-02 -4.602113e+00
         vertex 8.536317e-01 5.545977e-02 -4.619473e+00
         vertex 9.846938e-01 1.960224e-01 -4.610756e+00
      endloop
   endfacet
   facet normal 1.081944e-01 -3.928404e-02 -9.933533e-01
      outer loop
         vertex 9.846938e-01 1.960224e-01 -4.610756e+00
         vertex 8.536317e-01 5.545977e-02 -4.619473e+00
         vertex 8.260000e-01 2.080030e-01 -4.628515e+00
      endloop
   endfacet
   facet normal 1.088091e-01 -3.145595e-02 -9.935648e-01
      outer loop
         vertex 9.846938e-01 1.960224e-01 -4.610756e+00
         vertex 8.260000e-01 2.080030e-01 -4.628515e+00
         vertex 9.789687e-01 3.461149e-01 -4.616135e+00
      endloop
   endfacet
   facet normal 1.075739e-01 -3.007205e-02 -9.937422e-01
      outer loop
         vertex 9.789687e-01 3.461149e-01 -4.616135e+00
         vertex 8.260000e-01 2.080030e-01 -4.628515e+00
         vertex 8.175605e-01 3.636844e-01 -4.634140e+00
      endloop
   endfacet
   facet normal 1.082877e-01 -2.361382e-02 -9.938391e-01
      outer loop
         vertex 9.789687e-01 3.461149e-01 -4.616135e+00
         vertex 8.175605e-01 3.636844e-01 -4.634140e+00
         vertex 9.903036e-01 4.889522e-01 -4.618294e+00
      endloop
   endfacet
   facet normal 1.078708e-01 -2.303142e-02 -9.938981e-01
      outer loop
         vertex 9.903036e-01 4.889522e-01 -4.618294e+00
         vertex 8.175605e-01 3.636844e-01 -4.634140e+00
         vertex 8.283118e-01 5.108379e-01 -4.636383e+00
      endloop
   endfacet
   facet normal 1.097004e-01 -9.506911e-03 -9.939192e-01
      outer loop
         vertex 9.903036e-01 4.889522e-01 -4.618294e+00
         vertex 8.283118e-01 5.108379e-01 -4.636383e+00
         vertex 1.000370e+00 5.473743e-01 -4.617742e+00
      endloop
   endfacet
   facet normal 1.097247e-01 -9.623488e-03 -9.939154e-01
      outer loop
         vertex 1.000370e+00 5.473743e-01 -4.617742e+00
         vertex 8.283118e-01 5.108379e-01 -4.636383e+00
         vertex 8.386844e-01 5.694191e-01 -4.635805e+00
      endloop
   endfacet
   facet normal 1.136838e-01 1.990381e-02 -9.933176e-01
      outer loop
         vertex 1.000370e+00 5.473743e-01 -4.617742e+00
         vertex 8.386844e-01 5.694191e-01 -4.635805e+00
         vertex 1.012143e+00 5.976759e-01 -4.615386e+00
      endloop
   endfacet
   facet normal 1.136303e-01 2.023146e-02 -9.933171e-01
      outer loop
         vertex 1.012143e+00 5.976759e-01 -4.615386e+00
         vertex 8.386844e-01 5.694191e-01 -4.635805e+00
         vertex 8.511705e-01 6.187494e-01 -4.633372e+00
      endloop
   endfacet
   facet normal 1.182469e-01 5.718623e-02 -9.913362e-01
      outer loop
         vertex 1.012143e+00 5.976759e-01 -4.615386e+00
         vertex 8.511705e-01 6.187494e-01 -4.633372e+00
         vertex 1.044465e+00 6.964381e-01 -4.605834e+00
      endloop
   endfacet
   facet normal 1.179249e-01 5.798445e-02 -9.913282e-01
      outer loop
         vertex 1.044465e+00 6.964381e-01 -4.605834e+00
         vertex 8.511705e-01 6.187494e-01 -4.633372e+00
         vertex 8.865360e-01 7.153869e-01 -4.623512e+00
      endloop
   endfacet
   facet normal 1.231780e-01 1.060858e-01 -9.866980e-01
      outer loop
         vertex 1.044465e+00 6.964381e-01 -4.605834e+00
         vertex 8.865360e-01 7.153869e-01 -4.623512e+00
         vertex 1.087795e+00 7.929121e-01 -4.590052e+00
      endloop
   endfacet
   facet normal 1.226648e-01 1.073849e-01 -9.866214e-01
      outer loop
         vertex 1.087795e+00 7.929121e-01 -4.590052e+00
         vertex 8.865360e-01 7.153869e-01 -4.623512e+00
         vertex 9.349422e-01 8.095703e-01 -4.607243e+00
      endloop
   endfacet
   facet normal 1.265336e-01 1.489845e-01 -9.807104e-01
      outer loop
         vertex 1.087795e+00 7.929121e-01 -4.590052e+00
         vertex 9.349422e-01 8.095703e-01 -4.607243e+00
         vertex 1.139797e+00 8.809209e-01 -4.569973e+00
      endloop
   endfacet
   facet normal 1.250340e-01 1.530624e-01 -9.802746e-01
      outer loop
         vertex 1.139797e+00 8.809209e-01 -4.569973e+00
         vertex 9.349422e-01 8.095703e-01 -4.607243e+00
         vertex 9.936665e-01 8.936193e-01 -4.586629e+00
      endloop
   endfacet
   facet normal 1.231566e-01 1.261247e-01 -9.843399e-01
      outer loop
         vertex 1.139797e+00 8.809209e-01 -4.569973e+00
         vertex 9.936665e-01 8.936193e-01 -4.586629e+00
         vertex 1.263355e+00 1.051811e+00 -4.532618e+00
      endloop
   endfacet
   facet normal 1.221765e-01 1.277649e-01 -9.842505e-01
      outer loop
         vertex 1.263355e+00 1.051811e+00 -4.532618e+00
         vertex 9.936665e-01 8.936193e-01 -4.586629e+00
         vertex 1.135264e+00 1.056070e+00 -4.547965e+00
      endloop
   endfacet
   facet normal 1.214721e-01 9.186015e-02 -9.883351e-01
      outer loop
         vertex 1.263355e+00 1.051811e+00 -4.532618e+00
         vertex 1.135264e+00 1.056070e+00 -4.547965e+00
         vertex 1.404948e+00 1.228317e+00 -4.498810e+00
      endloop
   endfacet
   facet normal 1.264267e-01 8.412214e-02 -9.884026e-01
      outer loop
         vertex 1.404948e+00 1.228317e+00 -4.498810e+00
         vertex 1.135264e+00 1.056070e+00 -4.547965e+00
         vertex 1.299688e+00 1.225989e+00 -4.512472e+00
      endloop
   endfacet
   facet normal 1.278789e-01 3.475783e-02 -9.911805e-01
      outer loop
         vertex 1.404948e+00 1.228317e+00 -4.498810e+00
         vertex 1.299688e+00 1.225989e+00 -4.512472e+00
         vertex 1.553788e+00 1.416419e+00 -4.473011e+00
      endloop
   endfacet
   facet normal 1.432145e-01 1.396585e-02 -9.895931e-01
      outer loop
         vertex 1.553788e+00 1.416419e+00 -4.473011e+00
         vertex 1.299688e+00 1.225989e+00 -4.512472e+00
         vertex 1.474396e+00 1.410214e+00 -4.484588e+00
      endloop
   endfacet
   facet normal 1.453642e-01 -1.412997e-02 -9.892773e-01
      outer loop
         vertex 1.553788e+00 1.416419e+00 -4.473011e+00
         vertex 1.474396e+00 1.410214e+00 -4.484588e+00
         vertex 1.561392e+00 1.518799e+00 -4.473356e+00
      endloop
   endfacet
   facet normal 1.976452e-01 -1.352640e-01 -9.708965e-01
      outer loop
         vertex 1.966190e+00 2.030588e+00 -4.470421e+00
         vertex 1.964250e+00 2.015219e+00 -4.468674e+00
         vertex 1.952771e+00 2.020115e+00 -4.471693e+00
      endloop
   endfacet
   facet normal 1.833364e-01 -1.966155e-01 -9.631875e-01
      outer loop
         vertex 1.855347e+00 1.865995e+00 -4.460287e+00
         vertex 1.932434e+00 1.976852e+00 -4.468244e+00
         vertex 1.948268e+00 1.973786e+00 -4.464604e+00
      endloop
   endfacet
   facet normal 1.856065e-01 -1.867134e-01 -9.647219e-01
      outer loop
         vertex 1.948268e+00 1.973786e+00 -4.464604e+00
         vertex 1.932434e+00 1.976852e+00 -4.468244e+00
         vertex 1.941174e+00 1.991030e+00 -4.469306e+00
      endloop
   endfacet
   facet normal 1.992759e-01 -1.806606e-01 -9.631463e-01
      outer loop
         vertex 1.948268e+00 1.973786e+00 -4.464604e+00
         vertex 1.941174e+00 1.991030e+00 -4.469306e+00
         vertex 1.959405e+00 1.998548e+00 -4.466944e+00
      endloop
   endfacet
   facet normal 1.958467e-01 -1.716042e-01 -9.655030e-01
      outer loop
         vertex 1.959405e+00 1.998548e+00 -4.466944e+00
         vertex 1.941174e+00 1.991030e+00 -4.469306e+00
         vertex 1.948177e+00 2.005432e+00 -4.470445e+00
      endloop
   endfacet
   facet normal 2.034958e-01 -1.593888e-01 -9.660148e-01
      outer loop
         vertex 1.959405e+00 1.998548e+00 -4.466944e+00
         vertex 1.948177e+00 2.005432e+00 -4.470445e+00
         vertex 1.964250e+00 2.015219e+00 -4.468674e+00
      endloop
   endfacet
   facet normal 1.996855e-01 -1.527951e-01 -9.678736e-01
      outer loop
         vertex 1.964250e+00 2.015219e+00 -4.468674e+00
         vertex 1.948177e+00 2.005432e+00 -4.470445e+00
         vertex 1.950818e+00 2.012735e+00 -4.471053e+00
      endloop
   endfacet
   facet normal 1.971690e-01 -1.363465e-01 -9.708419e-01
      outer loop
         vertex 1.964250e+00 2.015219e+00 -4.468674e+00
         vertex 1.950818e+00 2.012735e+00 -4.471053e+00
         vertex 1.952771e+00 2.020115e+00 -4.471693e+00
      endloop
   endfacet
   facet normal 1.487596e-01 -1.672670e-01 -9.746242e-01
      outer loop
         vertex 1.948268e+00 1.973786e+00 -4.464604e+00
         vertex 1.909849e+00 1.901366e+00 -4.458039e+00
         vertex 1.855347e+00 1.865995e+00 -4.460287e+00
      endloop
   endfacet
   facet normal 1.198391e-01 -1.220289e-01 -9.852652e-01
      outer loop
         vertex 1.855347e+00 1.865995e+00 -4.460287e+00
         vertex 1.909849e+00 1.901366e+00 -4.458039e+00
         vertex 1.849358e+00 1.781888e+00 -4.450599e+00
      endloop
   endfacet
   facet normal 1.655546e-01 -1.244832e-01 -9.783126e-01
      outer loop
         vertex 1.855347e+00 1.865995e+00 -4.460287e+00
         vertex 1.849358e+00 1.781888e+00 -4.450599e+00
         vertex 1.702343e+00 1.640310e+00 -4.457463e+00
      endloop
   endfacet
   facet normal 1.028577e-01 -5.866805e-02 -9.929644e-01
      outer loop
         vertex 1.702343e+00 1.640310e+00 -4.457463e+00
         vertex 1.849358e+00 1.781888e+00 -4.450599e+00
         vertex 1.781184e+00 1.647121e+00 -4.449698e+00
      endloop
   endfacet
   facet normal 9.763731e-02 4.328131e-03 -9.952127e-01
      outer loop
         vertex 1.702343e+00 1.640310e+00 -4.457463e+00
         vertex 1.781184e+00 1.647121e+00 -4.449698e+00
         vertex 1.553788e+00 1.416419e+00 -4.473011e+00
      endloop
   endfacet
   facet normal 1.816585e-01 1.518035e-01 -9.715739e-01
      outer loop
         vertex 1.954064e+00 -1.305931e+00 -4.468670e+00
         vertex 1.959203e+00 -1.321516e+00 -4.470144e+00
         vertex 1.947126e+00 -1.323599e+00 -4.472727e+00
      endloop
   endfacet
   facet normal 9.147729e-02 1.984923e-02 -9.956093e-01
      outer loop
         vertex 1.960107e+00 -1.391976e+00 -4.475886e+00
         vertex 1.947592e+00 -1.392766e+00 -4.477051e+00
         vertex 1.947664e+00 -1.385035e+00 -4.476890e+00
      endloop
   endfacet
   facet normal 1.052415e-01 4.483925e-02 -9.934353e-01
      outer loop
         vertex 1.960107e+00 -1.391976e+00 -4.475886e+00
         vertex 1.947664e+00 -1.385035e+00 -4.476890e+00
         vertex 1.961377e+00 -1.366751e+00 -4.474612e+00
      endloop
   endfacet
   facet normal 1.159566e-01 3.669575e-02 -9.925762e-01
      outer loop
         vertex 1.947664e+00 -1.385035e+00 -4.476890e+00
         vertex 1.949038e+00 -1.369388e+00 -4.476151e+00
         vertex 1.961377e+00 -1.366751e+00 -4.474612e+00
      endloop
   endfacet
   facet normal 1.110867e-01 5.917609e-02 -9.920473e-01
      outer loop
         vertex 1.961377e+00 -1.366751e+00 -4.474612e+00
         vertex 1.949038e+00 -1.369388e+00 -4.476151e+00
         vertex 1.950147e+00 -1.353805e+00 -4.475098e+00
      endloop
   endfacet
   facet normal 1.496106e-01 9.287965e-02 -9.843729e-01
      outer loop
         vertex 1.961377e+00 -1.366751e+00 -4.474612e+00
         vertex 1.950147e+00 -1.353805e+00 -4.475098e+00
         vertex 1.961752e+00 -1.337991e+00 -4.471842e+00
      endloop
   endfacet
   facet normal 1.669641e-01 7.980612e-02 -9.827278e-01
      outer loop
         vertex 1.961752e+00 -1.337991e+00 -4.471842e+00
         vertex 1.950147e+00 -1.353805e+00 -4.475098e+00
         vertex 1.949859e+00 -1.338481e+00 -4.473902e+00
      endloop
   endfacet
   facet normal 1.642828e-01 1.262371e-01 -9.783023e-01
      outer loop
         vertex 1.961752e+00 -1.337991e+00 -4.471842e+00
         vertex 1.949859e+00 -1.338481e+00 -4.473902e+00
         vertex 1.959203e+00 -1.321516e+00 -4.470144e+00
      endloop
   endfacet
   facet normal 2.017698e-01 1.045984e-01 -9.738317e-01
      outer loop
         vertex 1.959203e+00 -1.321516e+00 -4.470144e+00
         vertex 1.949859e+00 -1.338481e+00 -4.473902e+00
         vertex 1.948862e+00 -1.330974e+00 -4.473303e+00
      endloop
   endfacet
   facet normal 1.878039e-01 1.202009e-01 -9.748238e-01
      outer loop
         vertex 1.959203e+00 -1.321516e+00 -4.470144e+00
         vertex 1.948862e+00 -1.330974e+00 -4.473303e+00
         vertex 1.947126e+00 -1.323599e+00 -4.472727e+00
      endloop
   endfacet
   facet normal 9.218098e-02 8.832432e-03 -9.957031e-01
      outer loop
         vertex 1.947592e+00 -1.392766e+00 -4.477051e+00
         vertex 1.960107e+00 -1.391976e+00 -4.475886e+00
         vertex 1.947907e+00 -1.396576e+00 -4.477056e+00
      endloop
   endfacet
   facet normal 9.787412e-02 -6.400572e-03 -9.951782e-01
      outer loop
         vertex 1.947907e+00 -1.396576e+00 -4.477056e+00
         vertex 1.960107e+00 -1.391976e+00 -4.475886e+00
         vertex 1.960855e+00 -1.400296e+00 -4.475758e+00
      endloop
   endfacet
   facet normal 1.003004e-01 2.123041e-03 -9.949549e-01
      outer loop
         vertex 1.947907e+00 -1.396576e+00 -4.477056e+00
         vertex 1.960855e+00 -1.400296e+00 -4.475758e+00
         vertex 1.948532e+00 -1.400337e+00 -4.477001e+00
      endloop
   endfacet
   facet normal 2.034063e-01 1.425933e-01 -9.686553e-01
      outer loop
         vertex 1.947126e+00 -1.323599e+00 -4.472727e+00
         vertex 1.944634e+00 -1.316361e+00 -4.472185e+00
         vertex 1.954064e+00 -1.305931e+00 -4.468670e+00
      endloop
   endfacet
   facet normal 1.903635e-01 1.546559e-01 -9.694552e-01
      outer loop
         vertex 1.954064e+00 -1.305931e+00 -4.468670e+00
         vertex 1.944634e+00 -1.316361e+00 -4.472185e+00
         vertex 1.941464e+00 -1.309248e+00 -4.471673e+00
      endloop
   endfacet
   facet normal 1.839967e-01 1.765599e-01 -9.669394e-01
      outer loop
         vertex 1.954064e+00 -1.305931e+00 -4.468670e+00
         vertex 1.941464e+00 -1.309248e+00 -4.471673e+00
         vertex 1.941423e+00 -1.281131e+00 -4.466547e+00
      endloop
   endfacet
   facet normal 9.356299e-02 8.864023e-02 -9.916597e-01
      outer loop
         vertex 1.663855e+00 -9.814691e-01 -4.462294e+00
         vertex 1.742919e+00 -9.780851e-01 -4.454532e+00
         vertex 1.839113e+00 -1.177983e+00 -4.463324e+00
      endloop
   endfacet
   facet normal 1.305384e-01 1.061731e-01 -9.857419e-01
      outer loop
         vertex 1.839113e+00 -1.177983e+00 -4.463324e+00
         vertex 1.742919e+00 -9.780851e-01 -4.454532e+00
         vertex 1.875646e+00 -1.174843e+00 -4.458148e+00
      endloop
   endfacet
   facet normal 1.246602e-01 1.629811e-01 -9.787221e-01
      outer loop
         vertex 1.839113e+00 -1.177983e+00 -4.463324e+00
         vertex 1.875646e+00 -1.174843e+00 -4.458148e+00
         vertex 1.923694e+00 -1.281807e+00 -4.469840e+00
      endloop
   endfacet
   facet normal 1.727877e-01 1.833986e-01 -9.677341e-01
      outer loop
         vertex 1.923694e+00 -1.281807e+00 -4.469840e+00
         vertex 1.875646e+00 -1.174843e+00 -4.458148e+00
         vertex 1.941423e+00 -1.281131e+00 -4.466547e+00
      endloop
   endfacet
   facet normal 1.725385e-01 1.868953e-01 -9.671094e-01
      outer loop
         vertex 1.923694e+00 -1.281807e+00 -4.469840e+00
         vertex 1.941423e+00 -1.281131e+00 -4.466547e+00
         vertex 1.933429e+00 -1.295350e+00 -4.470721e+00
      endloop
   endfacet
   facet normal 1.905710e-01 1.763442e-01 -9.657046e-01
      outer loop
         vertex 1.933429e+00 -1.295350e+00 -4.470721e+00
         vertex 1.941423e+00 -1.281131e+00 -4.466547e+00
         vertex 1.941464e+00 -1.309248e+00 -4.471673e+00
      endloop
   endfacet
   facet normal 6.074378e-02 -6.852723e-02 -9.957983e-01
      outer loop
         vertex 1.007430e+00 4.880962e-02 -4.602113e+00
         vertex 1.239264e+00 3.770208e-02 -4.587207e+00
         vertex 1.045895e+00 -9.089067e-02 -4.590153e+00
      endloop
   endfacet
   facet normal 6.715410e-02 -7.819239e-02 -9.946740e-01
      outer loop
         vertex 1.045895e+00 -9.089067e-02 -4.590153e+00
         vertex 1.239264e+00 3.770208e-02 -4.587207e+00
         vertex 1.283668e+00 -1.537972e-01 -4.569155e+00
      endloop
   endfacet
   facet normal 6.207109e-02 -9.696327e-02 -9.933505e-01
      outer loop
         vertex 1.045895e+00 -9.089067e-02 -4.590153e+00
         vertex 1.283668e+00 -1.537972e-01 -4.569155e+00
         vertex 1.097465e+00 -2.232769e-01 -4.574008e+00
      endloop
   endfacet
   facet normal 6.607360e-02 -1.077859e-01 -9.919761e-01
      outer loop
         vertex 1.097465e+00 -2.232769e-01 -4.574008e+00
         vertex 1.283668e+00 -1.537972e-01 -4.569155e+00
         vertex 1.305994e+00 -2.226429e-01 -4.560187e+00
      endloop
   endfacet
   facet normal 6.601622e-02 -1.203520e-01 -9.905338e-01
      outer loop
         vertex 1.097465e+00 -2.232769e-01 -4.574008e+00
         vertex 1.305994e+00 -2.226429e-01 -4.560187e+00
         vertex 1.160125e+00 -3.502750e-01 -4.554402e+00
      endloop
   endfacet
   facet normal 7.405625e-02 -1.294630e-01 -9.888150e-01
      outer loop
         vertex 1.160125e+00 -3.502750e-01 -4.554402e+00
         vertex 1.305994e+00 -2.226429e-01 -4.560187e+00
         vertex 1.370091e+00 -3.816957e-01 -4.534563e+00
      endloop
   endfacet
   facet normal 6.987307e-02 -1.552602e-01 -9.853994e-01
      outer loop
         vertex 1.160125e+00 -3.502750e-01 -4.554402e+00
         vertex 1.370091e+00 -3.816957e-01 -4.534563e+00
         vertex 1.232333e+00 -4.683109e-01 -4.530684e+00
      endloop
   endfacet
   facet normal 7.632022e-02 -1.654186e-01 -9.832659e-01
      outer loop
         vertex 1.232333e+00 -4.683109e-01 -4.530684e+00
         vertex 1.370091e+00 -3.816957e-01 -4.534563e+00
         vertex 1.409057e+00 -4.602773e-01 -4.518318e+00
      endloop
   endfacet
   facet normal 7.543286e-02 -1.396537e-01 -9.873230e-01
      outer loop
         vertex 1.232333e+00 -4.683109e-01 -4.530684e+00
         vertex 1.409057e+00 -4.602773e-01 -4.518318e+00
         vertex 1.311266e+00 -5.782925e-01 -4.509096e+00
      endloop
   endfacet
   facet normal 8.000230e-02 -1.433703e-01 -9.864302e-01
      outer loop
         vertex 1.409057e+00 -4.602773e-01 -4.518318e+00
         vertex 1.469944e+00 -5.699162e-01 -4.497445e+00
         vertex 1.311266e+00 -5.782925e-01 -4.509096e+00
      endloop
   endfacet
   facet normal 7.872052e-02 -1.135555e-01 -9.904081e-01
      outer loop
         vertex 1.311266e+00 -5.782925e-01 -4.509096e+00
         vertex 1.469944e+00 -5.699162e-01 -4.497445e+00
         vertex 1.506520e+00 -6.311127e-01 -4.487521e+00
      endloop
   endfacet
   facet normal 9.008799e-02 -7.270639e-02 -9.932764e-01
      outer loop
         vertex 1.311266e+00 -5.782925e-01 -4.509096e+00
         vertex 1.506520e+00 -6.311127e-01 -4.487521e+00
         vertex 1.483112e+00 -7.893788e-01 -4.478059e+00
      endloop
   endfacet
   facet normal 8.703583e-02 -7.227312e-02 -9.935801e-01
      outer loop
         vertex 1.483112e+00 -7.893788e-01 -4.478059e+00
         vertex 1.506520e+00 -6.311127e-01 -4.487521e+00
         vertex 1.602922e+00 -7.816450e-01 -4.468127e+00
      endloop
   endfacet
   facet normal 8.286360e-02 -3.818941e-03 -9.965536e-01
      outer loop
         vertex 1.483112e+00 -7.893788e-01 -4.478059e+00
         vertex 1.602922e+00 -7.816450e-01 -4.468127e+00
         vertex 1.663855e+00 -9.814691e-01 -4.462294e+00
      endloop
   endfacet
   facet normal 1.335227e-01 1.179171e-02 -9.909756e-01
      outer loop
         vertex 1.663855e+00 -9.814691e-01 -4.462294e+00
         vertex 1.602922e+00 -7.816450e-01 -4.468127e+00
         vertex 1.694407e+00 -9.104797e-01 -4.457333e+00
      endloop
   endfacet
   facet normal 9.648009e-02 2.801067e-02 -9.949407e-01
      outer loop
         vertex 1.663855e+00 -9.814691e-01 -4.462294e+00
         vertex 1.694407e+00 -9.104797e-01 -4.457333e+00
         vertex 1.742919e+00 -9.780851e-01 -4.454532e+00
      endloop
   endfacet
   facet normal 1.010665e-01 -8.095141e-03 -9.948467e-01
      outer loop
         vertex 1.948637e+00 2.096694e+00 -4.477002e+00
         vertex 1.960931e+00 2.097551e+00 -4.475760e+00
         vertex 1.948283e+00 2.092900e+00 -4.477007e+00
      endloop
   endfacet
   facet normal 9.564361e-02 6.800061e-03 -9.953924e-01
      outer loop
         vertex 1.948283e+00 2.092900e+00 -4.477007e+00
         vertex 1.960931e+00 2.097551e+00 -4.475760e+00
         vertex 1.960706e+00 2.092388e+00 -4.475817e+00
      endloop
   endfacet
   facet normal 9.472426e-02 -1.548601e-02 -9.953831e-01
      outer loop
         vertex 1.948283e+00 2.092900e+00 -4.477007e+00
         vertex 1.960706e+00 2.092388e+00 -4.475817e+00
         vertex 1.948241e+00 2.089079e+00 -4.476951e+00
      endloop
   endfacet
   facet normal 9.725317e-02 -2.516456e-02 -9.949415e-01
      outer loop
         vertex 1.948241e+00 2.089079e+00 -4.476951e+00
         vertex 1.960706e+00 2.092388e+00 -4.475817e+00
         vertex 1.961534e+00 2.080620e+00 -4.475438e+00
      endloop
   endfacet
   facet normal 9.647921e-02 -2.638863e-02 -9.949851e-01
      outer loop
         vertex 1.948241e+00 2.089079e+00 -4.476951e+00
         vertex 1.961534e+00 2.080620e+00 -4.475438e+00
         vertex 1.948861e+00 2.081377e+00 -4.476687e+00
      endloop
   endfacet
   facet normal 1.842449e-01 -1.174935e-01 -9.758325e-01
      outer loop
         vertex 1.952771e+00 2.020115e+00 -4.471693e+00
         vertex 1.953959e+00 2.027581e+00 -4.472368e+00
         vertex 1.966190e+00 2.030588e+00 -4.470421e+00
      endloop
   endfacet
   facet normal 1.807253e-01 -1.015929e-01 -9.782726e-01
      outer loop
         vertex 1.966190e+00 2.030588e+00 -4.470421e+00
         vertex 1.953959e+00 2.027581e+00 -4.472368e+00
         vertex 1.954403e+00 2.035129e+00 -4.473070e+00
      endloop
   endfacet
   facet normal 1.789136e-01 -1.062037e-01 -9.781159e-01
      outer loop
         vertex 1.966190e+00 2.030588e+00 -4.470421e+00
         vertex 1.954403e+00 2.035129e+00 -4.473070e+00
         vertex 1.965266e+00 2.052786e+00 -4.473000e+00
      endloop
   endfacet
   facet normal 1.411217e-01 -8.291977e-02 -9.865135e-01
      outer loop
         vertex 1.965266e+00 2.052786e+00 -4.473000e+00
         vertex 1.954403e+00 2.035129e+00 -4.473070e+00
         vertex 1.953578e+00 2.050417e+00 -4.474473e+00
      endloop
   endfacet
   facet normal 1.382942e-01 -6.801110e-02 -9.880532e-01
      outer loop
         vertex 1.965266e+00 2.052786e+00 -4.473000e+00
         vertex 1.953578e+00 2.050417e+00 -4.474473e+00
         vertex 1.961534e+00 2.080620e+00 -4.475438e+00
      endloop
   endfacet
   facet normal 1.210618e-01 -6.355305e-02 -9.906084e-01
      outer loop
         vertex 1.961534e+00 2.080620e+00 -4.475438e+00
         vertex 1.953578e+00 2.050417e+00 -4.474473e+00
         vertex 1.951349e+00 2.065871e+00 -4.475737e+00
      endloop
   endfacet
   facet normal 9.527118e-02 -4.566607e-02 -9.944033e-01
      outer loop
         vertex 1.961534e+00 2.080620e+00 -4.475438e+00
         vertex 1.951349e+00 2.065871e+00 -4.475737e+00
         vertex 1.948861e+00 2.081377e+00 -4.476687e+00
      endloop
   endfacet
   facet normal 8.904232e-02 1.287392e-02 -9.959446e-01
      outer loop
         vertex 1.781184e+00 1.647121e+00 -4.449698e+00
         vertex 1.685237e+00 1.449611e+00 -4.460829e+00
         vertex 1.553788e+00 1.416419e+00 -4.473011e+00
      endloop
   endfacet
   facet normal 7.778384e-02 5.723311e-02 -9.953261e-01
      outer loop
         vertex 1.553788e+00 1.416419e+00 -4.473011e+00
         vertex 1.685237e+00 1.449611e+00 -4.460829e+00
         vertex 1.673399e+00 1.426748e+00 -4.463069e+00
      endloop
   endfacet
   facet normal 7.605341e-02 7.617867e-02 -9.941895e-01
      outer loop
         vertex 1.553788e+00 1.416419e+00 -4.473011e+00
         vertex 1.673399e+00 1.426748e+00 -4.463069e+00
         vertex 1.404948e+00 1.228317e+00 -4.498810e+00
      endloop
   endfacet
   facet normal 5.736259e-02 1.012871e-01 -9.932021e-01
      outer loop
         vertex 1.404948e+00 1.228317e+00 -4.498810e+00
         vertex 1.673399e+00 1.426748e+00 -4.463069e+00
         vertex 1.516232e+00 1.151709e+00 -4.500195e+00
      endloop
   endfacet
   facet normal 7.606514e-02 1.283755e-01 -9.888042e-01
      outer loop
         vertex 1.404948e+00 1.228317e+00 -4.498810e+00
         vertex 1.516232e+00 1.151709e+00 -4.500195e+00
         vertex 1.263355e+00 1.051811e+00 -4.532618e+00
      endloop
   endfacet
   facet normal 7.075170e-02 1.413777e-01 -9.874242e-01
      outer loop
         vertex 1.263355e+00 1.051811e+00 -4.532618e+00
         vertex 1.516232e+00 1.151709e+00 -4.500195e+00
         vertex 1.456508e+00 1.047192e+00 -4.519439e+00
      endloop
   endfacet
   facet normal 7.104847e-02 1.637140e-01 -9.839461e-01
      outer loop
         vertex 1.263355e+00 1.051811e+00 -4.532618e+00
         vertex 1.456508e+00 1.047192e+00 -4.519439e+00
         vertex 1.139797e+00 8.809209e-01 -4.569973e+00
      endloop
   endfacet
   facet normal 7.469246e-02 1.570223e-01 -9.847665e-01
      outer loop
         vertex 1.139797e+00 8.809209e-01 -4.569973e+00
         vertex 1.456508e+00 1.047192e+00 -4.519439e+00
         vertex 1.348918e+00 8.397228e-01 -4.560681e+00
      endloop
   endfacet
   facet normal 7.854111e-02 1.774079e-01 -9.809983e-01
      outer loop
         vertex 1.139797e+00 8.809209e-01 -4.569973e+00
         vertex 1.348918e+00 8.397228e-01 -4.560681e+00
         vertex 1.087795e+00 7.929121e-01 -4.590052e+00
      endloop
   endfacet
   facet normal 8.001540e-02 1.699384e-01 -9.822008e-01
      outer loop
         vertex 1.087795e+00 7.929121e-01 -4.590052e+00
         vertex 1.348918e+00 8.397228e-01 -4.560681e+00
         vertex 1.318429e+00 7.696386e-01 -4.575290e+00
      endloop
   endfacet
   facet normal 7.616786e-02 1.275602e-01 -9.889018e-01
      outer loop
         vertex 1.087795e+00 7.929121e-01 -4.590052e+00
         vertex 1.318429e+00 7.696386e-01 -4.575290e+00
         vertex 1.044465e+00 6.964381e-01 -4.605834e+00
      endloop
   endfacet
   facet normal 7.673328e-02 1.255339e-01 -9.891174e-01
      outer loop
         vertex 1.044465e+00 6.964381e-01 -4.605834e+00
         vertex 1.318429e+00 7.696386e-01 -4.575290e+00
         vertex 1.284303e+00 6.741846e-01 -4.590052e+00
      endloop
   endfacet
   facet normal 7.219111e-02 7.258876e-02 -9.947459e-01
      outer loop
         vertex 1.044465e+00 6.964381e-01 -4.605834e+00
         vertex 1.284303e+00 6.741846e-01 -4.590052e+00
         vertex 1.012143e+00 5.976759e-01 -4.615386e+00
      endloop
   endfacet
   facet normal 7.246563e-02 7.162864e-02 -9.947955e-01
      outer loop
         vertex 1.012143e+00 5.976759e-01 -4.615386e+00
         vertex 1.284303e+00 6.741846e-01 -4.590052e+00
         vertex 1.254933e+00 5.665409e-01 -4.599942e+00
      endloop
   endfacet
   facet normal 6.740114e-02 3.092002e-02 -9.972467e-01
      outer loop
         vertex 1.012143e+00 5.976759e-01 -4.615386e+00
         vertex 1.254933e+00 5.665409e-01 -4.599942e+00
         vertex 1.000370e+00 5.473743e-01 -4.617742e+00
      endloop
   endfacet
   facet normal 6.766347e-02 2.751204e-02 -9.973288e-01
      outer loop
         vertex 1.000370e+00 5.473743e-01 -4.617742e+00
         vertex 1.254933e+00 5.665409e-01 -4.599942e+00
         vertex 1.242854e+00 5.070853e-01 -4.602402e+00
      endloop
   endfacet
   facet normal 6.290260e-02 -1.404378e-03 -9.980187e-01
      outer loop
         vertex 1.000370e+00 5.473743e-01 -4.617742e+00
         vertex 1.242854e+00 5.070853e-01 -4.602402e+00
         vertex 9.903036e-01 4.889522e-01 -4.618294e+00
      endloop
   endfacet
   facet normal 6.303263e-02 -3.226305e-03 -9.980063e-01
      outer loop
         vertex 9.903036e-01 4.889522e-01 -4.618294e+00
         vertex 1.242854e+00 5.070853e-01 -4.602402e+00
         vertex 1.234553e+00 4.559689e-01 -4.602761e+00
      endloop
   endfacet
   facet normal 6.077685e-02 -1.990576e-02 -9.979529e-01
      outer loop
         vertex 9.903036e-01 4.889522e-01 -4.618294e+00
         vertex 1.234553e+00 4.559689e-01 -4.602761e+00
         vertex 9.789687e-01 3.461149e-01 -4.616135e+00
      endloop
   endfacet
   facet normal 6.148334e-02 -2.155891e-02 -9.978752e-01
      outer loop
         vertex 9.789687e-01 3.461149e-01 -4.616135e+00
         vertex 1.234553e+00 4.559689e-01 -4.602761e+00
         vertex 1.221689e+00 3.004995e-01 -4.600195e+00
      endloop
   endfacet
   facet normal 5.922752e-02 -3.349474e-02 -9.976824e-01
      outer loop
         vertex 9.789687e-01 3.461149e-01 -4.616135e+00
         vertex 1.221689e+00 3.004995e-01 -4.600195e+00
         vertex 9.846938e-01 1.960224e-01 -4.610756e+00
      endloop
   endfacet
   facet normal 6.069147e-02 -3.683634e-02 -9.974766e-01
      outer loop
         vertex 9.846938e-01 1.960224e-01 -4.610756e+00
         vertex 1.221689e+00 3.004995e-01 -4.600195e+00
         vertex 1.223906e+00 1.772138e-01 -4.595507e+00
      endloop
   endfacet
   facet normal 5.967955e-02 -4.931853e-02 -9.969985e-01
      outer loop
         vertex 9.846938e-01 1.960224e-01 -4.610756e+00
         vertex 1.223906e+00 1.772138e-01 -4.595507e+00
         vertex 1.007430e+00 4.880962e-02 -4.602113e+00
      endloop
   endfacet
   facet normal 6.089909e-02 -5.138372e-02 -9.968205e-01
      outer loop
         vertex 1.007430e+00 4.880962e-02 -4.602113e+00
         vertex 1.223906e+00 1.772138e-01 -4.595507e+00
         vertex 1.235963e+00 5.926978e-02 -4.588691e+00
      endloop
   endfacet
   facet normal 6.122885e-02 -5.916827e-02 -9.963685e-01
      outer loop
         vertex 1.007430e+00 4.880962e-02 -4.602113e+00
         vertex 1.235963e+00 5.926978e-02 -4.588691e+00
         vertex 1.239264e+00 3.770208e-02 -4.587207e+00
      endloop
   endfacet
   facet normal 1.330206e-01 -1.409762e-01 -9.810358e-01
      outer loop
         vertex 1.974037e+00 1.987274e+00 -4.463340e+00
         vertex 1.959405e+00 1.998548e+00 -4.466944e+00
         vertex 1.979395e+00 2.014176e+00 -4.466480e+00
      endloop
   endfacet
   facet normal 1.325244e-01 -1.403367e-01 -9.811946e-01
      outer loop
         vertex 1.979395e+00 2.014176e+00 -4.466480e+00
         vertex 1.959405e+00 1.998548e+00 -4.466944e+00
         vertex 1.964250e+00 2.015219e+00 -4.468674e+00
      endloop
   endfacet
   facet normal 1.328426e-01 -1.367035e-01 -9.816644e-01
      outer loop
         vertex 1.979395e+00 2.014176e+00 -4.466480e+00
         vertex 1.964250e+00 2.015219e+00 -4.468674e+00
         vertex 1.980409e+00 2.036974e+00 -4.469517e+00
      endloop
   endfacet
   facet normal 1.195898e-01 -1.269763e-01 -9.846701e-01
      outer loop
         vertex 1.980409e+00 2.036974e+00 -4.469517e+00
         vertex 1.964250e+00 2.015219e+00 -4.468674e+00
         vertex 1.966190e+00 2.030588e+00 -4.470421e+00
      endloop
   endfacet
   facet normal 1.212706e-01 -1.308186e-01 -9.839614e-01
      outer loop
         vertex 1.980409e+00 2.036974e+00 -4.469517e+00
         vertex 1.966190e+00 2.030588e+00 -4.470421e+00
         vertex 1.980235e+00 2.041485e+00 -4.470138e+00
      endloop
   endfacet
   facet normal 1.055432e-01 -1.104372e-01 -9.882633e-01
      outer loop
         vertex 1.980235e+00 2.041485e+00 -4.470138e+00
         vertex 1.966190e+00 2.030588e+00 -4.470421e+00
         vertex 1.965266e+00 2.052786e+00 -4.473000e+00
      endloop
   endfacet
   facet normal 1.165549e-01 -9.592074e-02 -9.885414e-01
      outer loop
         vertex 1.980235e+00 2.041485e+00 -4.470138e+00
         vertex 1.965266e+00 2.052786e+00 -4.473000e+00
         vertex 1.976233e+00 2.082520e+00 -4.474592e+00
      endloop
   endfacet
   facet normal 4.353175e-02 1.091727e-01 -9.930691e-01
      outer loop
         vertex 1.516232e+00 1.151709e+00 -4.500195e+00
         vertex 1.673399e+00 1.426748e+00 -4.463069e+00
         vertex 1.815323e+00 1.439548e+00 -4.455441e+00
      endloop
   endfacet
   facet normal 4.693653e-02 7.329076e-02 -9.962055e-01
      outer loop
         vertex 1.815323e+00 1.439548e+00 -4.455441e+00
         vertex 1.673399e+00 1.426748e+00 -4.463069e+00
         vertex 1.685237e+00 1.449611e+00 -4.460829e+00
      endloop
   endfacet
   facet normal 4.597821e-02 6.041685e-02 -9.971137e-01
      outer loop
         vertex 1.815323e+00 1.439548e+00 -4.455441e+00
         vertex 1.685237e+00 1.449611e+00 -4.460829e+00
         vertex 1.849818e+00 1.565732e+00 -4.446204e+00
      endloop
   endfacet
   facet normal 7.448033e-02 2.000858e-02 -9.970217e-01
      outer loop
         vertex 1.849818e+00 1.565732e+00 -4.446204e+00
         vertex 1.685237e+00 1.449611e+00 -4.460829e+00
         vertex 1.781184e+00 1.647121e+00 -4.449698e+00
      endloop
   endfacet
   facet normal 6.266142e-02 1.000039e-02 -9.979847e-01
      outer loop
         vertex 1.849818e+00 1.565732e+00 -4.446204e+00
         vertex 1.781184e+00 1.647121e+00 -4.449698e+00
         vertex 1.874748e+00 1.655401e+00 -4.443740e+00
      endloop
   endfacet
   facet normal 6.707117e-02 -4.059119e-02 -9.969222e-01
      outer loop
         vertex 1.874748e+00 1.655401e+00 -4.443740e+00
         vertex 1.781184e+00 1.647121e+00 -4.449698e+00
         vertex 1.849358e+00 1.781888e+00 -4.450599e+00
      endloop
   endfacet
   facet normal 2.871402e-02 -4.837159e-02 -9.984166e-01
      outer loop
         vertex 1.874748e+00 1.655401e+00 -4.443740e+00
         vertex 1.849358e+00 1.781888e+00 -4.450599e+00
         vertex 1.943705e+00 1.888728e+00 -4.453062e+00
      endloop
   endfacet
   facet normal 1.028692e-01 -1.136191e-01 -9.881845e-01
      outer loop
         vertex 1.943705e+00 1.888728e+00 -4.453062e+00
         vertex 1.849358e+00 1.781888e+00 -4.450599e+00
         vertex 1.909849e+00 1.901366e+00 -4.458039e+00
      endloop
   endfacet
   facet normal 9.564401e-02 -1.323422e-01 -9.865788e-01
      outer loop
         vertex 1.943705e+00 1.888728e+00 -4.453062e+00
         vertex 1.909849e+00 1.901366e+00 -4.458039e+00
         vertex 1.974037e+00 1.987274e+00 -4.463340e+00
      endloop
   endfacet
   facet normal 1.307353e-01 -1.580776e-01 -9.787337e-01
      outer loop
         vertex 1.974037e+00 1.987274e+00 -4.463340e+00
         vertex 1.909849e+00 1.901366e+00 -4.458039e+00
         vertex 1.948268e+00 1.973786e+00 -4.464604e+00
      endloop
   endfacet
   facet normal 1.263477e-01 -1.495146e-01 -9.806537e-01
      outer loop
         vertex 1.974037e+00 1.987274e+00 -4.463340e+00
         vertex 1.948268e+00 1.973786e+00 -4.464604e+00
         vertex 1.959405e+00 1.998548e+00 -4.466944e+00
      endloop
   endfacet
   facet normal 6.506738e-02 -1.872436e-03 -9.978791e-01
      outer loop
         vertex 1.975483e+00 -1.400236e+00 -4.474805e+00
         vertex 1.960855e+00 -1.400296e+00 -4.475758e+00
         vertex 1.975009e+00 -1.385672e+00 -4.474863e+00
      endloop
   endfacet
   facet normal 7.213946e-02 -8.749370e-03 -9.973562e-01
      outer loop
         vertex 1.975009e+00 -1.385672e+00 -4.474863e+00
         vertex 1.960855e+00 -1.400296e+00 -4.475758e+00
         vertex 1.960107e+00 -1.391976e+00 -4.475886e+00
      endloop
   endfacet
   facet normal 4.143063e-02 6.380208e-02 -9.971022e-01
      outer loop
         vertex 1.975009e+00 -1.385672e+00 -4.474863e+00
         vertex 1.960107e+00 -1.391976e+00 -4.475886e+00
         vertex 1.975637e+00 -1.369291e+00 -4.473789e+00
      endloop
   endfacet
   facet normal 6.594524e-02 4.698380e-02 -9.967165e-01
      outer loop
         vertex 1.975637e+00 -1.369291e+00 -4.473789e+00
         vertex 1.960107e+00 -1.391976e+00 -4.475886e+00
         vertex 1.961377e+00 -1.366751e+00 -4.474612e+00
      endloop
   endfacet
   facet normal 7.692609e-02 1.105282e-01 -9.908915e-01
      outer loop
         vertex 1.975637e+00 -1.369291e+00 -4.473789e+00
         vertex 1.961377e+00 -1.366751e+00 -4.474612e+00
         vertex 1.975863e+00 -1.336819e+00 -4.470149e+00
      endloop
   endfacet
   facet normal 1.108874e-01 9.386833e-02 -9.893901e-01
      outer loop
         vertex 1.975863e+00 -1.336819e+00 -4.470149e+00
         vertex 1.961377e+00 -1.366751e+00 -4.474612e+00
         vertex 1.961752e+00 -1.337991e+00 -4.471842e+00
      endloop
   endfacet
   facet normal 1.073050e-01 1.313887e-01 -9.855063e-01
      outer loop
         vertex 1.975863e+00 -1.336819e+00 -4.470149e+00
         vertex 1.961752e+00 -1.337991e+00 -4.471842e+00
         vertex 1.972574e+00 -1.312338e+00 -4.467243e+00
      endloop
   endfacet
   facet normal 1.300469e-01 1.215304e-01 -9.840316e-01
      outer loop
         vertex 1.961752e+00 -1.337991e+00 -4.471842e+00
         vertex 1.959203e+00 -1.321516e+00 -4.470144e+00
         vertex 1.972574e+00 -1.312338e+00 -4.467243e+00
      endloop
   endfacet
   facet normal 1.219093e-01 1.332358e-01 -9.835580e-01
      outer loop
         vertex 1.972574e+00 -1.312338e+00 -4.467243e+00
         vertex 1.959203e+00 -1.321516e+00 -4.470144e+00
         vertex 1.954064e+00 -1.305931e+00 -4.468670e+00
      endloop
   endfacet
   facet normal 1.234945e-01 1.380057e-01 -9.827022e-01
      outer loop
         vertex 1.972574e+00 -1.312338e+00 -4.467243e+00
         vertex 1.954064e+00 -1.305931e+00 -4.468670e+00
         vertex 1.962434e+00 -1.279387e+00 -4.463890e+00
      endloop
   endfacet
   facet normal 1.125992e-01 1.415852e-01 -9.835014e-01
      outer loop
         vertex 1.962434e+00 -1.279387e+00 -4.463890e+00
         vertex 1.954064e+00 -1.305931e+00 -4.468670e+00
         vertex 1.941423e+00 -1.281131e+00 -4.466547e+00
      endloop
   endfacet
   facet normal 1.138445e-01 1.290007e-01 -9.850879e-01
      outer loop
         vertex 1.962434e+00 -1.279387e+00 -4.463890e+00
         vertex 1.941423e+00 -1.281131e+00 -4.466547e+00
         vertex 1.907742e+00 -1.139011e+00 -4.451828e+00
      endloop
   endfacet
   facet normal 6.370431e-02 1.177302e-01 -9.910002e-01
      outer loop
         vertex 1.907742e+00 -1.139011e+00 -4.451828e+00
         vertex 1.941423e+00 -1.281131e+00 -4.466547e+00
         vertex 1.875646e+00 -1.174843e+00 -4.458148e+00
      endloop
   endfacet
   facet normal 1.169774e-01 6.995188e-02 -9.906680e-01
      outer loop
         vertex 1.907742e+00 -1.139011e+00 -4.451828e+00
         vertex 1.875646e+00 -1.174843e+00 -4.458148e+00
         vertex 1.836773e+00 -9.742815e-01 -4.448576e+00
      endloop
   endfacet
   facet normal 6.082353e-02 5.934077e-02 -9.963830e-01
      outer loop
         vertex 1.836773e+00 -9.742815e-01 -4.448576e+00
         vertex 1.875646e+00 -1.174843e+00 -4.458148e+00
         vertex 1.742919e+00 -9.780851e-01 -4.454532e+00
      endloop
   endfacet
   facet normal 6.424156e-02 -2.298403e-02 -9.976697e-01
      outer loop
         vertex 1.836773e+00 -9.742815e-01 -4.448576e+00
         vertex 1.742919e+00 -9.780851e-01 -4.454532e+00
         vertex 1.760684e+00 -8.076578e-01 -4.457314e+00
      endloop
   endfacet
   facet normal 3.052850e-02 -1.949714e-02 -9.993437e-01
      outer loop
         vertex 1.760684e+00 -8.076578e-01 -4.457314e+00
         vertex 1.742919e+00 -9.780851e-01 -4.454532e+00
         vertex 1.694407e+00 -9.104797e-01 -4.457333e+00
      endloop
   endfacet
   facet normal 8.407059e-02 -5.401029e-02 -9.949950e-01
      outer loop
         vertex 1.760684e+00 -8.076578e-01 -4.457314e+00
         vertex 1.694407e+00 -9.104797e-01 -4.457333e+00
         vertex 1.745163e+00 -7.730365e-01 -4.460505e+00
      endloop
   endfacet
   facet normal 5.609233e-02 -4.373522e-02 -9.974672e-01
      outer loop
         vertex 1.694407e+00 -9.104797e-01 -4.457333e+00
         vertex 1.602922e+00 -7.816450e-01 -4.468127e+00
         vertex 1.745163e+00 -7.730365e-01 -4.460505e+00
      endloop
   endfacet
   facet normal 5.874364e-02 -9.046696e-02 -9.941654e-01
      outer loop
         vertex 1.745163e+00 -7.730365e-01 -4.460505e+00
         vertex 1.602922e+00 -7.816450e-01 -4.468127e+00
         vertex 1.506520e+00 -6.311127e-01 -4.487521e+00
      endloop
   endfacet
   facet normal 4.551791e-02 -1.124114e-01 -9.926187e-01
      outer loop
         vertex 1.745163e+00 -7.730365e-01 -4.460505e+00
         vertex 1.506520e+00 -6.311127e-01 -4.487521e+00
         vertex 1.658328e+00 -5.609661e-01 -4.488504e+00
      endloop
   endfacet
   facet normal 5.311985e-02 -1.288299e-01 -9.902430e-01
      outer loop
         vertex 1.658328e+00 -5.609661e-01 -4.488504e+00
         vertex 1.506520e+00 -6.311127e-01 -4.487521e+00
         vertex 1.469944e+00 -5.699162e-01 -4.497445e+00
      endloop
   endfacet
   facet normal 5.434312e-02 -1.590409e-01 -9.857752e-01
      outer loop
         vertex 1.658328e+00 -5.609661e-01 -4.488504e+00
         vertex 1.469944e+00 -5.699162e-01 -4.497445e+00
         vertex 1.626892e+00 -4.749881e-01 -4.504108e+00
      endloop
   endfacet
   facet normal 5.365508e-02 -1.579187e-01 -9.859933e-01
      outer loop
         vertex 1.626892e+00 -4.749881e-01 -4.504108e+00
         vertex 1.469944e+00 -5.699162e-01 -4.497445e+00
         vertex 1.409057e+00 -4.602773e-01 -4.518318e+00
      endloop
   endfacet
   facet normal 5.188889e-02 -1.804261e-01 -9.822189e-01
      outer loop
         vertex 1.626892e+00 -4.749881e-01 -4.504108e+00
         vertex 1.409057e+00 -4.602773e-01 -4.518318e+00
         vertex 1.583287e+00 -3.398011e-01 -4.531244e+00
      endloop
   endfacet
   facet normal 5.031291e-02 -1.781994e-01 -9.827073e-01
      outer loop
         vertex 1.583287e+00 -3.398011e-01 -4.531244e+00
         vertex 1.409057e+00 -4.602773e-01 -4.518318e+00
         vertex 1.370091e+00 -3.816957e-01 -4.534563e+00
      endloop
   endfacet
   facet normal 4.282893e-02 -1.395936e-01 -9.892822e-01
      outer loop
         vertex 1.583287e+00 -3.398011e-01 -4.531244e+00
         vertex 1.370091e+00 -3.816957e-01 -4.534563e+00
         vertex 1.545077e+00 -1.835799e-01 -4.554942e+00
      endloop
   endfacet
   facet normal 4.478038e-02 -1.412837e-01 -9.889558e-01
      outer loop
         vertex 1.545077e+00 -1.835799e-01 -4.554942e+00
         vertex 1.370091e+00 -3.816957e-01 -4.534563e+00
         vertex 1.305994e+00 -2.226429e-01 -4.560187e+00
      endloop
   endfacet
   facet normal 3.990376e-02 -1.108893e-01 -9.930313e-01
      outer loop
         vertex 1.545077e+00 -1.835799e-01 -4.554942e+00
         vertex 1.305994e+00 -2.226429e-01 -4.560187e+00
         vertex 1.530195e+00 -1.019268e-01 -4.564658e+00
      endloop
   endfacet
   facet normal 4.240738e-02 -1.155158e-01 -9.924000e-01
      outer loop
         vertex 1.530195e+00 -1.019268e-01 -4.564658e+00
         vertex 1.305994e+00 -2.226429e-01 -4.560187e+00
         vertex 1.283668e+00 -1.537972e-01 -4.569155e+00
      endloop
   endfacet
   facet normal 3.572208e-02 -8.344122e-02 -9.958722e-01
      outer loop
         vertex 1.530195e+00 -1.019268e-01 -4.564658e+00
         vertex 1.283668e+00 -1.537972e-01 -4.569155e+00
         vertex 1.514414e+00 2.391768e-02 -4.575768e+00
      endloop
   endfacet
   facet normal 6.461909e-02 8.174891e-03 -9.978765e-01
      outer loop
         vertex 1.960931e+00 2.097551e+00 -4.475760e+00
         vertex 1.975524e+00 2.098551e+00 -4.474807e+00
         vertex 1.960706e+00 2.092388e+00 -4.475817e+00
      endloop
   endfacet
   facet normal 7.220829e-02 -1.016196e-02 -9.973378e-01
      outer loop
         vertex 1.960706e+00 2.092388e+00 -4.475817e+00
         vertex 1.975524e+00 2.098551e+00 -4.474807e+00
         vertex 1.976233e+00 2.082520e+00 -4.474592e+00
      endloop
   endfacet
   facet normal 6.102796e-02 -2.780342e-02 -9.977487e-01
      outer loop
         vertex 1.960706e+00 2.092388e+00 -4.475817e+00
         vertex 1.976233e+00 2.082520e+00 -4.474592e+00
         vertex 1.961534e+00 2.080620e+00 -4.475438e+00
      endloop
   endfacet
   facet normal 6.735188e-02 -7.810068e-02 -9.946678e-01
      outer loop
         vertex 1.961534e+00 2.080620e+00 -4.475438e+00
         vertex 1.976233e+00 2.082520e+00 -4.474592e+00
         vertex 1.965266e+00 2.052786e+00 -4.473000e+00
      endloop
   endfacet
   facet normal 6.127363e-02 9.087810e-02 -9.939752e-01
      outer loop
         vertex 1.815323e+00 1.439548e+00 -4.455441e+00
         vertex 1.759005e+00 1.261590e+00 -4.475183e+00
         vertex 1.516232e+00 1.151709e+00 -4.500195e+00
      endloop
   endfacet
   facet normal 4.973710e-02 1.159204e-01 -9.920124e-01
      outer loop
         vertex 1.516232e+00 1.151709e+00 -4.500195e+00
         vertex 1.759005e+00 1.261590e+00 -4.475183e+00
         vertex 1.751875e+00 1.239898e+00 -4.478075e+00
      endloop
   endfacet
   facet normal 3.130883e-02 1.636580e-01 -9.860202e-01
      outer loop
         vertex 1.516232e+00 1.151709e+00 -4.500195e+00
         vertex 1.751875e+00 1.239898e+00 -4.478075e+00
         vertex 1.456508e+00 1.047192e+00 -4.519439e+00
      endloop
   endfacet
   facet normal 4.637424e-02 1.411842e-01 -9.888966e-01
      outer loop
         vertex 1.456508e+00 1.047192e+00 -4.519439e+00
         vertex 1.751875e+00 1.239898e+00 -4.478075e+00
         vertex 1.685787e+00 1.042711e+00 -4.509327e+00
      endloop
   endfacet
   facet normal 4.675260e-02 1.713780e-01 -9.840954e-01
      outer loop
         vertex 1.456508e+00 1.047192e+00 -4.519439e+00
         vertex 1.685787e+00 1.042711e+00 -4.509327e+00
         vertex 1.348918e+00 8.397228e-01 -4.560681e+00
      endloop
   endfacet
   facet normal 5.496984e-02 1.581918e-01 -9.858771e-01
      outer loop
         vertex 1.348918e+00 8.397228e-01 -4.560681e+00
         vertex 1.685787e+00 1.042711e+00 -4.509327e+00
         vertex 1.622017e+00 8.444524e-01 -4.544694e+00
      endloop
   endfacet
   facet normal 5.434513e-02 1.810578e-01 -9.819698e-01
      outer loop
         vertex 1.348918e+00 8.397228e-01 -4.560681e+00
         vertex 1.622017e+00 8.444524e-01 -4.544694e+00
         vertex 1.318429e+00 7.696386e-01 -4.575290e+00
      endloop
   endfacet
   facet normal 5.696670e-02 1.710893e-01 -9.836073e-01
      outer loop
         vertex 1.318429e+00 7.696386e-01 -4.575290e+00
         vertex 1.622017e+00 8.444524e-01 -4.544694e+00
         vertex 1.603448e+00 7.823282e-01 -4.556576e+00
      endloop
   endfacet
   facet normal 5.909851e-02 1.318977e-01 -9.895001e-01
      outer loop
         vertex 1.318429e+00 7.696386e-01 -4.575290e+00
         vertex 1.603448e+00 7.823282e-01 -4.556576e+00
         vertex 1.284303e+00 6.741846e-01 -4.590052e+00
      endloop
   endfacet
   facet normal 5.687349e-02 1.382365e-01 -9.887649e-01
      outer loop
         vertex 1.284303e+00 6.741846e-01 -4.590052e+00
         vertex 1.603448e+00 7.823282e-01 -4.556576e+00
         vertex 1.565609e+00 6.374709e-01 -4.579004e+00
      endloop
   endfacet
   facet normal 4.929046e-02 7.803786e-02 -9.957312e-01
      outer loop
         vertex 1.284303e+00 6.741846e-01 -4.590052e+00
         vertex 1.565609e+00 6.374709e-01 -4.579004e+00
         vertex 1.254933e+00 5.665409e-01 -4.599942e+00
      endloop
   endfacet
   facet normal 4.767841e-02 8.495472e-02 -9.952434e-01
      outer loop
         vertex 1.254933e+00 5.665409e-01 -4.599942e+00
         vertex 1.565609e+00 6.374709e-01 -4.579004e+00
         vertex 1.552242e+00 5.762699e-01 -4.584869e+00
      endloop
   endfacet
   facet normal 4.959073e-02 3.122312e-02 -9.982815e-01
      outer loop
         vertex 1.254933e+00 5.665409e-01 -4.599942e+00
         vertex 1.552242e+00 5.762699e-01 -4.584869e+00
         vertex 1.242854e+00 5.070853e-01 -4.602402e+00
      endloop
   endfacet
   facet normal 5.016543e-02 2.866526e-02 -9.983295e-01
      outer loop
         vertex 1.242854e+00 5.070853e-01 -4.602402e+00
         vertex 1.552242e+00 5.762699e-01 -4.584869e+00
         vertex 1.524473e+00 4.168269e-01 -4.590842e+00
      endloop
   endfacet
   facet normal 4.112109e-02 3.400080e-04 -9.991541e-01
      outer loop
         vertex 1.242854e+00 5.070853e-01 -4.602402e+00
         vertex 1.524473e+00 4.168269e-01 -4.590842e+00
         vertex 1.234553e+00 4.559689e-01 -4.602761e+00
      endloop
   endfacet
   facet normal 3.841603e-02 -1.966989e-02 -9.990682e-01
      outer loop
         vertex 1.234553e+00 4.559689e-01 -4.602761e+00
         vertex 1.524473e+00 4.168269e-01 -4.590842e+00
         vertex 1.221689e+00 3.004995e-01 -4.600195e+00
      endloop
   endfacet
   facet normal 3.712100e-02 -8.524998e-02 -9.956679e-01
      outer loop
         vertex 1.283668e+00 -1.537972e-01 -4.569155e+00
         vertex 1.239264e+00 3.770208e-02 -4.587207e+00
         vertex 1.514414e+00 2.391768e-02 -4.575768e+00
      endloop
   endfacet
   facet normal 3.831640e-02 -6.273823e-02 -9.972942e-01
      outer loop
         vertex 1.514414e+00 2.391768e-02 -4.575768e+00
         vertex 1.239264e+00 3.770208e-02 -4.587207e+00
         vertex 1.235963e+00 5.926978e-02 -4.588691e+00
      endloop
   endfacet
   facet normal 3.798723e-02 -6.527599e-02 -9.971439e-01
      outer loop
         vertex 1.514414e+00 2.391768e-02 -4.575768e+00
         vertex 1.235963e+00 5.926978e-02 -4.588691e+00
         vertex 1.510604e+00 7.566960e-02 -4.579301e+00
      endloop
   endfacet
   facet normal 3.732927e-02 -5.385278e-02 -9.978509e-01
      outer loop
         vertex 1.510604e+00 7.566960e-02 -4.579301e+00
         vertex 1.235963e+00 5.926978e-02 -4.588691e+00
         vertex 1.223906e+00 1.772138e-01 -4.595507e+00
      endloop
   endfacet
   facet normal 4.048594e-02 -4.499071e-02 -9.981667e-01
      outer loop
         vertex 1.510604e+00 7.566960e-02 -4.579301e+00
         vertex 1.223906e+00 1.772138e-01 -4.595507e+00
         vertex 1.511085e+00 2.870963e-01 -4.588812e+00
      endloop
   endfacet
   facet normal 3.755151e-02 -3.729523e-02 -9.985985e-01
      outer loop
         vertex 1.511085e+00 2.870963e-01 -4.588812e+00
         vertex 1.223906e+00 1.772138e-01 -4.595507e+00
         vertex 1.221689e+00 3.004995e-01 -4.600195e+00
      endloop
   endfacet
   facet normal 3.816063e-02 -2.446074e-02 -9.989722e-01
      outer loop
         vertex 1.511085e+00 2.870963e-01 -4.588812e+00
         vertex 1.221689e+00 3.004995e-01 -4.600195e+00
         vertex 1.514632e+00 3.336508e-01 -4.589816e+00
      endloop
   endfacet
   facet normal 3.729384e-02 -1.674127e-02 -9.991641e-01
      outer loop
         vertex 1.514632e+00 3.336508e-01 -4.589816e+00
         vertex 1.221689e+00 3.004995e-01 -4.600195e+00
         vertex 1.524473e+00 4.168269e-01 -4.590842e+00
      endloop
   endfacet
   facet normal 4.031021e-02 4.493563e-02 -9.981763e-01
      outer loop
         vertex 1.552242e+00 5.762699e-01 -4.584869e+00
         vertex 1.844900e+00 6.066667e-01 -4.571682e+00
         vertex 1.810659e+00 3.781948e-01 -4.583350e+00
      endloop
   endfacet
   facet normal 2.383752e-02 1.032653e-01 -9.943682e-01
      outer loop
         vertex 1.955383e+00 1.452537e+00 -4.450645e+00
         vertex 1.937705e+00 1.246978e+00 -4.472416e+00
         vertex 1.759005e+00 1.261590e+00 -4.475183e+00
      endloop
   endfacet
   facet normal 7.586513e-02 -1.337614e-01 -9.881054e-01
      outer loop
         vertex 1.994344e+00 2.037931e+00 -4.468548e+00
         vertex 1.993064e+00 1.981108e+00 -4.460954e+00
         vertex 1.979395e+00 2.014176e+00 -4.466480e+00
      endloop
   endfacet
   facet normal 2.453611e-02 1.025541e-01 -9.944248e-01
      outer loop
         vertex 1.759005e+00 1.261590e+00 -4.475183e+00
         vertex 1.815323e+00 1.439548e+00 -4.455441e+00
         vertex 1.955383e+00 1.452537e+00 -4.450645e+00
      endloop
   endfacet
   facet normal 2.809227e-02 6.533233e-02 -9.974681e-01
      outer loop
         vertex 1.955383e+00 1.452537e+00 -4.450645e+00
         vertex 1.815323e+00 1.439548e+00 -4.455441e+00
         vertex 1.849818e+00 1.565732e+00 -4.446204e+00
      endloop
   endfacet
   facet normal 1.132229e-02 4.974108e-02 -9.986980e-01
      outer loop
         vertex 1.955383e+00 1.452537e+00 -4.450645e+00
         vertex 1.849818e+00 1.565732e+00 -4.446204e+00
         vertex 1.967095e+00 1.663704e+00 -4.439995e+00
      endloop
   endfacet
   facet normal 3.902788e-02 1.660163e-02 -9.991002e-01
      outer loop
         vertex 1.967095e+00 1.663704e+00 -4.439995e+00
         vertex 1.849818e+00 1.565732e+00 -4.446204e+00
         vertex 1.874748e+00 1.655401e+00 -4.443740e+00
      endloop
   endfacet
   facet normal 4.463815e-02 -4.632688e-02 -9.979285e-01
      outer loop
         vertex 1.967095e+00 1.663704e+00 -4.439995e+00
         vertex 1.874748e+00 1.655401e+00 -4.443740e+00
         vertex 1.983499e+00 1.875191e+00 -4.449079e+00
      endloop
   endfacet
   facet normal 7.818694e-02 -6.285440e-02 -9.949553e-01
      outer loop
         vertex 1.983499e+00 1.875191e+00 -4.449079e+00
         vertex 1.874748e+00 1.655401e+00 -4.443740e+00
         vertex 1.943705e+00 1.888728e+00 -4.453062e+00
      endloop
   endfacet
   facet normal 5.957276e-02 -1.165259e-01 -9.913994e-01
      outer loop
         vertex 1.983499e+00 1.875191e+00 -4.449079e+00
         vertex 1.943705e+00 1.888728e+00 -4.453062e+00
         vertex 1.993064e+00 1.981108e+00 -4.460954e+00
      endloop
   endfacet
   facet normal 8.234329e-02 -1.284272e-01 -9.882945e-01
      outer loop
         vertex 1.993064e+00 1.981108e+00 -4.460954e+00
         vertex 1.943705e+00 1.888728e+00 -4.453062e+00
         vertex 1.974037e+00 1.987274e+00 -4.463340e+00
      endloop
   endfacet
   facet normal 8.131137e-02 -1.314887e-01 -9.879773e-01
      outer loop
         vertex 1.993064e+00 1.981108e+00 -4.460954e+00
         vertex 1.974037e+00 1.987274e+00 -4.463340e+00
         vertex 1.979395e+00 2.014176e+00 -4.466480e+00
      endloop
   endfacet
   facet normal 3.576067e-02 8.758377e-02 -9.955151e-01
      outer loop
         vertex 1.552242e+00 5.762699e-01 -4.584869e+00
         vertex 1.565609e+00 6.374709e-01 -4.579004e+00
         vertex 1.844900e+00 6.066667e-01 -4.571682e+00
      endloop
   endfacet
   facet normal 4.161814e-02 1.422508e-01 -9.889553e-01
      outer loop
         vertex 1.844900e+00 6.066667e-01 -4.571682e+00
         vertex 1.565609e+00 6.374709e-01 -4.579004e+00
         vertex 1.603448e+00 7.823282e-01 -4.556576e+00
      endloop
   endfacet
   facet normal 4.400872e-02 1.454874e-01 -9.883808e-01
      outer loop
         vertex 1.844900e+00 6.066667e-01 -4.571682e+00
         vertex 1.603448e+00 7.823282e-01 -4.556576e+00
         vertex 1.880449e+00 8.261252e-01 -4.537795e+00
      endloop
   endfacet
   facet normal 3.877463e-02 1.765129e-01 -9.835343e-01
      outer loop
         vertex 1.880449e+00 8.261252e-01 -4.537795e+00
         vertex 1.603448e+00 7.823282e-01 -4.556576e+00
         vertex 1.622017e+00 8.444524e-01 -4.544694e+00
      endloop
   endfacet
   facet normal 3.741074e-02 1.559550e-01 -9.870555e-01
      outer loop
         vertex 1.880449e+00 8.261252e-01 -4.537795e+00
         vertex 1.622017e+00 8.444524e-01 -4.544694e+00
         vertex 1.912121e+00 1.038944e+00 -4.502969e+00
      endloop
   endfacet
   facet normal 3.044820e-02 1.660386e-01 -9.856491e-01
      outer loop
         vertex 1.912121e+00 1.038944e+00 -4.502969e+00
         vertex 1.622017e+00 8.444524e-01 -4.544694e+00
         vertex 1.685787e+00 1.042711e+00 -4.509327e+00
      endloop
   endfacet
   facet normal 3.014874e-02 1.416100e-01 -9.894633e-01
      outer loop
         vertex 1.912121e+00 1.038944e+00 -4.502969e+00
         vertex 1.685787e+00 1.042711e+00 -4.509327e+00
         vertex 1.937705e+00 1.246978e+00 -4.472416e+00
      endloop
   endfacet
   facet normal 2.444696e-02 1.484880e-01 -9.886120e-01
      outer loop
         vertex 1.937705e+00 1.246978e+00 -4.472416e+00
         vertex 1.685787e+00 1.042711e+00 -4.509327e+00
         vertex 1.751875e+00 1.239898e+00 -4.478075e+00
      endloop
   endfacet
   facet normal 2.548648e-02 1.238865e-01 -9.919690e-01
      outer loop
         vertex 1.937705e+00 1.246978e+00 -4.472416e+00
         vertex 1.751875e+00 1.239898e+00 -4.478075e+00
         vertex 1.759005e+00 1.261590e+00 -4.475183e+00
      endloop
   endfacet
   facet normal 4.148733e-02 -3.793376e-03 -9.991318e-01
      outer loop
         vertex 1.989922e+00 -1.400170e+00 -4.474205e+00
         vertex 1.975483e+00 -1.400236e+00 -4.474805e+00
         vertex 1.989684e+00 -1.384863e+00 -4.474273e+00
      endloop
   endfacet
   facet normal 4.028779e-02 -2.683423e-03 -9.991845e-01
      outer loop
         vertex 1.989684e+00 -1.384863e+00 -4.474273e+00
         vertex 1.975483e+00 -1.400236e+00 -4.474805e+00
         vertex 1.975009e+00 -1.385672e+00 -4.474863e+00
      endloop
   endfacet
   facet normal 3.609942e-02 7.154484e-02 -9.967839e-01
      outer loop
         vertex 1.989684e+00 -1.384863e+00 -4.474273e+00
         vertex 1.975009e+00 -1.385672e+00 -4.474863e+00
         vertex 1.989888e+00 -1.369227e+00 -4.473144e+00
      endloop
   endfacet
   facet normal 4.483252e-02 6.366261e-02 -9.969639e-01
      outer loop
         vertex 1.989888e+00 -1.369227e+00 -4.473144e+00
         vertex 1.975009e+00 -1.385672e+00 -4.474863e+00
         vertex 1.975637e+00 -1.369291e+00 -4.473789e+00
      endloop
   endfacet
   facet normal 4.433454e-02 1.209475e-01 -9.916684e-01
      outer loop
         vertex 1.989888e+00 -1.369227e+00 -4.473144e+00
         vertex 1.975637e+00 -1.369291e+00 -4.473789e+00
         vertex 1.989915e+00 -1.338353e+00 -4.469377e+00
      endloop
   endfacet
   facet normal 6.656306e-02 1.106824e-01 -9.916243e-01
      outer loop
         vertex 1.989915e+00 -1.338353e+00 -4.469377e+00
         vertex 1.975637e+00 -1.369291e+00 -4.473789e+00
         vertex 1.975863e+00 -1.336819e+00 -4.470149e+00
      endloop
   endfacet
   facet normal 6.809085e-02 1.256295e-01 -9.897378e-01
      outer loop
         vertex 1.989915e+00 -1.338353e+00 -4.469377e+00
         vertex 1.975863e+00 -1.336819e+00 -4.470149e+00
         vertex 1.984534e+00 -1.281651e+00 -4.462550e+00
      endloop
   endfacet
   facet normal 6.469318e-02 1.261852e-01 -9.898950e-01
      outer loop
         vertex 1.975863e+00 -1.336819e+00 -4.470149e+00
         vertex 1.972574e+00 -1.312338e+00 -4.467243e+00
         vertex 1.984534e+00 -1.281651e+00 -4.462550e+00
      endloop
   endfacet
   facet normal 7.262814e-02 1.230686e-01 -9.897370e-01
      outer loop
         vertex 1.984534e+00 -1.281651e+00 -4.462550e+00
         vertex 1.972574e+00 -1.312338e+00 -4.467243e+00
         vertex 1.962434e+00 -1.279387e+00 -4.463890e+00
      endloop
   endfacet
   facet normal 7.141006e-02 1.102315e-01 -9.913373e-01
      outer loop
         vertex 1.984534e+00 -1.281651e+00 -4.462550e+00
         vertex 1.962434e+00 -1.279387e+00 -4.463890e+00
         vertex 1.967579e+00 -1.176810e+00 -4.452114e+00
      endloop
   endfacet
   facet normal 6.512971e-02 1.105915e-01 -9.917296e-01
      outer loop
         vertex 1.967579e+00 -1.176810e+00 -4.452114e+00
         vertex 1.962434e+00 -1.279387e+00 -4.463890e+00
         vertex 1.907742e+00 -1.139011e+00 -4.451828e+00
      endloop
   endfacet
   facet normal 1.984657e-02 3.896230e-02 -9.990436e-01
      outer loop
         vertex 1.967579e+00 -1.176810e+00 -4.452114e+00
         vertex 1.907742e+00 -1.139011e+00 -4.451828e+00
         vertex 1.929424e+00 -9.706664e-01 -4.444832e+00
      endloop
   endfacet
   facet normal 3.893296e-02 3.648471e-02 -9.985755e-01
      outer loop
         vertex 1.929424e+00 -9.706664e-01 -4.444832e+00
         vertex 1.907742e+00 -1.139011e+00 -4.451828e+00
         vertex 1.836773e+00 -9.742815e-01 -4.448576e+00
      endloop
   endfacet
   facet normal 4.204985e-02 -4.383568e-02 -9.981534e-01
      outer loop
         vertex 1.929424e+00 -9.706664e-01 -4.444832e+00
         vertex 1.836773e+00 -9.742815e-01 -4.448576e+00
         vertex 1.885593e+00 -7.649134e-01 -4.455714e+00
      endloop
   endfacet
   facet normal 2.432762e-02 -9.053427e-02 -9.955962e-01
      outer loop
         vertex 1.789635e+00 -1.087379e-01 -4.557699e+00
         vertex 1.530195e+00 -1.019268e-01 -4.564658e+00
         vertex 1.785998e+00 9.917573e-03 -4.568578e+00
      endloop
   endfacet
   facet normal 2.198132e-02 -8.518643e-02 -9.961225e-01
      outer loop
         vertex 1.785998e+00 9.917573e-03 -4.568578e+00
         vertex 1.530195e+00 -1.019268e-01 -4.564658e+00
         vertex 1.514414e+00 2.391768e-02 -4.575768e+00
      endloop
   endfacet
   facet normal 2.307014e-02 -6.483865e-02 -9.976290e-01
      outer loop
         vertex 1.785998e+00 9.917573e-03 -4.568578e+00
         vertex 1.514414e+00 2.391768e-02 -4.575768e+00
         vertex 1.788038e+00 1.317578e-01 -4.576450e+00
      endloop
   endfacet
   facet normal 2.366822e-02 -6.635546e-02 -9.975153e-01
      outer loop
         vertex 1.788038e+00 1.317578e-01 -4.576450e+00
         vertex 1.514414e+00 2.391768e-02 -4.575768e+00
         vertex 1.510604e+00 7.566960e-02 -4.579301e+00
      endloop
   endfacet
   facet normal 1.853622e-02 -4.089547e-02 -9.989915e-01
      outer loop
         vertex 1.788038e+00 1.317578e-01 -4.576450e+00
         vertex 1.510604e+00 7.566960e-02 -4.579301e+00
         vertex 1.796142e+00 2.552338e-01 -4.581354e+00
      endloop
   endfacet
   facet normal 2.955358e-02 -1.853874e-01 -9.822210e-01
      outer loop
         vertex 1.844311e+00 -5.527819e-01 -4.482883e+00
         vertex 1.626892e+00 -4.749881e-01 -4.504108e+00
         vertex 1.810016e+00 -3.355079e-01 -4.524924e+00
      endloop
   endfacet
   facet normal 3.091370e-02 -1.871179e-01 -9.818509e-01
      outer loop
         vertex 1.810016e+00 -3.355079e-01 -4.524924e+00
         vertex 1.626892e+00 -4.749881e-01 -4.504108e+00
         vertex 1.583287e+00 -3.398011e-01 -4.531244e+00
      endloop
   endfacet
   facet normal 3.024478e-02 -1.403172e-01 -9.896446e-01
      outer loop
         vertex 1.810016e+00 -3.355079e-01 -4.524924e+00
         vertex 1.583287e+00 -3.398011e-01 -4.531244e+00
         vertex 1.789635e+00 -1.087379e-01 -4.557699e+00
      endloop
   endfacet
   facet normal 3.235188e-02 -1.421611e-01 -9.893147e-01
      outer loop
         vertex 1.789635e+00 -1.087379e-01 -4.557699e+00
         vertex 1.583287e+00 -3.398011e-01 -4.531244e+00
         vertex 1.545077e+00 -1.835799e-01 -4.554942e+00
      endloop
   endfacet
   facet normal 2.365099e-02 -1.138733e-01 -9.932137e-01
      outer loop
         vertex 1.789635e+00 -1.087379e-01 -4.557699e+00
         vertex 1.545077e+00 -1.835799e-01 -4.554942e+00
         vertex 1.530195e+00 -1.019268e-01 -4.564658e+00
      endloop
   endfacet
   facet normal 2.656796e-02 -4.024897e-02 -9.988364e-01
      outer loop
         vertex 1.836773e+00 -9.742815e-01 -4.448576e+00
         vertex 1.760684e+00 -8.076578e-01 -4.457314e+00
         vertex 1.885593e+00 -7.649134e-01 -4.455714e+00
      endloop
   endfacet
   facet normal 3.831317e-02 -7.465955e-02 -9.964728e-01
      outer loop
         vertex 1.885593e+00 -7.649134e-01 -4.455714e+00
         vertex 1.760684e+00 -8.076578e-01 -4.457314e+00
         vertex 1.745163e+00 -7.730365e-01 -4.460505e+00
      endloop
   endfacet
   facet normal 4.073431e-02 -1.191279e-01 -9.920430e-01
      outer loop
         vertex 1.885593e+00 -7.649134e-01 -4.455714e+00
         vertex 1.745163e+00 -7.730365e-01 -4.460505e+00
         vertex 1.844311e+00 -5.527819e-01 -4.482883e+00
      endloop
   endfacet
   facet normal 3.512912e-02 -1.166563e-01 -9.925509e-01
      outer loop
         vertex 1.844311e+00 -5.527819e-01 -4.482883e+00
         vertex 1.745163e+00 -7.730365e-01 -4.460505e+00
         vertex 1.658328e+00 -5.609661e-01 -4.488504e+00
      endloop
   endfacet
   facet normal 3.705874e-02 -1.653186e-01 -9.855437e-01
      outer loop
         vertex 1.844311e+00 -5.527819e-01 -4.482883e+00
         vertex 1.658328e+00 -5.609661e-01 -4.488504e+00
         vertex 1.626892e+00 -4.749881e-01 -4.504108e+00
      endloop
   endfacet
   facet normal 4.230762e-02 -1.150710e-02 -9.990384e-01
      outer loop
         vertex 1.976233e+00 2.082520e+00 -4.474592e+00
         vertex 1.975524e+00 2.098551e+00 -4.474807e+00
         vertex 1.989930e+00 2.099526e+00 -4.474208e+00
      endloop
   endfacet
   facet normal 7.800280e-02 -1.350765e-01 -9.877600e-01
      outer loop
         vertex 1.979395e+00 2.014176e+00 -4.466480e+00
         vertex 1.980409e+00 2.036974e+00 -4.469517e+00
         vertex 1.994344e+00 2.037931e+00 -4.468548e+00
      endloop
   endfacet
   facet normal 7.788343e-02 -1.330513e-01 -9.880443e-01
      outer loop
         vertex 1.994344e+00 2.037931e+00 -4.468548e+00
         vertex 1.980409e+00 2.036974e+00 -4.469517e+00
         vertex 1.980235e+00 2.041485e+00 -4.470138e+00
      endloop
   endfacet
   facet normal 7.901040e-02 -1.287900e-01 -9.885193e-01
      outer loop
         vertex 1.994344e+00 2.037931e+00 -4.468548e+00
         vertex 1.980235e+00 2.041485e+00 -4.470138e+00
         vertex 1.992106e+00 2.068676e+00 -4.472732e+00
      endloop
   endfacet
   facet normal 2.446046e-02 -1.055079e-01 -9.941176e-01
      outer loop
         vertex 1.992106e+00 2.068676e+00 -4.472732e+00
         vertex 1.980235e+00 2.041485e+00 -4.470138e+00
         vertex 1.976233e+00 2.082520e+00 -4.474592e+00
      endloop
   endfacet
   facet normal 4.527307e-02 -8.184540e-02 -9.956162e-01
      outer loop
         vertex 1.992106e+00 2.068676e+00 -4.472732e+00
         vertex 1.976233e+00 2.082520e+00 -4.474592e+00
         vertex 1.990790e+00 2.084245e+00 -4.474072e+00
      endloop
   endfacet
   facet normal 3.651749e-02 -6.837527e-03 -9.993096e-01
      outer loop
         vertex 1.990790e+00 2.084245e+00 -4.474072e+00
         vertex 1.976233e+00 2.082520e+00 -4.474592e+00
         vertex 1.989930e+00 2.099526e+00 -4.474208e+00
      endloop
   endfacet
   facet normal 2.110239e-02 -4.497354e-02 -9.987653e-01
      outer loop
         vertex 1.510604e+00 7.566960e-02 -4.579301e+00
         vertex 1.511085e+00 2.870963e-01 -4.588812e+00
         vertex 1.796142e+00 2.552338e-01 -4.581354e+00
      endloop
   endfacet
   facet normal 2.353653e-02 -2.335681e-02 -9.994501e-01
      outer loop
         vertex 1.796142e+00 2.552338e-01 -4.581354e+00
         vertex 1.511085e+00 2.870963e-01 -4.588812e+00
         vertex 1.514632e+00 3.336508e-01 -4.589816e+00
      endloop
   endfacet
   facet normal 2.471270e-02 -1.914105e-02 -9.995113e-01
      outer loop
         vertex 1.796142e+00 2.552338e-01 -4.581354e+00
         vertex 1.514632e+00 3.336508e-01 -4.589816e+00
         vertex 1.810659e+00 3.781948e-01 -4.583350e+00
      endloop
   endfacet
   facet normal 2.411965e-02 -1.518784e-02 -9.995937e-01
      outer loop
         vertex 1.810659e+00 3.781948e-01 -4.583350e+00
         vertex 1.514632e+00 3.336508e-01 -4.589816e+00
         vertex 1.524473e+00 4.168269e-01 -4.590842e+00
      endloop
   endfacet
   facet normal 3.049035e-02 3.211777e-02 -9.990189e-01
      outer loop
         vertex 1.810659e+00 3.781948e-01 -4.583350e+00
         vertex 1.524473e+00 4.168269e-01 -4.590842e+00
         vertex 1.552242e+00 5.762699e-01 -4.584869e+00
      endloop
   endfacet
endsolid h19.1