solid h19_fill
   facet normal -1.259560e-01 3.595850e-02 9.913839e-01
      outer loop
         vertex 3.680899e-01 1.650482e+00 -5.633232e+00
         vertex 2.664458e-01 1.604386e+00 -5.644474e+00
         vertex 3.590821e-01 1.541001e+00 -5.630405e+00
      endloop
   endfacet
   facet normal -1.246092e-01 3.794821e-02 9.914799e-01
      outer loop
         vertex 3.590821e-01 1.541001e+00 -5.630405e+00
         vertex 2.664458e-01 1.604386e+00 -5.644474e+00
         vertex 2.633927e-01 1.548067e+00 -5.642702e+00
      endloop
   endfacet
   facet normal -1.234934e-01 5.217416e-02 9.909729e-01
      outer loop
         vertex 3.590821e-01 1.541001e+00 -5.630405e+00
         vertex 2.633927e-01 1.548067e+00 -5.642702e+00
         vertex 3.539730e-01 1.431273e+00 -5.625265e+00
      endloop
   endfacet
   facet normal -1.260627e-01 5.014885e-02 9.907539e-01
      outer loop
         vertex 3.539730e-01 1.431273e+00 -5.625265e+00
         vertex 2.633927e-01 1.548067e+00 -5.642702e+00
         vertex 2.608498e-01 1.435446e+00 -5.637325e+00
      endloop
   endfacet
   facet normal -1.251162e-01 6.844967e-02 9.897780e-01
      outer loop
         vertex 3.539730e-01 1.431273e+00 -5.625265e+00
         vertex 2.608498e-01 1.435446e+00 -5.637325e+00
         vertex 3.512584e-01 1.322084e+00 -5.618057e+00
      endloop
   endfacet
   facet normal -1.285866e-01 6.563872e-02 9.895236e-01
      outer loop
         vertex 3.512584e-01 1.322084e+00 -5.618057e+00
         vertex 2.608498e-01 1.435446e+00 -5.637325e+00
         vertex 2.618462e-01 1.323709e+00 -5.629783e+00
      endloop
   endfacet
   facet normal -1.280814e-01 8.392298e-02 9.882065e-01
      outer loop
         vertex 3.512584e-01 1.322084e+00 -5.618057e+00
         vertex 2.618462e-01 1.323709e+00 -5.629783e+00
         vertex 3.518440e-01 1.213264e+00 -5.608739e+00
      endloop
   endfacet
   facet normal -1.326537e-01 8.014208e-02 9.879171e-01
      outer loop
         vertex 3.518440e-01 1.213264e+00 -5.608739e+00
         vertex 2.618462e-01 1.323709e+00 -5.629783e+00
         vertex 2.671756e-01 1.212428e+00 -5.620040e+00
      endloop
   endfacet
   facet normal -1.325923e-01 1.042291e-01 9.856752e-01
      outer loop
         vertex 3.518440e-01 1.213264e+00 -5.608739e+00
         vertex 2.671756e-01 1.212428e+00 -5.620040e+00
         vertex 3.560361e-01 1.104260e+00 -5.596649e+00
      endloop
   endfacet
   facet normal -1.381214e-01 9.962561e-02 9.853919e-01
      outer loop
         vertex 3.560361e-01 1.104260e+00 -5.596649e+00
         vertex 2.671756e-01 1.212428e+00 -5.620040e+00
         vertex 2.770351e-01 1.101597e+00 -5.607453e+00
      endloop
   endfacet
   facet normal -1.384566e-01 1.180067e-01 9.833129e-01
      outer loop
         vertex 3.560361e-01 1.104260e+00 -5.596649e+00
         vertex 2.770351e-01 1.101597e+00 -5.607453e+00
         vertex 3.630998e-01 9.944764e-01 -5.582479e+00
      endloop
   endfacet
   facet normal -1.441229e-01 1.133910e-01 9.830417e-01
      outer loop
         vertex 3.630998e-01 9.944764e-01 -5.582479e+00
         vertex 2.770351e-01 1.101597e+00 -5.607453e+00
         vertex 2.905754e-01 9.912200e-01 -5.592736e+00
      endloop
   endfacet
   facet normal -1.440160e-01 1.096117e-01 9.834860e-01
      outer loop
         vertex 3.630998e-01 9.944764e-01 -5.582479e+00
         vertex 2.905754e-01 9.912200e-01 -5.592736e+00
         vertex 3.671560e-01 9.391686e-01 -5.575721e+00
      endloop
   endfacet
   facet normal -1.467571e-01 1.055903e-01 9.835207e-01
      outer loop
         vertex 3.671560e-01 9.391686e-01 -5.575721e+00
         vertex 2.905754e-01 9.912200e-01 -5.592736e+00
         vertex 2.981322e-01 9.360548e-01 -5.585686e+00
      endloop
   endfacet
   facet normal -1.461105e-01 8.440941e-02 9.856606e-01
      outer loop
         vertex 3.671560e-01 9.391686e-01 -5.575721e+00
         vertex 2.981322e-01 9.360548e-01 -5.585686e+00
         vertex 3.711089e-01 8.835765e-01 -5.570374e+00
      endloop
   endfacet
   facet normal -1.490992e-01 8.022470e-02 9.855625e-01
      outer loop
         vertex 3.711089e-01 8.835765e-01 -5.570374e+00
         vertex 2.981322e-01 9.360548e-01 -5.585686e+00
         vertex 3.057343e-01 8.807001e-01 -5.580030e+00
      endloop
   endfacet
   facet normal -1.479596e-01 4.647602e-02 9.879008e-01
      outer loop
         vertex 3.711089e-01 8.835765e-01 -5.570374e+00
         vertex 3.057343e-01 8.807001e-01 -5.580030e+00
         vertex 3.786857e-01 7.721328e-01 -5.563997e+00
      endloop
   endfacet
   facet normal -1.553162e-01 4.139936e-02 9.869970e-01
      outer loop
         vertex 3.786857e-01 7.721328e-01 -5.563997e+00
         vertex 3.057343e-01 8.807001e-01 -5.580030e+00
         vertex 3.210092e-01 7.696146e-01 -5.572967e+00
      endloop
   endfacet
   facet normal -1.548548e-01 2.899989e-02 9.875115e-01
      outer loop
         vertex 3.786857e-01 7.721328e-01 -5.563997e+00
         vertex 3.210092e-01 7.696146e-01 -5.572967e+00
         vertex 3.871297e-01 6.612228e-01 -5.559416e+00
      endloop
   endfacet
   facet normal -1.641759e-01 2.314485e-02 9.861595e-01
      outer loop
         vertex 3.871297e-01 6.612228e-01 -5.559416e+00
         vertex 3.210092e-01 7.696146e-01 -5.572967e+00
         vertex 3.376310e-01 6.591107e-01 -5.567607e+00
      endloop
   endfacet
   facet normal -1.635966e-01 8.275963e-03 9.864926e-01
      outer loop
         vertex 3.871297e-01 6.612228e-01 -5.559416e+00
         vertex 3.376310e-01 6.591107e-01 -5.567607e+00
         vertex 3.962353e-01 5.507534e-01 -5.556979e+00
      endloop
   endfacet
   facet normal -1.758096e-01 1.467661e-03 9.844231e-01
      outer loop
         vertex 3.962353e-01 5.507534e-01 -5.556979e+00
         vertex 3.376310e-01 6.591107e-01 -5.567607e+00
         vertex 3.552617e-01 5.490975e-01 -5.564294e+00
      endloop
   endfacet
   facet normal -1.743626e-01 -3.303121e-02 9.841273e-01
      outer loop
         vertex 3.962353e-01 5.507534e-01 -5.556979e+00
         vertex 3.552617e-01 5.490975e-01 -5.564294e+00
         vertex 4.050938e-01 4.402830e-01 -5.559117e+00
      endloop
   endfacet
   facet normal -1.908742e-01 -4.075258e-02 9.807682e-01
      outer loop
         vertex 4.050938e-01 4.402830e-01 -5.559117e+00
         vertex 3.552617e-01 5.490975e-01 -5.564294e+00
         vertex 3.728186e-01 4.390057e-01 -5.565451e+00
      endloop
   endfacet
   facet normal -1.894601e-01 -6.974063e-02 9.794086e-01
      outer loop
         vertex 4.050938e-01 4.402830e-01 -5.559117e+00
         vertex 3.728186e-01 4.390057e-01 -5.565451e+00
         vertex 4.236393e-01 2.215017e-01 -5.571108e+00
      endloop
   endfacet
   facet normal -2.569044e-01 -8.506433e-02 9.626859e-01
      outer loop
         vertex 4.236393e-01 2.215017e-01 -5.571108e+00
         vertex 3.728186e-01 4.390057e-01 -5.565451e+00
         vertex 4.088087e-01 2.209281e-01 -5.575117e+00
      endloop
   endfacet
   facet normal -2.561774e-01 -9.718917e-02 9.617315e-01
      outer loop
         vertex 4.236393e-01 2.215017e-01 -5.571108e+00
         vertex 4.088087e-01 2.209281e-01 -5.575117e+00
         vertex 4.280389e-01 1.668806e-01 -5.575456e+00
      endloop
   endfacet
   facet normal -2.920210e-01 -1.098692e-01 9.500802e-01
      outer loop
         vertex 4.280389e-01 1.668806e-01 -5.575456e+00
         vertex 4.088087e-01 2.209281e-01 -5.575117e+00
         vertex 4.174289e-01 1.664466e-01 -5.578768e+00
      endloop
   endfacet
   facet normal -2.905702e-01 -1.296703e-01 9.480267e-01
      outer loop
         vertex 4.280389e-01 1.668806e-01 -5.575456e+00
         vertex 4.174289e-01 1.664466e-01 -5.578768e+00
         vertex 4.318031e-01 1.117840e-01 -5.581839e+00
      endloop
   endfacet
   facet normal -3.123208e-01 -1.349581e-01 9.403414e-01
      outer loop
         vertex 4.318031e-01 1.117840e-01 -5.581839e+00
         vertex 4.174289e-01 1.664466e-01 -5.578768e+00
         vertex 4.246458e-01 1.114626e-01 -5.584262e+00
      endloop
   endfacet
   facet normal -3.127174e-01 -1.301954e-01 9.408810e-01
      outer loop
         vertex 4.318031e-01 1.117840e-01 -5.581839e+00
         vertex 4.246458e-01 1.114626e-01 -5.584262e+00
         vertex 4.348166e-01 5.626220e-02 -5.588520e+00
      endloop
   endfacet
   facet normal -2.679711e-01 -1.230811e-01 9.555326e-01
      outer loop
         vertex 4.348166e-01 5.626220e-02 -5.588520e+00
         vertex 4.246458e-01 1.114626e-01 -5.584262e+00
         vertex 4.297034e-01 5.604651e-02 -5.589982e+00
      endloop
   endfacet
   facet normal -2.708834e-01 -7.965046e-02 9.593112e-01
      outer loop
         vertex 4.348166e-01 5.626220e-02 -5.588520e+00
         vertex 4.297034e-01 5.604651e-02 -5.589982e+00
         vertex 4.359069e-01 2.835927e-02 -5.590529e+00
      endloop
   endfacet
   facet normal -2.232405e-01 -6.923258e-02 9.723017e-01
      outer loop
         vertex 4.359069e-01 2.835927e-02 -5.590529e+00
         vertex 4.297034e-01 5.604651e-02 -5.589982e+00
         vertex 4.311380e-01 2.817844e-02 -5.591637e+00
      endloop
   endfacet
   facet normal -2.263066e-01 8.783964e-04 9.740557e-01
      outer loop
         vertex 4.359069e-01 2.835927e-02 -5.590529e+00
         vertex 4.311380e-01 2.817844e-02 -5.591637e+00
         vertex 4.365618e-01 3.531106e-04 -5.590351e+00
      endloop
   endfacet
   facet normal -1.995477e-01 6.362751e-03 9.798675e-01
      outer loop
         vertex 4.365618e-01 3.531106e-04 -5.590351e+00
         vertex 4.311380e-01 2.817844e-02 -5.591637e+00
         vertex 4.316558e-01 1.689735e-04 -5.591349e+00
      endloop
   endfacet
   facet normal -2.003208e-01 3.661242e-03 9.797235e-01
      outer loop
         vertex 4.366015e-01 3.499524e+00 -5.590342e+00
         vertex 4.317090e-01 3.499118e+00 -5.591341e+00
         vertex 4.390978e-01 3.471623e+00 -5.589728e+00
      endloop
   endfacet
   facet normal -2.269769e-01 -3.844377e-03 9.738926e-01
      outer loop
         vertex 4.390978e-01 3.471623e+00 -5.589728e+00
         vertex 4.317090e-01 3.499118e+00 -5.591341e+00
         vertex 4.343430e-01 3.471240e+00 -5.590837e+00
      endloop
   endfacet
   facet normal -2.325686e-01 7.839584e-02 9.694152e-01
      outer loop
         vertex 4.390978e-01 3.471623e+00 -5.589728e+00
         vertex 4.343430e-01 3.471240e+00 -5.590837e+00
         vertex 4.413043e-01 3.443862e+00 -5.586953e+00
      endloop
   endfacet
   facet normal -2.802523e-01 6.461639e-02 9.577491e-01
      outer loop
         vertex 4.413043e-01 3.443862e+00 -5.586953e+00
         vertex 4.343430e-01 3.471240e+00 -5.590837e+00
         vertex 4.362053e-01 3.443440e+00 -5.588417e+00
      endloop
   endfacet
   facet normal -2.832283e-01 1.239203e-01 9.510129e-01
      outer loop
         vertex 4.413043e-01 3.443862e+00 -5.586953e+00
         vertex 4.362053e-01 3.443440e+00 -5.588417e+00
         vertex 4.446816e-01 3.388574e+00 -5.578743e+00
      endloop
   endfacet
   facet normal -3.278325e-01 1.146906e-01 9.377483e-01
      outer loop
         vertex 4.446816e-01 3.388574e+00 -5.578743e+00
         vertex 4.362053e-01 3.443440e+00 -5.588417e+00
         vertex 4.375392e-01 3.387986e+00 -5.581168e+00
      endloop
   endfacet
   facet normal -3.280831e-01 1.218105e-01 9.367623e-01
      outer loop
         vertex 4.446816e-01 3.388574e+00 -5.578743e+00
         vertex 4.375392e-01 3.387986e+00 -5.581168e+00
         vertex 4.469116e-01 3.333558e+00 -5.570808e+00
      endloop
   endfacet
   facet normal -3.052459e-01 1.270744e-01 9.437569e-01
      outer loop
         vertex 4.469116e-01 3.333558e+00 -5.570808e+00
         vertex 4.375392e-01 3.387986e+00 -5.581168e+00
         vertex 4.363221e-01 3.332731e+00 -5.574122e+00
      endloop
   endfacet
   facet normal -3.039351e-01 9.255072e-02 9.481866e-01
      outer loop
         vertex 4.469116e-01 3.333558e+00 -5.570808e+00
         vertex 4.363221e-01 3.332731e+00 -5.574122e+00
         vertex 4.486379e-01 3.278911e+00 -5.564921e+00
      endloop
   endfacet
   facet normal -2.678561e-01 1.024832e-01 9.579928e-01
      outer loop
         vertex 4.486379e-01 3.278911e+00 -5.564921e+00
         vertex 4.363221e-01 3.332731e+00 -5.574122e+00
         vertex 4.338416e-01 3.277747e+00 -5.568934e+00
      endloop
   endfacet
   facet normal -2.660710e-01 6.734659e-02 9.615980e-01
      outer loop
         vertex 4.486379e-01 3.278911e+00 -5.564921e+00
         vertex 4.338416e-01 3.277747e+00 -5.568934e+00
         vertex 4.524683e-01 3.170189e+00 -5.556247e+00
      endloop
   endfacet
   facet normal -2.226534e-01 7.608355e-02 9.719243e-01
      outer loop
         vertex 4.524683e-01 3.170189e+00 -5.556247e+00
         vertex 4.338416e-01 3.277747e+00 -5.568934e+00
         vertex 4.289644e-01 3.168214e+00 -5.561477e+00
      endloop
   endfacet
   facet normal -2.226727e-01 7.638931e-02 9.718958e-01
      outer loop
         vertex 4.524683e-01 3.170189e+00 -5.556247e+00
         vertex 4.289644e-01 3.168214e+00 -5.561477e+00
         vertex 4.555423e-01 3.059846e+00 -5.546870e+00
      endloop
   endfacet
   facet normal -1.977440e-01 8.315353e-02 9.767204e-01
      outer loop
         vertex 4.555423e-01 3.059846e+00 -5.546870e+00
         vertex 4.289644e-01 3.168214e+00 -5.561477e+00
         vertex 4.233159e-01 3.057696e+00 -5.553211e+00
      endloop
   endfacet
   facet normal -1.959649e-01 4.856919e-02 9.794074e-01
      outer loop
         vertex 4.555423e-01 3.059846e+00 -5.546870e+00
         vertex 4.233159e-01 3.057696e+00 -5.553211e+00
         vertex 4.564347e-01 3.004411e+00 -5.543942e+00
      endloop
   endfacet
   facet normal -1.865572e-01 5.467983e-02 9.809213e-01
      outer loop
         vertex 4.564347e-01 3.004411e+00 -5.543942e+00
         vertex 4.233159e-01 3.057696e+00 -5.553211e+00
         vertex 4.198311e-01 3.002342e+00 -5.550788e+00
      endloop
   endfacet
   facet normal -1.849496e-01 2.093090e-02 9.825251e-01
      outer loop
         vertex 4.564347e-01 3.004411e+00 -5.543942e+00
         vertex 4.198311e-01 3.002342e+00 -5.550788e+00
         vertex 4.568820e-01 2.948973e+00 -5.542677e+00
      endloop
   endfacet
   facet normal -1.771304e-01 2.655746e-02 9.838290e-01
      outer loop
         vertex 4.568820e-01 2.948973e+00 -5.542677e+00
         vertex 4.198311e-01 3.002342e+00 -5.550788e+00
         vertex 4.159228e-01 2.947052e+00 -5.549999e+00
      endloop
   endfacet
   facet normal -1.753663e-01 -1.328887e-02 9.844136e-01
      outer loop
         vertex 4.568820e-01 2.948973e+00 -5.542677e+00
         vertex 4.159228e-01 2.947052e+00 -5.549999e+00
         vertex 4.565465e-01 2.838083e+00 -5.544234e+00
      endloop
   endfacet
   facet normal -1.630387e-01 -8.578393e-03 9.865824e-01
      outer loop
         vertex 4.565465e-01 2.838083e+00 -5.544234e+00
         vertex 4.159228e-01 2.947052e+00 -5.549999e+00
         vertex 4.070337e-01 2.836655e+00 -5.552428e+00
      endloop
   endfacet
   facet normal -1.621366e-01 -3.695365e-02 9.860761e-01
      outer loop
         vertex 4.565465e-01 2.838083e+00 -5.544234e+00
         vertex 4.070337e-01 2.836655e+00 -5.552428e+00
         vertex 4.548068e-01 2.726851e+00 -5.548688e+00
      endloop
   endfacet
   facet normal -1.531111e-01 -3.297298e-02 9.876587e-01
      outer loop
         vertex 4.548068e-01 2.726851e+00 -5.548688e+00
         vertex 4.070337e-01 2.836655e+00 -5.552428e+00
         vertex 3.970909e-01 2.726256e+00 -5.557655e+00
      endloop
   endfacet
   facet normal -1.527102e-01 -5.661862e-02 9.866478e-01
      outer loop
         vertex 4.548068e-01 2.726851e+00 -5.548688e+00
         vertex 3.970909e-01 2.726256e+00 -5.557655e+00
         vertex 4.517618e-01 2.615234e+00 -5.555565e+00
      endloop
   endfacet
   facet normal -1.460253e-01 -5.330426e-02 9.878437e-01
      outer loop
         vertex 4.517618e-01 2.615234e+00 -5.555565e+00
         vertex 3.970909e-01 2.726256e+00 -5.557655e+00
         vertex 3.863306e-01 2.615820e+00 -5.565205e+00
      endloop
   endfacet
   facet normal -1.458985e-01 -1.020736e-01 9.840196e-01
      outer loop
         vertex 4.517618e-01 2.615234e+00 -5.555565e+00
         vertex 3.863306e-01 2.615820e+00 -5.565205e+00
         vertex 4.496550e-01 2.559618e+00 -5.561646e+00
      endloop
   endfacet
   facet normal -1.434772e-01 -9.930499e-02 9.846587e-01
      outer loop
         vertex 4.496550e-01 2.559618e+00 -5.561646e+00
         vertex 3.863306e-01 2.615820e+00 -5.565205e+00
         vertex 3.805797e-01 2.560845e+00 -5.571587e+00
      endloop
   endfacet
   facet normal -1.435012e-01 -1.334432e-01 9.806122e-01
      outer loop
         vertex 4.496550e-01 2.559618e+00 -5.561646e+00
         vertex 3.805797e-01 2.560845e+00 -5.571587e+00
         vertex 4.471951e-01 2.504477e+00 -5.569510e+00
      endloop
   endfacet
   facet normal -1.416793e-01 -1.312695e-01 9.811704e-01
      outer loop
         vertex 4.471951e-01 2.504477e+00 -5.569510e+00
         vertex 3.805797e-01 2.560845e+00 -5.571587e+00
         vertex 3.746385e-01 2.506358e+00 -5.579735e+00
      endloop
   endfacet
   facet normal -1.417558e-01 -1.439873e-01 9.793738e-01
      outer loop
         vertex 4.471951e-01 2.504477e+00 -5.569510e+00
         vertex 3.746385e-01 2.506358e+00 -5.579735e+00
         vertex 4.414989e-01 2.396067e+00 -5.586273e+00
      endloop
   endfacet
   facet normal -1.395081e-01 -1.426553e-01 9.798913e-01
      outer loop
         vertex 4.414989e-01 2.396067e+00 -5.586273e+00
         vertex 3.746385e-01 2.506358e+00 -5.579735e+00
         vertex 3.625398e-01 2.399349e+00 -5.597036e+00
      endloop
   endfacet
   facet normal -1.391143e-01 -1.251691e-01 9.823339e-01
      outer loop
         vertex 4.414989e-01 2.396067e+00 -5.586273e+00
         vertex 3.625398e-01 2.399349e+00 -5.597036e+00
         vertex 4.346775e-01 2.289715e+00 -5.600790e+00
      endloop
   endfacet
   facet normal -1.379327e-01 -1.244007e-01 9.825981e-01
      outer loop
         vertex 4.346775e-01 2.289715e+00 -5.600790e+00
         vertex 3.625398e-01 2.399349e+00 -5.597036e+00
         vertex 3.501443e-01 2.294474e+00 -5.612054e+00
      endloop
   endfacet
   facet normal -1.367470e-01 -9.524757e-02 9.860163e-01
      outer loop
         vertex 4.346775e-01 2.289715e+00 -5.600790e+00
         vertex 3.501443e-01 2.294474e+00 -5.612054e+00
         vertex 4.263798e-01 2.184111e+00 -5.612142e+00
      endloop
   endfacet
   facet normal -1.359341e-01 -9.468623e-02 9.861828e-01
      outer loop
         vertex 4.263798e-01 2.184111e+00 -5.612142e+00
         vertex 3.501443e-01 2.294474e+00 -5.612054e+00
         vertex 3.371744e-01 2.190316e+00 -5.623842e+00
      endloop
   endfacet
   facet normal -1.346088e-01 -7.162790e-02 9.883066e-01
      outer loop
         vertex 4.263798e-01 2.184111e+00 -5.612142e+00
         vertex 3.371744e-01 2.190316e+00 -5.623842e+00
         vertex 4.166918e-01 2.078166e+00 -5.621140e+00
      endloop
   endfacet
   facet normal -1.340137e-01 -7.120325e-02 9.884181e-01
      outer loop
         vertex 4.166918e-01 2.078166e+00 -5.621140e+00
         vertex 3.371744e-01 2.190316e+00 -5.623842e+00
         vertex 3.237973e-01 2.085823e+00 -5.633183e+00
      endloop
   endfacet
   facet normal -1.325588e-01 -5.130668e-02 9.898463e-01
      outer loop
         vertex 4.166918e-01 2.078166e+00 -5.621140e+00
         vertex 3.237973e-01 2.085823e+00 -5.633183e+00
         vertex 4.066256e-01 1.972101e+00 -5.627986e+00
      endloop
   endfacet
   facet normal -1.324375e-01 -5.121741e-02 9.898672e-01
      outer loop
         vertex 4.066256e-01 1.972101e+00 -5.627986e+00
         vertex 3.237973e-01 2.085823e+00 -5.633183e+00
         vertex 3.111403e-01 1.981539e+00 -5.640273e+00
      endloop
   endfacet
   facet normal -1.300046e-01 -2.486674e-02 9.912015e-01
      outer loop
         vertex 4.066256e-01 1.972101e+00 -5.627986e+00
         vertex 3.111403e-01 1.981539e+00 -5.640273e+00
         vertex 3.948623e-01 1.865953e+00 -5.632191e+00
      endloop
   endfacet
   facet normal -1.298907e-01 -2.478300e-02 9.912186e-01
      outer loop
         vertex 3.948623e-01 1.865953e+00 -5.632191e+00
         vertex 3.111403e-01 1.981539e+00 -5.640273e+00
         vertex 2.978606e-01 1.876945e+00 -5.644628e+00
      endloop
   endfacet
   facet normal -1.270695e-01 8.773710e-04 9.918934e-01
      outer loop
         vertex 3.948623e-01 1.865953e+00 -5.632191e+00
         vertex 2.978606e-01 1.876945e+00 -5.644628e+00
         vertex 3.810373e-01 1.758871e+00 -5.633868e+00
      endloop
   endfacet
   facet normal -1.268660e-01 1.023044e-03 9.919193e-01
      outer loop
         vertex 3.810373e-01 1.758871e+00 -5.633868e+00
         vertex 2.978606e-01 1.876945e+00 -5.644628e+00
         vertex 2.834917e-01 1.770115e+00 -5.646355e+00
      endloop
   endfacet
   facet normal -1.246061e-01 2.070631e-02 9.919902e-01
      outer loop
         vertex 3.810373e-01 1.758871e+00 -5.633868e+00
         vertex 2.834917e-01 1.770115e+00 -5.646355e+00
         vertex 3.680899e-01 1.650482e+00 -5.633232e+00
      endloop
   endfacet
   facet normal -1.249896e-01 2.043047e-02 9.919477e-01
      outer loop
         vertex 3.680899e-01 1.650482e+00 -5.633232e+00
         vertex 2.834917e-01 1.770115e+00 -5.646355e+00
         vertex 2.709615e-01 1.660291e+00 -5.645672e+00
      endloop
   endfacet
   facet normal -1.238766e-01 3.127059e-02 9.918048e-01
      outer loop
         vertex 3.680899e-01 1.650482e+00 -5.633232e+00
         vertex 2.709615e-01 1.660291e+00 -5.645672e+00
         vertex 2.664458e-01 1.604386e+00 -5.644474e+00
      endloop
   endfacet
   facet normal -3.043452e-01 -1.154115e-02 9.524919e-01
      outer loop
         vertex 4.317090e-01 3.499118e+00 -5.591341e+00
         vertex 4.267517e-01 3.498718e+00 -5.592930e+00
         vertex 4.343430e-01 3.471240e+00 -5.590837e+00
      endloop
   endfacet
   facet normal -3.423595e-01 -2.304900e-02 9.392863e-01
      outer loop
         vertex 4.343430e-01 3.471240e+00 -5.590837e+00
         vertex 4.267517e-01 3.498718e+00 -5.592930e+00
         vertex 4.295251e-01 3.470864e+00 -5.592603e+00
      endloop
   endfacet
   facet normal -3.474562e-01 5.821108e-02 9.358876e-01
      outer loop
         vertex 4.343430e-01 3.471240e+00 -5.590837e+00
         vertex 4.295251e-01 3.470864e+00 -5.592603e+00
         vertex 4.362053e-01 3.443440e+00 -5.588417e+00
      endloop
   endfacet
   facet normal -4.130060e-01 3.828071e-02 9.099234e-01
      outer loop
         vertex 4.362053e-01 3.443440e+00 -5.588417e+00
         vertex 4.295251e-01 3.470864e+00 -5.592603e+00
         vertex 4.310385e-01 3.443028e+00 -5.590745e+00
      endloop
   endfacet
   facet normal -4.155171e-01 1.080582e-01 9.031439e-01
      outer loop
         vertex 4.362053e-01 3.443440e+00 -5.588417e+00
         vertex 4.310385e-01 3.443028e+00 -5.590745e+00
         vertex 4.375392e-01 3.387986e+00 -5.581168e+00
      endloop
   endfacet
   facet normal -4.740474e-01 9.628691e-02 8.752188e-01
      outer loop
         vertex 4.375392e-01 3.387986e+00 -5.581168e+00
         vertex 4.310385e-01 3.443028e+00 -5.590745e+00
         vertex 4.303014e-01 3.387417e+00 -5.585026e+00
      endloop
   endfacet
   facet normal -4.742881e-01 1.216375e-01 8.719261e-01
      outer loop
         vertex 4.375392e-01 3.387986e+00 -5.581168e+00
         vertex 4.303014e-01 3.387417e+00 -5.585026e+00
         vertex 4.363221e-01 3.332731e+00 -5.574122e+00
      endloop
   endfacet
   facet normal -4.449751e-01 1.277477e-01 8.863846e-01
      outer loop
         vertex 4.363221e-01 3.332731e+00 -5.574122e+00
         vertex 4.303014e-01 3.387417e+00 -5.585026e+00
         vertex 4.255910e-01 3.331930e+00 -5.579394e+00
      endloop
   endfacet
   facet normal -4.447749e-01 1.040094e-01 8.895827e-01
      outer loop
         vertex 4.363221e-01 3.332731e+00 -5.574122e+00
         vertex 4.255910e-01 3.331930e+00 -5.579394e+00
         vertex 4.338416e-01 3.277747e+00 -5.568934e+00
      endloop
   endfacet
   facet normal -3.964642e-01 1.154545e-01 9.107614e-01
      outer loop
         vertex 4.338416e-01 3.277747e+00 -5.568934e+00
         vertex 4.255910e-01 3.331930e+00 -5.579394e+00
         vertex 4.188478e-01 3.276614e+00 -5.575317e+00
      endloop
   endfacet
   facet normal -3.955633e-01 7.990435e-02 9.149563e-01
      outer loop
         vertex 4.338416e-01 3.277747e+00 -5.568934e+00
         vertex 4.188478e-01 3.276614e+00 -5.575317e+00
         vertex 4.289644e-01 3.168214e+00 -5.561477e+00
      endloop
   endfacet
   facet normal -3.349142e-01 8.851710e-02 9.380816e-01
      outer loop
         vertex 4.289644e-01 3.168214e+00 -5.561477e+00
         vertex 4.188478e-01 3.276614e+00 -5.575317e+00
         vertex 4.051493e-01 3.166275e+00 -5.569796e+00
      endloop
   endfacet
   facet normal -3.348608e-01 8.728172e-02 9.382165e-01
      outer loop
         vertex 4.289644e-01 3.168214e+00 -5.561477e+00
         vertex 4.051493e-01 3.166275e+00 -5.569796e+00
         vertex 4.233159e-01 3.057696e+00 -5.553211e+00
      endloop
   endfacet
   facet normal -2.991770e-01 9.496939e-02 9.494598e-01
      outer loop
         vertex 4.233159e-01 3.057696e+00 -5.553211e+00
         vertex 4.051493e-01 3.166275e+00 -5.569796e+00
         vertex 3.906579e-01 3.055666e+00 -5.563299e+00
      endloop
   endfacet
   facet normal -2.980160e-01 6.045907e-02 9.526443e-01
      outer loop
         vertex 4.233159e-01 3.057696e+00 -5.553211e+00
         vertex 3.906579e-01 3.055666e+00 -5.563299e+00
         vertex 4.198311e-01 3.002342e+00 -5.550788e+00
      endloop
   endfacet
   facet normal -3.010440e-01 5.860617e-02 9.518077e-01
      outer loop
         vertex 4.198311e-01 3.002342e+00 -5.550788e+00
         vertex 3.906579e-01 3.055666e+00 -5.563299e+00
         vertex 3.744114e-01 2.945395e+00 -5.561647e+00
      endloop
   endfacet
   facet normal -2.712356e-01 3.289742e-02 9.619506e-01
      outer loop
         vertex 4.198311e-01 3.002342e+00 -5.550788e+00
         vertex 3.744114e-01 2.945395e+00 -5.561647e+00
         vertex 4.159228e-01 2.947052e+00 -5.549999e+00
      endloop
   endfacet
   facet normal -2.701858e-01 5.721308e-04 9.628080e-01
      outer loop
         vertex 4.159228e-01 2.947052e+00 -5.549999e+00
         vertex 3.744114e-01 2.945395e+00 -5.561647e+00
         vertex 4.070337e-01 2.836655e+00 -5.552428e+00
      endloop
   endfacet
   facet normal -2.515632e-01 6.583777e-03 9.678185e-01
      outer loop
         vertex 4.070337e-01 2.836655e+00 -5.552428e+00
         vertex 3.744114e-01 2.945395e+00 -5.561647e+00
         vertex 3.568547e-01 2.835665e+00 -5.565464e+00
      endloop
   endfacet
   facet normal -2.509496e-01 -2.321749e-02 9.677217e-01
      outer loop
         vertex 4.070337e-01 2.836655e+00 -5.552428e+00
         vertex 3.568547e-01 2.835665e+00 -5.565464e+00
         vertex 3.970909e-01 2.726256e+00 -5.557655e+00
      endloop
   endfacet
   facet normal -2.369194e-01 -1.779756e-02 9.713663e-01
      outer loop
         vertex 3.970909e-01 2.726256e+00 -5.557655e+00
         vertex 3.568547e-01 2.835665e+00 -5.565464e+00
         vertex 3.386032e-01 2.726297e+00 -5.571920e+00
      endloop
   endfacet
   facet normal -2.367515e-01 -4.328590e-02 9.706055e-01
      outer loop
         vertex 3.970909e-01 2.726256e+00 -5.557655e+00
         vertex 3.386032e-01 2.726297e+00 -5.571920e+00
         vertex 3.863306e-01 2.615820e+00 -5.565205e+00
      endloop
   endfacet
   facet normal -2.259979e-01 -3.847232e-02 9.733678e-01
      outer loop
         vertex 3.863306e-01 2.615820e+00 -5.565205e+00
         vertex 3.386032e-01 2.726297e+00 -5.571920e+00
         vertex 3.200324e-01 2.617265e+00 -5.580541e+00
      endloop
   endfacet
   facet normal -2.263152e-01 -8.893593e-02 9.699855e-01
      outer loop
         vertex 3.863306e-01 2.615820e+00 -5.565205e+00
         vertex 3.200324e-01 2.617265e+00 -5.580541e+00
         vertex 3.805797e-01 2.560845e+00 -5.571587e+00
      endloop
   endfacet
   facet normal -2.221666e-01 -8.426571e-02 9.713605e-01
      outer loop
         vertex 3.805797e-01 2.560845e+00 -5.571587e+00
         vertex 3.200324e-01 2.617265e+00 -5.580541e+00
         vertex 3.105958e-01 2.563049e+00 -5.587403e+00
      endloop
   endfacet
   facet normal -2.224293e-01 -1.204181e-01 9.674837e-01
      outer loop
         vertex 3.805797e-01 2.560845e+00 -5.571587e+00
         vertex 3.105958e-01 2.563049e+00 -5.587403e+00
         vertex 3.746385e-01 2.506358e+00 -5.579735e+00
      endloop
   endfacet
   facet normal -2.190835e-01 -1.164700e-01 9.687297e-01
      outer loop
         vertex 3.746385e-01 2.506358e+00 -5.579735e+00
         vertex 3.105958e-01 2.563049e+00 -5.587403e+00
         vertex 3.011361e-01 2.509319e+00 -5.596002e+00
      endloop
   endfacet
   facet normal -2.192545e-01 -1.315164e-01 9.667631e-01
      outer loop
         vertex 3.746385e-01 2.506358e+00 -5.579735e+00
         vertex 3.011361e-01 2.509319e+00 -5.596002e+00
         vertex 3.625398e-01 2.399349e+00 -5.597036e+00
      endloop
   endfacet
   facet normal -2.144897e-01 -1.288694e-01 9.681874e-01
      outer loop
         vertex 3.625398e-01 2.399349e+00 -5.597036e+00
         vertex 3.011361e-01 2.509319e+00 -5.596002e+00
         vertex 2.825698e-01 2.403804e+00 -5.614160e+00
      endloop
   endfacet
   facet normal -2.140687e-01 -1.136249e-01 9.701876e-01
      outer loop
         vertex 3.625398e-01 2.399349e+00 -5.597036e+00
         vertex 2.825698e-01 2.403804e+00 -5.614160e+00
         vertex 3.501443e-01 2.294474e+00 -5.612054e+00
      endloop
   endfacet
   facet normal -2.109307e-01 -1.116677e-01 9.711017e-01
      outer loop
         vertex 3.501443e-01 2.294474e+00 -5.612054e+00
         vertex 2.825698e-01 2.403804e+00 -5.614160e+00
         vertex 2.645437e-01 2.300339e+00 -5.629973e+00
      endloop
   endfacet
   facet normal -2.096811e-01 -8.414045e-02 9.741428e-01
      outer loop
         vertex 3.501443e-01 2.294474e+00 -5.612054e+00
         vertex 2.645437e-01 2.300339e+00 -5.629973e+00
         vertex 3.371744e-01 2.190316e+00 -5.623842e+00
      endloop
   endfacet
   facet normal -2.074006e-01 -8.260041e-02 9.747626e-01
      outer loop
         vertex 3.371744e-01 2.190316e+00 -5.623842e+00
         vertex 2.645437e-01 2.300339e+00 -5.629973e+00
         vertex 2.468503e-01 2.197465e+00 -5.642455e+00
      endloop
   endfacet
   facet normal -2.060715e-01 -6.092541e-02 9.766384e-01
      outer loop
         vertex 3.371744e-01 2.190316e+00 -5.623842e+00
         vertex 2.468503e-01 2.197465e+00 -5.642455e+00
         vertex 3.237973e-01 2.085823e+00 -5.633183e+00
      endloop
   endfacet
   facet normal -2.043506e-01 -5.970297e-02 9.770754e-01
      outer loop
         vertex 3.237973e-01 2.085823e+00 -5.633183e+00
         vertex 2.468503e-01 2.197465e+00 -5.642455e+00
         vertex 2.297376e-01 2.094248e+00 -5.652341e+00
      endloop
   endfacet
   facet normal -2.029989e-01 -4.186590e-02 9.782835e-01
      outer loop
         vertex 3.237973e-01 2.085823e+00 -5.633183e+00
         vertex 2.297376e-01 2.094248e+00 -5.652341e+00
         vertex 3.111403e-01 1.981539e+00 -5.640273e+00
      endloop
   endfacet
   facet normal -2.020702e-01 -4.117138e-02 9.785053e-01
      outer loop
         vertex 3.111403e-01 1.981539e+00 -5.640273e+00
         vertex 2.297376e-01 2.094248e+00 -5.652341e+00
         vertex 2.144511e-01 1.991569e+00 -5.659818e+00
      endloop
   endfacet
   facet normal -1.996526e-01 -1.544805e-02 9.797450e-01
      outer loop
         vertex 3.111403e-01 1.981539e+00 -5.640273e+00
         vertex 2.144511e-01 1.991569e+00 -5.659818e+00
         vertex 2.978606e-01 1.876945e+00 -5.644628e+00
      endloop
   endfacet
   facet normal -1.990562e-01 -1.499705e-02 9.798733e-01
      outer loop
         vertex 2.978606e-01 1.876945e+00 -5.644628e+00
         vertex 2.144511e-01 1.991569e+00 -5.659818e+00
         vertex 1.996205e-01 1.888332e+00 -5.664411e+00
      endloop
   endfacet
   facet normal -1.962231e-01 1.053648e-02 9.805027e-01
      outer loop
         vertex 2.978606e-01 1.876945e+00 -5.644628e+00
         vertex 1.996205e-01 1.888332e+00 -5.664411e+00
         vertex 2.834917e-01 1.770115e+00 -5.646355e+00
      endloop
   endfacet
   facet normal -1.958806e-01 1.078949e-02 9.805684e-01
      outer loop
         vertex 1.996205e-01 1.888332e+00 -5.664411e+00
         vertex 1.846775e-01 1.781545e+00 -5.666221e+00
         vertex 2.834917e-01 1.770115e+00 -5.646355e+00
      endloop
   endfacet
   facet normal -1.942885e-01 2.466858e-02 9.806342e-01
      outer loop
         vertex 2.834917e-01 1.770115e+00 -5.646355e+00
         vertex 1.846775e-01 1.781545e+00 -5.666221e+00
         vertex 1.780281e-01 1.726380e+00 -5.666150e+00
      endloop
   endfacet
   facet normal -1.957753e-01 2.843374e-02 9.802365e-01
      outer loop
         vertex 2.834917e-01 1.770115e+00 -5.646355e+00
         vertex 1.780281e-01 1.726380e+00 -5.666150e+00
         vertex 2.709615e-01 1.660291e+00 -5.645672e+00
      endloop
   endfacet
   facet normal -1.941013e-01 3.086809e-02 9.804957e-01
      outer loop
         vertex 2.709615e-01 1.660291e+00 -5.645672e+00
         vertex 1.780281e-01 1.726380e+00 -5.666150e+00
         vertex 1.725480e-01 1.670059e+00 -5.665462e+00
      endloop
   endfacet
   facet normal -1.935107e-01 3.665105e-02 9.804133e-01
      outer loop
         vertex 2.709615e-01 1.660291e+00 -5.645672e+00
         vertex 1.725480e-01 1.670059e+00 -5.665462e+00
         vertex 2.664458e-01 1.604386e+00 -5.644474e+00
      endloop
   endfacet
   facet normal -1.943133e-01 3.546678e-02 9.802982e-01
      outer loop
         vertex 2.664458e-01 1.604386e+00 -5.644474e+00
         vertex 1.725480e-01 1.670059e+00 -5.665462e+00
         vertex 1.686182e-01 1.612773e+00 -5.664168e+00
      endloop
   endfacet
   facet normal -1.937843e-01 4.134257e-02 9.801727e-01
      outer loop
         vertex 2.664458e-01 1.604386e+00 -5.644474e+00
         vertex 1.686182e-01 1.612773e+00 -5.664168e+00
         vertex 2.633927e-01 1.548067e+00 -5.642702e+00
      endloop
   endfacet
   facet normal -1.949319e-01 3.960983e-02 9.800166e-01
      outer loop
         vertex 1.686182e-01 1.612773e+00 -5.664168e+00
         vertex 1.664248e-01 1.554857e+00 -5.662264e+00
         vertex 2.633927e-01 1.548067e+00 -5.642702e+00
      endloop
   endfacet
   facet normal -1.945370e-01 4.482892e-02 9.798703e-01
      outer loop
         vertex 2.633927e-01 1.548067e+00 -5.642702e+00
         vertex 1.664248e-01 1.554857e+00 -5.662264e+00
         vertex 1.658534e-01 1.496793e+00 -5.659721e+00
      endloop
   endfacet
   facet normal -1.977213e-01 5.120181e-02 9.789201e-01
      outer loop
         vertex 2.633927e-01 1.548067e+00 -5.642702e+00
         vertex 1.658534e-01 1.496793e+00 -5.659721e+00
         vertex 2.608498e-01 1.435446e+00 -5.637325e+00
      endloop
   endfacet
   facet normal -1.969931e-01 5.236071e-02 9.790057e-01
      outer loop
         vertex 2.608498e-01 1.435446e+00 -5.637325e+00
         vertex 1.658534e-01 1.496793e+00 -5.659721e+00
         vertex 1.664801e-01 1.439118e+00 -5.656510e+00
      endloop
   endfacet
   facet normal -1.964085e-01 6.428402e-02 9.784126e-01
      outer loop
         vertex 2.608498e-01 1.435446e+00 -5.637325e+00
         vertex 1.664801e-01 1.439118e+00 -5.656510e+00
         vertex 2.618462e-01 1.323709e+00 -5.629783e+00
      endloop
   endfacet
   facet normal -2.007135e-01 6.057904e-02 9.777752e-01
      outer loop
         vertex 1.664801e-01 1.439118e+00 -5.656510e+00
         vertex 1.712433e-01 1.324618e+00 -5.648438e+00
         vertex 2.618462e-01 1.323709e+00 -5.629783e+00
      endloop
   endfacet
   facet normal -2.005444e-01 6.805770e-02 9.773178e-01
      outer loop
         vertex 2.618462e-01 1.323709e+00 -5.629783e+00
         vertex 1.712433e-01 1.324618e+00 -5.648438e+00
         vertex 1.756183e-01 1.267557e+00 -5.643567e+00
      endloop
   endfacet
   facet normal -2.052157e-01 7.560543e-02 9.757922e-01
      outer loop
         vertex 2.618462e-01 1.323709e+00 -5.629783e+00
         vertex 1.756183e-01 1.267557e+00 -5.643567e+00
         vertex 2.671756e-01 1.212428e+00 -5.620040e+00
      endloop
   endfacet
   facet normal -3.047306e-01 1.158745e-02 9.523681e-01
      outer loop
         vertex 4.266865e-01 -4.440750e-05 -5.592937e+00
         vertex 4.316558e-01 1.689735e-04 -5.591349e+00
         vertex 4.263078e-01 2.796508e-02 -5.593399e+00
      endloop
   endfacet
   facet normal -3.428368e-01 3.298975e-03 9.393892e-01
      outer loop
         vertex 4.263078e-01 2.796508e-02 -5.593399e+00
         vertex 4.316558e-01 1.689735e-04 -5.591349e+00
         vertex 4.311380e-01 2.817844e-02 -5.591637e+00
      endloop
   endfacet
   facet normal -3.398346e-01 -5.861790e-02 9.386567e-01
      outer loop
         vertex 4.263078e-01 2.796508e-02 -5.593399e+00
         vertex 4.311380e-01 2.817844e-02 -5.591637e+00
         vertex 4.245247e-01 5.578902e-02 -5.592307e+00
      endloop
   endfacet
   facet normal -4.053147e-01 -7.497074e-02 9.110979e-01
      outer loop
         vertex 4.245247e-01 5.578902e-02 -5.592307e+00
         vertex 4.311380e-01 2.817844e-02 -5.591637e+00
         vertex 4.297034e-01 5.604651e-02 -5.589982e+00
      endloop
   endfacet
   facet normal -4.015881e-01 -1.205771e-01 9.078481e-01
      outer loop
         vertex 4.245247e-01 5.578902e-02 -5.592307e+00
         vertex 4.297034e-01 5.604651e-02 -5.589982e+00
         vertex 4.173969e-01 1.110724e-01 -5.588117e+00
      endloop
   endfacet
   facet normal -4.598356e-01 -1.325945e-01 8.780489e-01
      outer loop
         vertex 4.173969e-01 1.110724e-01 -5.588117e+00
         vertex 4.297034e-01 5.604651e-02 -5.589982e+00
         vertex 4.246458e-01 1.114626e-01 -5.584262e+00
      endloop
   endfacet
   facet normal -4.574171e-01 -1.545338e-01 8.757219e-01
      outer loop
         vertex 4.173969e-01 1.110724e-01 -5.588117e+00
         vertex 4.246458e-01 1.114626e-01 -5.584262e+00
         vertex 4.066832e-01 1.659167e-01 -5.584035e+00
      endloop
   endfacet
   facet normal -4.296873e-01 -1.454511e-01 8.911862e-01
      outer loop
         vertex 4.066832e-01 1.659167e-01 -5.584035e+00
         vertex 4.246458e-01 1.114626e-01 -5.584262e+00
         vertex 4.174289e-01 1.664466e-01 -5.578768e+00
      endloop
   endfacet
   facet normal -4.298636e-01 -1.437591e-01 8.913757e-01
      outer loop
         vertex 4.066832e-01 1.659167e-01 -5.584035e+00
         vertex 4.174289e-01 1.664466e-01 -5.578768e+00
         vertex 3.937880e-01 2.202374e-01 -5.581493e+00
      endloop
   endfacet
   facet normal -3.830778e-01 -1.219680e-01 9.156283e-01
      outer loop
         vertex 3.937880e-01 2.202374e-01 -5.581493e+00
         vertex 4.174289e-01 1.664466e-01 -5.578768e+00
         vertex 4.088087e-01 2.209281e-01 -5.575117e+00
      endloop
   endfacet
   facet normal -3.832645e-01 -1.198134e-01 9.158347e-01
      outer loop
         vertex 3.937880e-01 2.202374e-01 -5.581493e+00
         vertex 4.088087e-01 2.209281e-01 -5.575117e+00
         vertex 3.401283e-01 4.374828e-01 -5.575528e+00
      endloop
   endfacet
   facet normal -2.895364e-01 -9.001708e-02 9.529248e-01
      outer loop
         vertex 3.401283e-01 4.374828e-01 -5.575528e+00
         vertex 4.088087e-01 2.209281e-01 -5.575117e+00
         vertex 3.728186e-01 4.390057e-01 -5.565451e+00
      endloop
   endfacet
   facet normal -2.910804e-01 -6.652160e-02 9.543831e-01
      outer loop
         vertex 3.401283e-01 4.374828e-01 -5.575528e+00
         vertex 3.728186e-01 4.390057e-01 -5.565451e+00
         vertex 3.137628e-01 5.470722e-01 -5.575931e+00
      endloop
   endfacet
   facet normal -2.672372e-01 -5.273517e-02 9.621867e-01
      outer loop
         vertex 3.137628e-01 5.470722e-01 -5.575931e+00
         vertex 3.728186e-01 4.390057e-01 -5.565451e+00
         vertex 3.552617e-01 5.490975e-01 -5.564294e+00
      endloop
   endfacet
   facet normal -2.688809e-01 -2.312909e-02 9.628957e-01
      outer loop
         vertex 3.137628e-01 5.470722e-01 -5.575931e+00
         vertex 3.552617e-01 5.490975e-01 -5.564294e+00
         vertex 2.874983e-01 6.564871e-01 -5.580637e+00
      endloop
   endfacet
   facet normal -2.509965e-01 -1.107860e-02 9.679246e-01
      outer loop
         vertex 2.874983e-01 6.564871e-01 -5.580637e+00
         vertex 3.552617e-01 5.490975e-01 -5.564294e+00
         vertex 3.376310e-01 6.591107e-01 -5.567607e+00
      endloop
   endfacet
   facet normal -2.516093e-01 1.110392e-03 9.678282e-01
      outer loop
         vertex 2.874983e-01 6.564871e-01 -5.580637e+00
         vertex 3.376310e-01 6.591107e-01 -5.567607e+00
         vertex 2.625952e-01 7.664306e-01 -5.587237e+00
      endloop
   endfacet
   facet normal -2.378757e-01 1.133478e-02 9.712295e-01
      outer loop
         vertex 2.625952e-01 7.664306e-01 -5.587237e+00
         vertex 3.376310e-01 6.591107e-01 -5.567607e+00
         vertex 3.210092e-01 7.696146e-01 -5.572967e+00
      endloop
   endfacet
   facet normal -2.383758e-01 2.186649e-02 9.709268e-01
      outer loop
         vertex 2.625952e-01 7.664306e-01 -5.587237e+00
         vertex 3.210092e-01 7.696146e-01 -5.572967e+00
         vertex 2.395260e-01 8.769900e-01 -5.595391e+00
      endloop
   endfacet
   facet normal -2.275186e-01 3.059974e-02 9.732928e-01
      outer loop
         vertex 2.395260e-01 8.769900e-01 -5.595391e+00
         vertex 3.210092e-01 7.696146e-01 -5.572967e+00
         vertex 3.057343e-01 8.807001e-01 -5.580030e+00
      endloop
   endfacet
   facet normal -2.288416e-01 6.157106e-02 9.715146e-01
      outer loop
         vertex 2.395260e-01 8.769900e-01 -5.595391e+00
         vertex 3.057343e-01 8.807001e-01 -5.580030e+00
         vertex 2.282288e-01 9.320187e-01 -5.601539e+00
      endloop
   endfacet
   facet normal -2.244085e-01 6.850512e-02 9.720843e-01
      outer loop
         vertex 2.282288e-01 9.320187e-01 -5.601539e+00
         vertex 3.057343e-01 8.807001e-01 -5.580030e+00
         vertex 2.981322e-01 9.360548e-01 -5.585686e+00
      endloop
   endfacet
   facet normal -2.251121e-01 8.722587e-02 9.704206e-01
      outer loop
         vertex 2.282288e-01 9.320187e-01 -5.601539e+00
         vertex 2.981322e-01 9.360548e-01 -5.585686e+00
         vertex 2.171253e-01 9.869683e-01 -5.609054e+00
      endloop
   endfacet
   facet normal -2.210871e-01 9.377419e-02 9.707352e-01
      outer loop
         vertex 2.171253e-01 9.869683e-01 -5.609054e+00
         vertex 2.981322e-01 9.360548e-01 -5.585686e+00
         vertex 2.905754e-01 9.912200e-01 -5.592736e+00
      endloop
   endfacet
   facet normal -2.211726e-01 9.626032e-02 9.704724e-01
      outer loop
         vertex 2.171253e-01 9.869683e-01 -5.609054e+00
         vertex 2.905754e-01 9.912200e-01 -5.592736e+00
         vertex 1.970140e-01 1.097900e+00 -5.624641e+00
      endloop
   endfacet
   facet normal -2.134356e-01 1.033460e-01 9.714756e-01
      outer loop
         vertex 1.970140e-01 1.097900e+00 -5.624641e+00
         vertex 2.905754e-01 9.912200e-01 -5.592736e+00
         vertex 2.770351e-01 1.101597e+00 -5.607453e+00
      endloop
   endfacet
   facet normal -2.131262e-01 9.028486e-02 9.728442e-01
      outer loop
         vertex 1.970140e-01 1.097900e+00 -5.624641e+00
         vertex 2.770351e-01 1.101597e+00 -5.607453e+00
         vertex 1.885554e-01 1.154080e+00 -5.631708e+00
      endloop
   endfacet
   facet normal -2.123574e-01 9.160171e-02 9.728892e-01
      outer loop
         vertex 1.885554e-01 1.154080e+00 -5.631708e+00
         vertex 2.770351e-01 1.101597e+00 -5.607453e+00
         vertex 2.671756e-01 1.212428e+00 -5.620040e+00
      endloop
   endfacet
   facet normal -2.060308e-01 8.264510e-02 9.750493e-01
      outer loop
         vertex 1.885554e-01 1.154080e+00 -5.631708e+00
         vertex 2.671756e-01 1.212428e+00 -5.620040e+00
         vertex 1.813953e-01 1.210672e+00 -5.638017e+00
      endloop
   endfacet
   facet normal -2.060019e-01 7.427258e-02 9.757289e-01
      outer loop
         vertex 1.813953e-01 1.210672e+00 -5.638017e+00
         vertex 2.671756e-01 1.212428e+00 -5.620040e+00
         vertex 1.756183e-01 1.267557e+00 -5.643567e+00
      endloop
   endfacet
   facet normal -2.959203e-01 2.522364e-02 9.548795e-01
      outer loop
         vertex 1.041879e-01 1.811886e+00 -5.691966e+00
         vertex 1.846775e-01 1.781545e+00 -5.666221e+00
         vertex 1.996205e-01 1.888332e+00 -5.664411e+00
      endloop
   endfacet
   facet normal -3.045108e-01 -2.400542e-02 9.522063e-01
      outer loop
         vertex 1.417149e-01 2.053039e+00 -5.681529e+00
         vertex 2.144511e-01 1.991569e+00 -5.659818e+00
         vertex 2.297376e-01 2.094248e+00 -5.652341e+00
      endloop
   endfacet
   facet normal -3.004656e-01 -1.872354e-02 9.536088e-01
      outer loop
         vertex 1.417149e-01 2.053039e+00 -5.681529e+00
         vertex 1.330464e-01 2.000612e+00 -5.685289e+00
         vertex 2.144511e-01 1.991569e+00 -5.659818e+00
      endloop
   endfacet
   facet normal -2.994972e-01 -8.743468e-03 9.540571e-01
      outer loop
         vertex 2.144511e-01 1.991569e+00 -5.659818e+00
         vertex 1.330464e-01 2.000612e+00 -5.685289e+00
         vertex 1.285194e-01 1.972299e+00 -5.686970e+00
      endloop
   endfacet
   facet normal -3.014734e-01 8.904345e-04 9.534742e-01
      outer loop
         vertex 2.144511e-01 1.991569e+00 -5.659818e+00
         vertex 1.285194e-01 1.972299e+00 -5.686970e+00
         vertex 1.996205e-01 1.888332e+00 -5.664411e+00
      endloop
   endfacet
   facet normal -2.969655e-01 5.083962e-03 9.548747e-01
      outer loop
         vertex 1.996205e-01 1.888332e+00 -5.664411e+00
         vertex 1.285194e-01 1.972299e+00 -5.686970e+00
         vertex 1.168903e-01 1.898246e+00 -5.690192e+00
      endloop
   endfacet
   facet normal -2.948457e-01 2.374864e-02 9.552497e-01
      outer loop
         vertex 1.996205e-01 1.888332e+00 -5.664411e+00
         vertex 1.168903e-01 1.898246e+00 -5.690192e+00
         vertex 1.041879e-01 1.811886e+00 -5.691966e+00
      endloop
   endfacet
   facet normal -3.804516e-01 2.871765e-02 9.243549e-01
      outer loop
         vertex 3.744114e-01 2.945395e+00 -5.561647e+00
         vertex 3.314738e-01 2.909086e+00 -5.578192e+00
         vertex 3.568547e-01 2.835665e+00 -5.565464e+00
      endloop
   endfacet
   facet normal -3.726842e-01 3.193209e-02 9.274087e-01
      outer loop
         vertex 3.568547e-01 2.835665e+00 -5.565464e+00
         vertex 3.314738e-01 2.909086e+00 -5.578192e+00
         vertex 3.145547e-01 2.835409e+00 -5.582454e+00
      endloop
   endfacet
   facet normal -3.727364e-01 7.432964e-03 9.279075e-01
      outer loop
         vertex 3.568547e-01 2.835665e+00 -5.565464e+00
         vertex 3.145547e-01 2.835409e+00 -5.582454e+00
         vertex 3.386032e-01 2.726297e+00 -5.571920e+00
      endloop
   endfacet
   facet normal -6.152224e-01 8.871034e-02 7.833466e-01
      outer loop
         vertex 4.303014e-01 3.387417e+00 -5.585026e+00
         vertex 4.310385e-01 3.443028e+00 -5.590745e+00
         vertex 4.267231e-01 3.437196e+00 -5.593474e+00
      endloop
   endfacet
   facet normal -6.373876e-01 8.416195e-02 7.659333e-01
      outer loop
         vertex 4.267231e-01 3.437196e+00 -5.593474e+00
         vertex 4.242011e-01 3.386969e+00 -5.590053e+00
         vertex 4.303014e-01 3.387417e+00 -5.585026e+00
      endloop
   endfacet
   facet normal -6.365023e-01 1.230540e-01 7.613952e-01
      outer loop
         vertex 4.303014e-01 3.387417e+00 -5.585026e+00
         vertex 4.242011e-01 3.386969e+00 -5.590053e+00
         vertex 4.230701e-01 3.376339e+00 -5.589281e+00
      endloop
   endfacet
   facet normal -6.442741e-01 1.311743e-01 7.534614e-01
      outer loop
         vertex 4.303014e-01 3.387417e+00 -5.585026e+00
         vertex 4.230701e-01 3.376339e+00 -5.589281e+00
         vertex 4.255910e-01 3.331930e+00 -5.579394e+00
      endloop
   endfacet
   facet normal -6.050393e-01 1.401480e-01 7.837640e-01
      outer loop
         vertex 4.255910e-01 3.331930e+00 -5.579394e+00
         vertex 4.230701e-01 3.376339e+00 -5.589281e+00
         vertex 4.165459e-01 3.331303e+00 -5.586264e+00
      endloop
   endfacet
   facet normal -6.053728e-01 1.316506e-01 7.849789e-01
      outer loop
         vertex 4.255910e-01 3.331930e+00 -5.579394e+00
         vertex 4.165459e-01 3.331303e+00 -5.586264e+00
         vertex 4.188478e-01 3.276614e+00 -5.575317e+00
      endloop
   endfacet
   facet normal -5.463967e-01 1.422170e-01 8.253636e-01
      outer loop
         vertex 4.188478e-01 3.276614e+00 -5.575317e+00
         vertex 4.165459e-01 3.331303e+00 -5.586264e+00
         vertex 4.108115e-01 3.299580e+00 -5.584594e+00
      endloop
   endfacet
   facet normal -5.943607e-01 1.136248e-01 7.961311e-01
      outer loop
         vertex 4.188478e-01 3.276614e+00 -5.575317e+00
         vertex 4.108115e-01 3.299580e+00 -5.584594e+00
         vertex 4.051493e-01 3.166275e+00 -5.569796e+00
      endloop
   endfacet
   facet normal -4.753086e-01 1.169909e-01 8.720062e-01
      outer loop
         vertex 4.108115e-01 3.299580e+00 -5.584594e+00
         vertex 3.927325e-01 3.205655e+00 -5.581847e+00
         vertex 4.051493e-01 3.166275e+00 -5.569796e+00
      endloop
   endfacet
   facet normal -4.790255e-01 1.152661e-01 8.702001e-01
      outer loop
         vertex 4.051493e-01 3.166275e+00 -5.569796e+00
         vertex 3.927325e-01 3.205655e+00 -5.581847e+00
         vertex 3.850801e-01 3.164719e+00 -5.580638e+00
      endloop
   endfacet
   facet normal -4.790187e-01 1.138863e-01 8.703855e-01
      outer loop
         vertex 4.051493e-01 3.166275e+00 -5.569796e+00
         vertex 3.850801e-01 3.164719e+00 -5.580638e+00
         vertex 3.906579e-01 3.055666e+00 -5.563299e+00
      endloop
   endfacet
   facet normal -4.375626e-01 1.193217e-01 8.912358e-01
      outer loop
         vertex 3.906579e-01 3.055666e+00 -5.563299e+00
         vertex 3.850801e-01 3.164719e+00 -5.580638e+00
         vertex 3.600144e-01 3.039238e+00 -5.576144e+00
      endloop
   endfacet
   facet normal -4.195902e-01 7.536463e-02 9.045796e-01
      outer loop
         vertex 3.906579e-01 3.055666e+00 -5.563299e+00
         vertex 3.600144e-01 3.039238e+00 -5.576144e+00
         vertex 3.744114e-01 2.945395e+00 -5.561647e+00
      endloop
   endfacet
   facet normal -3.986694e-01 7.996789e-02 9.136016e-01
      outer loop
         vertex 3.744114e-01 2.945395e+00 -5.561647e+00
         vertex 3.600144e-01 3.039238e+00 -5.576144e+00
         vertex 3.394168e-01 2.944366e+00 -5.576828e+00
      endloop
   endfacet
   facet normal -3.987221e-01 5.437750e-02 9.154582e-01
      outer loop
         vertex 3.744114e-01 2.945395e+00 -5.561647e+00
         vertex 3.394168e-01 2.944366e+00 -5.576828e+00
         vertex 3.314738e-01 2.909086e+00 -5.578192e+00
      endloop
   endfacet
   facet normal -3.505752e-01 1.314131e-02 9.364424e-01
      outer loop
         vertex 3.145547e-01 2.835409e+00 -5.582454e+00
         vertex 2.947668e-01 2.750509e+00 -5.588671e+00
         vertex 3.386032e-01 2.726297e+00 -5.571920e+00
      endloop
   endfacet
   facet normal -3.526960e-01 8.785782e-03 9.356967e-01
      outer loop
         vertex 3.386032e-01 2.726297e+00 -5.571920e+00
         vertex 2.947668e-01 2.750509e+00 -5.588671e+00
         vertex 2.893050e-01 2.727147e+00 -5.590510e+00
      endloop
   endfacet
   facet normal -3.530174e-01 -1.384475e-02 9.355143e-01
      outer loop
         vertex 3.386032e-01 2.726297e+00 -5.571920e+00
         vertex 2.893050e-01 2.727147e+00 -5.590510e+00
         vertex 3.200324e-01 2.617265e+00 -5.580541e+00
      endloop
   endfacet
   facet normal -3.392304e-01 -9.522955e-03 9.406551e-01
      outer loop
         vertex 3.200324e-01 2.617265e+00 -5.580541e+00
         vertex 2.893050e-01 2.727147e+00 -5.590510e+00
         vertex 2.628672e-01 2.614032e+00 -5.601190e+00
      endloop
   endfacet
   facet normal -3.360747e-01 -6.045668e-02 9.398930e-01
      outer loop
         vertex 3.200324e-01 2.617265e+00 -5.580541e+00
         vertex 2.628672e-01 2.614032e+00 -5.601190e+00
         vertex 3.105958e-01 2.563049e+00 -5.587403e+00
      endloop
   endfacet
   facet normal -3.320370e-01 -5.621792e-02 9.415896e-01
      outer loop
         vertex 3.105958e-01 2.563049e+00 -5.587403e+00
         vertex 2.628672e-01 2.614032e+00 -5.601190e+00
         vertex 2.516273e-01 2.566126e+00 -5.608013e+00
      endloop
   endfacet
   facet normal -3.328150e-01 -9.161349e-02 9.385314e-01
      outer loop
         vertex 3.105958e-01 2.563049e+00 -5.587403e+00
         vertex 2.516273e-01 2.566126e+00 -5.608013e+00
         vertex 3.011361e-01 2.509319e+00 -5.596002e+00
      endloop
   endfacet
   facet normal -3.282639e-01 -8.722019e-02 9.405506e-01
      outer loop
         vertex 3.011361e-01 2.509319e+00 -5.596002e+00
         vertex 2.516273e-01 2.566126e+00 -5.608013e+00
         vertex 2.377803e-01 2.507010e+00 -5.618328e+00
      endloop
   endfacet
   facet normal -3.271799e-01 -1.040548e-01 9.392156e-01
      outer loop
         vertex 3.011361e-01 2.509319e+00 -5.596002e+00
         vertex 2.377803e-01 2.507010e+00 -5.618328e+00
         vertex 2.825698e-01 2.403804e+00 -5.614160e+00
      endloop
   endfacet
   facet normal -3.172545e-01 -9.959062e-02 9.430966e-01
      outer loop
         vertex 2.825698e-01 2.403804e+00 -5.614160e+00
         vertex 2.377803e-01 2.507010e+00 -5.618328e+00
         vertex 2.076699e-01 2.375455e+00 -5.642349e+00
      endloop
   endfacet
   facet normal -3.215015e-01 -8.807881e-02 9.428038e-01
      outer loop
         vertex 2.825698e-01 2.403804e+00 -5.614160e+00
         vertex 2.076699e-01 2.375455e+00 -5.642349e+00
         vertex 2.645437e-01 2.300339e+00 -5.629973e+00
      endloop
   endfacet
   facet normal -3.136224e-01 -8.158046e-02 9.460368e-01
      outer loop
         vertex 2.645437e-01 2.300339e+00 -5.629973e+00
         vertex 2.076699e-01 2.375455e+00 -5.642349e+00
         vertex 1.924729e-01 2.306605e+00 -5.653325e+00
      endloop
   endfacet
   facet normal -3.124760e-01 -6.127470e-02 9.479474e-01
      outer loop
         vertex 2.645437e-01 2.300339e+00 -5.629973e+00
         vertex 1.924729e-01 2.306605e+00 -5.653325e+00
         vertex 2.468503e-01 2.197465e+00 -5.642455e+00
      endloop
   endfacet
   facet normal -3.098816e-01 -5.988848e-02 9.488871e-01
      outer loop
         vertex 2.468503e-01 2.197465e+00 -5.642455e+00
         vertex 1.924729e-01 2.306605e+00 -5.653325e+00
         vertex 1.727506e-01 2.213948e+00 -5.665613e+00
      endloop
   endfacet
   facet normal -3.062234e-01 -4.032575e-02 9.511052e-01
      outer loop
         vertex 2.468503e-01 2.197465e+00 -5.642455e+00
         vertex 1.727506e-01 2.213948e+00 -5.665613e+00
         vertex 2.297376e-01 2.094248e+00 -5.652341e+00
      endloop
   endfacet
   facet normal -3.040575e-01 -3.921245e-02 9.518463e-01
      outer loop
         vertex 2.297376e-01 2.094248e+00 -5.652341e+00
         vertex 1.727506e-01 2.213948e+00 -5.665613e+00
         vertex 1.505546e-01 2.102193e+00 -5.677307e+00
      endloop
   endfacet
   facet normal -3.030904e-01 -2.729746e-02 9.525708e-01
      outer loop
         vertex 2.297376e-01 2.094248e+00 -5.652341e+00
         vertex 1.505546e-01 2.102193e+00 -5.677307e+00
         vertex 1.417149e-01 2.053039e+00 -5.681529e+00
      endloop
   endfacet
   facet normal -4.437839e-01 1.790971e-02 8.959549e-01
      outer loop
         vertex 4.225009e-01 -2.582283e-04 -5.595006e+00
         vertex 4.266865e-01 -4.440750e-05 -5.592937e+00
         vertex 4.222397e-01 2.774706e-02 -5.595695e+00
      endloop
   endfacet
   facet normal -4.918334e-01 7.710710e-03 8.706552e-01
      outer loop
         vertex 4.222397e-01 2.774706e-02 -5.595695e+00
         vertex 4.266865e-01 -4.440750e-05 -5.592937e+00
         vertex 4.263078e-01 2.796508e-02 -5.593399e+00
      endloop
   endfacet
   facet normal -4.890734e-01 -4.710489e-02 8.709698e-01
      outer loop
         vertex 4.222397e-01 2.774706e-02 -5.595695e+00
         vertex 4.263078e-01 2.796508e-02 -5.593399e+00
         vertex 4.202360e-01 5.482704e-02 -5.595355e+00
      endloop
   endfacet
   facet normal -5.677680e-01 -6.858182e-02 8.203268e-01
      outer loop
         vertex 4.202360e-01 5.482704e-02 -5.595355e+00
         vertex 4.263078e-01 2.796508e-02 -5.593399e+00
         vertex 4.245247e-01 5.578902e-02 -5.592307e+00
      endloop
   endfacet
   facet normal -5.607202e-01 -1.036820e-01 8.214882e-01
      outer loop
         vertex 4.202360e-01 5.482704e-02 -5.595355e+00
         vertex 4.245247e-01 5.578902e-02 -5.592307e+00
         vertex 4.164441e-01 8.314865e-02 -5.594369e+00
      endloop
   endfacet
   facet normal -6.656247e-01 -1.413524e-01 7.327777e-01
      outer loop
         vertex 4.164441e-01 8.314865e-02 -5.594369e+00
         vertex 4.245247e-01 5.578902e-02 -5.592307e+00
         vertex 4.173969e-01 1.110724e-01 -5.588117e+00
      endloop
   endfacet
   facet normal -6.221107e-01 -1.507842e-01 7.682723e-01
      outer loop
         vertex 4.164441e-01 8.314865e-02 -5.594369e+00
         vertex 4.173969e-01 1.110724e-01 -5.588117e+00
         vertex 4.112920e-01 1.106618e-01 -5.593141e+00
      endloop
   endfacet
   facet normal -5.447643e-01 -1.677717e-01 8.216353e-01
      outer loop
         vertex 3.937880e-01 2.202374e-01 -5.581493e+00
         vertex 3.852242e-01 2.066648e-01 -5.589942e+00
         vertex 4.066832e-01 1.659167e-01 -5.584035e+00
      endloop
   endfacet
   facet normal -5.851923e-01 -1.940343e-01 7.873377e-01
      outer loop
         vertex 4.066832e-01 1.659167e-01 -5.584035e+00
         vertex 3.852242e-01 2.066648e-01 -5.589942e+00
         vertex 3.976338e-01 1.653556e-01 -5.590899e+00
      endloop
   endfacet
   facet normal -5.882966e-01 -1.737033e-01 7.897685e-01
      outer loop
         vertex 4.066832e-01 1.659167e-01 -5.584035e+00
         vertex 3.976338e-01 1.653556e-01 -5.590899e+00
         vertex 4.173969e-01 1.110724e-01 -5.588117e+00
      endloop
   endfacet
   facet normal -6.363629e-01 -1.934080e-01 7.467501e-01
      outer loop
         vertex 4.173969e-01 1.110724e-01 -5.588117e+00
         vertex 3.976338e-01 1.653556e-01 -5.590899e+00
         vertex 4.089159e-01 1.214869e-01 -5.592647e+00
      endloop
   endfacet
   facet normal -6.192154e-01 -1.708976e-01 7.663983e-01
      outer loop
         vertex 4.173969e-01 1.110724e-01 -5.588117e+00
         vertex 4.089159e-01 1.214869e-01 -5.592647e+00
         vertex 4.112920e-01 1.106618e-01 -5.593141e+00
      endloop
   endfacet
   facet normal -3.917046e-01 -9.087281e-02 9.155925e-01
      outer loop
         vertex 3.401283e-01 4.374828e-01 -5.575528e+00
         vertex 3.137628e-01 5.470722e-01 -5.575931e+00
         vertex 2.788131e-01 5.449245e-01 -5.591096e+00
      endloop
   endfacet
   facet normal -4.226782e-01 -1.108849e-01 8.994708e-01
      outer loop
         vertex 2.788131e-01 5.449245e-01 -5.591096e+00
         vertex 3.125956e-01 4.359096e-01 -5.588660e+00
         vertex 3.401283e-01 4.374828e-01 -5.575528e+00
      endloop
   endfacet
   facet normal -4.205827e-01 -1.319752e-01 8.976039e-01
      outer loop
         vertex 3.401283e-01 4.374828e-01 -5.575528e+00
         vertex 3.125956e-01 4.359096e-01 -5.588660e+00
         vertex 3.193925e-01 4.137896e-01 -5.588728e+00
      endloop
   endfacet
   facet normal -4.232527e-01 -1.291666e-01 8.967570e-01
      outer loop
         vertex 3.401283e-01 4.374828e-01 -5.575528e+00
         vertex 3.193925e-01 4.137896e-01 -5.588728e+00
         vertex 3.937880e-01 2.202374e-01 -5.581493e+00
      endloop
   endfacet
   facet normal -5.337008e-01 -1.742068e-01 8.275358e-01
      outer loop
         vertex 3.937880e-01 2.202374e-01 -5.581493e+00
         vertex 3.193925e-01 4.137896e-01 -5.588728e+00
         vertex 3.811378e-01 2.195166e-01 -5.589803e+00
      endloop
   endfacet
   facet normal -5.331109e-01 -1.784691e-01 8.270076e-01
      outer loop
         vertex 3.937880e-01 2.202374e-01 -5.581493e+00
         vertex 3.811378e-01 2.195166e-01 -5.589803e+00
         vertex 3.852242e-01 2.066648e-01 -5.589942e+00
      endloop
   endfacet
   facet normal -3.009974e-01 5.459452e-02 9.520609e-01
      outer loop
         vertex 1.712433e-01 1.324618e+00 -5.648438e+00
         vertex 1.664801e-01 1.439118e+00 -5.656510e+00
         vertex 9.015750e-02 1.382899e+00 -5.677416e+00
      endloop
   endfacet
   facet normal -2.938677e-01 4.172355e-02 9.549350e-01
      outer loop
         vertex 1.725480e-01 1.670059e+00 -5.665462e+00
         vertex 8.616890e-02 1.619495e+00 -5.689835e+00
         vertex 1.686182e-01 1.612773e+00 -5.664168e+00
      endloop
   endfacet
   facet normal -2.939641e-01 4.061159e-02 9.549533e-01
      outer loop
         vertex 1.686182e-01 1.612773e+00 -5.664168e+00
         vertex 8.616890e-02 1.619495e+00 -5.689835e+00
         vertex 8.495540e-02 1.579417e+00 -5.688504e+00
      endloop
   endfacet
   facet normal -2.946517e-01 4.255244e-02 9.546568e-01
      outer loop
         vertex 1.686182e-01 1.612773e+00 -5.664168e+00
         vertex 8.495540e-02 1.579417e+00 -5.688504e+00
         vertex 1.664248e-01 1.554857e+00 -5.662264e+00
      endloop
   endfacet
   facet normal -2.951211e-01 4.091660e-02 9.545833e-01
      outer loop
         vertex 8.495540e-02 1.579417e+00 -5.688504e+00
         vertex 8.469415e-02 1.560107e+00 -5.687757e+00
         vertex 1.664248e-01 1.554857e+00 -5.662264e+00
      endloop
   endfacet
   facet normal -2.950191e-01 4.235435e-02 9.545522e-01
      outer loop
         vertex 1.664248e-01 1.554857e+00 -5.662264e+00
         vertex 8.469415e-02 1.560107e+00 -5.687757e+00
         vertex 8.508819e-02 1.500545e+00 -5.684992e+00
      endloop
   endfacet
   facet normal -2.964323e-01 4.469887e-02 9.540073e-01
      outer loop
         vertex 1.664248e-01 1.554857e+00 -5.662264e+00
         vertex 8.508819e-02 1.500545e+00 -5.684992e+00
         vertex 1.658534e-01 1.496793e+00 -5.659721e+00
      endloop
   endfacet
   facet normal -2.963413e-01 4.632534e-02 9.539580e-01
      outer loop
         vertex 1.658534e-01 1.496793e+00 -5.659721e+00
         vertex 8.508819e-02 1.500545e+00 -5.684992e+00
         vertex 8.632606e-02 1.456902e+00 -5.682488e+00
      endloop
   endfacet
   facet normal -2.979100e-01 4.983265e-02 9.532924e-01
      outer loop
         vertex 1.658534e-01 1.496793e+00 -5.659721e+00
         vertex 8.632606e-02 1.456902e+00 -5.682488e+00
         vertex 1.664801e-01 1.439118e+00 -5.656510e+00
      endloop
   endfacet
   facet normal -2.981796e-01 4.858838e-02 9.532723e-01
      outer loop
         vertex 1.664801e-01 1.439118e+00 -5.656510e+00
         vertex 8.632606e-02 1.456902e+00 -5.682488e+00
         vertex 8.693632e-02 1.441508e+00 -5.681513e+00
      endloop
   endfacet
   facet normal -2.981096e-01 5.024750e-02 9.532082e-01
      outer loop
         vertex 1.664801e-01 1.439118e+00 -5.656510e+00
         vertex 8.693632e-02 1.441508e+00 -5.681513e+00
         vertex 9.015750e-02 1.382899e+00 -5.677416e+00
      endloop
   endfacet
   facet normal -3.030715e-01 5.146826e-02 9.515770e-01
      outer loop
         vertex 9.015750e-02 1.382899e+00 -5.677416e+00
         vertex 9.488232e-02 1.324446e+00 -5.672750e+00
         vertex 1.712433e-01 1.324618e+00 -5.648438e+00
      endloop
   endfacet
   facet normal -3.029765e-01 5.797710e-02 9.512328e-01
      outer loop
         vertex 1.712433e-01 1.324618e+00 -5.648438e+00
         vertex 9.488232e-02 1.324446e+00 -5.672750e+00
         vertex 1.756183e-01 1.267557e+00 -5.643567e+00
      endloop
   endfacet
   facet normal -3.061494e-01 5.309896e-02 9.505015e-01
      outer loop
         vertex 1.756183e-01 1.267557e+00 -5.643567e+00
         vertex 9.488232e-02 1.324446e+00 -5.672750e+00
         vertex 1.011934e-01 1.266117e+00 -5.667458e+00
      endloop
   endfacet
   facet normal -3.061493e-01 6.159084e-02 9.499890e-01
      outer loop
         vertex 1.756183e-01 1.267557e+00 -5.643567e+00
         vertex 1.011934e-01 1.266117e+00 -5.667458e+00
         vertex 1.813953e-01 1.210672e+00 -5.638017e+00
      endloop
   endfacet
   facet normal -3.097132e-01 5.600560e-02 9.491792e-01
      outer loop
         vertex 1.011934e-01 1.266117e+00 -5.667458e+00
         vertex 1.091185e-01 1.208041e+00 -5.661446e+00
         vertex 1.813953e-01 1.210672e+00 -5.638017e+00
      endloop
   endfacet
   facet normal -3.097573e-01 5.891364e-02 9.489887e-01
      outer loop
         vertex 1.813953e-01 1.210672e+00 -5.638017e+00
         vertex 1.091185e-01 1.208041e+00 -5.661446e+00
         vertex 1.112583e-01 1.194164e+00 -5.659886e+00
      endloop
   endfacet
   facet normal -3.112019e-01 6.632587e-02 9.480265e-01
      outer loop
         vertex 1.813953e-01 1.210672e+00 -5.638017e+00
         vertex 1.112583e-01 1.194164e+00 -5.659886e+00
         vertex 1.885554e-01 1.154080e+00 -5.631708e+00
      endloop
   endfacet
   facet normal -3.138432e-01 6.087723e-02 9.475212e-01
      outer loop
         vertex 1.885554e-01 1.154080e+00 -5.631708e+00
         vertex 1.112583e-01 1.194164e+00 -5.659886e+00
         vertex 1.186245e-01 1.150435e+00 -5.654636e+00
      endloop
   endfacet
   facet normal -3.141301e-01 7.178406e-02 9.466622e-01
      outer loop
         vertex 1.885554e-01 1.154080e+00 -5.631708e+00
         vertex 1.186245e-01 1.150435e+00 -5.654636e+00
         vertex 1.970140e-01 1.097900e+00 -5.624641e+00
      endloop
   endfacet
   facet normal -3.177921e-01 6.586743e-02 9.458698e-01
      outer loop
         vertex 1.970140e-01 1.097900e+00 -5.624641e+00
         vertex 1.186245e-01 1.150435e+00 -5.654636e+00
         vertex 1.345210e-01 1.070361e+00 -5.643719e+00
      endloop
   endfacet
   facet normal -3.210452e-01 7.445307e-02 9.441328e-01
      outer loop
         vertex 1.970140e-01 1.097900e+00 -5.624641e+00
         vertex 1.345210e-01 1.070361e+00 -5.643719e+00
         vertex 2.171253e-01 9.869683e-01 -5.609054e+00
      endloop
   endfacet
   facet normal -3.289700e-01 6.573723e-02 9.420495e-01
      outer loop
         vertex 2.171253e-01 9.869683e-01 -5.609054e+00
         vertex 1.345210e-01 1.070361e+00 -5.643719e+00
         vertex 1.552717e-01 9.821771e-01 -5.630319e+00
      endloop
   endfacet
   facet normal -3.288104e-01 6.243019e-02 9.423302e-01
      outer loop
         vertex 2.171253e-01 9.869683e-01 -5.609054e+00
         vertex 1.552717e-01 9.821771e-01 -5.630319e+00
         vertex 2.282288e-01 9.320187e-01 -5.601539e+00
      endloop
   endfacet
   facet normal -3.374414e-01 4.859148e-02 9.400916e-01
      outer loop
         vertex 2.282288e-01 9.320187e-01 -5.601539e+00
         vertex 1.552717e-01 9.821771e-01 -5.630319e+00
         vertex 1.748588e-01 9.066474e-01 -5.619385e+00
      endloop
   endfacet
   facet normal -3.326717e-01 3.699273e-02 9.423169e-01
      outer loop
         vertex 2.282288e-01 9.320187e-01 -5.601539e+00
         vertex 1.748588e-01 9.066474e-01 -5.619385e+00
         vertex 2.395260e-01 8.769900e-01 -5.595391e+00
      endloop
   endfacet
   facet normal -3.392404e-01 2.116850e-02 9.404615e-01
      outer loop
         vertex 2.395260e-01 8.769900e-01 -5.595391e+00
         vertex 1.748588e-01 9.066474e-01 -5.619385e+00
         vertex 1.837721e-01 8.728544e-01 -5.615409e+00
      endloop
   endfacet
   facet normal -3.378543e-01 -1.083030e-03 9.411978e-01
      outer loop
         vertex 2.395260e-01 8.769900e-01 -5.595391e+00
         vertex 1.837721e-01 8.728544e-01 -5.615409e+00
         vertex 2.625952e-01 7.664306e-01 -5.587237e+00
      endloop
   endfacet
   facet normal -3.517348e-01 -1.273622e-02 9.360130e-01
      outer loop
         vertex 2.625952e-01 7.664306e-01 -5.587237e+00
         vertex 1.837721e-01 8.728544e-01 -5.615409e+00
         vertex 2.120632e-01 7.677423e-01 -5.606208e+00
      endloop
   endfacet
   facet normal -3.519116e-01 -2.353545e-02 9.357373e-01
      outer loop
         vertex 2.625952e-01 7.664306e-01 -5.587237e+00
         vertex 2.120632e-01 7.677423e-01 -5.606208e+00
         vertex 2.874983e-01 6.564871e-01 -5.580637e+00
      endloop
   endfacet
   facet normal -3.706843e-01 -3.804714e-02 9.279793e-01
      outer loop
         vertex 2.874983e-01 6.564871e-01 -5.580637e+00
         vertex 2.120632e-01 7.677423e-01 -5.606208e+00
         vertex 2.452781e-01 6.536628e-01 -5.597617e+00
      endloop
   endfacet
   facet normal -3.698837e-01 -4.888417e-02 9.277911e-01
      outer loop
         vertex 2.874983e-01 6.564871e-01 -5.580637e+00
         vertex 2.452781e-01 6.536628e-01 -5.597617e+00
         vertex 3.137628e-01 5.470722e-01 -5.575931e+00
      endloop
   endfacet
   facet normal -3.853943e-01 -6.027602e-02 9.207812e-01
      outer loop
         vertex 3.137628e-01 5.470722e-01 -5.575931e+00
         vertex 2.452781e-01 6.536628e-01 -5.597617e+00
         vertex 2.712891e-01 5.691013e-01 -5.592266e+00
      endloop
   endfacet
   facet normal -3.928145e-01 -7.789635e-02 9.163127e-01
      outer loop
         vertex 3.137628e-01 5.470722e-01 -5.575931e+00
         vertex 2.712891e-01 5.691013e-01 -5.592266e+00
         vertex 2.788131e-01 5.449245e-01 -5.591096e+00
      endloop
   endfacet
   facet normal -4.417923e-01 -3.345226e-02 8.964934e-01
      outer loop
         vertex 4.267517e-01 3.498718e+00 -5.592930e+00
         vertex 4.225741e-01 3.498394e+00 -5.595001e+00
         vertex 4.295251e-01 3.470864e+00 -5.592603e+00
      endloop
   endfacet
   facet normal -4.895975e-01 -4.777440e-02 8.706388e-01
      outer loop
         vertex 4.295251e-01 3.470864e+00 -5.592603e+00
         vertex 4.225741e-01 3.498394e+00 -5.595001e+00
         vertex 4.254646e-01 3.470563e+00 -5.594903e+00
      endloop
   endfacet
   facet normal -4.943510e-01 3.110694e-02 8.687056e-01
      outer loop
         vertex 4.295251e-01 3.470864e+00 -5.592603e+00
         vertex 4.254646e-01 3.470563e+00 -5.594903e+00
         vertex 4.310385e-01 3.443028e+00 -5.590745e+00
      endloop
   endfacet
   facet normal -5.720856e-01 8.039818e-03 8.201545e-01
      outer loop
         vertex 4.310385e-01 3.443028e+00 -5.590745e+00
         vertex 4.254646e-01 3.470563e+00 -5.594903e+00
         vertex 4.266839e-01 3.442700e+00 -5.593779e+00
      endloop
   endfacet
   facet normal -5.733010e-01 4.133476e-02 8.183015e-01
      outer loop
         vertex 4.310385e-01 3.443028e+00 -5.590745e+00
         vertex 4.266839e-01 3.442700e+00 -5.593779e+00
         vertex 4.267231e-01 3.437196e+00 -5.593474e+00
      endloop
   endfacet
   facet normal -2.933673e-01 3.247868e-02 9.554479e-01
      outer loop
         vertex 1.041879e-01 1.811886e+00 -5.691966e+00
         vertex 1.014346e-01 1.791223e+00 -5.692109e+00
         vertex 1.846775e-01 1.781545e+00 -5.666221e+00
      endloop
   endfacet
   facet normal -2.929288e-01 3.624714e-02 9.554469e-01
      outer loop
         vertex 1.846775e-01 1.781545e+00 -5.666221e+00
         vertex 1.014346e-01 1.791223e+00 -5.692109e+00
         vertex 9.483385e-02 1.735399e+00 -5.692015e+00
      endloop
   endfacet
   facet normal -2.930653e-01 3.654251e-02 9.553938e-01
      outer loop
         vertex 1.846775e-01 1.781545e+00 -5.666221e+00
         vertex 9.483385e-02 1.735399e+00 -5.692015e+00
         vertex 1.780281e-01 1.726380e+00 -5.666150e+00
      endloop
   endfacet
   facet normal -2.927830e-01 3.910400e-02 9.553790e-01
      outer loop
         vertex 1.780281e-01 1.726380e+00 -5.666150e+00
         vertex 9.483385e-02 1.735399e+00 -5.692015e+00
         vertex 9.099969e-02 1.695304e+00 -5.691549e+00
      endloop
   endfacet
   facet normal -2.931283e-01 4.019479e-02 9.552278e-01
      outer loop
         vertex 1.780281e-01 1.726380e+00 -5.666150e+00
         vertex 9.099969e-02 1.695304e+00 -5.691549e+00
         vertex 1.725480e-01 1.670059e+00 -5.665462e+00
      endloop
   endfacet
   facet normal -2.931908e-01 3.998262e-02 9.552176e-01
      outer loop
         vertex 1.725480e-01 1.670059e+00 -5.665462e+00
         vertex 9.099969e-02 1.695304e+00 -5.691549e+00
         vertex 8.961480e-02 1.678073e+00 -5.691253e+00
      endloop
   endfacet
   facet normal -2.931522e-01 4.036715e-02 9.552132e-01
      outer loop
         vertex 1.725480e-01 1.670059e+00 -5.665462e+00
         vertex 8.961480e-02 1.678073e+00 -5.691253e+00
         vertex 8.616890e-02 1.619495e+00 -5.689835e+00
      endloop
   endfacet
   facet normal -6.562654e-01 2.142588e-02 7.542259e-01
      outer loop
         vertex 4.195432e-01 2.754820e-02 -5.598369e+00
         vertex 4.197262e-01 -4.483242e-04 -5.597414e+00
         vertex 4.225009e-01 -2.582283e-04 -5.595006e+00
      endloop
   endfacet
   facet normal -6.025064e-01 1.050631e-01 7.911686e-01
      outer loop
         vertex 3.314738e-01 2.909086e+00 -5.578192e+00
         vertex 3.394168e-01 2.944366e+00 -5.576828e+00
         vertex 3.161755e-01 2.944203e+00 -5.594505e+00
      endloop
   endfacet
   facet normal -4.732357e-01 5.619551e-02 8.791417e-01
      outer loop
         vertex 4.623342e-02 1.797710e+00 -5.722256e+00
         vertex 1.041879e-01 1.811886e+00 -5.691966e+00
         vertex 5.293914e-02 1.846087e+00 -5.721739e+00
      endloop
   endfacet
   facet normal -4.755303e-01 5.190821e-02 8.781665e-01
      outer loop
         vertex 5.293914e-02 1.846087e+00 -5.721739e+00
         vertex 1.041879e-01 1.811886e+00 -5.691966e+00
         vertex 1.168903e-01 1.898246e+00 -5.690192e+00
      endloop
   endfacet
   facet normal -4.747358e-01 5.062909e-02 8.786709e-01
      outer loop
         vertex 5.293914e-02 1.846087e+00 -5.721739e+00
         vertex 1.168903e-01 1.898246e+00 -5.690192e+00
         vertex 6.207057e-02 1.905275e+00 -5.720216e+00
      endloop
   endfacet
   facet normal -4.765817e-01 3.518653e-02 8.784258e-01
      outer loop
         vertex 6.207057e-02 1.905275e+00 -5.720216e+00
         vertex 1.168903e-01 1.898246e+00 -5.690192e+00
         vertex 7.788204e-02 2.000217e+00 -5.715440e+00
      endloop
   endfacet
   facet normal -4.745111e-01 3.624534e-02 8.795030e-01
      outer loop
         vertex 1.168903e-01 1.898246e+00 -5.690192e+00
         vertex 1.285194e-01 1.972299e+00 -5.686970e+00
         vertex 7.788204e-02 2.000217e+00 -5.715440e+00
      endloop
   endfacet
   facet normal -4.795957e-01 2.461747e-02 8.771442e-01
      outer loop
         vertex 7.788204e-02 2.000217e+00 -5.715440e+00
         vertex 1.285194e-01 1.972299e+00 -5.686970e+00
         vertex 1.330464e-01 2.000612e+00 -5.685289e+00
      endloop
   endfacet
   facet normal -4.796317e-01 1.623419e-02 8.773197e-01
      outer loop
         vertex 7.788204e-02 2.000217e+00 -5.715440e+00
         vertex 1.330464e-01 2.000612e+00 -5.685289e+00
         vertex 9.812292e-02 2.108664e+00 -5.706382e+00
      endloop
   endfacet
   facet normal -4.794124e-01 1.632814e-02 8.774378e-01
      outer loop
         vertex 9.812292e-02 2.108664e+00 -5.706382e+00
         vertex 1.330464e-01 2.000612e+00 -5.685289e+00
         vertex 1.417149e-01 2.053039e+00 -5.681529e+00
      endloop
   endfacet
   facet normal -4.837929e-01 1.185175e-02 8.751023e-01
      outer loop
         vertex 9.812292e-02 2.108664e+00 -5.706382e+00
         vertex 1.417149e-01 2.053039e+00 -5.681529e+00
         vertex 1.505546e-01 2.102193e+00 -5.677307e+00
      endloop
   endfacet
   facet normal -6.147450e-01 9.587936e-02 7.828766e-01
      outer loop
         vertex 3.314738e-01 2.909086e+00 -5.578192e+00
         vertex 3.161755e-01 2.944203e+00 -5.594505e+00
         vertex 3.145547e-01 2.835409e+00 -5.582454e+00
      endloop
   endfacet
   facet normal -5.725386e-01 9.868891e-02 8.139165e-01
      outer loop
         vertex 3.145547e-01 2.835409e+00 -5.582454e+00
         vertex 3.161755e-01 2.944203e+00 -5.594505e+00
         vertex 2.852309e-01 2.831626e+00 -5.602623e+00
      endloop
   endfacet
   facet normal -5.715745e-01 7.337742e-02 8.172627e-01
      outer loop
         vertex 3.145547e-01 2.835409e+00 -5.582454e+00
         vertex 2.852309e-01 2.831626e+00 -5.602623e+00
         vertex 2.947668e-01 2.750509e+00 -5.588671e+00
      endloop
   endfacet
   facet normal -5.567926e-01 7.680599e-02 8.270930e-01
      outer loop
         vertex 2.947668e-01 2.750509e+00 -5.588671e+00
         vertex 2.852309e-01 2.831626e+00 -5.602623e+00
         vertex 2.455173e-01 2.689129e+00 -5.616125e+00
      endloop
   endfacet
   facet normal -5.429107e-01 6.097982e-02 8.375735e-01
      outer loop
         vertex 2.947668e-01 2.750509e+00 -5.588671e+00
         vertex 2.455173e-01 2.689129e+00 -5.616125e+00
         vertex 2.893050e-01 2.727147e+00 -5.590510e+00
      endloop
   endfacet
   facet normal -7.868795e-01 1.734166e-01 5.922393e-01
      outer loop
         vertex 4.165459e-01 3.331303e+00 -5.586264e+00
         vertex 4.087536e-01 3.322575e+00 -5.594062e+00
         vertex 4.108115e-01 3.299580e+00 -5.584594e+00
      endloop
   endfacet
   facet normal -7.640623e-01 1.859654e-01 6.177585e-01
      outer loop
         vertex 4.108115e-01 3.299580e+00 -5.584594e+00
         vertex 4.087536e-01 3.322575e+00 -5.594062e+00
         vertex 3.978212e-01 3.275204e+00 -5.593323e+00
      endloop
   endfacet
   facet normal -7.412337e-01 1.617270e-01 6.514729e-01
      outer loop
         vertex 4.108115e-01 3.299580e+00 -5.584594e+00
         vertex 3.978212e-01 3.275204e+00 -5.593323e+00
         vertex 3.927325e-01 3.205655e+00 -5.581847e+00
      endloop
   endfacet
   facet normal -6.884987e-01 1.668306e-01 7.057883e-01
      outer loop
         vertex 3.927325e-01 3.205655e+00 -5.581847e+00
         vertex 3.978212e-01 3.275204e+00 -5.593323e+00
         vertex 3.570915e-01 3.102443e+00 -5.592219e+00
      endloop
   endfacet
   facet normal -6.283106e-01 1.400717e-01 7.652488e-01
      outer loop
         vertex 3.927325e-01 3.205655e+00 -5.581847e+00
         vertex 3.570915e-01 3.102443e+00 -5.592219e+00
         vertex 3.850801e-01 3.164719e+00 -5.580638e+00
      endloop
   endfacet
   facet normal -6.558207e-01 1.574438e-01 7.383161e-01
      outer loop
         vertex 3.850801e-01 3.164719e+00 -5.580638e+00
         vertex 3.570915e-01 3.102443e+00 -5.592219e+00
         vertex 3.600144e-01 3.039238e+00 -5.576144e+00
      endloop
   endfacet
   facet normal -6.290014e-01 1.641665e-01 7.598727e-01
      outer loop
         vertex 3.600144e-01 3.039238e+00 -5.576144e+00
         vertex 3.570915e-01 3.102443e+00 -5.592219e+00
         vertex 3.448530e-01 3.053404e+00 -5.591755e+00
      endloop
   endfacet
   facet normal -6.467563e-01 1.350050e-01 7.506530e-01
      outer loop
         vertex 3.600144e-01 3.039238e+00 -5.576144e+00
         vertex 3.448530e-01 3.053404e+00 -5.591755e+00
         vertex 3.394168e-01 2.944366e+00 -5.576828e+00
      endloop
   endfacet
   facet normal -5.877102e-01 1.384253e-01 7.971419e-01
      outer loop
         vertex 3.394168e-01 2.944366e+00 -5.576828e+00
         vertex 3.448530e-01 3.053404e+00 -5.591755e+00
         vertex 3.234539e-01 2.971317e+00 -5.593277e+00
      endloop
   endfacet
   facet normal -6.011530e-01 1.256157e-01 7.891995e-01
      outer loop
         vertex 3.394168e-01 2.944366e+00 -5.576828e+00
         vertex 3.234539e-01 2.971317e+00 -5.593277e+00
         vertex 3.161755e-01 2.944203e+00 -5.594505e+00
      endloop
   endfacet
   facet normal -5.331504e-01 4.484818e-02 8.448309e-01
      outer loop
         vertex 2.893050e-01 2.727147e+00 -5.590510e+00
         vertex 2.455173e-01 2.689129e+00 -5.616125e+00
         vertex 2.628672e-01 2.614032e+00 -5.601190e+00
      endloop
   endfacet
   facet normal -5.254148e-01 4.756704e-02 8.495155e-01
      outer loop
         vertex 2.628672e-01 2.614032e+00 -5.601190e+00
         vertex 2.455173e-01 2.689129e+00 -5.616125e+00
         vertex 2.270827e-01 2.622618e+00 -5.623803e+00
      endloop
   endfacet
   facet normal -5.333947e-01 4.662301e-03 8.458536e-01
      outer loop
         vertex 2.628672e-01 2.614032e+00 -5.601190e+00
         vertex 2.270827e-01 2.622618e+00 -5.623803e+00
         vertex 2.516273e-01 2.566126e+00 -5.608013e+00
      endloop
   endfacet
   facet normal -5.196665e-01 1.297954e-02 8.542706e-01
      outer loop
         vertex 2.516273e-01 2.566126e+00 -5.608013e+00
         vertex 2.270827e-01 2.622618e+00 -5.623803e+00
         vertex 2.144007e-01 2.576762e+00 -5.630821e+00
      endloop
   endfacet
   facet normal -5.273634e-01 -2.465971e-02 8.492819e-01
      outer loop
         vertex 2.516273e-01 2.566126e+00 -5.608013e+00
         vertex 2.144007e-01 2.576762e+00 -5.630821e+00
         vertex 2.377803e-01 2.507010e+00 -5.618328e+00
      endloop
   endfacet
   facet normal -5.229162e-01 -2.266746e-02 8.520827e-01
      outer loop
         vertex 2.377803e-01 2.507010e+00 -5.618328e+00
         vertex 2.144007e-01 2.576762e+00 -5.630821e+00
         vertex 1.831617e-01 2.462084e+00 -5.653042e+00
      endloop
   endfacet
   facet normal -5.128101e-01 -3.922154e-02 8.576057e-01
      outer loop
         vertex 2.377803e-01 2.507010e+00 -5.618328e+00
         vertex 1.831617e-01 2.462084e+00 -5.653042e+00
         vertex 2.076699e-01 2.375455e+00 -5.642349e+00
      endloop
   endfacet
   facet normal -5.061328e-01 -3.683093e-02 8.616688e-01
      outer loop
         vertex 2.076699e-01 2.375455e+00 -5.642349e+00
         vertex 1.831617e-01 2.462084e+00 -5.653042e+00
         vertex 1.705905e-01 2.414469e+00 -5.662462e+00
      endloop
   endfacet
   facet normal -4.991207e-01 -2.789065e-02 8.660835e-01
      outer loop
         vertex 2.076699e-01 2.375455e+00 -5.642349e+00
         vertex 1.705905e-01 2.414469e+00 -5.662462e+00
         vertex 1.924729e-01 2.306605e+00 -5.653325e+00
      endloop
   endfacet
   facet normal -4.955604e-01 -2.699299e-02 8.681539e-01
      outer loop
         vertex 1.924729e-01 2.306605e+00 -5.653325e+00
         vertex 1.705905e-01 2.414469e+00 -5.662462e+00
         vertex 1.423245e-01 2.302821e+00 -5.682068e+00
      endloop
   endfacet
   facet normal -4.967213e-01 -9.373041e-03 8.678595e-01
      outer loop
         vertex 1.924729e-01 2.306605e+00 -5.653325e+00
         vertex 1.423245e-01 2.302821e+00 -5.682068e+00
         vertex 1.727506e-01 2.213948e+00 -5.665613e+00
      endloop
   endfacet
   facet normal -4.891334e-01 -5.973785e-03 8.721885e-01
      outer loop
         vertex 1.727506e-01 2.213948e+00 -5.665613e+00
         vertex 1.423245e-01 2.302821e+00 -5.682068e+00
         vertex 1.204632e-01 2.210856e+00 -5.694958e+00
      endloop
   endfacet
   facet normal -4.896726e-01 6.020662e-03 8.718856e-01
      outer loop
         vertex 1.727506e-01 2.213948e+00 -5.665613e+00
         vertex 1.204632e-01 2.210856e+00 -5.694958e+00
         vertex 1.505546e-01 2.102193e+00 -5.677307e+00
      endloop
   endfacet
   facet normal -4.877345e-01 6.732864e-03 8.729661e-01
      outer loop
         vertex 1.505546e-01 2.102193e+00 -5.677307e+00
         vertex 1.204632e-01 2.210856e+00 -5.694958e+00
         vertex 1.073743e-01 2.152391e+00 -5.701820e+00
      endloop
   endfacet
   facet normal -4.838695e-01 1.108489e-02 8.750699e-01
      outer loop
         vertex 1.505546e-01 2.102193e+00 -5.677307e+00
         vertex 1.073743e-01 2.152391e+00 -5.701820e+00
         vertex 9.812292e-02 2.108664e+00 -5.706382e+00
      endloop
   endfacet
   facet normal -7.045364e-01 1.089155e-02 7.095843e-01
      outer loop
         vertex 4.225009e-01 -2.582283e-04 -5.595006e+00
         vertex 4.222397e-01 2.774706e-02 -5.595695e+00
         vertex 4.195432e-01 2.754820e-02 -5.598369e+00
      endloop
   endfacet
   facet normal -7.006105e-01 -6.075064e-02 7.109531e-01
      outer loop
         vertex 4.195432e-01 2.754820e-02 -5.598369e+00
         vertex 4.222397e-01 2.774706e-02 -5.595695e+00
         vertex 4.202360e-01 5.482704e-02 -5.595355e+00
      endloop
   endfacet
   facet normal -7.638595e-01 -5.167102e-02 6.433108e-01
      outer loop
         vertex 4.195432e-01 2.754820e-02 -5.598369e+00
         vertex 4.202360e-01 5.482704e-02 -5.595355e+00
         vertex 4.172068e-01 5.582570e-02 -5.598872e+00
      endloop
   endfacet
   facet normal -7.684713e-01 -1.133794e-01 6.297595e-01
      outer loop
         vertex 4.172068e-01 5.582570e-02 -5.598872e+00
         vertex 4.202360e-01 5.482704e-02 -5.595355e+00
         vertex 4.130949e-01 8.283438e-02 -5.599027e+00
      endloop
   endfacet
   facet normal -8.011720e-01 -1.276289e-01 5.846659e-01
      outer loop
         vertex 4.130949e-01 8.283438e-02 -5.599027e+00
         vertex 4.202360e-01 5.482704e-02 -5.595355e+00
         vertex 4.164441e-01 8.314865e-02 -5.594369e+00
      endloop
   endfacet
   facet normal -7.943902e-01 -1.713454e-01 5.827391e-01
      outer loop
         vertex 4.130949e-01 8.283438e-02 -5.599027e+00
         vertex 4.164441e-01 8.314865e-02 -5.594369e+00
         vertex 4.068794e-01 1.117866e-01 -5.598987e+00
      endloop
   endfacet
   facet normal -4.880323e-01 2.602471e-02 8.724375e-01
      outer loop
         vertex 4.419440e-02 1.323004e+00 -5.701061e+00
         vertex 9.488232e-02 1.324446e+00 -5.672750e+00
         vertex 3.972457e-02 1.366597e+00 -5.704862e+00
      endloop
   endfacet
   facet normal -4.853739e-01 3.052137e-02 8.737738e-01
      outer loop
         vertex 3.972457e-02 1.366597e+00 -5.704862e+00
         vertex 9.488232e-02 1.324446e+00 -5.672750e+00
         vertex 9.015750e-02 1.382899e+00 -5.677416e+00
      endloop
   endfacet
   facet normal -4.854242e-01 3.073654e-02 8.737383e-01
      outer loop
         vertex 3.972457e-02 1.366597e+00 -5.704862e+00
         vertex 9.015750e-02 1.382899e+00 -5.677416e+00
         vertex 3.412422e-02 1.442093e+00 -5.710629e+00
      endloop
   endfacet
   facet normal -4.779759e-01 4.038573e-02 8.774440e-01
      outer loop
         vertex 3.043461e-02 1.562925e+00 -5.717444e+00
         vertex 8.495540e-02 1.579417e+00 -5.688504e+00
         vertex 3.111549e-02 1.613152e+00 -5.719385e+00
      endloop
   endfacet
   facet normal -4.763810e-01 4.358476e-02 8.781580e-01
      outer loop
         vertex 3.111549e-02 1.613152e+00 -5.719385e+00
         vertex 8.495540e-02 1.579417e+00 -5.688504e+00
         vertex 8.616890e-02 1.619495e+00 -5.689835e+00
      endloop
   endfacet
   facet normal -4.766447e-01 4.748105e-02 8.778129e-01
      outer loop
         vertex 3.111549e-02 1.613152e+00 -5.719385e+00
         vertex 8.616890e-02 1.619495e+00 -5.689835e+00
         vertex 3.457936e-02 1.683083e+00 -5.721287e+00
      endloop
   endfacet
   facet normal -4.822151e-01 3.468748e-02 8.753658e-01
      outer loop
         vertex 9.015750e-02 1.382899e+00 -5.677416e+00
         vertex 8.693632e-02 1.441508e+00 -5.681513e+00
         vertex 3.412422e-02 1.442093e+00 -5.710629e+00
      endloop
   endfacet
   facet normal -4.821723e-01 3.635503e-02 8.753218e-01
      outer loop
         vertex 3.412422e-02 1.442093e+00 -5.710629e+00
         vertex 8.693632e-02 1.441508e+00 -5.681513e+00
         vertex 8.632606e-02 1.456902e+00 -5.682488e+00
      endloop
   endfacet
   facet normal -4.816881e-01 3.395872e-02 8.756845e-01
      outer loop
         vertex 3.412422e-02 1.442093e+00 -5.710629e+00
         vertex 8.632606e-02 1.456902e+00 -5.682488e+00
         vertex 3.164856e-02 1.496652e+00 -5.714106e+00
      endloop
   endfacet
   facet normal -4.801477e-01 3.666341e-02 8.764211e-01
      outer loop
         vertex 3.164856e-02 1.496652e+00 -5.714106e+00
         vertex 8.632606e-02 1.456902e+00 -5.682488e+00
         vertex 8.508819e-02 1.500545e+00 -5.684992e+00
      endloop
   endfacet
   facet normal -4.800967e-01 3.535115e-02 8.765030e-01
      outer loop
         vertex 3.164856e-02 1.496652e+00 -5.714106e+00
         vertex 8.508819e-02 1.500545e+00 -5.684992e+00
         vertex 3.043461e-02 1.562925e+00 -5.717444e+00
      endloop
   endfacet
   facet normal -4.781473e-01 3.756533e-02 8.774760e-01
      outer loop
         vertex 3.043461e-02 1.562925e+00 -5.717444e+00
         vertex 8.508819e-02 1.500545e+00 -5.684992e+00
         vertex 8.469415e-02 1.560107e+00 -5.687757e+00
      endloop
   endfacet
   facet normal -4.779804e-01 4.040656e-02 8.774406e-01
      outer loop
         vertex 3.043461e-02 1.562925e+00 -5.717444e+00
         vertex 8.469415e-02 1.560107e+00 -5.687757e+00
         vertex 8.495540e-02 1.579417e+00 -5.688504e+00
      endloop
   endfacet
   facet normal -4.953891e-01 1.728573e-02 8.684992e-01
      outer loop
         vertex 6.116959e-02 1.204661e+00 -5.688728e+00
         vertex 1.091185e-01 1.208041e+00 -5.661446e+00
         vertex 5.537183e-02 1.239808e+00 -5.692735e+00
      endloop
   endfacet
   facet normal -4.928890e-01 2.279043e-02 8.697936e-01
      outer loop
         vertex 5.537183e-02 1.239808e+00 -5.692735e+00
         vertex 1.091185e-01 1.208041e+00 -5.661446e+00
         vertex 1.011934e-01 1.266117e+00 -5.667458e+00
      endloop
   endfacet
   facet normal -4.921156e-01 2.097880e-02 8.702771e-01
      outer loop
         vertex 5.537183e-02 1.239808e+00 -5.692735e+00
         vertex 1.011934e-01 1.266117e+00 -5.667458e+00
         vertex 4.419440e-02 1.323004e+00 -5.701061e+00
      endloop
   endfacet
   facet normal -4.880350e-01 2.633698e-02 8.724266e-01
      outer loop
         vertex 4.419440e-02 1.323004e+00 -5.701061e+00
         vertex 1.011934e-01 1.266117e+00 -5.667458e+00
         vertex 9.488232e-02 1.324446e+00 -5.672750e+00
      endloop
   endfacet
   facet normal -8.017004e-01 -1.756246e-01 5.713427e-01
      outer loop
         vertex 4.164441e-01 8.314865e-02 -5.594369e+00
         vertex 4.112920e-01 1.106618e-01 -5.593141e+00
         vertex 4.068794e-01 1.117866e-01 -5.598987e+00
      endloop
   endfacet
   facet normal -8.000407e-01 -2.014029e-01 5.651299e-01
      outer loop
         vertex 4.068794e-01 1.117866e-01 -5.598987e+00
         vertex 4.112920e-01 1.106618e-01 -5.593141e+00
         vertex 4.089159e-01 1.214869e-01 -5.592647e+00
      endloop
   endfacet
   facet normal -7.748529e-01 -2.237433e-01 5.912206e-01
      outer loop
         vertex 4.068794e-01 1.117866e-01 -5.598987e+00
         vertex 4.089159e-01 1.214869e-01 -5.592647e+00
         vertex 3.916368e-01 1.648211e-01 -5.598893e+00
      endloop
   endfacet
   facet normal -7.726992e-01 -2.224069e-01 5.945343e-01
      outer loop
         vertex 3.916368e-01 1.648211e-01 -5.598893e+00
         vertex 4.089159e-01 1.214869e-01 -5.592647e+00
         vertex 3.976338e-01 1.653556e-01 -5.590899e+00
      endloop
   endfacet
   facet normal -7.653297e-01 -2.545672e-01 5.911564e-01
      outer loop
         vertex 3.916368e-01 1.648211e-01 -5.598893e+00
         vertex 3.976338e-01 1.653556e-01 -5.590899e+00
         vertex 3.837139e-01 1.883238e-01 -5.599030e+00
      endloop
   endfacet
   facet normal -7.540728e-01 -2.406846e-01 6.111016e-01
      outer loop
         vertex 3.837139e-01 1.883238e-01 -5.599030e+00
         vertex 3.976338e-01 1.653556e-01 -5.590899e+00
         vertex 3.852242e-01 2.066648e-01 -5.589942e+00
      endloop
   endfacet
   facet normal -7.315476e-01 -2.533708e-01 6.329624e-01
      outer loop
         vertex 3.837139e-01 1.883238e-01 -5.599030e+00
         vertex 3.852242e-01 2.066648e-01 -5.589942e+00
         vertex 3.727541e-01 2.188415e-01 -5.599481e+00
      endloop
   endfacet
   facet normal -7.258666e-01 -2.377910e-01 6.454248e-01
      outer loop
         vertex 3.727541e-01 2.188415e-01 -5.599481e+00
         vertex 3.852242e-01 2.066648e-01 -5.589942e+00
         vertex 3.811378e-01 2.195166e-01 -5.589803e+00
      endloop
   endfacet
   facet normal -7.228436e-01 -2.511879e-01 6.437404e-01
      outer loop
         vertex 3.727541e-01 2.188415e-01 -5.599481e+00
         vertex 3.811378e-01 2.195166e-01 -5.589803e+00
         vertex 3.291089e-01 3.364876e-01 -5.602583e+00
      endloop
   endfacet
   facet normal -6.553495e-01 -2.123016e-01 7.248759e-01
      outer loop
         vertex 3.291089e-01 3.364876e-01 -5.602583e+00
         vertex 3.811378e-01 2.195166e-01 -5.589803e+00
         vertex 3.193925e-01 4.137896e-01 -5.588728e+00
      endloop
   endfacet
   facet normal -6.298345e-01 -2.130493e-01 7.469394e-01
      outer loop
         vertex 3.291089e-01 3.364876e-01 -5.602583e+00
         vertex 3.193925e-01 4.137896e-01 -5.588728e+00
         vertex 2.943462e-01 4.344546e-01 -5.603953e+00
      endloop
   endfacet
   facet normal -6.210990e-01 -1.931678e-01 7.595540e-01
      outer loop
         vertex 2.943462e-01 4.344546e-01 -5.603953e+00
         vertex 3.193925e-01 4.137896e-01 -5.588728e+00
         vertex 3.125956e-01 4.359096e-01 -5.588660e+00
      endloop
   endfacet
   facet normal -6.211194e-01 -1.930501e-01 7.595672e-01
      outer loop
         vertex 2.943462e-01 4.344546e-01 -5.603953e+00
         vertex 3.125956e-01 4.359096e-01 -5.588660e+00
         vertex 2.688523e-01 5.060283e-01 -5.606609e+00
      endloop
   endfacet
   facet normal -5.888344e-01 -1.647924e-01 7.912759e-01
      outer loop
         vertex 2.688523e-01 5.060283e-01 -5.606609e+00
         vertex 3.125956e-01 4.359096e-01 -5.588660e+00
         vertex 2.788131e-01 5.449245e-01 -5.591096e+00
      endloop
   endfacet
   facet normal -5.887640e-01 -1.648283e-01 7.913208e-01
      outer loop
         vertex 2.688523e-01 5.060283e-01 -5.606609e+00
         vertex 2.788131e-01 5.449245e-01 -5.591096e+00
         vertex 2.556505e-01 5.428742e-01 -5.608757e+00
      endloop
   endfacet
   facet normal -5.916592e-01 -1.457520e-01 7.929033e-01
      outer loop
         vertex 2.556505e-01 5.428742e-01 -5.608757e+00
         vertex 2.788131e-01 5.449245e-01 -5.591096e+00
         vertex 2.712891e-01 5.691013e-01 -5.592266e+00
      endloop
   endfacet
   facet normal -5.927681e-01 -1.446920e-01 7.922690e-01
      outer loop
         vertex 2.556505e-01 5.428742e-01 -5.608757e+00
         vertex 2.712891e-01 5.691013e-01 -5.592266e+00
         vertex 2.096856e-01 6.729118e-01 -5.619398e+00
      endloop
   endfacet
   facet normal -5.653268e-01 -1.222694e-01 8.157547e-01
      outer loop
         vertex 2.096856e-01 6.729118e-01 -5.619398e+00
         vertex 2.712891e-01 5.691013e-01 -5.592266e+00
         vertex 2.452781e-01 6.536628e-01 -5.597617e+00
      endloop
   endfacet
   facet normal -5.616403e-01 -1.107169e-01 8.199402e-01
      outer loop
         vertex 2.096856e-01 6.729118e-01 -5.619398e+00
         vertex 2.452781e-01 6.536628e-01 -5.597617e+00
         vertex 1.808034e-01 7.594950e-01 -5.627491e+00
      endloop
   endfacet
   facet normal -5.429277e-01 -9.524648e-02 8.343606e-01
      outer loop
         vertex 1.808034e-01 7.594950e-01 -5.627491e+00
         vertex 2.452781e-01 6.536628e-01 -5.597617e+00
         vertex 2.120632e-01 7.677423e-01 -5.606208e+00
      endloop
   endfacet
   facet normal -5.447769e-01 -8.735519e-02 8.340187e-01
      outer loop
         vertex 1.808034e-01 7.594950e-01 -5.627491e+00
         vertex 2.120632e-01 7.677423e-01 -5.606208e+00
         vertex 1.536758e-01 8.461880e-01 -5.636130e+00
      endloop
   endfacet
   facet normal -5.248611e-01 -6.698984e-02 8.485477e-01
      outer loop
         vertex 1.536758e-01 8.461880e-01 -5.636130e+00
         vertex 2.120632e-01 7.677423e-01 -5.606208e+00
         vertex 1.837721e-01 8.728544e-01 -5.615409e+00
      endloop
   endfacet
   facet normal -5.275039e-01 -6.297194e-02 8.472155e-01
      outer loop
         vertex 1.536758e-01 8.461880e-01 -5.636130e+00
         vertex 1.837721e-01 8.728544e-01 -5.615409e+00
         vertex 1.468296e-01 8.686793e-01 -5.638721e+00
      endloop
   endfacet
   facet normal -5.299850e-01 -4.013197e-02 8.470568e-01
      outer loop
         vertex 1.468296e-01 8.686793e-01 -5.638721e+00
         vertex 1.837721e-01 8.728544e-01 -5.615409e+00
         vertex 1.748588e-01 9.066474e-01 -5.619385e+00
      endloop
   endfacet
   facet normal -5.365936e-01 -3.328112e-02 8.431842e-01
      outer loop
         vertex 1.468296e-01 8.686793e-01 -5.638721e+00
         vertex 1.748588e-01 9.066474e-01 -5.619385e+00
         vertex 1.135407e-01 9.798806e-01 -5.655516e+00
      endloop
   endfacet
   facet normal -5.164541e-01 -9.968672e-03 8.562568e-01
      outer loop
         vertex 1.135407e-01 9.798806e-01 -5.655516e+00
         vertex 1.748588e-01 9.066474e-01 -5.619385e+00
         vertex 1.552717e-01 9.821771e-01 -5.630319e+00
      endloop
   endfacet
   facet normal -5.169841e-01 2.575696e-03 8.559911e-01
      outer loop
         vertex 1.135407e-01 9.798806e-01 -5.655516e+00
         vertex 1.552717e-01 9.821771e-01 -5.630319e+00
         vertex 8.492910e-02 1.088814e+00 -5.673124e+00
      endloop
   endfacet
   facet normal -5.067536e-01 1.174054e-02 8.620110e-01
      outer loop
         vertex 8.492910e-02 1.088814e+00 -5.673124e+00
         vertex 1.552717e-01 9.821771e-01 -5.630319e+00
         vertex 1.345210e-01 1.070361e+00 -5.643719e+00
      endloop
   endfacet
   facet normal -5.070011e-01 1.086185e-02 8.618769e-01
      outer loop
         vertex 8.492910e-02 1.088814e+00 -5.673124e+00
         vertex 1.345210e-01 1.070361e+00 -5.643719e+00
         vertex 7.889493e-02 1.115169e+00 -5.677006e+00
      endloop
   endfacet
   facet normal -5.026620e-01 1.804458e-02 8.642947e-01
      outer loop
         vertex 7.889493e-02 1.115169e+00 -5.677006e+00
         vertex 1.345210e-01 1.070361e+00 -5.643719e+00
         vertex 1.186245e-01 1.150435e+00 -5.654636e+00
      endloop
   endfacet
   facet normal -5.002064e-01 1.433103e-02 8.657876e-01
      outer loop
         vertex 7.889493e-02 1.115169e+00 -5.677006e+00
         vertex 1.186245e-01 1.150435e+00 -5.654636e+00
         vertex 6.116959e-02 1.204661e+00 -5.688728e+00
      endloop
   endfacet
   facet normal -4.956359e-01 2.074230e-02 8.682827e-01
      outer loop
         vertex 6.116959e-02 1.204661e+00 -5.688728e+00
         vertex 1.186245e-01 1.150435e+00 -5.654636e+00
         vertex 1.112583e-01 1.194164e+00 -5.659886e+00
      endloop
   endfacet
   facet normal -4.955598e-01 2.119430e-02 8.683152e-01
      outer loop
         vertex 6.116959e-02 1.204661e+00 -5.688728e+00
         vertex 1.112583e-01 1.194164e+00 -5.659886e+00
         vertex 1.091185e-01 1.208041e+00 -5.661446e+00
      endloop
   endfacet
   facet normal -6.522400e-01 -6.507341e-02 7.552142e-01
      outer loop
         vertex 4.225741e-01 3.498394e+00 -5.595001e+00
         vertex 4.198017e-01 3.498199e+00 -5.597412e+00
         vertex 4.254646e-01 3.470563e+00 -5.594903e+00
      endloop
   endfacet
   facet normal -7.001585e-01 -7.903409e-02 7.095997e-01
      outer loop
         vertex 4.254646e-01 3.470563e+00 -5.594903e+00
         vertex 4.198017e-01 3.498199e+00 -5.597412e+00
         vertex 4.227695e-01 3.470385e+00 -5.597582e+00
      endloop
   endfacet
   facet normal -7.049061e-01 -2.243150e-03 7.092970e-01
      outer loop
         vertex 4.254646e-01 3.470563e+00 -5.594903e+00
         vertex 4.227695e-01 3.470385e+00 -5.597582e+00
         vertex 4.266839e-01 3.442700e+00 -5.593779e+00
      endloop
   endfacet
   facet normal -7.600112e-01 -1.822610e-02 6.496544e-01
      outer loop
         vertex 4.266839e-01 3.442700e+00 -5.593779e+00
         vertex 4.227695e-01 3.470385e+00 -5.597582e+00
         vertex 4.237856e-01 3.439452e+00 -5.597261e+00
      endloop
   endfacet
   facet normal -7.813892e-01 2.903513e-02 6.233682e-01
      outer loop
         vertex 4.266839e-01 3.442700e+00 -5.593779e+00
         vertex 4.237856e-01 3.439452e+00 -5.597261e+00
         vertex 4.267231e-01 3.437196e+00 -5.593474e+00
      endloop
   endfacet
   facet normal -7.769957e-01 4.262994e-02 6.280609e-01
      outer loop
         vertex 4.267231e-01 3.437196e+00 -5.593474e+00
         vertex 4.237856e-01 3.439452e+00 -5.597261e+00
         vertex 4.228677e-01 3.414613e+00 -5.596710e+00
      endloop
   endfacet
   facet normal -8.661945e-01 7.711391e-02 4.937212e-01
      outer loop
         vertex 4.267231e-01 3.437196e+00 -5.593474e+00
         vertex 4.228677e-01 3.414613e+00 -5.596710e+00
         vertex 4.242011e-01 3.386969e+00 -5.590053e+00
      endloop
   endfacet
   facet normal -8.205260e-01 9.611314e-02 5.634707e-01
      outer loop
         vertex 4.242011e-01 3.386969e+00 -5.590053e+00
         vertex 4.228677e-01 3.414613e+00 -5.596710e+00
         vertex 4.201514e-01 3.386718e+00 -5.595908e+00
      endloop
   endfacet
   facet normal -8.182230e-01 1.277903e-01 5.605183e-01
      outer loop
         vertex 4.242011e-01 3.386969e+00 -5.590053e+00
         vertex 4.201514e-01 3.386718e+00 -5.595908e+00
         vertex 4.230701e-01 3.376339e+00 -5.589281e+00
      endloop
   endfacet
   facet normal -8.210147e-01 1.248196e-01 5.570950e-01
      outer loop
         vertex 4.230701e-01 3.376339e+00 -5.589281e+00
         vertex 4.201514e-01 3.386718e+00 -5.595908e+00
         vertex 4.195088e-01 3.381817e+00 -5.595757e+00
      endloop
   endfacet
   facet normal -8.044403e-01 1.549488e-01 5.734689e-01
      outer loop
         vertex 4.230701e-01 3.376339e+00 -5.589281e+00
         vertex 4.195088e-01 3.381817e+00 -5.595757e+00
         vertex 4.165459e-01 3.331303e+00 -5.586264e+00
      endloop
   endfacet
   facet normal -7.931115e-01 1.571027e-01 5.884666e-01
      outer loop
         vertex 4.165459e-01 3.331303e+00 -5.586264e+00
         vertex 4.195088e-01 3.381817e+00 -5.595757e+00
         vertex 4.105406e-01 3.330954e+00 -5.594265e+00
      endloop
   endfacet
   facet normal -7.901154e-01 1.826816e-01 5.851026e-01
      outer loop
         vertex 4.165459e-01 3.331303e+00 -5.586264e+00
         vertex 4.105406e-01 3.330954e+00 -5.594265e+00
         vertex 4.087536e-01 3.322575e+00 -5.594062e+00
      endloop
   endfacet
   facet normal -4.749989e-01 4.921024e-02 8.786094e-01
      outer loop
         vertex 8.616890e-02 1.619495e+00 -5.689835e+00
         vertex 8.961480e-02 1.678073e+00 -5.691253e+00
         vertex 3.457936e-02 1.683083e+00 -5.721287e+00
      endloop
   endfacet
   facet normal -4.746159e-01 5.324703e-02 8.785810e-01
      outer loop
         vertex 3.457936e-02 1.683083e+00 -5.721287e+00
         vertex 8.961480e-02 1.678073e+00 -5.691253e+00
         vertex 9.099969e-02 1.695304e+00 -5.691549e+00
      endloop
   endfacet
   facet normal -4.746995e-01 5.382960e-02 8.785003e-01
      outer loop
         vertex 3.457936e-02 1.683083e+00 -5.721287e+00
         vertex 9.099969e-02 1.695304e+00 -5.691549e+00
         vertex 3.886238e-02 1.733522e+00 -5.722063e+00
      endloop
   endfacet
   facet normal -4.737130e-01 5.551667e-02 8.789277e-01
      outer loop
         vertex 3.886238e-02 1.733522e+00 -5.722063e+00
         vertex 9.099969e-02 1.695304e+00 -5.691549e+00
         vertex 9.483385e-02 1.735399e+00 -5.692015e+00
      endloop
   endfacet
   facet normal -4.737120e-01 5.704449e-02 8.788304e-01
      outer loop
         vertex 3.886238e-02 1.733522e+00 -5.722063e+00
         vertex 9.483385e-02 1.735399e+00 -5.692015e+00
         vertex 4.623342e-02 1.797710e+00 -5.722256e+00
      endloop
   endfacet
   facet normal -4.733126e-01 5.744772e-02 8.790193e-01
      outer loop
         vertex 4.623342e-02 1.797710e+00 -5.722256e+00
         vertex 9.483385e-02 1.735399e+00 -5.692015e+00
         vertex 1.014346e-01 1.791223e+00 -5.692109e+00
      endloop
   endfacet
   facet normal -4.733666e-01 5.699091e-02 8.790200e-01
      outer loop
         vertex 4.623342e-02 1.797710e+00 -5.722256e+00
         vertex 1.014346e-01 1.791223e+00 -5.692109e+00
         vertex 1.041879e-01 1.811886e+00 -5.691966e+00
      endloop
   endfacet
   facet normal -8.494631e-01 1.165347e-01 5.146184e-01
      outer loop
         vertex 7.993299e-02 2.112945e+00 -5.737582e+00
         vertex 6.040851e-02 2.011258e+00 -5.746784e+00
         vertex 7.788204e-02 2.000217e+00 -5.715440e+00
      endloop
   endfacet
   facet normal -8.496990e-01 1.156333e-01 5.144323e-01
      outer loop
         vertex 7.788204e-02 2.000217e+00 -5.715440e+00
         vertex 6.040851e-02 2.011258e+00 -5.746784e+00
         vertex 6.207057e-02 1.905275e+00 -5.720216e+00
      endloop
   endfacet
   facet normal -8.494910e-01 1.157178e-01 5.147566e-01
      outer loop
         vertex 6.207057e-02 1.905275e+00 -5.720216e+00
         vertex 6.040851e-02 2.011258e+00 -5.746784e+00
         vertex 4.298583e-02 1.908496e+00 -5.752435e+00
      endloop
   endfacet
   facet normal -8.491929e-01 1.177639e-01 5.147846e-01
      outer loop
         vertex 6.207057e-02 1.905275e+00 -5.720216e+00
         vertex 4.298583e-02 1.908496e+00 -5.752435e+00
         vertex 5.293914e-02 1.846087e+00 -5.721739e+00
      endloop
   endfacet
   facet normal -8.515033e-01 1.157388e-01 5.114163e-01
      outer loop
         vertex 5.293914e-02 1.846087e+00 -5.721739e+00
         vertex 4.298583e-02 1.908496e+00 -5.752435e+00
         vertex 2.694577e-02 1.800094e+00 -5.754609e+00
      endloop
   endfacet
   facet normal -8.498474e-01 1.122942e-01 5.149265e-01
      outer loop
         vertex 5.293914e-02 1.846087e+00 -5.721739e+00
         vertex 2.694577e-02 1.800094e+00 -5.754609e+00
         vertex 4.623342e-02 1.797710e+00 -5.722256e+00
      endloop
   endfacet
   facet normal -9.436523e-01 2.216127e-01 2.457807e-01
      outer loop
         vertex 3.978212e-01 3.275204e+00 -5.593323e+00
         vertex 4.087536e-01 3.322575e+00 -5.594062e+00
         vertex 4.084304e-01 3.330945e+00 -5.602850e+00
      endloop
   endfacet
   facet normal -9.498598e-01 2.082242e-01 2.332576e-01
      outer loop
         vertex 4.084304e-01 3.330945e+00 -5.602850e+00
         vertex 4.087536e-01 3.322575e+00 -5.594062e+00
         vertex 4.105406e-01 3.330954e+00 -5.594265e+00
      endloop
   endfacet
   facet normal -9.563486e-01 1.738534e-01 2.348880e-01
      outer loop
         vertex 4.084304e-01 3.330945e+00 -5.602850e+00
         vertex 4.105406e-01 3.330954e+00 -5.594265e+00
         vertex 4.187291e-01 3.386706e+00 -5.602190e+00
      endloop
   endfacet
   facet normal -9.379384e-01 2.237976e-01 2.649267e-01
      outer loop
         vertex 4.084304e-01 3.330945e+00 -5.602850e+00
         vertex 3.948748e-01 3.275163e+00 -5.603719e+00
         vertex 3.978212e-01 3.275204e+00 -5.593323e+00
      endloop
   endfacet
   facet normal -9.374010e-01 2.262281e-01 2.647645e-01
      outer loop
         vertex 3.978212e-01 3.275204e+00 -5.593323e+00
         vertex 3.948748e-01 3.275163e+00 -5.603719e+00
         vertex 3.670916e-01 3.163660e+00 -5.606812e+00
      endloop
   endfacet
   facet normal -9.309201e-01 2.213280e-01 2.905197e-01
      outer loop
         vertex 3.978212e-01 3.275204e+00 -5.593323e+00
         vertex 3.670916e-01 3.163660e+00 -5.606812e+00
         vertex 3.570915e-01 3.102443e+00 -5.592219e+00
      endloop
   endfacet
   facet normal -9.071998e-01 2.318782e-01 3.510286e-01
      outer loop
         vertex 3.570915e-01 3.102443e+00 -5.592219e+00
         vertex 3.670916e-01 3.163660e+00 -5.606812e+00
         vertex 3.384288e-01 3.053596e+00 -5.608184e+00
      endloop
   endfacet
   facet normal -8.944057e-01 2.320538e-01 3.823474e-01
      outer loop
         vertex 3.079960e-01 2.945019e+00 -5.613477e+00
         vertex 3.234539e-01 2.971317e+00 -5.593277e+00
         vertex 3.384288e-01 3.053596e+00 -5.608184e+00
      endloop
   endfacet
   facet normal -9.055722e-01 2.294535e-01 3.567775e-01
      outer loop
         vertex 3.384288e-01 3.053596e+00 -5.608184e+00
         vertex 3.234539e-01 2.971317e+00 -5.593277e+00
         vertex 3.448530e-01 3.053404e+00 -5.591755e+00
      endloop
   endfacet
   facet normal -9.055882e-01 2.293818e-01 3.567829e-01
      outer loop
         vertex 3.384288e-01 3.053596e+00 -5.608184e+00
         vertex 3.448530e-01 3.053404e+00 -5.591755e+00
         vertex 3.570915e-01 3.102443e+00 -5.592219e+00
      endloop
   endfacet
   facet normal -8.510546e-01 1.160667e-01 5.120884e-01
      outer loop
         vertex 7.788204e-02 2.000217e+00 -5.715440e+00
         vertex 9.812292e-02 2.108664e+00 -5.706382e+00
         vertex 7.993299e-02 2.112945e+00 -5.737582e+00
      endloop
   endfacet
   facet normal -8.493601e-01 1.262358e-01 5.124958e-01
      outer loop
         vertex 7.993299e-02 2.112945e+00 -5.737582e+00
         vertex 9.812292e-02 2.108664e+00 -5.706382e+00
         vertex 1.073743e-01 2.152391e+00 -5.701820e+00
      endloop
   endfacet
   facet normal -8.506618e-01 1.299484e-01 5.093997e-01
      outer loop
         vertex 7.993299e-02 2.112945e+00 -5.737582e+00
         vertex 1.073743e-01 2.152391e+00 -5.701820e+00
         vertex 1.029962e-01 2.215659e+00 -5.725271e+00
      endloop
   endfacet
   facet normal -8.499746e-01 1.303798e-01 5.104354e-01
      outer loop
         vertex 1.029962e-01 2.215659e+00 -5.725271e+00
         vertex 1.073743e-01 2.152391e+00 -5.701820e+00
         vertex 1.204632e-01 2.210856e+00 -5.694958e+00
      endloop
   endfacet
   facet normal -8.497911e-01 1.313713e-01 5.104867e-01
      outer loop
         vertex 1.029962e-01 2.215659e+00 -5.725271e+00
         vertex 1.204632e-01 2.210856e+00 -5.694958e+00
         vertex 1.281557e-01 2.317906e+00 -5.709701e+00
      endloop
   endfacet
   facet normal -8.512696e-01 1.311455e-01 5.080757e-01
      outer loop
         vertex 1.281557e-01 2.317906e+00 -5.709701e+00
         vertex 1.204632e-01 2.210856e+00 -5.694958e+00
         vertex 1.423245e-01 2.302821e+00 -5.682068e+00
      endloop
   endfacet
   facet normal -8.522130e-01 1.285678e-01 5.071522e-01
      outer loop
         vertex 1.281557e-01 2.317906e+00 -5.709701e+00
         vertex 1.423245e-01 2.302821e+00 -5.682068e+00
         vertex 1.550446e-01 2.419803e+00 -5.690349e+00
      endloop
   endfacet
   facet normal -8.555501e-01 1.285313e-01 5.015115e-01
      outer loop
         vertex 1.550446e-01 2.419803e+00 -5.690349e+00
         vertex 1.423245e-01 2.302821e+00 -5.682068e+00
         vertex 1.705905e-01 2.414469e+00 -5.662462e+00
      endloop
   endfacet
   facet normal -8.548289e-01 1.321479e-01 5.018012e-01
      outer loop
         vertex 1.550446e-01 2.419803e+00 -5.690349e+00
         vertex 1.705905e-01 2.414469e+00 -5.662462e+00
         vertex 1.837912e-01 2.522340e+00 -5.668382e+00
      endloop
   endfacet
   facet normal -8.646360e-01 1.324060e-01 4.846372e-01
      outer loop
         vertex 1.837912e-01 2.522340e+00 -5.668382e+00
         vertex 1.705905e-01 2.414469e+00 -5.662462e+00
         vertex 1.831617e-01 2.462084e+00 -5.653042e+00
      endloop
   endfacet
   facet normal -8.459491e-01 1.398389e-01 5.146020e-01
      outer loop
         vertex 1.837912e-01 2.522340e+00 -5.668382e+00
         vertex 1.831617e-01 2.462084e+00 -5.653042e+00
         vertex 1.988048e-01 2.574121e+00 -5.657772e+00
      endloop
   endfacet
   facet normal -8.628144e-01 1.409638e-01 4.854693e-01
      outer loop
         vertex 1.988048e-01 2.574121e+00 -5.657772e+00
         vertex 1.831617e-01 2.462084e+00 -5.653042e+00
         vertex 2.144007e-01 2.576762e+00 -5.630821e+00
      endloop
   endfacet
   facet normal -8.601710e-01 1.689929e-01 4.811935e-01
      outer loop
         vertex 1.988048e-01 2.574121e+00 -5.657772e+00
         vertex 2.144007e-01 2.576762e+00 -5.630821e+00
         vertex 2.140790e-01 2.626260e+00 -5.648779e+00
      endloop
   endfacet
   facet normal -8.644542e-01 1.664803e-01 4.743450e-01
      outer loop
         vertex 2.140790e-01 2.626260e+00 -5.648779e+00
         vertex 2.144007e-01 2.576762e+00 -5.630821e+00
         vertex 2.270827e-01 2.622618e+00 -5.623803e+00
      endloop
   endfacet
   facet normal -8.585948e-01 1.925941e-01 4.751026e-01
      outer loop
         vertex 2.140790e-01 2.626260e+00 -5.648779e+00
         vertex 2.270827e-01 2.622618e+00 -5.623803e+00
         vertex 2.450752e-01 2.731415e+00 -5.635391e+00
      endloop
   endfacet
   facet normal -8.764959e-01 1.919729e-01 4.414764e-01
      outer loop
         vertex 2.450752e-01 2.731415e+00 -5.635391e+00
         vertex 2.270827e-01 2.622618e+00 -5.623803e+00
         vertex 2.455173e-01 2.689129e+00 -5.616125e+00
      endloop
   endfacet
   facet normal -8.613180e-01 2.031588e-01 4.656800e-01
      outer loop
         vertex 2.450752e-01 2.731415e+00 -5.635391e+00
         vertex 2.455173e-01 2.689129e+00 -5.616125e+00
         vertex 2.765817e-01 2.837666e+00 -5.623470e+00
      endloop
   endfacet
   facet normal -8.814781e-01 2.053748e-01 4.252265e-01
      outer loop
         vertex 2.765817e-01 2.837666e+00 -5.623470e+00
         vertex 2.455173e-01 2.689129e+00 -5.616125e+00
         vertex 2.852309e-01 2.831626e+00 -5.602623e+00
      endloop
   endfacet
   facet normal -8.777631e-01 2.171000e-01 4.270825e-01
      outer loop
         vertex 2.765817e-01 2.837666e+00 -5.623470e+00
         vertex 2.852309e-01 2.831626e+00 -5.602623e+00
         vertex 3.079960e-01 2.945019e+00 -5.613477e+00
      endloop
   endfacet
   facet normal -8.929665e-01 2.170194e-01 3.943518e-01
      outer loop
         vertex 3.079960e-01 2.945019e+00 -5.613477e+00
         vertex 2.852309e-01 2.831626e+00 -5.602623e+00
         vertex 3.161755e-01 2.944203e+00 -5.594505e+00
      endloop
   endfacet
   facet normal -8.919531e-01 2.215764e-01 3.941110e-01
      outer loop
         vertex 3.079960e-01 2.945019e+00 -5.613477e+00
         vertex 3.161755e-01 2.944203e+00 -5.594505e+00
         vertex 3.234539e-01 2.971317e+00 -5.593277e+00
      endloop
   endfacet
   facet normal -9.366698e-01 1.029699e-02 3.500622e-01
      outer loop
         vertex 4.187584e-01 -5.959399e-04 -5.600000e+00
         vertex 4.197262e-01 -4.483242e-04 -5.597414e+00
         vertex 4.186031e-01 2.738747e-02 -5.601238e+00
      endloop
   endfacet
   facet normal -9.503623e-01 4.393947e-03 3.111144e-01
      outer loop
         vertex 4.186031e-01 2.738747e-02 -5.601238e+00
         vertex 4.197262e-01 -4.483242e-04 -5.597414e+00
         vertex 4.195432e-01 2.754820e-02 -5.598369e+00
      endloop
   endfacet
   facet normal -9.472856e-01 -6.398310e-02 3.139366e-01
      outer loop
         vertex 4.186031e-01 2.738747e-02 -5.601238e+00
         vertex 4.195432e-01 2.754820e-02 -5.598369e+00
         vertex 4.162643e-01 5.507168e-02 -5.602653e+00
      endloop
   endfacet
   facet normal -9.639565e-01 -7.510544e-02 2.552392e-01
      outer loop
         vertex 4.162643e-01 5.507168e-02 -5.602653e+00
         vertex 4.195432e-01 2.754820e-02 -5.598369e+00
         vertex 4.172068e-01 5.582570e-02 -5.598872e+00
      endloop
   endfacet
   facet normal -9.543609e-01 -1.372645e-01 2.652429e-01
      outer loop
         vertex 4.162643e-01 5.507168e-02 -5.602653e+00
         vertex 4.172068e-01 5.582570e-02 -5.598872e+00
         vertex 4.119278e-01 8.257006e-02 -5.604026e+00
      endloop
   endfacet
   facet normal -9.617795e-01 -1.450917e-01 2.322254e-01
      outer loop
         vertex 4.119278e-01 8.257006e-02 -5.604026e+00
         vertex 4.172068e-01 5.582570e-02 -5.598872e+00
         vertex 4.130949e-01 8.283438e-02 -5.599027e+00
      endloop
   endfacet
   facet normal -9.514969e-01 -2.011537e-01 2.327891e-01
      outer loop
         vertex 4.119278e-01 8.257006e-02 -5.604026e+00
         vertex 4.130949e-01 8.283438e-02 -5.599027e+00
         vertex 4.058367e-01 1.099420e-01 -5.605270e+00
      endloop
   endfacet
   facet normal -9.540273e-01 -2.051124e-01 2.185423e-01
      outer loop
         vertex 4.058367e-01 1.099420e-01 -5.605270e+00
         vertex 4.130949e-01 8.283438e-02 -5.599027e+00
         vertex 4.068794e-01 1.117866e-01 -5.598987e+00
      endloop
   endfacet
   facet normal -9.339109e-01 -2.700530e-01 2.342686e-01
      outer loop
         vertex 4.058367e-01 1.099420e-01 -5.605270e+00
         vertex 4.068794e-01 1.117866e-01 -5.598987e+00
         vertex 3.895484e-01 1.643611e-01 -5.607472e+00
      endloop
   endfacet
   facet normal -9.325499e-01 -2.684496e-01 2.414241e-01
      outer loop
         vertex 4.068794e-01 1.117866e-01 -5.598987e+00
         vertex 3.916368e-01 1.648211e-01 -5.598893e+00
         vertex 3.895484e-01 1.643611e-01 -5.607472e+00
      endloop
   endfacet
   facet normal -9.201948e-01 -3.088087e-01 2.405800e-01
      outer loop
         vertex 3.895484e-01 1.643611e-01 -5.607472e+00
         vertex 3.916368e-01 1.648211e-01 -5.598893e+00
         vertex 3.837139e-01 1.883238e-01 -5.599030e+00
      endloop
   endfacet
   facet normal -9.058032e-01 -3.188492e-01 2.790266e-01
      outer loop
         vertex 3.895484e-01 1.643611e-01 -5.607472e+00
         vertex 3.837139e-01 1.883238e-01 -5.599030e+00
         vertex 3.698331e-01 2.182745e-01 -5.609866e+00
      endloop
   endfacet
   facet normal -9.067769e-01 -3.216233e-01 2.726061e-01
      outer loop
         vertex 3.837139e-01 1.883238e-01 -5.599030e+00
         vertex 3.727541e-01 2.188415e-01 -5.599481e+00
         vertex 3.698331e-01 2.182745e-01 -5.609866e+00
      endloop
   endfacet
   facet normal -9.044473e-01 -3.283560e-01 2.723185e-01
      outer loop
         vertex 3.698331e-01 2.182745e-01 -5.609866e+00
         vertex 3.727541e-01 2.188415e-01 -5.599481e+00
         vertex 3.291089e-01 3.364876e-01 -5.602583e+00
      endloop
   endfacet
   facet normal -8.977948e-01 -3.274330e-01 2.945370e-01
      outer loop
         vertex 3.698331e-01 2.182745e-01 -5.609866e+00
         vertex 3.291089e-01 3.364876e-01 -5.602583e+00
         vertex 2.879843e-01 4.332541e-01 -5.620364e+00
      endloop
   endfacet
   facet normal -8.795704e-01 -3.070268e-01 3.634426e-01
      outer loop
         vertex 2.879843e-01 4.332541e-01 -5.620364e+00
         vertex 3.291089e-01 3.364876e-01 -5.602583e+00
         vertex 2.943462e-01 4.344546e-01 -5.603953e+00
      endloop
   endfacet
   facet normal -8.802312e-01 -3.049985e-01 3.635504e-01
      outer loop
         vertex 2.879843e-01 4.332541e-01 -5.620364e+00
         vertex 2.943462e-01 4.344546e-01 -5.603953e+00
         vertex 2.475804e-01 5.411054e-01 -5.627709e+00
      endloop
   endfacet
   facet normal -8.603768e-01 -1.923894e-01 4.719513e-01
      outer loop
         vertex 1.339718e-01 8.648124e-01 -5.663737e+00
         vertex 1.468296e-01 8.686793e-01 -5.638721e+00
         vertex 1.000178e-01 9.726936e-01 -5.681659e+00
      endloop
   endfacet
   facet normal -8.523313e-01 -1.810422e-01 4.906679e-01
      outer loop
         vertex 1.000178e-01 9.726936e-01 -5.681659e+00
         vertex 1.468296e-01 8.686793e-01 -5.638721e+00
         vertex 1.135407e-01 9.798806e-01 -5.655516e+00
      endloop
   endfacet
   facet normal -8.730403e-01 -2.966058e-01 3.870732e-01
      outer loop
         vertex 2.943462e-01 4.344546e-01 -5.603953e+00
         vertex 2.688523e-01 5.060283e-01 -5.606609e+00
         vertex 2.475804e-01 5.411054e-01 -5.627709e+00
      endloop
   endfacet
   facet normal -8.708344e-01 -2.888317e-01 3.977734e-01
      outer loop
         vertex 2.475804e-01 5.411054e-01 -5.627709e+00
         vertex 2.688523e-01 5.060283e-01 -5.606609e+00
         vertex 2.556505e-01 5.428742e-01 -5.608757e+00
      endloop
   endfacet
   facet normal -8.721290e-01 -2.846713e-01 3.979363e-01
      outer loop
         vertex 2.475804e-01 5.411054e-01 -5.627709e+00
         vertex 2.556505e-01 5.428742e-01 -5.608757e+00
         vertex 2.075513e-01 6.484963e-01 -5.638613e+00
      endloop
   endfacet
   facet normal -8.591330e-01 -2.680037e-01 4.359638e-01
      outer loop
         vertex 2.075513e-01 6.484963e-01 -5.638613e+00
         vertex 2.556505e-01 5.428742e-01 -5.608757e+00
         vertex 2.096856e-01 6.729118e-01 -5.619398e+00
      endloop
   endfacet
   facet normal -8.674698e-01 -2.586296e-01 4.249786e-01
      outer loop
         vertex 2.075513e-01 6.484963e-01 -5.638613e+00
         vertex 2.096856e-01 6.729118e-01 -5.619398e+00
         vertex 1.694515e-01 7.563750e-01 -5.650731e+00
      endloop
   endfacet
   facet normal -8.580630e-01 -2.439967e-01 4.518778e-01
      outer loop
         vertex 1.694515e-01 7.563750e-01 -5.650731e+00
         vertex 2.096856e-01 6.729118e-01 -5.619398e+00
         vertex 1.808034e-01 7.594950e-01 -5.627491e+00
      endloop
   endfacet
   facet normal -8.624558e-01 -2.279895e-01 4.518747e-01
      outer loop
         vertex 1.694515e-01 7.563750e-01 -5.650731e+00
         vertex 1.808034e-01 7.594950e-01 -5.627491e+00
         vertex 1.339718e-01 8.648124e-01 -5.663737e+00
      endloop
   endfacet
   facet normal -8.582647e-01 -2.224765e-01 4.624780e-01
      outer loop
         vertex 1.339718e-01 8.648124e-01 -5.663737e+00
         vertex 1.808034e-01 7.594950e-01 -5.627491e+00
         vertex 1.536758e-01 8.461880e-01 -5.636130e+00
      endloop
   endfacet
   facet normal -8.569054e-01 -2.064250e-01 4.723366e-01
      outer loop
         vertex 1.339718e-01 8.648124e-01 -5.663737e+00
         vertex 1.536758e-01 8.461880e-01 -5.636130e+00
         vertex 1.468296e-01 8.686793e-01 -5.638721e+00
      endloop
   endfacet
   facet normal -9.308228e-01 -1.014622e-01 3.511044e-01
      outer loop
         vertex 4.198017e-01 3.498199e+00 -5.597412e+00
         vertex 4.188295e-01 3.498164e+00 -5.600000e+00
         vertex 4.227695e-01 3.470385e+00 -5.597582e+00
      endloop
   endfacet
   facet normal -9.442012e-01 -1.068011e-01 3.115728e-01
      outer loop
         vertex 4.227695e-01 3.470385e+00 -5.597582e+00
         vertex 4.188295e-01 3.498164e+00 -5.600000e+00
         vertex 4.218237e-01 3.470361e+00 -5.600456e+00
      endloop
   endfacet
   facet normal -9.494628e-01 -2.794468e-02 3.126333e-01
      outer loop
         vertex 4.227695e-01 3.470385e+00 -5.597582e+00
         vertex 4.218237e-01 3.470361e+00 -5.600456e+00
         vertex 4.237856e-01 3.439452e+00 -5.597261e+00
      endloop
   endfacet
   facet normal -9.737147e-01 -3.859771e-02 2.244768e-01
      outer loop
         vertex 4.237856e-01 3.439452e+00 -5.597261e+00
         vertex 4.218237e-01 3.470361e+00 -5.600456e+00
         vertex 4.227791e-01 3.442490e+00 -5.601104e+00
      endloop
   endfacet
   facet normal -9.579741e-01 4.168930e-02 2.838092e-01
      outer loop
         vertex 4.237856e-01 3.439452e+00 -5.597261e+00
         vertex 4.227791e-01 3.442490e+00 -5.601104e+00
         vertex 4.228677e-01 3.414613e+00 -5.596710e+00
      endloop
   endfacet
   facet normal -9.729543e-01 3.294518e-02 2.286363e-01
      outer loop
         vertex 4.228677e-01 3.414613e+00 -5.596710e+00
         vertex 4.227791e-01 3.442490e+00 -5.601104e+00
         vertex 4.216915e-01 3.414597e+00 -5.601713e+00
      endloop
   endfacet
   facet normal -9.685683e-01 1.008564e-01 2.273839e-01
      outer loop
         vertex 4.228677e-01 3.414613e+00 -5.596710e+00
         vertex 4.216915e-01 3.414597e+00 -5.601713e+00
         vertex 4.201514e-01 3.386718e+00 -5.595908e+00
      endloop
   endfacet
   facet normal -9.705363e-01 9.932931e-02 2.195292e-01
      outer loop
         vertex 4.201514e-01 3.386718e+00 -5.595908e+00
         vertex 4.216915e-01 3.414597e+00 -5.601713e+00
         vertex 4.187291e-01 3.386706e+00 -5.602190e+00
      endloop
   endfacet
   facet normal -9.666432e-01 1.334958e-01 2.185858e-01
      outer loop
         vertex 4.201514e-01 3.386718e+00 -5.595908e+00
         vertex 4.187291e-01 3.386706e+00 -5.602190e+00
         vertex 4.195088e-01 3.381817e+00 -5.595757e+00
      endloop
   endfacet
   facet normal -9.526132e-01 1.752572e-01 2.486223e-01
      outer loop
         vertex 4.195088e-01 3.381817e+00 -5.595757e+00
         vertex 4.187291e-01 3.386706e+00 -5.602190e+00
         vertex 4.105406e-01 3.330954e+00 -5.594265e+00
      endloop
   endfacet
   facet normal -8.514577e-01 9.932725e-02 5.149309e-01
      outer loop
         vertex 4.623342e-02 1.797710e+00 -5.722256e+00
         vertex 2.694577e-02 1.800094e+00 -5.754609e+00
         vertex 3.886238e-02 1.733522e+00 -5.722063e+00
      endloop
   endfacet
   facet normal -8.504955e-01 1.001939e-01 5.163513e-01
      outer loop
         vertex 3.886238e-02 1.733522e+00 -5.722063e+00
         vertex 2.694577e-02 1.800094e+00 -5.754609e+00
         vertex 2.032419e-02 1.743112e+00 -5.754459e+00
      endloop
   endfacet
   facet normal -8.546686e-01 8.046825e-02 5.129001e-01
      outer loop
         vertex 3.886238e-02 1.733522e+00 -5.722063e+00
         vertex 2.032419e-02 1.743112e+00 -5.754459e+00
         vertex 3.457936e-02 1.683083e+00 -5.721287e+00
      endloop
   endfacet
   facet normal -8.537506e-01 8.144495e-02 5.142730e-01
      outer loop
         vertex 3.457936e-02 1.683083e+00 -5.721287e+00
         vertex 2.032419e-02 1.743112e+00 -5.754459e+00
         vertex 1.528315e-02 1.684324e+00 -5.753517e+00
      endloop
   endfacet
   facet normal -8.556634e-01 5.637326e-02 5.144534e-01
      outer loop
         vertex 3.457936e-02 1.683083e+00 -5.721287e+00
         vertex 1.528315e-02 1.684324e+00 -5.753517e+00
         vertex 3.111549e-02 1.613152e+00 -5.719385e+00
      endloop
   endfacet
   facet normal -8.539835e-01 5.799590e-02 5.170577e-01
      outer loop
         vertex 3.111549e-02 1.613152e+00 -5.719385e+00
         vertex 1.528315e-02 1.684324e+00 -5.753517e+00
         vertex 1.222908e-02 1.624038e+00 -5.751799e+00
      endloop
   endfacet
   facet normal -8.589850e-01 3.139202e-02 5.110374e-01
      outer loop
         vertex 3.111549e-02 1.613152e+00 -5.719385e+00
         vertex 1.222908e-02 1.624038e+00 -5.751799e+00
         vertex 3.043461e-02 1.562925e+00 -5.717444e+00
      endloop
   endfacet
   facet normal -8.577275e-01 3.289852e-02 5.130509e-01
      outer loop
         vertex 3.043461e-02 1.562925e+00 -5.717444e+00
         vertex 1.222908e-02 1.624038e+00 -5.751799e+00
         vertex 1.137323e-02 1.562793e+00 -5.749303e+00
      endloop
   endfacet
   facet normal -8.581063e-01 1.013785e-02 5.133720e-01
      outer loop
         vertex 3.043461e-02 1.562925e+00 -5.717444e+00
         vertex 1.137323e-02 1.562793e+00 -5.749303e+00
         vertex 3.164856e-02 1.496652e+00 -5.714106e+00
      endloop
   endfacet
   facet normal -8.581177e-01 1.012442e-02 5.133533e-01
      outer loop
         vertex 3.164856e-02 1.496652e+00 -5.714106e+00
         vertex 1.137323e-02 1.562793e+00 -5.749303e+00
         vertex 1.262221e-02 1.501368e+00 -5.746004e+00
      endloop
   endfacet
   facet normal -8.592183e-01 -6.380627e-03 5.115693e-01
      outer loop
         vertex 3.164856e-02 1.496652e+00 -5.714106e+00
         vertex 1.262221e-02 1.501368e+00 -5.746004e+00
         vertex 3.412422e-02 1.442093e+00 -5.710629e+00
      endloop
   endfacet
   facet normal -8.595950e-01 -6.899115e-03 5.109294e-01
      outer loop
         vertex 3.412422e-02 1.442093e+00 -5.710629e+00
         vertex 1.262221e-02 1.501368e+00 -5.746004e+00
         vertex 1.556401e-02 1.440618e+00 -5.741875e+00
      endloop
   endfacet
   facet normal -8.589858e-01 -2.465341e-02 5.114055e-01
      outer loop
         vertex 3.412422e-02 1.442093e+00 -5.710629e+00
         vertex 1.556401e-02 1.440618e+00 -5.741875e+00
         vertex 3.972457e-02 1.366597e+00 -5.704862e+00
      endloop
   endfacet
   facet normal -8.578641e-01 -2.331624e-02 5.133474e-01
      outer loop
         vertex 3.972457e-02 1.366597e+00 -5.704862e+00
         vertex 1.556401e-02 1.440618e+00 -5.741875e+00
         vertex 2.011539e-02 1.380370e+00 -5.737005e+00
      endloop
   endfacet
   facet normal -8.611516e-01 -4.414555e-02 5.064277e-01
      outer loop
         vertex 3.972457e-02 1.366597e+00 -5.704862e+00
         vertex 2.011539e-02 1.380370e+00 -5.737005e+00
         vertex 4.419440e-02 1.323004e+00 -5.701061e+00
      endloop
   endfacet
   facet normal -8.603917e-01 -4.295424e-02 5.078199e-01
      outer loop
         vertex 4.419440e-02 1.323004e+00 -5.701061e+00
         vertex 2.011539e-02 1.380370e+00 -5.737005e+00
         vertex 2.639919e-02 1.320268e+00 -5.731442e+00
      endloop
   endfacet
   facet normal -8.585449e-01 -6.443904e-02 5.086731e-01
      outer loop
         vertex 4.419440e-02 1.323004e+00 -5.701061e+00
         vertex 2.639919e-02 1.320268e+00 -5.731442e+00
         vertex 5.537183e-02 1.239808e+00 -5.692735e+00
      endloop
   endfacet
   facet normal -8.561870e-01 -6.151263e-02 5.129913e-01
      outer loop
         vertex 5.537183e-02 1.239808e+00 -5.692735e+00
         vertex 2.639919e-02 1.320268e+00 -5.731442e+00
         vertex 3.448486e-02 1.260310e+00 -5.725137e+00
      endloop
   endfacet
   facet normal -8.610713e-01 -8.488983e-02 5.013480e-01
      outer loop
         vertex 5.537183e-02 1.239808e+00 -5.692735e+00
         vertex 3.448486e-02 1.260310e+00 -5.725137e+00
         vertex 6.116959e-02 1.204661e+00 -5.688728e+00
      endloop
   endfacet
   facet normal -8.597494e-01 -8.251697e-02 5.040059e-01
      outer loop
         vertex 6.116959e-02 1.204661e+00 -5.688728e+00
         vertex 3.448486e-02 1.260310e+00 -5.725137e+00
         vertex 4.438290e-02 1.200733e+00 -5.718007e+00
      endloop
   endfacet
   facet normal -8.568050e-01 -1.035389e-01 5.051385e-01
      outer loop
         vertex 6.116959e-02 1.204661e+00 -5.688728e+00
         vertex 4.438290e-02 1.200733e+00 -5.718007e+00
         vertex 7.889493e-02 1.115169e+00 -5.677006e+00
      endloop
   endfacet
   facet normal -8.538385e-01 -9.956884e-02 5.109265e-01
      outer loop
         vertex 7.889493e-02 1.115169e+00 -5.677006e+00
         vertex 4.438290e-02 1.200733e+00 -5.718007e+00
         vertex 5.604079e-02 1.141892e+00 -5.709991e+00
      endloop
   endfacet
   facet normal -8.598108e-01 -1.239000e-01 4.953525e-01
      outer loop
         vertex 7.889493e-02 1.115169e+00 -5.677006e+00
         vertex 5.604079e-02 1.141892e+00 -5.709991e+00
         vertex 8.492910e-02 1.088814e+00 -5.673124e+00
      endloop
   endfacet
   facet normal -8.584914e-01 -1.211212e-01 4.983193e-01
      outer loop
         vertex 8.492910e-02 1.088814e+00 -5.673124e+00
         vertex 5.604079e-02 1.141892e+00 -5.709991e+00
         vertex 6.933892e-02 1.084149e+00 -5.701117e+00
      endloop
   endfacet
   facet normal -8.542215e-01 -1.435935e-01 4.996865e-01
      outer loop
         vertex 8.492910e-02 1.088814e+00 -5.673124e+00
         vertex 6.933892e-02 1.084149e+00 -5.701117e+00
         vertex 1.135407e-01 9.798806e-01 -5.655516e+00
      endloop
   endfacet
   facet normal -8.471611e-01 -1.343047e-01 5.140821e-01
      outer loop
         vertex 1.135407e-01 9.798806e-01 -5.655516e+00
         vertex 6.933892e-02 1.084149e+00 -5.701117e+00
         vertex 8.408658e-02 1.027746e+00 -5.691549e+00
      endloop
   endfacet
   facet normal -8.579602e-01 -1.606122e-01 4.879631e-01
      outer loop
         vertex 1.135407e-01 9.798806e-01 -5.655516e+00
         vertex 8.408658e-02 1.027746e+00 -5.691549e+00
         vertex 1.000178e-01 9.726936e-01 -5.681659e+00
      endloop
   endfacet
   facet normal -9.313413e-01 -9.452985e-02 -3.516640e-01
      outer loop
         vertex 4.188295e-01 3.498164e+00 -5.600000e+00
         vertex 4.197933e-01 3.498296e+00 -5.602588e+00
         vertex 4.218237e-01 3.470361e+00 -5.600456e+00
      endloop
   endfacet
   facet normal -9.455261e-01 -9.254279e-02 -3.121156e-01
      outer loop
         vertex 4.218237e-01 3.470361e+00 -5.600456e+00
         vertex 4.197933e-01 3.498296e+00 -5.602588e+00
         vertex 4.227593e-01 3.470497e+00 -5.603331e+00
      endloop
   endfacet
   facet normal -9.502457e-01 -2.535193e-02 -3.104679e-01
      outer loop
         vertex 4.218237e-01 3.470361e+00 -5.600456e+00
         vertex 4.227593e-01 3.470497e+00 -5.603331e+00
         vertex 4.227791e-01 3.442490e+00 -5.601104e+00
      endloop
   endfacet
   facet normal -9.663180e-01 -2.107227e-02 -2.564867e-01
      outer loop
         vertex 4.227791e-01 3.442490e+00 -5.601104e+00
         vertex 4.227593e-01 3.470497e+00 -5.603331e+00
         vertex 4.237821e-01 3.442647e+00 -5.604896e+00
      endloop
   endfacet
   facet normal -9.662880e-01 4.322023e-02 -2.538101e-01
      outer loop
         vertex 4.227791e-01 3.442490e+00 -5.601104e+00
         vertex 4.237821e-01 3.442647e+00 -5.604896e+00
         vertex 4.216915e-01 3.414597e+00 -5.601713e+00
      endloop
   endfacet
   facet normal -9.733855e-01 4.709974e-02 -2.242817e-01
      outer loop
         vertex 4.216915e-01 3.414597e+00 -5.601713e+00
         vertex 4.237821e-01 3.442647e+00 -5.604896e+00
         vertex 4.228536e-01 3.414790e+00 -5.606716e+00
      endloop
   endfacet
   facet normal -9.694023e-01 1.067414e-01 -2.210555e-01
      outer loop
         vertex 4.216915e-01 3.414597e+00 -5.601713e+00
         vertex 4.228536e-01 3.414790e+00 -5.606716e+00
         vertex 4.187291e-01 3.386706e+00 -5.602190e+00
      endloop
   endfacet
   facet normal -9.710705e-01 1.083145e-01 -2.128146e-01
      outer loop
         vertex 4.187291e-01 3.386706e+00 -5.602190e+00
         vertex 4.228536e-01 3.414790e+00 -5.606716e+00
         vertex 4.201327e-01 3.386945e+00 -5.608473e+00
      endloop
   endfacet
   facet normal -9.614315e-01 1.800323e-01 -2.079371e-01
      outer loop
         vertex 4.187291e-01 3.386706e+00 -5.602190e+00
         vertex 4.201327e-01 3.386945e+00 -5.608473e+00
         vertex 4.084304e-01 3.330945e+00 -5.602850e+00
      endloop
   endfacet
   facet normal -9.580606e-01 1.776272e-01 -2.248744e-01
      outer loop
         vertex 4.084304e-01 3.330945e+00 -5.602850e+00
         vertex 4.201327e-01 3.386945e+00 -5.608473e+00
         vertex 4.105094e-01 3.331289e+00 -5.611436e+00
      endloop
   endfacet
   facet normal -9.471251e-01 2.335834e-01 -2.199837e-01
      outer loop
         vertex 4.084304e-01 3.330945e+00 -5.602850e+00
         vertex 4.105094e-01 3.331289e+00 -5.611436e+00
         vertex 3.948748e-01 3.275163e+00 -5.603719e+00
      endloop
   endfacet
   facet normal -9.403786e-01 2.271413e-01 -2.531698e-01
      outer loop
         vertex 3.948748e-01 3.275163e+00 -5.603719e+00
         vertex 4.105094e-01 3.331289e+00 -5.611436e+00
         vertex 3.977823e-01 3.275613e+00 -5.614115e+00
      endloop
   endfacet
   facet normal -9.374151e-01 2.405614e-01 -2.517600e-01
      outer loop
         vertex 3.948748e-01 3.275163e+00 -5.603719e+00
         vertex 3.977823e-01 3.275613e+00 -5.614115e+00
         vertex 3.670916e-01 3.163660e+00 -5.606812e+00
      endloop
   endfacet
   facet normal -9.236847e-01 2.333989e-01 -3.038609e-01
      outer loop
         vertex 3.670916e-01 3.163660e+00 -5.606812e+00
         vertex 3.977823e-01 3.275613e+00 -5.614115e+00
         vertex 3.717221e-01 3.164346e+00 -5.620362e+00
      endloop
   endfacet
   facet normal -9.214375e-01 2.437297e-01 -3.025701e-01
      outer loop
         vertex 3.670916e-01 3.163660e+00 -5.606812e+00
         vertex 3.717221e-01 3.164346e+00 -5.620362e+00
         vertex 3.384288e-01 3.053596e+00 -5.608184e+00
      endloop
   endfacet
   facet normal -9.119949e-01 2.373755e-01 -3.345416e-01
      outer loop
         vertex 3.384288e-01 3.053596e+00 -5.608184e+00
         vertex 3.717221e-01 3.164346e+00 -5.620362e+00
         vertex 3.447533e-01 3.054740e+00 -5.624613e+00
      endloop
   endfacet
   facet normal -9.048141e-01 2.696724e-01 -3.295272e-01
      outer loop
         vertex 3.384288e-01 3.053596e+00 -5.608184e+00
         vertex 3.447533e-01 3.054740e+00 -5.624613e+00
         vertex 3.079960e-01 2.945019e+00 -5.613477e+00
      endloop
   endfacet
   facet normal -8.968776e-01 2.644803e-01 -3.544867e-01
      outer loop
         vertex 3.079960e-01 2.945019e+00 -5.613477e+00
         vertex 3.447533e-01 3.054740e+00 -5.624613e+00
         vertex 3.160174e-01 2.946794e+00 -5.632447e+00
      endloop
   endfacet
   facet normal -8.901587e-01 2.929679e-01 -3.489805e-01
      outer loop
         vertex 3.079960e-01 2.945019e+00 -5.613477e+00
         vertex 3.160174e-01 2.946794e+00 -5.632447e+00
         vertex 2.765817e-01 2.837666e+00 -5.623470e+00
      endloop
   endfacet
   facet normal -8.831148e-01 2.887094e-01 -3.698041e-01
      outer loop
         vertex 2.765817e-01 2.837666e+00 -5.623470e+00
         vertex 3.160174e-01 2.946794e+00 -5.632447e+00
         vertex 2.862845e-01 2.840150e+00 -5.644701e+00
      endloop
   endfacet
   facet normal -8.799044e-01 3.020683e-01 -3.667739e-01
      outer loop
         vertex 2.765817e-01 2.837666e+00 -5.623470e+00
         vertex 2.862845e-01 2.840150e+00 -5.644701e+00
         vertex 2.450752e-01 2.731415e+00 -5.635391e+00
      endloop
   endfacet
   facet normal -8.735452e-01 2.981177e-01 -3.847656e-01
      outer loop
         vertex 2.450752e-01 2.731415e+00 -5.635391e+00
         vertex 2.862845e-01 2.840150e+00 -5.644701e+00
         vertex 2.564080e-01 2.734638e+00 -5.658622e+00
      endloop
   endfacet
   facet normal -8.717634e-01 3.057123e-01 -3.828427e-01
      outer loop
         vertex 2.450752e-01 2.731415e+00 -5.635391e+00
         vertex 2.564080e-01 2.734638e+00 -5.658622e+00
         vertex 2.140790e-01 2.626260e+00 -5.648779e+00
      endloop
   endfacet
   facet normal -8.659987e-01 3.020367e-01 -3.985224e-01
      outer loop
         vertex 2.140790e-01 2.626260e+00 -5.648779e+00
         vertex 2.564080e-01 2.734638e+00 -5.658622e+00
         vertex 2.269661e-01 2.630254e+00 -5.673756e+00
      endloop
   endfacet
   facet normal -8.617589e-01 3.203090e-01 -3.934130e-01
      outer loop
         vertex 2.140790e-01 2.626260e+00 -5.648779e+00
         vertex 2.269661e-01 2.630254e+00 -5.673756e+00
         vertex 1.988048e-01 2.574121e+00 -5.657772e+00
      endloop
   endfacet
   facet normal -8.595001e-01 3.170338e-01 -4.009353e-01
      outer loop
         vertex 1.988048e-01 2.574121e+00 -5.657772e+00
         vertex 2.269661e-01 2.630254e+00 -5.673756e+00
         vertex 2.124420e-01 2.578519e+00 -5.683529e+00
      endloop
   endfacet
   facet normal -8.564748e-01 3.297080e-01 -3.971694e-01
      outer loop
         vertex 1.988048e-01 2.574121e+00 -5.657772e+00
         vertex 2.124420e-01 2.578519e+00 -5.683529e+00
         vertex 1.837912e-01 2.522340e+00 -5.668382e+00
      endloop
   endfacet
   facet normal -8.541044e-01 3.264083e-01 -4.049238e-01
      outer loop
         vertex 1.837912e-01 2.522340e+00 -5.668382e+00
         vertex 2.124420e-01 2.578519e+00 -5.683529e+00
         vertex 1.981567e-01 2.527065e+00 -5.694875e+00
      endloop
   endfacet
   facet normal -8.541477e-01 3.262252e-01 -4.049800e-01
      outer loop
         vertex 1.837912e-01 2.522340e+00 -5.668382e+00
         vertex 1.981567e-01 2.527065e+00 -5.694875e+00
         vertex 1.550446e-01 2.419803e+00 -5.690349e+00
      endloop
   endfacet
   facet normal -8.472223e-01 3.227246e-01 -4.219753e-01
      outer loop
         vertex 1.550446e-01 2.419803e+00 -5.690349e+00
         vertex 1.981567e-01 2.527065e+00 -5.694875e+00
         vertex 1.707668e-01 2.424613e+00 -5.718237e+00
      endloop
   endfacet
   facet normal -8.509987e-01 3.056671e-01 -4.270466e-01
      outer loop
         vertex 1.550446e-01 2.419803e+00 -5.690349e+00
         vertex 1.707668e-01 2.424613e+00 -5.718237e+00
         vertex 1.281557e-01 2.317906e+00 -5.709701e+00
      endloop
   endfacet
   facet normal -8.429306e-01 3.009298e-01 -4.459924e-01
      outer loop
         vertex 1.281557e-01 2.317906e+00 -5.709701e+00
         vertex 1.707668e-01 2.424613e+00 -5.718237e+00
         vertex 1.450592e-01 2.322004e+00 -5.738884e+00
      endloop
   endfacet
   facet normal -8.477362e-01 2.774370e-01 -4.520752e-01
      outer loop
         vertex 1.281557e-01 2.317906e+00 -5.709701e+00
         vertex 1.450592e-01 2.322004e+00 -5.738884e+00
         vertex 1.029962e-01 2.215659e+00 -5.725271e+00
      endloop
   endfacet
   facet normal -8.401618e-01 2.722696e-01 -4.690389e-01
      outer loop
         vertex 1.029962e-01 2.215659e+00 -5.725271e+00
         vertex 1.450592e-01 2.322004e+00 -5.738884e+00
         vertex 1.208708e-01 2.218596e+00 -5.755583e+00
      endloop
   endfacet
   facet normal -8.450546e-01 2.466124e-01 -4.744103e-01
      outer loop
         vertex 1.029962e-01 2.215659e+00 -5.725271e+00
         vertex 1.208708e-01 2.218596e+00 -5.755583e+00
         vertex 7.993299e-02 2.112945e+00 -5.737582e+00
      endloop
   endfacet
   facet normal -8.390176e-01 2.420796e-01 -4.872853e-01
      outer loop
         vertex 7.993299e-02 2.112945e+00 -5.737582e+00
         vertex 1.208708e-01 2.218596e+00 -5.755583e+00
         vertex 9.854617e-02 2.114653e+00 -5.768782e+00
      endloop
   endfacet
   facet normal -8.451517e-01 2.068726e-01 -4.928715e-01
      outer loop
         vertex 7.993299e-02 2.112945e+00 -5.737582e+00
         vertex 9.854617e-02 2.114653e+00 -5.768782e+00
         vertex 6.040851e-02 2.011258e+00 -5.746784e+00
      endloop
   endfacet
   facet normal -8.406596e-01 2.032810e-01 -5.019645e-01
      outer loop
         vertex 6.040851e-02 2.011258e+00 -5.746784e+00
         vertex 9.854617e-02 2.114653e+00 -5.768782e+00
         vertex 7.951004e-02 2.011649e+00 -5.778615e+00
      endloop
   endfacet
   facet normal -8.457328e-01 1.711831e-01 -5.054033e-01
      outer loop
         vertex 6.040851e-02 2.011258e+00 -5.746784e+00
         vertex 7.951004e-02 2.011649e+00 -5.778615e+00
         vertex 4.298583e-02 1.908496e+00 -5.752435e+00
      endloop
   endfacet
   facet normal -8.429735e-01 1.688436e-01 -5.107714e-01
      outer loop
         vertex 4.298583e-02 1.908496e+00 -5.752435e+00
         vertex 7.951004e-02 2.011649e+00 -5.778615e+00
         vertex 6.231641e-02 1.907539e+00 -5.784655e+00
      endloop
   endfacet
   facet normal -8.477866e-01 1.357287e-01 -5.126750e-01
      outer loop
         vertex 4.298583e-02 1.908496e+00 -5.752435e+00
         vertex 6.231641e-02 1.907539e+00 -5.784655e+00
         vertex 2.694577e-02 1.800094e+00 -5.754609e+00
      endloop
   endfacet
   facet normal -8.468557e-01 1.349342e-01 -5.144202e-01
      outer loop
         vertex 2.694577e-02 1.800094e+00 -5.754609e+00
         vertex 6.231641e-02 1.907539e+00 -5.784655e+00
         vertex 4.627297e-02 1.798054e+00 -5.786961e+00
      endloop
   endfacet
   facet normal -8.516553e-01 9.760652e-02 -5.149333e-01
      outer loop
         vertex 2.694577e-02 1.800094e+00 -5.754609e+00
         vertex 4.627297e-02 1.798054e+00 -5.786961e+00
         vertex 2.032419e-02 1.743112e+00 -5.754459e+00
      endloop
   endfacet
   facet normal -8.517531e-01 9.776634e-02 -5.147412e-01
      outer loop
         vertex 2.032419e-02 1.743112e+00 -5.754459e+00
         vertex 4.627297e-02 1.798054e+00 -5.786961e+00
         vertex 3.957742e-02 1.740668e+00 -5.786782e+00
      endloop
   endfacet
   facet normal -8.551429e-01 6.509065e-02 -5.142896e-01
      outer loop
         vertex 2.032419e-02 1.743112e+00 -5.754459e+00
         vertex 3.957742e-02 1.740668e+00 -5.786782e+00
         vertex 1.528315e-02 1.684324e+00 -5.753517e+00
      endloop
   endfacet
   facet normal -8.555042e-01 6.564281e-02 -5.136181e-01
      outer loop
         vertex 1.528315e-02 1.684324e+00 -5.753517e+00
         vertex 3.957742e-02 1.740668e+00 -5.786782e+00
         vertex 3.442155e-02 1.681565e+00 -5.785747e+00
      endloop
   endfacet
   facet normal -8.583887e-01 2.889123e-02 -5.121856e-01
      outer loop
         vertex 1.528315e-02 1.684324e+00 -5.753517e+00
         vertex 3.442155e-02 1.681565e+00 -5.785747e+00
         vertex 1.222908e-02 1.624038e+00 -5.751799e+00
      endloop
   endfacet
   facet normal -8.589488e-01 2.968882e-02 -5.112001e-01
      outer loop
         vertex 1.222908e-02 1.624038e+00 -5.751799e+00
         vertex 3.442155e-02 1.681565e+00 -5.785747e+00
         vertex 3.121491e-02 1.621040e+00 -5.783875e+00
      endloop
   endfacet
   facet normal -8.608706e-01 -8.707174e-03 -5.087495e-01
      outer loop
         vertex 1.222908e-02 1.624038e+00 -5.751799e+00
         vertex 3.121491e-02 1.621040e+00 -5.783875e+00
         vertex 1.137323e-02 1.562793e+00 -5.749303e+00
      endloop
   endfacet
   facet normal -8.615962e-01 -7.739384e-03 -5.075354e-01
      outer loop
         vertex 1.137323e-02 1.562793e+00 -5.749303e+00
         vertex 3.121491e-02 1.621040e+00 -5.783875e+00
         vertex 3.016862e-02 1.559610e+00 -5.781162e+00
      endloop
   endfacet
   facet normal -8.623705e-01 -4.462243e-02 -5.043074e-01
      outer loop
         vertex 1.137323e-02 1.562793e+00 -5.749303e+00
         vertex 3.016862e-02 1.559610e+00 -5.781162e+00
         vertex 1.262221e-02 1.501368e+00 -5.746004e+00
      endloop
   endfacet
   facet normal -8.633024e-01 -4.344011e-02 -5.028140e-01
      outer loop
         vertex 1.262221e-02 1.501368e+00 -5.746004e+00
         vertex 3.016862e-02 1.559610e+00 -5.781162e+00
         vertex 3.118477e-02 1.498026e+00 -5.777586e+00
      endloop
   endfacet
   facet normal -8.631194e-01 -7.573163e-02 -4.992890e-01
      outer loop
         vertex 1.262221e-02 1.501368e+00 -5.746004e+00
         vertex 3.118477e-02 1.498026e+00 -5.777586e+00
         vertex 1.556401e-02 1.440618e+00 -5.741875e+00
      endloop
   endfacet
   facet normal -8.643676e-01 -7.419038e-02 -4.973574e-01
      outer loop
         vertex 1.556401e-02 1.440618e+00 -5.741875e+00
         vertex 3.118477e-02 1.498026e+00 -5.777586e+00
         vertex 3.384365e-02 1.437111e+00 -5.773120e+00
      endloop
   endfacet
   facet normal -8.634554e-01 -1.051031e-01 -4.933539e-01
      outer loop
         vertex 1.556401e-02 1.440618e+00 -5.741875e+00
         vertex 3.384365e-02 1.437111e+00 -5.773120e+00
         vertex 2.011539e-02 1.380370e+00 -5.737005e+00
      endloop
   endfacet
   facet normal -8.650052e-01 -1.032463e-01 -4.910257e-01
      outer loop
         vertex 2.011539e-02 1.380370e+00 -5.737005e+00
         vertex 3.384365e-02 1.437111e+00 -5.773120e+00
         vertex 3.806577e-02 1.376680e+00 -5.767851e+00
      endloop
   endfacet
   facet normal -8.633105e-01 -1.352626e-01 -4.862088e-01
      outer loop
         vertex 2.011539e-02 1.380370e+00 -5.737005e+00
         vertex 3.806577e-02 1.376680e+00 -5.767851e+00
         vertex 2.639919e-02 1.320268e+00 -5.731442e+00
      endloop
   endfacet
   facet normal -8.651101e-01 -1.331905e-01 -4.835750e-01
      outer loop
         vertex 2.639919e-02 1.320268e+00 -5.731442e+00
         vertex 3.806577e-02 1.376680e+00 -5.767851e+00
         vertex 4.397993e-02 1.316383e+00 -5.761824e+00
      endloop
   endfacet
   facet normal -8.625264e-01 -1.665660e-01 -4.778116e-01
      outer loop
         vertex 2.639919e-02 1.320268e+00 -5.731442e+00
         vertex 4.397993e-02 1.316383e+00 -5.761824e+00
         vertex 3.448486e-02 1.260310e+00 -5.725137e+00
      endloop
   endfacet
   facet normal -8.645867e-01 -1.642904e-01 -4.748669e-01
      outer loop
         vertex 3.448486e-02 1.260310e+00 -5.725137e+00
         vertex 4.397993e-02 1.316383e+00 -5.761824e+00
         vertex 5.165705e-02 1.256239e+00 -5.754994e+00
      endloop
   endfacet
   facet normal -8.609874e-01 -1.990583e-01 -4.680561e-01
      outer loop
         vertex 3.448486e-02 1.260310e+00 -5.725137e+00
         vertex 5.165705e-02 1.256239e+00 -5.754994e+00
         vertex 4.438290e-02 1.200733e+00 -5.718007e+00
      endloop
   endfacet
   facet normal -8.633291e-01 -1.965702e-01 -4.647828e-01
      outer loop
         vertex 4.438290e-02 1.200733e+00 -5.718007e+00
         vertex 5.165705e-02 1.256239e+00 -5.754994e+00
         vertex 6.110591e-02 1.196512e+00 -5.747285e+00
      endloop
   endfacet
   facet normal -8.586162e-01 -2.323605e-01 -4.569320e-01
      outer loop
         vertex 4.438290e-02 1.200733e+00 -5.718007e+00
         vertex 6.110591e-02 1.196512e+00 -5.747285e+00
         vertex 5.604079e-02 1.141892e+00 -5.709991e+00
      endloop
   endfacet
   facet normal -8.612523e-01 -2.296535e-01 -4.533253e-01
      outer loop
         vertex 5.604079e-02 1.141892e+00 -5.709991e+00
         vertex 6.110591e-02 1.196512e+00 -5.747285e+00
         vertex 7.227056e-02 1.137589e+00 -5.738645e+00
      endloop
   endfacet
   facet normal -8.554743e-01 -2.653571e-01 -4.446901e-01
      outer loop
         vertex 5.604079e-02 1.141892e+00 -5.709991e+00
         vertex 7.227056e-02 1.137589e+00 -5.738645e+00
         vertex 6.933892e-02 1.084149e+00 -5.701117e+00
      endloop
   endfacet
   facet normal -8.583677e-01 -2.624730e-01 -4.408093e-01
      outer loop
         vertex 6.933892e-02 1.084149e+00 -5.701117e+00
         vertex 7.227056e-02 1.137589e+00 -5.738645e+00
         vertex 8.502754e-02 1.079853e+00 -5.729109e+00
      endloop
   endfacet
   facet normal -8.518908e-01 -2.960279e-01 -4.320296e-01
      outer loop
         vertex 6.933892e-02 1.084149e+00 -5.701117e+00
         vertex 8.502754e-02 1.079853e+00 -5.729109e+00
         vertex 8.408658e-02 1.027746e+00 -5.691549e+00
      endloop
   endfacet
   facet normal -8.549798e-01 -2.930320e-01 -4.279507e-01
      outer loop
         vertex 8.408658e-02 1.027746e+00 -5.691549e+00
         vertex 8.502754e-02 1.079853e+00 -5.729109e+00
         vertex 9.918331e-02 1.023566e+00 -5.718848e+00
      endloop
   endfacet
   facet normal -8.487247e-01 -3.210979e-01 -4.201934e-01
      outer loop
         vertex 8.408658e-02 1.027746e+00 -5.691549e+00
         vertex 9.918331e-02 1.023566e+00 -5.718848e+00
         vertex 1.000178e-01 9.726936e-01 -5.681659e+00
      endloop
   endfacet
   facet normal -8.519178e-01 -3.180860e-01 -4.160017e-01
      outer loop
         vertex 1.000178e-01 9.726936e-01 -5.681659e+00
         vertex 9.918331e-02 1.023566e+00 -5.718848e+00
         vertex 1.144715e-01 9.687380e-01 -5.708233e+00
      endloop
   endfacet
   facet normal -8.477188e-01 -3.351135e-01 -4.111834e-01
      outer loop
         vertex 1.000178e-01 9.726936e-01 -5.681659e+00
         vertex 1.144715e-01 9.687380e-01 -5.708233e+00
         vertex 1.339718e-01 8.648124e-01 -5.663737e+00
      endloop
   endfacet
   facet normal -8.536653e-01 -3.319943e-01 -4.012921e-01
      outer loop
         vertex 1.339718e-01 8.648124e-01 -5.663737e+00
         vertex 1.144715e-01 9.687380e-01 -5.708233e+00
         vertex 1.470049e-01 8.615386e-01 -5.688754e+00
      endloop
   endfacet
   facet normal -8.547279e-01 -3.279197e-01 -4.023790e-01
      outer loop
         vertex 1.339718e-01 8.648124e-01 -5.663737e+00
         vertex 1.470049e-01 8.615386e-01 -5.688754e+00
         vertex 1.694515e-01 7.563750e-01 -5.650731e+00
      endloop
   endfacet
   facet normal -8.615127e-01 -3.249424e-01 -3.901389e-01
      outer loop
         vertex 1.694515e-01 7.563750e-01 -5.650731e+00
         vertex 1.470049e-01 8.615386e-01 -5.688754e+00
         vertex 1.809403e-01 7.538181e-01 -5.673971e+00
      endloop
   endfacet
   facet normal -8.557878e-01 -3.454931e-01 -3.850477e-01
      outer loop
         vertex 1.694515e-01 7.563750e-01 -5.650731e+00
         vertex 1.809403e-01 7.538181e-01 -5.673971e+00
         vertex 2.075513e-01 6.484963e-01 -5.638613e+00
      endloop
   endfacet
   facet normal -8.635830e-01 -3.424384e-01 -3.700816e-01
      outer loop
         vertex 2.075513e-01 6.484963e-01 -5.638613e+00
         vertex 1.809403e-01 7.538181e-01 -5.673971e+00
         vertex 2.174061e-01 6.465780e-01 -5.659834e+00
      endloop
   endfacet
   facet normal -8.589917e-01 -3.574079e-01 -3.665963e-01
      outer loop
         vertex 2.075513e-01 6.484963e-01 -5.638613e+00
         vertex 2.174061e-01 6.465780e-01 -5.659834e+00
         vertex 2.475804e-01 5.411054e-01 -5.627709e+00
      endloop
   endfacet
   facet normal -8.678774e-01 -3.543413e-01 -3.481825e-01
      outer loop
         vertex 2.475804e-01 5.411054e-01 -5.627709e+00
         vertex 2.174061e-01 6.465780e-01 -5.659834e+00
         vertex 2.557356e-01 5.397537e-01 -5.646660e+00
      endloop
   endfacet
   facet normal -8.694339e-01 -3.494930e-01 -3.491981e-01
      outer loop
         vertex 2.475804e-01 5.411054e-01 -5.627709e+00
         vertex 2.557356e-01 5.397537e-01 -5.646660e+00
         vertex 2.879843e-01 4.332541e-01 -5.620364e+00
      endloop
   endfacet
   facet normal -9.357443e-01 -2.523261e-02 -3.517754e-01
      outer loop
         vertex 4.197330e-01 -6.890583e-04 -5.602586e+00
         vertex 4.187584e-01 -5.959399e-04 -5.600000e+00
         vertex 4.195513e-01 2.727764e-02 -5.604108e+00
      endloop
   endfacet
   facet normal -9.495599e-01 -1.912446e-02 -3.130019e-01
      outer loop
         vertex 4.195513e-01 2.727764e-02 -5.604108e+00
         vertex 4.187584e-01 -5.959399e-04 -5.600000e+00
         vertex 4.186031e-01 2.738747e-02 -5.601238e+00
      endloop
   endfacet
   facet normal -9.455770e-01 -1.036425e-01 -3.084517e-01
      outer loop
         vertex 4.195513e-01 2.727764e-02 -5.604108e+00
         vertex 4.186031e-01 2.738747e-02 -5.601238e+00
         vertex 4.172813e-01 5.492619e-02 -5.606440e+00
      endloop
   endfacet
   facet normal -9.623723e-01 -9.432236e-02 -2.548390e-01
      outer loop
         vertex 4.172813e-01 5.492619e-02 -5.606440e+00
         vertex 4.186031e-01 2.738747e-02 -5.601238e+00
         vertex 4.162643e-01 5.507168e-02 -5.602653e+00
      endloop
   endfacet
   facet normal -9.535646e-01 -1.685322e-01 -2.496224e-01
      outer loop
         vertex 4.172813e-01 5.492619e-02 -5.606440e+00
         vertex 4.162643e-01 5.507168e-02 -5.602653e+00
         vertex 4.131065e-01 8.237621e-02 -5.609025e+00
      endloop
   endfacet
   facet normal -9.617319e-01 -1.626748e-01 -2.204737e-01
      outer loop
         vertex 4.131065e-01 8.237621e-02 -5.609025e+00
         vertex 4.162643e-01 5.507168e-02 -5.602653e+00
         vertex 4.119278e-01 8.257006e-02 -5.604026e+00
      endloop
   endfacet
   facet normal -9.506263e-01 -2.233112e-01 -2.155036e-01
      outer loop
         vertex 4.131065e-01 8.237621e-02 -5.609025e+00
         vertex 4.119278e-01 8.257006e-02 -5.604026e+00
         vertex 4.072615e-01 1.096938e-01 -5.611549e+00
      endloop
   endfacet
   facet normal -9.528411e-01 -2.214660e-01 -2.074769e-01
      outer loop
         vertex 4.072615e-01 1.096938e-01 -5.611549e+00
         vertex 4.119278e-01 8.257006e-02 -5.604026e+00
         vertex 4.058367e-01 1.099420e-01 -5.605270e+00
      endloop
   endfacet
   facet normal -9.369137e-01 -2.857670e-01 -2.013204e-01
      outer loop
         vertex 4.072615e-01 1.096938e-01 -5.611549e+00
         vertex 4.058367e-01 1.099420e-01 -5.605270e+00
         vertex 3.916616e-01 1.640111e-01 -5.616051e+00
      endloop
   endfacet
   facet normal -9.325178e-01 -2.879319e-01 -2.179584e-01
      outer loop
         vertex 3.916616e-01 1.640111e-01 -5.616051e+00
         vertex 4.058367e-01 1.099420e-01 -5.605270e+00
         vertex 3.895484e-01 1.643611e-01 -5.607472e+00
      endloop
   endfacet
   facet normal -9.169466e-01 -3.379803e-01 -2.120807e-01
      outer loop
         vertex 3.916616e-01 1.640111e-01 -5.616051e+00
         vertex 3.895484e-01 1.643611e-01 -5.607472e+00
         vertex 3.727849e-01 2.178594e-01 -5.620250e+00
      endloop
   endfacet
   facet normal -9.071989e-01 -3.425918e-01 -2.441743e-01
      outer loop
         vertex 3.727849e-01 2.178594e-01 -5.620250e+00
         vertex 3.895484e-01 1.643611e-01 -5.607472e+00
         vertex 3.698331e-01 2.182745e-01 -5.609866e+00
      endloop
   endfacet
   facet normal -9.019811e-01 -3.575196e-01 -2.420946e-01
      outer loop
         vertex 3.727849e-01 2.178594e-01 -5.620250e+00
         vertex 3.698331e-01 2.182745e-01 -5.609866e+00
         vertex 3.329477e-01 3.246265e-01 -5.629499e+00
      endloop
   endfacet
   facet normal -9.065665e-01 -3.562104e-01 -2.263876e-01
      outer loop
         vertex 3.329477e-01 3.246265e-01 -5.629499e+00
         vertex 3.698331e-01 2.182745e-01 -5.609866e+00
         vertex 2.879843e-01 4.332541e-01 -5.620364e+00
      endloop
   endfacet
   facet normal -8.824137e-01 -3.377042e-01 -3.275698e-01
      outer loop
         vertex 3.329477e-01 3.246265e-01 -5.629499e+00
         vertex 2.879843e-01 4.332541e-01 -5.620364e+00
         vertex 2.944022e-01 4.324025e-01 -5.636774e+00
      endloop
   endfacet
   facet normal -8.794819e-01 -3.467956e-01 -3.259514e-01
      outer loop
         vertex 2.944022e-01 4.324025e-01 -5.636774e+00
         vertex 2.879843e-01 4.332541e-01 -5.620364e+00
         vertex 2.557356e-01 5.397537e-01 -5.646660e+00
      endloop
   endfacet
   facet normal -5.029232e-01 -2.440295e-01 -8.291669e-01
      outer loop
         vertex 1.298024e-01 1.076206e+00 -5.755193e+00
         vertex 8.502754e-02 1.079853e+00 -5.729109e+00
         vertex 1.186669e-01 1.133654e+00 -5.765346e+00
      endloop
   endfacet
   facet normal -4.989617e-01 -2.474375e-01 -8.305492e-01
      outer loop
         vertex 1.186669e-01 1.133654e+00 -5.765346e+00
         vertex 8.502754e-02 1.079853e+00 -5.729109e+00
         vertex 7.227056e-02 1.137589e+00 -5.738645e+00
      endloop
   endfacet
   facet normal -5.007885e-01 -2.144442e-01 -8.385849e-01
      outer loop
         vertex 1.186669e-01 1.133654e+00 -5.765346e+00
         vertex 7.227056e-02 1.137589e+00 -5.738645e+00
         vertex 1.089955e-01 1.192299e+00 -5.774567e+00
      endloop
   endfacet
   facet normal -4.975376e-01 -2.173972e-01 -8.397588e-01
      outer loop
         vertex 1.089955e-01 1.192299e+00 -5.774567e+00
         vertex 7.227056e-02 1.137589e+00 -5.738645e+00
         vertex 6.110591e-02 1.196512e+00 -5.747285e+00
      endloop
   endfacet
   facet normal -4.986923e-01 -1.852682e-01 -8.467477e-01
      outer loop
         vertex 1.089955e-01 1.192299e+00 -5.774567e+00
         vertex 6.110591e-02 1.196512e+00 -5.747285e+00
         vertex 1.009109e-01 1.251760e+00 -5.782816e+00
      endloop
   endfacet
   facet normal -4.959704e-01 -1.878861e-01 -8.477690e-01
      outer loop
         vertex 1.009109e-01 1.251760e+00 -5.782816e+00
         vertex 6.110591e-02 1.196512e+00 -5.747285e+00
         vertex 5.165705e-02 1.256239e+00 -5.754994e+00
      endloop
   endfacet
   facet normal -4.965106e-01 -1.577213e-01 -8.535814e-01
      outer loop
         vertex 1.009109e-01 1.251760e+00 -5.782816e+00
         vertex 5.165705e-02 1.256239e+00 -5.754994e+00
         vertex 9.446799e-02 1.311654e+00 -5.790135e+00
      endloop
   endfacet
   facet normal -4.941587e-01 -1.601203e-01 -8.544991e-01
      outer loop
         vertex 9.446799e-02 1.311654e+00 -5.790135e+00
         vertex 5.165705e-02 1.256239e+00 -5.754994e+00
         vertex 4.397993e-02 1.316383e+00 -5.761824e+00
      endloop
   endfacet
   facet normal -4.941998e-01 -1.320325e-01 -8.592637e-01
      outer loop
         vertex 9.446799e-02 1.311654e+00 -5.790135e+00
         vertex 4.397993e-02 1.316383e+00 -5.761824e+00
         vertex 8.965500e-02 1.371709e+00 -5.796595e+00
      endloop
   endfacet
   facet normal -4.921529e-01 -1.342449e-01 -8.600952e-01
      outer loop
         vertex 8.965500e-02 1.371709e+00 -5.796595e+00
         vertex 4.397993e-02 1.316383e+00 -5.761824e+00
         vertex 3.806577e-02 1.376680e+00 -5.767851e+00
      endloop
   endfacet
   facet normal -4.917860e-01 -1.076529e-01 -8.640355e-01
      outer loop
         vertex 8.965500e-02 1.371709e+00 -5.796595e+00
         vertex 3.806577e-02 1.376680e+00 -5.767851e+00
         vertex 8.639430e-02 1.431884e+00 -5.802236e+00
      endloop
   endfacet
   facet normal -4.900463e-01 -1.096361e-01 -8.647743e-01
      outer loop
         vertex 8.639430e-02 1.431884e+00 -5.802236e+00
         vertex 3.806577e-02 1.376680e+00 -5.767851e+00
         vertex 3.384365e-02 1.437111e+00 -5.773120e+00
      endloop
   endfacet
   facet normal -4.892915e-01 -8.338751e-02 -8.681246e-01
      outer loop
         vertex 8.639430e-02 1.431884e+00 -5.802236e+00
         vertex 3.384365e-02 1.437111e+00 -5.773120e+00
         vertex 8.454511e-02 1.492488e+00 -5.807016e+00
      endloop
   endfacet
   facet normal -4.879483e-01 -8.498511e-02 -8.687255e-01
      outer loop
         vertex 8.454511e-02 1.492488e+00 -5.807016e+00
         vertex 3.384365e-02 1.437111e+00 -5.773120e+00
         vertex 3.118477e-02 1.498026e+00 -5.777586e+00
      endloop
   endfacet
   facet normal -4.867162e-01 -5.748447e-02 -8.716667e-01
      outer loop
         vertex 8.454511e-02 1.492488e+00 -5.807016e+00
         vertex 3.118477e-02 1.498026e+00 -5.777586e+00
         vertex 8.418030e-02 1.553703e+00 -5.810849e+00
      endloop
   endfacet
   facet normal -4.857698e-01 -5.865401e-02 -8.721166e-01
      outer loop
         vertex 8.418030e-02 1.553703e+00 -5.810849e+00
         vertex 3.118477e-02 1.498026e+00 -5.777586e+00
         vertex 3.016862e-02 1.559610e+00 -5.781162e+00
      endloop
   endfacet
   facet normal -4.839413e-01 -2.942357e-02 -8.746057e-01
      outer loop
         vertex 8.418030e-02 1.553703e+00 -5.810849e+00
         vertex 3.016862e-02 1.559610e+00 -5.781162e+00
         vertex 8.573256e-02 1.614807e+00 -5.813763e+00
      endloop
   endfacet
   facet normal -4.831846e-01 -3.041241e-02 -8.749901e-01
      outer loop
         vertex 8.573256e-02 1.614807e+00 -5.813763e+00
         vertex 3.016862e-02 1.559610e+00 -5.781162e+00
         vertex 3.121491e-02 1.621040e+00 -5.783875e+00
      endloop
   endfacet
   facet normal -4.808077e-01 -8.214123e-04 -8.768257e-01
      outer loop
         vertex 8.573256e-02 1.614807e+00 -5.813763e+00
         vertex 3.121491e-02 1.621040e+00 -5.783875e+00
         vertex 8.930994e-02 1.675140e+00 -5.815782e+00
      endloop
   endfacet
   facet normal -4.801759e-01 -1.703320e-03 -8.771706e-01
      outer loop
         vertex 8.930994e-02 1.675140e+00 -5.815782e+00
         vertex 3.121491e-02 1.621040e+00 -5.783875e+00
         vertex 3.442155e-02 1.681565e+00 -5.785747e+00
      endloop
   endfacet
   facet normal -4.774206e-01 2.693509e-02 -8.782620e-01
      outer loop
         vertex 8.930994e-02 1.675140e+00 -5.815782e+00
         vertex 3.442155e-02 1.681565e+00 -5.785747e+00
         vertex 9.470592e-02 1.734251e+00 -5.816902e+00
      endloop
   endfacet
   facet normal -4.769505e-01 2.623366e-02 -8.785386e-01
      outer loop
         vertex 9.470592e-02 1.734251e+00 -5.816902e+00
         vertex 3.442155e-02 1.681565e+00 -5.785747e+00
         vertex 3.957742e-02 1.740668e+00 -5.786782e+00
      endloop
   endfacet
   facet normal -4.740586e-01 5.281258e-02 -8.789080e-01
      outer loop
         vertex 9.470592e-02 1.734251e+00 -5.816902e+00
         vertex 3.957742e-02 1.740668e+00 -5.786782e+00
         vertex 1.015110e-01 1.791887e+00 -5.817109e+00
      endloop
   endfacet
   facet normal -4.738849e-01 5.253744e-02 -8.790181e-01
      outer loop
         vertex 1.015110e-01 1.791887e+00 -5.817109e+00
         vertex 3.957742e-02 1.740668e+00 -5.786782e+00
         vertex 4.627297e-02 1.798054e+00 -5.786961e+00
      endloop
   endfacet
   facet normal -4.698114e-01 8.655503e-02 -8.785132e-01
      outer loop
         vertex 1.015110e-01 1.791887e+00 -5.817109e+00
         vertex 4.627297e-02 1.798054e+00 -5.786961e+00
         vertex 1.173653e-01 1.902618e+00 -5.814678e+00
      endloop
   endfacet
   facet normal -4.709373e-01 8.750540e-02 -8.778159e-01
      outer loop
         vertex 1.173653e-01 1.902618e+00 -5.814678e+00
         vertex 4.627297e-02 1.798054e+00 -5.786961e+00
         vertex 6.231641e-02 1.907539e+00 -5.784655e+00
      endloop
   endfacet
   facet normal -4.664283e-01 1.249646e-01 -8.756874e-01
      outer loop
         vertex 1.173653e-01 1.902618e+00 -5.814678e+00
         vertex 6.231641e-02 1.907539e+00 -5.784655e+00
         vertex 1.337765e-01 2.008721e+00 -5.808278e+00
      endloop
   endfacet
   facet normal -4.703288e-01 1.283205e-01 -8.731121e-01
      outer loop
         vertex 1.337765e-01 2.008721e+00 -5.808278e+00
         vertex 6.231641e-02 1.907539e+00 -5.784655e+00
         vertex 7.951004e-02 2.011649e+00 -5.778615e+00
      endloop
   endfacet
   facet normal -4.662703e-01 1.643425e-01 -8.692431e-01
      outer loop
         vertex 1.337765e-01 2.008721e+00 -5.808278e+00
         vertex 7.951004e-02 2.011649e+00 -5.778615e+00
         vertex 1.513722e-01 2.113763e+00 -5.797857e+00
      endloop
   endfacet
   facet normal -4.729628e-01 1.699388e-01 -8.645386e-01
      outer loop
         vertex 1.513722e-01 2.113763e+00 -5.797857e+00
         vertex 7.951004e-02 2.011649e+00 -5.778615e+00
         vertex 9.854617e-02 2.114653e+00 -5.768782e+00
      endloop
   endfacet
   facet normal -4.694288e-01 2.037041e-01 -8.591515e-01
      outer loop
         vertex 1.513722e-01 2.113763e+00 -5.797857e+00
         vertex 9.854617e-02 2.114653e+00 -5.768782e+00
         vertex 1.715997e-01 2.219535e+00 -5.783830e+00
      endloop
   endfacet
   facet normal -4.785155e-01 2.110092e-01 -8.523486e-01
      outer loop
         vertex 1.715997e-01 2.219535e+00 -5.783830e+00
         vertex 9.854617e-02 2.114653e+00 -5.768782e+00
         vertex 1.208708e-01 2.218596e+00 -5.755583e+00
      endloop
   endfacet
   facet normal -4.756515e-01 2.400748e-01 -8.462386e-01
      outer loop
         vertex 1.715997e-01 2.219535e+00 -5.783830e+00
         vertex 1.208708e-01 2.218596e+00 -5.755583e+00
         vertex 1.930937e-01 2.324696e+00 -5.766078e+00
      endloop
   endfacet
   facet normal -4.876615e-01 2.491921e-01 -8.367136e-01
      outer loop
         vertex 1.930937e-01 2.324696e+00 -5.766078e+00
         vertex 1.208708e-01 2.218596e+00 -5.755583e+00
         vertex 1.450592e-01 2.322004e+00 -5.738884e+00
      endloop
   endfacet
   facet normal -4.848741e-01 2.792075e-01 -8.288186e-01
      outer loop
         vertex 1.930937e-01 2.324696e+00 -5.766078e+00
         vertex 1.450592e-01 2.322004e+00 -5.738884e+00
         vertex 2.155628e-01 2.428590e+00 -5.744223e+00
      endloop
   endfacet
   facet normal -4.994104e-01 2.894355e-01 -8.165882e-01
      outer loop
         vertex 2.155628e-01 2.428590e+00 -5.744223e+00
         vertex 1.450592e-01 2.322004e+00 -5.738884e+00
         vertex 1.707668e-01 2.424613e+00 -5.718237e+00
      endloop
   endfacet
   facet normal -4.976262e-01 3.088570e-01 -8.105403e-01
      outer loop
         vertex 2.155628e-01 2.428590e+00 -5.744223e+00
         vertex 1.707668e-01 2.424613e+00 -5.718237e+00
         vertex 2.392329e-01 2.531447e+00 -5.719562e+00
      endloop
   endfacet
   facet normal -5.130048e-01 3.188811e-01 -7.969573e-01
      outer loop
         vertex 2.392329e-01 2.531447e+00 -5.719562e+00
         vertex 1.707668e-01 2.424613e+00 -5.718237e+00
         vertex 1.981567e-01 2.527065e+00 -5.694875e+00
      endloop
   endfacet
   facet normal -5.138121e-01 3.102800e-01 -7.998271e-01
      outer loop
         vertex 2.392329e-01 2.531447e+00 -5.719562e+00
         vertex 1.981567e-01 2.527065e+00 -5.694875e+00
         vertex 2.515057e-01 2.582784e+00 -5.707531e+00
      endloop
   endfacet
   facet normal -5.211701e-01 3.192149e-01 -7.915071e-01
      outer loop
         vertex 2.515057e-01 2.582784e+00 -5.707531e+00
         vertex 1.981567e-01 2.527065e+00 -5.694875e+00
         vertex 2.124420e-01 2.578519e+00 -5.683529e+00
      endloop
   endfacet
   facet normal -5.238244e-01 2.895859e-01 -8.010918e-01
      outer loop
         vertex 2.515057e-01 2.582784e+00 -5.707531e+00
         vertex 2.124420e-01 2.578519e+00 -5.683529e+00
         vertex 2.639362e-01 2.634315e+00 -5.697031e+00
      endloop
   endfacet
   facet normal -5.317039e-01 2.989586e-01 -7.924107e-01
      outer loop
         vertex 2.639362e-01 2.634315e+00 -5.697031e+00
         vertex 2.124420e-01 2.578519e+00 -5.683529e+00
         vertex 2.269661e-01 2.630254e+00 -5.673756e+00
      endloop
   endfacet
   facet normal -5.348358e-01 2.584913e-01 -8.044458e-01
      outer loop
         vertex 2.639362e-01 2.634315e+00 -5.697031e+00
         vertex 2.269661e-01 2.630254e+00 -5.673756e+00
         vertex 2.889816e-01 2.738294e+00 -5.680271e+00
      endloop
   endfacet
   facet normal -5.537612e-01 2.703729e-01 -7.875577e-01
      outer loop
         vertex 2.889816e-01 2.738294e+00 -5.680271e+00
         vertex 2.269661e-01 2.630254e+00 -5.673756e+00
         vertex 2.564080e-01 2.734638e+00 -5.658622e+00
      endloop
   endfacet
   facet normal -5.550760e-01 2.524672e-01 -7.925598e-01
      outer loop
         vertex 2.889816e-01 2.738294e+00 -5.680271e+00
         vertex 2.564080e-01 2.734638e+00 -5.658622e+00
         vertex 3.142077e-01 2.843311e+00 -5.664486e+00
      endloop
   endfacet
   facet normal -5.772219e-01 2.653403e-01 -7.722755e-01
      outer loop
         vertex 3.142077e-01 2.843311e+00 -5.664486e+00
         vertex 2.564080e-01 2.734638e+00 -5.658622e+00
         vertex 2.862845e-01 2.840150e+00 -5.644701e+00
      endloop
   endfacet
   facet normal -5.790744e-01 2.414070e-01 -7.787140e-01
      outer loop
         vertex 3.142077e-01 2.843311e+00 -5.664486e+00
         vertex 2.862845e-01 2.840150e+00 -5.644701e+00
         vertex 3.391113e-01 2.949372e+00 -5.650125e+00
      endloop
   endfacet
   facet normal -6.054908e-01 2.554234e-01 -7.537504e-01
      outer loop
         vertex 3.391113e-01 2.949372e+00 -5.650125e+00
         vertex 2.862845e-01 2.840150e+00 -5.644701e+00
         vertex 3.160174e-01 2.946794e+00 -5.632447e+00
      endloop
   endfacet
   facet normal -6.090818e-01 2.079210e-01 -7.653680e-01
      outer loop
         vertex 3.391113e-01 2.949372e+00 -5.650125e+00
         vertex 3.160174e-01 2.946794e+00 -5.632447e+00
         vertex 3.629375e-01 3.056726e+00 -5.639922e+00
      endloop
   endfacet
   facet normal -6.418645e-01 2.240904e-01 -7.333440e-01
      outer loop
         vertex 3.629375e-01 3.056726e+00 -5.639922e+00
         vertex 3.160174e-01 2.946794e+00 -5.632447e+00
         vertex 3.447533e-01 3.054740e+00 -5.624613e+00
      endloop
   endfacet
   facet normal -6.450680e-01 1.777831e-01 -7.431558e-01
      outer loop
         vertex 3.629375e-01 3.056726e+00 -5.639922e+00
         vertex 3.447533e-01 3.054740e+00 -5.624613e+00
         vertex 3.850037e-01 3.165779e+00 -5.632987e+00
      endloop
   endfacet
   facet normal -6.866337e-01 1.961008e-01 -7.000562e-01
      outer loop
         vertex 3.850037e-01 3.165779e+00 -5.632987e+00
         vertex 3.447533e-01 3.054740e+00 -5.624613e+00
         vertex 3.717221e-01 3.164346e+00 -5.620362e+00
      endloop
   endfacet
   facet normal -6.871722e-01 1.893254e-01 -7.013917e-01
      outer loop
         vertex 3.850037e-01 3.165779e+00 -5.632987e+00
         vertex 3.717221e-01 3.164346e+00 -5.620362e+00
         vertex 4.061353e-01 3.276506e+00 -5.623802e+00
      endloop
   endfacet
   facet normal -7.498412e-01 2.108315e-01 -6.271270e-01
      outer loop
         vertex 4.061353e-01 3.276506e+00 -5.623802e+00
         vertex 3.717221e-01 3.164346e+00 -5.620362e+00
         vertex 3.977823e-01 3.275613e+00 -5.614115e+00
      endloop
   endfacet
   facet normal -7.521255e-01 1.900896e-01 -6.310096e-01
      outer loop
         vertex 4.061353e-01 3.276506e+00 -5.623802e+00
         vertex 3.977823e-01 3.275613e+00 -5.614115e+00
         vertex 4.164856e-01 3.331950e+00 -5.619437e+00
      endloop
   endfacet
   facet normal -7.917221e-01 2.086049e-01 -5.741603e-01
      outer loop
         vertex 4.164856e-01 3.331950e+00 -5.619437e+00
         vertex 3.977823e-01 3.275613e+00 -5.614115e+00
         vertex 4.105094e-01 3.331289e+00 -5.611436e+00
      endloop
   endfacet
   facet normal -7.967717e-01 1.639138e-01 -5.816246e-01
      outer loop
         vertex 4.164856e-01 3.331950e+00 -5.619437e+00
         vertex 4.105094e-01 3.331289e+00 -5.611436e+00
         vertex 4.241648e-01 3.387408e+00 -5.614327e+00
      endloop
   endfacet
   facet normal -8.177303e-01 1.706574e-01 -5.497211e-01
      outer loop
         vertex 4.241648e-01 3.387408e+00 -5.614327e+00
         vertex 4.105094e-01 3.331289e+00 -5.611436e+00
         vertex 4.201327e-01 3.386945e+00 -5.608473e+00
      endloop
   endfacet
   facet normal -8.220701e-01 1.191320e-01 -5.567839e-01
      outer loop
         vertex 4.241648e-01 3.387408e+00 -5.614327e+00
         vertex 4.201327e-01 3.386945e+00 -5.608473e+00
         vertex 4.261909e-01 3.415172e+00 -5.611378e+00
      endloop
   endfacet
   facet normal -8.121269e-01 1.154372e-01 -5.719476e-01
      outer loop
         vertex 4.261909e-01 3.415172e+00 -5.611378e+00
         vertex 4.201327e-01 3.386945e+00 -5.608473e+00
         vertex 4.228536e-01 3.414790e+00 -5.606716e+00
      endloop
   endfacet
   facet normal -8.137223e-01 7.493696e-02 -5.764030e-01
      outer loop
         vertex 4.261909e-01 3.415172e+00 -5.611378e+00
         vertex 4.228536e-01 3.414790e+00 -5.606716e+00
         vertex 4.266618e-01 3.442965e+00 -5.608430e+00
      endloop
   endfacet
   facet normal -7.763738e-01 6.682942e-02 -6.267196e-01
      outer loop
         vertex 4.266618e-01 3.442965e+00 -5.608430e+00
         vertex 4.228536e-01 3.414790e+00 -5.606716e+00
         vertex 4.237821e-01 3.442647e+00 -5.604896e+00
      endloop
   endfacet
   facet normal -7.759207e-01 2.090639e-02 -6.304839e-01
      outer loop
         vertex 4.266618e-01 3.442965e+00 -5.608430e+00
         vertex 4.237821e-01 3.442647e+00 -5.604896e+00
         vertex 4.254448e-01 3.470779e+00 -5.606010e+00
      endloop
   endfacet
   facet normal -7.068963e-01 1.379114e-02 -7.071828e-01
      outer loop
         vertex 4.254448e-01 3.470779e+00 -5.606010e+00
         vertex 4.237821e-01 3.442647e+00 -5.604896e+00
         vertex 4.227593e-01 3.470497e+00 -5.603331e+00
      endloop
   endfacet
   facet normal -7.029679e-01 -4.720155e-02 -7.096536e-01
      outer loop
         vertex 4.254448e-01 3.470779e+00 -5.606010e+00
         vertex 4.227593e-01 3.470497e+00 -5.603331e+00
         vertex 4.225579e-01 3.498581e+00 -5.604999e+00
      endloop
   endfacet
   facet normal -6.535846e-01 -4.955515e-02 -7.552294e-01
      outer loop
         vertex 4.225579e-01 3.498581e+00 -5.604999e+00
         vertex 4.227593e-01 3.470497e+00 -5.603331e+00
         vertex 4.197933e-01 3.498296e+00 -5.602588e+00
      endloop
   endfacet
   facet normal -6.541447e-01 -5.430815e-02 -7.544172e-01
      outer loop
         vertex 4.225139e-01 -7.232908e-04 -5.604994e+00
         vertex 4.197330e-01 -6.890583e-04 -5.602586e+00
         vertex 4.222554e-01 2.722438e-02 -5.606782e+00
      endloop
   endfacet
   facet normal -7.028891e-01 -4.322335e-02 -7.099849e-01
      outer loop
         vertex 4.222554e-01 2.722438e-02 -5.606782e+00
         vertex 4.197330e-01 -6.890583e-04 -5.602586e+00
         vertex 4.195513e-01 2.727764e-02 -5.604108e+00
      endloop
   endfacet
   facet normal -6.981435e-01 -1.335822e-01 -7.033857e-01
      outer loop
         vertex 4.222554e-01 2.722438e-02 -5.606782e+00
         vertex 4.195513e-01 2.727764e-02 -5.604108e+00
         vertex 4.201810e-01 5.484717e-02 -5.609969e+00
      endloop
   endfacet
   facet normal -7.687071e-01 -1.161502e-01 -6.289662e-01
      outer loop
         vertex 4.201810e-01 5.484717e-02 -5.609969e+00
         vertex 4.195513e-01 2.727764e-02 -5.604108e+00
         vertex 4.172813e-01 5.492619e-02 -5.606440e+00
      endloop
   endfacet
   facet normal -7.610503e-01 -1.872356e-01 -6.210839e-01
      outer loop
         vertex 4.201810e-01 5.484717e-02 -5.609969e+00
         vertex 4.172813e-01 5.492619e-02 -5.606440e+00
         vertex 4.164666e-01 8.226351e-02 -5.613683e+00
      endloop
   endfacet
   facet normal -8.004093e-01 -1.757025e-01 -5.731261e-01
      outer loop
         vertex 4.164666e-01 8.226351e-02 -5.613683e+00
         vertex 4.172813e-01 5.492619e-02 -5.606440e+00
         vertex 4.131065e-01 8.237621e-02 -5.609025e+00
      endloop
   endfacet
   facet normal -7.925095e-01 -2.266070e-01 -5.661960e-01
      outer loop
         vertex 4.164666e-01 8.226351e-02 -5.613683e+00
         vertex 4.131065e-01 8.237621e-02 -5.609025e+00
         vertex 4.113217e-01 1.095425e-01 -5.617399e+00
      endloop
   endfacet
   facet normal -8.035653e-01 -2.229246e-01 -5.518943e-01
      outer loop
         vertex 4.113217e-01 1.095425e-01 -5.617399e+00
         vertex 4.131065e-01 8.237621e-02 -5.609025e+00
         vertex 4.072615e-01 1.096938e-01 -5.611549e+00
      endloop
   endfacet
   facet normal -7.950211e-01 -2.666406e-01 -5.448342e-01
      outer loop
         vertex 4.113217e-01 1.095425e-01 -5.617399e+00
         vertex 4.072615e-01 1.096938e-01 -5.611549e+00
         vertex 3.976816e-01 1.637909e-01 -5.624045e+00
      endloop
   endfacet
   facet normal -7.728063e-01 -2.695697e-01 -5.745455e-01
      outer loop
         vertex 3.976816e-01 1.637909e-01 -5.624045e+00
         vertex 4.072615e-01 1.096938e-01 -5.611549e+00
         vertex 3.916616e-01 1.640111e-01 -5.616051e+00
      endloop
   endfacet
   facet normal -7.666934e-01 -2.969984e-01 -5.691865e-01
      outer loop
         vertex 3.976816e-01 1.637909e-01 -5.624045e+00
         vertex 3.916616e-01 1.640111e-01 -5.616051e+00
         vertex 3.811974e-01 2.176193e-01 -5.629928e+00
      endloop
   endfacet
   facet normal -7.231734e-01 -3.019578e-01 -6.211616e-01
      outer loop
         vertex 3.811974e-01 2.176193e-01 -5.629928e+00
         vertex 3.916616e-01 1.640111e-01 -5.616051e+00
         vertex 3.727849e-01 2.178594e-01 -5.620250e+00
      endloop
   endfacet
   facet normal -7.221086e-01 -3.066099e-01 -6.201206e-01
      outer loop
         vertex 3.811974e-01 2.176193e-01 -5.629928e+00
         vertex 3.727849e-01 2.178594e-01 -5.620250e+00
         vertex 3.463071e-01 3.244351e-01 -5.642113e+00
      endloop
   endfacet
   facet normal -6.562100e-01 -3.046440e-01 -6.903481e-01
      outer loop
         vertex 3.463071e-01 3.244351e-01 -5.642113e+00
         vertex 3.727849e-01 2.178594e-01 -5.620250e+00
         vertex 3.329477e-01 3.246265e-01 -5.629499e+00
      endloop
   endfacet
   facet normal -6.627577e-01 -2.717595e-01 -6.977815e-01
      outer loop
         vertex 3.463071e-01 3.244351e-01 -5.642113e+00
         vertex 3.329477e-01 3.246265e-01 -5.629499e+00
         vertex 3.127037e-01 4.319453e-01 -5.652067e+00
      endloop
   endfacet
   facet normal -6.210706e-01 -2.717511e-01 -7.351345e-01
      outer loop
         vertex 3.127037e-01 4.319453e-01 -5.652067e+00
         vertex 3.329477e-01 3.246265e-01 -5.629499e+00
         vertex 2.944022e-01 4.324025e-01 -5.636774e+00
      endloop
   endfacet
   facet normal -6.197665e-01 -2.794581e-01 -7.333434e-01
      outer loop
         vertex 3.127037e-01 4.319453e-01 -5.652067e+00
         vertex 2.944022e-01 4.324025e-01 -5.636774e+00
         vertex 2.789775e-01 5.388962e-01 -5.664321e+00
      endloop
   endfacet
   facet normal -5.871209e-01 -2.813725e-01 -7.590247e-01
      outer loop
         vertex 2.789775e-01 5.388962e-01 -5.664321e+00
         vertex 2.944022e-01 4.324025e-01 -5.636774e+00
         vertex 2.557356e-01 5.397537e-01 -5.646660e+00
      endloop
   endfacet
   facet normal -5.852948e-01 -2.929203e-01 -7.560607e-01
      outer loop
         vertex 2.789775e-01 5.388962e-01 -5.664321e+00
         vertex 2.557356e-01 5.397537e-01 -5.646660e+00
         vertex 2.454869e-01 6.452767e-01 -5.679609e+00
      endloop
   endfacet
   facet normal -5.590847e-01 -2.961106e-01 -7.744306e-01
      outer loop
         vertex 2.454869e-01 6.452767e-01 -5.679609e+00
         vertex 2.557356e-01 5.397537e-01 -5.646660e+00
         vertex 2.174061e-01 6.465780e-01 -5.659834e+00
      endloop
   endfacet
   facet normal -5.608260e-01 -2.840012e-01 -7.777001e-01
      outer loop
         vertex 2.454869e-01 6.452767e-01 -5.679609e+00
         vertex 2.174061e-01 6.465780e-01 -5.659834e+00
         vertex 2.136666e-01 7.519784e-01 -5.695628e+00
      endloop
   endfacet
   facet normal -5.397048e-01 -2.878118e-01 -7.911277e-01
      outer loop
         vertex 2.136666e-01 7.519784e-01 -5.695628e+00
         vertex 2.174061e-01 6.465780e-01 -5.659834e+00
         vertex 1.809403e-01 7.538181e-01 -5.673971e+00
      endloop
   endfacet
   facet normal -5.416807e-01 -2.716245e-01 -7.954886e-01
      outer loop
         vertex 2.136666e-01 7.519784e-01 -5.695628e+00
         vertex 1.809403e-01 7.538181e-01 -5.673971e+00
         vertex 1.841108e-01 8.590597e-01 -5.712066e+00
      endloop
   endfacet
   facet normal -5.244922e-01 -2.757723e-01 -8.055170e-01
      outer loop
         vertex 1.841108e-01 8.590597e-01 -5.712066e+00
         vertex 1.809403e-01 7.538181e-01 -5.673971e+00
         vertex 1.470049e-01 8.615386e-01 -5.688754e+00
      endloop
   endfacet
   facet normal -5.221801e-01 -2.965077e-01 -7.996319e-01
      outer loop
         vertex 1.841108e-01 8.590597e-01 -5.712066e+00
         vertex 1.470049e-01 8.615386e-01 -5.688754e+00
         vertex 1.556305e-01 9.656652e-01 -5.732997e+00
      endloop
   endfacet
   facet normal -5.080511e-01 -3.008427e-01 -8.070798e-01
      outer loop
         vertex 1.556305e-01 9.656652e-01 -5.732997e+00
         vertex 1.470049e-01 8.615386e-01 -5.688754e+00
         vertex 1.144715e-01 9.687380e-01 -5.708233e+00
      endloop
   endfacet
   facet normal -5.099605e-01 -2.823072e-01 -8.125533e-01
      outer loop
         vertex 1.556305e-01 9.656652e-01 -5.732997e+00
         vertex 1.144715e-01 9.687380e-01 -5.708233e+00
         vertex 1.298024e-01 1.076206e+00 -5.755193e+00
      endloop
   endfacet
   facet normal -4.779969e-01 -2.935536e-01 -8.278558e-01
      outer loop
         vertex 1.298024e-01 1.076206e+00 -5.755193e+00
         vertex 1.144715e-01 9.687380e-01 -5.708233e+00
         vertex 9.918331e-02 1.023566e+00 -5.718848e+00
      endloop
   endfacet
   facet normal -5.005537e-01 -2.754929e-01 -8.207007e-01
      outer loop
         vertex 1.298024e-01 1.076206e+00 -5.755193e+00
         vertex 9.918331e-02 1.023566e+00 -5.718848e+00
         vertex 8.502754e-02 1.079853e+00 -5.729109e+00
      endloop
   endfacet
   facet normal -4.436136e-01 -1.349374e-02 -8.961166e-01
      outer loop
         vertex 4.225579e-01 3.498581e+00 -5.604999e+00
         vertex 4.267288e-01 3.498981e+00 -5.607070e+00
         vertex 4.254448e-01 3.470779e+00 -5.606010e+00
      endloop
   endfacet
   facet normal -4.928245e-01 -1.027397e-02 -8.700681e-01
      outer loop
         vertex 4.254448e-01 3.470779e+00 -5.606010e+00
         vertex 4.267288e-01 3.498981e+00 -5.607070e+00
         vertex 4.294971e-01 3.471169e+00 -5.608310e+00
      endloop
   endfacet
   facet normal -4.967927e-01 5.363097e-02 -8.662105e-01
      outer loop
         vertex 4.254448e-01 3.470779e+00 -5.606010e+00
         vertex 4.294971e-01 3.471169e+00 -5.608310e+00
         vertex 4.266618e-01 3.442965e+00 -5.608430e+00
      endloop
   endfacet
   facet normal -5.755759e-01 6.133456e-02 -8.154450e-01
      outer loop
         vertex 4.266618e-01 3.442965e+00 -5.608430e+00
         vertex 4.294971e-01 3.471169e+00 -5.608310e+00
         vertex 4.310072e-01 3.443403e+00 -5.611464e+00
      endloop
   endfacet
   facet normal -5.763445e-01 9.586223e-02 -8.115648e-01
      outer loop
         vertex 4.266618e-01 3.442965e+00 -5.608430e+00
         vertex 4.310072e-01 3.443403e+00 -5.611464e+00
         vertex 4.261909e-01 3.415172e+00 -5.611378e+00
      endloop
   endfacet
   facet normal -6.756789e-01 1.130610e-01 -7.284746e-01
      outer loop
         vertex 4.261909e-01 3.415172e+00 -5.611378e+00
         vertex 4.310072e-01 3.443403e+00 -5.611464e+00
         vertex 4.302501e-01 3.388037e+00 -5.619355e+00
      endloop
   endfacet
   facet normal -6.524530e-01 -2.104219e-01 -7.280301e-01
      outer loop
         vertex 4.245501e-01 5.483378e-02 -5.612999e+00
         vertex 4.164666e-01 8.226351e-02 -5.613683e+00
         vertex 4.174389e-01 1.094896e-01 -5.622423e+00
      endloop
   endfacet
   facet normal -6.203242e-01 -2.195798e-01 -7.529825e-01
      outer loop
         vertex 4.174389e-01 1.094896e-01 -5.622423e+00
         vertex 4.164666e-01 8.226351e-02 -5.613683e+00
         vertex 4.113217e-01 1.095425e-01 -5.617399e+00
      endloop
   endfacet
   facet normal -6.175162e-01 -2.390302e-01 -7.493586e-01
      outer loop
         vertex 4.174389e-01 1.094896e-01 -5.622423e+00
         vertex 4.113217e-01 1.095425e-01 -5.617399e+00
         vertex 4.067509e-01 1.637038e-01 -5.630909e+00
      endloop
   endfacet
   facet normal -5.870070e-01 -2.422266e-01 -7.724954e-01
      outer loop
         vertex 4.067509e-01 1.637038e-01 -5.630909e+00
         vertex 4.113217e-01 1.095425e-01 -5.617399e+00
         vertex 3.976816e-01 1.637909e-01 -5.624045e+00
      endloop
   endfacet
   facet normal -5.865554e-01 -2.453283e-01 -7.718593e-01
      outer loop
         vertex 4.067509e-01 1.637038e-01 -5.630909e+00
         vertex 3.976816e-01 1.637909e-01 -5.624045e+00
         vertex 3.938723e-01 2.175542e-01 -5.638238e+00
      endloop
   endfacet
   facet normal -5.316215e-01 -2.512073e-01 -8.088717e-01
      outer loop
         vertex 3.938723e-01 2.175542e-01 -5.638238e+00
         vertex 3.976816e-01 1.637909e-01 -5.624045e+00
         vertex 3.811974e-01 2.176193e-01 -5.629928e+00
      endloop
   endfacet
   facet normal -5.321001e-01 -2.477306e-01 -8.096289e-01
      outer loop
         vertex 3.938723e-01 2.175542e-01 -5.638238e+00
         vertex 3.811974e-01 2.176193e-01 -5.629928e+00
         vertex 3.664411e-01 3.245371e-01 -5.652945e+00
      endloop
   endfacet
   facet normal -4.581157e-01 -2.470443e-01 -8.538730e-01
      outer loop
         vertex 3.664411e-01 3.245371e-01 -5.652945e+00
         vertex 3.811974e-01 2.176193e-01 -5.629928e+00
         vertex 3.463071e-01 3.244351e-01 -5.642113e+00
      endloop
   endfacet
   facet normal -4.622767e-01 -2.109923e-01 -8.612679e-01
      outer loop
         vertex 3.664411e-01 3.245371e-01 -5.652945e+00
         vertex 3.463071e-01 3.244351e-01 -5.642113e+00
         vertex 3.402813e-01 4.318764e-01 -5.665199e+00
      endloop
   endfacet
   facet normal -4.204915e-01 -2.130863e-01 -8.819190e-01
      outer loop
         vertex 3.402813e-01 4.318764e-01 -5.665199e+00
         vertex 3.463071e-01 3.244351e-01 -5.642113e+00
         vertex 3.127037e-01 4.319453e-01 -5.652067e+00
      endloop
   endfacet
   facet normal -4.197204e-01 -2.213219e-01 -8.802564e-01
      outer loop
         vertex 3.402813e-01 4.318764e-01 -5.665199e+00
         vertex 3.127037e-01 4.319453e-01 -5.652067e+00
         vertex 3.139953e-01 5.385469e-01 -5.679486e+00
      endloop
   endfacet
   facet normal -3.891003e-01 -2.250437e-01 -8.932840e-01
      outer loop
         vertex 3.139953e-01 5.385469e-01 -5.679486e+00
         vertex 3.127037e-01 4.319453e-01 -5.652067e+00
         vertex 2.789775e-01 5.388962e-01 -5.664321e+00
      endloop
   endfacet
   facet normal -3.878654e-01 -2.393245e-01 -8.901035e-01
      outer loop
         vertex 3.139953e-01 5.385469e-01 -5.679486e+00
         vertex 2.789775e-01 5.388962e-01 -5.664321e+00
         vertex 2.877936e-01 6.446274e-01 -5.696591e+00
      endloop
   endfacet
   facet normal -3.644703e-01 -2.439010e-01 -8.987067e-01
      outer loop
         vertex 2.877936e-01 6.446274e-01 -5.696591e+00
         vertex 2.789775e-01 5.388962e-01 -5.664321e+00
         vertex 2.454869e-01 6.452767e-01 -5.679609e+00
      endloop
   endfacet
   facet normal -3.651902e-01 -2.347436e-01 -9.008505e-01
      outer loop
         vertex 2.877936e-01 6.446274e-01 -5.696591e+00
         vertex 2.454869e-01 6.452767e-01 -5.679609e+00
         vertex 2.629691e-01 7.509213e-01 -5.714225e+00
      endloop
   endfacet
   facet normal -3.471415e-01 -2.396399e-01 -9.066783e-01
      outer loop
         vertex 2.629691e-01 7.509213e-01 -5.714225e+00
         vertex 2.454869e-01 6.452767e-01 -5.679609e+00
         vertex 2.136666e-01 7.519784e-01 -5.695628e+00
      endloop
   endfacet
   facet normal -3.479490e-01 -2.274106e-01 -9.095141e-01
      outer loop
         vertex 2.629691e-01 7.509213e-01 -5.714225e+00
         vertex 2.136666e-01 7.519784e-01 -5.695628e+00
         vertex 2.400051e-01 8.574814e-01 -5.732084e+00
      endloop
   endfacet
   facet normal -3.337471e-01 -2.323597e-01 -9.135764e-01
      outer loop
         vertex 2.400051e-01 8.574814e-01 -5.732084e+00
         vertex 2.136666e-01 7.519784e-01 -5.695628e+00
         vertex 1.841108e-01 8.590597e-01 -5.712066e+00
      endloop
   endfacet
   facet normal -3.321022e-01 -2.595063e-01 -9.068432e-01
      outer loop
         vertex 2.400051e-01 8.574814e-01 -5.732084e+00
         vertex 1.841108e-01 8.590597e-01 -5.712066e+00
         vertex 2.176327e-01 9.636168e-01 -5.754263e+00
      endloop
   endfacet
   facet normal -3.206930e-01 -2.642652e-01 -9.095713e-01
      outer loop
         vertex 2.176327e-01 9.636168e-01 -5.754263e+00
         vertex 1.841108e-01 8.590597e-01 -5.712066e+00
         vertex 1.556305e-01 9.656652e-01 -5.732997e+00
      endloop
   endfacet
   facet normal -3.213164e-01 -2.534174e-01 -9.124338e-01
      outer loop
         vertex 2.176327e-01 9.636168e-01 -5.754263e+00
         vertex 1.556305e-01 9.656652e-01 -5.732997e+00
         vertex 1.972830e-01 1.073418e+00 -5.777592e+00
      endloop
   endfacet
   facet normal -3.140074e-01 -2.568931e-01 -9.140051e-01
      outer loop
         vertex 1.972830e-01 1.073418e+00 -5.777592e+00
         vertex 1.556305e-01 9.656652e-01 -5.732997e+00
         vertex 1.298024e-01 1.076206e+00 -5.755193e+00
      endloop
   endfacet
   facet normal -3.154522e-01 -2.211895e-01 -9.228029e-01
      outer loop
         vertex 1.972830e-01 1.073418e+00 -5.777592e+00
         vertex 1.298024e-01 1.076206e+00 -5.755193e+00
         vertex 1.886154e-01 1.130349e+00 -5.788276e+00
      endloop
   endfacet
   facet normal -3.131233e-01 -2.238168e-01 -9.229625e-01
      outer loop
         vertex 1.886154e-01 1.130349e+00 -5.788276e+00
         vertex 1.298024e-01 1.076206e+00 -5.755193e+00
         vertex 1.186669e-01 1.133654e+00 -5.765346e+00
      endloop
   endfacet
   facet normal -3.138103e-01 -1.955160e-01 -9.291375e-01
      outer loop
         vertex 1.886154e-01 1.130349e+00 -5.788276e+00
         vertex 1.186669e-01 1.133654e+00 -5.765346e+00
         vertex 1.812213e-01 1.188410e+00 -5.797996e+00
      endloop
   endfacet
   facet normal -3.120768e-01 -1.975838e-01 -9.292840e-01
      outer loop
         vertex 1.812213e-01 1.188410e+00 -5.797996e+00
         vertex 1.186669e-01 1.133654e+00 -5.765346e+00
         vertex 1.089955e-01 1.192299e+00 -5.774567e+00
      endloop
   endfacet
   facet normal -3.123276e-01 -1.702219e-01 -9.345994e-01
      outer loop
         vertex 1.812213e-01 1.188410e+00 -5.797996e+00
         vertex 1.089955e-01 1.192299e+00 -5.774567e+00
         vertex 1.752187e-01 1.247254e+00 -5.806707e+00
      endloop
   endfacet
   facet normal -3.109611e-01 -1.719501e-01 -9.347387e-01
      outer loop
         vertex 1.752187e-01 1.247254e+00 -5.806707e+00
         vertex 1.089955e-01 1.192299e+00 -5.774567e+00
         vertex 1.009109e-01 1.251760e+00 -5.782816e+00
      endloop
   endfacet
   facet normal -3.108236e-01 -1.465391e-01 -9.391033e-01
      outer loop
         vertex 1.752187e-01 1.247254e+00 -5.806707e+00
         vertex 1.009109e-01 1.251760e+00 -5.782816e+00
         vertex 1.706574e-01 1.306527e+00 -5.814447e+00
      endloop
   endfacet
   facet normal -3.096682e-01 -1.480904e-01 -9.392416e-01
      outer loop
         vertex 1.706574e-01 1.306527e+00 -5.814447e+00
         vertex 1.009109e-01 1.251760e+00 -5.782816e+00
         vertex 9.446799e-02 1.311654e+00 -5.790135e+00
      endloop
   endfacet
   facet normal -3.092223e-01 -1.246837e-01 -9.427808e-01
      outer loop
         vertex 1.706574e-01 1.306527e+00 -5.814447e+00
         vertex 9.446799e-02 1.311654e+00 -5.790135e+00
         vertex 1.675185e-01 1.365965e+00 -5.821278e+00
      endloop
   endfacet
   facet normal -3.082103e-01 -1.261250e-01 -9.429204e-01
      outer loop
         vertex 1.675185e-01 1.365965e+00 -5.821278e+00
         vertex 9.446799e-02 1.311654e+00 -5.790135e+00
         vertex 8.965500e-02 1.371709e+00 -5.796595e+00
      endloop
   endfacet
   facet normal -3.075060e-01 -1.040116e-01 -9.458444e-01
      outer loop
         vertex 1.675185e-01 1.365965e+00 -5.821278e+00
         vertex 8.965500e-02 1.371709e+00 -5.796595e+00
         vertex 1.657136e-01 1.425508e+00 -5.827239e+00
      endloop
   endfacet
   facet normal -3.066472e-01 -1.053032e-01 -9.459803e-01
      outer loop
         vertex 1.657136e-01 1.425508e+00 -5.827239e+00
         vertex 8.965500e-02 1.371709e+00 -5.796595e+00
         vertex 8.639430e-02 1.431884e+00 -5.802236e+00
      endloop
   endfacet
   facet normal -3.056619e-01 -8.315647e-02 -9.485019e-01
      outer loop
         vertex 1.657136e-01 1.425508e+00 -5.827239e+00
         vertex 8.639430e-02 1.431884e+00 -5.802236e+00
         vertex 1.650854e-01 1.485398e+00 -5.832287e+00
      endloop
   endfacet
   facet normal -3.050539e-01 -8.411306e-02 -9.486133e-01
      outer loop
         vertex 1.650854e-01 1.485398e+00 -5.832287e+00
         vertex 8.639430e-02 1.431884e+00 -5.802236e+00
         vertex 8.454511e-02 1.492488e+00 -5.807016e+00
      endloop
   endfacet
   facet normal -3.036935e-01 -6.075237e-02 -9.508309e-01
      outer loop
         vertex 1.650854e-01 1.485398e+00 -5.832287e+00
         vertex 8.454511e-02 1.492488e+00 -5.807016e+00
         vertex 1.656981e-01 1.545800e+00 -5.836342e+00
      endloop
   endfacet
   facet normal -3.033267e-01 -6.135376e-02 -9.509094e-01
      outer loop
         vertex 1.656981e-01 1.545800e+00 -5.836342e+00
         vertex 8.454511e-02 1.492488e+00 -5.807016e+00
         vertex 8.418030e-02 1.553703e+00 -5.810849e+00
      endloop
   endfacet
   facet normal -3.015562e-01 -3.724963e-02 -9.527205e-01
      outer loop
         vertex 1.656981e-01 1.545800e+00 -5.836342e+00
         vertex 8.418030e-02 1.553703e+00 -5.810849e+00
         vertex 1.680011e-01 1.606143e+00 -5.839430e+00
      endloop
   endfacet
   facet normal -3.012419e-01 -3.779450e-02 -9.527985e-01
      outer loop
         vertex 1.680011e-01 1.606143e+00 -5.839430e+00
         vertex 8.418030e-02 1.553703e+00 -5.810849e+00
         vertex 8.573256e-02 1.614807e+00 -5.813763e+00
      endloop
   endfacet
   facet normal -2.991067e-01 -1.359785e-02 -9.541228e-01
      outer loop
         vertex 1.680011e-01 1.606143e+00 -5.839430e+00
         vertex 8.573256e-02 1.614807e+00 -5.813763e+00
         vertex 1.721169e-01 1.665911e+00 -5.841572e+00
      endloop
   endfacet
   facet normal -2.987787e-01 -1.420346e-02 -9.542167e-01
      outer loop
         vertex 1.721169e-01 1.665911e+00 -5.841572e+00
         vertex 8.573256e-02 1.614807e+00 -5.813763e+00
         vertex 8.930994e-02 1.675140e+00 -5.815782e+00
      endloop
   endfacet
   facet normal -2.963904e-01 9.470157e-03 -9.550199e-01
      outer loop
         vertex 1.721169e-01 1.665911e+00 -5.841572e+00
         vertex 8.930994e-02 1.675140e+00 -5.815782e+00
         vertex 1.778472e-01 1.724756e+00 -5.842767e+00
      endloop
   endfacet
   facet normal -2.961142e-01 8.927901e-03 -9.551108e-01
      outer loop
         vertex 1.778472e-01 1.724756e+00 -5.842767e+00
         vertex 8.930994e-02 1.675140e+00 -5.815782e+00
         vertex 9.470592e-02 1.734251e+00 -5.816902e+00
      endloop
   endfacet
   facet normal -2.936293e-01 3.147621e-02 -9.554010e-01
      outer loop
         vertex 1.778472e-01 1.724756e+00 -5.842767e+00
         vertex 9.470592e-02 1.734251e+00 -5.816902e+00
         vertex 1.847856e-01 1.782484e+00 -5.842998e+00
      endloop
   endfacet
   facet normal -2.935052e-01 3.121929e-02 -9.554476e-01
      outer loop
         vertex 1.847856e-01 1.782484e+00 -5.842998e+00
         vertex 9.470592e-02 1.734251e+00 -5.816902e+00
         vertex 1.015110e-01 1.791887e+00 -5.817109e+00
      endloop
   endfacet
   facet normal -2.899331e-01 6.176550e-02 -9.550517e-01
      outer loop
         vertex 1.847856e-01 1.782484e+00 -5.842998e+00
         vertex 1.015110e-01 1.791887e+00 -5.817109e+00
         vertex 2.002921e-01 1.894515e+00 -5.840460e+00
      endloop
   endfacet
   facet normal -2.907175e-01 6.258689e-02 -9.547598e-01
      outer loop
         vertex 2.002921e-01 1.894515e+00 -5.840460e+00
         vertex 1.015110e-01 1.791887e+00 -5.817109e+00
         vertex 1.173653e-01 1.902618e+00 -5.814678e+00
      endloop
   endfacet
   facet normal -2.865842e-01 9.903964e-02 -9.529222e-01
      outer loop
         vertex 2.002921e-01 1.894515e+00 -5.840460e+00
         vertex 1.173653e-01 1.902618e+00 -5.814678e+00
         vertex 2.154837e-01 2.003037e+00 -5.833750e+00
      endloop
   endfacet
   facet normal -2.895719e-01 1.021939e-01 -9.516851e-01
      outer loop
         vertex 2.154837e-01 2.003037e+00 -5.833750e+00
         vertex 1.173653e-01 1.902618e+00 -5.814678e+00
         vertex 1.337765e-01 2.008721e+00 -5.808278e+00
      endloop
   endfacet
   facet normal -2.860796e-01 1.373036e-01 -9.483176e-01
      outer loop
         vertex 2.154837e-01 2.003037e+00 -5.833750e+00
         vertex 1.337765e-01 2.008721e+00 -5.808278e+00
         vertex 2.308939e-01 2.110610e+00 -5.822823e+00
      endloop
   endfacet
   facet normal -2.913257e-01 1.426450e-01 -9.459290e-01
      outer loop
         vertex 2.308939e-01 2.110610e+00 -5.822823e+00
         vertex 1.337765e-01 2.008721e+00 -5.808278e+00
         vertex 1.513722e-01 2.113763e+00 -5.797857e+00
      endloop
   endfacet
   facet normal -2.886777e-01 1.740891e-01 -9.414660e-01
      outer loop
         vertex 2.308939e-01 2.110610e+00 -5.822823e+00
         vertex 1.513722e-01 2.113763e+00 -5.797857e+00
         vertex 2.479640e-01 2.218611e+00 -5.808087e+00
      endloop
   endfacet
   facet normal -2.957473e-01 1.809427e-01 -9.379730e-01
      outer loop
         vertex 2.479640e-01 2.218611e+00 -5.808087e+00
         vertex 1.513722e-01 2.113763e+00 -5.797857e+00
         vertex 1.715997e-01 2.219535e+00 -5.783830e+00
      endloop
   endfacet
   facet normal -2.936812e-01 2.099077e-01 -9.325718e-01
      outer loop
         vertex 2.479640e-01 2.218611e+00 -5.808087e+00
         vertex 1.715997e-01 2.219535e+00 -5.783830e+00
         vertex 2.654217e-01 2.325924e+00 -5.789430e+00
      endloop
   endfacet
   facet normal -3.031758e-01 2.185460e-01 -9.275355e-01
      outer loop
         vertex 2.654217e-01 2.325924e+00 -5.789430e+00
         vertex 1.715997e-01 2.219535e+00 -5.783830e+00
         vertex 1.930937e-01 2.324696e+00 -5.766078e+00
      endloop
   endfacet
   facet normal -3.013426e-01 2.497954e-01 -9.202146e-01
      outer loop
         vertex 2.654217e-01 2.325924e+00 -5.789430e+00
         vertex 1.930937e-01 2.324696e+00 -5.766078e+00
         vertex 2.830516e-01 2.431519e+00 -5.766539e+00
      endloop
   endfacet
   facet normal -3.132983e-01 2.598929e-01 -9.134002e-01
      outer loop
         vertex 2.830516e-01 2.431519e+00 -5.766539e+00
         vertex 1.930937e-01 2.324696e+00 -5.766078e+00
         vertex 2.155628e-01 2.428590e+00 -5.744223e+00
      endloop
   endfacet
   facet normal -3.122986e-01 2.802545e-01 -9.077042e-01
      outer loop
         vertex 2.830516e-01 2.431519e+00 -5.766539e+00
         vertex 2.155628e-01 2.428590e+00 -5.744223e+00
         vertex 3.011634e-01 2.535190e+00 -5.740762e+00
      endloop
   endfacet
   facet normal -3.255636e-01 2.906477e-01 -8.997401e-01
      outer loop
         vertex 3.011634e-01 2.535190e+00 -5.740762e+00
         vertex 2.155628e-01 2.428590e+00 -5.744223e+00
         vertex 2.392329e-01 2.531447e+00 -5.719562e+00
      endloop
   endfacet
   facet normal -3.260044e-01 2.803235e-01 -9.028510e-01
      outer loop
         vertex 3.011634e-01 2.535190e+00 -5.740762e+00
         vertex 2.392329e-01 2.531447e+00 -5.719562e+00
         vertex 3.104238e-01 2.586607e+00 -5.728141e+00
      endloop
   endfacet
   facet normal -3.327257e-01 2.898500e-01 -8.973743e-01
      outer loop
         vertex 3.104238e-01 2.586607e+00 -5.728141e+00
         vertex 2.392329e-01 2.531447e+00 -5.719562e+00
         vertex 2.515057e-01 2.582784e+00 -5.707531e+00
      endloop
   endfacet
   facet normal -3.339501e-01 2.560808e-01 -9.071383e-01
      outer loop
         vertex 3.104238e-01 2.586607e+00 -5.728141e+00
         vertex 2.515057e-01 2.582784e+00 -5.707531e+00
         vertex 3.197139e-01 2.638128e+00 -5.717017e+00
      endloop
   endfacet
   facet normal -3.412298e-01 2.660096e-01 -9.015548e-01
      outer loop
         vertex 3.197139e-01 2.638128e+00 -5.717017e+00
         vertex 2.515057e-01 2.582784e+00 -5.707531e+00
         vertex 2.639362e-01 2.634315e+00 -5.697031e+00
      endloop
   endfacet
   facet normal -3.423436e-01 2.202727e-01 -9.133897e-01
      outer loop
         vertex 3.197139e-01 2.638128e+00 -5.717017e+00
         vertex 2.639362e-01 2.634315e+00 -5.697031e+00
         vertex 3.381458e-01 2.742061e+00 -5.698861e+00
      endloop
   endfacet
   facet normal -3.595317e-01 2.322744e-01 -9.037619e-01
      outer loop
         vertex 3.381458e-01 2.742061e+00 -5.698861e+00
         vertex 2.639362e-01 2.634315e+00 -5.697031e+00
         vertex 2.889816e-01 2.738294e+00 -5.680271e+00
      endloop
   endfacet
   facet normal -3.598016e-01 2.132820e-01 -9.083246e-01
      outer loop
         vertex 3.381458e-01 2.742061e+00 -5.698861e+00
         vertex 2.889816e-01 2.738294e+00 -5.680271e+00
         vertex 3.563639e-01 2.846840e+00 -5.681475e+00
      endloop
   endfacet
   facet normal -3.803359e-01 2.261572e-01 -8.967706e-01
      outer loop
         vertex 3.563639e-01 2.846840e+00 -5.681475e+00
         vertex 2.889816e-01 2.738294e+00 -5.680271e+00
         vertex 3.142077e-01 2.843311e+00 -5.664486e+00
      endloop
   endfacet
   facet normal -3.805896e-01 2.016130e-01 -9.024986e-01
      outer loop
         vertex 3.563639e-01 2.846840e+00 -5.681475e+00
         vertex 3.142077e-01 2.843311e+00 -5.664486e+00
         vertex 3.739794e-01 2.952475e+00 -5.665305e+00
      endloop
   endfacet
   facet normal -4.058493e-01 2.155514e-01 -8.881576e-01
      outer loop
         vertex 3.739794e-01 2.952475e+00 -5.665305e+00
         vertex 3.142077e-01 2.843311e+00 -5.664486e+00
         vertex 3.391113e-01 2.949372e+00 -5.650125e+00
      endloop
   endfacet
   facet normal -4.060081e-01 1.652851e-01 -8.987982e-01
      outer loop
         vertex 3.739794e-01 2.952475e+00 -5.665305e+00
         vertex 3.391113e-01 2.949372e+00 -5.650125e+00
         vertex 3.903854e-01 3.059316e+00 -5.653068e+00
      endloop
   endfacet
   facet normal -4.386757e-01 1.810173e-01 -8.802252e-01
      outer loop
         vertex 3.903854e-01 3.059316e+00 -5.653068e+00
         vertex 3.391113e-01 2.949372e+00 -5.650125e+00
         vertex 3.629375e-01 3.056726e+00 -5.639922e+00
      endloop
   endfacet
   facet normal -4.383480e-01 1.349330e-01 -8.886192e-01
      outer loop
         vertex 3.903854e-01 3.059316e+00 -5.653068e+00
         vertex 3.629375e-01 3.056726e+00 -5.639922e+00
         vertex 4.050412e-01 3.167773e+00 -5.643829e+00
      endloop
   endfacet
   facet normal -4.820200e-01 1.523996e-01 -8.628042e-01
      outer loop
         vertex 4.050412e-01 3.167773e+00 -5.643829e+00
         vertex 3.629375e-01 3.056726e+00 -5.639922e+00
         vertex 3.850037e-01 3.165779e+00 -5.632987e+00
      endloop
   endfacet
   facet normal -4.820186e-01 1.519386e-01 -8.628863e-01
      outer loop
         vertex 4.050412e-01 3.167773e+00 -5.643829e+00
         vertex 3.850037e-01 3.165779e+00 -5.632987e+00
         vertex 4.187415e-01 3.277729e+00 -5.632121e+00
      endloop
   endfacet
   facet normal -5.541218e-01 1.732912e-01 -8.141985e-01
      outer loop
         vertex 4.187415e-01 3.277729e+00 -5.632121e+00
         vertex 3.850037e-01 3.165779e+00 -5.632987e+00
         vertex 4.061353e-01 3.276506e+00 -5.623802e+00
      endloop
   endfacet
   facet normal -5.545858e-01 1.543206e-01 -8.176917e-01
      outer loop
         vertex 4.187415e-01 3.277729e+00 -5.632121e+00
         vertex 4.061353e-01 3.276506e+00 -5.623802e+00
         vertex 4.255057e-01 3.332846e+00 -5.626307e+00
      endloop
   endfacet
   facet normal -6.075358e-01 1.744278e-01 -7.749033e-01
      outer loop
         vertex 4.255057e-01 3.332846e+00 -5.626307e+00
         vertex 4.061353e-01 3.276506e+00 -5.623802e+00
         vertex 4.164856e-01 3.331950e+00 -5.619437e+00
      endloop
   endfacet
   facet normal -6.084363e-01 1.504570e-01 -7.792098e-01
      outer loop
         vertex 4.255057e-01 3.332846e+00 -5.626307e+00
         vertex 4.164856e-01 3.331950e+00 -5.619437e+00
         vertex 4.302501e-01 3.388037e+00 -5.619355e+00
      endloop
   endfacet
   facet normal -6.385758e-01 1.578157e-01 -7.532032e-01
      outer loop
         vertex 4.302501e-01 3.388037e+00 -5.619355e+00
         vertex 4.164856e-01 3.331950e+00 -5.619437e+00
         vertex 4.241648e-01 3.387408e+00 -5.614327e+00
      endloop
   endfacet
   facet normal -6.395190e-01 1.272023e-01 -7.581787e-01
      outer loop
         vertex 4.302501e-01 3.388037e+00 -5.619355e+00
         vertex 4.241648e-01 3.387408e+00 -5.614327e+00
         vertex 4.261909e-01 3.415172e+00 -5.611378e+00
      endloop
   endfacet
   facet normal -4.412753e-01 -7.046597e-02 -8.946008e-01
      outer loop
         vertex 4.267049e-01 -7.021052e-04 -5.607063e+00
         vertex 4.225139e-01 -7.232908e-04 -5.604994e+00
         vertex 4.263300e-01 2.722590e-02 -5.609078e+00
      endloop
   endfacet
   facet normal -4.900344e-01 -6.015913e-02 -8.696247e-01
      outer loop
         vertex 4.263300e-01 2.722590e-02 -5.609078e+00
         vertex 4.225139e-01 -7.232908e-04 -5.604994e+00
         vertex 4.222554e-01 2.722438e-02 -5.606782e+00
      endloop
   endfacet
   facet normal -4.850761e-01 -1.535360e-01 -8.608878e-01
      outer loop
         vertex 4.263300e-01 2.722590e-02 -5.609078e+00
         vertex 4.222554e-01 2.722438e-02 -5.606782e+00
         vertex 4.245501e-01 5.483378e-02 -5.612999e+00
      endloop
   endfacet
   facet normal -5.648383e-01 -1.363178e-01 -8.138643e-01
      outer loop
         vertex 4.245501e-01 5.483378e-02 -5.612999e+00
         vertex 4.222554e-01 2.722438e-02 -5.606782e+00
         vertex 4.201810e-01 5.484717e-02 -5.609969e+00
      endloop
   endfacet
   facet normal -5.603938e-01 -1.852660e-01 -8.072393e-01
      outer loop
         vertex 4.245501e-01 5.483378e-02 -5.612999e+00
         vertex 4.201810e-01 5.484717e-02 -5.609969e+00
         vertex 4.164666e-01 8.226351e-02 -5.613683e+00
      endloop
   endfacet
   facet normal -3.064794e-01 1.191659e-02 -9.518027e-01
      outer loop
         vertex 4.267288e-01 3.498981e+00 -5.607070e+00
         vertex 4.316810e-01 3.499441e+00 -5.608659e+00
         vertex 4.294971e-01 3.471169e+00 -5.608310e+00
      endloop
   endfacet
   facet normal -3.456245e-01 1.510780e-02 -9.382513e-01
      outer loop
         vertex 4.294971e-01 3.471169e+00 -5.608310e+00
         vertex 4.316810e-01 3.499441e+00 -5.608659e+00
         vertex 4.343087e-01 3.471614e+00 -5.610075e+00
      endloop
   endfacet
   facet normal -3.501997e-01 8.690607e-02 -9.326347e-01
      outer loop
         vertex 4.294971e-01 3.471169e+00 -5.608310e+00
         vertex 4.343087e-01 3.471614e+00 -5.610075e+00
         vertex 4.310072e-01 3.443403e+00 -5.611464e+00
      endloop
   endfacet
   facet normal -4.168887e-01 9.330842e-02 -9.041556e-01
      outer loop
         vertex 4.310072e-01 3.443403e+00 -5.611464e+00
         vertex 4.343087e-01 3.471614e+00 -5.610075e+00
         vertex 4.361671e-01 3.443900e+00 -5.613792e+00
      endloop
   endfacet
   facet normal -4.182077e-01 1.337644e-01 -8.984483e-01
      outer loop
         vertex 4.310072e-01 3.443403e+00 -5.611464e+00
         vertex 4.361671e-01 3.443900e+00 -5.613792e+00
         vertex 4.302501e-01 3.388037e+00 -5.619355e+00
      endloop
   endfacet
   facet normal -4.769142e-01 1.369716e-01 -8.682117e-01
      outer loop
         vertex 4.302501e-01 3.388037e+00 -5.619355e+00
         vertex 4.361671e-01 3.443900e+00 -5.613792e+00
         vertex 4.374764e-01 3.388747e+00 -5.623212e+00
      endloop
   endfacet
   facet normal -4.770134e-01 1.500906e-01 -8.659856e-01
      outer loop
         vertex 4.302501e-01 3.388037e+00 -5.619355e+00
         vertex 4.374764e-01 3.388747e+00 -5.623212e+00
         vertex 4.255057e-01 3.332846e+00 -5.626307e+00
      endloop
   endfacet
   facet normal -4.478229e-01 1.447445e-01 -8.823285e-01
      outer loop
         vertex 4.255057e-01 3.332846e+00 -5.626307e+00
         vertex 4.374764e-01 3.388747e+00 -5.623212e+00
         vertex 4.362177e-01 3.333852e+00 -5.631579e+00
      endloop
   endfacet
   facet normal -4.478547e-01 1.479821e-01 -8.817752e-01
      outer loop
         vertex 4.255057e-01 3.332846e+00 -5.626307e+00
         vertex 4.362177e-01 3.333852e+00 -5.631579e+00
         vertex 4.187415e-01 3.277729e+00 -5.632121e+00
      endloop
   endfacet
   facet normal -3.991340e-01 1.330565e-01 -9.071869e-01
      outer loop
         vertex 4.187415e-01 3.277729e+00 -5.632121e+00
         vertex 4.362177e-01 3.333852e+00 -5.631579e+00
         vertex 4.337114e-01 3.279113e+00 -5.638504e+00
      endloop
   endfacet
   facet normal -3.994287e-01 1.461368e-01 -9.050419e-01
      outer loop
         vertex 4.187415e-01 3.277729e+00 -5.632121e+00
         vertex 4.337114e-01 3.279113e+00 -5.638504e+00
         vertex 4.050412e-01 3.167773e+00 -5.643829e+00
      endloop
   endfacet
   facet normal -2.993084e-01 1.223281e-01 -9.462824e-01
      outer loop
         vertex 4.050412e-01 3.167773e+00 -5.643829e+00
         vertex 4.337114e-01 3.279113e+00 -5.638504e+00
         vertex 4.229822e-01 3.062166e+00 -5.663156e+00
      endloop
   endfacet
   facet normal -2.004609e-01 -1.126868e-01 -9.731994e-01
      outer loop
         vertex 2.611286e-01 1.301553e+00 -5.833101e+00
         vertex 1.675185e-01 1.365965e+00 -5.821278e+00
         vertex 2.599110e-01 1.418777e+00 -5.846424e+00
      endloop
   endfacet
   facet normal -2.056050e-01 -1.036544e-01 -9.731302e-01
      outer loop
         vertex 2.599110e-01 1.418777e+00 -5.846424e+00
         vertex 1.675185e-01 1.365965e+00 -5.821278e+00
         vertex 1.657136e-01 1.425508e+00 -5.827239e+00
      endloop
   endfacet
   facet normal -2.046354e-01 -8.414432e-02 -9.752149e-01
      outer loop
         vertex 2.599110e-01 1.418777e+00 -5.846424e+00
         vertex 1.657136e-01 1.425508e+00 -5.827239e+00
         vertex 2.607322e-01 1.477684e+00 -5.851679e+00
      endloop
   endfacet
   facet normal -2.045252e-01 -8.434776e-02 -9.752204e-01
      outer loop
         vertex 2.607322e-01 1.477684e+00 -5.851679e+00
         vertex 1.657136e-01 1.425508e+00 -5.827239e+00
         vertex 1.650854e-01 1.485398e+00 -5.832287e+00
      endloop
   endfacet
   facet normal -2.032221e-01 -6.354748e-02 -9.770683e-01
      outer loop
         vertex 2.607322e-01 1.477684e+00 -5.851679e+00
         vertex 1.650854e-01 1.485398e+00 -5.832287e+00
         vertex 2.625026e-01 1.536975e+00 -5.855903e+00
      endloop
   endfacet
   facet normal -2.032297e-01 -6.353282e-02 -9.770677e-01
      outer loop
         vertex 2.625026e-01 1.536975e+00 -5.855903e+00
         vertex 1.650854e-01 1.485398e+00 -5.832287e+00
         vertex 1.656981e-01 1.545800e+00 -5.836342e+00
      endloop
   endfacet
   facet normal -2.015971e-01 -4.232994e-02 -9.785534e-01
      outer loop
         vertex 2.625026e-01 1.536975e+00 -5.855903e+00
         vertex 1.656981e-01 1.545800e+00 -5.836342e+00
         vertex 2.656901e-01 1.596266e+00 -5.859125e+00
      endloop
   endfacet
   facet normal -2.015686e-01 -4.238797e-02 -9.785568e-01
      outer loop
         vertex 2.656901e-01 1.596266e+00 -5.859125e+00
         vertex 1.656981e-01 1.545800e+00 -5.836342e+00
         vertex 1.680011e-01 1.606143e+00 -5.839430e+00
      endloop
   endfacet
   facet normal -1.996365e-01 -2.111348e-02 -9.796425e-01
      outer loop
         vertex 2.656901e-01 1.596266e+00 -5.859125e+00
         vertex 1.680011e-01 1.606143e+00 -5.839430e+00
         vertex 2.704335e-01 1.655211e+00 -5.861362e+00
      endloop
   endfacet
   facet normal -1.995171e-01 -2.137115e-02 -9.796613e-01
      outer loop
         vertex 2.704335e-01 1.655211e+00 -5.861362e+00
         vertex 1.680011e-01 1.606143e+00 -5.839430e+00
         vertex 1.721169e-01 1.665911e+00 -5.841572e+00
      endloop
   endfacet
   facet normal -1.973647e-01 -3.567065e-04 -9.803301e-01
      outer loop
         vertex 2.704335e-01 1.655211e+00 -5.861362e+00
         vertex 1.721169e-01 1.665911e+00 -5.841572e+00
         vertex 2.765453e-01 1.713584e+00 -5.862614e+00
      endloop
   endfacet
   facet normal -1.972131e-01 -7.023146e-04 -9.803604e-01
      outer loop
         vertex 2.765453e-01 1.713584e+00 -5.862614e+00
         vertex 1.721169e-01 1.665911e+00 -5.841572e+00
         vertex 1.778472e-01 1.724756e+00 -5.842767e+00
      endloop
   endfacet
   facet normal -1.949560e-01 1.968976e-02 -9.806143e-01
      outer loop
         vertex 2.765453e-01 1.713584e+00 -5.862614e+00
         vertex 1.778472e-01 1.724756e+00 -5.842767e+00
         vertex 2.836240e-01 1.771266e+00 -5.862863e+00
      endloop
   endfacet
   facet normal -1.948792e-01 1.950679e-02 -9.806333e-01
      outer loop
         vertex 2.836240e-01 1.771266e+00 -5.862863e+00
         vertex 1.778472e-01 1.724756e+00 -5.842767e+00
         vertex 1.847856e-01 1.782484e+00 -5.842998e+00
      endloop
   endfacet
   facet normal -1.915605e-01 4.815321e-02 -9.802989e-01
      outer loop
         vertex 2.836240e-01 1.771266e+00 -5.862863e+00
         vertex 1.847856e-01 1.782484e+00 -5.842998e+00
         vertex 2.986832e-01 1.884517e+00 -5.860243e+00
      endloop
   endfacet
   facet normal -1.921141e-01 4.879481e-02 -9.801588e-01
      outer loop
         vertex 2.986832e-01 1.884517e+00 -5.860243e+00
         vertex 1.847856e-01 1.782484e+00 -5.842998e+00
         vertex 2.002921e-01 1.894515e+00 -5.840460e+00
      endloop
   endfacet
   facet normal -1.881572e-01 8.445397e-02 -9.785011e-01
      outer loop
         vertex 2.986832e-01 1.884517e+00 -5.860243e+00
         vertex 2.002921e-01 1.894515e+00 -5.840460e+00
         vertex 3.124049e-01 1.995585e+00 -5.853295e+00
      endloop
   endfacet
   facet normal -1.904882e-01 8.712673e-02 -9.778155e-01
      outer loop
         vertex 3.124049e-01 1.995585e+00 -5.853295e+00
         vertex 2.002921e-01 1.894515e+00 -5.840460e+00
         vertex 2.154837e-01 2.003037e+00 -5.833750e+00
      endloop
   endfacet
   facet normal -1.872076e-01 1.217472e-01 -9.747466e-01
      outer loop
         vertex 3.124049e-01 1.995585e+00 -5.853295e+00
         vertex 2.154837e-01 2.003037e+00 -5.833750e+00
         vertex 3.252134e-01 2.105861e+00 -5.841981e+00
      endloop
   endfacet
   facet normal -1.913488e-01 1.262771e-01 -9.733652e-01
      outer loop
         vertex 3.252134e-01 2.105861e+00 -5.841981e+00
         vertex 2.154837e-01 2.003037e+00 -5.833750e+00
         vertex 2.308939e-01 2.110610e+00 -5.822823e+00
      endloop
   endfacet
   facet normal -1.889817e-01 1.570563e-01 -9.693396e-01
      outer loop
         vertex 3.252134e-01 2.105861e+00 -5.841981e+00
         vertex 2.308939e-01 2.110610e+00 -5.822823e+00
         vertex 3.385384e-01 2.216215e+00 -5.826699e+00
      endloop
   endfacet
   facet normal -1.944719e-01 1.627268e-01 -9.673162e-01
      outer loop
         vertex 3.385384e-01 2.216215e+00 -5.826699e+00
         vertex 2.308939e-01 2.110610e+00 -5.822823e+00
         vertex 2.479640e-01 2.218611e+00 -5.808087e+00
      endloop
   endfacet
   facet normal -1.926533e-01 1.921947e-01 -9.622608e-01
      outer loop
         vertex 3.385384e-01 2.216215e+00 -5.826699e+00
         vertex 2.479640e-01 2.218611e+00 -5.808087e+00
         vertex 3.512196e-01 2.325809e+00 -5.807349e+00
      endloop
   endfacet
   facet normal -2.000774e-01 1.993253e-01 -9.592906e-01
      outer loop
         vertex 3.512196e-01 2.325809e+00 -5.807349e+00
         vertex 2.479640e-01 2.218611e+00 -5.808087e+00
         vertex 2.654217e-01 2.325924e+00 -5.789430e+00
      endloop
   endfacet
   facet normal -1.985670e-01 2.318552e-01 -9.522680e-01
      outer loop
         vertex 3.512196e-01 2.325809e+00 -5.807349e+00
         vertex 2.654217e-01 2.325924e+00 -5.789430e+00
         vertex 3.631298e-01 2.433293e+00 -5.783662e+00
      endloop
   endfacet
   facet normal -2.080643e-01 2.402764e-01 -9.481437e-01
      outer loop
         vertex 3.631298e-01 2.433293e+00 -5.783662e+00
         vertex 2.654217e-01 2.325924e+00 -5.789430e+00
         vertex 2.830516e-01 2.431519e+00 -5.766539e+00
      endloop
   endfacet
   facet normal -2.073288e-01 2.624555e-01 -9.424075e-01
      outer loop
         vertex 3.631298e-01 2.433293e+00 -5.783662e+00
         vertex 2.830516e-01 2.431519e+00 -5.766539e+00
         vertex 3.746718e-01 2.538044e+00 -5.757029e+00
      endloop
   endfacet
   facet normal -2.179935e-01 2.711912e-01 -9.375149e-01
      outer loop
         vertex 3.746718e-01 2.538044e+00 -5.757029e+00
         vertex 2.830516e-01 2.431519e+00 -5.766539e+00
         vertex 3.011634e-01 2.535190e+00 -5.740762e+00
      endloop
   endfacet
   facet normal -2.182040e-01 2.619775e-01 -9.400823e-01
      outer loop
         vertex 3.746718e-01 2.538044e+00 -5.757029e+00
         vertex 3.011634e-01 2.535190e+00 -5.740762e+00
         vertex 3.803689e-01 2.589697e+00 -5.743957e+00
      endloop
   endfacet
   facet normal -2.236809e-01 2.701477e-01 -9.364759e-01
      outer loop
         vertex 3.803689e-01 2.589697e+00 -5.743957e+00
         vertex 3.011634e-01 2.535190e+00 -5.740762e+00
         vertex 3.104238e-01 2.586607e+00 -5.728141e+00
      endloop
   endfacet
   facet normal -2.242144e-01 2.364620e-01 -9.454172e-01
      outer loop
         vertex 3.803689e-01 2.589697e+00 -5.743957e+00
         vertex 3.104238e-01 2.586607e+00 -5.728141e+00
         vertex 3.859404e-01 2.641372e+00 -5.732353e+00
      endloop
   endfacet
   facet normal -2.301006e-01 2.448521e-01 -9.418605e-01
      outer loop
         vertex 3.859404e-01 2.641372e+00 -5.732353e+00
         vertex 3.104238e-01 2.586607e+00 -5.728141e+00
         vertex 3.197139e-01 2.638128e+00 -5.717017e+00
      endloop
   endfacet
   facet normal -2.303296e-01 1.991879e-01 -9.525085e-01
      outer loop
         vertex 3.859404e-01 2.641372e+00 -5.732353e+00
         vertex 3.197139e-01 2.638128e+00 -5.717017e+00
         vertex 3.965307e-01 2.745564e+00 -5.713126e+00
      endloop
   endfacet
   facet normal -2.439093e-01 2.087007e-01 -9.470757e-01
      outer loop
         vertex 3.965307e-01 2.745564e+00 -5.713126e+00
         vertex 3.197139e-01 2.638128e+00 -5.717017e+00
         vertex 3.381458e-01 2.742061e+00 -5.698861e+00
      endloop
   endfacet
   facet normal -2.437765e-01 1.919290e-01 -9.506504e-01
      outer loop
         vertex 3.965307e-01 2.745564e+00 -5.713126e+00
         vertex 3.381458e-01 2.742061e+00 -5.698861e+00
         vertex 4.064326e-01 2.850342e+00 -5.694511e+00
      endloop
   endfacet
   facet normal -2.599786e-01 2.018905e-01 -9.442729e-01
      outer loop
         vertex 4.064326e-01 2.850342e+00 -5.694511e+00
         vertex 3.381458e-01 2.742061e+00 -5.698861e+00
         vertex 3.563639e-01 2.846840e+00 -5.681475e+00
      endloop
   endfacet
   facet normal -2.596255e-01 1.801486e-01 -9.487577e-01
      outer loop
         vertex 4.064326e-01 2.850342e+00 -5.694511e+00
         vertex 3.563639e-01 2.846840e+00 -5.681475e+00
         vertex 4.153937e-01 2.955723e+00 -5.676954e+00
      endloop
   endfacet
   facet normal -2.796231e-01 1.906674e-01 -9.409872e-01
      outer loop
         vertex 4.153937e-01 2.955723e+00 -5.676954e+00
         vertex 3.563639e-01 2.846840e+00 -5.681475e+00
         vertex 3.739794e-01 2.952475e+00 -5.665305e+00
      endloop
   endfacet
   facet normal -2.783545e-01 1.429581e-01 -9.497798e-01
      outer loop
         vertex 4.153937e-01 2.955723e+00 -5.676954e+00
         vertex 3.739794e-01 2.952475e+00 -5.665305e+00
         vertex 4.229822e-01 3.062166e+00 -5.663156e+00
      endloop
   endfacet
   facet normal -3.043837e-01 1.543937e-01 -9.399538e-01
      outer loop
         vertex 4.229822e-01 3.062166e+00 -5.663156e+00
         vertex 3.739794e-01 2.952475e+00 -5.665305e+00
         vertex 3.903854e-01 3.059316e+00 -5.653068e+00
      endloop
   endfacet
   facet normal -3.031223e-01 1.214779e-01 -9.451772e-01
      outer loop
         vertex 4.229822e-01 3.062166e+00 -5.663156e+00
         vertex 3.903854e-01 3.059316e+00 -5.653068e+00
         vertex 4.050412e-01 3.167773e+00 -5.643829e+00
      endloop
   endfacet
   facet normal -3.021339e-01 -8.007541e-02 -9.498963e-01
      outer loop
         vertex 4.316784e-01 -6.365385e-04 -5.608651e+00
         vertex 4.267049e-01 -7.021052e-04 -5.607063e+00
         vertex 4.311652e-01 2.727313e-02 -5.610840e+00
      endloop
   endfacet
   facet normal -3.408806e-01 -7.220110e-02 -9.373299e-01
      outer loop
         vertex 4.311652e-01 2.727313e-02 -5.610840e+00
         vertex 4.267049e-01 -7.021052e-04 -5.607063e+00
         vertex 4.263300e-01 2.722590e-02 -5.609078e+00
      endloop
   endfacet
   facet normal -3.360834e-01 -1.679698e-01 -9.267330e-01
      outer loop
         vertex 4.311652e-01 2.727313e-02 -5.610840e+00
         vertex 4.263300e-01 2.722590e-02 -5.609078e+00
         vertex 4.297347e-01 5.487658e-02 -5.615325e+00
      endloop
   endfacet
   facet normal -4.033150e-01 -1.541024e-01 -9.019919e-01
      outer loop
         vertex 4.297347e-01 5.487658e-02 -5.615325e+00
         vertex 4.263300e-01 2.722590e-02 -5.609078e+00
         vertex 4.245501e-01 5.483378e-02 -5.612999e+00
      endloop
   endfacet
   facet normal -3.981728e-01 -2.154234e-01 -8.916564e-01
      outer loop
         vertex 4.297347e-01 5.487658e-02 -5.615325e+00
         vertex 4.245501e-01 5.483378e-02 -5.612999e+00
         vertex 4.246972e-01 1.095240e-01 -5.626278e+00
      endloop
   endfacet
   facet normal -4.579453e-01 -2.085872e-01 -8.641629e-01
      outer loop
         vertex 4.246972e-01 1.095240e-01 -5.626278e+00
         vertex 4.245501e-01 5.483378e-02 -5.612999e+00
         vertex 4.174389e-01 1.094896e-01 -5.622423e+00
      endloop
   endfacet
   facet normal -4.569442e-01 -2.180216e-01 -8.623622e-01
      outer loop
         vertex 4.246972e-01 1.095240e-01 -5.626278e+00
         vertex 4.174389e-01 1.094896e-01 -5.622423e+00
         vertex 4.175118e-01 1.637364e-01 -5.636177e+00
      endloop
   endfacet
   facet normal -4.281920e-01 -2.215458e-01 -8.761102e-01
      outer loop
         vertex 4.175118e-01 1.637364e-01 -5.636177e+00
         vertex 4.174389e-01 1.094896e-01 -5.622423e+00
         vertex 4.067509e-01 1.637038e-01 -5.630909e+00
      endloop
   endfacet
   facet normal -4.297097e-01 -2.061699e-01 -8.791152e-01
      outer loop
         vertex 4.175118e-01 1.637364e-01 -5.636177e+00
         vertex 4.067509e-01 1.637038e-01 -5.630909e+00
         vertex 4.089119e-01 2.176418e-01 -5.644615e+00
      endloop
   endfacet
   facet normal -3.803104e-01 -2.134294e-01 -8.998955e-01
      outer loop
         vertex 4.089119e-01 2.176418e-01 -5.644615e+00
         vertex 4.067509e-01 1.637038e-01 -5.630909e+00
         vertex 3.938723e-01 2.175542e-01 -5.638238e+00
      endloop
   endfacet
   facet normal -3.809791e-01 -2.058862e-01 -9.013689e-01
      outer loop
         vertex 4.089119e-01 2.176418e-01 -5.644615e+00
         vertex 3.938723e-01 2.175542e-01 -5.638238e+00
         vertex 3.903349e-01 3.248751e-01 -5.661257e+00
      endloop
   endfacet
   facet normal -3.186832e-01 -2.088102e-01 -9.245752e-01
      outer loop
         vertex 3.903349e-01 3.248751e-01 -5.661257e+00
         vertex 3.938723e-01 2.175542e-01 -5.638238e+00
         vertex 3.664411e-01 3.245371e-01 -5.652945e+00
      endloop
   endfacet
   facet normal -3.213827e-01 -1.735881e-01 -9.309030e-01
      outer loop
         vertex 3.903349e-01 3.248751e-01 -5.661257e+00
         vertex 3.664411e-01 3.245371e-01 -5.652945e+00
         vertex 3.730058e-01 4.321392e-01 -5.675276e+00
      endloop
   endfacet
   facet normal -2.882954e-01 -1.776838e-01 -9.409114e-01
      outer loop
         vertex 3.730058e-01 4.321392e-01 -5.675276e+00
         vertex 3.664411e-01 3.245371e-01 -5.652945e+00
         vertex 3.402813e-01 4.318764e-01 -5.665199e+00
      endloop
   endfacet
   facet normal -2.877246e-01 -1.869042e-01 -9.392983e-01
      outer loop
         vertex 3.730058e-01 4.321392e-01 -5.675276e+00
         vertex 3.402813e-01 4.318764e-01 -5.665199e+00
         vertex 3.555464e-01 5.386563e-01 -5.691123e+00
      endloop
   endfacet
   facet normal -2.642153e-01 -1.917027e-01 -9.452197e-01
      outer loop
         vertex 3.555464e-01 5.386563e-01 -5.691123e+00
         vertex 3.402813e-01 4.318764e-01 -5.665199e+00
         vertex 3.139953e-01 5.385469e-01 -5.679486e+00
      endloop
   endfacet
   facet normal -2.632718e-01 -2.081211e-01 -9.420051e-01
      outer loop
         vertex 3.555464e-01 5.386563e-01 -5.691123e+00
         vertex 3.139953e-01 5.385469e-01 -5.679486e+00
         vertex 3.379926e-01 6.445856e-01 -5.709620e+00
      endloop
   endfacet
   facet normal -2.456282e-01 -2.131470e-01 -9.456401e-01
      outer loop
         vertex 3.379926e-01 6.445856e-01 -5.709620e+00
         vertex 3.139953e-01 5.385469e-01 -5.679486e+00
         vertex 2.877936e-01 6.446274e-01 -5.696591e+00
      endloop
   endfacet
   facet normal -2.459607e-01 -2.068942e-01 -9.469414e-01
      outer loop
         vertex 3.379926e-01 6.445856e-01 -5.709620e+00
         vertex 2.877936e-01 6.446274e-01 -5.696591e+00
         vertex 3.214671e-01 7.506196e-01 -5.728495e+00
      endloop
   endfacet
   facet normal -2.326401e-01 -2.118114e-01 -9.492179e-01
      outer loop
         vertex 3.214671e-01 7.506196e-01 -5.728495e+00
         vertex 2.877936e-01 6.446274e-01 -5.696591e+00
         vertex 2.629691e-01 7.509213e-01 -5.714225e+00
      endloop
   endfacet
   facet normal -2.330417e-01 -2.029593e-01 -9.510516e-01
      outer loop
         vertex 3.214671e-01 7.506196e-01 -5.728495e+00
         vertex 2.629691e-01 7.509213e-01 -5.714225e+00
         vertex 3.063210e-01 8.568070e-01 -5.747444e+00
      endloop
   endfacet
   facet normal -2.227415e-01 -2.076338e-01 -9.525095e-01
      outer loop
         vertex 3.063210e-01 8.568070e-01 -5.747444e+00
         vertex 2.629691e-01 7.509213e-01 -5.714225e+00
         vertex 2.400051e-01 8.574814e-01 -5.732084e+00
      endloop
   endfacet
   facet normal -2.214497e-01 -2.384022e-01 -9.455815e-01
      outer loop
         vertex 3.063210e-01 8.568070e-01 -5.747444e+00
         vertex 2.400051e-01 8.574814e-01 -5.732084e+00
         vertex 2.911968e-01 9.626204e-01 -5.770580e+00
      endloop
   endfacet
   facet normal -2.132095e-01 -2.427067e-01 -9.463800e-01
      outer loop
         vertex 2.911968e-01 9.626204e-01 -5.770580e+00
         vertex 2.400051e-01 8.574814e-01 -5.732084e+00
         vertex 2.176327e-01 9.636168e-01 -5.754263e+00
      endloop
   endfacet
   facet normal -2.134214e-01 -2.374942e-01 -9.476539e-01
      outer loop
         vertex 2.911968e-01 9.626204e-01 -5.770580e+00
         vertex 2.176327e-01 9.636168e-01 -5.754263e+00
         vertex 2.773645e-01 1.071612e+00 -5.794780e+00
      endloop
   endfacet
   facet normal -2.088797e-01 -2.401360e-01 -9.480000e-01
      outer loop
         vertex 2.773645e-01 1.071612e+00 -5.794780e+00
         vertex 2.176327e-01 9.636168e-01 -5.754263e+00
         vertex 1.972830e-01 1.073418e+00 -5.777592e+00
      endloop
   endfacet
   facet normal -2.097026e-01 -2.095407e-01 -9.550484e-01
      outer loop
         vertex 2.773645e-01 1.071612e+00 -5.794780e+00
         vertex 1.972830e-01 1.073418e+00 -5.777592e+00
         vertex 2.716391e-01 1.127885e+00 -5.805869e+00
      endloop
   endfacet
   facet normal -2.086313e-01 -2.109626e-01 -9.549700e-01
      outer loop
         vertex 2.716391e-01 1.127885e+00 -5.805869e+00
         vertex 1.972830e-01 1.073418e+00 -5.777592e+00
         vertex 1.886154e-01 1.130349e+00 -5.788276e+00
      endloop
   endfacet
   facet normal -2.089666e-01 -1.864083e-01 -9.599922e-01
      outer loop
         vertex 2.716391e-01 1.127885e+00 -5.805869e+00
         vertex 1.886154e-01 1.130349e+00 -5.788276e+00
         vertex 2.669626e-01 1.185162e+00 -5.815973e+00
      endloop
   endfacet
   facet normal -2.083675e-01 -1.872478e-01 -9.599590e-01
      outer loop
         vertex 2.669626e-01 1.185162e+00 -5.815973e+00
         vertex 1.886154e-01 1.130349e+00 -5.788276e+00
         vertex 1.812213e-01 1.188410e+00 -5.797996e+00
      endloop
   endfacet
   facet normal -2.083749e-01 -1.634048e-01 -9.643022e-01
      outer loop
         vertex 2.669626e-01 1.185162e+00 -5.815973e+00
         vertex 1.812213e-01 1.188410e+00 -5.797996e+00
         vertex 2.634451e-01 1.243154e+00 -5.825040e+00
      endloop
   endfacet
   facet normal -2.079913e-01 -1.639741e-01 -9.642884e-01
      outer loop
         vertex 2.634451e-01 1.243154e+00 -5.825040e+00
         vertex 1.812213e-01 1.188410e+00 -5.797996e+00
         vertex 1.752187e-01 1.247254e+00 -5.806707e+00
      endloop
   endfacet
   facet normal -2.077035e-01 -1.418434e-01 -9.678532e-01
      outer loop
         vertex 2.634451e-01 1.243154e+00 -5.825040e+00
         vertex 1.752187e-01 1.247254e+00 -5.806707e+00
         vertex 2.611286e-01 1.301553e+00 -5.833101e+00
      endloop
   endfacet
   facet normal -2.073925e-01 -1.423328e-01 -9.678480e-01
      outer loop
         vertex 2.611286e-01 1.301553e+00 -5.833101e+00
         vertex 1.752187e-01 1.247254e+00 -5.806707e+00
         vertex 1.706574e-01 1.306527e+00 -5.814447e+00
      endloop
   endfacet
   facet normal -2.068828e-01 -1.224843e-01 -9.706684e-01
      outer loop
         vertex 2.611286e-01 1.301553e+00 -5.833101e+00
         vertex 1.706574e-01 1.306527e+00 -5.814447e+00
         vertex 1.675185e-01 1.365965e+00 -5.821278e+00
      endloop
   endfacet
   facet normal -2.027277e-01 3.066302e-02 -9.787550e-01
      outer loop
         vertex 4.316810e-01 3.499441e+00 -5.608659e+00
         vertex 4.365703e-01 3.499884e+00 -5.609658e+00
         vertex 4.343087e-01 3.471614e+00 -5.610075e+00
      endloop
   endfacet
   facet normal -2.301216e-01 3.276379e-02 -9.726102e-01
      outer loop
         vertex 4.343087e-01 3.471614e+00 -5.610075e+00
         vertex 4.365703e-01 3.499884e+00 -5.609658e+00
         vertex 4.390595e-01 3.472041e+00 -5.611185e+00
      endloop
   endfacet
   facet normal -2.356496e-01 1.136441e-01 -9.651706e-01
      outer loop
         vertex 4.343087e-01 3.471614e+00 -5.610075e+00
         vertex 4.390595e-01 3.472041e+00 -5.611185e+00
         vertex 4.361671e-01 3.443900e+00 -5.613792e+00
      endloop
   endfacet
   facet normal -2.842968e-01 1.173800e-01 -9.515237e-01
      outer loop
         vertex 4.361671e-01 3.443900e+00 -5.613792e+00
         vertex 4.390595e-01 3.472041e+00 -5.611185e+00
         vertex 4.412617e-01 3.444375e+00 -5.615255e+00
      endloop
   endfacet
   facet normal -2.860852e-01 1.547250e-01 -9.456296e-01
      outer loop
         vertex 4.361671e-01 3.443900e+00 -5.613792e+00
         vertex 4.412617e-01 3.444375e+00 -5.615255e+00
         vertex 4.374764e-01 3.388747e+00 -5.623212e+00
      endloop
   endfacet
   facet normal -3.310476e-01 1.556474e-01 -9.306886e-01
      outer loop
         vertex 4.374764e-01 3.388747e+00 -5.623212e+00
         vertex 4.412617e-01 3.444375e+00 -5.615255e+00
         vertex 4.446116e-01 3.389421e+00 -5.625637e+00
      endloop
   endfacet
   facet normal -3.308378e-01 1.495954e-01 -9.317551e-01
      outer loop
         vertex 4.374764e-01 3.388747e+00 -5.623212e+00
         vertex 4.446116e-01 3.389421e+00 -5.625637e+00
         vertex 4.362177e-01 3.333852e+00 -5.631579e+00
      endloop
   endfacet
   facet normal -3.077841e-01 1.469981e-01 -9.400322e-01
      outer loop
         vertex 4.362177e-01 3.333852e+00 -5.631579e+00
         vertex 4.446116e-01 3.389421e+00 -5.625637e+00
         vertex 4.467952e-01 3.334809e+00 -5.634892e+00
      endloop
   endfacet
   facet normal -3.072392e-01 1.332855e-01 -9.422521e-01
      outer loop
         vertex 4.362177e-01 3.333852e+00 -5.631579e+00
         vertex 4.467952e-01 3.334809e+00 -5.634892e+00
         vertex 4.337114e-01 3.279113e+00 -5.638504e+00
      endloop
   endfacet
   facet normal -2.703379e-01 1.254151e-01 -9.545619e-01
      outer loop
         vertex 4.337114e-01 3.279113e+00 -5.638504e+00
         vertex 4.467952e-01 3.334809e+00 -5.634892e+00
         vertex 4.484926e-01 3.280434e+00 -5.642517e+00
      endloop
   endfacet
   facet normal -2.701602e-01 1.218850e-01 -9.550694e-01
      outer loop
         vertex 4.337114e-01 3.279113e+00 -5.638504e+00
         vertex 4.484926e-01 3.280434e+00 -5.642517e+00
         vertex 4.229822e-01 3.062166e+00 -5.663156e+00
      endloop
   endfacet
   facet normal -2.012027e-01 1.154942e-01 -9.727171e-01
      outer loop
         vertex 4.229822e-01 3.062166e+00 -5.663156e+00
         vertex 4.484926e-01 3.280434e+00 -5.642517e+00
         vertex 4.551701e-01 3.064832e+00 -5.669497e+00
      endloop
   endfacet
   facet normal -2.025462e-01 1.400714e-01 -9.692033e-01
      outer loop
         vertex 4.229822e-01 3.062166e+00 -5.663156e+00
         vertex 4.551701e-01 3.064832e+00 -5.669497e+00
         vertex 4.153937e-01 2.955723e+00 -5.676954e+00
      endloop
   endfacet
   facet normal -1.838867e-01 1.335850e-01 -9.738279e-01
      outer loop
         vertex 4.153937e-01 2.955723e+00 -5.676954e+00
         vertex 4.551701e-01 3.064832e+00 -5.669497e+00
         vertex 4.562919e-01 2.958644e+00 -5.684276e+00
      endloop
   endfacet
   facet normal -1.856758e-01 1.768278e-01 -9.665694e-01
      outer loop
         vertex 4.153937e-01 2.955723e+00 -5.676954e+00
         vertex 4.562919e-01 2.958644e+00 -5.684276e+00
         vertex 4.064326e-01 2.850342e+00 -5.694511e+00
      endloop
   endfacet
   facet normal -1.712065e-01 1.705253e-01 -9.703656e-01
      outer loop
         vertex 4.064326e-01 2.850342e+00 -5.694511e+00
         vertex 4.562919e-01 2.958644e+00 -5.684276e+00
         vertex 4.558761e-01 2.853349e+00 -5.702706e+00
      endloop
   endfacet
   facet normal -1.717190e-01 1.880303e-01 -9.670353e-01
      outer loop
         vertex 4.064326e-01 2.850342e+00 -5.694511e+00
         vertex 4.558761e-01 2.853349e+00 -5.702706e+00
         vertex 3.965307e-01 2.745564e+00 -5.713126e+00
      endloop
   endfacet
   facet normal -1.598179e-01 1.817897e-01 -9.702632e-01
      outer loop
         vertex 3.965307e-01 2.745564e+00 -5.713126e+00
         vertex 4.558761e-01 2.853349e+00 -5.702706e+00
         vertex 4.541820e-01 2.748386e+00 -5.722093e+00
      endloop
   endfacet
   facet normal -1.600564e-01 1.948461e-01 -9.676864e-01
      outer loop
         vertex 3.965307e-01 2.745564e+00 -5.713126e+00
         vertex 4.541820e-01 2.748386e+00 -5.722093e+00
         vertex 3.859404e-01 2.641372e+00 -5.732353e+00
      endloop
   endfacet
   facet normal -1.499180e-01 1.886540e-01 -9.705330e-01
      outer loop
         vertex 3.859404e-01 2.641372e+00 -5.732353e+00
         vertex 4.541820e-01 2.748386e+00 -5.722093e+00
         vertex 4.513266e-01 2.643734e+00 -5.741994e+00
      endloop
   endfacet
   facet normal -1.500881e-01 2.319848e-01 -9.610705e-01
      outer loop
         vertex 3.859404e-01 2.641372e+00 -5.732353e+00
         vertex 4.513266e-01 2.643734e+00 -5.741994e+00
         vertex 3.803689e-01 2.589697e+00 -5.743957e+00
      endloop
   endfacet
   facet normal -1.455496e-01 2.261013e-01 -9.631685e-01
      outer loop
         vertex 3.803689e-01 2.589697e+00 -5.743957e+00
         vertex 4.513266e-01 2.643734e+00 -5.741994e+00
         vertex 4.494200e-01 2.591798e+00 -5.753898e+00
      endloop
   endfacet
   facet normal -1.453672e-01 2.577718e-01 -9.552079e-01
      outer loop
         vertex 3.803689e-01 2.589697e+00 -5.743957e+00
         vertex 4.494200e-01 2.591798e+00 -5.753898e+00
         vertex 3.746718e-01 2.538044e+00 -5.757029e+00
      endloop
   endfacet
   facet normal -1.410815e-01 2.519401e-01 -9.574039e-01
      outer loop
         vertex 3.746718e-01 2.538044e+00 -5.757029e+00
         vertex 4.494200e-01 2.591798e+00 -5.753898e+00
         vertex 4.472323e-01 2.539818e+00 -5.767254e+00
      endloop
   endfacet
   facet normal -1.409968e-01 2.585167e-01 -9.556616e-01
      outer loop
         vertex 3.746718e-01 2.538044e+00 -5.757029e+00
         vertex 4.472323e-01 2.539818e+00 -5.767254e+00
         vertex 3.631298e-01 2.433293e+00 -5.783662e+00
      endloop
   endfacet
   facet normal -1.325778e-01 2.523104e-01 -9.585210e-01
      outer loop
         vertex 3.631298e-01 2.433293e+00 -5.783662e+00
         vertex 4.472323e-01 2.539818e+00 -5.767254e+00
         vertex 4.421570e-01 2.433927e+00 -5.794426e+00
      endloop
   endfacet
   facet normal -1.332137e-01 2.273442e-01 -9.646599e-01
      outer loop
         vertex 3.631298e-01 2.433293e+00 -5.783662e+00
         vertex 4.421570e-01 2.433927e+00 -5.794426e+00
         vertex 3.512196e-01 2.325809e+00 -5.807349e+00
      endloop
   endfacet
   facet normal -1.256799e-01 2.212962e-01 -9.670742e-01
      outer loop
         vertex 3.512196e-01 2.325809e+00 -5.807349e+00
         vertex 4.421570e-01 2.433927e+00 -5.794426e+00
         vertex 4.358769e-01 2.324664e+00 -5.818612e+00
      endloop
   endfacet
   facet normal -1.270903e-01 1.867093e-01 -9.741600e-01
      outer loop
         vertex 3.512196e-01 2.325809e+00 -5.807349e+00
         vertex 4.358769e-01 2.324664e+00 -5.818612e+00
         vertex 3.385384e-01 2.216215e+00 -5.826699e+00
      endloop
   endfacet
   facet normal -1.212329e-01 1.815799e-01 -9.758747e-01
      outer loop
         vertex 3.385384e-01 2.216215e+00 -5.826699e+00
         vertex 4.358769e-01 2.324664e+00 -5.818612e+00
         vertex 4.279012e-01 2.212997e+00 -5.838399e+00
      endloop
   endfacet
   facet normal -1.230029e-01 1.506903e-01 -9.808989e-01
      outer loop
         vertex 3.385384e-01 2.216215e+00 -5.826699e+00
         vertex 4.279012e-01 2.212997e+00 -5.838399e+00
         vertex 3.252134e-01 2.105861e+00 -5.841981e+00
      endloop
   endfacet
   facet normal -1.186704e-01 1.465764e-01 -9.820553e-01
      outer loop
         vertex 3.252134e-01 2.105861e+00 -5.841981e+00
         vertex 4.279012e-01 2.212997e+00 -5.838399e+00
         vertex 4.182714e-01 2.100515e+00 -5.854024e+00
      endloop
   endfacet
   facet normal -1.209765e-01 1.152037e-01 -9.859477e-01
      outer loop
         vertex 3.252134e-01 2.105861e+00 -5.841981e+00
         vertex 4.182714e-01 2.100515e+00 -5.854024e+00
         vertex 3.124049e-01 1.995585e+00 -5.853295e+00
      endloop
   endfacet
   facet normal -1.176327e-01 1.118246e-01 -9.867410e-01
      outer loop
         vertex 3.124049e-01 1.995585e+00 -5.853295e+00
         vertex 4.182714e-01 2.100515e+00 -5.854024e+00
         vertex 4.080360e-01 1.987767e+00 -5.865581e+00
      endloop
   endfacet
   facet normal -1.208714e-01 7.684117e-02 -9.896896e-01
      outer loop
         vertex 3.124049e-01 1.995585e+00 -5.853295e+00
         vertex 4.080360e-01 1.987767e+00 -5.865581e+00
         vertex 2.986832e-01 1.884517e+00 -5.860243e+00
      endloop
   endfacet
   facet normal -1.190106e-01 7.485085e-02 -9.900676e-01
      outer loop
         vertex 2.986832e-01 1.884517e+00 -5.860243e+00
         vertex 4.080360e-01 1.987767e+00 -5.865581e+00
         vertex 3.957798e-01 1.874399e+00 -5.872679e+00
      endloop
   endfacet
   facet normal -1.229179e-01 3.928803e-02 -9.916389e-01
      outer loop
         vertex 2.986832e-01 1.884517e+00 -5.860243e+00
         vertex 3.957798e-01 1.874399e+00 -5.872679e+00
         vertex 2.836240e-01 1.771266e+00 -5.862863e+00
      endloop
   endfacet
   facet normal -1.225130e-01 3.884130e-02 -9.917066e-01
      outer loop
         vertex 2.836240e-01 1.771266e+00 -5.862863e+00
         vertex 3.957798e-01 1.874399e+00 -5.872679e+00
         vertex 3.811849e-01 1.760154e+00 -5.875350e+00
      endloop
   endfacet
   facet normal -1.257060e-01 1.114218e-02 -9.920050e-01
      outer loop
         vertex 2.836240e-01 1.771266e+00 -5.862863e+00
         vertex 3.811849e-01 1.760154e+00 -5.875350e+00
         vertex 2.765453e-01 1.713584e+00 -5.862614e+00
      endloop
   endfacet
   facet normal -1.212977e-01 1.069905e-03 -9.926156e-01
      outer loop
         vertex 2.765453e-01 1.713584e+00 -5.862614e+00
         vertex 3.811849e-01 1.760154e+00 -5.875350e+00
         vertex 3.675009e-01 1.644816e+00 -5.873803e+00
      endloop
   endfacet
   facet normal -1.279499e-01 -7.869463e-03 -9.917494e-01
      outer loop
         vertex 2.765453e-01 1.713584e+00 -5.862614e+00
         vertex 3.675009e-01 1.644816e+00 -5.873803e+00
         vertex 2.704335e-01 1.655211e+00 -5.861362e+00
      endloop
   endfacet
   facet normal -1.299387e-01 -2.715893e-02 -9.911500e-01
      outer loop
         vertex 2.704335e-01 1.655211e+00 -5.861362e+00
         vertex 3.675009e-01 1.644816e+00 -5.873803e+00
         vertex 2.656901e-01 1.596266e+00 -5.859125e+00
      endloop
   endfacet
   facet normal -1.298980e-01 -2.724530e-02 -9.911530e-01
      outer loop
         vertex 2.656901e-01 1.596266e+00 -5.859125e+00
         vertex 3.675009e-01 1.644816e+00 -5.873803e+00
         vertex 3.621455e-01 1.586784e+00 -5.871505e+00
      endloop
   endfacet
   facet normal -1.316889e-01 -4.672036e-02 -9.901895e-01
      outer loop
         vertex 2.656901e-01 1.596266e+00 -5.859125e+00
         vertex 3.621455e-01 1.586784e+00 -5.871505e+00
         vertex 2.625026e-01 1.536975e+00 -5.855903e+00
      endloop
   endfacet
   facet normal -1.315007e-01 -4.709913e-02 -9.901966e-01
      outer loop
         vertex 2.625026e-01 1.536975e+00 -5.855903e+00
         vertex 3.621455e-01 1.586784e+00 -5.871505e+00
         vertex 3.580894e-01 1.528629e+00 -5.868201e+00
      endloop
   endfacet
   facet normal -1.330240e-01 -6.648517e-02 -9.888803e-01
      outer loop
         vertex 2.625026e-01 1.536975e+00 -5.855903e+00
         vertex 3.580894e-01 1.528629e+00 -5.868201e+00
         vertex 2.607322e-01 1.477684e+00 -5.851679e+00
      endloop
   endfacet
   facet normal -1.274175e-01 -7.718670e-02 -9.888412e-01
      outer loop
         vertex 2.607322e-01 1.477684e+00 -5.851679e+00
         vertex 3.580894e-01 1.528629e+00 -5.868201e+00
         vertex 3.529259e-01 1.412680e+00 -5.858485e+00
      endloop
   endfacet
   facet normal -1.336630e-01 -8.620914e-02 -9.872701e-01
      outer loop
         vertex 2.607322e-01 1.477684e+00 -5.851679e+00
         vertex 3.529259e-01 1.412680e+00 -5.858485e+00
         vertex 2.599110e-01 1.418777e+00 -5.846424e+00
      endloop
   endfacet
   facet normal -1.350571e-01 -1.132738e-01 -9.843417e-01
      outer loop
         vertex 2.599110e-01 1.418777e+00 -5.846424e+00
         vertex 3.529259e-01 1.412680e+00 -5.858485e+00
         vertex 2.611286e-01 1.301553e+00 -5.833101e+00
      endloop
   endfacet
   facet normal -1.345447e-01 -1.137019e-01 -9.843625e-01
      outer loop
         vertex 2.611286e-01 1.301553e+00 -5.833101e+00
         vertex 3.529259e-01 1.412680e+00 -5.858485e+00
         vertex 3.504580e-01 1.297371e+00 -5.844828e+00
      endloop
   endfacet
   facet normal -1.353368e-01 -1.407533e-01 -9.807510e-01
      outer loop
         vertex 2.611286e-01 1.301553e+00 -5.833101e+00
         vertex 3.504580e-01 1.297371e+00 -5.844828e+00
         vertex 2.634451e-01 1.243154e+00 -5.825040e+00
      endloop
   endfacet
   facet normal -1.284719e-01 -1.515219e-01 -9.800694e-01
      outer loop
         vertex 2.634451e-01 1.243154e+00 -5.825040e+00
         vertex 3.504580e-01 1.297371e+00 -5.844828e+00
         vertex 3.516063e-01 1.182852e+00 -5.827274e+00
      endloop
   endfacet
   facet normal -1.349226e-01 -1.610414e-01 -9.776817e-01
      outer loop
         vertex 2.634451e-01 1.243154e+00 -5.825040e+00
         vertex 3.516063e-01 1.182852e+00 -5.827274e+00
         vertex 2.669626e-01 1.185162e+00 -5.815973e+00
      endloop
   endfacet
   facet normal -1.969798e-01 -8.510096e-02 -9.767071e-01
      outer loop
         vertex 4.365870e-01 -5.453212e-04 -5.609649e+00
         vertex 4.316784e-01 -6.365385e-04 -5.608651e+00
         vertex 4.359372e-01 2.734953e-02 -5.611948e+00
      endloop
   endfacet
   facet normal -2.241842e-01 -8.031596e-02 -9.712316e-01
      outer loop
         vertex 4.359372e-01 2.734953e-02 -5.611948e+00
         vertex 4.316784e-01 -6.365385e-04 -5.608651e+00
         vertex 4.311652e-01 2.727313e-02 -5.610840e+00
      endloop
   endfacet
   facet normal -2.198872e-01 -1.767770e-01 -9.593745e-01
      outer loop
         vertex 4.359372e-01 2.734953e-02 -5.611948e+00
         vertex 4.311652e-01 2.727313e-02 -5.610840e+00
         vertex 4.348514e-01 5.495731e-02 -5.616786e+00
      endloop
   endfacet
   facet normal -2.683289e-01 -1.680051e-01 -9.485641e-01
      outer loop
         vertex 4.348514e-01 5.495731e-02 -5.616786e+00
         vertex 4.311652e-01 2.727313e-02 -5.610840e+00
         vertex 4.297347e-01 5.487658e-02 -5.615325e+00
      endloop
   endfacet
   facet normal -2.648071e-01 -2.191785e-01 -9.390623e-01
      outer loop
         vertex 4.348514e-01 5.495731e-02 -5.616786e+00
         vertex 4.297347e-01 5.487658e-02 -5.615325e+00
         vertex 4.318604e-01 1.096218e-01 -5.628702e+00
      endloop
   endfacet
   facet normal -3.104463e-01 -2.142469e-01 -9.261325e-01
      outer loop
         vertex 4.318604e-01 1.096218e-01 -5.628702e+00
         vertex 4.297347e-01 5.487658e-02 -5.615325e+00
         vertex 4.246972e-01 1.095240e-01 -5.626278e+00
      endloop
   endfacet
   facet normal -3.111237e-01 -2.058979e-01 -9.277975e-01
      outer loop
         vertex 4.318604e-01 1.096218e-01 -5.628702e+00
         vertex 4.246972e-01 1.095240e-01 -5.626278e+00
         vertex 4.281314e-01 1.638578e-01 -5.639487e+00
      endloop
   endfacet
   facet normal -2.888969e-01 -2.088823e-01 -9.342948e-01
      outer loop
         vertex 4.281314e-01 1.638578e-01 -5.639487e+00
         vertex 4.246972e-01 1.095240e-01 -5.626278e+00
         vertex 4.175118e-01 1.637364e-01 -5.636177e+00
      endloop
   endfacet
   facet normal -2.907364e-01 -1.825388e-01 -9.392294e-01
      outer loop
         vertex 4.281314e-01 1.638578e-01 -5.639487e+00
         vertex 4.175118e-01 1.637364e-01 -5.636177e+00
         vertex 4.237544e-01 2.178364e-01 -5.648623e+00
      endloop
   endfacet
   facet normal -2.537157e-01 -1.889755e-01 -9.486393e-01
      outer loop
         vertex 4.237544e-01 2.178364e-01 -5.648623e+00
         vertex 4.175118e-01 1.637364e-01 -5.636177e+00
         vertex 4.089119e-01 2.176418e-01 -5.644615e+00
      endloop
   endfacet
   facet normal -2.542010e-01 -1.810606e-01 -9.500521e-01
      outer loop
         vertex 4.237544e-01 2.178364e-01 -5.648623e+00
         vertex 4.089119e-01 2.176418e-01 -5.644615e+00
         vertex 4.139176e-01 3.253509e-01 -5.666481e+00
      endloop
   endfacet
   facet normal -2.089970e-01 -1.852246e-01 -9.602146e-01
      outer loop
         vertex 4.139176e-01 3.253509e-01 -5.666481e+00
         vertex 4.089119e-01 2.176418e-01 -5.644615e+00
         vertex 3.903349e-01 3.248751e-01 -5.661257e+00
      endloop
   endfacet
   facet normal -2.108086e-01 -1.530899e-01 -9.654653e-01
      outer loop
         vertex 4.139176e-01 3.253509e-01 -5.666481e+00
         vertex 3.903349e-01 3.248751e-01 -5.661257e+00
         vertex 4.053027e-01 4.326245e-01 -5.681610e+00
      endloop
   endfacet
   facet normal -1.878016e-01 -1.570609e-01 -9.695682e-01
      outer loop
         vertex 4.053027e-01 4.326245e-01 -5.681610e+00
         vertex 3.903349e-01 3.248751e-01 -5.661257e+00
         vertex 3.730058e-01 4.321392e-01 -5.675276e+00
      endloop
   endfacet
   facet normal -1.872810e-01 -1.683275e-01 -9.677767e-01
      outer loop
         vertex 4.053027e-01 4.326245e-01 -5.681610e+00
         vertex 3.730058e-01 4.321392e-01 -5.675276e+00
         vertex 3.965529e-01 5.391076e-01 -5.698438e+00
      endloop
   endfacet
   facet normal -1.711482e-01 -1.723710e-01 -9.700498e-01
      outer loop
         vertex 3.965529e-01 5.391076e-01 -5.698438e+00
         vertex 3.730058e-01 4.321392e-01 -5.675276e+00
         vertex 3.555464e-01 5.386563e-01 -5.691123e+00
      endloop
   endfacet
   facet normal -1.703307e-01 -1.913181e-01 -9.666358e-01
      outer loop
         vertex 3.965529e-01 5.391076e-01 -5.698438e+00
         vertex 3.555464e-01 5.386563e-01 -5.691123e+00
         vertex 3.875330e-01 6.450221e-01 -5.717811e+00
      endloop
   endfacet
   facet normal -1.583105e-01 -1.952482e-01 -9.678925e-01
      outer loop
         vertex 3.875330e-01 6.450221e-01 -5.717811e+00
         vertex 3.555464e-01 5.386563e-01 -5.691123e+00
         vertex 3.379926e-01 6.445856e-01 -5.709620e+00
      endloop
   endfacet
   facet normal -1.584360e-01 -1.921711e-01 -9.684876e-01
      outer loop
         vertex 3.875330e-01 6.450221e-01 -5.717811e+00
         vertex 3.379926e-01 6.445856e-01 -5.709620e+00
         vertex 3.791965e-01 7.509466e-01 -5.737465e+00
      endloop
   endfacet
   facet normal -1.494903e-01 -1.958176e-01 -9.691791e-01
      outer loop
         vertex 3.791965e-01 7.509466e-01 -5.737465e+00
         vertex 3.379926e-01 6.445856e-01 -5.709620e+00
         vertex 3.214671e-01 7.506196e-01 -5.728495e+00
      endloop
   endfacet
   facet normal -1.496890e-01 -1.902582e-01 -9.702551e-01
      outer loop
         vertex 3.791965e-01 7.509466e-01 -5.737465e+00
         vertex 3.214671e-01 7.506196e-01 -5.728495e+00
         vertex 3.717633e-01 8.569272e-01 -5.757100e+00
      endloop
   endfacet
   facet normal -1.428594e-01 -1.935892e-01 -9.706258e-01
      outer loop
         vertex 3.717633e-01 8.569272e-01 -5.757100e+00
         vertex 3.214671e-01 7.506196e-01 -5.728495e+00
         vertex 3.063210e-01 8.568070e-01 -5.747444e+00
      endloop
   endfacet
   facet normal -1.417441e-01 -2.271692e-01 -9.634847e-01
      outer loop
         vertex 3.717633e-01 8.569272e-01 -5.757100e+00
         vertex 3.063210e-01 8.568070e-01 -5.747444e+00
         vertex 3.637929e-01 9.625777e-01 -5.780838e+00
      endloop
   endfacet
   facet normal -1.362837e-01 -2.301607e-01 -9.635626e-01
      outer loop
         vertex 3.637929e-01 9.625777e-01 -5.780838e+00
         vertex 3.063210e-01 8.568070e-01 -5.747444e+00
         vertex 2.911968e-01 9.626204e-01 -5.770580e+00
      endloop
   endfacet
   facet normal -1.363009e-01 -2.296336e-01 -9.636859e-01
      outer loop
         vertex 3.637929e-01 9.625777e-01 -5.780838e+00
         vertex 2.911968e-01 9.626204e-01 -5.770580e+00
         vertex 3.564035e-01 1.070816e+00 -5.805585e+00
      endloop
   endfacet
   facet normal -1.340620e-01 -2.309803e-01 -9.636781e-01
      outer loop
         vertex 3.564035e-01 1.070816e+00 -5.805585e+00
         vertex 2.911968e-01 9.626204e-01 -5.770580e+00
         vertex 2.773645e-01 1.071612e+00 -5.794780e+00
      endloop
   endfacet
   facet normal -1.347879e-01 -1.938867e-01 -9.717202e-01
      outer loop
         vertex 3.564035e-01 1.070816e+00 -5.805585e+00
         vertex 2.773645e-01 1.071612e+00 -5.794780e+00
         vertex 3.516063e-01 1.182852e+00 -5.827274e+00
      endloop
   endfacet
   facet normal -1.200644e-01 -2.036912e-01 -9.716452e-01
      outer loop
         vertex 3.516063e-01 1.182852e+00 -5.827274e+00
         vertex 2.773645e-01 1.071612e+00 -5.794780e+00
         vertex 2.716391e-01 1.127885e+00 -5.805869e+00
      endloop
   endfacet
   facet normal -1.350030e-01 -1.828113e-01 -9.738348e-01
      outer loop
         vertex 3.516063e-01 1.182852e+00 -5.827274e+00
         vertex 2.716391e-01 1.127885e+00 -5.805869e+00
         vertex 2.669626e-01 1.185162e+00 -5.815973e+00
      endloop
   endfacet
   facet normal -6.310774e-02 -5.894116e-03 -9.979893e-01
      outer loop
         vertex 4.352696e-01 1.637665e+00 -5.878046e+00
         vertex 3.675009e-01 1.644816e+00 -5.873803e+00
         vertex 4.492843e-01 1.752374e+00 -5.879609e+00
      endloop
   endfacet
   facet normal -6.308928e-02 -5.908206e-03 -9.979904e-01
      outer loop
         vertex 4.492843e-01 1.752374e+00 -5.879609e+00
         vertex 3.675009e-01 1.644816e+00 -5.873803e+00
         vertex 3.811849e-01 1.760154e+00 -5.875350e+00
      endloop
   endfacet
   facet normal -5.889654e-02 3.068185e-02 -9.977925e-01
      outer loop
         vertex 4.492843e-01 1.752374e+00 -5.879609e+00
         vertex 3.811849e-01 1.760154e+00 -5.875350e+00
         vertex 4.635410e-01 1.867180e+00 -5.876921e+00
      endloop
   endfacet
   facet normal -5.916736e-02 3.089058e-02 -9.977700e-01
      outer loop
         vertex 4.635410e-01 1.867180e+00 -5.876921e+00
         vertex 3.811849e-01 1.760154e+00 -5.875350e+00
         vertex 3.957798e-01 1.874399e+00 -5.872679e+00
      endloop
   endfacet
   facet normal -5.517876e-02 6.740612e-02 -9.961986e-01
      outer loop
         vertex 4.635410e-01 1.867180e+00 -5.876921e+00
         vertex 3.957798e-01 1.874399e+00 -5.872679e+00
         vertex 4.747651e-01 1.982021e+00 -5.869772e+00
      endloop
   endfacet
   facet normal -5.665239e-02 6.848341e-02 -9.960424e-01
      outer loop
         vertex 4.747651e-01 1.982021e+00 -5.869772e+00
         vertex 3.957798e-01 1.874399e+00 -5.872679e+00
         vertex 4.080360e-01 1.987767e+00 -5.865581e+00
      endloop
   endfacet
   facet normal -5.331757e-02 1.050183e-01 -9.930400e-01
      outer loop
         vertex 4.747651e-01 1.982021e+00 -5.869772e+00
         vertex 4.080360e-01 1.987767e+00 -5.865581e+00
         vertex 4.832011e-01 2.096371e+00 -5.858132e+00
      endloop
   endfacet
   facet normal -5.598134e-02 1.068386e-01 -9.926992e-01
      outer loop
         vertex 4.832011e-01 2.096371e+00 -5.858132e+00
         vertex 4.080360e-01 1.987767e+00 -5.865581e+00
         vertex 4.182714e-01 2.100515e+00 -5.854024e+00
      endloop
   endfacet
   facet normal -5.360970e-02 1.400282e-01 -9.886952e-01
      outer loop
         vertex 4.832011e-01 2.096371e+00 -5.858132e+00
         vertex 4.182714e-01 2.100515e+00 -5.854024e+00
         vertex 4.902526e-01 2.210218e+00 -5.842390e+00
      endloop
   endfacet
   facet normal -5.691291e-02 1.421439e-01 -9.882085e-01
      outer loop
         vertex 4.902526e-01 2.210218e+00 -5.842390e+00
         vertex 4.182714e-01 2.100515e+00 -5.854024e+00
         vertex 4.279012e-01 2.212997e+00 -5.838399e+00
      endloop
   endfacet
   facet normal -5.507808e-02 1.756898e-01 -9.829036e-01
      outer loop
         vertex 4.902526e-01 2.210218e+00 -5.842390e+00
         vertex 4.279012e-01 2.212997e+00 -5.838399e+00
         vertex 4.949496e-01 2.323220e+00 -5.822455e+00
      endloop
   endfacet
   facet normal -5.952388e-02 1.782889e-01 -9.821761e-01
      outer loop
         vertex 4.949496e-01 2.323220e+00 -5.822455e+00
         vertex 4.279012e-01 2.212997e+00 -5.838399e+00
         vertex 4.358769e-01 2.324664e+00 -5.818612e+00
      endloop
   endfacet
   facet normal -5.810679e-02 2.161691e-01 -9.746253e-01
      outer loop
         vertex 4.949496e-01 2.323220e+00 -5.822455e+00
         vertex 4.358769e-01 2.324664e+00 -5.818612e+00
         vertex 4.973097e-01 2.433670e+00 -5.798098e+00
      endloop
   endfacet
   facet normal -6.379841e-02 2.191830e-01 -9.735957e-01
      outer loop
         vertex 4.973097e-01 2.433670e+00 -5.798098e+00
         vertex 4.358769e-01 2.324664e+00 -5.818612e+00
         vertex 4.421570e-01 2.433927e+00 -5.794426e+00
      endloop
   endfacet
   facet normal -6.320321e-02 2.480943e-01 -9.666719e-01
      outer loop
         vertex 4.973097e-01 2.433670e+00 -5.798098e+00
         vertex 4.421570e-01 2.433927e+00 -5.794426e+00
         vertex 4.978823e-01 2.540405e+00 -5.770742e+00
      endloop
   endfacet
   facet normal -6.939092e-02 2.510674e-01 -9.654792e-01
      outer loop
         vertex 4.978823e-01 2.540405e+00 -5.770742e+00
         vertex 4.421570e-01 2.433927e+00 -5.794426e+00
         vertex 4.472323e-01 2.539818e+00 -5.767254e+00
      endloop
   endfacet
   facet normal -6.940776e-02 2.483476e-01 -9.661812e-01
      outer loop
         vertex 4.978823e-01 2.540405e+00 -5.770742e+00
         vertex 4.472323e-01 2.539818e+00 -5.767254e+00
         vertex 4.976253e-01 2.592671e+00 -5.757289e+00
      endloop
   endfacet
   facet normal -7.244476e-02 2.510686e-01 -9.652545e-01
      outer loop
         vertex 4.976253e-01 2.592671e+00 -5.757289e+00
         vertex 4.472323e-01 2.539818e+00 -5.767254e+00
         vertex 4.494200e-01 2.591798e+00 -5.753898e+00
      endloop
   endfacet
   facet normal -7.241947e-02 2.227740e-01 -9.721765e-01
      outer loop
         vertex 4.976253e-01 2.592671e+00 -5.757289e+00
         vertex 4.494200e-01 2.591798e+00 -5.753898e+00
         vertex 4.969774e-01 2.644857e+00 -5.745282e+00
      endloop
   endfacet
   facet normal -7.550354e-02 2.254018e-01 -9.713358e-01
      outer loop
         vertex 4.969774e-01 2.644857e+00 -5.745282e+00
         vertex 4.494200e-01 2.591798e+00 -5.753898e+00
         vertex 4.513266e-01 2.643734e+00 -5.741994e+00
      endloop
   endfacet
   facet normal -7.513338e-02 1.858333e-01 -9.797045e-01
      outer loop
         vertex 4.969774e-01 2.644857e+00 -5.745282e+00
         vertex 4.513266e-01 2.643734e+00 -5.741994e+00
         vertex 4.944368e-01 2.749959e+00 -5.725151e+00
      endloop
   endfacet
   facet normal -8.171766e-02 1.883458e-01 -9.786971e-01
      outer loop
         vertex 4.944368e-01 2.749959e+00 -5.725151e+00
         vertex 4.513266e-01 2.643734e+00 -5.741994e+00
         vertex 4.541820e-01 2.748386e+00 -5.722093e+00
      endloop
   endfacet
   facet normal -8.151129e-02 1.799671e-01 -9.802896e-01
      outer loop
         vertex 4.944368e-01 2.749959e+00 -5.725151e+00
         vertex 4.541820e-01 2.748386e+00 -5.722093e+00
         vertex 4.904023e-01 2.855166e+00 -5.705501e+00
      endloop
   endfacet
   facet normal -8.887586e-02 1.822987e-01 -9.792182e-01
      outer loop
         vertex 4.904023e-01 2.855166e+00 -5.705501e+00
         vertex 4.541820e-01 2.748386e+00 -5.722093e+00
         vertex 4.558761e-01 2.853349e+00 -5.702706e+00
      endloop
   endfacet
   facet normal -8.840477e-02 1.698412e-01 -9.814981e-01
      outer loop
         vertex 4.904023e-01 2.855166e+00 -5.705501e+00
         vertex 4.558761e-01 2.853349e+00 -5.702706e+00
         vertex 4.848517e-01 2.960504e+00 -5.686773e+00
      endloop
   endfacet
   facet normal -9.694108e-02 1.719743e-01 -9.803200e-01
      outer loop
         vertex 4.848517e-01 2.960504e+00 -5.686773e+00
         vertex 4.558761e-01 2.853349e+00 -5.702706e+00
         vertex 4.562919e-01 2.958644e+00 -5.684276e+00
      endloop
   endfacet
   facet normal -9.500349e-02 1.340572e-01 -9.864091e-01
      outer loop
         vertex 4.848517e-01 2.960504e+00 -5.686773e+00
         vertex 4.562919e-01 2.958644e+00 -5.684276e+00
         vertex 4.776456e-01 3.066601e+00 -5.671660e+00
      endloop
   endfacet
   facet normal -1.055046e-01 1.359787e-01 -9.850779e-01
      outer loop
         vertex 4.776456e-01 3.066601e+00 -5.671660e+00
         vertex 4.562919e-01 2.958644e+00 -5.684276e+00
         vertex 4.551701e-01 3.064832e+00 -5.669497e+00
      endloop
   endfacet
   facet normal -1.043624e-01 1.185726e-01 -9.874457e-01
      outer loop
         vertex 4.776456e-01 3.066601e+00 -5.671660e+00
         vertex 4.551701e-01 3.064832e+00 -5.669497e+00
         vertex 4.588134e-01 3.281328e+00 -5.643886e+00
      endloop
   endfacet
   facet normal -1.406193e-01 1.186484e-01 -9.829287e-01
      outer loop
         vertex 4.588134e-01 3.281328e+00 -5.643886e+00
         vertex 4.551701e-01 3.064832e+00 -5.669497e+00
         vertex 4.484926e-01 3.280434e+00 -5.642517e+00
      endloop
   endfacet
   facet normal -1.414277e-01 1.304497e-01 -9.813160e-01
      outer loop
         vertex 4.588134e-01 3.281328e+00 -5.643886e+00
         vertex 4.484926e-01 3.280434e+00 -5.642517e+00
         vertex 4.541809e-01 3.335454e+00 -5.636023e+00
      endloop
   endfacet
   facet normal -1.612520e-01 1.321115e-01 -9.780309e-01
      outer loop
         vertex 4.541809e-01 3.335454e+00 -5.636023e+00
         vertex 4.484926e-01 3.280434e+00 -5.642517e+00
         vertex 4.467952e-01 3.334809e+00 -5.634892e+00
      endloop
   endfacet
   facet normal -1.628416e-01 1.573465e-01 -9.740250e-01
      outer loop
         vertex 4.541809e-01 3.335454e+00 -5.636023e+00
         vertex 4.467952e-01 3.334809e+00 -5.634892e+00
         vertex 4.495936e-01 3.389877e+00 -5.626464e+00
      endloop
   endfacet
   facet normal -1.757261e-01 1.576506e-01 -9.717338e-01
      outer loop
         vertex 4.495936e-01 3.389877e+00 -5.626464e+00
         vertex 4.467952e-01 3.334809e+00 -5.634892e+00
         vertex 4.446116e-01 3.389421e+00 -5.625637e+00
      endloop
   endfacet
   facet normal -1.767197e-01 1.738716e-01 -9.687821e-01
      outer loop
         vertex 4.495936e-01 3.389877e+00 -5.626464e+00
         vertex 4.446116e-01 3.389421e+00 -5.625637e+00
         vertex 4.448187e-01 3.444697e+00 -5.615755e+00
      endloop
   endfacet
   facet normal -1.523172e-01 1.744994e-01 -9.728049e-01
      outer loop
         vertex 4.448187e-01 3.444697e+00 -5.615755e+00
         vertex 4.446116e-01 3.389421e+00 -5.625637e+00
         vertex 4.412617e-01 3.444375e+00 -5.615255e+00
      endloop
   endfacet
   facet normal -1.497014e-01 1.353420e-01 -9.794243e-01
      outer loop
         vertex 4.448187e-01 3.444697e+00 -5.615755e+00
         vertex 4.412617e-01 3.444375e+00 -5.615255e+00
         vertex 4.423766e-01 3.472331e+00 -5.611563e+00
      endloop
   endfacet
   facet normal -1.238560e-01 1.347970e-01 -9.831020e-01
      outer loop
         vertex 4.423766e-01 3.472331e+00 -5.611563e+00
         vertex 4.412617e-01 3.444375e+00 -5.615255e+00
         vertex 4.390595e-01 3.472041e+00 -5.611185e+00
      endloop
   endfacet
   facet normal -1.170818e-01 4.565002e-02 -9.920725e-01
      outer loop
         vertex 4.423766e-01 3.472331e+00 -5.611563e+00
         vertex 4.390595e-01 3.472041e+00 -5.611185e+00
         vertex 4.399838e-01 3.500186e+00 -5.609998e+00
      endloop
   endfacet
   facet normal -1.032306e-01 4.526067e-02 -9.936272e-01
      outer loop
         vertex 4.399838e-01 3.500186e+00 -5.609998e+00
         vertex 4.390595e-01 3.472041e+00 -5.611185e+00
         vertex 4.365703e-01 3.499884e+00 -5.609658e+00
      endloop
   endfacet
   facet normal -6.734151e-02 -2.223519e-01 -9.726380e-01
      outer loop
         vertex 4.174331e-01 8.575030e-01 -5.760394e+00
         vertex 3.717633e-01 8.569272e-01 -5.757100e+00
         vertex 4.144556e-01 9.631367e-01 -5.784336e+00
      endloop
   endfacet
   facet normal -6.469648e-02 -2.233996e-01 -9.725775e-01
      outer loop
         vertex 4.144556e-01 9.631367e-01 -5.784336e+00
         vertex 3.717633e-01 8.569272e-01 -5.757100e+00
         vertex 3.637929e-01 9.625777e-01 -5.780838e+00
      endloop
   endfacet
   facet normal -6.460956e-02 -2.266320e-01 -9.718351e-01
      outer loop
         vertex 4.144556e-01 9.631367e-01 -5.784336e+00
         vertex 3.637929e-01 9.625777e-01 -5.780838e+00
         vertex 4.115698e-01 1.070878e+00 -5.809270e+00
      endloop
   endfacet
   facet normal -6.466770e-02 -2.266068e-01 -9.718371e-01
      outer loop
         vertex 4.115698e-01 1.070878e+00 -5.809270e+00
         vertex 3.637929e-01 9.625777e-01 -5.780838e+00
         vertex 3.564035e-01 1.070816e+00 -5.805585e+00
      endloop
   endfacet
   facet normal -6.517982e-02 -1.934243e-01 -9.789477e-01
      outer loop
         vertex 4.115698e-01 1.070878e+00 -5.809270e+00
         vertex 3.564035e-01 1.070816e+00 -5.805585e+00
         vertex 4.106961e-01 1.181802e+00 -5.831128e+00
      endloop
   endfacet
   facet normal -6.728688e-02 -1.924069e-01 -9.790057e-01
      outer loop
         vertex 4.106961e-01 1.181802e+00 -5.831128e+00
         vertex 3.564035e-01 1.070816e+00 -5.805585e+00
         vertex 3.516063e-01 1.182852e+00 -5.827274e+00
      endloop
   endfacet
   facet normal -6.703938e-02 -1.530235e-01 -9.859460e-01
      outer loop
         vertex 4.106961e-01 1.181802e+00 -5.831128e+00
         vertex 3.516063e-01 1.182852e+00 -5.827274e+00
         vertex 4.128290e-01 1.294909e+00 -5.848828e+00
      endloop
   endfacet
   facet normal -6.922865e-02 -1.518337e-01 -9.859787e-01
      outer loop
         vertex 4.128290e-01 1.294909e+00 -5.848828e+00
         vertex 3.516063e-01 1.182852e+00 -5.827274e+00
         vertex 3.504580e-01 1.297371e+00 -5.844828e+00
      endloop
   endfacet
   facet normal -6.815576e-02 -1.168082e-01 -9.908131e-01
      outer loop
         vertex 4.128290e-01 1.294909e+00 -5.848828e+00
         vertex 3.504580e-01 1.297371e+00 -5.844828e+00
         vertex 4.178741e-01 1.408768e+00 -5.862598e+00
      endloop
   endfacet
   facet normal -6.973430e-02 -1.158532e-01 -9.908154e-01
      outer loop
         vertex 4.178741e-01 1.408768e+00 -5.862598e+00
         vertex 3.504580e-01 1.297371e+00 -5.844828e+00
         vertex 3.529259e-01 1.412680e+00 -5.858485e+00
      endloop
   endfacet
   facet normal -6.786874e-02 -8.112336e-02 -9.943907e-01
      outer loop
         vertex 4.178741e-01 1.408768e+00 -5.862598e+00
         vertex 3.529259e-01 1.412680e+00 -5.858485e+00
         vertex 4.248319e-01 1.523031e+00 -5.872395e+00
      endloop
   endfacet
   facet normal -6.921759e-02 -8.024173e-02 -9.943692e-01
      outer loop
         vertex 4.248319e-01 1.523031e+00 -5.872395e+00
         vertex 3.529259e-01 1.412680e+00 -5.858485e+00
         vertex 3.580894e-01 1.528629e+00 -5.868201e+00
      endloop
   endfacet
   facet normal -6.626037e-02 -4.310713e-02 -9.968708e-01
      outer loop
         vertex 4.248319e-01 1.523031e+00 -5.872395e+00
         vertex 3.580894e-01 1.528629e+00 -5.868201e+00
         vertex 4.352696e-01 1.637665e+00 -5.878046e+00
      endloop
   endfacet
   facet normal -5.229742e-02 -5.302250e-02 -9.972229e-01
      outer loop
         vertex 4.352696e-01 1.637665e+00 -5.878046e+00
         vertex 3.580894e-01 1.528629e+00 -5.868201e+00
         vertex 3.621455e-01 1.586784e+00 -5.871505e+00
      endloop
   endfacet
   facet normal -6.596359e-02 -3.338728e-02 -9.972633e-01
      outer loop
         vertex 4.352696e-01 1.637665e+00 -5.878046e+00
         vertex 3.621455e-01 1.586784e+00 -5.871505e+00
         vertex 3.675009e-01 1.644816e+00 -5.873803e+00
      endloop
   endfacet
   facet normal -2.109341e-02 -1.557343e-01 -9.875737e-01
      outer loop
         vertex 4.341130e-01 2.180399e-01 -5.649990e+00
         vertex 4.139176e-01 3.253509e-01 -5.666481e+00
         vertex 4.278436e-01 4.331046e-01 -5.683771e+00
      endloop
   endfacet
   facet normal -9.130476e-02 -1.462512e-01 -9.850249e-01
      outer loop
         vertex 4.278436e-01 4.331046e-01 -5.683771e+00
         vertex 4.139176e-01 3.253509e-01 -5.666481e+00
         vertex 4.053027e-01 4.326245e-01 -5.681610e+00
      endloop
   endfacet
   facet normal -9.078899e-02 -1.606068e-01 -9.828341e-01
      outer loop
         vertex 4.278436e-01 4.331046e-01 -5.683771e+00
         vertex 4.053027e-01 4.326245e-01 -5.681610e+00
         vertex 4.251715e-01 5.396377e-01 -5.700933e+00
      endloop
   endfacet
   facet normal -8.272017e-02 -1.621867e-01 -9.832868e-01
      outer loop
         vertex 4.251715e-01 5.396377e-01 -5.700933e+00
         vertex 4.053027e-01 4.326245e-01 -5.681610e+00
         vertex 3.965529e-01 5.391076e-01 -5.698438e+00
      endloop
   endfacet
   facet normal -8.198024e-02 -1.841683e-01 -9.794699e-01
      outer loop
         vertex 4.251715e-01 5.396377e-01 -5.700933e+00
         vertex 3.965529e-01 5.391076e-01 -5.698438e+00
         vertex 4.221072e-01 6.456259e-01 -5.720605e+00
      endloop
   endfacet
   facet normal -7.592602e-02 -1.856636e-01 -9.796756e-01
      outer loop
         vertex 4.221072e-01 6.456259e-01 -5.720605e+00
         vertex 3.965529e-01 5.391076e-01 -5.698438e+00
         vertex 3.875330e-01 6.450221e-01 -5.717811e+00
      endloop
   endfacet
   facet normal -7.592644e-02 -1.856509e-01 -9.796780e-01
      outer loop
         vertex 4.221072e-01 6.456259e-01 -5.720605e+00
         vertex 3.875330e-01 6.450221e-01 -5.717811e+00
         vertex 4.174331e-01 8.575030e-01 -5.760394e+00
      endloop
   endfacet
   facet normal -6.637168e-02 -1.870800e-01 -9.800999e-01
      outer loop
         vertex 4.174331e-01 8.575030e-01 -5.760394e+00
         vertex 3.875330e-01 6.450221e-01 -5.717811e+00
         vertex 3.791965e-01 7.509466e-01 -5.737465e+00
      endloop
   endfacet
   facet normal -6.833317e-02 -1.863760e-01 -9.800993e-01
      outer loop
         vertex 4.174331e-01 8.575030e-01 -5.760394e+00
         vertex 3.791965e-01 7.509466e-01 -5.737465e+00
         vertex 3.717633e-01 8.569272e-01 -5.757100e+00
      endloop
   endfacet
   facet normal -9.651907e-02 -8.567155e-02 -9.916373e-01
      outer loop
         vertex 4.400130e-01 -4.650625e-04 -5.609989e+00
         vertex 4.365870e-01 -5.453212e-04 -5.609649e+00
         vertex 4.392677e-01 2.742150e-02 -5.612326e+00
      endloop
   endfacet
   facet normal -1.104720e-01 -8.420665e-02 -9.903056e-01
      outer loop
         vertex 4.392677e-01 2.742150e-02 -5.612326e+00
         vertex 4.365870e-01 -5.453212e-04 -5.609649e+00
         vertex 4.359372e-01 2.734953e-02 -5.611948e+00
      endloop
   endfacet
   facet normal -1.070339e-01 -1.788928e-01 -9.780292e-01
      outer loop
         vertex 4.392677e-01 2.742150e-02 -5.612326e+00
         vertex 4.359372e-01 2.734953e-02 -5.611948e+00
         vertex 4.384225e-01 5.503776e-02 -5.617285e+00
      endloop
   endfacet
   facet normal -1.321337e-01 -1.761439e-01 -9.754558e-01
      outer loop
         vertex 4.384225e-01 5.503776e-02 -5.617285e+00
         vertex 4.359372e-01 2.734953e-02 -5.611948e+00
         vertex 4.348514e-01 5.495731e-02 -5.616786e+00
      endloop
   endfacet
   facet normal -1.299317e-01 -2.201396e-01 -9.667763e-01
      outer loop
         vertex 4.384225e-01 5.503776e-02 -5.617285e+00
         vertex 4.348514e-01 5.495731e-02 -5.616786e+00
         vertex 4.368596e-01 1.097299e-01 -5.629528e+00
      endloop
   endfacet
   facet normal -1.545780e-01 -2.184787e-01 -9.635210e-01
      outer loop
         vertex 4.368596e-01 1.097299e-01 -5.629528e+00
         vertex 4.348514e-01 5.495731e-02 -5.616786e+00
         vertex 4.318604e-01 1.096218e-01 -5.628702e+00
      endloop
   endfacet
   facet normal -1.555372e-01 -2.013815e-01 -9.670851e-01
      outer loop
         vertex 4.368596e-01 1.097299e-01 -5.629528e+00
         vertex 4.318604e-01 1.096218e-01 -5.628702e+00
         vertex 4.355427e-01 1.639983e-01 -5.640617e+00
      endloop
   endfacet
   facet normal -1.438131e-01 -2.025206e-01 -9.686605e-01
      outer loop
         vertex 4.355427e-01 1.639983e-01 -5.640617e+00
         vertex 4.318604e-01 1.096218e-01 -5.628702e+00
         vertex 4.281314e-01 1.638578e-01 -5.639487e+00
      endloop
   endfacet
   facet normal -1.452193e-01 -1.728112e-01 -9.741908e-01
      outer loop
         vertex 4.355427e-01 1.639983e-01 -5.640617e+00
         vertex 4.281314e-01 1.638578e-01 -5.639487e+00
         vertex 4.341130e-01 2.180399e-01 -5.649990e+00
      endloop
   endfacet
   facet normal -1.254321e-01 -1.754370e-01 -9.764674e-01
      outer loop
         vertex 4.341130e-01 2.180399e-01 -5.649990e+00
         vertex 4.281314e-01 1.638578e-01 -5.639487e+00
         vertex 4.237544e-01 2.178364e-01 -5.648623e+00
      endloop
   endfacet
   facet normal -1.255050e-01 -1.737229e-01 -9.767645e-01
      outer loop
         vertex 4.341130e-01 2.180399e-01 -5.649990e+00
         vertex 4.237544e-01 2.178364e-01 -5.648623e+00
         vertex 4.139176e-01 3.253509e-01 -5.666481e+00
      endloop
   endfacet
   facet normal 9.375954e-02 6.384359e-02 -9.935457e-01
      outer loop
         vertex 4.399838e-01 3.500186e+00 -5.609998e+00
         vertex 4.433985e-01 3.500476e+00 -5.609658e+00
         vertex 4.423766e-01 3.472331e+00 -5.611563e+00
      endloop
   endfacet
   facet normal 1.078043e-01 6.323977e-02 -9.921587e-01
      outer loop
         vertex 4.423766e-01 3.472331e+00 -5.611563e+00
         vertex 4.433985e-01 3.500476e+00 -5.609658e+00
         vertex 4.456949e-01 3.472606e+00 -5.611185e+00
      endloop
   endfacet
   facet normal 9.885822e-02 1.577772e-01 -9.825138e-01
      outer loop
         vertex 4.423766e-01 3.472331e+00 -5.611563e+00
         vertex 4.456949e-01 3.472606e+00 -5.611185e+00
         vertex 4.448187e-01 3.444697e+00 -5.615755e+00
      endloop
   endfacet
   facet normal 1.240734e-01 1.565488e-01 -9.798461e-01
      outer loop
         vertex 4.448187e-01 3.444697e+00 -5.615755e+00
         vertex 4.456949e-01 3.472606e+00 -5.611185e+00
         vertex 4.483773e-01 3.445001e+00 -5.615255e+00
      endloop
   endfacet
   facet normal 1.192890e-01 2.003673e-01 -9.724315e-01
      outer loop
         vertex 4.448187e-01 3.444697e+00 -5.615755e+00
         vertex 4.483773e-01 3.445001e+00 -5.615255e+00
         vertex 4.495936e-01 3.389877e+00 -5.626464e+00
      endloop
   endfacet
   facet normal 1.437102e-01 2.002388e-01 -9.691500e-01
      outer loop
         vertex 4.495936e-01 3.389877e+00 -5.626464e+00
         vertex 4.483773e-01 3.445001e+00 -5.615255e+00
         vertex 4.545781e-01 3.390302e+00 -5.625637e+00
      endloop
   endfacet
   facet normal 1.456923e-01 1.830407e-01 -9.722499e-01
      outer loop
         vertex 4.495936e-01 3.389877e+00 -5.626464e+00
         vertex 4.545781e-01 3.390302e+00 -5.625637e+00
         vertex 4.541809e-01 3.335454e+00 -5.636023e+00
      endloop
   endfacet
   facet normal 1.340865e-01 1.834269e-01 -9.738457e-01
      outer loop
         vertex 4.541809e-01 3.335454e+00 -5.636023e+00
         vertex 4.545781e-01 3.390302e+00 -5.625637e+00
         vertex 4.615707e-01 3.336054e+00 -5.634892e+00
      endloop
   endfacet
   facet normal 1.372019e-01 1.538905e-01 -9.785159e-01
      outer loop
         vertex 4.541809e-01 3.335454e+00 -5.636023e+00
         vertex 4.615707e-01 3.336054e+00 -5.634892e+00
         vertex 4.588134e-01 3.281328e+00 -5.643886e+00
      endloop
   endfacet
   facet normal 1.173683e-01 1.552773e-01 -9.808739e-01
      outer loop
         vertex 4.588134e-01 3.281328e+00 -5.643886e+00
         vertex 4.615707e-01 3.336054e+00 -5.634892e+00
         vertex 4.691392e-01 3.282169e+00 -5.642517e+00
      endloop
   endfacet
   facet normal 1.191245e-01 1.376360e-01 -9.832933e-01
      outer loop
         vertex 4.588134e-01 3.281328e+00 -5.643886e+00
         vertex 4.691392e-01 3.282169e+00 -5.642517e+00
         vertex 4.776456e-01 3.066601e+00 -5.671660e+00
      endloop
   endfacet
   facet normal 8.523428e-02 1.367899e-01 -9.869264e-01
      outer loop
         vertex 4.776456e-01 3.066601e+00 -5.671660e+00
         vertex 4.691392e-01 3.282169e+00 -5.642517e+00
         vertex 5.001343e-01 3.068194e+00 -5.669497e+00
      endloop
   endfacet
   facet normal 8.444962e-02 1.461380e-01 -9.856531e-01
      outer loop
         vertex 4.776456e-01 3.066601e+00 -5.671660e+00
         vertex 5.001343e-01 3.068194e+00 -5.669497e+00
         vertex 4.848517e-01 2.960504e+00 -5.686773e+00
      endloop
   endfacet
   facet normal 7.835496e-02 1.470616e-01 -9.860190e-01
      outer loop
         vertex 4.848517e-01 2.960504e+00 -5.686773e+00
         vertex 5.001343e-01 3.068194e+00 -5.669497e+00
         vertex 5.134323e-01 2.962024e+00 -5.684276e+00
      endloop
   endfacet
   facet normal 7.624829e-02 1.784277e-01 -9.809943e-01
      outer loop
         vertex 4.848517e-01 2.960504e+00 -5.686773e+00
         vertex 5.134323e-01 2.962024e+00 -5.684276e+00
         vertex 4.904023e-01 2.855166e+00 -5.705501e+00
      endloop
   endfacet
   facet normal 7.274889e-02 1.792065e-01 -9.811180e-01
      outer loop
         vertex 4.904023e-01 2.855166e+00 -5.705501e+00
         vertex 5.134323e-01 2.962024e+00 -5.684276e+00
         vertex 5.249523e-01 2.856445e+00 -5.702706e+00
      endloop
   endfacet
   facet normal 7.240767e-02 1.857998e-01 -9.799161e-01
      outer loop
         vertex 4.904023e-01 2.855166e+00 -5.705501e+00
         vertex 5.249523e-01 2.856445e+00 -5.702706e+00
         vertex 4.944368e-01 2.749959e+00 -5.725151e+00
      endloop
   endfacet
   facet normal 7.065228e-02 1.863094e-01 -9.799475e-01
      outer loop
         vertex 4.944368e-01 2.749959e+00 -5.725151e+00
         vertex 5.249523e-01 2.856445e+00 -5.702706e+00
         vertex 5.347137e-01 2.750772e+00 -5.722093e+00
      endloop
   endfacet
   facet normal 7.054918e-02 1.892932e-01 -9.793829e-01
      outer loop
         vertex 4.944368e-01 2.749959e+00 -5.725151e+00
         vertex 5.347137e-01 2.750772e+00 -5.722093e+00
         vertex 4.969774e-01 2.644857e+00 -5.745282e+00
      endloop
   endfacet
   facet normal 7.003036e-02 1.894783e-01 -9.793844e-01
      outer loop
         vertex 4.969774e-01 2.644857e+00 -5.745282e+00
         vertex 5.347137e-01 2.750772e+00 -5.722093e+00
         vertex 5.426435e-01 2.644974e+00 -5.741994e+00
      endloop
   endfacet
   facet normal 6.940872e-02 2.244943e-01 -9.720004e-01
      outer loop
         vertex 4.969774e-01 2.644857e+00 -5.745282e+00
         vertex 5.426435e-01 2.644974e+00 -5.741994e+00
         vertex 4.976253e-01 2.592671e+00 -5.757289e+00
      endloop
   endfacet
   facet normal 6.958497e-02 2.243488e-01 -9.720214e-01
      outer loop
         vertex 4.976253e-01 2.592671e+00 -5.757289e+00
         vertex 5.426435e-01 2.644974e+00 -5.741994e+00
         vertex 5.458388e-01 2.592409e+00 -5.753898e+00
      endloop
   endfacet
   facet normal 6.929727e-02 2.489893e-01 -9.660239e-01
      outer loop
         vertex 4.976253e-01 2.592671e+00 -5.757289e+00
         vertex 5.458388e-01 2.592409e+00 -5.753898e+00
         vertex 4.978823e-01 2.540405e+00 -5.770742e+00
      endloop
   endfacet
   facet normal 6.976977e-02 2.485769e-01 -9.660961e-01
      outer loop
         vertex 4.978823e-01 2.540405e+00 -5.770742e+00
         vertex 5.458388e-01 2.592409e+00 -5.753898e+00
         vertex 5.485310e-01 2.539744e+00 -5.767254e+00
      endloop
   endfacet
   facet normal 6.977558e-02 2.473162e-01 -9.664192e-01
      outer loop
         vertex 4.978823e-01 2.540405e+00 -5.770742e+00
         vertex 5.485310e-01 2.539744e+00 -5.767254e+00
         vertex 4.973097e-01 2.433670e+00 -5.798098e+00
      endloop
   endfacet
   facet normal 7.148902e-02 2.465121e-01 -9.664994e-01
      outer loop
         vertex 4.973097e-01 2.433670e+00 -5.798098e+00
         vertex 5.485310e-01 2.539744e+00 -5.767254e+00
         vertex 5.524391e-01 2.432079e+00 -5.794426e+00
      endloop
   endfacet
   facet normal 7.105698e-02 2.133565e-01 -9.743869e-01
      outer loop
         vertex 4.973097e-01 2.433670e+00 -5.798098e+00
         vertex 5.524391e-01 2.432079e+00 -5.794426e+00
         vertex 4.949496e-01 2.323220e+00 -5.822455e+00
      endloop
   endfacet
   facet normal 7.305414e-02 2.123220e-01 -9.744652e-01
      outer loop
         vertex 4.949496e-01 2.323220e+00 -5.822455e+00
         vertex 5.524391e-01 2.432079e+00 -5.794426e+00
         vertex 5.539800e-01 2.320543e+00 -5.818612e+00
      endloop
   endfacet
   facet normal 7.169308e-02 1.703959e-01 -9.827641e-01
      outer loop
         vertex 4.949496e-01 2.323220e+00 -5.822455e+00
         vertex 5.539800e-01 2.320543e+00 -5.818612e+00
         vertex 4.902526e-01 2.210218e+00 -5.842390e+00
      endloop
   endfacet
   facet normal 7.329015e-02 1.694820e-01 -9.828044e-01
      outer loop
         vertex 4.902526e-01 2.210218e+00 -5.842390e+00
         vertex 5.539800e-01 2.320543e+00 -5.818612e+00
         vertex 5.525504e-01 2.206420e+00 -5.838399e+00
      endloop
   endfacet
   facet normal 7.139559e-02 1.322777e-01 -9.886381e-01
      outer loop
         vertex 4.902526e-01 2.210218e+00 -5.842390e+00
         vertex 5.525504e-01 2.206420e+00 -5.838399e+00
         vertex 4.832011e-01 2.096371e+00 -5.858132e+00
      endloop
   endfacet
   facet normal 7.259838e-02 1.315221e-01 -9.886513e-01
      outer loop
         vertex 4.832011e-01 2.096371e+00 -5.858132e+00
         vertex 5.525504e-01 2.206420e+00 -5.838399e+00
         vertex 5.480751e-01 2.091439e+00 -5.854024e+00
      endloop
   endfacet
   facet normal 7.015955e-02 9.589636e-02 -9.929157e-01
      outer loop
         vertex 4.832011e-01 2.096371e+00 -5.858132e+00
         vertex 5.480751e-01 2.091439e+00 -5.854024e+00
         vertex 4.747651e-01 1.982021e+00 -5.869772e+00
      endloop
   endfacet
   facet normal 7.138124e-02 9.507664e-02 -9.929074e-01
      outer loop
         vertex 4.747651e-01 1.982021e+00 -5.869772e+00
         vertex 5.480751e-01 2.091439e+00 -5.854024e+00
         vertex 5.414444e-01 1.975722e+00 -5.865581e+00
      endloop
   endfacet
   facet normal 6.783558e-02 5.538068e-02 -9.961583e-01
      outer loop
         vertex 4.747651e-01 1.982021e+00 -5.869772e+00
         vertex 5.414444e-01 1.975722e+00 -5.865581e+00
         vertex 4.635410e-01 1.867180e+00 -5.876921e+00
      endloop
   endfacet
   facet normal 5.247440e-02 6.643211e-02 -9.964102e-01
      outer loop
         vertex 5.414444e-01 1.975722e+00 -5.865581e+00
         vertex 5.369284e-01 1.917630e+00 -5.869692e+00
         vertex 4.635410e-01 1.867180e+00 -5.876921e+00
      endloop
   endfacet
   facet normal 6.739214e-02 4.477685e-02 -9.967213e-01
      outer loop
         vertex 4.635410e-01 1.867180e+00 -5.876921e+00
         vertex 5.369284e-01 1.917630e+00 -5.869692e+00
         vertex 5.312698e-01 1.859663e+00 -5.872679e+00
      endloop
   endfacet
   facet normal 6.419997e-02 1.539628e-02 -9.978183e-01
      outer loop
         vertex 4.635410e-01 1.867180e+00 -5.876921e+00
         vertex 5.312698e-01 1.859663e+00 -5.872679e+00
         vertex 4.492843e-01 1.752374e+00 -5.879609e+00
      endloop
   endfacet
   facet normal 6.417956e-02 1.541195e-02 -9.978194e-01
      outer loop
         vertex 4.492843e-01 1.752374e+00 -5.879609e+00
         vertex 5.312698e-01 1.859663e+00 -5.872679e+00
         vertex 5.173786e-01 1.744548e+00 -5.875350e+00
      endloop
   endfacet
   facet normal 6.001225e-02 -2.093635e-02 -9.979781e-01
      outer loop
         vertex 4.492843e-01 1.752374e+00 -5.879609e+00
         vertex 5.173786e-01 1.744548e+00 -5.875350e+00
         vertex 4.352696e-01 1.637665e+00 -5.878046e+00
      endloop
   endfacet
   facet normal 6.029529e-02 -2.115433e-02 -9.979564e-01
      outer loop
         vertex 4.352696e-01 1.637665e+00 -5.878046e+00
         vertex 5.173786e-01 1.744548e+00 -5.875350e+00
         vertex 5.030590e-01 1.630713e+00 -5.873803e+00
      endloop
   endfacet
   facet normal 5.682887e-02 -5.431641e-02 -9.969053e-01
      outer loop
         vertex 4.352696e-01 1.637665e+00 -5.878046e+00
         vertex 5.030590e-01 1.630713e+00 -5.873803e+00
         vertex 4.248319e-01 1.523031e+00 -5.872395e+00
      endloop
   endfacet
   facet normal 5.832337e-02 -5.540020e-02 -9.967593e-01
      outer loop
         vertex 4.248319e-01 1.523031e+00 -5.872395e+00
         vertex 5.030590e-01 1.630713e+00 -5.873803e+00
         vertex 4.916094e-01 1.517870e+00 -5.868201e+00
      endloop
   endfacet
   facet normal 5.561199e-02 -8.865261e-02 -9.945089e-01
      outer loop
         vertex 4.248319e-01 1.523031e+00 -5.872395e+00
         vertex 4.916094e-01 1.517870e+00 -5.868201e+00
         vertex 4.178741e-01 1.408768e+00 -5.862598e+00
      endloop
   endfacet
   facet normal 5.839728e-02 -9.051819e-02 -9.941812e-01
      outer loop
         vertex 4.178741e-01 1.408768e+00 -5.862598e+00
         vertex 4.916094e-01 1.517870e+00 -5.868201e+00
         vertex 4.828592e-01 1.405512e+00 -5.858485e+00
      endloop
   endfacet
   facet normal 5.659314e-02 -1.223431e-01 -9.908730e-01
      outer loop
         vertex 4.178741e-01 1.408768e+00 -5.862598e+00
         vertex 4.828592e-01 1.405512e+00 -5.858485e+00
         vertex 4.128290e-01 1.294909e+00 -5.848828e+00
      endloop
   endfacet
   facet normal 6.030863e-02 -1.246513e-01 -9.903661e-01
      outer loop
         vertex 4.128290e-01 1.294909e+00 -5.848828e+00
         vertex 4.828592e-01 1.405512e+00 -5.858485e+00
         vertex 4.752282e-01 1.293318e+00 -5.844828e+00
      endloop
   endfacet
   facet normal 5.924873e-02 -1.554242e-01 -9.860694e-01
      outer loop
         vertex 4.128290e-01 1.294909e+00 -5.848828e+00
         vertex 4.752282e-01 1.293318e+00 -5.844828e+00
         vertex 4.106961e-01 1.181802e+00 -5.831128e+00
      endloop
   endfacet
   facet normal 6.432643e-02 -1.582678e-01 -9.852986e-01
      outer loop
         vertex 4.106961e-01 1.181802e+00 -5.831128e+00
         vertex 4.752282e-01 1.293318e+00 -5.844828e+00
         vertex 4.697943e-01 1.181824e+00 -5.827274e+00
      endloop
   endfacet
   facet normal 6.394269e-02 -1.924608e-01 -9.792192e-01
      outer loop
         vertex 4.106961e-01 1.181802e+00 -5.831128e+00
         vertex 4.697943e-01 1.181824e+00 -5.827274e+00
         vertex 4.115698e-01 1.070878e+00 -5.809270e+00
      endloop
   endfacet
   facet normal 6.976203e-02 -1.953572e-01 -9.782478e-01
      outer loop
         vertex 4.115698e-01 1.070878e+00 -5.809270e+00
         vertex 4.697943e-01 1.181824e+00 -5.827274e+00
         vertex 4.667231e-01 1.072119e+00 -5.805585e+00
      endloop
   endfacet
   facet normal 6.998793e-02 -2.231282e-01 -9.722734e-01
      outer loop
         vertex 4.115698e-01 1.070878e+00 -5.809270e+00
         vertex 4.667231e-01 1.072119e+00 -5.805585e+00
         vertex 4.144556e-01 9.631367e-01 -5.784336e+00
      endloop
   endfacet
   facet normal 7.460589e-02 -2.251835e-01 -9.714558e-01
      outer loop
         vertex 4.144556e-01 9.631367e-01 -5.784336e+00
         vertex 4.667231e-01 1.072119e+00 -5.805585e+00
         vertex 4.650939e-01 9.648209e-01 -5.780838e+00
      endloop
   endfacet
   facet normal 7.448846e-02 -2.184371e-01 -9.730040e-01
      outer loop
         vertex 4.144556e-01 9.631367e-01 -5.784336e+00
         vertex 4.650939e-01 9.648209e-01 -5.780838e+00
         vertex 4.174331e-01 8.575030e-01 -5.760394e+00
      endloop
   endfacet
   facet normal 1.011361e-01 -7.873886e-02 -9.917518e-01
      outer loop
         vertex 4.434382e-01 -3.531106e-04 -5.609649e+00
         vertex 4.400130e-01 -4.650625e-04 -5.609989e+00
         vertex 4.425972e-01 2.752909e-02 -5.611948e+00
      endloop
   endfacet
   facet normal 1.148932e-01 -7.989734e-02 -9.901596e-01
      outer loop
         vertex 4.425972e-01 2.752909e-02 -5.611948e+00
         vertex 4.400130e-01 -4.650625e-04 -5.609989e+00
         vertex 4.392677e-01 2.742150e-02 -5.612326e+00
      endloop
   endfacet
   facet normal 1.164713e-01 -1.688042e-01 -9.787439e-01
      outer loop
         vertex 4.425972e-01 2.752909e-02 -5.611948e+00
         vertex 4.392677e-01 2.742150e-02 -5.612326e+00
         vertex 4.419923e-01 5.516423e-02 -5.616786e+00
      endloop
   endfacet
   facet normal 1.421350e-01 -1.707248e-01 -9.750132e-01
      outer loop
         vertex 4.419923e-01 5.516423e-02 -5.616786e+00
         vertex 4.392677e-01 2.742150e-02 -5.612326e+00
         vertex 4.384225e-01 5.503776e-02 -5.617285e+00
      endloop
   endfacet
   facet normal 1.424463e-01 -2.101483e-01 -9.672367e-01
      outer loop
         vertex 4.419923e-01 5.516423e-02 -5.616786e+00
         vertex 4.384225e-01 5.503776e-02 -5.617285e+00
         vertex 4.418568e-01 1.099144e-01 -5.628702e+00
      endloop
   endfacet
   facet normal 1.670876e-01 -2.108371e-01 -9.631352e-01
      outer loop
         vertex 4.418568e-01 1.099144e-01 -5.628702e+00
         vertex 4.384225e-01 5.503776e-02 -5.617285e+00
         vertex 4.368596e-01 1.097299e-01 -5.629528e+00
      endloop
   endfacet
   facet normal 1.670557e-01 -1.952159e-01 -9.664280e-01
      outer loop
         vertex 4.418568e-01 1.099144e-01 -5.628702e+00
         vertex 4.368596e-01 1.097299e-01 -5.629528e+00
         vertex 4.429506e-01 1.642454e-01 -5.639487e+00
      endloop
   endfacet
   facet normal 1.542125e-01 -1.942075e-01 -9.687631e-01
      outer loop
         vertex 4.429506e-01 1.642454e-01 -5.639487e+00
         vertex 4.368596e-01 1.097299e-01 -5.629528e+00
         vertex 4.355427e-01 1.639983e-01 -5.640617e+00
      endloop
   endfacet
   facet normal 1.540908e-01 -1.686396e-01 -9.735588e-01
      outer loop
         vertex 4.429506e-01 1.642454e-01 -5.639487e+00
         vertex 4.355427e-01 1.639983e-01 -5.640617e+00
         vertex 4.444676e-01 2.183727e-01 -5.648623e+00
      endloop
   endfacet
   facet normal 1.343249e-01 -1.658949e-01 -9.769523e-01
      outer loop
         vertex 4.444676e-01 2.183727e-01 -5.648623e+00
         vertex 4.355427e-01 1.639983e-01 -5.640617e+00
         vertex 4.341130e-01 2.180399e-01 -5.649990e+00
      endloop
   endfacet
   facet normal 1.341966e-01 -1.535479e-01 -9.789864e-01
      outer loop
         vertex 4.444676e-01 2.183727e-01 -5.648623e+00
         vertex 4.341130e-01 2.180399e-01 -5.649990e+00
         vertex 4.503772e-01 4.338549e-01 -5.681610e+00
      endloop
   endfacet
   facet normal 9.934584e-02 -1.515741e-01 -9.834407e-01
      outer loop
         vertex 4.503772e-01 4.338549e-01 -5.681610e+00
         vertex 4.341130e-01 2.180399e-01 -5.649990e+00
         vertex 4.278436e-01 4.331046e-01 -5.683771e+00
      endloop
   endfacet
   facet normal 9.946290e-02 -1.580707e-01 -9.824056e-01
      outer loop
         vertex 4.503772e-01 4.338549e-01 -5.681610e+00
         vertex 4.278436e-01 4.331046e-01 -5.683771e+00
         vertex 4.537790e-01 5.405786e-01 -5.698438e+00
      endloop
   endfacet
   facet normal 9.091586e-02 -1.561627e-01 -9.835383e-01
      outer loop
         vertex 4.537790e-01 5.405786e-01 -5.698438e+00
         vertex 4.278436e-01 4.331046e-01 -5.683771e+00
         vertex 4.251715e-01 5.396377e-01 -5.700933e+00
      endloop
   endfacet
   facet normal 9.135835e-02 -1.810782e-01 -9.792162e-01
      outer loop
         vertex 4.537790e-01 5.405786e-01 -5.698438e+00
         vertex 4.251715e-01 5.396377e-01 -5.700933e+00
         vertex 4.566672e-01 6.468011e-01 -5.717811e+00
      endloop
   endfacet
   facet normal 8.533400e-02 -1.794406e-01 -9.800608e-01
      outer loop
         vertex 4.566672e-01 6.468011e-01 -5.717811e+00
         vertex 4.251715e-01 5.396377e-01 -5.700933e+00
         vertex 4.221072e-01 6.456259e-01 -5.720605e+00
      endloop
   endfacet
   facet normal 8.541684e-02 -1.838279e-01 -9.792402e-01
      outer loop
         vertex 4.566672e-01 6.468011e-01 -5.717811e+00
         vertex 4.221072e-01 6.456259e-01 -5.720605e+00
         vertex 4.597554e-01 7.529326e-01 -5.737465e+00
      endloop
   endfacet
   facet normal 8.059825e-02 -1.822478e-01 -9.799437e-01
      outer loop
         vertex 4.597554e-01 7.529326e-01 -5.737465e+00
         vertex 4.221072e-01 6.456259e-01 -5.720605e+00
         vertex 4.174331e-01 8.575030e-01 -5.760394e+00
      endloop
   endfacet
   facet normal 7.681233e-02 -1.837839e-01 -9.799609e-01
      outer loop
         vertex 4.597554e-01 7.529326e-01 -5.737465e+00
         vertex 4.174331e-01 8.575030e-01 -5.760394e+00
         vertex 4.630798e-01 8.590190e-01 -5.757100e+00
      endloop
   endfacet
   facet normal 7.746522e-02 -2.196622e-01 -9.724956e-01
      outer loop
         vertex 4.630798e-01 8.590190e-01 -5.757100e+00
         vertex 4.174331e-01 8.575030e-01 -5.760394e+00
         vertex 4.650939e-01 9.648209e-01 -5.780838e+00
      endloop
   endfacet
   facet normal 1.240126e-01 -1.602258e-01 -9.792592e-01
      outer loop
         vertex 4.697943e-01 1.181824e+00 -5.827274e+00
         vertex 4.752282e-01 1.293318e+00 -5.844828e+00
         vertex 5.633401e-01 1.278552e+00 -5.831254e+00
      endloop
   endfacet
   facet normal 1.306266e-01 9.111535e-02 -9.872359e-01
      outer loop
         vertex 6.384603e-01 2.000895e+00 -5.850421e+00
         vertex 5.414444e-01 1.975722e+00 -5.865581e+00
         vertex 5.480751e-01 2.091439e+00 -5.854024e+00
      endloop
   endfacet
   facet normal 1.326323e-01 1.677103e-01 -9.768735e-01
      outer loop
         vertex 5.539800e-01 2.320543e+00 -5.818612e+00
         vertex 6.403172e-01 2.269298e+00 -5.815688e+00
         vertex 5.525504e-01 2.206420e+00 -5.838399e+00
      endloop
   endfacet
   facet normal 1.316473e-01 1.690499e-01 -9.767759e-01
      outer loop
         vertex 5.525504e-01 2.206420e+00 -5.838399e+00
         vertex 6.403172e-01 2.269298e+00 -5.815688e+00
         vertex 6.406487e-01 2.258191e+00 -5.817566e+00
      endloop
   endfacet
   facet normal 1.409581e-01 2.470634e-01 -9.586921e-01
      outer loop
         vertex 5.485310e-01 2.539744e+00 -5.767254e+00
         vertex 6.313983e-01 2.428797e+00 -5.783662e+00
         vertex 5.524391e-01 2.432079e+00 -5.794426e+00
      endloop
   endfacet
   facet normal 1.408267e-01 2.297465e-01 -9.630080e-01
      outer loop
         vertex 5.524391e-01 2.432079e+00 -5.794426e+00
         vertex 6.313983e-01 2.428797e+00 -5.783662e+00
         vertex 6.328287e-01 2.410179e+00 -5.787895e+00
      endloop
   endfacet
   facet normal 1.363098e-01 2.117445e-01 -9.677726e-01
      outer loop
         vertex 5.524391e-01 2.432079e+00 -5.794426e+00
         vertex 6.328287e-01 2.410179e+00 -5.787895e+00
         vertex 5.539800e-01 2.320543e+00 -5.818612e+00
      endloop
   endfacet
   facet normal 1.406874e-01 2.079603e-01 -9.679667e-01
      outer loop
         vertex 5.539800e-01 2.320543e+00 -5.818612e+00
         vertex 6.328287e-01 2.410179e+00 -5.787895e+00
         vertex 6.385132e-01 2.315784e+00 -5.807349e+00
      endloop
   endfacet
   facet normal 1.398765e-01 1.800991e-01 -9.736523e-01
      outer loop
         vertex 5.539800e-01 2.320543e+00 -5.818612e+00
         vertex 6.385132e-01 2.315784e+00 -5.807349e+00
         vertex 6.403172e-01 2.269298e+00 -5.815688e+00
      endloop
   endfacet
   facet normal 1.391475e-01 1.566973e-01 -9.777954e-01
      outer loop
         vertex 6.406487e-01 2.258191e+00 -5.817566e+00
         vertex 6.417558e-01 2.200215e+00 -5.826699e+00
         vertex 5.525504e-01 2.206420e+00 -5.838399e+00
      endloop
   endfacet
   facet normal 1.381241e-01 1.358374e-01 -9.810555e-01
      outer loop
         vertex 5.525504e-01 2.206420e+00 -5.838399e+00
         vertex 6.417558e-01 2.200215e+00 -5.826699e+00
         vertex 6.417691e-01 2.133887e+00 -5.835881e+00
      endloop
   endfacet
   facet normal 1.321451e-01 1.284197e-01 -9.828764e-01
      outer loop
         vertex 5.525504e-01 2.206420e+00 -5.838399e+00
         vertex 6.417691e-01 2.133887e+00 -5.835881e+00
         vertex 5.480751e-01 2.091439e+00 -5.854024e+00
      endloop
   endfacet
   facet normal 1.371976e-01 1.175527e-01 -9.835437e-01
      outer loop
         vertex 5.480751e-01 2.091439e+00 -5.854024e+00
         vertex 6.417691e-01 2.133887e+00 -5.835881e+00
         vertex 6.409697e-01 2.083781e+00 -5.841981e+00
      endloop
   endfacet
   facet normal 1.357703e-01 9.629725e-02 -9.860493e-01
      outer loop
         vertex 5.480751e-01 2.091439e+00 -5.854024e+00
         vertex 6.409697e-01 2.083781e+00 -5.841981e+00
         vertex 6.384603e-01 2.000895e+00 -5.850421e+00
      endloop
   endfacet
   facet normal 2.786909e-01 1.963097e-01 -9.401031e-01
      outer loop
         vertex 4.545781e-01 3.390302e+00 -5.625637e+00
         vertex 4.646803e-01 3.374540e+00 -5.625934e+00
         vertex 4.615707e-01 3.336054e+00 -5.634892e+00
      endloop
   endfacet
   facet normal 2.788299e-01 1.962899e-01 -9.400660e-01
      outer loop
         vertex 4.615707e-01 3.336054e+00 -5.634892e+00
         vertex 4.646803e-01 3.374540e+00 -5.625934e+00
         vertex 4.721601e-01 3.336882e+00 -5.631579e+00
      endloop
   endfacet
   facet normal 2.817870e-01 1.731152e-01 -9.437305e-01
      outer loop
         vertex 4.615707e-01 3.336054e+00 -5.634892e+00
         vertex 4.721601e-01 3.336882e+00 -5.631579e+00
         vertex 4.691392e-01 3.282169e+00 -5.642517e+00
      endloop
   endfacet
   facet normal 2.452761e-01 1.770154e-01 -9.531554e-01
      outer loop
         vertex 4.691392e-01 3.282169e+00 -5.642517e+00
         vertex 4.721601e-01 3.336882e+00 -5.631579e+00
         vertex 4.862531e-01 3.273231e+00 -5.639773e+00
      endloop
   endfacet
   facet normal 2.348189e-01 1.550121e-01 -9.595996e-01
      outer loop
         vertex 4.691392e-01 3.282169e+00 -5.642517e+00
         vertex 4.862531e-01 3.273231e+00 -5.639773e+00
         vertex 5.001343e-01 3.068194e+00 -5.669497e+00
      endloop
   endfacet
   facet normal 1.515507e-01 1.518560e-01 -9.767150e-01
      outer loop
         vertex 5.001343e-01 3.068194e+00 -5.669497e+00
         vertex 4.862531e-01 3.273231e+00 -5.639773e+00
         vertex 5.206632e-01 3.123835e+00 -5.657661e+00
      endloop
   endfacet
   facet normal 1.821868e-01 1.398203e-01 -9.732719e-01
      outer loop
         vertex 5.206632e-01 3.123835e+00 -5.657661e+00
         vertex 5.323606e-01 3.070345e+00 -5.663156e+00
         vertex 5.001343e-01 3.068194e+00 -5.669497e+00
      endloop
   endfacet
   facet normal 1.802432e-01 1.605630e-01 -9.704287e-01
      outer loop
         vertex 5.001343e-01 3.068194e+00 -5.669497e+00
         vertex 5.323606e-01 3.070345e+00 -5.663156e+00
         vertex 5.515340e-01 2.978244e+00 -5.674833e+00
      endloop
   endfacet
   facet normal 1.740257e-01 1.571109e-01 -9.721272e-01
      outer loop
         vertex 5.001343e-01 3.068194e+00 -5.669497e+00
         vertex 5.515340e-01 2.978244e+00 -5.674833e+00
         vertex 5.134323e-01 2.962024e+00 -5.684276e+00
      endloop
   endfacet
   facet normal 1.651570e-01 1.768677e-01 -9.702788e-01
      outer loop
         vertex 5.134323e-01 2.962024e+00 -5.684276e+00
         vertex 5.515340e-01 2.978244e+00 -5.674833e+00
         vertex 5.543915e-01 2.963945e+00 -5.676954e+00
      endloop
   endfacet
   facet normal 1.643657e-01 1.870024e-01 -9.685112e-01
      outer loop
         vertex 5.134323e-01 2.962024e+00 -5.684276e+00
         vertex 5.543915e-01 2.963945e+00 -5.676954e+00
         vertex 5.249523e-01 2.856445e+00 -5.702706e+00
      endloop
   endfacet
   facet normal 1.514851e-01 1.908527e-01 -9.698595e-01
      outer loop
         vertex 5.249523e-01 2.856445e+00 -5.702706e+00
         vertex 5.543915e-01 2.963945e+00 -5.676954e+00
         vertex 5.796718e-01 2.828368e+00 -5.699684e+00
      endloop
   endfacet
   facet normal 1.520169e-01 1.919207e-01 -9.695655e-01
      outer loop
         vertex 5.249523e-01 2.856445e+00 -5.702706e+00
         vertex 5.796718e-01 2.828368e+00 -5.699684e+00
         vertex 5.347137e-01 2.750772e+00 -5.722093e+00
      endloop
   endfacet
   facet normal 1.486604e-01 1.939019e-01 -9.696918e-01
      outer loop
         vertex 5.347137e-01 2.750772e+00 -5.722093e+00
         vertex 5.796718e-01 2.828368e+00 -5.699684e+00
         vertex 5.924296e-01 2.751367e+00 -5.713126e+00
      endloop
   endfacet
   facet normal 1.486741e-01 1.935619e-01 -9.697576e-01
      outer loop
         vertex 5.347137e-01 2.750772e+00 -5.722093e+00
         vertex 5.924296e-01 2.751367e+00 -5.713126e+00
         vertex 5.426435e-01 2.644974e+00 -5.741994e+00
      endloop
   endfacet
   facet normal 1.483856e-01 1.937014e-01 -9.697739e-01
      outer loop
         vertex 5.426435e-01 2.644974e+00 -5.741994e+00
         vertex 5.924296e-01 2.751367e+00 -5.713126e+00
         vertex 6.055576e-01 2.662812e+00 -5.728805e+00
      endloop
   endfacet
   facet normal 1.378472e-01 2.267172e-01 -9.641563e-01
      outer loop
         vertex 5.426435e-01 2.644974e+00 -5.741994e+00
         vertex 6.055576e-01 2.662812e+00 -5.728805e+00
         vertex 5.458388e-01 2.592409e+00 -5.753898e+00
      endloop
   endfacet
   facet normal 1.427514e-01 2.226414e-01 -9.643925e-01
      outer loop
         vertex 5.458388e-01 2.592409e+00 -5.753898e+00
         vertex 6.055576e-01 2.662812e+00 -5.728805e+00
         vertex 6.149142e-01 2.591182e+00 -5.743957e+00
      endloop
   endfacet
   facet normal 1.422763e-01 2.501530e-01 -9.576956e-01
      outer loop
         vertex 5.458388e-01 2.592409e+00 -5.753898e+00
         vertex 6.149142e-01 2.591182e+00 -5.743957e+00
         vertex 5.485310e-01 2.539744e+00 -5.767254e+00
      endloop
   endfacet
   facet normal 1.417259e-01 2.508212e-01 -9.576025e-01
      outer loop
         vertex 5.485310e-01 2.539744e+00 -5.767254e+00
         vertex 6.149142e-01 2.591182e+00 -5.743957e+00
         vertex 6.206105e-01 2.542216e+00 -5.755939e+00
      endloop
   endfacet
   facet normal 1.419509e-01 2.477568e-01 -9.583666e-01
      outer loop
         vertex 5.485310e-01 2.539744e+00 -5.767254e+00
         vertex 6.206105e-01 2.542216e+00 -5.755939e+00
         vertex 6.313983e-01 2.428797e+00 -5.783662e+00
      endloop
   endfacet
   facet normal 2.013495e-01 -6.966951e-02 -9.770386e-01
      outer loop
         vertex 4.483442e-01 -1.689735e-04 -5.608651e+00
         vertex 4.434382e-01 -3.531106e-04 -5.609649e+00
         vertex 4.473660e-01 2.770992e-02 -5.610840e+00
      endloop
   endfacet
   facet normal 2.283003e-01 -7.317833e-02 -9.708367e-01
      outer loop
         vertex 4.473660e-01 2.770992e-02 -5.610840e+00
         vertex 4.434382e-01 -3.531106e-04 -5.609649e+00
         vertex 4.425972e-01 2.752909e-02 -5.611948e+00
      endloop
   endfacet
   facet normal 2.290585e-01 -1.351445e-01 -9.639856e-01
      outer loop
         vertex 4.473660e-01 2.770992e-02 -5.610840e+00
         vertex 4.425972e-01 2.752909e-02 -5.611948e+00
         vertex 4.471702e-01 3.852851e-02 -5.612404e+00
      endloop
   endfacet
   facet normal 2.959993e-01 -1.620380e-01 -9.413438e-01
      outer loop
         vertex 4.471702e-01 3.852851e-02 -5.612404e+00
         vertex 4.425972e-01 2.752909e-02 -5.611948e+00
         vertex 4.471054e-01 5.537992e-02 -5.615325e+00
      endloop
   endfacet
   facet normal 2.775580e-01 -1.597785e-01 -9.473291e-01
      outer loop
         vertex 4.471054e-01 5.537992e-02 -5.615325e+00
         vertex 4.425972e-01 2.752909e-02 -5.611948e+00
         vertex 4.419923e-01 5.516423e-02 -5.616786e+00
      endloop
   endfacet
   facet normal 2.771439e-01 -1.974456e-01 -9.403225e-01
      outer loop
         vertex 4.471054e-01 5.537992e-02 -5.615325e+00
         vertex 4.419923e-01 5.516423e-02 -5.616786e+00
         vertex 4.490399e-01 1.106478e-01 -5.626359e+00
      endloop
   endfacet
   facet normal 3.221623e-01 -2.005542e-01 -9.251970e-01
      outer loop
         vertex 4.490399e-01 1.106478e-01 -5.626359e+00
         vertex 4.419923e-01 5.516423e-02 -5.616786e+00
         vertex 4.418568e-01 1.099144e-01 -5.628702e+00
      endloop
   endfacet
   facet normal 3.220082e-01 -1.952572e-01 -9.263829e-01
      outer loop
         vertex 4.490399e-01 1.106478e-01 -5.626359e+00
         vertex 4.418568e-01 1.099144e-01 -5.628702e+00
         vertex 4.535606e-01 1.646794e-01 -5.636177e+00
      endloop
   endfacet
   facet normal 2.994983e-01 -1.915770e-01 -9.346652e-01
      outer loop
         vertex 4.535606e-01 1.646794e-01 -5.636177e+00
         vertex 4.418568e-01 1.099144e-01 -5.628702e+00
         vertex 4.429506e-01 1.642454e-01 -5.639487e+00
      endloop
   endfacet
   facet normal 2.997531e-01 -1.780476e-01 -9.372551e-01
      outer loop
         vertex 4.535606e-01 1.646794e-01 -5.636177e+00
         vertex 4.429506e-01 1.642454e-01 -5.639487e+00
         vertex 4.584768e-01 2.113258e-01 -5.643466e+00
      endloop
   endfacet
   facet normal 2.652164e-01 -1.676922e-01 -9.494944e-01
      outer loop
         vertex 4.584768e-01 2.113258e-01 -5.643466e+00
         vertex 4.429506e-01 1.642454e-01 -5.639487e+00
         vertex 4.444676e-01 2.183727e-01 -5.648623e+00
      endloop
   endfacet
   facet normal 2.632293e-01 -1.715436e-01 -9.493593e-01
      outer loop
         vertex 4.584768e-01 2.113258e-01 -5.643466e+00
         vertex 4.444676e-01 2.183727e-01 -5.648623e+00
         vertex 4.592981e-01 2.189464e-01 -5.644615e+00
      endloop
   endfacet
   facet normal 2.632182e-01 -1.727000e-01 -9.491527e-01
      outer loop
         vertex 4.592981e-01 2.189464e-01 -5.644615e+00
         vertex 4.444676e-01 2.183727e-01 -5.648623e+00
         vertex 4.704051e-01 3.273375e-01 -5.661257e+00
      endloop
   endfacet
   facet normal 1.716220e-01 -1.536737e-01 -9.731034e-01
      outer loop
         vertex 4.704051e-01 3.273375e-01 -5.661257e+00
         vertex 4.444676e-01 2.183727e-01 -5.648623e+00
         vertex 4.503772e-01 4.338549e-01 -5.681610e+00
      endloop
   endfacet
   facet normal 1.961067e-01 -1.483426e-01 -9.692970e-01
      outer loop
         vertex 4.704051e-01 3.273375e-01 -5.661257e+00
         vertex 4.503772e-01 4.338549e-01 -5.681610e+00
         vertex 4.826524e-01 4.351323e-01 -5.675276e+00
      endloop
   endfacet
   facet normal 1.462793e-01 -2.192118e-01 -9.646494e-01
      outer loop
         vertex 4.650939e-01 9.648209e-01 -5.780838e+00
         vertex 5.376182e-01 9.680773e-01 -5.770580e+00
         vertex 4.630798e-01 8.590190e-01 -5.757100e+00
      endloop
   endfacet
   facet normal 1.520315e-01 -2.229279e-01 -9.629068e-01
      outer loop
         vertex 4.630798e-01 8.590190e-01 -5.757100e+00
         vertex 5.376182e-01 9.680773e-01 -5.770580e+00
         vertex 5.284544e-01 8.618953e-01 -5.747444e+00
      endloop
   endfacet
   facet normal 1.515474e-01 -1.844824e-01 -9.710817e-01
      outer loop
         vertex 4.630798e-01 8.590190e-01 -5.757100e+00
         vertex 5.284544e-01 8.618953e-01 -5.747444e+00
         vertex 4.597554e-01 7.529326e-01 -5.737465e+00
      endloop
   endfacet
   facet normal 1.217343e-01 -1.280865e-01 -9.842635e-01
      outer loop
         vertex 4.828592e-01 1.405512e+00 -5.858485e+00
         vertex 5.759824e-01 1.401338e+00 -5.846424e+00
         vertex 4.752282e-01 1.293318e+00 -5.844828e+00
      endloop
   endfacet
   facet normal 1.265239e-01 -1.325362e-01 -9.830696e-01
      outer loop
         vertex 4.752282e-01 1.293318e+00 -5.844828e+00
         vertex 5.759824e-01 1.401338e+00 -5.846424e+00
         vertex 5.646403e-01 1.291693e+00 -5.833101e+00
      endloop
   endfacet
   facet normal 1.258749e-01 -1.503357e-01 -9.805889e-01
      outer loop
         vertex 4.752282e-01 1.293318e+00 -5.844828e+00
         vertex 5.646403e-01 1.291693e+00 -5.833101e+00
         vertex 5.633401e-01 1.278552e+00 -5.831254e+00
      endloop
   endfacet
   facet normal 1.171299e-01 -6.109274e-02 -9.912357e-01
      outer loop
         vertex 5.030590e-01 1.630713e+00 -5.873803e+00
         vertex 5.952262e-01 1.580948e+00 -5.859844e+00
         vertex 4.916094e-01 1.517870e+00 -5.868201e+00
      endloop
   endfacet
   facet normal 1.221102e-01 -6.942613e-02 -9.900854e-01
      outer loop
         vertex 4.916094e-01 1.517870e+00 -5.868201e+00
         vertex 5.952262e-01 1.580948e+00 -5.859844e+00
         vertex 5.872989e-01 1.510804e+00 -5.855903e+00
      endloop
   endfacet
   facet normal 1.199987e-01 -9.480158e-02 -9.882373e-01
      outer loop
         vertex 4.916094e-01 1.517870e+00 -5.868201e+00
         vertex 5.872989e-01 1.510804e+00 -5.855903e+00
         vertex 4.828592e-01 1.405512e+00 -5.858485e+00
      endloop
   endfacet
   facet normal 1.172860e-01 -9.209658e-02 -9.888186e-01
      outer loop
         vertex 4.828592e-01 1.405512e+00 -5.858485e+00
         vertex 5.872989e-01 1.510804e+00 -5.855903e+00
         vertex 5.794701e-01 1.434733e+00 -5.849747e+00
      endloop
   endfacet
   facet normal 1.227548e-01 -1.109561e-01 -9.862150e-01
      outer loop
         vertex 4.828592e-01 1.405512e+00 -5.858485e+00
         vertex 5.794701e-01 1.434733e+00 -5.849747e+00
         vertex 5.759824e-01 1.401338e+00 -5.846424e+00
      endloop
   endfacet
   facet normal 1.320469e-01 -1.678996e-01 -9.769203e-01
      outer loop
         vertex 5.633401e-01 1.278552e+00 -5.831254e+00
         vertex 5.544627e-01 1.182660e+00 -5.815973e+00
         vertex 4.697943e-01 1.181824e+00 -5.827274e+00
      endloop
   endfacet
   facet normal 1.317009e-01 -1.917761e-01 -9.725620e-01
      outer loop
         vertex 4.697943e-01 1.181824e+00 -5.827274e+00
         vertex 5.544627e-01 1.182660e+00 -5.815973e+00
         vertex 5.503486e-01 1.133600e+00 -5.806856e+00
      endloop
   endfacet
   facet normal 1.291718e-01 -1.958046e-01 -9.720984e-01
      outer loop
         vertex 4.697943e-01 1.181824e+00 -5.827274e+00
         vertex 5.503486e-01 1.133600e+00 -5.806856e+00
         vertex 4.667231e-01 1.072119e+00 -5.805585e+00
      endloop
   endfacet
   facet normal 1.394278e-01 -2.096654e-01 -9.677811e-01
      outer loop
         vertex 4.667231e-01 1.072119e+00 -5.805585e+00
         vertex 5.503486e-01 1.133600e+00 -5.806856e+00
         vertex 5.457241e-01 1.074782e+00 -5.794780e+00
      endloop
   endfacet
   facet normal 1.394711e-01 -2.245481e-01 -9.644304e-01
      outer loop
         vertex 4.667231e-01 1.072119e+00 -5.805585e+00
         vertex 5.457241e-01 1.074782e+00 -5.794780e+00
         vertex 4.650939e-01 9.648209e-01 -5.780838e+00
      endloop
   endfacet
   facet normal 1.459636e-01 -2.290524e-01 -9.624083e-01
      outer loop
         vertex 4.650939e-01 9.648209e-01 -5.780838e+00
         vertex 5.457241e-01 1.074782e+00 -5.794780e+00
         vertex 5.380416e-01 9.735216e-01 -5.771845e+00
      endloop
   endfacet
   facet normal 1.464539e-01 -2.346303e-01 -9.609890e-01
      outer loop
         vertex 4.650939e-01 9.648209e-01 -5.780838e+00
         vertex 5.380416e-01 9.735216e-01 -5.771845e+00
         vertex 5.376182e-01 9.680773e-01 -5.770580e+00
      endloop
   endfacet
   facet normal 1.710925e-01 -1.962943e-01 -9.655029e-01
      outer loop
         vertex 5.284544e-01 8.618953e-01 -5.747444e+00
         vertex 5.255796e-01 8.331528e-01 -5.742110e+00
         vertex 4.597554e-01 7.529326e-01 -5.737465e+00
      endloop
   endfacet
   facet normal 1.589330e-01 -1.865486e-01 -9.695050e-01
      outer loop
         vertex 4.597554e-01 7.529326e-01 -5.737465e+00
         vertex 5.255796e-01 8.331528e-01 -5.742110e+00
         vertex 5.174319e-01 7.554508e-01 -5.728495e+00
      endloop
   endfacet
   facet normal 1.589017e-01 -1.842458e-01 -9.699504e-01
      outer loop
         vertex 4.597554e-01 7.529326e-01 -5.737465e+00
         vertex 5.174319e-01 7.554508e-01 -5.728495e+00
         vertex 4.566672e-01 6.468011e-01 -5.717811e+00
      endloop
   endfacet
   facet normal 1.683850e-01 -1.892963e-01 -9.673745e-01
      outer loop
         vertex 4.566672e-01 6.468011e-01 -5.717811e+00
         vertex 5.174319e-01 7.554508e-01 -5.728495e+00
         vertex 5.053543e-01 6.412236e-01 -5.708245e+00
      endloop
   endfacet
   facet normal 1.695634e-01 -1.812869e-01 -9.687019e-01
      outer loop
         vertex 4.566672e-01 6.468011e-01 -5.717811e+00
         vertex 5.053543e-01 6.412236e-01 -5.708245e+00
         vertex 4.537790e-01 5.405786e-01 -5.698438e+00
      endloop
   endfacet
   facet normal 1.799670e-01 -1.863414e-01 -9.658617e-01
      outer loop
         vertex 4.537790e-01 5.405786e-01 -5.698438e+00
         vertex 5.053543e-01 6.412236e-01 -5.708245e+00
         vertex 4.947526e-01 5.422344e-01 -5.691123e+00
      endloop
   endfacet
   facet normal 1.797379e-01 -1.588015e-01 -9.708122e-01
      outer loop
         vertex 4.537790e-01 5.405786e-01 -5.698438e+00
         vertex 4.947526e-01 5.422344e-01 -5.691123e+00
         vertex 4.503772e-01 4.338549e-01 -5.681610e+00
      endloop
   endfacet
   facet normal 2.070680e-01 -1.693549e-01 -9.635568e-01
      outer loop
         vertex 4.503772e-01 4.338549e-01 -5.681610e+00
         vertex 4.947526e-01 5.422344e-01 -5.691123e+00
         vertex 4.855846e-01 4.605504e-01 -5.678736e+00
      endloop
   endfacet
   facet normal 1.961591e-01 -1.544536e-01 -9.683314e-01
      outer loop
         vertex 4.503772e-01 4.338549e-01 -5.681610e+00
         vertex 4.855846e-01 4.605504e-01 -5.678736e+00
         vertex 4.826524e-01 4.351323e-01 -5.675276e+00
      endloop
   endfacet
   facet normal 1.940039e-01 6.959573e-02 -9.785289e-01
      outer loop
         vertex 4.433985e-01 3.500476e+00 -5.609658e+00
         vertex 4.482910e-01 3.500882e+00 -5.608659e+00
         vertex 4.456949e-01 3.472606e+00 -5.611185e+00
      endloop
   endfacet
   facet normal 3.421190e-01 5.239386e-02 -9.381948e-01
      outer loop
         vertex 4.456949e-01 3.472606e+00 -5.611185e+00
         vertex 4.482910e-01 3.500882e+00 -5.608659e+00
         vertex 4.495314e-01 3.483427e+00 -5.609181e+00
      endloop
   endfacet
   facet normal 8.211816e-02 1.531992e-01 -9.847774e-01
      outer loop
         vertex 4.456949e-01 3.472606e+00 -5.611185e+00
         vertex 4.495314e-01 3.483427e+00 -5.609181e+00
         vertex 4.483773e-01 3.445001e+00 -5.615255e+00
      endloop
   endfacet
   facet normal 2.039154e-01 1.468747e-01 -9.679082e-01
      outer loop
         vertex 4.483773e-01 3.445001e+00 -5.615255e+00
         vertex 4.495314e-01 3.483427e+00 -5.609181e+00
         vertex 4.545452e-01 3.437150e+00 -5.615147e+00
      endloop
   endfacet
   facet normal 2.833768e-01 2.097404e-01 -9.357920e-01
      outer loop
         vertex 4.483773e-01 3.445001e+00 -5.615255e+00
         vertex 4.545452e-01 3.437150e+00 -5.615147e+00
         vertex 4.545781e-01 3.390302e+00 -5.625637e+00
      endloop
   endfacet
   facet normal 2.989987e-01 2.087118e-01 -9.311494e-01
      outer loop
         vertex 4.545781e-01 3.390302e+00 -5.625637e+00
         vertex 4.545452e-01 3.437150e+00 -5.615147e+00
         vertex 4.617205e-01 3.390890e+00 -5.623212e+00
      endloop
   endfacet
   facet normal 2.989407e-01 2.091183e-01 -9.310768e-01
      outer loop
         vertex 4.545781e-01 3.390302e+00 -5.625637e+00
         vertex 4.617205e-01 3.390890e+00 -5.623212e+00
         vertex 4.646803e-01 3.374540e+00 -5.625934e+00
      endloop
   endfacet
   facet normal 1.346451e-01 7.607069e-02 -9.879696e-01
      outer loop
         vertex 6.384603e-01 2.000895e+00 -5.850421e+00
         vertex 6.369296e-01 1.966284e+00 -5.853295e+00
         vertex 5.414444e-01 1.975722e+00 -5.865581e+00
      endloop
   endfacet
   facet normal 1.331614e-01 5.930381e-02 -9.893185e-01
      outer loop
         vertex 5.414444e-01 1.975722e+00 -5.865581e+00
         vertex 6.369296e-01 1.966284e+00 -5.853295e+00
         vertex 6.332976e-01 1.907306e+00 -5.857319e+00
      endloop
   endfacet
   facet normal 1.334034e-01 5.963509e-02 -9.892660e-01
      outer loop
         vertex 5.414444e-01 1.975722e+00 -5.865581e+00
         vertex 6.332976e-01 1.907306e+00 -5.857319e+00
         vertex 5.369284e-01 1.917630e+00 -5.869692e+00
      endloop
   endfacet
   facet normal 1.316147e-01 4.154461e-02 -9.904300e-01
      outer loop
         vertex 5.369284e-01 1.917630e+00 -5.869692e+00
         vertex 6.332976e-01 1.907306e+00 -5.857319e+00
         vertex 6.300563e-01 1.867707e+00 -5.859411e+00
      endloop
   endfacet
   facet normal 1.299482e-01 3.836422e-02 -9.907783e-01
      outer loop
         vertex 5.369284e-01 1.917630e+00 -5.869692e+00
         vertex 6.300563e-01 1.867707e+00 -5.859411e+00
         vertex 5.312698e-01 1.859663e+00 -5.872679e+00
      endloop
   endfacet
   facet normal 1.305671e-01 3.105211e-02 -9.909531e-01
      outer loop
         vertex 5.312698e-01 1.859663e+00 -5.872679e+00
         vertex 6.300563e-01 1.867707e+00 -5.859411e+00
         vertex 6.282715e-01 1.848671e+00 -5.860243e+00
      endloop
   endfacet
   facet normal 1.280075e-01 7.568629e-03 -9.917443e-01
      outer loop
         vertex 5.312698e-01 1.859663e+00 -5.872679e+00
         vertex 6.282715e-01 1.848671e+00 -5.860243e+00
         vertex 5.173786e-01 1.744548e+00 -5.875350e+00
      endloop
   endfacet
   facet normal 1.268034e-01 8.871904e-03 -9.918882e-01
      outer loop
         vertex 5.173786e-01 1.744548e+00 -5.875350e+00
         vertex 6.282715e-01 1.848671e+00 -5.860243e+00
         vertex 6.156894e-01 1.739249e+00 -5.862830e+00
      endloop
   endfacet
   facet normal 1.247362e-01 -2.917629e-02 -9.917609e-01
      outer loop
         vertex 5.173786e-01 1.744548e+00 -5.875350e+00
         vertex 6.156894e-01 1.739249e+00 -5.862830e+00
         vertex 5.030590e-01 1.630713e+00 -5.873803e+00
      endloop
   endfacet
   facet normal 1.241558e-01 -2.856477e-02 -9.918515e-01
      outer loop
         vertex 5.030590e-01 1.630713e+00 -5.873803e+00
         vertex 6.156894e-01 1.739249e+00 -5.862830e+00
         vertex 6.001873e-01 1.620904e+00 -5.861362e+00
      endloop
   endfacet
   facet normal 1.216268e-01 -5.274694e-02 -9.911734e-01
      outer loop
         vertex 5.030590e-01 1.630713e+00 -5.873803e+00
         vertex 6.001873e-01 1.620904e+00 -5.861362e+00
         vertex 5.952262e-01 1.580948e+00 -5.859844e+00
      endloop
   endfacet
   facet normal 2.662438e-01 1.832190e-01 -9.463324e-01
      outer loop
         vertex 5.486897e-01 3.071360e+00 -5.658112e+00
         vertex 5.609024e-01 3.086157e+00 -5.651812e+00
         vertex 5.959029e-01 2.965602e+00 -5.665305e+00
      endloop
   endfacet
   facet normal 3.712443e-01 1.989603e-01 -9.069688e-01
      outer loop
         vertex 4.914324e-01 3.283899e+00 -5.635313e+00
         vertex 4.862531e-01 3.273231e+00 -5.639773e+00
         vertex 4.721601e-01 3.336882e+00 -5.631579e+00
      endloop
   endfacet
   facet normal 2.014713e-01 2.389076e-02 -9.792030e-01
      outer loop
         vertex 6.282715e-01 1.848671e+00 -5.860243e+00
         vertex 6.300563e-01 1.867707e+00 -5.859411e+00
         vertex 7.295200e-01 1.875387e+00 -5.838759e+00
      endloop
   endfacet
   facet normal 2.005576e-01 3.530009e-02 -9.790457e-01
      outer loop
         vertex 7.295200e-01 1.875387e+00 -5.838759e+00
         vertex 6.300563e-01 1.867707e+00 -5.859411e+00
         vertex 6.332976e-01 1.907306e+00 -5.857319e+00
      endloop
   endfacet
   facet normal 2.051726e-01 5.014595e-02 -9.774403e-01
      outer loop
         vertex 7.295200e-01 1.875387e+00 -5.838759e+00
         vertex 6.332976e-01 1.907306e+00 -5.857319e+00
         vertex 7.336188e-01 1.956254e+00 -5.833750e+00
      endloop
   endfacet
   facet normal 2.032433e-01 5.419024e-02 -9.776275e-01
      outer loop
         vertex 7.336188e-01 1.956254e+00 -5.833750e+00
         vertex 6.332976e-01 1.907306e+00 -5.857319e+00
         vertex 6.369296e-01 1.966284e+00 -5.853295e+00
      endloop
   endfacet
   facet normal 2.049825e-01 7.423252e-02 -9.759466e-01
      outer loop
         vertex 7.336188e-01 1.956254e+00 -5.833750e+00
         vertex 6.369296e-01 1.966284e+00 -5.853295e+00
         vertex 7.346947e-01 2.003509e+00 -5.829929e+00
      endloop
   endfacet
   facet normal 2.058594e-01 7.192222e-02 -9.759350e-01
      outer loop
         vertex 7.346947e-01 2.003509e+00 -5.829929e+00
         vertex 6.369296e-01 1.966284e+00 -5.853295e+00
         vertex 6.384603e-01 2.000895e+00 -5.850421e+00
      endloop
   endfacet
   facet normal 2.048388e-01 9.539299e-02 -9.741361e-01
      outer loop
         vertex 7.346947e-01 2.003509e+00 -5.829929e+00
         vertex 6.384603e-01 2.000895e+00 -5.850421e+00
         vertex 7.350293e-01 2.075356e+00 -5.822823e+00
      endloop
   endfacet
   facet normal 2.067008e-01 9.292094e-02 -9.739818e-01
      outer loop
         vertex 7.350293e-01 2.075356e+00 -5.822823e+00
         vertex 6.384603e-01 2.000895e+00 -5.850421e+00
         vertex 6.409697e-01 2.083781e+00 -5.841981e+00
      endloop
   endfacet
   facet normal 2.082324e-01 1.165481e-01 -9.711106e-01
      outer loop
         vertex 7.350293e-01 2.075356e+00 -5.822823e+00
         vertex 6.409697e-01 2.083781e+00 -5.841981e+00
         vertex 7.342180e-01 2.131836e+00 -5.816219e+00
      endloop
   endfacet
   facet normal 2.090885e-01 1.148937e-01 -9.711238e-01
      outer loop
         vertex 7.342180e-01 2.131836e+00 -5.816219e+00
         vertex 6.409697e-01 2.083781e+00 -5.841981e+00
         vertex 6.417691e-01 2.133887e+00 -5.835881e+00
      endloop
   endfacet
   facet normal 2.090431e-01 1.261518e-01 -9.697354e-01
      outer loop
         vertex 7.342180e-01 2.131836e+00 -5.816219e+00
         vertex 6.417691e-01 2.133887e+00 -5.835881e+00
         vertex 7.341584e-01 2.134286e+00 -5.815913e+00
      endloop
   endfacet
   facet normal 2.087885e-01 1.341436e-01 -9.687171e-01
      outer loop
         vertex 7.341584e-01 2.134286e+00 -5.815913e+00
         vertex 6.417691e-01 2.133887e+00 -5.835881e+00
         vertex 6.417558e-01 2.200215e+00 -5.826699e+00
      endloop
   endfacet
   facet normal 2.756381e-01 1.749836e-01 -9.452007e-01
      outer loop
         vertex 5.609024e-01 3.086157e+00 -5.651812e+00
         vertex 5.486897e-01 3.071360e+00 -5.658112e+00
         vertex 5.159525e-01 3.231032e+00 -5.638099e+00
      endloop
   endfacet
   facet normal 2.661248e-01 1.734106e-01 -9.482122e-01
      outer loop
         vertex 5.159525e-01 3.231032e+00 -5.638099e+00
         vertex 5.486897e-01 3.071360e+00 -5.658112e+00
         vertex 4.914324e-01 3.283899e+00 -5.635313e+00
      endloop
   endfacet
   facet normal 3.474845e-01 2.093438e-01 -9.140184e-01
      outer loop
         vertex 5.159525e-01 3.231032e+00 -5.638099e+00
         vertex 4.914324e-01 3.283899e+00 -5.635313e+00
         vertex 4.863847e-01 3.325606e+00 -5.627679e+00
      endloop
   endfacet
   facet normal 4.111052e-01 2.120231e-01 -8.865882e-01
      outer loop
         vertex 4.863847e-01 3.325606e+00 -5.627679e+00
         vertex 4.914324e-01 3.283899e+00 -5.635313e+00
         vertex 4.721601e-01 3.336882e+00 -5.631579e+00
      endloop
   endfacet
   facet normal 4.174269e-01 2.218579e-01 -8.812116e-01
      outer loop
         vertex 4.863847e-01 3.325606e+00 -5.627679e+00
         vertex 4.721601e-01 3.336882e+00 -5.631579e+00
         vertex 4.689583e-01 3.391459e+00 -5.619355e+00
      endloop
   endfacet
   facet normal 4.563839e-01 2.198822e-01 -8.621865e-01
      outer loop
         vertex 4.689583e-01 3.391459e+00 -5.619355e+00
         vertex 4.721601e-01 3.336882e+00 -5.631579e+00
         vertex 4.646803e-01 3.374540e+00 -5.625934e+00
      endloop
   endfacet
   facet normal 4.444653e-01 2.248168e-01 -8.671263e-01
      outer loop
         vertex 4.689583e-01 3.391459e+00 -5.619355e+00
         vertex 4.646803e-01 3.374540e+00 -5.625934e+00
         vertex 4.617205e-01 3.390890e+00 -5.623212e+00
      endloop
   endfacet
   facet normal 3.773123e-01 1.952992e-01 -9.052589e-01
      outer loop
         vertex 4.862531e-01 3.273231e+00 -5.639773e+00
         vertex 4.914324e-01 3.283899e+00 -5.635313e+00
         vertex 5.206632e-01 3.123835e+00 -5.657661e+00
      endloop
   endfacet
   facet normal 3.428751e-01 1.910338e-01 -9.197515e-01
      outer loop
         vertex 5.206632e-01 3.123835e+00 -5.657661e+00
         vertex 4.914324e-01 3.283899e+00 -5.635313e+00
         vertex 5.486897e-01 3.071360e+00 -5.658112e+00
      endloop
   endfacet
   facet normal 2.823333e-01 1.589254e-01 -9.460606e-01
      outer loop
         vertex 5.206632e-01 3.123835e+00 -5.657661e+00
         vertex 5.486897e-01 3.071360e+00 -5.658112e+00
         vertex 5.323606e-01 3.070345e+00 -5.663156e+00
      endloop
   endfacet
   facet normal 2.802911e-01 1.779482e-01 -9.432769e-01
      outer loop
         vertex 5.323606e-01 3.070345e+00 -5.663156e+00
         vertex 5.486897e-01 3.071360e+00 -5.658112e+00
         vertex 5.515340e-01 2.978244e+00 -5.674833e+00
      endloop
   endfacet
   facet normal 2.549355e-01 1.784439e-01 -9.503503e-01
      outer loop
         vertex 5.515340e-01 2.978244e+00 -5.674833e+00
         vertex 5.486897e-01 3.071360e+00 -5.658112e+00
         vertex 5.959029e-01 2.965602e+00 -5.665305e+00
      endloop
   endfacet
   facet normal 2.580395e-01 1.919586e-01 -9.468725e-01
      outer loop
         vertex 5.515340e-01 2.978244e+00 -5.674833e+00
         vertex 5.959029e-01 2.965602e+00 -5.665305e+00
         vertex 5.543915e-01 2.963945e+00 -5.676954e+00
      endloop
   endfacet
   facet normal 2.569636e-01 2.037021e-01 -9.447090e-01
      outer loop
         vertex 5.543915e-01 2.963945e+00 -5.676954e+00
         vertex 5.959029e-01 2.965602e+00 -5.665305e+00
         vertex 6.013094e-01 2.946174e+00 -5.668024e+00
      endloop
   endfacet
   facet normal 2.578057e-01 2.063269e-01 -9.439097e-01
      outer loop
         vertex 5.543915e-01 2.963945e+00 -5.676954e+00
         vertex 6.013094e-01 2.946174e+00 -5.668024e+00
         vertex 5.796718e-01 2.828368e+00 -5.699684e+00
      endloop
   endfacet
   facet normal 2.409812e-01 2.103702e-01 -9.474558e-01
      outer loop
         vertex 6.013094e-01 2.946174e+00 -5.668024e+00
         vertex 6.246441e-01 2.858863e+00 -5.681475e+00
         vertex 5.796718e-01 2.828368e+00 -5.699684e+00
      endloop
   endfacet
   facet normal 2.392804e-01 2.128102e-01 -9.473419e-01
      outer loop
         vertex 5.796718e-01 2.828368e+00 -5.699684e+00
         vertex 6.246441e-01 2.858863e+00 -5.681475e+00
         vertex 6.439386e-01 2.781088e+00 -5.694073e+00
      endloop
   endfacet
   facet normal 2.335429e-01 2.046279e-01 -9.505710e-01
      outer loop
         vertex 5.796718e-01 2.828368e+00 -5.699684e+00
         vertex 6.439386e-01 2.781088e+00 -5.694073e+00
         vertex 5.924296e-01 2.751367e+00 -5.713126e+00
      endloop
   endfacet
   facet normal 2.319328e-01 2.072999e-01 -9.503862e-01
      outer loop
         vertex 5.924296e-01 2.751367e+00 -5.713126e+00
         vertex 6.439386e-01 2.781088e+00 -5.694073e+00
         vertex 6.509174e-01 2.751327e+00 -5.698861e+00
      endloop
   endfacet
   facet normal 2.321510e-01 2.028472e-01 -9.512933e-01
      outer loop
         vertex 5.924296e-01 2.751367e+00 -5.713126e+00
         vertex 6.509174e-01 2.751327e+00 -5.698861e+00
         vertex 6.055576e-01 2.662812e+00 -5.728805e+00
      endloop
   endfacet
   facet normal 2.225034e-01 2.081810e-01 -9.524458e-01
      outer loop
         vertex 6.055576e-01 2.662812e+00 -5.728805e+00
         vertex 6.509174e-01 2.751327e+00 -5.698861e+00
         vertex 6.750695e-01 2.639490e+00 -5.717664e+00
      endloop
   endfacet
   facet normal 2.287693e-01 2.299714e-01 -9.459269e-01
      outer loop
         vertex 6.055576e-01 2.662812e+00 -5.728805e+00
         vertex 6.750695e-01 2.639490e+00 -5.717664e+00
         vertex 6.149142e-01 2.591182e+00 -5.743957e+00
      endloop
   endfacet
   facet normal 2.211908e-01 2.391505e-01 -9.454532e-01
      outer loop
         vertex 6.149142e-01 2.591182e+00 -5.743957e+00
         vertex 6.750695e-01 2.639490e+00 -5.717664e+00
         vertex 6.848980e-01 2.588977e+00 -5.728141e+00
      endloop
   endfacet
   facet normal 2.207461e-01 2.559850e-01 -9.411391e-01
      outer loop
         vertex 6.149142e-01 2.591182e+00 -5.743957e+00
         vertex 6.848980e-01 2.588977e+00 -5.728141e+00
         vertex 6.206105e-01 2.542216e+00 -5.755939e+00
      endloop
   endfacet
   facet normal 2.183268e-01 2.591342e-01 -9.408416e-01
      outer loop
         vertex 6.206105e-01 2.542216e+00 -5.755939e+00
         vertex 6.848980e-01 2.588977e+00 -5.728141e+00
         vertex 6.959939e-01 2.526609e+00 -5.742745e+00
      endloop
   endfacet
   facet normal 2.171119e-01 2.512150e-01 -9.432674e-01
      outer loop
         vertex 6.206105e-01 2.542216e+00 -5.755939e+00
         vertex 6.959939e-01 2.526609e+00 -5.742745e+00
         vertex 6.313983e-01 2.428797e+00 -5.783662e+00
      endloop
   endfacet
   facet normal 2.160227e-01 2.519562e-01 -9.433198e-01
      outer loop
         vertex 6.313983e-01 2.428797e+00 -5.783662e+00
         vertex 6.959939e-01 2.526609e+00 -5.742745e+00
         vertex 7.113682e-01 2.424341e+00 -5.766539e+00
      endloop
   endfacet
   facet normal 2.160055e-01 2.321975e-01 -9.483807e-01
      outer loop
         vertex 6.313983e-01 2.428797e+00 -5.783662e+00
         vertex 7.113682e-01 2.424341e+00 -5.766539e+00
         vertex 6.328287e-01 2.410179e+00 -5.787895e+00
      endloop
   endfacet
   facet normal 2.159977e-01 2.322312e-01 -9.483742e-01
      outer loop
         vertex 6.328287e-01 2.410179e+00 -5.787895e+00
         vertex 7.113682e-01 2.424341e+00 -5.766539e+00
         vertex 7.147286e-01 2.397995e+00 -5.772225e+00
      endloop
   endfacet
   facet normal 2.137253e-01 2.095136e-01 -9.541622e-01
      outer loop
         vertex 6.328287e-01 2.410179e+00 -5.787895e+00
         vertex 7.147286e-01 2.397995e+00 -5.772225e+00
         vertex 6.385132e-01 2.315784e+00 -5.807349e+00
      endloop
   endfacet
   facet normal 2.140658e-01 2.091953e-01 -9.541557e-01
      outer loop
         vertex 6.385132e-01 2.315784e+00 -5.807349e+00
         vertex 7.147286e-01 2.397995e+00 -5.772225e+00
         vertex 7.241138e-01 2.309919e+00 -5.789430e+00
      endloop
   endfacet
   facet normal 2.133564e-01 1.805283e-01 -9.601503e-01
      outer loop
         vertex 6.385132e-01 2.315784e+00 -5.807349e+00
         vertex 7.241138e-01 2.309919e+00 -5.789430e+00
         vertex 6.403172e-01 2.269298e+00 -5.815688e+00
      endloop
   endfacet
   facet normal 2.128959e-01 1.814341e-01 -9.600818e-01
      outer loop
         vertex 6.403172e-01 2.269298e+00 -5.815688e+00
         vertex 7.241138e-01 2.309919e+00 -5.789430e+00
         vertex 7.279871e-01 2.262230e+00 -5.797583e+00
      endloop
   endfacet
   facet normal 2.123865e-01 1.690390e-01 -9.624541e-01
      outer loop
         vertex 6.403172e-01 2.269298e+00 -5.815688e+00
         vertex 7.279871e-01 2.262230e+00 -5.797583e+00
         vertex 6.406487e-01 2.258191e+00 -5.817566e+00
      endloop
   endfacet
   facet normal 2.123129e-01 1.699321e-01 -9.623130e-01
      outer loop
         vertex 6.406487e-01 2.258191e+00 -5.817566e+00
         vertex 7.279871e-01 2.262230e+00 -5.797583e+00
         vertex 7.287288e-01 2.251670e+00 -5.799284e+00
      endloop
   endfacet
   facet normal 2.117955e-01 1.560337e-01 -9.647778e-01
      outer loop
         vertex 6.406487e-01 2.258191e+00 -5.817566e+00
         vertex 7.287288e-01 2.251670e+00 -5.799284e+00
         vertex 6.417558e-01 2.200215e+00 -5.826699e+00
      endloop
   endfacet
   facet normal 2.112245e-01 1.569836e-01 -9.647489e-01
      outer loop
         vertex 6.417558e-01 2.200215e+00 -5.826699e+00
         vertex 7.287288e-01 2.251670e+00 -5.799284e+00
         vertex 7.320798e-01 2.193066e+00 -5.808087e+00
      endloop
   endfacet
   facet normal 2.102783e-01 1.363345e-01 -9.680888e-01
      outer loop
         vertex 6.417558e-01 2.200215e+00 -5.826699e+00
         vertex 7.320798e-01 2.193066e+00 -5.808087e+00
         vertex 7.341584e-01 2.134286e+00 -5.815913e+00
      endloop
   endfacet
   facet normal 3.060108e-01 -5.642197e-02 -9.503546e-01
      outer loop
         vertex 4.533136e-01 4.440750e-05 -5.607063e+00
         vertex 4.483442e-01 -1.689735e-04 -5.608651e+00
         vertex 4.521963e-01 2.792327e-02 -5.609078e+00
      endloop
   endfacet
   facet normal 3.444556e-01 -6.148710e-02 -9.367869e-01
      outer loop
         vertex 4.521963e-01 2.792327e-02 -5.609078e+00
         vertex 4.483442e-01 -1.689735e-04 -5.608651e+00
         vertex 4.473660e-01 2.770992e-02 -5.610840e+00
      endloop
   endfacet
   facet normal 3.449022e-01 -1.211870e-01 -9.307826e-01
      outer loop
         vertex 4.521963e-01 2.792327e-02 -5.609078e+00
         vertex 4.473660e-01 2.770992e-02 -5.610840e+00
         vertex 4.520938e-01 4.442345e-02 -5.611265e+00
      endloop
   endfacet
   facet normal 3.650289e-01 -1.266659e-01 -9.223392e-01
      outer loop
         vertex 4.520938e-01 4.442345e-02 -5.611265e+00
         vertex 4.473660e-01 2.770992e-02 -5.610840e+00
         vertex 4.471702e-01 3.852851e-02 -5.612404e+00
      endloop
   endfacet
   facet normal 3.870105e-01 -1.473663e-01 -9.102231e-01
      outer loop
         vertex 4.520938e-01 4.442345e-02 -5.611265e+00
         vertex 4.471702e-01 3.852851e-02 -5.612404e+00
         vertex 4.522842e-01 5.563741e-02 -5.612999e+00
      endloop
   endfacet
   facet normal 4.111118e-01 -1.541607e-01 -8.984551e-01
      outer loop
         vertex 4.522842e-01 5.563741e-02 -5.612999e+00
         vertex 4.471702e-01 3.852851e-02 -5.612404e+00
         vertex 4.471054e-01 5.537992e-02 -5.615325e+00
      endloop
   endfacet
   facet normal 4.102869e-01 -1.828074e-01 -8.934462e-01
      outer loop
         vertex 4.522842e-01 5.563741e-02 -5.612999e+00
         vertex 4.471054e-01 5.537992e-02 -5.615325e+00
         vertex 4.562630e-01 1.106260e-01 -5.622423e+00
      endloop
   endfacet
   facet normal 4.694846e-01 -1.886503e-01 -8.625516e-01
      outer loop
         vertex 4.562630e-01 1.106260e-01 -5.622423e+00
         vertex 4.471054e-01 5.537992e-02 -5.615325e+00
         vertex 4.490399e-01 1.106478e-01 -5.626359e+00
      endloop
   endfacet
   facet normal 4.684022e-01 -1.998014e-01 -8.606270e-01
      outer loop
         vertex 4.562630e-01 1.106260e-01 -5.622423e+00
         vertex 4.490399e-01 1.106478e-01 -5.626359e+00
         vertex 4.566472e-01 1.138957e-01 -5.622973e+00
      endloop
   endfacet
   facet normal 4.692202e-01 -2.029512e-01 -8.594435e-01
      outer loop
         vertex 4.566472e-01 1.138957e-01 -5.622973e+00
         vertex 4.490399e-01 1.106478e-01 -5.626359e+00
         vertex 4.643063e-01 1.652093e-01 -5.630909e+00
      endloop
   endfacet
   facet normal 4.393987e-01 -1.960410e-01 -8.766395e-01
      outer loop
         vertex 4.643063e-01 1.652093e-01 -5.630909e+00
         vertex 4.490399e-01 1.106478e-01 -5.626359e+00
         vertex 4.535606e-01 1.646794e-01 -5.636177e+00
      endloop
   endfacet
   facet normal 4.392533e-01 -1.990019e-01 -8.760450e-01
      outer loop
         vertex 4.643063e-01 1.652093e-01 -5.630909e+00
         vertex 4.535606e-01 1.646794e-01 -5.636177e+00
         vertex 4.710277e-01 2.021886e-01 -5.635939e+00
      endloop
   endfacet
   facet normal 4.044236e-01 -1.826554e-01 -8.961465e-01
      outer loop
         vertex 4.710277e-01 2.021886e-01 -5.635939e+00
         vertex 4.535606e-01 1.646794e-01 -5.636177e+00
         vertex 4.584768e-01 2.113258e-01 -5.643466e+00
      endloop
   endfacet
   facet normal 3.973578e-01 -1.931514e-01 -8.971061e-01
      outer loop
         vertex 4.710277e-01 2.021886e-01 -5.635939e+00
         vertex 4.584768e-01 2.113258e-01 -5.643466e+00
         vertex 4.743188e-01 2.196370e-01 -5.638238e+00
      endloop
   endfacet
   facet normal 3.914481e-01 -1.783345e-01 -9.027542e-01
      outer loop
         vertex 4.743188e-01 2.196370e-01 -5.638238e+00
         vertex 4.584768e-01 2.113258e-01 -5.643466e+00
         vertex 4.592981e-01 2.189464e-01 -5.644615e+00
      endloop
   endfacet
   facet normal 3.909229e-01 -1.933074e-01 -8.998953e-01
      outer loop
         vertex 4.743188e-01 2.196370e-01 -5.638238e+00
         vertex 4.592981e-01 2.189464e-01 -5.644615e+00
         vertex 4.942809e-01 3.284686e-01 -5.652945e+00
      endloop
   endfacet
   facet normal 3.310722e-01 -1.762517e-01 -9.269987e-01
      outer loop
         vertex 4.942809e-01 3.284686e-01 -5.652945e+00
         vertex 4.592981e-01 2.189464e-01 -5.644615e+00
         vertex 4.704051e-01 3.273375e-01 -5.661257e+00
      endloop
   endfacet
   facet normal 3.311779e-01 -1.694564e-01 -9.282272e-01
      outer loop
         vertex 4.942809e-01 3.284686e-01 -5.652945e+00
         vertex 4.704051e-01 3.273375e-01 -5.661257e+00
         vertex 5.051469e-01 3.849380e-01 -5.659377e+00
      endloop
   endfacet
   facet normal 3.114534e-01 -1.572681e-01 -9.371572e-01
      outer loop
         vertex 5.051469e-01 3.849380e-01 -5.659377e+00
         vertex 4.704051e-01 3.273375e-01 -5.661257e+00
         vertex 4.826524e-01 4.351323e-01 -5.675276e+00
      endloop
   endfacet
   facet normal 2.975414e-01 -1.645374e-01 -9.404236e-01
      outer loop
         vertex 5.051469e-01 3.849380e-01 -5.659377e+00
         vertex 4.826524e-01 4.351323e-01 -5.675276e+00
         vertex 5.153426e-01 4.366551e-01 -5.665199e+00
      endloop
   endfacet
   facet normal 2.975550e-01 -1.624011e-01 -9.407906e-01
      outer loop
         vertex 5.153426e-01 4.366551e-01 -5.665199e+00
         vertex 4.826524e-01 4.351323e-01 -5.675276e+00
         vertex 4.855846e-01 4.605504e-01 -5.678736e+00
      endloop
   endfacet
   facet normal 2.824715e-01 -1.818078e-01 -9.418895e-01
      outer loop
         vertex 5.153426e-01 4.366551e-01 -5.665199e+00
         vertex 4.855846e-01 4.605504e-01 -5.678736e+00
         vertex 5.390085e-01 5.587814e-01 -5.681675e+00
      endloop
   endfacet
   facet normal 2.242219e-01 -2.390947e-01 -9.447530e-01
      outer loop
         vertex 6.090824e-01 9.585392e-01 -5.751193e+00
         vertex 5.380416e-01 9.735216e-01 -5.771845e+00
         vertex 6.257452e-01 1.078479e+00 -5.777592e+00
      endloop
   endfacet
   facet normal 2.145069e-01 -2.312073e-01 -9.489626e-01
      outer loop
         vertex 6.257452e-01 1.078479e+00 -5.777592e+00
         vertex 5.380416e-01 9.735216e-01 -5.771845e+00
         vertex 5.457241e-01 1.074782e+00 -5.794780e+00
      endloop
   endfacet
   facet normal 2.145526e-01 -2.215983e-01 -9.512420e-01
      outer loop
         vertex 6.257452e-01 1.078479e+00 -5.777592e+00
         vertex 5.457241e-01 1.074782e+00 -5.794780e+00
         vertex 6.325274e-01 1.128328e+00 -5.787675e+00
      endloop
   endfacet
   facet normal 2.091644e-01 -2.124273e-01 -9.545286e-01
      outer loop
         vertex 6.325274e-01 1.128328e+00 -5.787675e+00
         vertex 5.457241e-01 1.074782e+00 -5.794780e+00
         vertex 5.503486e-01 1.133600e+00 -5.806856e+00
      endloop
   endfacet
   facet normal 2.099995e-01 -2.048019e-01 -9.560107e-01
      outer loop
         vertex 6.325274e-01 1.128328e+00 -5.787675e+00
         vertex 5.503486e-01 1.133600e+00 -5.806856e+00
         vertex 6.402430e-01 1.184415e+00 -5.797996e+00
      endloop
   endfacet
   facet normal 2.049925e-01 -1.954128e-01 -9.590578e-01
      outer loop
         vertex 5.503486e-01 1.133600e+00 -5.806856e+00
         vertex 5.544627e-01 1.182660e+00 -5.815973e+00
         vertex 6.402430e-01 1.184415e+00 -5.797996e+00
      endloop
   endfacet
   facet normal 2.054228e-01 -1.725294e-01 -9.633458e-01
      outer loop
         vertex 6.402430e-01 1.184415e+00 -5.797996e+00
         vertex 5.544627e-01 1.182660e+00 -5.815973e+00
         vertex 5.633401e-01 1.278552e+00 -5.831254e+00
      endloop
   endfacet
   facet normal 1.991112e-01 -1.778142e-01 -9.637099e-01
      outer loop
         vertex 6.402430e-01 1.184415e+00 -5.797996e+00
         vertex 5.633401e-01 1.278552e+00 -5.831254e+00
         vertex 6.546408e-01 1.286560e+00 -5.813868e+00
      endloop
   endfacet
   facet normal 1.979423e-01 -1.556643e-01 -9.677745e-01
      outer loop
         vertex 6.546408e-01 1.286560e+00 -5.813868e+00
         vertex 5.633401e-01 1.278552e+00 -5.831254e+00
         vertex 5.646403e-01 1.291693e+00 -5.833101e+00
      endloop
   endfacet
   facet normal 1.988835e-01 -1.447701e-01 -9.692714e-01
      outer loop
         vertex 6.546408e-01 1.286560e+00 -5.813868e+00
         vertex 5.646403e-01 1.291693e+00 -5.833101e+00
         vertex 6.703521e-01 1.397666e+00 -5.827239e+00
      endloop
   endfacet
   facet normal 1.921617e-01 -1.379349e-01 -9.716212e-01
      outer loop
         vertex 6.703521e-01 1.397666e+00 -5.827239e+00
         vertex 5.646403e-01 1.291693e+00 -5.833101e+00
         vertex 5.759824e-01 1.401338e+00 -5.846424e+00
      endloop
   endfacet
   facet normal 1.933668e-01 -1.188670e-01 -9.738993e-01
      outer loop
         vertex 6.703521e-01 1.397666e+00 -5.827239e+00
         vertex 5.759824e-01 1.401338e+00 -5.846424e+00
         vertex 6.769541e-01 1.446883e+00 -5.831935e+00
      endloop
   endfacet
   facet normal 1.926060e-01 -1.170627e-01 -9.742686e-01
      outer loop
         vertex 6.769541e-01 1.446883e+00 -5.831935e+00
         vertex 5.759824e-01 1.401338e+00 -5.846424e+00
         vertex 5.794701e-01 1.434733e+00 -5.849747e+00
      endloop
   endfacet
   facet normal 1.908632e-01 -9.975763e-02 -9.765345e-01
      outer loop
         vertex 6.769541e-01 1.446883e+00 -5.831935e+00
         vertex 5.794701e-01 1.434733e+00 -5.849747e+00
         vertex 6.842668e-01 1.504014e+00 -5.836342e+00
      endloop
   endfacet
   facet normal 2.672895e-01 -1.737286e-01 -9.478263e-01
      outer loop
         vertex 4.855846e-01 4.605504e-01 -5.678736e+00
         vertex 4.947526e-01 5.422344e-01 -5.691123e+00
         vertex 5.390085e-01 5.587814e-01 -5.681675e+00
      endloop
   endfacet
   facet normal 2.731066e-01 -1.922878e-01 -9.425700e-01
      outer loop
         vertex 5.390085e-01 5.587814e-01 -5.681675e+00
         vertex 4.947526e-01 5.422344e-01 -5.691123e+00
         vertex 5.053543e-01 6.412236e-01 -5.708245e+00
      endloop
   endfacet
   facet normal 2.544984e-01 -2.009763e-01 -9.459594e-01
      outer loop
         vertex 5.390085e-01 5.587814e-01 -5.681675e+00
         vertex 5.053543e-01 6.412236e-01 -5.708245e+00
         vertex 5.758459e-01 7.586348e-01 -5.714225e+00
      endloop
   endfacet
   facet normal 2.427663e-01 -1.941616e-01 -9.504556e-01
      outer loop
         vertex 5.758459e-01 7.586348e-01 -5.714225e+00
         vertex 5.053543e-01 6.412236e-01 -5.708245e+00
         vertex 5.174319e-01 7.554508e-01 -5.728495e+00
      endloop
   endfacet
   facet normal 2.427826e-01 -1.984477e-01 -9.495658e-01
      outer loop
         vertex 5.758459e-01 7.586348e-01 -5.714225e+00
         vertex 5.174319e-01 7.554508e-01 -5.728495e+00
         vertex 5.880304e-01 8.269284e-01 -5.725382e+00
      endloop
   endfacet
   facet normal 2.360687e-01 -1.916823e-01 -9.526434e-01
      outer loop
         vertex 5.880304e-01 8.269284e-01 -5.725382e+00
         vertex 5.174319e-01 7.554508e-01 -5.728495e+00
         vertex 5.255796e-01 8.331528e-01 -5.742110e+00
      endloop
   endfacet
   facet normal 2.341530e-01 -2.048189e-01 -9.503797e-01
      outer loop
         vertex 5.880304e-01 8.269284e-01 -5.725382e+00
         vertex 5.255796e-01 8.331528e-01 -5.742110e+00
         vertex 5.946627e-01 8.656054e-01 -5.732084e+00
      endloop
   endfacet
   facet normal 2.320581e-01 -1.998759e-01 -9.519447e-01
      outer loop
         vertex 5.946627e-01 8.656054e-01 -5.732084e+00
         vertex 5.255796e-01 8.331528e-01 -5.742110e+00
         vertex 5.284544e-01 8.618953e-01 -5.747444e+00
      endloop
   endfacet
   facet normal 2.321567e-01 -2.303382e-01 -9.450120e-01
      outer loop
         vertex 5.946627e-01 8.656054e-01 -5.732084e+00
         vertex 5.284544e-01 8.618953e-01 -5.747444e+00
         vertex 6.090824e-01 9.585392e-01 -5.751193e+00
      endloop
   endfacet
   facet normal 2.268413e-01 -2.259942e-01 -9.473487e-01
      outer loop
         vertex 6.090824e-01 9.585392e-01 -5.751193e+00
         vertex 5.284544e-01 8.618953e-01 -5.747444e+00
         vertex 5.376182e-01 9.680773e-01 -5.770580e+00
      endloop
   endfacet
   facet normal 2.247682e-01 -2.370392e-01 -9.451411e-01
      outer loop
         vertex 6.090824e-01 9.585392e-01 -5.751193e+00
         vertex 5.376182e-01 9.680773e-01 -5.770580e+00
         vertex 5.380416e-01 9.735216e-01 -5.771845e+00
      endloop
   endfacet
   facet normal 3.011742e-01 4.990539e-02 -9.522623e-01
      outer loop
         vertex 4.482910e-01 3.500882e+00 -5.608659e+00
         vertex 4.532483e-01 3.501282e+00 -5.607070e+00
         vertex 4.495314e-01 3.483427e+00 -5.609181e+00
      endloop
   endfacet
   facet normal 1.994638e-01 7.401653e-02 -9.771058e-01
      outer loop
         vertex 4.495314e-01 3.483427e+00 -5.609181e+00
         vertex 4.532483e-01 3.501282e+00 -5.607070e+00
         vertex 4.563592e-01 3.463183e+00 -5.609321e+00
      endloop
   endfacet
   facet normal 4.640997e-01 1.625372e-01 -8.707429e-01
      outer loop
         vertex 4.495314e-01 3.483427e+00 -5.609181e+00
         vertex 4.563592e-01 3.463183e+00 -5.609321e+00
         vertex 4.545452e-01 3.437150e+00 -5.615147e+00
      endloop
   endfacet
   facet normal 4.395529e-01 1.668958e-01 -8.825753e-01
      outer loop
         vertex 4.545452e-01 3.437150e+00 -5.615147e+00
         vertex 4.563592e-01 3.463183e+00 -5.609321e+00
         vertex 4.586432e-01 3.445835e+00 -5.611464e+00
      endloop
   endfacet
   facet normal 3.614846e-01 2.142678e-01 -9.074239e-01
      outer loop
         vertex 4.545452e-01 3.437150e+00 -5.615147e+00
         vertex 4.586432e-01 3.445835e+00 -5.611464e+00
         vertex 4.617205e-01 3.390890e+00 -5.623212e+00
      endloop
   endfacet
   facet normal 4.954363e-01 2.080714e-01 -8.433559e-01
      outer loop
         vertex 4.617205e-01 3.390890e+00 -5.623212e+00
         vertex 4.586432e-01 3.445835e+00 -5.611464e+00
         vertex 4.644570e-01 3.412421e+00 -5.616292e+00
      endloop
   endfacet
   facet normal 4.448968e-01 2.222736e-01 -8.675605e-01
      outer loop
         vertex 4.617205e-01 3.390890e+00 -5.623212e+00
         vertex 4.644570e-01 3.412421e+00 -5.616292e+00
         vertex 4.689583e-01 3.391459e+00 -5.619355e+00
      endloop
   endfacet
   facet normal 2.004375e-01 2.789384e-02 -9.793093e-01
      outer loop
         vertex 7.295200e-01 1.875387e+00 -5.838759e+00
         vertex 7.265116e-01 1.837283e+00 -5.840460e+00
         vertex 6.282715e-01 1.848671e+00 -5.860243e+00
      endloop
   endfacet
   facet normal 1.980265e-01 5.579600e-03 -9.801808e-01
      outer loop
         vertex 6.282715e-01 1.848671e+00 -5.860243e+00
         vertex 7.265116e-01 1.837283e+00 -5.840460e+00
         vertex 7.178359e-01 1.754664e+00 -5.842683e+00
      endloop
   endfacet
   facet normal 1.933668e-01 9.635420e-04 -9.811261e-01
      outer loop
         vertex 6.282715e-01 1.848671e+00 -5.860243e+00
         vertex 7.178359e-01 1.754664e+00 -5.842683e+00
         vertex 6.156894e-01 1.739249e+00 -5.862830e+00
      endloop
   endfacet
   facet normal 1.956689e-01 -1.503831e-02 -9.805547e-01
      outer loop
         vertex 6.156894e-01 1.739249e+00 -5.862830e+00
         vertex 7.178359e-01 1.754664e+00 -5.842683e+00
         vertex 7.137383e-01 1.721874e+00 -5.842998e+00
      endloop
   endfacet
   facet normal 1.917631e-01 -3.728286e-02 -9.807328e-01
      outer loop
         vertex 6.156894e-01 1.739249e+00 -5.862830e+00
         vertex 7.137383e-01 1.721874e+00 -5.842998e+00
         vertex 6.001873e-01 1.620904e+00 -5.861362e+00
      endloop
   endfacet
   facet normal 1.931416e-01 -3.889379e-02 -9.803997e-01
      outer loop
         vertex 6.001873e-01 1.620904e+00 -5.861362e+00
         vertex 7.137383e-01 1.721874e+00 -5.842998e+00
         vertex 6.987110e-01 1.611931e+00 -5.841597e+00
      endloop
   endfacet
   facet normal 1.909944e-01 -6.092393e-02 -9.796986e-01
      outer loop
         vertex 6.001873e-01 1.620904e+00 -5.861362e+00
         vertex 6.987110e-01 1.611931e+00 -5.841597e+00
         vertex 5.952262e-01 1.580948e+00 -5.859844e+00
      endloop
   endfacet
   facet normal 1.945313e-01 -7.366311e-02 -9.781264e-01
      outer loop
         vertex 5.952262e-01 1.580948e+00 -5.859844e+00
         vertex 6.987110e-01 1.611931e+00 -5.841597e+00
         vertex 6.842668e-01 1.504014e+00 -5.836342e+00
      endloop
   endfacet
   facet normal 1.920053e-01 -7.666848e-02 -9.783945e-01
      outer loop
         vertex 5.952262e-01 1.580948e+00 -5.859844e+00
         vertex 6.842668e-01 1.504014e+00 -5.836342e+00
         vertex 5.872989e-01 1.510804e+00 -5.855903e+00
      endloop
   endfacet
   facet normal 1.901446e-01 -9.862131e-02 -9.767901e-01
      outer loop
         vertex 5.872989e-01 1.510804e+00 -5.855903e+00
         vertex 6.842668e-01 1.504014e+00 -5.836342e+00
         vertex 5.794701e-01 1.434733e+00 -5.849747e+00
      endloop
   endfacet
   facet normal 5.418272e-01 2.581333e-01 -7.998690e-01
      outer loop
         vertex 5.787825e-01 3.073135e+00 -5.646495e+00
         vertex 5.159525e-01 3.231032e+00 -5.638099e+00
         vertex 5.052479e-01 3.284914e+00 -5.627962e+00
      endloop
   endfacet
   facet normal 5.454236e-01 2.583726e-01 -7.973435e-01
      outer loop
         vertex 5.052479e-01 3.284914e+00 -5.627962e+00
         vertex 5.159525e-01 3.231032e+00 -5.638099e+00
         vertex 4.863847e-01 3.325606e+00 -5.627679e+00
      endloop
   endfacet
   facet normal 3.114073e-01 1.380588e-01 -9.401943e-01
      outer loop
         vertex 8.118774e-01 2.126770e+00 -5.791275e+00
         vertex 7.341584e-01 2.134286e+00 -5.815913e+00
         vertex 8.081180e-01 2.185948e+00 -5.783830e+00
      endloop
   endfacet
   facet normal 3.126308e-01 1.362215e-01 -9.400562e-01
      outer loop
         vertex 8.081180e-01 2.185948e+00 -5.783830e+00
         vertex 7.341584e-01 2.134286e+00 -5.815913e+00
         vertex 7.320798e-01 2.193066e+00 -5.808087e+00
      endloop
   endfacet
   facet normal 3.135807e-01 1.605902e-01 -9.358835e-01
      outer loop
         vertex 8.081180e-01 2.185948e+00 -5.783830e+00
         vertex 7.320798e-01 2.193066e+00 -5.808087e+00
         vertex 8.028812e-01 2.244959e+00 -5.775459e+00
      endloop
   endfacet
   facet normal 3.520780e-01 2.392968e-01 -9.048636e-01
      outer loop
         vertex 7.002155e-01 2.750477e+00 -5.680271e+00
         vertex 6.439386e-01 2.781088e+00 -5.694073e+00
         vertex 6.669441e-01 2.859119e+00 -5.664486e+00
      endloop
   endfacet
   facet normal 3.609701e-01 2.357030e-01 -9.022997e-01
      outer loop
         vertex 6.669441e-01 2.859119e+00 -5.664486e+00
         vertex 6.439386e-01 2.781088e+00 -5.694073e+00
         vertex 6.246441e-01 2.858863e+00 -5.681475e+00
      endloop
   endfacet
   facet normal 3.604382e-01 2.412026e-01 -9.010581e-01
      outer loop
         vertex 6.669441e-01 2.859119e+00 -5.664486e+00
         vertex 6.246441e-01 2.858863e+00 -5.681475e+00
         vertex 6.308976e-01 2.966631e+00 -5.650125e+00
      endloop
   endfacet
   facet normal 5.205448e-01 2.469788e-01 -8.173338e-01
      outer loop
         vertex 4.863847e-01 3.325606e+00 -5.627679e+00
         vertex 5.115666e-01 3.285362e+00 -5.623802e+00
         vertex 5.052479e-01 3.284914e+00 -5.627962e+00
      endloop
   endfacet
   facet normal 5.154501e-01 2.727062e-01 -8.123685e-01
      outer loop
         vertex 5.052479e-01 3.284914e+00 -5.627962e+00
         vertex 5.115666e-01 3.285362e+00 -5.623802e+00
         vertex 5.525120e-01 3.180608e+00 -5.632987e+00
      endloop
   endfacet
   facet normal 3.411964e-01 1.988701e-01 -9.187142e-01
      outer loop
         vertex 5.052479e-01 3.284914e+00 -5.627962e+00
         vertex 5.525120e-01 3.180608e+00 -5.632987e+00
         vertex 5.787825e-01 3.073135e+00 -5.646495e+00
      endloop
   endfacet
   facet normal 4.115900e-01 2.120112e-01 -8.863661e-01
      outer loop
         vertex 5.787825e-01 3.073135e+00 -5.646495e+00
         vertex 5.525120e-01 3.180608e+00 -5.632987e+00
         vertex 5.925464e-01 3.073895e+00 -5.639922e+00
      endloop
   endfacet
   facet normal 4.089863e-01 2.302236e-01 -8.830217e-01
      outer loop
         vertex 5.787825e-01 3.073135e+00 -5.646495e+00
         vertex 5.925464e-01 3.073895e+00 -5.639922e+00
         vertex 6.308976e-01 2.966631e+00 -5.650125e+00
      endloop
   endfacet
   facet normal 3.765650e-01 2.385482e-01 -8.951500e-01
      outer loop
         vertex 6.246441e-01 2.858863e+00 -5.681475e+00
         vertex 6.013094e-01 2.946174e+00 -5.668024e+00
         vertex 6.308976e-01 2.966631e+00 -5.650125e+00
      endloop
   endfacet
   facet normal 3.814185e-01 2.313772e-01 -8.949774e-01
      outer loop
         vertex 6.308976e-01 2.966631e+00 -5.650125e+00
         vertex 6.013094e-01 2.946174e+00 -5.668024e+00
         vertex 5.959029e-01 2.965602e+00 -5.665305e+00
      endloop
   endfacet
   facet normal 3.829786e-01 2.179965e-01 -8.976664e-01
      outer loop
         vertex 6.308976e-01 2.966631e+00 -5.650125e+00
         vertex 5.959029e-01 2.965602e+00 -5.665305e+00
         vertex 5.787825e-01 3.073135e+00 -5.646495e+00
      endloop
   endfacet
   facet normal 4.223488e-01 2.210128e-01 -8.790761e-01
      outer loop
         vertex 5.787825e-01 3.073135e+00 -5.646495e+00
         vertex 5.959029e-01 2.965602e+00 -5.665305e+00
         vertex 5.609024e-01 3.086157e+00 -5.651812e+00
      endloop
   endfacet
   facet normal 4.178918e-01 2.132439e-01 -8.831158e-01
      outer loop
         vertex 5.787825e-01 3.073135e+00 -5.646495e+00
         vertex 5.609024e-01 3.086157e+00 -5.651812e+00
         vertex 5.159525e-01 3.231032e+00 -5.638099e+00
      endloop
   endfacet
   facet normal 3.150057e-01 1.585624e-01 -9.357507e-01
      outer loop
         vertex 7.320798e-01 2.193066e+00 -5.808087e+00
         vertex 7.287288e-01 2.251670e+00 -5.799284e+00
         vertex 8.028812e-01 2.244959e+00 -5.775459e+00
      endloop
   endfacet
   facet normal 3.154274e-01 1.724752e-01 -9.331441e-01
      outer loop
         vertex 8.028812e-01 2.244959e+00 -5.775459e+00
         vertex 7.287288e-01 2.251670e+00 -5.799284e+00
         vertex 7.279871e-01 2.262230e+00 -5.797583e+00
      endloop
   endfacet
   facet normal 3.173873e-01 1.848733e-01 -9.301006e-01
      outer loop
         vertex 8.028812e-01 2.244959e+00 -5.775459e+00
         vertex 7.279871e-01 2.262230e+00 -5.797583e+00
         vertex 7.961846e-01 2.303653e+00 -5.766078e+00
      endloop
   endfacet
   facet normal 3.174323e-01 1.847988e-01 -9.301001e-01
      outer loop
         vertex 7.961846e-01 2.303653e+00 -5.766078e+00
         vertex 7.279871e-01 2.262230e+00 -5.797583e+00
         vertex 7.241138e-01 2.309919e+00 -5.789430e+00
      endloop
   endfacet
   facet normal 3.178414e-01 2.101203e-01 -9.245682e-01
      outer loop
         vertex 7.961846e-01 2.303653e+00 -5.766078e+00
         vertex 7.241138e-01 2.309919e+00 -5.789430e+00
         vertex 7.880965e-01 2.361795e+00 -5.755645e+00
      endloop
   endfacet
   facet normal 3.146481e-01 2.141655e-01 -9.247322e-01
      outer loop
         vertex 7.880965e-01 2.361795e+00 -5.755645e+00
         vertex 7.241138e-01 2.309919e+00 -5.789430e+00
         vertex 7.147286e-01 2.397995e+00 -5.772225e+00
      endloop
   endfacet
   facet normal 3.232698e-01 2.353802e-01 -9.165658e-01
      outer loop
         vertex 7.880965e-01 2.361795e+00 -5.755645e+00
         vertex 7.147286e-01 2.397995e+00 -5.772225e+00
         vertex 7.787159e-01 2.419153e+00 -5.744223e+00
      endloop
   endfacet
   facet normal 3.219583e-01 2.387900e-01 -9.161453e-01
      outer loop
         vertex 7.787159e-01 2.419153e+00 -5.744223e+00
         vertex 7.147286e-01 2.397995e+00 -5.772225e+00
         vertex 7.113682e-01 2.424341e+00 -5.766539e+00
      endloop
   endfacet
   facet normal 3.216344e-01 2.641728e-01 -9.092657e-01
      outer loop
         vertex 7.787159e-01 2.419153e+00 -5.744223e+00
         vertex 7.113682e-01 2.424341e+00 -5.766539e+00
         vertex 7.565125e-01 2.531069e+00 -5.719562e+00
      endloop
   endfacet
   facet normal 3.285466e-01 2.606129e-01 -9.078205e-01
      outer loop
         vertex 7.565125e-01 2.531069e+00 -5.719562e+00
         vertex 7.113682e-01 2.424341e+00 -5.766539e+00
         vertex 6.959939e-01 2.526609e+00 -5.742745e+00
      endloop
   endfacet
   facet normal 3.263861e-01 2.737911e-01 -9.047157e-01
      outer loop
         vertex 7.565125e-01 2.531069e+00 -5.719562e+00
         vertex 6.959939e-01 2.526609e+00 -5.742745e+00
         vertex 7.438665e-01 2.585900e+00 -5.707531e+00
      endloop
   endfacet
   facet normal 3.301934e-01 2.704869e-01 -9.043280e-01
      outer loop
         vertex 7.438665e-01 2.585900e+00 -5.707531e+00
         vertex 6.959939e-01 2.526609e+00 -5.742745e+00
         vertex 6.848980e-01 2.588977e+00 -5.728141e+00
      endloop
   endfacet
   facet normal 3.308070e-01 2.564948e-01 -9.081724e-01
      outer loop
         vertex 7.438665e-01 2.585900e+00 -5.707531e+00
         vertex 6.848980e-01 2.588977e+00 -5.728141e+00
         vertex 7.302439e-01 2.640646e+00 -5.697031e+00
      endloop
   endfacet
   facet normal 3.341765e-01 2.533297e-01 -9.078271e-01
      outer loop
         vertex 7.302439e-01 2.640646e+00 -5.697031e+00
         vertex 6.848980e-01 2.588977e+00 -5.728141e+00
         vertex 6.750695e-01 2.639490e+00 -5.717664e+00
      endloop
   endfacet
   facet normal 3.365093e-01 2.313013e-01 -9.128314e-01
      outer loop
         vertex 7.302439e-01 2.640646e+00 -5.697031e+00
         vertex 6.750695e-01 2.639490e+00 -5.717664e+00
         vertex 7.002155e-01 2.750477e+00 -5.680271e+00
      endloop
   endfacet
   facet normal 3.469969e-01 2.278896e-01 -9.097579e-01
      outer loop
         vertex 7.002155e-01 2.750477e+00 -5.680271e+00
         vertex 6.750695e-01 2.639490e+00 -5.717664e+00
         vertex 6.509174e-01 2.751327e+00 -5.698861e+00
      endloop
   endfacet
   facet normal 3.470062e-01 2.277519e-01 -9.097888e-01
      outer loop
         vertex 7.002155e-01 2.750477e+00 -5.680271e+00
         vertex 6.509174e-01 2.751327e+00 -5.698861e+00
         vertex 6.439386e-01 2.781088e+00 -5.694073e+00
      endloop
   endfacet
   facet normal 4.443546e-01 -3.770837e-02 -8.950570e-01
      outer loop
         vertex 4.574991e-01 2.582283e-04 -5.604994e+00
         vertex 4.533136e-01 4.440750e-05 -5.607063e+00
         vertex 4.562644e-01 2.814129e-02 -5.606782e+00
      endloop
   endfacet
   facet normal 4.928279e-01 -4.305950e-02 -8.690607e-01
      outer loop
         vertex 4.562644e-01 2.814129e-02 -5.606782e+00
         vertex 4.533136e-01 4.440750e-05 -5.607063e+00
         vertex 4.521963e-01 2.792327e-02 -5.609078e+00
      endloop
   endfacet
   facet normal 4.930688e-01 -1.059029e-01 -8.635205e-01
      outer loop
         vertex 4.562644e-01 2.814129e-02 -5.606782e+00
         vertex 4.521963e-01 2.792327e-02 -5.609078e+00
         vertex 4.566459e-01 5.590379e-02 -5.609969e+00
      endloop
   endfacet
   facet normal 5.171495e-01 -1.092667e-01 -8.488917e-01
      outer loop
         vertex 4.521963e-01 2.792327e-02 -5.609078e+00
         vertex 4.520938e-01 4.442345e-02 -5.611265e+00
         vertex 4.566459e-01 5.590379e-02 -5.609969e+00
      endloop
   endfacet
   facet normal 5.708614e-01 -1.349667e-01 -8.098773e-01
      outer loop
         vertex 4.566459e-01 5.590379e-02 -5.609969e+00
         vertex 4.520938e-01 4.442345e-02 -5.611265e+00
         vertex 4.522842e-01 5.563741e-02 -5.612999e+00
      endloop
   endfacet
   facet normal 5.701843e-01 -1.512724e-01 -8.074692e-01
      outer loop
         vertex 4.566459e-01 5.590379e-02 -5.609969e+00
         vertex 4.522842e-01 5.563741e-02 -5.612999e+00
         vertex 4.587169e-01 8.353282e-02 -5.613683e+00
      endloop
   endfacet
   facet normal 6.701245e-01 -1.722240e-01 -7.219917e-01
      outer loop
         vertex 4.587169e-01 8.353282e-02 -5.613683e+00
         vertex 4.522842e-01 5.563741e-02 -5.612999e+00
         vertex 4.562630e-01 1.106260e-01 -5.622423e+00
      endloop
   endfacet
   facet normal 6.318197e-01 -1.855603e-01 -7.525764e-01
      outer loop
         vertex 4.587169e-01 8.353282e-02 -5.613683e+00
         vertex 4.562630e-01 1.106260e-01 -5.622423e+00
         vertex 4.623678e-01 1.110366e-01 -5.617399e+00
      endloop
   endfacet
   facet normal 6.305704e-01 -2.002304e-01 -7.498591e-01
      outer loop
         vertex 4.623678e-01 1.110366e-01 -5.617399e+00
         vertex 4.562630e-01 1.106260e-01 -5.622423e+00
         vertex 4.566472e-01 1.138957e-01 -5.622973e+00
      endloop
   endfacet
   facet normal 6.237029e-01 -2.164059e-01 -7.511079e-01
      outer loop
         vertex 4.623678e-01 1.110366e-01 -5.617399e+00
         vertex 4.566472e-01 1.138957e-01 -5.622973e+00
         vertex 4.733558e-01 1.657704e-01 -5.624045e+00
      endloop
   endfacet
   facet normal 5.991900e-01 -2.089596e-01 -7.728565e-01
      outer loop
         vertex 4.733558e-01 1.657704e-01 -5.624045e+00
         vertex 4.566472e-01 1.138957e-01 -5.622973e+00
         vertex 4.643063e-01 1.652093e-01 -5.630909e+00
      endloop
   endfacet
   facet normal 5.969773e-01 -2.316562e-01 -7.680843e-01
      outer loop
         vertex 4.733558e-01 1.657704e-01 -5.624045e+00
         vertex 4.643063e-01 1.652093e-01 -5.630909e+00
         vertex 4.869690e-01 2.203578e-01 -5.629928e+00
      endloop
   endfacet
   facet normal 5.449141e-01 -2.094818e-01 -8.119027e-01
      outer loop
         vertex 4.869690e-01 2.203578e-01 -5.629928e+00
         vertex 4.643063e-01 1.652093e-01 -5.630909e+00
         vertex 4.710277e-01 2.021886e-01 -5.635939e+00
      endloop
   endfacet
   facet normal 4.305534e-01 -2.121065e-01 -8.772882e-01
      outer loop
         vertex 5.428754e-01 4.382283e-01 -5.652067e+00
         vertex 5.153426e-01 4.366551e-01 -5.665199e+00
         vertex 5.712011e-01 5.464075e-01 -5.664321e+00
      endloop
   endfacet
   facet normal 4.047355e-01 -1.988443e-01 -8.925526e-01
      outer loop
         vertex 5.712011e-01 5.464075e-01 -5.664321e+00
         vertex 5.153426e-01 4.366551e-01 -5.665199e+00
         vertex 5.390085e-01 5.587814e-01 -5.681675e+00
      endloop
   endfacet
   facet normal 3.936004e-01 -2.258023e-01 -8.911184e-01
      outer loop
         vertex 5.712011e-01 5.464075e-01 -5.664321e+00
         vertex 5.390085e-01 5.587814e-01 -5.681675e+00
         vertex 5.985188e-01 6.543611e-01 -5.679609e+00
      endloop
   endfacet
   facet normal 5.451555e-01 -2.097720e-01 -8.116657e-01
      outer loop
         vertex 4.710277e-01 2.021886e-01 -5.635939e+00
         vertex 4.743188e-01 2.196370e-01 -5.638238e+00
         vertex 4.869690e-01 2.203578e-01 -5.629928e+00
      endloop
   endfacet
   facet normal 5.451628e-01 -2.096783e-01 -8.116850e-01
      outer loop
         vertex 4.869690e-01 2.203578e-01 -5.629928e+00
         vertex 4.743188e-01 2.196370e-01 -5.638238e+00
         vertex 4.942809e-01 3.284686e-01 -5.652945e+00
      endloop
   endfacet
   facet normal 4.958153e-01 -2.127854e-01 -8.419558e-01
      outer loop
         vertex 4.869690e-01 2.203578e-01 -5.629928e+00
         vertex 4.942809e-01 3.284686e-01 -5.652945e+00
         vertex 5.428754e-01 4.382283e-01 -5.652067e+00
      endloop
   endfacet
   facet normal 4.303943e-01 -1.834868e-01 -8.837949e-01
      outer loop
         vertex 5.428754e-01 4.382283e-01 -5.652067e+00
         vertex 4.942809e-01 3.284686e-01 -5.652945e+00
         vertex 5.051469e-01 3.849380e-01 -5.659377e+00
      endloop
   endfacet
   facet normal 4.316792e-01 -1.845117e-01 -8.829544e-01
      outer loop
         vertex 5.428754e-01 4.382283e-01 -5.652067e+00
         vertex 5.051469e-01 3.849380e-01 -5.659377e+00
         vertex 5.153426e-01 4.366551e-01 -5.665199e+00
      endloop
   endfacet
   facet normal 3.437411e-01 -2.412082e-01 -9.075575e-01
      outer loop
         vertex 6.504166e-01 8.697411e-01 -5.712066e+00
         vertex 5.946627e-01 8.656054e-01 -5.732084e+00
         vertex 6.620708e-01 9.235459e-01 -5.721952e+00
      endloop
   endfacet
   facet normal 3.427600e-01 -2.399432e-01 -9.082637e-01
      outer loop
         vertex 6.620708e-01 9.235459e-01 -5.721952e+00
         vertex 5.946627e-01 8.656054e-01 -5.732084e+00
         vertex 6.090824e-01 9.585392e-01 -5.751193e+00
      endloop
   endfacet
   facet normal 3.328914e-01 -2.546157e-01 -9.079395e-01
      outer loop
         vertex 6.620708e-01 9.235459e-01 -5.721952e+00
         vertex 6.090824e-01 9.585392e-01 -5.751193e+00
         vertex 6.729219e-01 9.771202e-01 -5.732997e+00
      endloop
   endfacet
   facet normal 3.328249e-01 -2.542680e-01 -9.080613e-01
      outer loop
         vertex 6.729219e-01 9.771202e-01 -5.732997e+00
         vertex 6.090824e-01 9.585392e-01 -5.751193e+00
         vertex 6.931470e-01 1.082861e+00 -5.755193e+00
      endloop
   endfacet
   facet normal 3.200432e-01 -2.458468e-01 -9.149490e-01
      outer loop
         vertex 6.090824e-01 9.585392e-01 -5.751193e+00
         vertex 6.257452e-01 1.078479e+00 -5.777592e+00
         vertex 6.931470e-01 1.082861e+00 -5.755193e+00
      endloop
   endfacet
   facet normal 3.203527e-01 -2.294877e-01 -9.190808e-01
      outer loop
         vertex 6.931470e-01 1.082861e+00 -5.755193e+00
         vertex 6.257452e-01 1.078479e+00 -5.777592e+00
         vertex 6.325274e-01 1.128328e+00 -5.787675e+00
      endloop
   endfacet
   facet normal 3.197025e-01 -2.303604e-01 -9.190889e-01
      outer loop
         vertex 6.931470e-01 1.082861e+00 -5.755193e+00
         vertex 6.325274e-01 1.128328e+00 -5.787675e+00
         vertex 7.125198e-01 1.187047e+00 -5.774567e+00
      endloop
   endfacet
   facet normal 3.082855e-01 -2.130100e-01 -9.271390e-01
      outer loop
         vertex 7.125198e-01 1.187047e+00 -5.774567e+00
         vertex 6.325274e-01 1.128328e+00 -5.787675e+00
         vertex 6.402430e-01 1.184415e+00 -5.797996e+00
      endloop
   endfacet
   facet normal 3.088178e-01 -1.961557e-01 -9.306742e-01
      outer loop
         vertex 7.125198e-01 1.187047e+00 -5.774567e+00
         vertex 6.402430e-01 1.184415e+00 -5.797996e+00
         vertex 7.316043e-01 1.290956e+00 -5.790135e+00
      endloop
   endfacet
   facet normal 2.992053e-01 -1.875512e-01 -9.355751e-01
      outer loop
         vertex 7.316043e-01 1.290956e+00 -5.790135e+00
         vertex 6.402430e-01 1.184415e+00 -5.797996e+00
         vertex 6.546408e-01 1.286560e+00 -5.813868e+00
      endloop
   endfacet
   facet normal 2.992117e-01 -1.615502e-01 -9.404116e-01
      outer loop
         vertex 7.316043e-01 1.290956e+00 -5.790135e+00
         vertex 6.546408e-01 1.286560e+00 -5.813868e+00
         vertex 7.498959e-01 1.395277e+00 -5.802236e+00
      endloop
   endfacet
   facet normal 4.009543e-01 -2.304779e-01 -8.866316e-01
      outer loop
         vertex 5.985188e-01 6.543611e-01 -5.679609e+00
         vertex 5.390085e-01 5.587814e-01 -5.681675e+00
         vertex 6.250389e-01 7.621202e-01 -5.695628e+00
      endloop
   endfacet
   facet normal 3.586550e-01 -2.140882e-01 -9.085884e-01
      outer loop
         vertex 6.250389e-01 7.621202e-01 -5.695628e+00
         vertex 5.390085e-01 5.587814e-01 -5.681675e+00
         vertex 5.758459e-01 7.586348e-01 -5.714225e+00
      endloop
   endfacet
   facet normal 3.584986e-01 -2.229944e-01 -9.065055e-01
      outer loop
         vertex 6.250389e-01 7.621202e-01 -5.695628e+00
         vertex 5.758459e-01 7.586348e-01 -5.714225e+00
         vertex 6.504166e-01 8.697411e-01 -5.712066e+00
      endloop
   endfacet
   facet normal 3.400384e-01 -2.104089e-01 -9.165708e-01
      outer loop
         vertex 6.504166e-01 8.697411e-01 -5.712066e+00
         vertex 5.758459e-01 7.586348e-01 -5.714225e+00
         vertex 5.880304e-01 8.269284e-01 -5.725382e+00
      endloop
   endfacet
   facet normal 3.440830e-01 -2.172718e-01 -9.134549e-01
      outer loop
         vertex 6.504166e-01 8.697411e-01 -5.712066e+00
         vertex 5.880304e-01 8.269284e-01 -5.725382e+00
         vertex 5.946627e-01 8.656054e-01 -5.732084e+00
      endloop
   endfacet
   facet normal 4.368617e-01 8.855871e-02 -8.951588e-01
      outer loop
         vertex 4.532483e-01 3.501282e+00 -5.607070e+00
         vertex 4.574259e-01 3.501606e+00 -5.604999e+00
         vertex 4.563592e-01 3.463183e+00 -5.609321e+00
      endloop
   endfacet
   facet normal 6.213237e-01 7.052641e-02 -7.803736e-01
      outer loop
         vertex 4.563592e-01 3.463183e+00 -5.609321e+00
         vertex 4.574259e-01 3.501606e+00 -5.604999e+00
         vertex 4.593281e-01 3.473667e+00 -5.606010e+00
      endloop
   endfacet
   facet normal 4.148126e-01 1.651479e-01 -8.947942e-01
      outer loop
         vertex 4.563592e-01 3.463183e+00 -5.609321e+00
         vertex 4.593281e-01 3.473667e+00 -5.606010e+00
         vertex 4.586432e-01 3.445835e+00 -5.611464e+00
      endloop
   endfacet
   facet normal 5.581116e-01 1.463288e-01 -8.167615e-01
      outer loop
         vertex 4.586432e-01 3.445835e+00 -5.611464e+00
         vertex 4.593281e-01 3.473667e+00 -5.606010e+00
         vertex 4.629977e-01 3.446163e+00 -5.608430e+00
      endloop
   endfacet
   facet normal 5.478731e-01 2.122575e-01 -8.091859e-01
      outer loop
         vertex 4.586432e-01 3.445835e+00 -5.611464e+00
         vertex 4.629977e-01 3.446163e+00 -5.608430e+00
         vertex 4.644570e-01 3.412421e+00 -5.616292e+00
      endloop
   endfacet
   facet normal 6.218143e-01 2.031453e-01 -7.563590e-01
      outer loop
         vertex 4.644570e-01 3.412421e+00 -5.616292e+00
         vertex 4.629977e-01 3.446163e+00 -5.608430e+00
         vertex 4.683052e-01 3.418938e+00 -5.611378e+00
      endloop
   endfacet
   facet normal 5.851094e-01 2.388580e-01 -7.749799e-01
      outer loop
         vertex 4.644570e-01 3.412421e+00 -5.616292e+00
         vertex 4.683052e-01 3.418938e+00 -5.611378e+00
         vertex 4.689583e-01 3.391459e+00 -5.619355e+00
      endloop
   endfacet
   facet normal 6.079038e-01 2.346312e-01 -7.585520e-01
      outer loop
         vertex 4.689583e-01 3.391459e+00 -5.619355e+00
         vertex 4.683052e-01 3.418938e+00 -5.611378e+00
         vertex 4.750586e-01 3.391907e+00 -5.614327e+00
      endloop
   endfacet
   facet normal 6.036839e-01 2.552251e-01 -7.552655e-01
      outer loop
         vertex 4.689583e-01 3.391459e+00 -5.619355e+00
         vertex 4.750586e-01 3.391907e+00 -5.614327e+00
         vertex 4.863847e-01 3.325606e+00 -5.627679e+00
      endloop
   endfacet
   facet normal 5.732834e-01 2.547602e-01 -7.787447e-01
      outer loop
         vertex 4.863847e-01 3.325606e+00 -5.627679e+00
         vertex 4.750586e-01 3.391907e+00 -5.614327e+00
         vertex 4.919364e-01 3.338309e+00 -5.619437e+00
      endloop
   endfacet
   facet normal 5.528062e-01 2.699560e-01 -7.883711e-01
      outer loop
         vertex 4.863847e-01 3.325606e+00 -5.627679e+00
         vertex 4.919364e-01 3.338309e+00 -5.619437e+00
         vertex 5.115666e-01 3.285362e+00 -5.623802e+00
      endloop
   endfacet
   facet normal 2.920028e-01 -1.548720e-01 -9.437950e-01
      outer loop
         vertex 6.546408e-01 1.286560e+00 -5.813868e+00
         vertex 6.703521e-01 1.397666e+00 -5.827239e+00
         vertex 7.498959e-01 1.395277e+00 -5.802236e+00
      endloop
   endfacet
   facet normal 2.937722e-01 -1.297712e-01 -9.470255e-01
      outer loop
         vertex 7.498959e-01 1.395277e+00 -5.802236e+00
         vertex 6.703521e-01 1.397666e+00 -5.827239e+00
         vertex 6.769541e-01 1.446883e+00 -5.831935e+00
      endloop
   endfacet
   facet normal 2.970032e-01 -1.249941e-01 -9.466602e-01
      outer loop
         vertex 7.498959e-01 1.395277e+00 -5.802236e+00
         vertex 6.769541e-01 1.446883e+00 -5.831935e+00
         vertex 7.659975e-01 1.498764e+00 -5.810849e+00
      endloop
   endfacet
   facet normal 2.894766e-01 -1.103946e-01 -9.507977e-01
      outer loop
         vertex 7.659975e-01 1.498764e+00 -5.810849e+00
         vertex 6.769541e-01 1.446883e+00 -5.831935e+00
         vertex 6.842668e-01 1.504014e+00 -5.836342e+00
      endloop
   endfacet
   facet normal 2.914205e-01 -8.840758e-02 -9.525010e-01
      outer loop
         vertex 7.659975e-01 1.498764e+00 -5.810849e+00
         vertex 6.842668e-01 1.504014e+00 -5.836342e+00
         vertex 7.815341e-01 1.603123e+00 -5.815782e+00
      endloop
   endfacet
   facet normal 2.882383e-01 -8.501989e-02 -9.537768e-01
      outer loop
         vertex 7.815341e-01 1.603123e+00 -5.815782e+00
         vertex 6.842668e-01 1.504014e+00 -5.836342e+00
         vertex 6.987110e-01 1.611931e+00 -5.841597e+00
      endloop
   endfacet
   facet normal 2.920105e-01 -5.297826e-02 -9.549467e-01
      outer loop
         vertex 7.815341e-01 1.603123e+00 -5.815782e+00
         vertex 6.987110e-01 1.611931e+00 -5.841597e+00
         vertex 7.969812e-01 1.712196e+00 -5.817109e+00
      endloop
   endfacet
   facet normal 2.910550e-01 -5.195686e-02 -9.552944e-01
      outer loop
         vertex 7.969812e-01 1.712196e+00 -5.817109e+00
         vertex 6.987110e-01 1.611931e+00 -5.841597e+00
         vertex 7.137383e-01 1.721874e+00 -5.842998e+00
      endloop
   endfacet
   facet normal 2.944759e-01 -2.278019e-02 -9.553874e-01
      outer loop
         vertex 7.969812e-01 1.712196e+00 -5.817109e+00
         vertex 7.137383e-01 1.721874e+00 -5.842998e+00
         vertex 8.037520e-01 1.769041e+00 -5.816378e+00
      endloop
   endfacet
   facet normal 2.969161e-01 -2.794083e-02 -9.544947e-01
      outer loop
         vertex 8.037520e-01 1.769041e+00 -5.816378e+00
         vertex 7.137383e-01 1.721874e+00 -5.842998e+00
         vertex 7.178359e-01 1.754664e+00 -5.842683e+00
      endloop
   endfacet
   facet normal 2.927105e-01 3.140189e-04 -9.562011e-01
      outer loop
         vertex 8.037520e-01 1.769041e+00 -5.816378e+00
         vertex 7.178359e-01 1.754664e+00 -5.842683e+00
         vertex 8.092418e-01 1.827369e+00 -5.814678e+00
      endloop
   endfacet
   facet normal 2.969209e-01 -5.485775e-03 -9.548863e-01
      outer loop
         vertex 8.092418e-01 1.827369e+00 -5.814678e+00
         vertex 7.178359e-01 1.754664e+00 -5.842683e+00
         vertex 7.265116e-01 1.837283e+00 -5.840460e+00
      endloop
   endfacet
   facet normal 3.000500e-01 2.391002e-02 -9.536238e-01
      outer loop
         vertex 8.092418e-01 1.827369e+00 -5.814678e+00
         vertex 7.265116e-01 1.837283e+00 -5.840460e+00
         vertex 8.130601e-01 1.886912e+00 -5.811984e+00
      endloop
   endfacet
   facet normal 3.028279e-01 1.862925e-02 -9.528632e-01
      outer loop
         vertex 8.130601e-01 1.886912e+00 -5.811984e+00
         vertex 7.265116e-01 1.837283e+00 -5.840460e+00
         vertex 7.295200e-01 1.875387e+00 -5.838759e+00
      endloop
   endfacet
   facet normal 2.987308e-01 4.884578e-02 -9.530866e-01
      outer loop
         vertex 8.130601e-01 1.886912e+00 -5.811984e+00
         vertex 7.295200e-01 1.875387e+00 -5.838759e+00
         vertex 8.150236e-01 1.947211e+00 -5.808278e+00
      endloop
   endfacet
   facet normal 3.027510e-01 4.362873e-02 -9.520706e-01
      outer loop
         vertex 8.150236e-01 1.947211e+00 -5.808278e+00
         vertex 7.295200e-01 1.875387e+00 -5.838759e+00
         vertex 7.336188e-01 1.956254e+00 -5.833750e+00
      endloop
   endfacet
   facet normal 3.052038e-01 7.298882e-02 -9.494858e-01
      outer loop
         vertex 8.150236e-01 1.947211e+00 -5.808278e+00
         vertex 7.336188e-01 1.956254e+00 -5.833750e+00
         vertex 8.152651e-01 2.007607e+00 -5.803558e+00
      endloop
   endfacet
   facet normal 3.071112e-01 6.973820e-02 -9.491150e-01
      outer loop
         vertex 8.152651e-01 2.007607e+00 -5.803558e+00
         vertex 7.336188e-01 1.956254e+00 -5.833750e+00
         vertex 7.346947e-01 2.003509e+00 -5.829929e+00
      endloop
   endfacet
   facet normal 3.052476e-01 9.568714e-02 -9.474534e-01
      outer loop
         vertex 8.152651e-01 2.007607e+00 -5.803558e+00
         vertex 7.346947e-01 2.003509e+00 -5.829929e+00
         vertex 8.142124e-01 2.067411e+00 -5.797857e+00
      endloop
   endfacet
   facet normal 3.078308e-01 9.222542e-02 -9.469608e-01
      outer loop
         vertex 8.142124e-01 2.067411e+00 -5.797857e+00
         vertex 7.346947e-01 2.003509e+00 -5.829929e+00
         vertex 7.350293e-01 2.075356e+00 -5.822823e+00
      endloop
   endfacet
   facet normal 3.092907e-01 1.168159e-01 -9.437655e-01
      outer loop
         vertex 8.142124e-01 2.067411e+00 -5.797857e+00
         vertex 7.350293e-01 2.075356e+00 -5.822823e+00
         vertex 8.118774e-01 2.126770e+00 -5.791275e+00
      endloop
   endfacet
   facet normal 3.105684e-01 1.148003e-01 -9.435932e-01
      outer loop
         vertex 8.118774e-01 2.126770e+00 -5.791275e+00
         vertex 7.350293e-01 2.075356e+00 -5.822823e+00
         vertex 7.342180e-01 2.131836e+00 -5.816219e+00
      endloop
   endfacet
   facet normal 3.107972e-01 1.251885e-01 -9.421958e-01
      outer loop
         vertex 8.118774e-01 2.126770e+00 -5.791275e+00
         vertex 7.342180e-01 2.131836e+00 -5.816219e+00
         vertex 7.341584e-01 2.134286e+00 -5.815913e+00
      endloop
   endfacet
   facet normal 6.559477e-01 -1.032876e-02 -7.547357e-01
      outer loop
         vertex 4.602738e-01 4.483242e-04 -5.602586e+00
         vertex 4.574991e-01 2.582283e-04 -5.604994e+00
         vertex 4.589609e-01 2.834015e-02 -5.604108e+00
      endloop
   endfacet
   facet normal 7.045745e-01 -1.428792e-02 -7.094861e-01
      outer loop
         vertex 4.589609e-01 2.834015e-02 -5.604108e+00
         vertex 4.574991e-01 2.582283e-04 -5.604994e+00
         vertex 4.562644e-01 2.814129e-02 -5.606782e+00
      endloop
   endfacet
   facet normal 7.049351e-01 -7.373954e-02 -7.054282e-01
      outer loop
         vertex 4.589609e-01 2.834015e-02 -5.604108e+00
         vertex 4.562644e-01 2.814129e-02 -5.606782e+00
         vertex 4.595368e-01 5.615059e-02 -5.606440e+00
      endloop
   endfacet
   facet normal 7.737741e-01 -8.272788e-02 -6.280364e-01
      outer loop
         vertex 4.595368e-01 5.615059e-02 -5.606440e+00
         vertex 4.562644e-01 2.814129e-02 -5.606782e+00
         vertex 4.566459e-01 5.590379e-02 -5.609969e+00
      endloop
   endfacet
   facet normal 7.715634e-01 -1.286055e-01 -6.230173e-01
      outer loop
         vertex 4.595368e-01 5.615059e-02 -5.606440e+00
         vertex 4.566459e-01 5.590379e-02 -5.609969e+00
         vertex 4.620661e-01 8.384707e-02 -5.609025e+00
      endloop
   endfacet
   facet normal 8.085746e-01 -1.375054e-01 -5.721008e-01
      outer loop
         vertex 4.620661e-01 8.384707e-02 -5.609025e+00
         vertex 4.566459e-01 5.590379e-02 -5.609969e+00
         vertex 4.587169e-01 8.353282e-02 -5.613683e+00
      endloop
   endfacet
   facet normal 8.045230e-01 -1.786664e-01 -5.664107e-01
      outer loop
         vertex 4.620661e-01 8.384707e-02 -5.609025e+00
         vertex 4.587169e-01 8.353282e-02 -5.613683e+00
         vertex 4.664137e-01 1.114252e-01 -5.611549e+00
      endloop
   endfacet
   facet normal 8.143003e-01 -1.825441e-01 -5.509925e-01
      outer loop
         vertex 4.664137e-01 1.114252e-01 -5.611549e+00
         vertex 4.587169e-01 8.353282e-02 -5.613683e+00
         vertex 4.623678e-01 1.110366e-01 -5.617399e+00
      endloop
   endfacet
   facet normal 8.067399e-01 -2.346930e-01 -5.423006e-01
      outer loop
         vertex 4.664137e-01 1.114252e-01 -5.611549e+00
         vertex 4.623678e-01 1.110366e-01 -5.617399e+00
         vertex 4.793527e-01 1.663049e-01 -5.616051e+00
      endloop
   endfacet
   facet normal 7.861850e-01 -2.275890e-01 -5.745575e-01
      outer loop
         vertex 4.793527e-01 1.663049e-01 -5.616051e+00
         vertex 4.623678e-01 1.110366e-01 -5.617399e+00
         vertex 4.733558e-01 1.657704e-01 -5.624045e+00
      endloop
   endfacet
   facet normal 7.785988e-01 -2.710598e-01 -5.659597e-01
      outer loop
         vertex 4.793527e-01 1.663049e-01 -5.616051e+00
         vertex 4.733558e-01 1.657704e-01 -5.624045e+00
         vertex 4.953528e-01 2.210329e-01 -5.620250e+00
      endloop
   endfacet
   facet normal 7.400902e-01 -2.517742e-01 -6.235994e-01
      outer loop
         vertex 4.953528e-01 2.210329e-01 -5.620250e+00
         vertex 4.733558e-01 1.657704e-01 -5.624045e+00
         vertex 4.869690e-01 2.203578e-01 -5.629928e+00
      endloop
   endfacet
   facet normal 7.372312e-01 -2.686167e-01 -6.199478e-01
      outer loop
         vertex 4.953528e-01 2.210329e-01 -5.620250e+00
         vertex 4.869690e-01 2.203578e-01 -5.629928e+00
         vertex 5.611248e-01 4.396834e-01 -5.636774e+00
      endloop
   endfacet
   facet normal 6.349518e-01 -2.376298e-01 -7.350975e-01
      outer loop
         vertex 5.611248e-01 4.396834e-01 -5.636774e+00
         vertex 4.869690e-01 2.203578e-01 -5.629928e+00
         vertex 5.428754e-01 4.382283e-01 -5.652067e+00
      endloop
   endfacet
   facet normal 6.323486e-01 -2.595691e-01 -7.299036e-01
      outer loop
         vertex 5.611248e-01 4.396834e-01 -5.636774e+00
         vertex 5.428754e-01 4.382283e-01 -5.652067e+00
         vertex 5.943638e-01 5.484577e-01 -5.646660e+00
      endloop
   endfacet
   facet normal 6.015849e-01 -2.436872e-01 -7.607313e-01
      outer loop
         vertex 5.943638e-01 5.484577e-01 -5.646660e+00
         vertex 5.428754e-01 4.382283e-01 -5.652067e+00
         vertex 5.712011e-01 5.464075e-01 -5.664321e+00
      endloop
   endfacet
   facet normal 5.989528e-01 -2.686274e-01 -7.543838e-01
      outer loop
         vertex 5.943638e-01 5.484577e-01 -5.646660e+00
         vertex 5.712011e-01 5.464075e-01 -5.664321e+00
         vertex 6.264988e-01 6.571049e-01 -5.659834e+00
      endloop
   endfacet
   facet normal 5.745808e-01 -2.555142e-01 -7.775406e-01
      outer loop
         vertex 6.264988e-01 6.571049e-01 -5.659834e+00
         vertex 5.712011e-01 5.464075e-01 -5.664321e+00
         vertex 5.985188e-01 6.543611e-01 -5.679609e+00
      endloop
   endfacet
   facet normal 5.736520e-01 -2.656743e-01 -7.748165e-01
      outer loop
         vertex 6.264988e-01 6.571049e-01 -5.659834e+00
         vertex 5.985188e-01 6.543611e-01 -5.679609e+00
         vertex 6.576377e-01 7.655705e-01 -5.673971e+00
      endloop
   endfacet
   facet normal 5.537043e-01 -2.541492e-01 -7.929815e-01
      outer loop
         vertex 6.576377e-01 7.655705e-01 -5.673971e+00
         vertex 5.985188e-01 6.543611e-01 -5.679609e+00
         vertex 6.250389e-01 7.621202e-01 -5.695628e+00
      endloop
   endfacet
   facet normal 5.532841e-01 -2.597611e-01 -7.914549e-01
      outer loop
         vertex 6.576377e-01 7.655705e-01 -5.673971e+00
         vertex 6.250389e-01 7.621202e-01 -5.695628e+00
         vertex 6.873591e-01 8.739162e-01 -5.688754e+00
      endloop
   endfacet
   facet normal 5.367853e-01 -2.496738e-01 -8.059309e-01
      outer loop
         vertex 6.873591e-01 8.739162e-01 -5.688754e+00
         vertex 6.250389e-01 7.621202e-01 -5.695628e+00
         vertex 6.504166e-01 8.697411e-01 -5.712066e+00
      endloop
   endfacet
   facet normal 5.354569e-01 -2.703512e-01 -8.001226e-01
      outer loop
         vertex 6.873591e-01 8.739162e-01 -5.688754e+00
         vertex 6.504166e-01 8.697411e-01 -5.712066e+00
         vertex 7.010738e-01 9.281286e-01 -5.697893e+00
      endloop
   endfacet
   facet normal 5.287174e-01 -2.628139e-01 -8.070853e-01
      outer loop
         vertex 7.010738e-01 9.281286e-01 -5.697893e+00
         vertex 6.504166e-01 8.697411e-01 -5.712066e+00
         vertex 6.620708e-01 9.235459e-01 -5.721952e+00
      endloop
   endfacet
   facet normal 5.276372e-01 -2.795990e-01 -8.021367e-01
      outer loop
         vertex 7.010738e-01 9.281286e-01 -5.697893e+00
         vertex 6.620708e-01 9.235459e-01 -5.721952e+00
         vertex 7.139078e-01 9.820121e-01 -5.708233e+00
      endloop
   endfacet
   facet normal 5.211977e-01 -2.723209e-01 -8.088228e-01
      outer loop
         vertex 7.139078e-01 9.820121e-01 -5.708233e+00
         vertex 6.620708e-01 9.235459e-01 -5.721952e+00
         vertex 6.729219e-01 9.771202e-01 -5.732997e+00
      endloop
   endfacet
   facet normal 5.208643e-01 -2.776902e-01 -8.072103e-01
      outer loop
         vertex 7.139078e-01 9.820121e-01 -5.708233e+00
         vertex 6.729219e-01 9.771202e-01 -5.732997e+00
         vertex 7.378301e-01 1.087565e+00 -5.729109e+00
      endloop
   endfacet
   facet normal 5.065391e-01 -2.688481e-01 -8.192307e-01
      outer loop
         vertex 7.378301e-01 1.087565e+00 -5.729109e+00
         vertex 6.729219e-01 9.771202e-01 -5.732997e+00
         vertex 6.931470e-01 1.082861e+00 -5.755193e+00
      endloop
   endfacet
   facet normal 5.072510e-01 -2.569949e-01 -8.225874e-01
      outer loop
         vertex 7.378301e-01 1.087565e+00 -5.729109e+00
         vertex 6.931470e-01 1.082861e+00 -5.755193e+00
         vertex 7.604687e-01 1.190426e+00 -5.747285e+00
      endloop
   endfacet
   facet normal 4.923300e-01 -2.467661e-01 -8.346961e-01
      outer loop
         vertex 7.604687e-01 1.190426e+00 -5.747285e+00
         vertex 6.931470e-01 1.082861e+00 -5.755193e+00
         vertex 7.125198e-01 1.187047e+00 -5.774567e+00
      endloop
   endfacet
   facet normal 4.937681e-01 -2.254248e-01 -8.398671e-01
      outer loop
         vertex 7.604687e-01 1.190426e+00 -5.747285e+00
         vertex 7.125198e-01 1.187047e+00 -5.774567e+00
         vertex 7.822922e-01 1.292398e+00 -5.761824e+00
      endloop
   endfacet
   facet normal 4.808289e-01 -2.156438e-01 -8.498831e-01
      outer loop
         vertex 7.822922e-01 1.292398e+00 -5.761824e+00
         vertex 7.125198e-01 1.187047e+00 -5.774567e+00
         vertex 7.316043e-01 1.290956e+00 -5.790135e+00
      endloop
   endfacet
   facet normal 4.828107e-01 -1.907413e-01 -8.546997e-01
      outer loop
         vertex 7.822922e-01 1.292398e+00 -5.761824e+00
         vertex 7.316043e-01 1.290956e+00 -5.790135e+00
         vertex 8.027080e-01 1.394692e+00 -5.773120e+00
      endloop
   endfacet
   facet normal 4.731043e-01 -1.829224e-01 -8.618072e-01
      outer loop
         vertex 8.027080e-01 1.394692e+00 -5.773120e+00
         vertex 7.316043e-01 1.290956e+00 -5.790135e+00
         vertex 7.498959e-01 1.395277e+00 -5.802236e+00
      endloop
   endfacet
   facet normal 4.759619e-01 -1.512960e-01 -8.663543e-01
      outer loop
         vertex 8.027080e-01 1.394692e+00 -5.773120e+00
         vertex 7.498959e-01 1.395277e+00 -5.802236e+00
         vertex 8.202569e-01 1.495946e+00 -5.781162e+00
      endloop
   endfacet
   facet normal 4.690576e-01 -1.454761e-01 -8.711037e-01
      outer loop
         vertex 8.202569e-01 1.495946e+00 -5.781162e+00
         vertex 7.498959e-01 1.395277e+00 -5.802236e+00
         vertex 7.659975e-01 1.498764e+00 -5.810849e+00
      endloop
   endfacet
   facet normal 4.722366e-01 -1.146304e-01 -8.739865e-01
      outer loop
         vertex 8.202569e-01 1.495946e+00 -5.781162e+00
         vertex 7.659975e-01 1.498764e+00 -5.810849e+00
         vertex 8.365695e-01 1.598112e+00 -5.785747e+00
      endloop
   endfacet
   facet normal 4.682512e-01 -1.111448e-01 -8.765772e-01
      outer loop
         vertex 8.365695e-01 1.598112e+00 -5.785747e+00
         vertex 7.659975e-01 1.498764e+00 -5.810849e+00
         vertex 7.815341e-01 1.603123e+00 -5.815782e+00
      endloop
   endfacet
   facet normal 4.720510e-01 -7.840463e-02 -8.780778e-01
      outer loop
         vertex 8.365695e-01 1.598112e+00 -5.785747e+00
         vertex 7.815341e-01 1.603123e+00 -5.815782e+00
         vertex 8.521824e-01 1.705709e+00 -5.786961e+00
      endloop
   endfacet
   facet normal 4.708616e-01 -7.738072e-02 -8.788069e-01
      outer loop
         vertex 8.521824e-01 1.705709e+00 -5.786961e+00
         vertex 7.815341e-01 1.603123e+00 -5.815782e+00
         vertex 7.969812e-01 1.712196e+00 -5.817109e+00
      endloop
   endfacet
   facet normal 4.747555e-01 -4.499310e-02 -8.789669e-01
      outer loop
         vertex 8.521824e-01 1.705709e+00 -5.786961e+00
         vertex 7.969812e-01 1.712196e+00 -5.817109e+00
         vertex 8.588281e-01 1.762169e+00 -5.786262e+00
      endloop
   endfacet
   facet normal 4.749186e-01 -4.525775e-02 -8.788652e-01
      outer loop
         vertex 8.588281e-01 1.762169e+00 -5.786262e+00
         vertex 7.969812e-01 1.712196e+00 -5.817109e+00
         vertex 8.037520e-01 1.769041e+00 -5.816378e+00
      endloop
   endfacet
   facet normal 4.778794e-01 -1.872441e-02 -8.782259e-01
      outer loop
         vertex 8.588281e-01 1.762169e+00 -5.786262e+00
         vertex 8.037520e-01 1.769041e+00 -5.816378e+00
         vertex 8.640615e-01 1.820340e+00 -5.784655e+00
      endloop
   endfacet
   facet normal 4.783446e-01 -1.943745e-02 -8.779571e-01
      outer loop
         vertex 8.640615e-01 1.820340e+00 -5.784655e+00
         vertex 8.037520e-01 1.769041e+00 -5.816378e+00
         vertex 8.092418e-01 1.827369e+00 -5.814678e+00
      endloop
   endfacet
   facet normal 4.812863e-01 9.685563e-03 -8.765100e-01
      outer loop
         vertex 8.640615e-01 1.820340e+00 -5.784655e+00
         vertex 8.092418e-01 1.827369e+00 -5.814678e+00
         vertex 8.674939e-01 1.879914e+00 -5.782112e+00
      endloop
   endfacet
   facet normal 4.819425e-01 8.740630e-03 -8.761592e-01
      outer loop
         vertex 8.674939e-01 1.879914e+00 -5.782112e+00
         vertex 8.092418e-01 1.827369e+00 -5.814678e+00
         vertex 8.130601e-01 1.886912e+00 -5.811984e+00
      endloop
   endfacet
   facet normal 4.845773e-01 3.896196e-02 -8.738803e-01
      outer loop
         vertex 8.674939e-01 1.879914e+00 -5.782112e+00
         vertex 8.130601e-01 1.886912e+00 -5.811984e+00
         vertex 8.689378e-01 1.940372e+00 -5.778615e+00
      endloop
   endfacet
   facet normal 4.853790e-01 3.787596e-02 -8.734830e-01
      outer loop
         vertex 8.689378e-01 1.940372e+00 -5.778615e+00
         vertex 8.130601e-01 1.886912e+00 -5.811984e+00
         vertex 8.150236e-01 1.947211e+00 -5.808278e+00
      endloop
   endfacet
   facet normal 4.874927e-01 6.737107e-02 -8.705240e-01
      outer loop
         vertex 8.689378e-01 1.940372e+00 -5.778615e+00
         vertex 8.150236e-01 1.947211e+00 -5.808278e+00
         vertex 8.685165e-01 2.000972e+00 -5.774161e+00
      endloop
   endfacet
   facet normal 4.885205e-01 6.604704e-02 -8.700491e-01
      outer loop
         vertex 8.685165e-01 2.000972e+00 -5.774161e+00
         vertex 8.150236e-01 1.947211e+00 -5.808278e+00
         vertex 8.152651e-01 2.007607e+00 -5.803558e+00
      endloop
   endfacet
   facet normal 4.900448e-01 9.304228e-02 -8.667175e-01
      outer loop
         vertex 8.685165e-01 2.000972e+00 -5.774161e+00
         vertex 8.152651e-01 2.007607e+00 -5.803558e+00
         vertex 8.666440e-01 2.060940e+00 -5.768782e+00
      endloop
   endfacet
   facet normal 4.915155e-01 9.120930e-02 -8.660793e-01
      outer loop
         vertex 8.666440e-01 2.060940e+00 -5.768782e+00
         vertex 8.152651e-01 2.007607e+00 -5.803558e+00
         vertex 8.142124e-01 2.067411e+00 -5.797857e+00
      endloop
   endfacet
   facet normal 4.926351e-01 1.172740e-01 -8.622978e-01
      outer loop
         vertex 8.666440e-01 2.060940e+00 -5.768782e+00
         vertex 8.142124e-01 2.067411e+00 -5.797857e+00
         vertex 8.633379e-01 2.120411e+00 -5.762583e+00
      endloop
   endfacet
   facet normal 4.945443e-01 1.149823e-01 -8.615132e-01
      outer loop
         vertex 8.633379e-01 2.120411e+00 -5.762583e+00
         vertex 8.142124e-01 2.067411e+00 -5.797857e+00
         vertex 8.118774e-01 2.126770e+00 -5.791275e+00
      endloop
   endfacet
   facet normal 4.953648e-01 1.419379e-01 -8.570107e-01
      outer loop
         vertex 8.633379e-01 2.120411e+00 -5.762583e+00
         vertex 8.118774e-01 2.126770e+00 -5.791275e+00
         vertex 8.584670e-01 2.179675e+00 -5.755583e+00
      endloop
   endfacet
   facet normal 4.976571e-01 1.393135e-01 -8.561128e-01
      outer loop
         vertex 8.584670e-01 2.179675e+00 -5.755583e+00
         vertex 8.118774e-01 2.126770e+00 -5.791275e+00
         vertex 8.081180e-01 2.185948e+00 -5.783830e+00
      endloop
   endfacet
   facet normal 4.981652e-01 1.678675e-01 -8.506773e-01
      outer loop
         vertex 8.584670e-01 2.179675e+00 -5.755583e+00
         vertex 8.081180e-01 2.185948e+00 -5.783830e+00
         vertex 8.519865e-01 2.238782e+00 -5.747715e+00
      endloop
   endfacet
   facet normal 5.008246e-01 1.649780e-01 -8.496805e-01
      outer loop
         vertex 8.519865e-01 2.238782e+00 -5.747715e+00
         vertex 8.081180e-01 2.185948e+00 -5.783830e+00
         vertex 8.028812e-01 2.244959e+00 -5.775459e+00
      endloop
   endfacet
   facet normal 5.009509e-01 1.952334e-01 -8.431679e-01
      outer loop
         vertex 8.519865e-01 2.238782e+00 -5.747715e+00
         vertex 8.028812e-01 2.244959e+00 -5.775459e+00
         vertex 8.439197e-01 2.297619e+00 -5.738884e+00
      endloop
   endfacet
   facet normal 5.040008e-01 1.920945e-01 -8.420706e-01
      outer loop
         vertex 8.439197e-01 2.297619e+00 -5.738884e+00
         vertex 8.028812e-01 2.244959e+00 -5.775459e+00
         vertex 7.961846e-01 2.303653e+00 -5.766078e+00
      endloop
   endfacet
   facet normal 5.036560e-01 2.234123e-01 -8.345164e-01
      outer loop
         vertex 8.439197e-01 2.297619e+00 -5.738884e+00
         vertex 7.961846e-01 2.303653e+00 -5.766078e+00
         vertex 8.343392e-01 2.355986e+00 -5.729040e+00
      endloop
   endfacet
   facet normal 5.070822e-01 2.200733e-01 -8.333279e-01
      outer loop
         vertex 8.343392e-01 2.355986e+00 -5.729040e+00
         vertex 7.961846e-01 2.303653e+00 -5.766078e+00
         vertex 7.880965e-01 2.361795e+00 -5.755645e+00
      endloop
   endfacet
   facet normal 5.062189e-01 2.509559e-01 -8.250840e-01
      outer loop
         vertex 8.343392e-01 2.355986e+00 -5.729040e+00
         vertex 7.880965e-01 2.361795e+00 -5.755645e+00
         vertex 8.233475e-01 2.413677e+00 -5.718237e+00
      endloop
   endfacet
   facet normal 5.100180e-01 2.474504e-01 -8.238021e-01
      outer loop
         vertex 8.233475e-01 2.413677e+00 -5.718237e+00
         vertex 7.880965e-01 2.361795e+00 -5.755645e+00
         vertex 7.787159e-01 2.419153e+00 -5.744223e+00
      endloop
   endfacet
   facet normal 5.082313e-01 2.841075e-01 -8.130091e-01
      outer loop
         vertex 8.233475e-01 2.413677e+00 -5.718237e+00
         vertex 7.787159e-01 2.419153e+00 -5.744223e+00
         vertex 7.975794e-01 2.526627e+00 -5.694875e+00
      endloop
   endfacet
   facet normal 5.166267e-01 2.807370e-01 -8.088780e-01
      outer loop
         vertex 7.975794e-01 2.526627e+00 -5.694875e+00
         vertex 7.787159e-01 2.419153e+00 -5.744223e+00
         vertex 7.565125e-01 2.531069e+00 -5.719562e+00
      endloop
   endfacet
   facet normal 5.151544e-01 2.995704e-01 -8.030402e-01
      outer loop
         vertex 7.975794e-01 2.526627e+00 -5.694875e+00
         vertex 7.565125e-01 2.531069e+00 -5.719562e+00
         vertex 7.829888e-01 2.582130e+00 -5.683529e+00
      endloop
   endfacet
   facet normal 5.200838e-01 2.957659e-01 -8.012711e-01
      outer loop
         vertex 7.829888e-01 2.582130e+00 -5.683529e+00
         vertex 7.565125e-01 2.531069e+00 -5.719562e+00
         vertex 7.438665e-01 2.585900e+00 -5.707531e+00
      endloop
   endfacet
   facet normal 5.207290e-01 2.886684e-01 -8.034375e-01
      outer loop
         vertex 7.829888e-01 2.582130e+00 -5.683529e+00
         vertex 7.438665e-01 2.585900e+00 -5.707531e+00
         vertex 7.673225e-01 2.637591e+00 -5.673756e+00
      endloop
   endfacet
   facet normal 5.263731e-01 2.846409e-01 -8.011934e-01
      outer loop
         vertex 7.673225e-01 2.637591e+00 -5.673756e+00
         vertex 7.438665e-01 2.585900e+00 -5.707531e+00
         vertex 7.302439e-01 2.640646e+00 -5.697031e+00
      endloop
   endfacet
   facet normal 5.275213e-01 2.726720e-01 -8.045938e-01
      outer loop
         vertex 7.673225e-01 2.637591e+00 -5.673756e+00
         vertex 7.302439e-01 2.640646e+00 -5.697031e+00
         vertex 7.329450e-01 2.748756e+00 -5.658622e+00
      endloop
   endfacet
   facet normal 5.410842e-01 2.694991e-01 -7.966167e-01
      outer loop
         vertex 7.329450e-01 2.748756e+00 -5.658622e+00
         vertex 7.302439e-01 2.640646e+00 -5.697031e+00
         vertex 7.002155e-01 2.750477e+00 -5.680271e+00
      endloop
   endfacet
   facet normal 5.389564e-01 2.867316e-01 -7.920297e-01
      outer loop
         vertex 7.329450e-01 2.748756e+00 -5.658622e+00
         vertex 7.002155e-01 2.750477e+00 -5.680271e+00
         vertex 6.950347e-01 2.858469e+00 -5.644701e+00
      endloop
   endfacet
   facet normal 5.565212e-01 2.838849e-01 -7.808287e-01
      outer loop
         vertex 6.950347e-01 2.858469e+00 -5.644701e+00
         vertex 7.002155e-01 2.750477e+00 -5.680271e+00
         vertex 6.669441e-01 2.859119e+00 -5.664486e+00
      endloop
   endfacet
   facet normal 5.543926e-01 2.972348e-01 -7.773675e-01
      outer loop
         vertex 6.950347e-01 2.858469e+00 -5.644701e+00
         vertex 6.669441e-01 2.859119e+00 -5.664486e+00
         vertex 6.541388e-01 2.966794e+00 -5.632447e+00
      endloop
   endfacet
   facet normal 5.771081e-01 2.951995e-01 -7.614482e-01
      outer loop
         vertex 6.541388e-01 2.966794e+00 -5.632447e+00
         vertex 6.669441e-01 2.859119e+00 -5.664486e+00
         vertex 6.308976e-01 2.966631e+00 -5.650125e+00
      endloop
   endfacet
   facet normal 5.785052e-01 2.878050e-01 -7.632168e-01
      outer loop
         vertex 6.541388e-01 2.966794e+00 -5.632447e+00
         vertex 6.308976e-01 2.966631e+00 -5.650125e+00
         vertex 6.108236e-01 3.074636e+00 -5.624613e+00
      endloop
   endfacet
   facet normal 6.080694e-01 2.877885e-01 -7.398847e-01
      outer loop
         vertex 6.108236e-01 3.074636e+00 -5.624613e+00
         vertex 6.308976e-01 2.966631e+00 -5.650125e+00
         vertex 5.925464e-01 3.073895e+00 -5.639922e+00
      endloop
   endfacet
   facet normal 6.085454e-01 2.855864e-01 -7.403465e-01
      outer loop
         vertex 6.108236e-01 3.074636e+00 -5.624613e+00
         vertex 5.925464e-01 3.073895e+00 -5.639922e+00
         vertex 5.658304e-01 3.181530e+00 -5.620362e+00
      endloop
   endfacet
   facet normal 6.480276e-01 2.889071e-01 -7.046935e-01
      outer loop
         vertex 5.658304e-01 3.181530e+00 -5.620362e+00
         vertex 5.925464e-01 3.073895e+00 -5.639922e+00
         vertex 5.525120e-01 3.180608e+00 -5.632987e+00
      endloop
   endfacet
   facet normal 6.392705e-01 3.228345e-01 -6.979334e-01
      outer loop
         vertex 5.658304e-01 3.181530e+00 -5.620362e+00
         vertex 5.525120e-01 3.180608e+00 -5.632987e+00
         vertex 5.199559e-01 3.285875e+00 -5.614115e+00
      endloop
   endfacet
   facet normal 7.047200e-01 3.305033e-01 -6.278035e-01
      outer loop
         vertex 5.199559e-01 3.285875e+00 -5.614115e+00
         vertex 5.525120e-01 3.180608e+00 -5.632987e+00
         vertex 5.115666e-01 3.285362e+00 -5.623802e+00
      endloop
   endfacet
   facet normal 7.059285e-01 3.263287e-01 -6.286291e-01
      outer loop
         vertex 5.199559e-01 3.285875e+00 -5.614115e+00
         vertex 5.115666e-01 3.285362e+00 -5.623802e+00
         vertex 4.979417e-01 3.338658e+00 -5.611436e+00
      endloop
   endfacet
   facet normal 7.493840e-01 3.253824e-01 -5.766714e-01
      outer loop
         vertex 4.979417e-01 3.338658e+00 -5.611436e+00
         vertex 5.115666e-01 3.285362e+00 -5.623802e+00
         vertex 4.919364e-01 3.338309e+00 -5.619437e+00
      endloop
   endfacet
   facet normal 7.569715e-01 2.986599e-01 -5.812025e-01
      outer loop
         vertex 4.979417e-01 3.338658e+00 -5.611436e+00
         vertex 4.919364e-01 3.338309e+00 -5.619437e+00
         vertex 4.791083e-01 3.392159e+00 -5.608473e+00
      endloop
   endfacet
   facet normal 7.790345e-01 2.979062e-01 -5.516856e-01
      outer loop
         vertex 4.791083e-01 3.392159e+00 -5.608473e+00
         vertex 4.919364e-01 3.338309e+00 -5.619437e+00
         vertex 4.750586e-01 3.391907e+00 -5.614327e+00
      endloop
   endfacet
   facet normal 7.902017e-01 2.544163e-01 -5.575424e-01
      outer loop
         vertex 4.791083e-01 3.392159e+00 -5.608473e+00
         vertex 4.750586e-01 3.391907e+00 -5.614327e+00
         vertex 4.716556e-01 3.419155e+00 -5.606716e+00
      endloop
   endfacet
   facet normal 7.790502e-01 2.570219e-01 -5.718571e-01
      outer loop
         vertex 4.716556e-01 3.419155e+00 -5.606716e+00
         vertex 4.750586e-01 3.391907e+00 -5.614327e+00
         vertex 4.683052e-01 3.418938e+00 -5.611378e+00
      endloop
   endfacet
   facet normal 7.900182e-01 2.061762e-01 -5.773756e-01
      outer loop
         vertex 4.716556e-01 3.419155e+00 -5.606716e+00
         vertex 4.683052e-01 3.418938e+00 -5.611378e+00
         vertex 4.658881e-01 3.446353e+00 -5.604896e+00
      endloop
   endfacet
   facet normal 7.504180e-01 2.140284e-01 -6.253516e-01
      outer loop
         vertex 4.658881e-01 3.446353e+00 -5.604896e+00
         vertex 4.683052e-01 3.418938e+00 -5.611378e+00
         vertex 4.629977e-01 3.446163e+00 -5.608430e+00
      endloop
   endfacet
   facet normal 7.622732e-01 1.431106e-01 -6.312360e-01
      outer loop
         vertex 4.658881e-01 3.446353e+00 -5.604896e+00
         vertex 4.629977e-01 3.446163e+00 -5.608430e+00
         vertex 4.620232e-01 3.473844e+00 -5.603331e+00
      endloop
   endfacet
   facet normal 6.914045e-01 1.543483e-01 -7.057878e-01
      outer loop
         vertex 4.620232e-01 3.473844e+00 -5.603331e+00
         vertex 4.629977e-01 3.446163e+00 -5.608430e+00
         vertex 4.593281e-01 3.473667e+00 -5.606010e+00
      endloop
   endfacet
   facet normal 7.013640e-01 6.464132e-02 -7.098662e-01
      outer loop
         vertex 4.620232e-01 3.473844e+00 -5.603331e+00
         vertex 4.593281e-01 3.473667e+00 -5.606010e+00
         vertex 4.601983e-01 3.501801e+00 -5.602588e+00
      endloop
   endfacet
   facet normal 6.516813e-01 7.167914e-02 -7.550984e-01
      outer loop
         vertex 4.601983e-01 3.501801e+00 -5.602588e+00
         vertex 4.593281e-01 3.473667e+00 -5.606010e+00
         vertex 4.574259e-01 3.501606e+00 -5.604999e+00
      endloop
   endfacet
   facet normal 9.355901e-01 2.932972e-02 -3.518678e-01
      outer loop
         vertex 4.612416e-01 5.959399e-04 -5.600000e+00
         vertex 4.602738e-01 4.483242e-04 -5.602586e+00
         vertex 4.599010e-01 2.850089e-02 -5.601238e+00
      endloop
   endfacet
   facet normal 9.494921e-01 2.762738e-02 -3.125723e-01
      outer loop
         vertex 4.599010e-01 2.850089e-02 -5.601238e+00
         vertex 4.602738e-01 4.483242e-04 -5.602586e+00
         vertex 4.589609e-01 2.834015e-02 -5.604108e+00
      endloop
   endfacet
   facet normal 9.502617e-01 -3.765558e-02 -3.091680e-01
      outer loop
         vertex 4.599010e-01 2.850089e-02 -5.601238e+00
         vertex 4.589609e-01 2.834015e-02 -5.604108e+00
         vertex 4.605445e-01 5.635475e-02 -5.602653e+00
      endloop
   endfacet
   facet normal 9.660954e-01 -4.137216e-02 -2.548490e-01
      outer loop
         vertex 4.605445e-01 5.635475e-02 -5.602653e+00
         vertex 4.589609e-01 2.834015e-02 -5.604108e+00
         vertex 4.595368e-01 5.615059e-02 -5.606440e+00
      endloop
   endfacet
   facet normal 9.623670e-01 -1.056063e-01 -2.503938e-01
      outer loop
         vertex 4.605445e-01 5.635475e-02 -5.602653e+00
         vertex 4.595368e-01 5.615059e-02 -5.606440e+00
         vertex 4.632332e-01 8.411140e-02 -5.604026e+00
      endloop
   endfacet
   facet normal 9.692596e-01 -1.090956e-01 -2.205311e-01
      outer loop
         vertex 4.632332e-01 8.411140e-02 -5.604026e+00
         vertex 4.595368e-01 5.615059e-02 -5.606440e+00
         vertex 4.620661e-01 8.384707e-02 -5.609025e+00
      endloop
   endfacet
   facet normal 9.616862e-01 -1.693717e-01 -2.155756e-01
      outer loop
         vertex 4.632332e-01 8.411140e-02 -5.604026e+00
         vertex 4.620661e-01 8.384707e-02 -5.609025e+00
         vertex 4.678231e-01 1.117564e-01 -5.605270e+00
      endloop
   endfacet
   facet normal 9.632635e-01 -1.708199e-01 -2.072295e-01
      outer loop
         vertex 4.678231e-01 1.117564e-01 -5.605270e+00
         vertex 4.620661e-01 8.384707e-02 -5.609025e+00
         vertex 4.664137e-01 1.114252e-01 -5.611549e+00
      endloop
   endfacet
   facet normal 9.491351e-01 -2.429855e-01 -2.002514e-01
      outer loop
         vertex 4.678231e-01 1.117564e-01 -5.605270e+00
         vertex 4.664137e-01 1.114252e-01 -5.611549e+00
         vertex 4.814412e-01 1.667649e-01 -5.607472e+00
      endloop
   endfacet
   facet normal 9.459098e-01 -2.408491e-01 -2.173621e-01
      outer loop
         vertex 4.814412e-01 1.667649e-01 -5.607472e+00
         vertex 4.664137e-01 1.114252e-01 -5.611549e+00
         vertex 4.793527e-01 1.663049e-01 -5.616051e+00
      endloop
   endfacet
   facet normal 9.318251e-01 -2.952522e-01 -2.110167e-01
      outer loop
         vertex 4.814412e-01 1.667649e-01 -5.607472e+00
         vertex 4.793527e-01 1.663049e-01 -5.616051e+00
         vertex 4.982738e-01 2.216000e-01 -5.609866e+00
      endloop
   endfacet
   facet normal 9.254729e-01 -2.893318e-01 -2.445141e-01
      outer loop
         vertex 4.982738e-01 2.216000e-01 -5.609866e+00
         vertex 4.793527e-01 1.663049e-01 -5.616051e+00
         vertex 4.953528e-01 2.210329e-01 -5.620250e+00
      endloop
   endfacet
   facet normal 9.217097e-01 -3.025415e-01 -2.427342e-01
      outer loop
         vertex 4.982738e-01 2.216000e-01 -5.609866e+00
         vertex 4.953528e-01 2.210329e-01 -5.620250e+00
         vertex 5.674867e-01 4.408838e-01 -5.620364e+00
      endloop
   endfacet
   facet normal 8.980194e-01 -2.948118e-01 -3.265689e-01
      outer loop
         vertex 5.674867e-01 4.408838e-01 -5.620364e+00
         vertex 4.953528e-01 2.210329e-01 -5.620250e+00
         vertex 5.611248e-01 4.396834e-01 -5.636774e+00
      endloop
   endfacet
   facet normal 8.945267e-01 -3.076829e-01 -3.242733e-01
      outer loop
         vertex 5.674867e-01 4.408838e-01 -5.620364e+00
         vertex 5.611248e-01 4.396834e-01 -5.636774e+00
         vertex 6.024339e-01 5.502265e-01 -5.627709e+00
      endloop
   endfacet
   facet normal 8.867480e-01 -3.027202e-01 -3.493401e-01
      outer loop
         vertex 6.024339e-01 5.502265e-01 -5.627709e+00
         vertex 5.611248e-01 4.396834e-01 -5.636774e+00
         vertex 5.943638e-01 5.484577e-01 -5.646660e+00
      endloop
   endfacet
   facet normal 8.852046e-01 -3.085663e-01 -3.481373e-01
      outer loop
         vertex 6.024339e-01 5.502265e-01 -5.627709e+00
         vertex 5.943638e-01 5.484577e-01 -5.646660e+00
         vertex 6.362455e-01 6.595276e-01 -5.638613e+00
      endloop
   endfacet
   facet normal 8.782947e-01 -3.044756e-01 -3.686368e-01
      outer loop
         vertex 6.362455e-01 6.595276e-01 -5.638613e+00
         vertex 5.943638e-01 5.484577e-01 -5.646660e+00
         vertex 6.264988e-01 6.571049e-01 -5.659834e+00
      endloop
   endfacet
   facet normal 8.783183e-01 -3.043815e-01 -3.686583e-01
      outer loop
         vertex 6.362455e-01 6.595276e-01 -5.638613e+00
         vertex 6.264988e-01 6.571049e-01 -5.659834e+00
         vertex 6.689897e-01 7.686904e-01 -5.650731e+00
      endloop
   endfacet
   facet normal 8.722546e-01 -3.006824e-01 -3.856968e-01
      outer loop
         vertex 6.689897e-01 7.686904e-01 -5.650731e+00
         vertex 6.264988e-01 6.571049e-01 -5.659834e+00
         vertex 6.576377e-01 7.655705e-01 -5.673971e+00
      endloop
   endfacet
   facet normal 8.733186e-01 -2.961010e-01 -3.868317e-01
      outer loop
         vertex 6.689897e-01 7.686904e-01 -5.650731e+00
         vertex 6.576377e-01 7.655705e-01 -5.673971e+00
         vertex 7.002169e-01 8.777831e-01 -5.663737e+00
      endloop
   endfacet
   facet normal 8.680650e-01 -2.928249e-01 -4.008950e-01
      outer loop
         vertex 7.002169e-01 8.777831e-01 -5.663737e+00
         vertex 6.576377e-01 7.655705e-01 -5.673971e+00
         vertex 6.873591e-01 8.739162e-01 -5.688754e+00
      endloop
   endfacet
   facet normal 8.685038e-01 -2.907729e-01 -4.014378e-01
      outer loop
         vertex 7.002169e-01 8.777831e-01 -5.663737e+00
         vertex 6.873591e-01 8.739162e-01 -5.688754e+00
         vertex 7.146472e-01 9.323962e-01 -5.672075e+00
      endloop
   endfacet
   facet normal 8.664245e-01 -2.879573e-01 -4.079082e-01
      outer loop
         vertex 7.146472e-01 9.323962e-01 -5.672075e+00
         vertex 6.873591e-01 8.739162e-01 -5.688754e+00
         vertex 7.010738e-01 9.281286e-01 -5.697893e+00
      endloop
   endfacet
   facet normal 8.663520e-01 -2.883127e-01 -4.078113e-01
      outer loop
         vertex 7.146472e-01 9.323962e-01 -5.672075e+00
         vertex 7.010738e-01 9.281286e-01 -5.697893e+00
         vertex 7.281759e-01 9.866038e-01 -5.681659e+00
      endloop
   endfacet
   facet normal 8.640893e-01 -2.853729e-01 -4.146227e-01
      outer loop
         vertex 7.281759e-01 9.866038e-01 -5.681659e+00
         vertex 7.010738e-01 9.281286e-01 -5.697893e+00
         vertex 7.139078e-01 9.820121e-01 -5.708233e+00
      endloop
   endfacet
   facet normal 8.645305e-01 -2.831167e-01 -4.152494e-01
      outer loop
         vertex 7.281759e-01 9.866038e-01 -5.681659e+00
         vertex 7.139078e-01 9.820121e-01 -5.708233e+00
         vertex 7.534202e-01 1.092230e+00 -5.701117e+00
      endloop
   endfacet
   facet normal 8.578327e-01 -2.796883e-01 -4.311583e-01
      outer loop
         vertex 7.534202e-01 1.092230e+00 -5.701117e+00
         vertex 7.139078e-01 9.820121e-01 -5.708233e+00
         vertex 7.378301e-01 1.087565e+00 -5.729109e+00
      endloop
   endfacet
   facet normal 8.592256e-01 -2.721794e-01 -4.331856e-01
      outer loop
         vertex 7.534202e-01 1.092230e+00 -5.701117e+00
         vertex 7.378301e-01 1.087565e+00 -5.729109e+00
         vertex 7.772554e-01 1.194355e+00 -5.718007e+00
      endloop
   endfacet
   facet normal 8.510178e-01 -2.671844e-01 -4.520853e-01
      outer loop
         vertex 7.772554e-01 1.194355e+00 -5.718007e+00
         vertex 7.378301e-01 1.087565e+00 -5.729109e+00
         vertex 7.604687e-01 1.190426e+00 -5.747285e+00
      endloop
   endfacet
   facet normal 8.533808e-01 -2.540254e-01 -4.552058e-01
      outer loop
         vertex 7.772554e-01 1.194355e+00 -5.718007e+00
         vertex 7.604687e-01 1.190426e+00 -5.747285e+00
         vertex 8.000874e-01 1.295134e+00 -5.731442e+00
      endloop
   endfacet
   facet normal 8.454338e-01 -2.483528e-01 -4.728240e-01
      outer loop
         vertex 8.000874e-01 1.295134e+00 -5.731442e+00
         vertex 7.604687e-01 1.190426e+00 -5.747285e+00
         vertex 7.822922e-01 1.292398e+00 -5.761824e+00
      endloop
   endfacet
   facet normal 8.490916e-01 -2.272463e-01 -4.768674e-01
      outer loop
         vertex 8.000874e-01 1.295134e+00 -5.731442e+00
         vertex 7.822922e-01 1.292398e+00 -5.761824e+00
         vertex 8.212682e-01 1.396166e+00 -5.741875e+00
      endloop
   endfacet
   facet normal 8.428075e-01 -2.223331e-01 -4.901464e-01
      outer loop
         vertex 8.212682e-01 1.396166e+00 -5.741875e+00
         vertex 7.822922e-01 1.292398e+00 -5.761824e+00
         vertex 8.027080e-01 1.394692e+00 -5.773120e+00
      endloop
   endfacet
   facet normal 8.480073e-01 -1.899852e-01 -4.947619e-01
      outer loop
         vertex 8.212682e-01 1.396166e+00 -5.741875e+00
         vertex 8.027080e-01 1.394692e+00 -5.773120e+00
         vertex 8.393184e-01 1.496078e+00 -5.749303e+00
      endloop
   endfacet
   facet normal 8.434644e-01 -1.862025e-01 -5.038814e-01
      outer loop
         vertex 8.393184e-01 1.496078e+00 -5.749303e+00
         vertex 8.027080e-01 1.394692e+00 -5.773120e+00
         vertex 8.202569e-01 1.495946e+00 -5.781162e+00
      endloop
   endfacet
   facet normal 8.473308e-01 -1.602757e-01 -5.063024e-01
      outer loop
         vertex 8.393184e-01 1.496078e+00 -5.749303e+00
         vertex 8.202569e-01 1.495946e+00 -5.781162e+00
         vertex 8.558657e-01 1.596872e+00 -5.753517e+00
      endloop
   endfacet
   facet normal 8.445452e-01 -1.578142e-01 -5.117011e-01
      outer loop
         vertex 8.558657e-01 1.596872e+00 -5.753517e+00
         vertex 8.202569e-01 1.495946e+00 -5.781162e+00
         vertex 8.365695e-01 1.598112e+00 -5.785747e+00
      endloop
   endfacet
   facet normal 8.485373e-01 -1.296456e-01 -5.130073e-01
      outer loop
         vertex 8.558657e-01 1.596872e+00 -5.753517e+00
         vertex 8.365695e-01 1.598112e+00 -5.785747e+00
         vertex 8.714701e-01 1.703324e+00 -5.754609e+00
      endloop
   endfacet
   facet normal 8.475802e-01 -1.287975e-01 -5.148000e-01
      outer loop
         vertex 8.714701e-01 1.703324e+00 -5.754609e+00
         vertex 8.365695e-01 1.598112e+00 -5.785747e+00
         vertex 8.521824e-01 1.705709e+00 -5.786961e+00
      endloop
   endfacet
   facet normal 8.520979e-01 -9.377791e-02 -5.149125e-01
      outer loop
         vertex 8.714701e-01 1.703324e+00 -5.754609e+00
         vertex 8.521824e-01 1.705709e+00 -5.786961e+00
         vertex 8.780356e-01 1.759329e+00 -5.753944e+00
      endloop
   endfacet
   facet normal 8.521886e-01 -9.393132e-02 -5.147344e-01
      outer loop
         vertex 8.780356e-01 1.759329e+00 -5.753944e+00
         vertex 8.521824e-01 1.705709e+00 -5.786961e+00
         vertex 8.588281e-01 1.762169e+00 -5.786262e+00
      endloop
   endfacet
   facet normal 8.555579e-01 -6.224046e-02 -5.139521e-01
      outer loop
         vertex 8.780356e-01 1.759329e+00 -5.753944e+00
         vertex 8.588281e-01 1.762169e+00 -5.786262e+00
         vertex 8.831463e-01 1.817119e+00 -5.752435e+00
      endloop
   endfacet
   facet normal 8.559233e-01 -6.282037e-02 -5.132728e-01
      outer loop
         vertex 8.831463e-01 1.817119e+00 -5.752435e+00
         vertex 8.588281e-01 1.762169e+00 -5.786262e+00
         vertex 8.640615e-01 1.820340e+00 -5.784655e+00
      endloop
   endfacet
   facet normal 8.588983e-01 -2.686684e-02 -5.114411e-01
      outer loop
         vertex 8.831463e-01 1.817119e+00 -5.752435e+00
         vertex 8.640615e-01 1.820340e+00 -5.784655e+00
         vertex 8.864171e-01 1.876377e+00 -5.750055e+00
      endloop
   endfacet
   facet normal 8.594795e-01 -2.773075e-02 -5.104175e-01
      outer loop
         vertex 8.864171e-01 1.876377e+00 -5.750055e+00
         vertex 8.640615e-01 1.820340e+00 -5.784655e+00
         vertex 8.674939e-01 1.879914e+00 -5.782112e+00
      endloop
   endfacet
   facet normal 8.615838e-01 9.771264e-03 -5.075213e-01
      outer loop
         vertex 8.864171e-01 1.876377e+00 -5.750055e+00
         vertex 8.674939e-01 1.879914e+00 -5.782112e+00
         vertex 8.876615e-01 1.936565e+00 -5.746784e+00
      endloop
   endfacet
   facet normal 8.623650e-01 8.677103e-03 -5.062127e-01
      outer loop
         vertex 8.876615e-01 1.936565e+00 -5.746784e+00
         vertex 8.674939e-01 1.879914e+00 -5.782112e+00
         vertex 8.689378e-01 1.940372e+00 -5.778615e+00
      endloop
   endfacet
   facet normal 8.634027e-01 4.419336e-02 -5.025761e-01
      outer loop
         vertex 8.876615e-01 1.936565e+00 -5.746784e+00
         vertex 8.689378e-01 1.940372e+00 -5.778615e+00
         vertex 8.869981e-01 1.996926e+00 -5.742616e+00
      endloop
   endfacet
   facet normal 8.644207e-01 4.282791e-02 -5.009417e-01
      outer loop
         vertex 8.869981e-01 1.996926e+00 -5.742616e+00
         vertex 8.689378e-01 1.940372e+00 -5.778615e+00
         vertex 8.685165e-01 2.000972e+00 -5.774161e+00
      endloop
   endfacet
   facet normal 8.645782e-01 7.321427e-02 -4.971359e-01
      outer loop
         vertex 8.869981e-01 1.996926e+00 -5.742616e+00
         vertex 8.685165e-01 2.000972e+00 -5.774161e+00
         vertex 8.848340e-01 2.056659e+00 -5.737582e+00
      endloop
   endfacet
   facet normal 8.659286e-01 7.144125e-02 -4.950392e-01
      outer loop
         vertex 8.848340e-01 2.056659e+00 -5.737582e+00
         vertex 8.685165e-01 2.000972e+00 -5.774161e+00
         vertex 8.666440e-01 2.060940e+00 -5.768782e+00
      endloop
   endfacet
   facet normal 8.654447e-01 1.012501e-01 -4.906667e-01
      outer loop
         vertex 8.848340e-01 2.056659e+00 -5.737582e+00
         vertex 8.666440e-01 2.060940e+00 -5.768782e+00
         vertex 8.811880e-01 2.115878e+00 -5.731793e+00
      endloop
   endfacet
   facet normal 8.671334e-01 9.908844e-02 -4.881201e-01
      outer loop
         vertex 8.811880e-01 2.115878e+00 -5.731793e+00
         vertex 8.666440e-01 2.060940e+00 -5.768782e+00
         vertex 8.633379e-01 2.120411e+00 -5.762583e+00
      endloop
   endfacet
   facet normal 8.659483e-01 1.304996e-01 -4.828079e-01
      outer loop
         vertex 8.811880e-01 2.115878e+00 -5.731793e+00
         vertex 8.633379e-01 2.120411e+00 -5.762583e+00
         vertex 8.759340e-01 2.174873e+00 -5.725271e+00
      endloop
   endfacet
   facet normal 8.679558e-01 1.280150e-01 -4.798592e-01
      outer loop
         vertex 8.759340e-01 2.174873e+00 -5.725271e+00
         vertex 8.633379e-01 2.120411e+00 -5.762583e+00
         vertex 8.584670e-01 2.179675e+00 -5.755583e+00
      endloop
   endfacet
   facet normal 8.659942e-01 1.605801e-01 -4.735696e-01
      outer loop
         vertex 8.759340e-01 2.174873e+00 -5.725271e+00
         vertex 8.584670e-01 2.179675e+00 -5.755583e+00
         vertex 8.690302e-01 2.233721e+00 -5.717941e+00
      endloop
   endfacet
   facet normal 8.683181e-01 1.578039e-01 -4.702358e-01
      outer loop
         vertex 8.690302e-01 2.233721e+00 -5.717941e+00
         vertex 8.584670e-01 2.179675e+00 -5.755583e+00
         vertex 8.519865e-01 2.238782e+00 -5.747715e+00
      endloop
   endfacet
   facet normal 8.655379e-01 1.909661e-01 -4.630076e-01
      outer loop
         vertex 8.690302e-01 2.233721e+00 -5.717941e+00
         vertex 8.519865e-01 2.238782e+00 -5.747715e+00
         vertex 8.605018e-01 2.292352e+00 -5.709701e+00
      endloop
   endfacet
   facet normal 8.681298e-01 1.879705e-01 -4.593666e-01
      outer loop
         vertex 8.605018e-01 2.292352e+00 -5.709701e+00
         vertex 8.519865e-01 2.238782e+00 -5.747715e+00
         vertex 8.439197e-01 2.297619e+00 -5.738884e+00
      endloop
   endfacet
   facet normal 8.645471e-01 2.209370e-01 -4.513813e-01
      outer loop
         vertex 8.605018e-01 2.292352e+00 -5.709701e+00
         vertex 8.439197e-01 2.297619e+00 -5.738884e+00
         vertex 8.504221e-01 2.350614e+00 -5.700490e+00
      endloop
   endfacet
   facet normal 8.673031e-01 2.178456e-01 -4.475809e-01
      outer loop
         vertex 8.504221e-01 2.350614e+00 -5.700490e+00
         vertex 8.439197e-01 2.297619e+00 -5.738884e+00
         vertex 8.343392e-01 2.355986e+00 -5.729040e+00
      endloop
   endfacet
   facet normal 8.630366e-01 2.495062e-01 -4.392203e-01
      outer loop
         vertex 8.504221e-01 2.350614e+00 -5.700490e+00
         vertex 8.343392e-01 2.355986e+00 -5.729040e+00
         vertex 8.388935e-01 2.408343e+00 -5.690349e+00
      endloop
   endfacet
   facet normal 8.657877e-01 2.465059e-01 -4.354841e-01
      outer loop
         vertex 8.388935e-01 2.408343e+00 -5.690349e+00
         vertex 8.343392e-01 2.355986e+00 -5.729040e+00
         vertex 8.233475e-01 2.413677e+00 -5.718237e+00
      endloop
   endfacet
   facet normal 8.591775e-01 2.860831e-01 -4.242292e-01
      outer loop
         vertex 8.388935e-01 2.408343e+00 -5.690349e+00
         vertex 8.233475e-01 2.413677e+00 -5.718237e+00
         vertex 8.119349e-01 2.521881e+00 -5.668382e+00
      endloop
   endfacet
   facet normal 8.635423e-01 2.832952e-01 -4.171792e-01
      outer loop
         vertex 8.119349e-01 2.521881e+00 -5.668382e+00
         vertex 8.233475e-01 2.413677e+00 -5.718237e+00
         vertex 7.975794e-01 2.526627e+00 -5.694875e+00
      endloop
   endfacet
   facet normal 8.578571e-01 3.109320e-01 -4.091484e-01
      outer loop
         vertex 8.119349e-01 2.521881e+00 -5.668382e+00
         vertex 7.975794e-01 2.526627e+00 -5.694875e+00
         vertex 7.966891e-01 2.577905e+00 -5.657772e+00
      endloop
   endfacet
   facet normal 8.597293e-01 3.091128e-01 -4.065892e-01
      outer loop
         vertex 7.966891e-01 2.577905e+00 -5.657772e+00
         vertex 7.975794e-01 2.526627e+00 -5.694875e+00
         vertex 7.829888e-01 2.582130e+00 -5.683529e+00
      endloop
   endfacet
   facet normal 8.582611e-01 3.155329e-01 -4.047553e-01
      outer loop
         vertex 7.966891e-01 2.577905e+00 -5.657772e+00
         vertex 7.829888e-01 2.582130e+00 -5.683529e+00
         vertex 7.803263e-01 2.633948e+00 -5.648779e+00
      endloop
   endfacet
   facet normal 8.601558e-01 3.138200e-01 -4.020559e-01
      outer loop
         vertex 7.803263e-01 2.633948e+00 -5.648779e+00
         vertex 7.829888e-01 2.582130e+00 -5.683529e+00
         vertex 7.673225e-01 2.637591e+00 -5.673756e+00
      endloop
   endfacet
   facet normal 8.581740e-01 3.219781e-01 -3.998344e-01
      outer loop
         vertex 7.803263e-01 2.633948e+00 -5.648779e+00
         vertex 7.673225e-01 2.637591e+00 -5.673756e+00
         vertex 7.444453e-01 2.746209e+00 -5.635391e+00
      endloop
   endfacet
   facet normal 8.625376e-01 3.200886e-01 -3.918830e-01
      outer loop
         vertex 7.444453e-01 2.746209e+00 -5.635391e+00
         vertex 7.673225e-01 2.637591e+00 -5.673756e+00
         vertex 7.329450e-01 2.748756e+00 -5.658622e+00
      endloop
   endfacet
   facet normal 8.550986e-01 3.469665e-01 -3.852539e-01
      outer loop
         vertex 7.444453e-01 2.746209e+00 -5.635391e+00
         vertex 7.329450e-01 2.748756e+00 -5.658622e+00
         vertex 7.049171e-01 2.856862e+00 -5.623470e+00
      endloop
   endfacet
   facet normal 8.606778e-01 3.449216e-01 -3.745167e-01
      outer loop
         vertex 7.049171e-01 2.856862e+00 -5.623470e+00
         vertex 7.329450e-01 2.748756e+00 -5.658622e+00
         vertex 6.950347e-01 2.858469e+00 -5.644701e+00
      endloop
   endfacet
   facet normal 8.536206e-01 3.670991e-01 -3.695539e-01
      outer loop
         vertex 7.049171e-01 2.856862e+00 -5.623470e+00
         vertex 6.950347e-01 2.858469e+00 -5.644701e+00
         vertex 6.623183e-01 2.965978e+00 -5.613477e+00
      endloop
   endfacet
   facet normal 8.605134e-01 3.650607e-01 -3.553132e-01
      outer loop
         vertex 6.623183e-01 2.965978e+00 -5.613477e+00
         vertex 6.950347e-01 2.858469e+00 -5.644701e+00
         vertex 6.541388e-01 2.966794e+00 -5.632447e+00
      endloop
   endfacet
   facet normal 8.575314e-01 3.735826e-01 -3.536607e-01
      outer loop
         vertex 6.623183e-01 2.965978e+00 -5.613477e+00
         vertex 6.541388e-01 2.966794e+00 -5.632447e+00
         vertex 6.172477e-01 3.074445e+00 -5.608184e+00
      endloop
   endfacet
   facet normal 8.659219e-01 3.720858e-01 -3.342625e-01
      outer loop
         vertex 6.172477e-01 3.074445e+00 -5.608184e+00
         vertex 6.541388e-01 2.966794e+00 -5.632447e+00
         vertex 6.108236e-01 3.074636e+00 -5.624613e+00
      endloop
   endfacet
   facet normal 8.628015e-01 3.804222e-01 -3.329452e-01
      outer loop
         vertex 6.172477e-01 3.074445e+00 -5.608184e+00
         vertex 6.108236e-01 3.074636e+00 -5.624613e+00
         vertex 5.705005e-01 3.181668e+00 -5.606812e+00
      endloop
   endfacet
   facet normal 8.734017e-01 3.797502e-01 -3.048923e-01
      outer loop
         vertex 5.705005e-01 3.181668e+00 -5.606812e+00
         vertex 6.108236e-01 3.074636e+00 -5.624613e+00
         vertex 5.658304e-01 3.181530e+00 -5.620362e+00
      endloop
   endfacet
   facet normal 8.638260e-01 4.033637e-01 -3.018317e-01
      outer loop
         vertex 5.705005e-01 3.181668e+00 -5.606812e+00
         vertex 5.658304e-01 3.181530e+00 -5.620362e+00
         vertex 5.229023e-01 3.285917e+00 -5.603719e+00
      endloop
   endfacet
   facet normal 8.804637e-01 4.021260e-01 -2.511540e-01
      outer loop
         vertex 5.229023e-01 3.285917e+00 -5.603719e+00
         vertex 5.658304e-01 3.181530e+00 -5.620362e+00
         vertex 5.199559e-01 3.285875e+00 -5.614115e+00
      endloop
   endfacet
   facet normal 8.862883e-01 3.880867e-01 -2.527486e-01
      outer loop
         vertex 5.229023e-01 3.285917e+00 -5.603719e+00
         vertex 5.199559e-01 3.285875e+00 -5.614115e+00
         vertex 5.000519e-01 3.338667e+00 -5.602850e+00
      endloop
   endfacet
   facet normal 8.961627e-01 3.849644e-01 -2.206689e-01
      outer loop
         vertex 5.000519e-01 3.338667e+00 -5.602850e+00
         vertex 5.199559e-01 3.285875e+00 -5.614115e+00
         vertex 4.979417e-01 3.338658e+00 -5.611436e+00
      endloop
   endfacet
   facet normal 9.144139e-01 3.364160e-01 -2.251033e-01
      outer loop
         vertex 5.000519e-01 3.338667e+00 -5.602850e+00
         vertex 4.979417e-01 3.338658e+00 -5.611436e+00
         vertex 4.805306e-01 3.392170e+00 -5.602190e+00
      endloop
   endfacet
   facet normal 9.188342e-01 3.350038e-01 -2.086054e-01
      outer loop
         vertex 4.805306e-01 3.392170e+00 -5.602190e+00
         vertex 4.979417e-01 3.338658e+00 -5.611436e+00
         vertex 4.791083e-01 3.392159e+00 -5.608473e+00
      endloop
   endfacet
   facet normal 9.386141e-01 2.713804e-01 -2.129701e-01
      outer loop
         vertex 4.805306e-01 3.392170e+00 -5.602190e+00
         vertex 4.791083e-01 3.392159e+00 -5.608473e+00
         vertex 4.728318e-01 3.419171e+00 -5.601713e+00
      endloop
   endfacet
   facet normal 9.363257e-01 2.728588e-01 -2.210029e-01
      outer loop
         vertex 4.728318e-01 3.419171e+00 -5.601713e+00
         vertex 4.791083e-01 3.392159e+00 -5.608473e+00
         vertex 4.716556e-01 3.419155e+00 -5.606716e+00
      endloop
   endfacet
   facet normal 9.511085e-01 2.123426e-01 -2.242840e-01
      outer loop
         vertex 4.728318e-01 3.419171e+00 -5.601713e+00
         vertex 4.716556e-01 3.419155e+00 -5.606716e+00
         vertex 4.669025e-01 3.446373e+00 -5.601104e+00
      endloop
   endfacet
   facet normal 9.427457e-01 2.168787e-01 -2.533656e-01
      outer loop
         vertex 4.669025e-01 3.446373e+00 -5.601104e+00
         vertex 4.716556e-01 3.419155e+00 -5.606716e+00
         vertex 4.658881e-01 3.446353e+00 -5.604896e+00
      endloop
   endfacet
   facet normal 9.559357e-01 1.428041e-01 -2.565033e-01
      outer loop
         vertex 4.669025e-01 3.446373e+00 -5.601104e+00
         vertex 4.658881e-01 3.446353e+00 -5.604896e+00
         vertex 4.629690e-01 3.473868e+00 -5.600456e+00
      endloop
   endfacet
   facet normal 9.388328e-01 1.496478e-01 -3.101587e-01
      outer loop
         vertex 4.629690e-01 3.473868e+00 -5.600456e+00
         vertex 4.658881e-01 3.446353e+00 -5.604896e+00
         vertex 4.620232e-01 3.473844e+00 -5.603331e+00
      endloop
   endfacet
   facet normal 9.476656e-01 6.603677e-02 -3.123606e-01
      outer loop
         vertex 4.629690e-01 3.473868e+00 -5.600456e+00
         vertex 4.620232e-01 3.473844e+00 -5.603331e+00
         vertex 4.611705e-01 3.501836e+00 -5.600000e+00
      endloop
   endfacet
   facet normal 9.335019e-01 7.027669e-02 -3.516183e-01
      outer loop
         vertex 4.611705e-01 3.501836e+00 -5.600000e+00
         vertex 4.620232e-01 3.473844e+00 -5.603331e+00
         vertex 4.601983e-01 3.501801e+00 -5.602588e+00
      endloop
   endfacet
   facet normal 9.349146e-01 5.598514e-02 3.504288e-01
      outer loop
         vertex 4.602670e-01 6.890583e-04 -5.597414e+00
         vertex 4.612416e-01 5.959399e-04 -5.600000e+00
         vertex 4.589528e-01 2.861071e-02 -5.598369e+00
      endloop
   endfacet
   facet normal 9.485000e-01 5.938084e-02 3.111617e-01
      outer loop
         vertex 4.589528e-01 2.861071e-02 -5.598369e+00
         vertex 4.612416e-01 5.959399e-04 -5.600000e+00
         vertex 4.599010e-01 2.850089e-02 -5.601238e+00
      endloop
   endfacet
   facet normal 9.492487e-01 -1.396310e-02 3.142163e-01
      outer loop
         vertex 4.589528e-01 2.861071e-02 -5.598369e+00
         vertex 4.599010e-01 2.850089e-02 -5.601238e+00
         vertex 4.595275e-01 5.650024e-02 -5.598866e+00
      endloop
   endfacet
   facet normal 9.656580e-01 -9.121051e-03 2.596565e-01
      outer loop
         vertex 4.595275e-01 5.650024e-02 -5.598866e+00
         vertex 4.599010e-01 2.850089e-02 -5.601238e+00
         vertex 4.605445e-01 5.635475e-02 -5.602653e+00
      endloop
   endfacet
   facet normal 9.613888e-01 -8.585668e-02 2.614580e-01
      outer loop
         vertex 4.595275e-01 5.650024e-02 -5.598866e+00
         vertex 4.605445e-01 5.635475e-02 -5.602653e+00
         vertex 4.620544e-01 8.430525e-02 -5.599027e+00
      endloop
   endfacet
   facet normal 9.692750e-01 -8.242953e-02 2.317571e-01
      outer loop
         vertex 4.620544e-01 8.430525e-02 -5.599027e+00
         vertex 4.605445e-01 5.635475e-02 -5.602653e+00
         vertex 4.632332e-01 8.411140e-02 -5.604026e+00
      endloop
   endfacet
   facet normal 9.608257e-01 -1.509754e-01 2.324228e-01
      outer loop
         vertex 4.620544e-01 8.430525e-02 -5.599027e+00
         vertex 4.632332e-01 8.411140e-02 -5.604026e+00
         vertex 4.663983e-01 1.120046e-01 -5.598992e+00
      endloop
   endfacet
   facet normal 9.629104e-01 -1.497708e-01 2.244378e-01
      outer loop
         vertex 4.663983e-01 1.120046e-01 -5.598992e+00
         vertex 4.632332e-01 8.411140e-02 -5.604026e+00
         vertex 4.678231e-01 1.117564e-01 -5.605270e+00
      endloop
   endfacet
   facet normal 9.487120e-01 -2.229805e-01 2.241099e-01
      outer loop
         vertex 4.663983e-01 1.120046e-01 -5.598992e+00
         vertex 4.678231e-01 1.117564e-01 -5.605270e+00
         vertex 4.793280e-01 1.671149e-01 -5.598893e+00
      endloop
   endfacet
   facet normal 9.441241e-01 -2.240556e-01 2.417204e-01
      outer loop
         vertex 4.793280e-01 1.671149e-01 -5.598893e+00
         vertex 4.678231e-01 1.117564e-01 -5.605270e+00
         vertex 4.814412e-01 1.667649e-01 -5.607472e+00
      endloop
   endfacet
   facet normal 9.325470e-01 -2.691032e-01 2.407066e-01
      outer loop
         vertex 4.793280e-01 1.671149e-01 -5.598893e+00
         vertex 4.814412e-01 1.667649e-01 -5.607472e+00
         vertex 4.953219e-01 2.220150e-01 -5.599481e+00
      endloop
   endfacet
   facet normal 9.228964e-01 -2.713732e-01 2.731643e-01
      outer loop
         vertex 4.953219e-01 2.220150e-01 -5.599481e+00
         vertex 4.814412e-01 1.667649e-01 -5.607472e+00
         vertex 4.982738e-01 2.216000e-01 -5.609866e+00
      endloop
   endfacet
   facet normal 9.230980e-01 -2.706578e-01 2.731930e-01
      outer loop
         vertex 4.953219e-01 2.220150e-01 -5.599481e+00
         vertex 4.982738e-01 2.216000e-01 -5.609866e+00
         vertex 5.610688e-01 4.417354e-01 -5.603953e+00
      endloop
   endfacet
   facet normal 8.933849e-01 -2.645973e-01 3.631140e-01
      outer loop
         vertex 5.610688e-01 4.417354e-01 -5.603953e+00
         vertex 4.982738e-01 2.216000e-01 -5.609866e+00
         vertex 5.674867e-01 4.408838e-01 -5.620364e+00
      endloop
   endfacet
   facet normal 8.959684e-01 -2.549845e-01 3.636255e-01
      outer loop
         vertex 5.610688e-01 4.417354e-01 -5.603953e+00
         vertex 5.674867e-01 4.408838e-01 -5.620364e+00
         vertex 5.942787e-01 5.515782e-01 -5.608757e+00
      endloop
   endfacet
   facet normal 8.814573e-01 -2.550230e-01 3.974874e-01
      outer loop
         vertex 5.942787e-01 5.515782e-01 -5.608757e+00
         vertex 5.674867e-01 4.408838e-01 -5.620364e+00
         vertex 6.024339e-01 5.502265e-01 -5.627709e+00
      endloop
   endfacet
   facet normal 8.882891e-01 -2.283045e-01 3.985216e-01
      outer loop
         vertex 5.942787e-01 5.515782e-01 -5.608757e+00
         vertex 6.024339e-01 5.502265e-01 -5.627709e+00
         vertex 6.263907e-01 6.614459e-01 -5.617392e+00
      endloop
   endfacet
   facet normal 8.750281e-01 -2.280867e-01 4.269688e-01
      outer loop
         vertex 6.263907e-01 6.614459e-01 -5.617392e+00
         vertex 6.024339e-01 5.502265e-01 -5.627709e+00
         vertex 6.362455e-01 6.595276e-01 -5.638613e+00
      endloop
   endfacet
   facet normal 8.793939e-01 -2.098566e-01 4.273483e-01
      outer loop
         vertex 6.263907e-01 6.614459e-01 -5.617392e+00
         vertex 6.362455e-01 6.595276e-01 -5.638613e+00
         vertex 6.575009e-01 7.712473e-01 -5.627491e+00
      endloop
   endfacet
   facet normal 8.670963e-01 -2.099452e-01 4.517378e-01
      outer loop
         vertex 6.575009e-01 7.712473e-01 -5.627491e+00
         vertex 6.362455e-01 6.595276e-01 -5.638613e+00
         vertex 6.689897e-01 7.686904e-01 -5.650731e+00
      endloop
   endfacet
   facet normal 8.717748e-01 -1.894458e-01 4.517953e-01
      outer loop
         vertex 6.575009e-01 7.712473e-01 -5.627491e+00
         vertex 6.689897e-01 7.686904e-01 -5.650731e+00
         vertex 6.871838e-01 8.810569e-01 -5.638721e+00
      endloop
   endfacet
   facet normal 8.603252e-01 -1.898655e-01 4.730662e-01
      outer loop
         vertex 6.871838e-01 8.810569e-01 -5.638721e+00
         vertex 6.689897e-01 7.686904e-01 -5.650731e+00
         vertex 7.002169e-01 8.777831e-01 -5.663737e+00
      endloop
   endfacet
   facet normal 8.683291e-01 -1.516525e-01 4.722352e-01
      outer loop
         vertex 6.871838e-01 8.810569e-01 -5.638721e+00
         vertex 7.002169e-01 8.777831e-01 -5.663737e+00
         vertex 7.008842e-01 9.360353e-01 -5.646257e+00
      endloop
   endfacet
   facet normal 8.626651e-01 -1.544067e-01 4.816300e-01
      outer loop
         vertex 7.008842e-01 9.360353e-01 -5.646257e+00
         vertex 7.002169e-01 8.777831e-01 -5.663737e+00
         vertex 7.146472e-01 9.323962e-01 -5.672075e+00
      endloop
   endfacet
   facet normal 8.678359e-01 -1.265606e-01 4.804615e-01
      outer loop
         vertex 7.008842e-01 9.360353e-01 -5.646257e+00
         vertex 7.146472e-01 9.323962e-01 -5.672075e+00
         vertex 7.137221e-01 9.905593e-01 -5.655083e+00
      endloop
   endfacet
   facet normal 8.629522e-01 -1.289988e-01 4.885415e-01
      outer loop
         vertex 7.137221e-01 9.905593e-01 -5.655083e+00
         vertex 7.146472e-01 9.323962e-01 -5.672075e+00
         vertex 7.281759e-01 9.866038e-01 -5.681659e+00
      endloop
   endfacet
   facet normal 8.656754e-01 -1.131163e-01 4.876585e-01
      outer loop
         vertex 7.137221e-01 9.905593e-01 -5.655083e+00
         vertex 7.281759e-01 9.866038e-01 -5.681659e+00
         vertex 7.377316e-01 1.096526e+00 -5.673124e+00
      endloop
   endfacet
   facet normal 8.591794e-01 -1.134278e-01 4.989438e-01
      outer loop
         vertex 7.377316e-01 1.096526e+00 -5.673124e+00
         vertex 7.281759e-01 9.866038e-01 -5.681659e+00
         vertex 7.534202e-01 1.092230e+00 -5.701117e+00
      endloop
   endfacet
   facet normal 8.588191e-01 -1.155746e-01 4.990714e-01
      outer loop
         vertex 7.377316e-01 1.096526e+00 -5.673124e+00
         vertex 7.534202e-01 1.092230e+00 -5.701117e+00
         vertex 7.605324e-01 1.198575e+00 -5.688728e+00
      endloop
   endfacet
   facet normal 8.551775e-01 -1.160425e-01 5.051788e-01
      outer loop
         vertex 7.605324e-01 1.198575e+00 -5.688728e+00
         vertex 7.534202e-01 1.092230e+00 -5.701117e+00
         vertex 7.772554e-01 1.194355e+00 -5.718007e+00
      endloop
   endfacet
   facet normal 8.537156e-01 -1.246914e-01 5.055905e-01
      outer loop
         vertex 7.605324e-01 1.198575e+00 -5.688728e+00
         vertex 7.772554e-01 1.194355e+00 -5.718007e+00
         vertex 7.825067e-01 1.299019e+00 -5.701061e+00
      endloop
   endfacet
   facet normal 8.517105e-01 -1.251195e-01 5.088559e-01
      outer loop
         vertex 7.825067e-01 1.299019e+00 -5.701061e+00
         vertex 7.772554e-01 1.194355e+00 -5.718007e+00
         vertex 8.000874e-01 1.295134e+00 -5.731442e+00
      endloop
   endfacet
   facet normal 8.517388e-01 -1.249487e-01 5.088505e-01
      outer loop
         vertex 7.825067e-01 1.299019e+00 -5.701061e+00
         vertex 8.000874e-01 1.295134e+00 -5.731442e+00
         vertex 8.029886e-01 1.399673e+00 -5.710629e+00
      endloop
   endfacet
   facet normal 8.501271e-01 -1.254164e-01 5.114241e-01
      outer loop
         vertex 8.029886e-01 1.399673e+00 -5.710629e+00
         vertex 8.000874e-01 1.295134e+00 -5.731442e+00
         vertex 8.212682e-01 1.396166e+00 -5.741875e+00
      endloop
   endfacet
   facet normal 8.517386e-01 -1.149808e-01 5.111955e-01
      outer loop
         vertex 8.029886e-01 1.399673e+00 -5.710629e+00
         vertex 8.212682e-01 1.396166e+00 -5.741875e+00
         vertex 8.205230e-01 1.499261e+00 -5.717444e+00
      endloop
   endfacet
   facet normal 8.504298e-01 -1.154791e-01 5.132580e-01
      outer loop
         vertex 8.205230e-01 1.499261e+00 -5.717444e+00
         vertex 8.212682e-01 1.396166e+00 -5.741875e+00
         vertex 8.393184e-01 1.496078e+00 -5.749303e+00
      endloop
   endfacet
   facet normal 8.501213e-01 -1.175985e-01 5.132878e-01
      outer loop
         vertex 8.205230e-01 1.499261e+00 -5.717444e+00
         vertex 8.393184e-01 1.496078e+00 -5.749303e+00
         vertex 8.367273e-01 1.599630e+00 -5.721287e+00
      endloop
   endfacet
   facet normal 8.493709e-01 -1.179323e-01 5.144522e-01
      outer loop
         vertex 8.367273e-01 1.599630e+00 -5.721287e+00
         vertex 8.393184e-01 1.496078e+00 -5.749303e+00
         vertex 8.558657e-01 1.596872e+00 -5.753517e+00
      endloop
   endfacet
   facet normal 8.492075e-01 -1.190933e-01 5.144545e-01
      outer loop
         vertex 8.367273e-01 1.599630e+00 -5.721287e+00
         vertex 8.558657e-01 1.596872e+00 -5.753517e+00
         vertex 8.521429e-01 1.705365e+00 -5.722256e+00
      endloop
   endfacet
   facet normal 8.490342e-01 -1.191761e-01 5.147213e-01
      outer loop
         vertex 8.521429e-01 1.705365e+00 -5.722256e+00
         vertex 8.558657e-01 1.596872e+00 -5.753517e+00
         vertex 8.714701e-01 1.703324e+00 -5.754609e+00
      endloop
   endfacet
   facet normal 8.506811e-01 -1.060372e-01 5.148764e-01
      outer loop
         vertex 8.521429e-01 1.705365e+00 -5.722256e+00
         vertex 8.714701e-01 1.703324e+00 -5.754609e+00
         vertex 8.586805e-01 1.760872e+00 -5.721626e+00
      endloop
   endfacet
   facet normal 8.508542e-01 -1.058562e-01 5.146277e-01
      outer loop
         vertex 8.586805e-01 1.760872e+00 -5.721626e+00
         vertex 8.714701e-01 1.703324e+00 -5.754609e+00
         vertex 8.780356e-01 1.759329e+00 -5.753944e+00
      endloop
   endfacet
   facet normal 8.526042e-01 -8.923273e-02 5.148821e-01
      outer loop
         vertex 8.586805e-01 1.760872e+00 -5.721626e+00
         vertex 8.780356e-01 1.759329e+00 -5.753944e+00
         vertex 8.638157e-01 1.818077e+00 -5.720216e+00
      endloop
   endfacet
   facet normal 8.529433e-01 -8.886459e-02 5.143838e-01
      outer loop
         vertex 8.638157e-01 1.818077e+00 -5.720216e+00
         vertex 8.780356e-01 1.759329e+00 -5.753944e+00
         vertex 8.831463e-01 1.817119e+00 -5.752435e+00
      endloop
   endfacet
   facet normal 8.545975e-01 -6.839050e-02 5.147678e-01
      outer loop
         vertex 8.638157e-01 1.818077e+00 -5.720216e+00
         vertex 8.831463e-01 1.817119e+00 -5.752435e+00
         vertex 8.671695e-01 1.876679e+00 -5.717998e+00
      endloop
   endfacet
   facet normal 8.550770e-01 -6.784308e-02 5.140435e-01
      outer loop
         vertex 8.671695e-01 1.876679e+00 -5.717998e+00
         vertex 8.831463e-01 1.817119e+00 -5.752435e+00
         vertex 8.864171e-01 1.876377e+00 -5.750055e+00
      endloop
   endfacet
   facet normal 8.562201e-01 -4.635655e-02 5.145273e-01
      outer loop
         vertex 8.671695e-01 1.876679e+00 -5.717998e+00
         vertex 8.864171e-01 1.876377e+00 -5.750055e+00
         vertex 8.685599e-01 1.936174e+00 -5.714952e+00
      endloop
   endfacet
   facet normal 8.568204e-01 -4.562834e-02 5.135922e-01
      outer loop
         vertex 8.685599e-01 1.936174e+00 -5.714952e+00
         vertex 8.864171e-01 1.876377e+00 -5.750055e+00
         vertex 8.876615e-01 1.936565e+00 -5.746784e+00
      endloop
   endfacet
   facet normal 8.573007e-01 -2.695513e-02 5.141099e-01
      outer loop
         vertex 8.685599e-01 1.936174e+00 -5.714952e+00
         vertex 8.876615e-01 1.936565e+00 -5.746784e+00
         vertex 8.681084e-01 1.995849e+00 -5.711070e+00
      endloop
   endfacet
   facet normal 8.580460e-01 -2.598932e-02 5.129148e-01
      outer loop
         vertex 8.681084e-01 1.995849e+00 -5.711070e+00
         vertex 8.876615e-01 1.936565e+00 -5.746784e+00
         vertex 8.869981e-01 1.996926e+00 -5.742616e+00
      endloop
   endfacet
   facet normal 8.580694e-01 -1.331716e-02 5.133610e-01
      outer loop
         vertex 8.681084e-01 1.995849e+00 -5.711070e+00
         vertex 8.869981e-01 1.996926e+00 -5.742616e+00
         vertex 8.662208e-01 2.054952e+00 -5.706382e+00
      endloop
   endfacet
   facet normal 8.590194e-01 -1.200358e-02 5.118022e-01
      outer loop
         vertex 8.662208e-01 2.054952e+00 -5.706382e+00
         vertex 8.869981e-01 1.996926e+00 -5.742616e+00
         vertex 8.848340e-01 2.056659e+00 -5.737582e+00
      endloop
   endfacet
   facet normal 8.587570e-01 1.433870e-03 5.123810e-01
      outer loop
         vertex 8.662208e-01 2.054952e+00 -5.706382e+00
         vertex 8.848340e-01 2.056659e+00 -5.737582e+00
         vertex 8.629139e-01 2.113558e+00 -5.701003e+00
      endloop
   endfacet
   facet normal 8.598418e-01 3.027914e-03 5.105515e-01
      outer loop
         vertex 8.629139e-01 2.113558e+00 -5.701003e+00
         vertex 8.848340e-01 2.056659e+00 -5.737582e+00
         vertex 8.811880e-01 2.115878e+00 -5.731793e+00
      endloop
   endfacet
   facet normal 8.591866e-01 1.849875e-02 5.113279e-01
      outer loop
         vertex 8.629139e-01 2.113558e+00 -5.701003e+00
         vertex 8.811880e-01 2.115878e+00 -5.731793e+00
         vertex 8.580593e-01 2.171935e+00 -5.694958e+00
      endloop
   endfacet
   facet normal 8.603513e-01 2.031413e-02 5.092965e-01
      outer loop
         vertex 8.580593e-01 2.171935e+00 -5.694958e+00
         vertex 8.811880e-01 2.115878e+00 -5.731793e+00
         vertex 8.759340e-01 2.174873e+00 -5.725271e+00
      endloop
   endfacet
   facet normal 8.593308e-01 3.562113e-02 5.101782e-01
      outer loop
         vertex 8.580593e-01 2.171935e+00 -5.694958e+00
         vertex 8.759340e-01 2.174873e+00 -5.725271e+00
         vertex 8.516132e-01 2.230176e+00 -5.688167e+00
      endloop
   endfacet
   facet normal 8.605858e-01 3.769578e-02 5.079086e-01
      outer loop
         vertex 8.516132e-01 2.230176e+00 -5.688167e+00
         vertex 8.759340e-01 2.174873e+00 -5.725271e+00
         vertex 8.690302e-01 2.233721e+00 -5.717941e+00
      endloop
   endfacet
   facet normal 8.593237e-01 5.158390e-02 5.088240e-01
      outer loop
         vertex 8.516132e-01 2.230176e+00 -5.688167e+00
         vertex 8.690302e-01 2.233721e+00 -5.717941e+00
         vertex 8.435983e-01 2.288254e+00 -5.680519e+00
      endloop
   endfacet
   facet normal 8.607410e-01 5.407070e-02 5.061633e-01
      outer loop
         vertex 8.435983e-01 2.288254e+00 -5.680519e+00
         vertex 8.690302e-01 2.233721e+00 -5.717941e+00
         vertex 8.605018e-01 2.292352e+00 -5.709701e+00
      endloop
   endfacet
   facet normal 8.593656e-01 6.615801e-02 5.070640e-01
      outer loop
         vertex 8.435983e-01 2.288254e+00 -5.680519e+00
         vertex 8.605018e-01 2.292352e+00 -5.709701e+00
         vertex 8.340848e-01 2.346076e+00 -5.671939e+00
      endloop
   endfacet
   facet normal 8.610672e-01 6.932926e-02 5.037427e-01
      outer loop
         vertex 8.340848e-01 2.346076e+00 -5.671939e+00
         vertex 8.605018e-01 2.292352e+00 -5.709701e+00
         vertex 8.504221e-01 2.350614e+00 -5.700490e+00
      endloop
   endfacet
   facet normal 8.596235e-01 8.004209e-02 5.046194e-01
      outer loop
         vertex 8.340848e-01 2.346076e+00 -5.671939e+00
         vertex 8.504221e-01 2.350614e+00 -5.700490e+00
         vertex 8.231712e-01 2.403532e+00 -5.662462e+00
      endloop
   endfacet
   facet normal 8.617248e-01 8.419898e-02 5.003407e-01
      outer loop
         vertex 8.231712e-01 2.403532e+00 -5.662462e+00
         vertex 8.504221e-01 2.350614e+00 -5.700490e+00
         vertex 8.388935e-01 2.408343e+00 -5.690349e+00
      endloop
   endfacet
   facet normal 8.588225e-01 1.026398e-01 5.018853e-01
      outer loop
         vertex 8.231712e-01 2.403532e+00 -5.662462e+00
         vertex 8.388935e-01 2.408343e+00 -5.690349e+00
         vertex 7.975694e-01 2.517157e+00 -5.641889e+00
      endloop
   endfacet
   facet normal 8.652443e-01 1.108419e-01 4.889441e-01
      outer loop
         vertex 7.975694e-01 2.517157e+00 -5.641889e+00
         vertex 8.388935e-01 2.408343e+00 -5.690349e+00
         vertex 8.119349e-01 2.521881e+00 -5.668382e+00
      endloop
   endfacet
   facet normal 8.606041e-01 1.357036e-01 4.908616e-01
      outer loop
         vertex 7.975694e-01 2.517157e+00 -5.641889e+00
         vertex 8.119349e-01 2.521881e+00 -5.668382e+00
         vertex 7.830518e-01 2.573507e+00 -5.632015e+00
      endloop
   endfacet
   facet normal 8.642080e-01 1.438739e-01 4.821253e-01
      outer loop
         vertex 7.830518e-01 2.573507e+00 -5.632015e+00
         vertex 8.119349e-01 2.521881e+00 -5.668382e+00
         vertex 7.966891e-01 2.577905e+00 -5.657772e+00
      endloop
   endfacet
   facet normal 8.592155e-01 1.673093e-01 4.834835e-01
      outer loop
         vertex 7.830518e-01 2.573507e+00 -5.632015e+00
         vertex 7.966891e-01 2.577905e+00 -5.657772e+00
         vertex 7.674391e-01 2.629954e+00 -5.623803e+00
      endloop
   endfacet
   facet normal 8.630534e-01 1.760117e-01 4.734540e-01
      outer loop
         vertex 7.674391e-01 2.629954e+00 -5.623803e+00
         vertex 7.966891e-01 2.577905e+00 -5.657772e+00
         vertex 7.803263e-01 2.633948e+00 -5.648779e+00
      endloop
   endfacet
   facet normal 8.546064e-01 2.106437e-01 4.746336e-01
      outer loop
         vertex 7.674391e-01 2.629954e+00 -5.623803e+00
         vertex 7.803263e-01 2.633948e+00 -5.648779e+00
         vertex 7.331125e-01 2.742985e+00 -5.612159e+00
      endloop
   endfacet
   facet normal 8.638041e-01 2.221597e-01 4.522030e-01
      outer loop
         vertex 7.331125e-01 2.742985e+00 -5.612159e+00
         vertex 7.803263e-01 2.633948e+00 -5.648779e+00
         vertex 7.444453e-01 2.746209e+00 -5.635391e+00
      endloop
   endfacet
   facet normal 8.558447e-01 2.508941e-01 4.523074e-01
      outer loop
         vertex 7.331125e-01 2.742985e+00 -5.612159e+00
         vertex 7.444453e-01 2.746209e+00 -5.635391e+00
         vertex 6.952143e-01 2.854378e+00 -5.602238e+00
      endloop
   endfacet
   facet normal 8.654337e-01 2.632278e-01 4.263046e-01
      outer loop
         vertex 6.952143e-01 2.854378e+00 -5.602238e+00
         vertex 7.444453e-01 2.746209e+00 -5.635391e+00
         vertex 7.049171e-01 2.856862e+00 -5.623470e+00
      endloop
   endfacet
   facet normal 8.573360e-01 2.894454e-01 4.256716e-01
      outer loop
         vertex 6.952143e-01 2.854378e+00 -5.602238e+00
         vertex 7.049171e-01 2.856862e+00 -5.623470e+00
         vertex 6.542969e-01 2.964203e+00 -5.594505e+00
      endloop
   endfacet
   facet normal 8.674319e-01 3.024651e-01 3.950655e-01
      outer loop
         vertex 6.542969e-01 2.964203e+00 -5.594505e+00
         vertex 7.049171e-01 2.856862e+00 -5.623470e+00
         vertex 6.623183e-01 2.965978e+00 -5.613477e+00
      endloop
   endfacet
   facet normal 8.576145e-01 3.310384e-01 3.935873e-01
      outer loop
         vertex 6.542969e-01 2.964203e+00 -5.594505e+00
         vertex 6.623183e-01 2.965978e+00 -5.613477e+00
         vertex 6.109233e-01 3.073300e+00 -5.591755e+00
      endloop
   endfacet
   facet normal 8.682542e-01 3.433045e-01 3.581572e-01
      outer loop
         vertex 6.109233e-01 3.073300e+00 -5.591755e+00
         vertex 6.623183e-01 2.965978e+00 -5.613477e+00
         vertex 6.172477e-01 3.074445e+00 -5.608184e+00
      endloop
   endfacet
   facet normal 8.601014e-01 3.648547e-01 3.565202e-01
      outer loop
         vertex 6.109233e-01 3.073300e+00 -5.591755e+00
         vertex 6.172477e-01 3.074445e+00 -5.608184e+00
         vertex 5.658700e-01 3.180982e+00 -5.593264e+00
      endloop
   endfacet
   facet normal 8.709655e-01 3.756728e-01 3.166843e-01
      outer loop
         vertex 5.658700e-01 3.180982e+00 -5.593264e+00
         vertex 6.172477e-01 3.074445e+00 -5.608184e+00
         vertex 5.705005e-01 3.181668e+00 -5.606812e+00
      endloop
   endfacet
   facet normal 8.685956e-01 3.815458e-01 3.161717e-01
      outer loop
         vertex 5.658700e-01 3.180982e+00 -5.593264e+00
         vertex 5.705005e-01 3.181668e+00 -5.606812e+00
         vertex 5.199948e-01 3.285467e+00 -5.593323e+00
      endloop
   endfacet
   facet normal 8.804934e-01 3.942041e-01 2.633143e-01
      outer loop
         vertex 5.199948e-01 3.285467e+00 -5.593323e+00
         vertex 5.705005e-01 3.181668e+00 -5.606812e+00
         vertex 5.229023e-01 3.285917e+00 -5.603719e+00
      endloop
   endfacet
   facet normal 8.884739e-01 3.748898e-01 2.647106e-01
      outer loop
         vertex 5.199948e-01 3.285467e+00 -5.593323e+00
         vertex 5.229023e-01 3.285917e+00 -5.603719e+00
         vertex 4.979729e-01 3.338323e+00 -5.594265e+00
      endloop
   endfacet
   facet normal 8.939884e-01 3.834395e-01 2.318597e-01
      outer loop
         vertex 4.979729e-01 3.338323e+00 -5.594265e+00
         vertex 5.229023e-01 3.285917e+00 -5.603719e+00
         vertex 5.000519e-01 3.338667e+00 -5.602850e+00
      endloop
   endfacet
   facet normal 9.147779e-01 3.287794e-01 2.347032e-01
      outer loop
         vertex 4.979729e-01 3.338323e+00 -5.594265e+00
         vertex 5.000519e-01 3.338667e+00 -5.602850e+00
         vertex 4.791271e-01 3.391931e+00 -5.595908e+00
      endloop
   endfacet
   facet normal 9.177666e-01 3.321792e-01 2.176270e-01
      outer loop
         vertex 4.791271e-01 3.391931e+00 -5.595908e+00
         vertex 5.000519e-01 3.338667e+00 -5.602850e+00
         vertex 4.805306e-01 3.392170e+00 -5.602190e+00
      endloop
   endfacet
   facet normal 9.387660e-01 2.653565e-01 2.197823e-01
      outer loop
         vertex 4.791271e-01 3.391931e+00 -5.595908e+00
         vertex 4.805306e-01 3.392170e+00 -5.602190e+00
         vertex 4.716697e-01 3.418979e+00 -5.596710e+00
      endloop
   endfacet
   facet normal 9.374235e-01 2.632556e-01 2.278896e-01
      outer loop
         vertex 4.716697e-01 3.418979e+00 -5.596710e+00
         vertex 4.805306e-01 3.392170e+00 -5.602190e+00
         vertex 4.728318e-01 3.419171e+00 -5.601713e+00
      endloop
   endfacet
   facet normal 9.512697e-01 2.065925e-01 2.289224e-01
      outer loop
         vertex 4.716697e-01 3.418979e+00 -5.596710e+00
         vertex 4.728318e-01 3.419171e+00 -5.601713e+00
         vertex 4.658995e-01 3.446215e+00 -5.597312e+00
      endloop
   endfacet
   facet normal 9.450833e-01 2.002230e-01 2.583182e-01
      outer loop
         vertex 4.658995e-01 3.446215e+00 -5.597312e+00
         vertex 4.728318e-01 3.419171e+00 -5.601713e+00
         vertex 4.669025e-01 3.446373e+00 -5.601104e+00
      endloop
   endfacet
   facet normal 9.562291e-01 1.368748e-01 2.586331e-01
      outer loop
         vertex 4.658995e-01 3.446215e+00 -5.597312e+00
         vertex 4.669025e-01 3.446373e+00 -5.601104e+00
         vertex 4.620335e-01 3.473732e+00 -5.597582e+00
      endloop
   endfacet
   facet normal 9.413828e-01 1.273105e-01 3.123947e-01
      outer loop
         vertex 4.620335e-01 3.473732e+00 -5.597582e+00
         vertex 4.669025e-01 3.446373e+00 -5.601104e+00
         vertex 4.629690e-01 3.473868e+00 -5.600456e+00
      endloop
   endfacet
   facet normal 9.483531e-01 6.004778e-02 3.114815e-01
      outer loop
         vertex 4.620335e-01 3.473732e+00 -5.597582e+00
         vertex 4.629690e-01 3.473868e+00 -5.600456e+00
         vertex 4.602067e-01 3.501704e+00 -5.597412e+00
      endloop
   endfacet
   facet normal 9.348107e-01 5.438694e-02 3.509574e-01
      outer loop
         vertex 4.602067e-01 3.501704e+00 -5.597412e+00
         vertex 4.629690e-01 3.473868e+00 -5.600456e+00
         vertex 4.611705e-01 3.501836e+00 -5.600000e+00
      endloop
   endfacet
   facet normal 6.545814e-01 3.817431e-02 7.550271e-01
      outer loop
         vertex 4.602067e-01 3.501704e+00 -5.597412e+00
         vertex 4.574421e-01 3.501419e+00 -5.595001e+00
         vertex 4.620335e-01 3.473732e+00 -5.597582e+00
      endloop
   endfacet
   facet normal 7.026909e-01 5.037648e-02 7.097096e-01
      outer loop
         vertex 4.620335e-01 3.473732e+00 -5.597582e+00
         vertex 4.574421e-01 3.501419e+00 -5.595001e+00
         vertex 4.593479e-01 3.473451e+00 -5.594903e+00
      endloop
   endfacet
   facet normal 6.968178e-01 1.048394e-01 7.095447e-01
      outer loop
         vertex 4.620335e-01 3.473732e+00 -5.597582e+00
         vertex 4.593479e-01 3.473451e+00 -5.594903e+00
         vertex 4.658995e-01 3.446215e+00 -5.597312e+00
      endloop
   endfacet
   facet normal 7.631907e-01 1.275370e-01 6.334621e-01
      outer loop
         vertex 4.658995e-01 3.446215e+00 -5.597312e+00
         vertex 4.593479e-01 3.473451e+00 -5.594903e+00
         vertex 4.630198e-01 3.445897e+00 -5.593779e+00
      endloop
   endfacet
   facet normal 7.556151e-01 1.740409e-01 6.314709e-01
      outer loop
         vertex 4.658995e-01 3.446215e+00 -5.597312e+00
         vertex 4.630198e-01 3.445897e+00 -5.593779e+00
         vertex 4.716697e-01 3.418979e+00 -5.596710e+00
      endloop
   endfacet
   facet normal 7.907560e-01 1.907582e-01 5.816497e-01
      outer loop
         vertex 4.716697e-01 3.418979e+00 -5.596710e+00
         vertex 4.630198e-01 3.445897e+00 -5.593779e+00
         vertex 4.683324e-01 3.418597e+00 -5.592048e+00
      endloop
   endfacet
   facet normal 7.817066e-01 2.327030e-01 5.786053e-01
      outer loop
         vertex 4.716697e-01 3.418979e+00 -5.596710e+00
         vertex 4.683324e-01 3.418597e+00 -5.592048e+00
         vertex 4.791271e-01 3.391931e+00 -5.595908e+00
      endloop
   endfacet
   facet normal 7.908569e-01 2.385816e-01 5.635816e-01
      outer loop
         vertex 4.791271e-01 3.391931e+00 -5.595908e+00
         vertex 4.683324e-01 3.418597e+00 -5.592048e+00
         vertex 4.750949e-01 3.391468e+00 -5.590053e+00
      endloop
   endfacet
   facet normal 7.772017e-01 2.903308e-01 5.582701e-01
      outer loop
         vertex 4.791271e-01 3.391931e+00 -5.595908e+00
         vertex 4.750949e-01 3.391468e+00 -5.590053e+00
         vertex 4.979729e-01 3.338323e+00 -5.594265e+00
      endloop
   endfacet
   facet normal 7.579902e-01 2.796018e-01 5.892993e-01
      outer loop
         vertex 4.979729e-01 3.338323e+00 -5.594265e+00
         vertex 4.750949e-01 3.391468e+00 -5.590053e+00
         vertex 4.919967e-01 3.337662e+00 -5.586264e+00
      endloop
   endfacet
   facet normal 7.458158e-01 3.211340e-01 5.836367e-01
      outer loop
         vertex 4.979729e-01 3.338323e+00 -5.594265e+00
         vertex 4.919967e-01 3.337662e+00 -5.586264e+00
         vertex 5.199948e-01 3.285467e+00 -5.593323e+00
      endloop
   endfacet
   facet normal 7.101705e-01 2.944592e-01 6.394932e-01
      outer loop
         vertex 5.199948e-01 3.285467e+00 -5.593323e+00
         vertex 4.919967e-01 3.337662e+00 -5.586264e+00
         vertex 5.116418e-01 3.284574e+00 -5.583636e+00
      endloop
   endfacet
   facet normal 7.056553e-01 3.101883e-01 6.370509e-01
      outer loop
         vertex 5.199948e-01 3.285467e+00 -5.593323e+00
         vertex 5.116418e-01 3.284574e+00 -5.583636e+00
         vertex 5.658700e-01 3.180982e+00 -5.593264e+00
      endloop
   endfacet
   facet normal 6.472656e-01 2.726727e-01 7.118264e-01
      outer loop
         vertex 5.658700e-01 3.180982e+00 -5.593264e+00
         vertex 5.116418e-01 3.284574e+00 -5.583636e+00
         vertex 5.525884e-01 3.179549e+00 -5.580638e+00
      endloop
   endfacet
   facet normal 6.453934e-01 2.799849e-01 7.106869e-01
      outer loop
         vertex 5.658700e-01 3.180982e+00 -5.593264e+00
         vertex 5.525884e-01 3.179549e+00 -5.580638e+00
         vertex 6.109233e-01 3.073300e+00 -5.591755e+00
      endloop
   endfacet
   facet normal 6.065055e-01 2.541690e-01 7.533586e-01
      outer loop
         vertex 6.109233e-01 3.073300e+00 -5.591755e+00
         vertex 5.525884e-01 3.179549e+00 -5.580638e+00
         vertex 5.927390e-01 3.071314e+00 -5.576445e+00
      endloop
   endfacet
   facet normal 6.131122e-01 2.246593e-01 7.573781e-01
      outer loop
         vertex 6.109233e-01 3.073300e+00 -5.591755e+00
         vertex 5.927390e-01 3.071314e+00 -5.576445e+00
         vertex 6.542969e-01 2.964203e+00 -5.594505e+00
      endloop
   endfacet
   facet normal 5.811689e-01 2.010438e-01 7.885583e-01
      outer loop
         vertex 6.542969e-01 2.964203e+00 -5.594505e+00
         vertex 5.927390e-01 3.071314e+00 -5.576445e+00
         vertex 6.312031e-01 2.961625e+00 -5.576828e+00
      endloop
   endfacet
   facet normal 5.881045e-01 1.633365e-01 7.921201e-01
      outer loop
         vertex 6.542969e-01 2.964203e+00 -5.594505e+00
         vertex 6.312031e-01 2.961625e+00 -5.576828e+00
         vertex 6.952143e-01 2.854378e+00 -5.602238e+00
      endloop
   endfacet
   facet normal 5.615079e-01 1.419944e-01 8.151972e-01
      outer loop
         vertex 6.952143e-01 2.854378e+00 -5.602238e+00
         vertex 6.312031e-01 2.961625e+00 -5.576828e+00
         vertex 6.672911e-01 2.851217e+00 -5.582454e+00
      endloop
   endfacet
   facet normal 5.649343e-01 1.194917e-01 8.164380e-01
      outer loop
         vertex 6.952143e-01 2.854378e+00 -5.602238e+00
         vertex 6.672911e-01 2.851217e+00 -5.582454e+00
         vertex 7.331125e-01 2.742985e+00 -5.612159e+00
      endloop
   endfacet
   facet normal 5.427606e-01 1.012521e-01 8.337619e-01
      outer loop
         vertex 7.331125e-01 2.742985e+00 -5.612159e+00
         vertex 6.672911e-01 2.851217e+00 -5.582454e+00
         vertex 7.005389e-01 2.739330e+00 -5.590510e+00
      endloop
   endfacet
   facet normal 5.455281e-01 7.972863e-02 8.342916e-01
      outer loop
         vertex 7.331125e-01 2.742985e+00 -5.612159e+00
         vertex 7.005389e-01 2.739330e+00 -5.590510e+00
         vertex 7.674391e-01 2.629954e+00 -5.623803e+00
      endloop
   endfacet
   facet normal 5.266222e-01 6.408939e-02 8.476801e-01
      outer loop
         vertex 7.674391e-01 2.629954e+00 -5.623803e+00
         vertex 7.005389e-01 2.739330e+00 -5.590510e+00
         vertex 7.304691e-01 2.625894e+00 -5.600528e+00
      endloop
   endfacet
   facet normal 5.307671e-01 2.354834e-02 8.471905e-01
      outer loop
         vertex 7.674391e-01 2.629954e+00 -5.623803e+00
         vertex 7.304691e-01 2.625894e+00 -5.600528e+00
         vertex 7.830518e-01 2.573507e+00 -5.632015e+00
      endloop
   endfacet
   facet normal 5.225103e-01 1.204043e-02 8.525480e-01
      outer loop
         vertex 7.830518e-01 2.573507e+00 -5.632015e+00
         vertex 7.304691e-01 2.625894e+00 -5.600528e+00
         vertex 7.439882e-01 2.569242e+00 -5.608013e+00
      endloop
   endfacet
   facet normal 5.245624e-01 -1.402350e-02 8.512565e-01
      outer loop
         vertex 7.830518e-01 2.573507e+00 -5.632015e+00
         vertex 7.439882e-01 2.569242e+00 -5.608013e+00
         vertex 7.975694e-01 2.517157e+00 -5.641889e+00
      endloop
   endfacet
   facet normal 5.169184e-01 -2.476178e-02 8.556765e-01
      outer loop
         vertex 7.975694e-01 2.517157e+00 -5.641889e+00
         vertex 7.439882e-01 2.569242e+00 -5.608013e+00
         vertex 7.564932e-01 2.512775e+00 -5.617202e+00
      endloop
   endfacet
   facet normal 5.177452e-01 -3.808837e-02 8.546866e-01
      outer loop
         vertex 7.975694e-01 2.517157e+00 -5.641889e+00
         vertex 7.564932e-01 2.512775e+00 -5.617202e+00
         vertex 8.231712e-01 2.403532e+00 -5.662462e+00
      endloop
   endfacet
   facet normal 5.044498e-01 -4.924809e-02 8.620354e-01
      outer loop
         vertex 8.231712e-01 2.403532e+00 -5.662462e+00
         vertex 7.564932e-01 2.512775e+00 -5.617202e+00
         vertex 7.783753e-01 2.399555e+00 -5.636475e+00
      endloop
   endfacet
   facet normal 5.043310e-01 -4.643745e-02 8.622609e-01
      outer loop
         vertex 8.231712e-01 2.403532e+00 -5.662462e+00
         vertex 7.783753e-01 2.399555e+00 -5.636475e+00
         vertex 8.340848e-01 2.346076e+00 -5.671939e+00
      endloop
   endfacet
   facet normal 4.990298e-01 -5.372178e-02 8.649180e-01
      outer loop
         vertex 8.340848e-01 2.346076e+00 -5.671939e+00
         vertex 7.783753e-01 2.399555e+00 -5.636475e+00
         vertex 7.876049e-01 2.342650e+00 -5.645335e+00
      endloop
   endfacet
   facet normal 4.988047e-01 -4.634573e-02 8.654744e-01
      outer loop
         vertex 8.340848e-01 2.346076e+00 -5.671939e+00
         vertex 7.876049e-01 2.342650e+00 -5.645335e+00
         vertex 8.435983e-01 2.288254e+00 -5.680519e+00
      endloop
   endfacet
   facet normal 4.942122e-01 -5.254611e-02 8.677518e-01
      outer loop
         vertex 8.435983e-01 2.288254e+00 -5.680519e+00
         vertex 7.876049e-01 2.342650e+00 -5.645335e+00
         vertex 7.955638e-01 2.285562e+00 -5.653325e+00
      endloop
   endfacet
   facet normal 4.940966e-01 -4.614013e-02 8.681818e-01
      outer loop
         vertex 8.435983e-01 2.288254e+00 -5.680519e+00
         vertex 7.955638e-01 2.285562e+00 -5.653325e+00
         vertex 8.516132e-01 2.230176e+00 -5.688167e+00
      endloop
   endfacet
   facet normal 4.901019e-01 -5.141910e-02 8.701472e-01
      outer loop
         vertex 8.516132e-01 2.230176e+00 -5.688167e+00
         vertex 7.955638e-01 2.285562e+00 -5.653325e+00
         vertex 8.021602e-01 2.228333e+00 -5.660422e+00
      endloop
   endfacet
   facet normal 4.900846e-01 -4.725025e-02 8.703933e-01
      outer loop
         vertex 8.516132e-01 2.230176e+00 -5.688167e+00
         vertex 8.021602e-01 2.228333e+00 -5.660422e+00
         vertex 8.580593e-01 2.171935e+00 -5.694958e+00
      endloop
   endfacet
   facet normal 4.865683e-01 -5.178448e-02 8.721064e-01
      outer loop
         vertex 8.580593e-01 2.171935e+00 -5.694958e+00
         vertex 8.021602e-01 2.228333e+00 -5.660422e+00
         vertex 8.073305e-01 2.170996e+00 -5.666711e+00
      endloop
   endfacet
   facet normal 4.865888e-01 -4.985698e-02 8.722073e-01
      outer loop
         vertex 8.580593e-01 2.171935e+00 -5.694958e+00
         vertex 8.073305e-01 2.170996e+00 -5.666711e+00
         vertex 8.629139e-01 2.113558e+00 -5.701003e+00
      endloop
   endfacet
   facet normal 4.834547e-01 -5.379023e-02 8.737152e-01
      outer loop
         vertex 8.629139e-01 2.113558e+00 -5.701003e+00
         vertex 8.073305e-01 2.170996e+00 -5.666711e+00
         vertex 8.110583e-01 2.113532e+00 -5.672311e+00
      endloop
   endfacet
   facet normal 4.834772e-01 -5.290510e-02 8.737567e-01
      outer loop
         vertex 8.629139e-01 2.113558e+00 -5.701003e+00
         vertex 8.110583e-01 2.113532e+00 -5.672311e+00
         vertex 8.662208e-01 2.054952e+00 -5.706382e+00
      endloop
   endfacet
   facet normal 4.806759e-01 -5.631725e-02 8.750880e-01
      outer loop
         vertex 8.662208e-01 2.054952e+00 -5.706382e+00
         vertex 8.110583e-01 2.113532e+00 -5.672311e+00
         vertex 8.133947e-01 2.055841e+00 -5.677307e+00
      endloop
   endfacet
   facet normal 4.807649e-01 -5.406892e-02 8.751809e-01
      outer loop
         vertex 8.662208e-01 2.054952e+00 -5.706382e+00
         vertex 8.133947e-01 2.055841e+00 -5.677307e+00
         vertex 8.681084e-01 1.995849e+00 -5.711070e+00
      endloop
   endfacet
   facet normal 4.783502e-01 -5.691385e-02 8.763229e-01
      outer loop
         vertex 8.681084e-01 1.995849e+00 -5.711070e+00
         vertex 8.133947e-01 2.055841e+00 -5.677307e+00
         vertex 8.144767e-01 1.997710e+00 -5.681674e+00
      endloop
   endfacet
   facet normal 4.785379e-01 -5.338978e-02 8.764423e-01
      outer loop
         vertex 8.681084e-01 1.995849e+00 -5.711070e+00
         vertex 8.144767e-01 1.997710e+00 -5.681674e+00
         vertex 8.685599e-01 1.936174e+00 -5.714952e+00
      endloop
   endfacet
   facet normal 4.765734e-01 -5.561992e-02 8.773735e-01
      outer loop
         vertex 8.685599e-01 1.936174e+00 -5.714952e+00
         vertex 8.144767e-01 1.997710e+00 -5.681674e+00
         vertex 8.142935e-01 1.939102e+00 -5.685289e+00
      endloop
   endfacet
   facet normal 4.765432e-01 -5.606153e-02 8.773618e-01
      outer loop
         vertex 8.685599e-01 1.936174e+00 -5.714952e+00
         vertex 8.142935e-01 1.939102e+00 -5.685289e+00
         vertex 8.671695e-01 1.876679e+00 -5.717998e+00
      endloop
   endfacet
   facet normal 4.750117e-01 -5.773681e-02 8.780833e-01
      outer loop
         vertex 8.671695e-01 1.876679e+00 -5.717998e+00
         vertex 8.142935e-01 1.939102e+00 -5.685289e+00
         vertex 8.124334e-01 1.880663e+00 -5.688126e+00
      endloop
   endfacet
   facet normal 4.747864e-01 -6.040265e-02 8.780259e-01
      outer loop
         vertex 8.671695e-01 1.876679e+00 -5.717998e+00
         vertex 8.124334e-01 1.880663e+00 -5.688126e+00
         vertex 8.638157e-01 1.818077e+00 -5.720216e+00
      endloop
   endfacet
   facet normal 4.736550e-01 -6.160205e-02 8.785535e-01
      outer loop
         vertex 8.638157e-01 1.818077e+00 -5.720216e+00
         vertex 8.124334e-01 1.880663e+00 -5.688126e+00
         vertex 8.087669e-01 1.822997e+00 -5.690192e+00
      endloop
   endfacet
   facet normal 4.734013e-01 -6.415797e-02 8.785072e-01
      outer loop
         vertex 8.638157e-01 1.818077e+00 -5.720216e+00
         vertex 8.087669e-01 1.822997e+00 -5.690192e+00
         vertex 8.586805e-01 1.760872e+00 -5.721626e+00
      endloop
   endfacet
   facet normal 4.726956e-01 -6.489001e-02 8.788334e-01
      outer loop
         vertex 8.586805e-01 1.760872e+00 -5.721626e+00
         vertex 8.087669e-01 1.822997e+00 -5.690192e+00
         vertex 8.034669e-01 1.766535e+00 -5.691511e+00
      endloop
   endfacet
   facet normal 4.726127e-01 -6.563935e-02 8.788223e-01
      outer loop
         vertex 8.586805e-01 1.760872e+00 -5.721626e+00
         vertex 8.034669e-01 1.766535e+00 -5.691511e+00
         vertex 8.521429e-01 1.705365e+00 -5.722256e+00
      endloop
   endfacet
   facet normal 4.723446e-01 -6.591475e-02 8.789459e-01
      outer loop
         vertex 8.521429e-01 1.705365e+00 -5.722256e+00
         vertex 8.034669e-01 1.766535e+00 -5.691511e+00
         vertex 7.969048e-01 1.711532e+00 -5.692109e+00
      endloop
   endfacet
   facet normal 4.729311e-01 -6.089141e-02 8.789928e-01
      outer loop
         vertex 8.521429e-01 1.705365e+00 -5.722256e+00
         vertex 7.969048e-01 1.711532e+00 -5.692109e+00
         vertex 8.367273e-01 1.599630e+00 -5.721287e+00
      endloop
   endfacet
   facet normal 4.736811e-01 -6.052578e-02 8.786142e-01
      outer loop
         vertex 8.367273e-01 1.599630e+00 -5.721287e+00
         vertex 7.969048e-01 1.711532e+00 -5.692109e+00
         vertex 7.818389e-01 1.606056e+00 -5.691253e+00
      endloop
   endfacet
   facet normal 4.756827e-01 -4.316204e-02 8.785574e-01
      outer loop
         vertex 8.367273e-01 1.599630e+00 -5.721287e+00
         vertex 7.818389e-01 1.606056e+00 -5.691253e+00
         vertex 8.205230e-01 1.499261e+00 -5.717444e+00
      endloop
   endfacet
   facet normal 4.777065e-01 -4.217127e-02 8.775067e-01
      outer loop
         vertex 8.205230e-01 1.499261e+00 -5.717444e+00
         vertex 7.818389e-01 1.606056e+00 -5.691253e+00
         vertex 7.665113e-01 1.505168e+00 -5.687757e+00
      endloop
   endfacet
   facet normal 4.794877e-01 -2.439016e-02 8.772096e-01
      outer loop
         vertex 8.205230e-01 1.499261e+00 -5.717444e+00
         vertex 7.665113e-01 1.505168e+00 -5.687757e+00
         vertex 8.029886e-01 1.399673e+00 -5.710629e+00
      endloop
   endfacet
   facet normal 4.827709e-01 -2.287300e-02 8.754479e-01
      outer loop
         vertex 8.029886e-01 1.399673e+00 -5.710629e+00
         vertex 7.665113e-01 1.505168e+00 -5.687757e+00
         vertex 7.504380e-01 1.404901e+00 -5.681513e+00
      endloop
   endfacet
   facet normal 4.834285e-01 -1.517263e-02 8.752523e-01
      outer loop
         vertex 8.029886e-01 1.399673e+00 -5.710629e+00
         vertex 7.504380e-01 1.404901e+00 -5.681513e+00
         vertex 7.825067e-01 1.299019e+00 -5.701061e+00
      endloop
   endfacet
   facet normal 4.881131e-01 -1.327879e-02 8.726794e-01
      outer loop
         vertex 7.825067e-01 1.299019e+00 -5.701061e+00
         vertex 7.504380e-01 1.404901e+00 -5.681513e+00
         vertex 7.320186e-01 1.303748e+00 -5.672750e+00
      endloop
   endfacet
   facet normal 4.891090e-01 8.899963e-05 8.722227e-01
      outer loop
         vertex 7.825067e-01 1.299019e+00 -5.701061e+00
         vertex 7.320186e-01 1.303748e+00 -5.672750e+00
         vertex 7.605324e-01 1.198575e+00 -5.688728e+00
      endloop
   endfacet
   facet normal 4.951533e-01 2.247278e-03 8.688027e-01
      outer loop
         vertex 7.605324e-01 1.198575e+00 -5.688728e+00
         vertex 7.320186e-01 1.303748e+00 -5.672750e+00
         vertex 7.126428e-01 1.202789e+00 -5.661446e+00
      endloop
   endfacet
   facet normal 4.963353e-01 2.180404e-02 8.678570e-01
      outer loop
         vertex 7.605324e-01 1.198575e+00 -5.688728e+00
         vertex 7.126428e-01 1.202789e+00 -5.661446e+00
         vertex 7.377316e-01 1.096526e+00 -5.673124e+00
      endloop
   endfacet
   facet normal 5.047076e-01 2.432031e-02 8.629477e-01
      outer loop
         vertex 7.377316e-01 1.096526e+00 -5.673124e+00
         vertex 7.126428e-01 1.202789e+00 -5.661446e+00
         vertex 6.929567e-01 1.100173e+00 -5.647040e+00
      endloop
   endfacet
   facet normal 5.050829e-01 3.239710e-02 8.624626e-01
      outer loop
         vertex 7.377316e-01 1.096526e+00 -5.673124e+00
         vertex 6.929567e-01 1.100173e+00 -5.647040e+00
         vertex 7.137221e-01 9.905593e-01 -5.655083e+00
      endloop
   endfacet
   facet normal 5.171530e-01 3.521896e-02 8.551681e-01
      outer loop
         vertex 7.137221e-01 9.905593e-01 -5.655083e+00
         vertex 6.929567e-01 1.100173e+00 -5.647040e+00
         vertex 6.725632e-01 9.936322e-01 -5.630319e+00
      endloop
   endfacet
   facet normal 5.164009e-01 1.700591e-02 8.561781e-01
      outer loop
         vertex 7.137221e-01 9.905593e-01 -5.655083e+00
         vertex 6.725632e-01 9.936322e-01 -5.630319e+00
         vertex 7.008842e-01 9.360353e-01 -5.646257e+00
      endloop
   endfacet
   facet normal 5.242924e-01 2.225059e-02 8.512475e-01
      outer loop
         vertex 7.008842e-01 9.360353e-01 -5.646257e+00
         vertex 6.725632e-01 9.936322e-01 -5.630319e+00
         vertex 6.617045e-01 9.388204e-01 -5.622199e+00
      endloop
   endfacet
   facet normal 5.225376e-01 -1.335525e-02 8.525116e-01
      outer loop
         vertex 7.008842e-01 9.360353e-01 -5.646257e+00
         vertex 6.617045e-01 9.388204e-01 -5.622199e+00
         vertex 6.871838e-01 8.810569e-01 -5.638721e+00
      endloop
   endfacet
   facet normal 5.315907e-01 -7.775663e-03 8.469657e-01
      outer loop
         vertex 6.871838e-01 8.810569e-01 -5.638721e+00
         vertex 6.617045e-01 9.388204e-01 -5.622199e+00
         vertex 6.500779e-01 8.835358e-01 -5.615409e+00
      endloop
   endfacet
   facet normal 5.284430e-01 -5.621016e-02 8.471059e-01
      outer loop
         vertex 6.871838e-01 8.810569e-01 -5.638721e+00
         vertex 6.500779e-01 8.835358e-01 -5.615409e+00
         vertex 6.575009e-01 7.712473e-01 -5.627491e+00
      endloop
   endfacet
   facet normal 5.489753e-01 -5.345644e-02 8.341274e-01
      outer loop
         vertex 6.575009e-01 7.712473e-01 -5.627491e+00
         vertex 6.500779e-01 8.835358e-01 -5.615409e+00
         vertex 6.247745e-01 7.730870e-01 -5.605834e+00
      endloop
   endfacet
   facet normal 5.470917e-01 -7.836128e-02 8.333967e-01
      outer loop
         vertex 6.575009e-01 7.712473e-01 -5.627491e+00
         vertex 6.247745e-01 7.730870e-01 -5.605834e+00
         vertex 6.263907e-01 6.614459e-01 -5.617392e+00
      endloop
   endfacet
   facet normal 5.717264e-01 -7.629563e-02 8.168892e-01
      outer loop
         vertex 6.263907e-01 6.614459e-01 -5.617392e+00
         vertex 6.247745e-01 7.730870e-01 -5.605834e+00
         vertex 5.983100e-01 6.627471e-01 -5.597617e+00
      endloop
   endfacet
   facet normal 5.695700e-01 -1.023713e-01 8.155429e-01
      outer loop
         vertex 6.263907e-01 6.614459e-01 -5.617392e+00
         vertex 5.983100e-01 6.627471e-01 -5.597617e+00
         vertex 5.942787e-01 5.515782e-01 -5.608757e+00
      endloop
   endfacet
   facet normal 5.995306e-01 -1.012908e-01 7.939164e-01
      outer loop
         vertex 5.942787e-01 5.515782e-01 -5.608757e+00
         vertex 5.983100e-01 6.627471e-01 -5.597617e+00
         vertex 5.710368e-01 5.524358e-01 -5.591096e+00
      endloop
   endfacet
   facet normal 5.951801e-01 -1.453830e-01 7.903319e-01
      outer loop
         vertex 5.942787e-01 5.515782e-01 -5.608757e+00
         vertex 5.710368e-01 5.524358e-01 -5.591096e+00
         vertex 5.610688e-01 4.417354e-01 -5.603953e+00
      endloop
   endfacet
   facet normal 6.322653e-01 -1.453159e-01 7.610019e-01
      outer loop
         vertex 5.610688e-01 4.417354e-01 -5.603953e+00
         vertex 5.710368e-01 5.524358e-01 -5.591096e+00
         vertex 5.427673e-01 4.421927e-01 -5.588660e+00
      endloop
   endfacet
   facet normal 6.290211e-01 -1.727946e-01 7.579410e-01
      outer loop
         vertex 5.610688e-01 4.417354e-01 -5.603953e+00
         vertex 5.427673e-01 4.421927e-01 -5.588660e+00
         vertex 4.953219e-01 2.220150e-01 -5.599481e+00
      endloop
   endfacet
   facet normal 7.384734e-01 -1.909128e-01 6.466910e-01
      outer loop
         vertex 4.953219e-01 2.220150e-01 -5.599481e+00
         vertex 5.427673e-01 4.421927e-01 -5.588660e+00
         vertex 4.869094e-01 2.222552e-01 -5.589803e+00
      endloop
   endfacet
   facet normal 7.357334e-01 -2.074445e-01 6.447194e-01
      outer loop
         vertex 4.953219e-01 2.220150e-01 -5.599481e+00
         vertex 4.869094e-01 2.222552e-01 -5.589803e+00
         vertex 4.793280e-01 1.671149e-01 -5.598893e+00
      endloop
   endfacet
   facet normal 7.791730e-01 -2.047936e-01 5.924095e-01
      outer loop
         vertex 4.793280e-01 1.671149e-01 -5.598893e+00
         vertex 4.869094e-01 2.222552e-01 -5.589803e+00
         vertex 4.733079e-01 1.673351e-01 -5.590899e+00
      endloop
   endfacet
   facet normal 7.826316e-01 -1.846760e-01 5.944599e-01
      outer loop
         vertex 4.793280e-01 1.671149e-01 -5.598893e+00
         vertex 4.733079e-01 1.673351e-01 -5.590899e+00
         vertex 4.663983e-01 1.120046e-01 -5.598992e+00
      endloop
   endfacet
   facet normal 8.054469e-01 -1.830263e-01 5.636990e-01
      outer loop
         vertex 4.663983e-01 1.120046e-01 -5.598992e+00
         vertex 4.733079e-01 1.673351e-01 -5.590899e+00
         vertex 4.623381e-01 1.121559e-01 -5.593141e+00
      endloop
   endfacet
   facet normal 8.132064e-01 -1.282538e-01 5.676674e-01
      outer loop
         vertex 4.663983e-01 1.120046e-01 -5.598992e+00
         vertex 4.623381e-01 1.121559e-01 -5.593141e+00
         vertex 4.620544e-01 8.430525e-02 -5.599027e+00
      endloop
   endfacet
   facet normal 8.024964e-01 -1.311858e-01 5.820566e-01
      outer loop
         vertex 4.620544e-01 8.430525e-02 -5.599027e+00
         vertex 4.623381e-01 1.121559e-01 -5.593141e+00
         vertex 4.586944e-01 8.441794e-02 -5.594369e+00
      endloop
   endfacet
   facet normal 8.082159e-01 -7.006314e-02 5.847036e-01
      outer loop
         vertex 4.620544e-01 8.430525e-02 -5.599027e+00
         vertex 4.586944e-01 8.441794e-02 -5.594369e+00
         vertex 4.595275e-01 5.650024e-02 -5.598866e+00
      endloop
   endfacet
   facet normal 7.693244e-01 -7.915392e-02 6.339358e-01
      outer loop
         vertex 4.595275e-01 5.650024e-02 -5.598866e+00
         vertex 4.586944e-01 8.441794e-02 -5.594369e+00
         vertex 4.566279e-01 5.657925e-02 -5.595337e+00
      endloop
   endfacet
   facet normal 7.725598e-01 -4.608579e-03 6.349253e-01
      outer loop
         vertex 4.595275e-01 5.650024e-02 -5.598866e+00
         vertex 4.566279e-01 5.657925e-02 -5.595337e+00
         vertex 4.589528e-01 2.861071e-02 -5.598369e+00
      endloop
   endfacet
   facet normal 7.028735e-01 -1.865584e-02 7.110702e-01
      outer loop
         vertex 4.589528e-01 2.861071e-02 -5.598369e+00
         vertex 4.566279e-01 5.657925e-02 -5.595337e+00
         vertex 4.562487e-01 2.866397e-02 -5.595695e+00
      endloop
   endfacet
   facet normal 7.025960e-01 5.731895e-02 7.092766e-01
      outer loop
         vertex 4.589528e-01 2.861071e-02 -5.598369e+00
         vertex 4.562487e-01 2.866397e-02 -5.595695e+00
         vertex 4.602670e-01 6.890583e-04 -5.597414e+00
      endloop
   endfacet
   facet normal 6.543257e-01 4.759233e-02 7.547138e-01
      outer loop
         vertex 4.602670e-01 6.890583e-04 -5.597414e+00
         vertex 4.562487e-01 2.866397e-02 -5.595695e+00
         vertex 4.574861e-01 7.232908e-04 -5.595006e+00
      endloop
   endfacet
   facet normal 4.418830e-01 3.326039e-02 8.964559e-01
      outer loop
         vertex 4.574421e-01 3.501419e+00 -5.595001e+00
         vertex 4.532712e-01 3.501019e+00 -5.592930e+00
         vertex 4.593479e-01 3.473451e+00 -5.594903e+00
      endloop
   endfacet
   facet normal 4.897536e-01 4.565796e-02 8.706645e-01
      outer loop
         vertex 4.593479e-01 3.473451e+00 -5.594903e+00
         vertex 4.532712e-01 3.501019e+00 -5.592930e+00
         vertex 4.552957e-01 3.473060e+00 -5.592603e+00
      endloop
   endfacet
   facet normal 4.838284e-01 9.993178e-02 8.694388e-01
      outer loop
         vertex 4.593479e-01 3.473451e+00 -5.594903e+00
         vertex 4.552957e-01 3.473060e+00 -5.592603e+00
         vertex 4.630198e-01 3.445897e+00 -5.593779e+00
      endloop
   endfacet
   facet normal 5.597077e-01 1.236753e-01 8.194094e-01
      outer loop
         vertex 4.630198e-01 3.445897e+00 -5.593779e+00
         vertex 4.552957e-01 3.473060e+00 -5.592603e+00
         vertex 4.586744e-01 3.445460e+00 -5.590745e+00
      endloop
   endfacet
   facet normal 5.543023e-01 1.596567e-01 8.168590e-01
      outer loop
         vertex 4.630198e-01 3.445897e+00 -5.593779e+00
         vertex 4.586744e-01 3.445460e+00 -5.590745e+00
         vertex 4.683324e-01 3.418597e+00 -5.592048e+00
      endloop
   endfacet
   facet normal 6.552598e-01 2.002476e-01 7.283786e-01
      outer loop
         vertex 4.683324e-01 3.418597e+00 -5.592048e+00
         vertex 4.586744e-01 3.445460e+00 -5.590745e+00
         vertex 4.690096e-01 3.390839e+00 -5.585026e+00
      endloop
   endfacet
   facet normal 6.100401e-01 2.082837e-01 7.645057e-01
      outer loop
         vertex 4.683324e-01 3.418597e+00 -5.592048e+00
         vertex 4.690096e-01 3.390839e+00 -5.585026e+00
         vertex 4.750949e-01 3.391468e+00 -5.590053e+00
      endloop
   endfacet
   facet normal 6.027786e-01 2.428703e-01 7.600474e-01
      outer loop
         vertex 4.750949e-01 3.391468e+00 -5.590053e+00
         vertex 4.690096e-01 3.390839e+00 -5.585026e+00
         vertex 4.919967e-01 3.337662e+00 -5.586264e+00
      endloop
   endfacet
   facet normal 5.750623e-01 2.303077e-01 7.850234e-01
      outer loop
         vertex 4.919967e-01 3.337662e+00 -5.586264e+00
         vertex 4.690096e-01 3.390839e+00 -5.585026e+00
         vertex 4.829765e-01 3.336767e+00 -5.579394e+00
      endloop
   endfacet
   facet normal 5.708611e-01 2.499681e-01 7.820700e-01
      outer loop
         vertex 4.919967e-01 3.337662e+00 -5.586264e+00
         vertex 4.829765e-01 3.336767e+00 -5.579394e+00
         vertex 5.116418e-01 3.284574e+00 -5.583636e+00
      endloop
   endfacet
   facet normal 5.223295e-01 2.199143e-01 8.238990e-01
      outer loop
         vertex 5.116418e-01 3.284574e+00 -5.583636e+00
         vertex 4.829765e-01 3.336767e+00 -5.579394e+00
         vertex 4.990356e-01 3.283350e+00 -5.575317e+00
      endloop
   endfacet
   facet normal 5.210235e-01 2.266246e-01 8.229069e-01
      outer loop
         vertex 5.116418e-01 3.284574e+00 -5.583636e+00
         vertex 4.990356e-01 3.283350e+00 -5.575317e+00
         vertex 5.525884e-01 3.179549e+00 -5.580638e+00
      endloop
   endfacet
   facet normal 4.526942e-01 1.888851e-01 8.714301e-01
      outer loop
         vertex 5.525884e-01 3.179549e+00 -5.580638e+00
         vertex 4.990356e-01 3.283350e+00 -5.575317e+00
         vertex 5.325509e-01 3.177554e+00 -5.569796e+00
      endloop
   endfacet
   facet normal 4.506315e-01 2.008572e-01 8.698204e-01
      outer loop
         vertex 5.525884e-01 3.179549e+00 -5.580638e+00
         vertex 5.325509e-01 3.177554e+00 -5.569796e+00
         vertex 5.927390e-01 3.071314e+00 -5.576445e+00
      endloop
   endfacet
   facet normal 4.114912e-01 1.771680e-01 8.940282e-01
      outer loop
         vertex 5.927390e-01 3.071314e+00 -5.576445e+00
         vertex 5.325509e-01 3.177554e+00 -5.569796e+00
         vertex 5.652911e-01 3.068724e+00 -5.563299e+00
      endloop
   endfacet
   facet normal 4.165347e-01 1.429311e-01 8.978138e-01
      outer loop
         vertex 5.927390e-01 3.071314e+00 -5.576445e+00
         vertex 5.652911e-01 3.068724e+00 -5.563299e+00
         vertex 6.312031e-01 2.961625e+00 -5.576828e+00
      endloop
   endfacet
   facet normal 4.234489e-01 1.476934e-01 8.937996e-01
      outer loop
         vertex 5.652911e-01 3.068724e+00 -5.563299e+00
         vertex 5.810680e-01 3.013693e+00 -5.561680e+00
         vertex 6.312031e-01 2.961625e+00 -5.576828e+00
      endloop
   endfacet
   facet normal 3.887369e-01 1.081059e-01 9.149846e-01
      outer loop
         vertex 6.312031e-01 2.961625e+00 -5.576828e+00
         vertex 5.810680e-01 3.013693e+00 -5.561680e+00
         vertex 5.963349e-01 2.958522e+00 -5.561647e+00
      endloop
   endfacet
   facet normal 3.917616e-01 8.135078e-02 9.164632e-01
      outer loop
         vertex 6.312031e-01 2.961625e+00 -5.576828e+00
         vertex 5.963349e-01 2.958522e+00 -5.561647e+00
         vertex 6.672911e-01 2.851217e+00 -5.582454e+00
      endloop
   endfacet
   facet normal 3.684406e-01 6.379735e-02 9.274597e-01
      outer loop
         vertex 6.672911e-01 2.851217e+00 -5.582454e+00
         vertex 5.963349e-01 2.958522e+00 -5.561647e+00
         vertex 6.251349e-01 2.847688e+00 -5.565464e+00
      endloop
   endfacet
   facet normal 3.703355e-01 4.323808e-02 9.278912e-01
      outer loop
         vertex 6.672911e-01 2.851217e+00 -5.582454e+00
         vertex 6.251349e-01 2.847688e+00 -5.565464e+00
         vertex 7.005389e-01 2.739330e+00 -5.590510e+00
      endloop
   endfacet
   facet normal 3.516348e-01 2.841849e-02 9.357058e-01
      outer loop
         vertex 7.005389e-01 2.739330e+00 -5.590510e+00
         vertex 6.251349e-01 2.847688e+00 -5.565464e+00
         vertex 6.513748e-01 2.735562e+00 -5.571920e+00
      endloop
   endfacet
   facet normal 3.529597e-01 1.050577e-02 9.355796e-01
      outer loop
         vertex 7.005389e-01 2.739330e+00 -5.590510e+00
         vertex 6.513748e-01 2.735562e+00 -5.571920e+00
         vertex 7.304691e-01 2.625894e+00 -5.600528e+00
      endloop
   endfacet
   facet normal 3.374558e-01 -2.178162e-03 9.413389e-01
      outer loop
         vertex 7.304691e-01 2.625894e+00 -5.600528e+00
         vertex 6.513748e-01 2.735562e+00 -5.571920e+00
         vertex 6.746914e-01 2.622080e+00 -5.580541e+00
      endloop
   endfacet
   facet normal 3.396213e-01 -4.310272e-02 9.395741e-01
      outer loop
         vertex 7.304691e-01 2.625894e+00 -5.600528e+00
         vertex 6.746914e-01 2.622080e+00 -5.580541e+00
         vertex 7.439882e-01 2.569242e+00 -5.608013e+00
      endloop
   endfacet
   facet normal 3.327978e-01 -5.305538e-02 9.415045e-01
      outer loop
         vertex 7.439882e-01 2.569242e+00 -5.608013e+00
         vertex 6.746914e-01 2.622080e+00 -5.580541e+00
         vertex 6.850701e-01 2.565420e+00 -5.587403e+00
      endloop
   endfacet
   facet normal 3.337269e-01 -7.894730e-02 9.393581e-01
      outer loop
         vertex 7.439882e-01 2.569242e+00 -5.608013e+00
         vertex 6.850701e-01 2.565420e+00 -5.587403e+00
         vertex 7.564932e-01 2.512775e+00 -5.617202e+00
      endloop
   endfacet
   facet normal 3.273750e-01 -8.835530e-02 9.407544e-01
      outer loop
         vertex 7.564932e-01 2.512775e+00 -5.617202e+00
         vertex 6.850701e-01 2.565420e+00 -5.587403e+00
         vertex 6.945628e-01 2.509031e+00 -5.596002e+00
      endloop
   endfacet
   facet normal 3.275742e-01 -9.668186e-02 9.398658e-01
      outer loop
         vertex 7.564932e-01 2.512775e+00 -5.617202e+00
         vertex 6.945628e-01 2.509031e+00 -5.596002e+00
         vertex 7.783753e-01 2.399555e+00 -5.636475e+00
      endloop
   endfacet
   facet normal 3.163142e-01 -1.063409e-01 9.426754e-01
      outer loop
         vertex 7.783753e-01 2.399555e+00 -5.636475e+00
         vertex 6.945628e-01 2.509031e+00 -5.596002e+00
         vertex 7.108864e-01 2.396626e+00 -5.614160e+00
      endloop
   endfacet
   facet normal 3.162373e-01 -9.565812e-02 9.438450e-01
      outer loop
         vertex 7.783753e-01 2.399555e+00 -5.636475e+00
         vertex 7.108864e-01 2.396626e+00 -5.614160e+00
         vertex 7.876049e-01 2.342650e+00 -5.645335e+00
      endloop
   endfacet
   facet normal 3.144548e-01 -9.837438e-02 9.441613e-01
      outer loop
         vertex 7.876049e-01 2.342650e+00 -5.645335e+00
         vertex 7.108864e-01 2.396626e+00 -5.614160e+00
         vertex 7.232358e-01 2.284334e+00 -5.629973e+00
      endloop
   endfacet
   facet normal 3.060688e-01 -8.424530e-02 9.482745e-01
      outer loop
         vertex 7.309662e-01 2.171920e+00 -5.642455e+00
         vertex 8.021602e-01 2.228333e+00 -5.660422e+00
         vertex 7.232358e-01 2.284334e+00 -5.629973e+00
      endloop
   endfacet
   facet normal 3.074695e-01 -8.212604e-02 9.480073e-01
      outer loop
         vertex 7.232358e-01 2.284334e+00 -5.629973e+00
         vertex 8.021602e-01 2.228333e+00 -5.660422e+00
         vertex 7.955638e-01 2.285562e+00 -5.653325e+00
      endloop
   endfacet
   facet normal 3.073847e-01 -8.973175e-02 9.473451e-01
      outer loop
         vertex 7.232358e-01 2.284334e+00 -5.629973e+00
         vertex 7.955638e-01 2.285562e+00 -5.653325e+00
         vertex 7.876049e-01 2.342650e+00 -5.645335e+00
      endloop
   endfacet
   facet normal 2.994739e-01 -7.555539e-02 9.511082e-01
      outer loop
         vertex 7.338730e-01 2.058994e+00 -5.652341e+00
         vertex 8.110583e-01 2.113532e+00 -5.672311e+00
         vertex 7.309662e-01 2.171920e+00 -5.642455e+00
      endloop
   endfacet
   facet normal 3.011194e-01 -7.312949e-02 9.507782e-01
      outer loop
         vertex 7.309662e-01 2.171920e+00 -5.642455e+00
         vertex 8.110583e-01 2.113532e+00 -5.672311e+00
         vertex 8.073305e-01 2.170996e+00 -5.666711e+00
      endloop
   endfacet
   facet normal 3.009846e-01 -7.711835e-02 9.505057e-01
      outer loop
         vertex 7.309662e-01 2.171920e+00 -5.642455e+00
         vertex 8.073305e-01 2.170996e+00 -5.666711e+00
         vertex 8.021602e-01 2.228333e+00 -5.660422e+00
      endloop
   endfacet
   facet normal 2.967362e-01 -6.571525e-02 9.526957e-01
      outer loop
         vertex 7.325863e-01 1.944786e+00 -5.659818e+00
         vertex 8.144767e-01 1.997710e+00 -5.681674e+00
         vertex 7.338730e-01 2.058994e+00 -5.652341e+00
      endloop
   endfacet
   facet normal 2.965083e-01 -6.603830e-02 9.527444e-01
      outer loop
         vertex 7.338730e-01 2.058994e+00 -5.652341e+00
         vertex 8.144767e-01 1.997710e+00 -5.681674e+00
         vertex 8.133947e-01 2.055841e+00 -5.677307e+00
      endloop
   endfacet
   facet normal 2.962562e-01 -7.049039e-02 9.525037e-01
      outer loop
         vertex 7.338730e-01 2.058994e+00 -5.652341e+00
         vertex 8.133947e-01 2.055841e+00 -5.677307e+00
         vertex 8.110583e-01 2.113532e+00 -5.672311e+00
      endloop
   endfacet
   facet normal 2.932534e-01 -4.818913e-02 9.548195e-01
      outer loop
         vertex 7.136303e-01 1.720935e+00 -5.666221e+00
         vertex 8.034669e-01 1.766535e+00 -5.691511e+00
         vertex 7.258400e-01 1.831100e+00 -5.664411e+00
      endloop
   endfacet
   facet normal 2.920808e-01 -4.971687e-02 9.551005e-01
      outer loop
         vertex 7.258400e-01 1.831100e+00 -5.664411e+00
         vertex 8.034669e-01 1.766535e+00 -5.691511e+00
         vertex 8.087669e-01 1.822997e+00 -5.690192e+00
      endloop
   endfacet
   facet normal 2.916145e-01 -5.417183e-02 9.550007e-01
      outer loop
         vertex 7.258400e-01 1.831100e+00 -5.664411e+00
         vertex 8.087669e-01 1.822997e+00 -5.690192e+00
         vertex 7.300020e-01 1.887647e+00 -5.662474e+00
      endloop
   endfacet
   facet normal 2.926376e-01 -5.282355e-02 9.547633e-01
      outer loop
         vertex 7.300020e-01 1.887647e+00 -5.662474e+00
         vertex 8.087669e-01 1.822997e+00 -5.690192e+00
         vertex 8.124334e-01 1.880663e+00 -5.688126e+00
      endloop
   endfacet
   facet normal 2.921905e-01 -5.759124e-02 9.546245e-01
      outer loop
         vertex 7.300020e-01 1.887647e+00 -5.662474e+00
         vertex 8.124334e-01 1.880663e+00 -5.688126e+00
         vertex 7.325863e-01 1.944786e+00 -5.659818e+00
      endloop
   endfacet
   facet normal 2.936240e-01 -5.566248e-02 9.542990e-01
      outer loop
         vertex 7.325863e-01 1.944786e+00 -5.659818e+00
         vertex 8.124334e-01 1.880663e+00 -5.688126e+00
         vertex 8.142935e-01 1.939102e+00 -5.685289e+00
      endloop
   endfacet
   facet normal 2.932915e-01 -5.978377e-02 9.541520e-01
      outer loop
         vertex 7.325863e-01 1.944786e+00 -5.659818e+00
         vertex 8.142935e-01 1.939102e+00 -5.685289e+00
         vertex 8.144767e-01 1.997710e+00 -5.681674e+00
      endloop
   endfacet
   facet normal 6.788595e-01 -1.031278e-01 7.269900e-01
      outer loop
         vertex 4.522587e-01 5.659265e-02 -5.592307e+00
         vertex 4.586944e-01 8.441794e-02 -5.594369e+00
         vertex 4.562210e-01 1.122088e-01 -5.588117e+00
      endloop
   endfacet
   facet normal 6.297381e-01 -1.167228e-01 7.679881e-01
      outer loop
         vertex 4.562210e-01 1.122088e-01 -5.588117e+00
         vertex 4.586944e-01 8.441794e-02 -5.594369e+00
         vertex 4.623381e-01 1.121559e-01 -5.593141e+00
      endloop
   endfacet
   facet normal 6.269656e-01 -1.475963e-01 7.649376e-01
      outer loop
         vertex 4.562210e-01 1.122088e-01 -5.588117e+00
         vertex 4.623381e-01 1.121559e-01 -5.593141e+00
         vertex 4.642387e-01 1.674222e-01 -5.584035e+00
      endloop
   endfacet
   facet normal 5.957114e-01 -1.504822e-01 7.889759e-01
      outer loop
         vertex 4.642387e-01 1.674222e-01 -5.584035e+00
         vertex 4.623381e-01 1.121559e-01 -5.593141e+00
         vertex 4.733079e-01 1.673351e-01 -5.590899e+00
      endloop
   endfacet
   facet normal 5.962275e-01 -1.451234e-01 7.895898e-01
      outer loop
         vertex 4.642387e-01 1.674222e-01 -5.584035e+00
         vertex 4.733079e-01 1.673351e-01 -5.590899e+00
         vertex 4.742345e-01 2.223203e-01 -5.581493e+00
      endloop
   endfacet
   facet normal 5.415057e-01 -1.506172e-01 8.270949e-01
      outer loop
         vertex 4.742345e-01 2.223203e-01 -5.581493e+00
         vertex 4.733079e-01 1.673351e-01 -5.590899e+00
         vertex 4.869094e-01 2.222552e-01 -5.589803e+00
      endloop
   endfacet
   facet normal 5.436429e-01 -1.237463e-01 8.301441e-01
      outer loop
         vertex 4.742345e-01 2.223203e-01 -5.581493e+00
         vertex 4.869094e-01 2.222552e-01 -5.589803e+00
         vertex 5.151898e-01 4.422615e-01 -5.575528e+00
      endloop
   endfacet
   facet normal 4.269434e-01 -1.130950e-01 8.971783e-01
      outer loop
         vertex 5.151898e-01 4.422615e-01 -5.575528e+00
         vertex 4.869094e-01 2.222552e-01 -5.589803e+00
         vertex 5.427673e-01 4.421927e-01 -5.588660e+00
      endloop
   endfacet
   facet normal 4.284822e-01 -7.747071e-02 9.002229e-01
      outer loop
         vertex 5.151898e-01 4.422615e-01 -5.575528e+00
         vertex 5.427673e-01 4.421927e-01 -5.588660e+00
         vertex 5.360190e-01 5.527851e-01 -5.575931e+00
      endloop
   endfacet
   facet normal 3.954112e-01 -8.117918e-02 9.149098e-01
      outer loop
         vertex 5.360190e-01 5.527851e-01 -5.575931e+00
         vertex 5.427673e-01 4.421927e-01 -5.588660e+00
         vertex 5.710368e-01 5.524358e-01 -5.591096e+00
      endloop
   endfacet
   facet normal 3.969179e-01 -3.268631e-02 9.172719e-01
      outer loop
         vertex 5.360190e-01 5.527851e-01 -5.575931e+00
         vertex 5.710368e-01 5.524358e-01 -5.591096e+00
         vertex 5.560033e-01 6.633964e-01 -5.580637e+00
      endloop
   endfacet
   facet normal 3.717437e-01 -3.707007e-02 9.275950e-01
      outer loop
         vertex 5.560033e-01 6.633964e-01 -5.580637e+00
         vertex 5.710368e-01 5.524358e-01 -5.591096e+00
         vertex 5.983100e-01 6.627471e-01 -5.597617e+00
      endloop
   endfacet
   facet normal 3.723365e-01 -1.014533e-02 9.280423e-01
      outer loop
         vertex 5.560033e-01 6.633964e-01 -5.580637e+00
         vertex 5.983100e-01 6.627471e-01 -5.597617e+00
         vertex 5.754720e-01 7.741442e-01 -5.587237e+00
      endloop
   endfacet
   facet normal 3.526119e-01 -1.489817e-02 9.356510e-01
      outer loop
         vertex 5.754720e-01 7.741442e-01 -5.587237e+00
         vertex 5.983100e-01 6.627471e-01 -5.597617e+00
         vertex 6.247745e-01 7.730870e-01 -5.605834e+00
      endloop
   endfacet
   facet normal 3.530886e-01 9.203783e-03 9.355446e-01
      outer loop
         vertex 5.754720e-01 7.741442e-01 -5.587237e+00
         vertex 6.247745e-01 7.730870e-01 -5.605834e+00
         vertex 5.941836e-01 8.851140e-01 -5.595391e+00
      endloop
   endfacet
   facet normal 3.372791e-01 4.341369e-03 9.413947e-01
      outer loop
         vertex 5.941836e-01 8.851140e-01 -5.595391e+00
         vertex 6.247745e-01 7.730870e-01 -5.605834e+00
         vertex 6.500779e-01 8.835358e-01 -5.615409e+00
      endloop
   endfacet
   facet normal 3.380207e-01 5.229544e-02 9.396846e-01
      outer loop
         vertex 5.941836e-01 8.851140e-01 -5.595391e+00
         vertex 6.500779e-01 8.835358e-01 -5.615409e+00
         vertex 6.026877e-01 9.406286e-01 -5.601539e+00
      endloop
   endfacet
   facet normal 3.313087e-01 4.606509e-02 9.423973e-01
      outer loop
         vertex 6.026877e-01 9.406286e-01 -5.601539e+00
         vertex 6.500779e-01 8.835358e-01 -5.615409e+00
         vertex 6.617045e-01 9.388204e-01 -5.622199e+00
      endloop
   endfacet
   facet normal 3.315266e-01 8.089726e-02 9.399711e-01
      outer loop
         vertex 6.026877e-01 9.406286e-01 -5.601539e+00
         vertex 6.617045e-01 9.388204e-01 -5.622199e+00
         vertex 6.105609e-01 9.956806e-01 -5.609054e+00
      endloop
   endfacet
   facet normal 3.257289e-01 7.510346e-02 9.424756e-01
      outer loop
         vertex 6.105609e-01 9.956806e-01 -5.609054e+00
         vertex 6.617045e-01 9.388204e-01 -5.622199e+00
         vertex 6.725632e-01 9.936322e-01 -5.630319e+00
      endloop
   endfacet
   facet normal 3.257684e-01 9.142735e-02 9.410186e-01
      outer loop
         vertex 6.105609e-01 9.956806e-01 -5.609054e+00
         vertex 6.725632e-01 9.936322e-01 -5.630319e+00
         vertex 6.254762e-01 1.102961e+00 -5.624641e+00
      endloop
   endfacet
   facet normal 3.170811e-01 8.751265e-02 9.443522e-01
      outer loop
         vertex 6.254762e-01 1.102961e+00 -5.624641e+00
         vertex 6.725632e-01 9.936322e-01 -5.630319e+00
         vertex 6.929567e-01 1.100173e+00 -5.647040e+00
      endloop
   endfacet
   facet normal 3.169541e-01 7.626816e-02 9.453694e-01
      outer loop
         vertex 6.254762e-01 1.102961e+00 -5.624641e+00
         vertex 6.929567e-01 1.100173e+00 -5.647040e+00
         vertex 6.404170e-01 1.206678e+00 -5.638017e+00
      endloop
   endfacet
   facet normal 3.112882e-01 7.329393e-02 9.474849e-01
      outer loop
         vertex 6.404170e-01 1.206678e+00 -5.638017e+00
         vertex 6.929567e-01 1.100173e+00 -5.647040e+00
         vertex 7.126428e-01 1.202789e+00 -5.661446e+00
      endloop
   endfacet
   facet normal 3.105969e-01 4.995181e-02 9.492283e-01
      outer loop
         vertex 6.404170e-01 1.206678e+00 -5.638017e+00
         vertex 7.126428e-01 1.202789e+00 -5.661446e+00
         vertex 6.558292e-01 1.308875e+00 -5.648438e+00
      endloop
   endfacet
   facet normal 3.065506e-01 4.760891e-02 9.506630e-01
      outer loop
         vertex 6.558292e-01 1.308875e+00 -5.648438e+00
         vertex 7.126428e-01 1.202789e+00 -5.661446e+00
         vertex 7.320186e-01 1.303748e+00 -5.672750e+00
      endloop
   endfacet
   facet normal 3.056516e-01 2.938021e-02 9.516900e-01
      outer loop
         vertex 6.558292e-01 1.308875e+00 -5.648438e+00
         vertex 7.320186e-01 1.303748e+00 -5.672750e+00
         vertex 6.711187e-01 1.411277e+00 -5.656510e+00
      endloop
   endfacet
   facet normal 3.025276e-01 2.745156e-02 9.527452e-01
      outer loop
         vertex 6.711187e-01 1.411277e+00 -5.656510e+00
         vertex 7.320186e-01 1.303748e+00 -5.672750e+00
         vertex 7.504380e-01 1.404901e+00 -5.681513e+00
      endloop
   endfacet
   facet normal 3.015445e-01 1.278566e-02 9.533664e-01
      outer loop
         vertex 6.711187e-01 1.411277e+00 -5.656510e+00
         vertex 7.504380e-01 1.404901e+00 -5.681513e+00
         vertex 6.849935e-01 1.513071e+00 -5.662264e+00
      endloop
   endfacet
   facet normal 2.994631e-01 1.140656e-02 9.540397e-01
      outer loop
         vertex 6.849935e-01 1.513071e+00 -5.662264e+00
         vertex 7.504380e-01 1.404901e+00 -5.681513e+00
         vertex 7.665113e-01 1.505168e+00 -5.687757e+00
      endloop
   endfacet
   facet normal 2.974868e-01 -1.098771e-02 9.546627e-01
      outer loop
         vertex 6.849935e-01 1.513071e+00 -5.662264e+00
         vertex 7.665113e-01 1.505168e+00 -5.687757e+00
         vertex 6.990320e-01 1.615285e+00 -5.665462e+00
      endloop
   endfacet
   facet normal 2.961360e-01 -1.189824e-02 9.550717e-01
      outer loop
         vertex 6.990320e-01 1.615285e+00 -5.665462e+00
         vertex 7.665113e-01 1.505168e+00 -5.687757e+00
         vertex 7.818389e-01 1.606056e+00 -5.691253e+00
      endloop
   endfacet
   facet normal 2.937679e-01 -3.373285e-02 9.552814e-01
      outer loop
         vertex 6.990320e-01 1.615285e+00 -5.665462e+00
         vertex 7.818389e-01 1.606056e+00 -5.691253e+00
         vertex 7.136303e-01 1.720935e+00 -5.666221e+00
      endloop
   endfacet
   facet normal 2.931781e-01 -3.411947e-02 9.554488e-01
      outer loop
         vertex 7.136303e-01 1.720935e+00 -5.666221e+00
         vertex 7.818389e-01 1.606056e+00 -5.691253e+00
         vertex 7.969048e-01 1.711532e+00 -5.692109e+00
      endloop
   endfacet
   facet normal 2.919030e-01 -4.521876e-02 9.553784e-01
      outer loop
         vertex 7.136303e-01 1.720935e+00 -5.666221e+00
         vertex 7.969048e-01 1.711532e+00 -5.692109e+00
         vertex 8.034669e-01 1.766535e+00 -5.691511e+00
      endloop
   endfacet
   facet normal 4.422954e-01 3.254104e-02 8.962789e-01
      outer loop
         vertex 4.532951e-01 7.021052e-04 -5.592937e+00
         vertex 4.574861e-01 7.232908e-04 -5.595006e+00
         vertex 4.521740e-01 2.866245e-02 -5.593399e+00
      endloop
   endfacet
   facet normal 4.904676e-01 4.318911e-02 8.703885e-01
      outer loop
         vertex 4.521740e-01 2.866245e-02 -5.593399e+00
         vertex 4.574861e-01 7.232908e-04 -5.595006e+00
         vertex 4.562487e-01 2.866397e-02 -5.595695e+00
      endloop
   endfacet
   facet normal 4.906381e-01 -3.552626e-02 8.706389e-01
      outer loop
         vertex 4.521740e-01 2.866245e-02 -5.593399e+00
         vertex 4.562487e-01 2.866397e-02 -5.595695e+00
         vertex 4.522587e-01 5.659265e-02 -5.592307e+00
      endloop
   endfacet
   facet normal 5.698046e-01 -1.826427e-02 8.215772e-01
      outer loop
         vertex 4.522587e-01 5.659265e-02 -5.592307e+00
         vertex 4.562487e-01 2.866397e-02 -5.595695e+00
         vertex 4.566279e-01 5.657925e-02 -5.595337e+00
      endloop
   endfacet
   facet normal 5.683650e-01 -7.069758e-02 8.197335e-01
      outer loop
         vertex 4.522587e-01 5.659265e-02 -5.592307e+00
         vertex 4.566279e-01 5.657925e-02 -5.595337e+00
         vertex 4.586944e-01 8.441794e-02 -5.594369e+00
      endloop
   endfacet
   facet normal 3.025466e-01 3.306109e-02 9.525610e-01
      outer loop
         vertex 4.532712e-01 3.501019e+00 -5.592930e+00
         vertex 4.483190e-01 3.500559e+00 -5.591341e+00
         vertex 4.552957e-01 3.473060e+00 -5.592603e+00
      endloop
   endfacet
   facet normal 3.405787e-01 4.332240e-02 9.392174e-01
      outer loop
         vertex 4.552957e-01 3.473060e+00 -5.592603e+00
         vertex 4.483190e-01 3.500559e+00 -5.591341e+00
         vertex 4.504840e-01 3.472616e+00 -5.590837e+00
      endloop
   endfacet
   facet normal 3.340850e-01 1.039578e-01 9.367924e-01
      outer loop
         vertex 4.552957e-01 3.473060e+00 -5.592603e+00
         vertex 4.504840e-01 3.472616e+00 -5.590837e+00
         vertex 4.586744e-01 3.445460e+00 -5.590745e+00
      endloop
   endfacet
   facet normal 3.982240e-01 1.232074e-01 9.089761e-01
      outer loop
         vertex 4.586744e-01 3.445460e+00 -5.590745e+00
         vertex 4.504840e-01 3.472616e+00 -5.590837e+00
         vertex 4.535146e-01 3.444963e+00 -5.588417e+00
      endloop
   endfacet
   facet normal 3.917845e-01 1.688265e-01 9.044349e-01
      outer loop
         vertex 4.586744e-01 3.445460e+00 -5.590745e+00
         vertex 4.535146e-01 3.444963e+00 -5.588417e+00
         vertex 4.690096e-01 3.390839e+00 -5.585026e+00
      endloop
   endfacet
   facet normal 4.488893e-01 1.833046e-01 8.745844e-01
      outer loop
         vertex 4.690096e-01 3.390839e+00 -5.585026e+00
         vertex 4.535146e-01 3.444963e+00 -5.588417e+00
         vertex 4.617834e-01 3.390130e+00 -5.581168e+00
      endloop
   endfacet
   facet normal 4.450647e-01 2.057411e-01 8.715435e-01
      outer loop
         vertex 4.690096e-01 3.390839e+00 -5.585026e+00
         vertex 4.617834e-01 3.390130e+00 -5.581168e+00
         vertex 4.829765e-01 3.336767e+00 -5.579394e+00
      endloop
   endfacet
   facet normal 4.181772e-01 1.955788e-01 8.870607e-01
      outer loop
         vertex 4.829765e-01 3.336767e+00 -5.579394e+00
         vertex 4.617834e-01 3.390130e+00 -5.581168e+00
         vertex 4.722645e-01 3.335760e+00 -5.574122e+00
      endloop
   endfacet
   facet normal 4.185105e-01 1.935449e-01 8.873496e-01
      outer loop
         vertex 4.829765e-01 3.336767e+00 -5.579394e+00
         vertex 4.722645e-01 3.335760e+00 -5.574122e+00
         vertex 4.990356e-01 3.283350e+00 -5.575317e+00
      endloop
   endfacet
   facet normal 3.732143e-01 1.698441e-01 9.120658e-01
      outer loop
         vertex 4.990356e-01 3.283350e+00 -5.575317e+00
         vertex 4.722645e-01 3.335760e+00 -5.574122e+00
         vertex 4.840657e-01 3.281966e+00 -5.568934e+00
      endloop
   endfacet
   facet normal 3.737697e-01 1.660278e-01 9.125410e-01
      outer loop
         vertex 4.990356e-01 3.283350e+00 -5.575317e+00
         vertex 4.840657e-01 3.281966e+00 -5.568934e+00
         vertex 5.325509e-01 3.177554e+00 -5.569796e+00
      endloop
   endfacet
   facet normal 3.150741e-01 1.385540e-01 9.388989e-01
      outer loop
         vertex 5.325509e-01 3.177554e+00 -5.569796e+00
         vertex 4.840657e-01 3.281966e+00 -5.568934e+00
         vertex 5.087600e-01 3.175279e+00 -5.561477e+00
      endloop
   endfacet
   facet normal 3.135035e-01 1.502918e-01 9.376182e-01
      outer loop
         vertex 5.325509e-01 3.177554e+00 -5.569796e+00
         vertex 5.087600e-01 3.175279e+00 -5.561477e+00
         vertex 5.652911e-01 3.068724e+00 -5.563299e+00
      endloop
   endfacet
   facet normal 2.823127e-01 1.335325e-01 9.499835e-01
      outer loop
         vertex 5.652911e-01 3.068724e+00 -5.563299e+00
         vertex 5.087600e-01 3.175279e+00 -5.561477e+00
         vertex 5.326943e-01 3.065874e+00 -5.553211e+00
      endloop
   endfacet
   facet normal 2.850789e-01 1.097429e-01 9.522009e-01
      outer loop
         vertex 5.652911e-01 3.068724e+00 -5.563299e+00
         vertex 5.326943e-01 3.065874e+00 -5.553211e+00
         vertex 5.810680e-01 3.013693e+00 -5.561680e+00
      endloop
   endfacet
   facet normal 2.734291e-01 9.818586e-02 9.568678e-01
      outer loop
         vertex 5.810680e-01 3.013693e+00 -5.561680e+00
         vertex 5.326943e-01 3.065874e+00 -5.553211e+00
         vertex 5.440534e-01 3.010630e+00 -5.550788e+00
      endloop
   endfacet
   facet normal 2.755893e-01 7.682039e-02 9.582010e-01
      outer loop
         vertex 5.810680e-01 3.013693e+00 -5.561680e+00
         vertex 5.440534e-01 3.010630e+00 -5.550788e+00
         vertex 5.963349e-01 2.958522e+00 -5.561647e+00
      endloop
   endfacet
   facet normal 2.653786e-01 6.580546e-02 9.618960e-01
      outer loop
         vertex 5.963349e-01 2.958522e+00 -5.561647e+00
         vertex 5.440534e-01 3.010630e+00 -5.550788e+00
         vertex 5.549206e-01 2.955274e+00 -5.549999e+00
      endloop
   endfacet
   facet normal 2.679205e-01 3.646210e-02 9.627508e-01
      outer loop
         vertex 5.963349e-01 2.958522e+00 -5.561647e+00
         vertex 5.549206e-01 2.955274e+00 -5.549999e+00
         vertex 6.251349e-01 2.847688e+00 -5.565464e+00
      endloop
   endfacet
   facet normal 2.503042e-01 2.423015e-02 9.678640e-01
      outer loop
         vertex 6.251349e-01 2.847688e+00 -5.565464e+00
         vertex 5.549206e-01 2.955274e+00 -5.549999e+00
         vertex 5.750662e-01 2.844186e+00 -5.552428e+00
      endloop
   endfacet
   facet normal 2.517551e-01 3.197499e-03 9.677857e-01
      outer loop
         vertex 6.251349e-01 2.847688e+00 -5.565464e+00
         vertex 5.750662e-01 2.844186e+00 -5.552428e+00
         vertex 6.513748e-01 2.735562e+00 -5.571920e+00
      endloop
   endfacet
   facet normal 2.377444e-01 -7.275716e-03 9.713005e-01
      outer loop
         vertex 6.513748e-01 2.735562e+00 -5.571920e+00
         vertex 5.750662e-01 2.844186e+00 -5.552428e+00
         vertex 5.929898e-01 2.732060e+00 -5.557655e+00
      endloop
   endfacet
   facet normal 2.386652e-01 -2.471341e-02 9.707874e-01
      outer loop
         vertex 6.513748e-01 2.735562e+00 -5.571920e+00
         vertex 5.929898e-01 2.732060e+00 -5.557655e+00
         vertex 6.746914e-01 2.622080e+00 -5.580541e+00
      endloop
   endfacet
   facet normal 2.270452e-01 -3.386753e-02 9.732952e-01
      outer loop
         vertex 6.746914e-01 2.622080e+00 -5.580541e+00
         vertex 5.929898e-01 2.732060e+00 -5.557655e+00
         vertex 6.084649e-01 2.618836e+00 -5.565205e+00
      endloop
   endfacet
   facet normal 2.284708e-01 -7.568907e-02 9.706041e-01
      outer loop
         vertex 6.746914e-01 2.622080e+00 -5.580541e+00
         vertex 6.084649e-01 2.618836e+00 -5.565205e+00
         vertex 6.850701e-01 2.565420e+00 -5.587403e+00
      endloop
   endfacet
   facet normal 2.232771e-01 -8.337770e-02 9.711825e-01
      outer loop
         vertex 6.850701e-01 2.565420e+00 -5.587403e+00
         vertex 6.084649e-01 2.618836e+00 -5.565205e+00
         vertex 6.151249e-01 2.562329e+00 -5.571587e+00
      endloop
   endfacet
   facet normal 2.238247e-01 -1.100038e-01 9.684016e-01
      outer loop
         vertex 6.850701e-01 2.565420e+00 -5.587403e+00
         vertex 6.151249e-01 2.562329e+00 -5.571587e+00
         vertex 6.945628e-01 2.509031e+00 -5.596002e+00
      endloop
   endfacet
   facet normal 2.189150e-01 -1.174358e-01 9.686512e-01
      outer loop
         vertex 6.945628e-01 2.509031e+00 -5.596002e+00
         vertex 6.151249e-01 2.562329e+00 -5.571587e+00
         vertex 6.210543e-01 2.506178e+00 -5.579735e+00
      endloop
   endfacet
   facet normal 2.189904e-01 -1.245247e-01 9.677483e-01
      outer loop
         vertex 6.945628e-01 2.509031e+00 -5.596002e+00
         vertex 6.210543e-01 2.506178e+00 -5.579735e+00
         vertex 7.108864e-01 2.396626e+00 -5.614160e+00
      endloop
   endfacet
   facet normal 2.100687e-01 -1.321443e-01 9.687152e-01
      outer loop
         vertex 7.108864e-01 2.396626e+00 -5.614160e+00
         vertex 6.210543e-01 2.506178e+00 -5.579735e+00
         vertex 6.308082e-01 2.394853e+00 -5.597036e+00
      endloop
   endfacet
   facet normal 2.101562e-01 -1.136300e-01 9.710420e-01
      outer loop
         vertex 7.108864e-01 2.396626e+00 -5.614160e+00
         vertex 6.308082e-01 2.394853e+00 -5.597036e+00
         vertex 7.232358e-01 2.284334e+00 -5.629973e+00
      endloop
   endfacet
   facet normal 2.028042e-01 -1.200154e-01 9.718368e-01
      outer loop
         vertex 7.232358e-01 2.284334e+00 -5.629973e+00
         vertex 6.308082e-01 2.394853e+00 -5.597036e+00
         vertex 6.374379e-01 2.284450e+00 -5.612054e+00
      endloop
   endfacet
   facet normal 2.034056e-01 -9.422268e-02 9.745503e-01
      outer loop
         vertex 7.232358e-01 2.284334e+00 -5.629973e+00
         vertex 6.374379e-01 2.284450e+00 -5.612054e+00
         vertex 7.309662e-01 2.171920e+00 -5.642455e+00
      endloop
   endfacet
   facet normal 1.977814e-01 -9.907971e-02 9.752260e-01
      outer loop
         vertex 7.309662e-01 2.171920e+00 -5.642455e+00
         vertex 6.374379e-01 2.284450e+00 -5.612054e+00
         vertex 6.403918e-01 2.174316e+00 -5.623842e+00
      endloop
   endfacet
   facet normal 1.985947e-01 -8.039943e-02 9.767784e-01
      outer loop
         vertex 7.309662e-01 2.171920e+00 -5.642455e+00
         vertex 6.403918e-01 2.174316e+00 -5.623842e+00
         vertex 7.338730e-01 2.058994e+00 -5.652341e+00
      endloop
   endfacet
   facet normal 1.942778e-01 -8.403761e-02 9.773402e-01
      outer loop
         vertex 7.338730e-01 2.058994e+00 -5.652341e+00
         vertex 6.403918e-01 2.174316e+00 -5.623842e+00
         vertex 6.395535e-01 2.063743e+00 -5.633183e+00
      endloop
   endfacet
   facet normal 1.954045e-01 -6.626182e-02 9.784817e-01
      outer loop
         vertex 7.338730e-01 2.058994e+00 -5.652341e+00
         vertex 6.395535e-01 2.063743e+00 -5.633183e+00
         vertex 7.325863e-01 1.944786e+00 -5.659818e+00
      endloop
   endfacet
   facet normal 1.921149e-01 -6.893890e-02 9.789481e-01
      outer loop
         vertex 7.325863e-01 1.944786e+00 -5.659818e+00
         vertex 6.395535e-01 2.063743e+00 -5.633183e+00
         vertex 6.356651e-01 1.952238e+00 -5.640273e+00
      endloop
   endfacet
   facet normal 1.933775e-01 -5.428410e-02 9.796216e-01
      outer loop
         vertex 7.325863e-01 1.944786e+00 -5.659818e+00
         vertex 6.356651e-01 1.952238e+00 -5.640273e+00
         vertex 7.300020e-01 1.887647e+00 -5.662474e+00
      endloop
   endfacet
   facet normal 1.921331e-01 -5.614959e-02 9.797612e-01
      outer loop
         vertex 7.300020e-01 1.887647e+00 -5.662474e+00
         vertex 6.356651e-01 1.952238e+00 -5.640273e+00
         vertex 6.322121e-01 1.896481e+00 -5.642791e+00
      endloop
   endfacet
   facet normal 1.929475e-01 -4.776740e-02 9.800457e-01
      outer loop
         vertex 7.300020e-01 1.887647e+00 -5.662474e+00
         vertex 6.322121e-01 1.896481e+00 -5.642791e+00
         vertex 7.258400e-01 1.831100e+00 -5.664411e+00
      endloop
   endfacet
   facet normal 1.920886e-01 -4.903253e-02 9.801519e-01
      outer loop
         vertex 7.258400e-01 1.831100e+00 -5.664411e+00
         vertex 6.322121e-01 1.896481e+00 -5.642791e+00
         vertex 6.274489e-01 1.841098e+00 -5.644628e+00
      endloop
   endfacet
   facet normal 1.933109e-01 -3.753307e-02 9.804194e-01
      outer loop
         vertex 7.258400e-01 1.831100e+00 -5.664411e+00
         vertex 6.274489e-01 1.841098e+00 -5.644628e+00
         vertex 7.136303e-01 1.720935e+00 -5.666221e+00
      endloop
   endfacet
   facet normal 1.927620e-01 -3.794330e-02 9.805117e-01
      outer loop
         vertex 7.136303e-01 1.720935e+00 -5.666221e+00
         vertex 6.274489e-01 1.841098e+00 -5.644628e+00
         vertex 6.147918e-01 1.732153e+00 -5.646355e+00
      endloop
   endfacet
   facet normal 1.948368e-01 -1.988090e-02 9.806342e-01
      outer loop
         vertex 7.136303e-01 1.720935e+00 -5.666221e+00
         vertex 6.147918e-01 1.732153e+00 -5.646355e+00
         vertex 6.990320e-01 1.615285e+00 -5.665462e+00
      endloop
   endfacet
   facet normal 1.952415e-01 -1.957703e-02 9.805598e-01
      outer loop
         vertex 6.990320e-01 1.615285e+00 -5.665462e+00
         vertex 6.147918e-01 1.732153e+00 -5.646355e+00
         vertex 6.007153e-01 1.625984e+00 -5.645672e+00
      endloop
   endfacet
   facet normal 1.976942e-01 3.519094e-03 9.802574e-01
      outer loop
         vertex 6.990320e-01 1.615285e+00 -5.665462e+00
         vertex 6.007153e-01 1.625984e+00 -5.645672e+00
         vertex 6.849935e-01 1.513071e+00 -5.662264e+00
      endloop
   endfacet
   facet normal 1.984297e-01 4.090269e-03 9.801066e-01
      outer loop
         vertex 6.849935e-01 1.513071e+00 -5.662264e+00
         vertex 6.007153e-01 1.625984e+00 -5.645672e+00
         vertex 5.881889e-01 1.521896e+00 -5.642702e+00
      endloop
   endfacet
   facet normal 2.004498e-01 2.803112e-02 9.793029e-01
      outer loop
         vertex 6.849935e-01 1.513071e+00 -5.662264e+00
         vertex 5.881889e-01 1.521896e+00 -5.642702e+00
         vertex 6.711187e-01 1.411277e+00 -5.656510e+00
      endloop
   endfacet
   facet normal 2.014676e-01 2.882308e-02 9.790710e-01
      outer loop
         vertex 6.711187e-01 1.411277e+00 -5.656510e+00
         vertex 5.881889e-01 1.521896e+00 -5.642702e+00
         vertex 5.769212e-01 1.418008e+00 -5.637325e+00
      endloop
   endfacet
   facet normal 2.025680e-01 4.685695e-02 9.781465e-01
      outer loop
         vertex 6.711187e-01 1.411277e+00 -5.656510e+00
         vertex 5.769212e-01 1.418008e+00 -5.637325e+00
         vertex 6.558292e-01 1.308875e+00 -5.648438e+00
      endloop
   endfacet
   facet normal 2.042510e-01 4.811577e-02 9.777353e-01
      outer loop
         vertex 6.558292e-01 1.308875e+00 -5.648438e+00
         vertex 5.769212e-01 1.418008e+00 -5.637325e+00
         vertex 5.653580e-01 1.313849e+00 -5.629783e+00
      endloop
   endfacet
   facet normal 2.050898e-01 6.862712e-02 9.763342e-01
      outer loop
         vertex 6.558292e-01 1.308875e+00 -5.648438e+00
         vertex 5.653580e-01 1.313849e+00 -5.629783e+00
         vertex 6.404170e-01 1.206678e+00 -5.638017e+00
      endloop
   endfacet
   facet normal 2.072422e-01 7.017792e-02 9.757693e-01
      outer loop
         vertex 6.404170e-01 1.206678e+00 -5.638017e+00
         vertex 5.653580e-01 1.313849e+00 -5.629783e+00
         vertex 5.546757e-01 1.209926e+00 -5.620040e+00
      endloop
   endfacet
   facet normal 2.077306e-01 9.563038e-02 9.735003e-01
      outer loop
         vertex 6.404170e-01 1.206678e+00 -5.638017e+00
         vertex 5.546757e-01 1.209926e+00 -5.620040e+00
         vertex 6.254762e-01 1.102961e+00 -5.624641e+00
      endloop
   endfacet
   facet normal 2.109486e-01 9.779945e-02 9.725924e-01
      outer loop
         vertex 6.254762e-01 1.102961e+00 -5.624641e+00
         vertex 5.546757e-01 1.209926e+00 -5.620040e+00
         vertex 5.453947e-01 1.104767e+00 -5.607453e+00
      endloop
   endfacet
   facet normal 2.109407e-01 1.117607e-01 9.710888e-01
      outer loop
         vertex 6.254762e-01 1.102961e+00 -5.624641e+00
         vertex 5.453947e-01 1.104767e+00 -5.607453e+00
         vertex 6.105609e-01 9.956806e-01 -5.609054e+00
      endloop
   endfacet
   facet normal 2.165980e-01 1.151644e-01 9.694444e-01
      outer loop
         vertex 6.105609e-01 9.956806e-01 -5.609054e+00
         vertex 5.453947e-01 1.104767e+00 -5.607453e+00
         vertex 5.369968e-01 9.966769e-01 -5.592736e+00
      endloop
   endfacet
   facet normal 2.167438e-01 1.015394e-01 9.709335e-01
      outer loop
         vertex 6.105609e-01 9.956806e-01 -5.609054e+00
         vertex 5.369968e-01 9.966769e-01 -5.592736e+00
         vertex 6.026877e-01 9.406286e-01 -5.601539e+00
      endloop
   endfacet
   facet normal 2.207473e-01 1.064563e-01 9.695038e-01
      outer loop
         vertex 6.026877e-01 9.406286e-01 -5.601539e+00
         vertex 5.369968e-01 9.966769e-01 -5.592736e+00
         vertex 5.326679e-01 9.414474e-01 -5.585686e+00
      endloop
   endfacet
   facet normal 2.210366e-01 7.384664e-02 9.724657e-01
      outer loop
         vertex 6.026877e-01 9.406286e-01 -5.601539e+00
         vertex 5.326679e-01 9.414474e-01 -5.585686e+00
         vertex 5.941836e-01 8.851140e-01 -5.595391e+00
      endloop
   endfacet
   facet normal 2.257049e-01 7.920194e-02 9.709708e-01
      outer loop
         vertex 5.941836e-01 8.851140e-01 -5.595391e+00
         vertex 5.326679e-01 9.414474e-01 -5.585686e+00
         vertex 5.278677e-01 8.857884e-01 -5.580030e+00
      endloop
   endfacet
   facet normal 2.258460e-01 3.345457e-02 9.735884e-01
      outer loop
         vertex 5.941836e-01 8.851140e-01 -5.595391e+00
         vertex 5.278677e-01 8.857884e-01 -5.580030e+00
         vertex 5.754720e-01 7.741442e-01 -5.587237e+00
      endloop
   endfacet
   facet normal 2.369984e-01 3.839302e-02 9.707511e-01
      outer loop
         vertex 5.754720e-01 7.741442e-01 -5.587237e+00
         vertex 5.278677e-01 8.857884e-01 -5.580030e+00
         vertex 5.169740e-01 7.744459e-01 -5.572967e+00
      endloop
   endfacet
   facet normal 2.370340e-01 1.622192e-02 9.713659e-01
      outer loop
         vertex 5.754720e-01 7.741442e-01 -5.587237e+00
         vertex 5.169740e-01 7.744459e-01 -5.572967e+00
         vertex 5.560033e-01 6.633964e-01 -5.580637e+00
      endloop
   endfacet
   facet normal 2.512023e-01 2.145488e-02 9.676968e-01
      outer loop
         vertex 5.560033e-01 6.633964e-01 -5.580637e+00
         vertex 5.169740e-01 7.744459e-01 -5.572967e+00
         vertex 5.058043e-01 6.634382e-01 -5.567607e+00
      endloop
   endfacet
   facet normal 2.512379e-01 -4.211420e-03 9.679162e-01
      outer loop
         vertex 5.560033e-01 6.633964e-01 -5.580637e+00
         vertex 5.058043e-01 6.634382e-01 -5.567607e+00
         vertex 5.360190e-01 5.527851e-01 -5.575931e+00
      endloop
   endfacet
   facet normal 2.696818e-01 1.198523e-03 9.629487e-01
      outer loop
         vertex 5.360190e-01 5.527851e-01 -5.575931e+00
         vertex 5.058043e-01 6.634382e-01 -5.567607e+00
         vertex 4.944679e-01 5.526757e-01 -5.564294e+00
      endloop
   endfacet
   facet normal 2.694987e-01 -4.728421e-02 9.618392e-01
      outer loop
         vertex 5.360190e-01 5.527851e-01 -5.575931e+00
         vertex 4.944679e-01 5.526757e-01 -5.564294e+00
         vertex 5.151898e-01 4.422615e-01 -5.575528e+00
      endloop
   endfacet
   facet normal 2.943304e-01 -4.190615e-02 9.547845e-01
      outer loop
         vertex 5.151898e-01 4.422615e-01 -5.575528e+00
         vertex 4.944679e-01 5.526757e-01 -5.564294e+00
         vertex 4.824652e-01 4.419987e-01 -5.565451e+00
      endloop
   endfacet
   facet normal 2.939159e-01 -8.056129e-02 9.524302e-01
      outer loop
         vertex 5.151898e-01 4.422615e-01 -5.575528e+00
         vertex 4.824652e-01 4.419987e-01 -5.565451e+00
         vertex 4.742345e-01 2.223203e-01 -5.581493e+00
      endloop
   endfacet
   facet normal 3.894368e-01 -8.158453e-02 9.174328e-01
      outer loop
         vertex 4.742345e-01 2.223203e-01 -5.581493e+00
         vertex 4.824652e-01 4.419987e-01 -5.565451e+00
         vertex 4.591949e-01 2.222326e-01 -5.575117e+00
      endloop
   endfacet
   facet normal 3.883904e-01 -1.130657e-01 9.145321e-01
      outer loop
         vertex 4.742345e-01 2.223203e-01 -5.581493e+00
         vertex 4.591949e-01 2.222326e-01 -5.575117e+00
         vertex 4.642387e-01 1.674222e-01 -5.584035e+00
      endloop
   endfacet
   facet normal 4.374835e-01 -1.050557e-01 8.930686e-01
      outer loop
         vertex 4.642387e-01 1.674222e-01 -5.584035e+00
         vertex 4.591949e-01 2.222326e-01 -5.575117e+00
         vertex 4.534778e-01 1.673896e-01 -5.578768e+00
      endloop
   endfacet
   facet normal 4.362911e-01 -1.291896e-01 8.904831e-01
      outer loop
         vertex 4.642387e-01 1.674222e-01 -5.584035e+00
         vertex 4.534778e-01 1.673896e-01 -5.578768e+00
         vertex 4.562210e-01 1.122088e-01 -5.588117e+00
      endloop
   endfacet
   facet normal 4.658481e-01 -1.252585e-01 8.759543e-01
      outer loop
         vertex 4.562210e-01 1.122088e-01 -5.588117e+00
         vertex 4.534778e-01 1.673896e-01 -5.578768e+00
         vertex 4.489626e-01 1.121744e-01 -5.584262e+00
      endloop
   endfacet
   facet normal 4.671210e-01 -9.946235e-02 8.785814e-01
      outer loop
         vertex 4.562210e-01 1.122088e-01 -5.588117e+00
         vertex 4.489626e-01 1.121744e-01 -5.584262e+00
         vertex 4.522587e-01 5.659265e-02 -5.592307e+00
      endloop
   endfacet
   facet normal 4.075778e-01 -1.070878e-01 9.068696e-01
      outer loop
         vertex 4.522587e-01 5.659265e-02 -5.592307e+00
         vertex 4.489626e-01 1.121744e-01 -5.584262e+00
         vertex 4.470742e-01 5.654984e-02 -5.589982e+00
      endloop
   endfacet
   facet normal 4.091700e-01 -3.688515e-02 9.117124e-01
      outer loop
         vertex 4.522587e-01 5.659265e-02 -5.592307e+00
         vertex 4.470742e-01 5.654984e-02 -5.589982e+00
         vertex 4.521740e-01 2.866245e-02 -5.593399e+00
      endloop
   endfacet
   facet normal 3.423807e-01 -5.233272e-02 9.381027e-01
      outer loop
         vertex 4.521740e-01 2.866245e-02 -5.593399e+00
         vertex 4.470742e-01 5.654984e-02 -5.589982e+00
         vertex 4.473389e-01 2.861522e-02 -5.591637e+00
      endloop
   endfacet
   facet normal 3.420003e-01 2.922963e-02 9.392451e-01
      outer loop
         vertex 4.521740e-01 2.866245e-02 -5.593399e+00
         vertex 4.473389e-01 2.861522e-02 -5.591637e+00
         vertex 4.532951e-01 7.021052e-04 -5.592937e+00
      endloop
   endfacet
   facet normal 3.037602e-01 2.045107e-02 9.525290e-01
      outer loop
         vertex 4.532951e-01 7.021052e-04 -5.592937e+00
         vertex 4.473389e-01 2.861522e-02 -5.591637e+00
         vertex 4.483216e-01 6.365385e-04 -5.591349e+00
      endloop
   endfacet
   facet normal -9.902336e-02 3.988081e-03 9.950771e-01
      outer loop
         vertex 4.365618e-01 3.531106e-04 -5.590351e+00
         vertex 4.399870e-01 4.650625e-04 -5.590011e+00
         vertex 4.359069e-01 2.835927e-02 -5.590529e+00
      endloop
   endfacet
   facet normal -1.127669e-01 1.950768e-03 9.936196e-01
      outer loop
         vertex 4.359069e-01 2.835927e-02 -5.590529e+00
         vertex 4.399870e-01 4.650625e-04 -5.590011e+00
         vertex 4.392363e-01 2.846686e-02 -5.590151e+00
      endloop
   endfacet
   facet normal -1.099682e-01 -7.564766e-02 9.910522e-01
      outer loop
         vertex 4.359069e-01 2.835927e-02 -5.590529e+00
         vertex 4.392363e-01 2.846686e-02 -5.590151e+00
         vertex 4.348166e-01 5.626220e-02 -5.588520e+00
      endloop
   endfacet
   facet normal -1.351617e-01 -7.945307e-02 9.876328e-01
      outer loop
         vertex 4.348166e-01 5.626220e-02 -5.588520e+00
         vertex 4.392363e-01 2.846686e-02 -5.590151e+00
         vertex 4.383864e-01 5.638867e-02 -5.588021e+00
      endloop
   endfacet
   facet normal -1.329031e-01 -1.255222e-01 9.831485e-01
      outer loop
         vertex 4.348166e-01 5.626220e-02 -5.588520e+00
         vertex 4.383864e-01 5.638867e-02 -5.588021e+00
         vertex 4.318031e-01 1.117840e-01 -5.581839e+00
      endloop
   endfacet
   facet normal -1.572452e-01 -1.279780e-01 9.792321e-01
      outer loop
         vertex 4.318031e-01 1.117840e-01 -5.581839e+00
         vertex 4.383864e-01 5.638867e-02 -5.588021e+00
         vertex 4.368002e-01 1.119685e-01 -5.581012e+00
      endloop
   endfacet
   facet normal -1.574570e-01 -1.242428e-01 9.796790e-01
      outer loop
         vertex 4.318031e-01 1.117840e-01 -5.581839e+00
         vertex 4.368002e-01 1.119685e-01 -5.581012e+00
         vertex 4.280389e-01 1.668806e-01 -5.575456e+00
      endloop
   endfacet
   facet normal -1.455602e-01 -1.225521e-01 9.817297e-01
      outer loop
         vertex 4.280389e-01 1.668806e-01 -5.575456e+00
         vertex 4.368002e-01 1.119685e-01 -5.581012e+00
         vertex 4.354469e-01 1.671277e-01 -5.574327e+00
      endloop
   endfacet
   facet normal -1.471345e-01 -9.025731e-02 9.849899e-01
      outer loop
         vertex 4.280389e-01 1.668806e-01 -5.575456e+00
         vertex 4.354469e-01 1.671277e-01 -5.574327e+00
         vertex 4.236393e-01 2.215017e-01 -5.571108e+00
      endloop
   endfacet
   facet normal -1.276891e-01 -8.621633e-02 9.880598e-01
      outer loop
         vertex 4.236393e-01 2.215017e-01 -5.571108e+00
         vertex 4.354469e-01 1.671277e-01 -5.574327e+00
         vertex 4.339938e-01 2.218345e-01 -5.569741e+00
      endloop
   endfacet
   facet normal -1.285647e-01 -6.513509e-02 9.895598e-01
      outer loop
         vertex 4.236393e-01 2.215017e-01 -5.571108e+00
         vertex 4.339938e-01 2.218345e-01 -5.569741e+00
         vertex 4.050938e-01 4.402830e-01 -5.559117e+00
      endloop
   endfacet
   facet normal -9.327112e-02 -6.067163e-02 9.937904e-01
      outer loop
         vertex 4.050938e-01 4.402830e-01 -5.559117e+00
         vertex 4.339938e-01 2.218345e-01 -5.569741e+00
         vertex 4.276274e-01 4.410333e-01 -5.556956e+00
      endloop
   endfacet
   facet normal -9.452885e-02 -2.684297e-02 9.951602e-01
      outer loop
         vertex 4.050938e-01 4.402830e-01 -5.559117e+00
         vertex 4.276274e-01 4.410333e-01 -5.556956e+00
         vertex 3.962353e-01 5.507534e-01 -5.556979e+00
      endloop
   endfacet
   facet normal -8.606268e-02 -2.442054e-02 9.959904e-01
      outer loop
         vertex 3.962353e-01 5.507534e-01 -5.556979e+00
         vertex 4.276274e-01 4.410333e-01 -5.556956e+00
         vertex 4.248428e-01 5.516942e-01 -5.554484e+00
      endloop
   endfacet
   facet normal -8.735838e-02 1.477124e-02 9.960674e-01
      outer loop
         vertex 3.962353e-01 5.507534e-01 -5.556979e+00
         vertex 4.248428e-01 5.516942e-01 -5.554484e+00
         vertex 3.871297e-01 6.612228e-01 -5.559416e+00
      endloop
   endfacet
   facet normal -8.114171e-02 1.693389e-02 9.965587e-01
      outer loop
         vertex 3.871297e-01 6.612228e-01 -5.559416e+00
         vertex 4.248428e-01 5.516942e-01 -5.554484e+00
         vertex 4.216896e-01 6.623980e-01 -5.556622e+00
      endloop
   endfacet
   facet normal -8.171175e-02 3.492096e-02 9.960440e-01
      outer loop
         vertex 3.871297e-01 6.612228e-01 -5.559416e+00
         vertex 4.216896e-01 6.623980e-01 -5.556622e+00
         vertex 3.786857e-01 7.721328e-01 -5.563997e+00
      endloop
   endfacet
   facet normal -7.694369e-02 3.681045e-02 9.963557e-01
      outer loop
         vertex 3.786857e-01 7.721328e-01 -5.563997e+00
         vertex 4.216896e-01 6.623980e-01 -5.556622e+00
         vertex 4.189562e-01 7.734995e-01 -5.560937e+00
      endloop
   endfacet
   facet normal -7.739664e-02 5.171741e-02 9.956581e-01
      outer loop
         vertex 3.786857e-01 7.721328e-01 -5.563997e+00
         vertex 4.189562e-01 7.734995e-01 -5.560937e+00
         vertex 3.711089e-01 8.835765e-01 -5.570374e+00
      endloop
   endfacet
   facet normal -7.362815e-02 5.337248e-02 9.958566e-01
      outer loop
         vertex 3.711089e-01 8.835765e-01 -5.570374e+00
         vertex 4.189562e-01 7.734995e-01 -5.560937e+00
         vertex 4.167556e-01 8.850924e-01 -5.567081e+00
      endloop
   endfacet
   facet normal -7.465405e-02 9.020786e-02 9.931210e-01
      outer loop
         vertex 3.711089e-01 8.835765e-01 -5.570374e+00
         vertex 4.167556e-01 8.850924e-01 -5.567081e+00
         vertex 3.671560e-01 9.391686e-01 -5.575721e+00
      endloop
   endfacet
   facet normal -7.313291e-02 9.160078e-02 9.931067e-01
      outer loop
         vertex 3.671560e-01 9.391686e-01 -5.575721e+00
         vertex 4.167556e-01 8.850924e-01 -5.567081e+00
         vertex 4.153510e-01 9.407975e-01 -5.572322e+00
      endloop
   endfacet
   facet normal -7.376463e-02 1.156270e-01 9.905499e-01
      outer loop
         vertex 3.671560e-01 9.391686e-01 -5.575721e+00
         vertex 4.153510e-01 9.407975e-01 -5.572322e+00
         vertex 3.630998e-01 9.944764e-01 -5.582479e+00
      endloop
   endfacet
   facet normal -7.233253e-02 1.170103e-01 9.904931e-01
      outer loop
         vertex 3.630998e-01 9.944764e-01 -5.582479e+00
         vertex 4.153510e-01 9.407975e-01 -5.572322e+00
         vertex 4.137380e-01 9.961607e-01 -5.578980e+00
      endloop
   endfacet
   facet normal -7.248285e-02 1.230819e-01 9.897460e-01
      outer loop
         vertex 3.630998e-01 9.944764e-01 -5.582479e+00
         vertex 4.137380e-01 9.961607e-01 -5.578980e+00
         vertex 3.560361e-01 1.104260e+00 -5.596649e+00
      endloop
   endfacet
   facet normal -6.894709e-02 1.249718e-01 9.897618e-01
      outer loop
         vertex 3.560361e-01 1.104260e+00 -5.596649e+00
         vertex 4.137380e-01 9.961607e-01 -5.578980e+00
         vertex 4.111894e-01 1.105501e+00 -5.592964e+00
      endloop
   endfacet
   facet normal -6.868999e-02 1.073708e-01 9.918433e-01
      outer loop
         vertex 3.560361e-01 1.104260e+00 -5.596649e+00
         vertex 4.111894e-01 1.105501e+00 -5.592964e+00
         vertex 3.518440e-01 1.213264e+00 -5.608739e+00
      endloop
   endfacet
   facet normal -6.472906e-02 1.095561e-01 9.918708e-01
      outer loop
         vertex 3.518440e-01 1.213264e+00 -5.608739e+00
         vertex 4.111894e-01 1.105501e+00 -5.592964e+00
         vertex 4.109422e-01 1.213286e+00 -5.604885e+00
      endloop
   endfacet
   facet normal -6.487724e-02 8.478354e-02 9.942850e-01
      outer loop
         vertex 3.518440e-01 1.213264e+00 -5.608739e+00
         vertex 4.109422e-01 1.213286e+00 -5.604885e+00
         vertex 3.512584e-01 1.322084e+00 -5.618057e+00
      endloop
   endfacet
   facet normal -6.153252e-02 8.662488e-02 9.943389e-01
      outer loop
         vertex 3.512584e-01 1.322084e+00 -5.618057e+00
         vertex 4.109422e-01 1.213286e+00 -5.604885e+00
         vertex 4.136576e-01 1.320493e+00 -5.614057e+00
      endloop
   endfacet
   facet normal -6.211924e-02 6.728090e-02 9.957984e-01
      outer loop
         vertex 3.512584e-01 1.322084e+00 -5.618057e+00
         vertex 4.136576e-01 1.320493e+00 -5.614057e+00
         vertex 3.539730e-01 1.431273e+00 -5.625265e+00
      endloop
   endfacet
   facet normal -5.959958e-02 6.864457e-02 9.958593e-01
      outer loop
         vertex 3.539730e-01 1.431273e+00 -5.625265e+00
         vertex 4.136576e-01 1.320493e+00 -5.614057e+00
         vertex 4.189581e-01 1.428016e+00 -5.621151e+00
      endloop
   endfacet
   facet normal -6.062545e-02 4.952607e-02 9.969312e-01
      outer loop
         vertex 3.539730e-01 1.431273e+00 -5.625265e+00
         vertex 4.189581e-01 1.428016e+00 -5.621151e+00
         vertex 3.590821e-01 1.541001e+00 -5.630405e+00
      endloop
   endfacet
   facet normal -5.871341e-02 5.054454e-02 9.969945e-01
      outer loop
         vertex 3.590821e-01 1.541001e+00 -5.630405e+00
         vertex 4.189581e-01 1.428016e+00 -5.621151e+00
         vertex 4.258596e-01 1.535840e+00 -5.626211e+00
      endloop
   endfacet
   facet normal -6.029052e-02 3.071903e-02 9.977081e-01
      outer loop
         vertex 3.590821e-01 1.541001e+00 -5.630405e+00
         vertex 4.258596e-01 1.535840e+00 -5.626211e+00
         vertex 3.680899e-01 1.650482e+00 -5.633232e+00
      endloop
   endfacet
   facet normal -5.924755e-02 3.124741e-02 9.977541e-01
      outer loop
         vertex 3.680899e-01 1.650482e+00 -5.633232e+00
         vertex 4.258596e-01 1.535840e+00 -5.626211e+00
         vertex 4.358793e-01 1.643531e+00 -5.628989e+00
      endloop
   endfacet
   facet normal -6.112067e-02 1.315826e-02 9.980436e-01
      outer loop
         vertex 3.680899e-01 1.650482e+00 -5.633232e+00
         vertex 4.358793e-01 1.643531e+00 -5.628989e+00
         vertex 3.810373e-01 1.758871e+00 -5.633868e+00
      endloop
   endfacet
   facet normal -6.090601e-02 1.326082e-02 9.980554e-01
      outer loop
         vertex 3.810373e-01 1.758871e+00 -5.633868e+00
         vertex 4.358793e-01 1.643531e+00 -5.628989e+00
         vertex 4.491315e-01 1.751045e+00 -5.629608e+00
      endloop
   endfacet
   facet normal -6.328105e-02 -7.453269e-03 9.979679e-01
      outer loop
         vertex 3.810373e-01 1.758871e+00 -5.633868e+00
         vertex 4.491315e-01 1.751045e+00 -5.629608e+00
         vertex 3.948623e-01 1.865953e+00 -5.632191e+00
      endloop
   endfacet
   facet normal -6.333017e-02 -7.476544e-03 9.979646e-01
      outer loop
         vertex 3.948623e-01 1.865953e+00 -5.632191e+00
         vertex 4.491315e-01 1.751045e+00 -5.629608e+00
         vertex 4.625911e-01 1.858436e+00 -5.627950e+00
      endloop
   endfacet
   facet normal -6.603215e-02 -3.219764e-02 9.972979e-01
      outer loop
         vertex 3.948623e-01 1.865953e+00 -5.632191e+00
         vertex 4.625911e-01 1.858436e+00 -5.627950e+00
         vertex 4.066256e-01 1.972101e+00 -5.627986e+00
      endloop
   endfacet
   facet normal -6.570369e-02 -3.203590e-02 9.973248e-01
      outer loop
         vertex 4.066256e-01 1.972101e+00 -5.627986e+00
         vertex 4.625911e-01 1.858436e+00 -5.627950e+00
         vertex 4.733049e-01 1.965802e+00 -5.623795e+00
      endloop
   endfacet
   facet normal -6.805708e-02 -5.782578e-02 9.960042e-01
      outer loop
         vertex 4.066256e-01 1.972101e+00 -5.627986e+00
         vertex 4.733049e-01 1.965802e+00 -5.623795e+00
         vertex 4.166918e-01 2.078166e+00 -5.621140e+00
      endloop
   endfacet
   facet normal -6.744063e-02 -5.751660e-02 9.960641e-01
      outer loop
         vertex 4.166918e-01 2.078166e+00 -5.621140e+00
         vertex 4.733049e-01 1.965802e+00 -5.623795e+00
         vertex 4.815658e-01 2.073233e+00 -5.617032e+00
      endloop
   endfacet
   facet normal -6.891520e-02 -7.816587e-02 9.945556e-01
      outer loop
         vertex 4.166918e-01 2.078166e+00 -5.621140e+00
         vertex 4.815658e-01 2.073233e+00 -5.617032e+00
         vertex 4.263798e-01 2.184111e+00 -5.612142e+00
      endloop
   endfacet
   facet normal -6.846518e-02 -7.794403e-02 9.946041e-01
      outer loop
         vertex 4.263798e-01 2.184111e+00 -5.612142e+00
         vertex 4.815658e-01 2.073233e+00 -5.617032e+00
         vertex 4.886776e-01 2.180313e+00 -5.608151e+00
      endloop
   endfacet
   facet normal -6.974307e-02 -1.012005e-01 9.924184e-01
      outer loop
         vertex 4.263798e-01 2.184111e+00 -5.612142e+00
         vertex 4.886776e-01 2.180313e+00 -5.608151e+00
         vertex 4.346775e-01 2.289715e+00 -5.600790e+00
      endloop
   endfacet
   facet normal -6.917557e-02 -1.009250e-01 9.924862e-01
      outer loop
         vertex 4.346775e-01 2.289715e+00 -5.600790e+00
         vertex 4.886776e-01 2.180313e+00 -5.608151e+00
         vertex 4.937080e-01 2.287038e+00 -5.596948e+00
      endloop
   endfacet
   facet normal -7.028634e-02 -1.304876e-01 9.889554e-01
      outer loop
         vertex 4.346775e-01 2.289715e+00 -5.600790e+00
         vertex 4.937080e-01 2.287038e+00 -5.596948e+00
         vertex 4.414989e-01 2.396067e+00 -5.586273e+00
      endloop
   endfacet
   facet normal -6.963135e-02 -1.301824e-01 9.890420e-01
      outer loop
         vertex 4.414989e-01 2.396067e+00 -5.586273e+00
         vertex 4.937080e-01 2.287038e+00 -5.596948e+00
         vertex 4.966283e-01 2.394475e+00 -5.582601e+00
      endloop
   endfacet
   facet normal -6.999289e-02 -1.488414e-01 9.863809e-01
      outer loop
         vertex 4.414989e-01 2.396067e+00 -5.586273e+00
         vertex 4.966283e-01 2.394475e+00 -5.582601e+00
         vertex 4.471951e-01 2.504477e+00 -5.569510e+00
      endloop
   endfacet
   facet normal -6.987475e-02 -1.487902e-01 9.863970e-01
      outer loop
         vertex 4.471951e-01 2.504477e+00 -5.569510e+00
         vertex 4.966283e-01 2.394475e+00 -5.582601e+00
         vertex 4.978438e-01 2.503817e+00 -5.566021e+00
      endloop
   endfacet
   facet normal -6.984144e-02 -1.377824e-01 9.879971e-01
      outer loop
         vertex 4.471951e-01 2.504477e+00 -5.569510e+00
         vertex 4.978438e-01 2.503817e+00 -5.566021e+00
         vertex 4.496550e-01 2.559618e+00 -5.561646e+00
      endloop
   endfacet
   facet normal -7.023406e-02 -1.381156e-01 9.879227e-01
      outer loop
         vertex 4.496550e-01 2.559618e+00 -5.561646e+00
         vertex 4.978438e-01 2.503817e+00 -5.566021e+00
         vertex 4.978686e-01 2.559355e+00 -5.558255e+00
      endloop
   endfacet
   facet normal -7.033769e-02 -1.057973e-01 9.918969e-01
      outer loop
         vertex 4.496550e-01 2.559618e+00 -5.561646e+00
         vertex 4.978686e-01 2.559355e+00 -5.558255e+00
         vertex 4.517618e-01 2.615234e+00 -5.555565e+00
      endloop
   endfacet
   facet normal -7.113556e-02 -1.064495e-01 9.917703e-01
      outer loop
         vertex 4.517618e-01 2.615234e+00 -5.555565e+00
         vertex 4.978686e-01 2.559355e+00 -5.558255e+00
         vertex 4.974279e-01 2.615352e+00 -5.552277e+00
      endloop
   endfacet
   facet normal -7.153716e-02 -5.938878e-02 9.956683e-01
      outer loop
         vertex 4.517618e-01 2.615234e+00 -5.555565e+00
         vertex 4.974279e-01 2.615352e+00 -5.552277e+00
         vertex 4.548068e-01 2.726851e+00 -5.548688e+00
      endloop
   endfacet
   facet normal -7.436578e-02 -6.046128e-02 9.953965e-01
      outer loop
         vertex 4.548068e-01 2.726851e+00 -5.548688e+00
         vertex 4.974279e-01 2.615352e+00 -5.552277e+00
         vertex 4.950837e-01 2.727665e+00 -5.545630e+00
      endloop
   endfacet
   facet normal -7.488361e-02 -3.873335e-02 9.964397e-01
      outer loop
         vertex 4.548068e-01 2.726851e+00 -5.548688e+00
         vertex 4.950837e-01 2.727665e+00 -5.545630e+00
         vertex 4.565465e-01 2.838083e+00 -5.544234e+00
      endloop
   endfacet
   facet normal -7.910098e-02 -4.020040e-02 9.960557e-01
      outer loop
         vertex 4.565465e-01 2.838083e+00 -5.544234e+00
         vertex 4.950837e-01 2.727665e+00 -5.545630e+00
         vertex 4.910964e-01 2.839362e+00 -5.541438e+00
      endloop
   endfacet
   facet normal -8.013122e-02 -1.374937e-02 9.966895e-01
      outer loop
         vertex 4.565465e-01 2.838083e+00 -5.544234e+00
         vertex 4.910964e-01 2.839362e+00 -5.541438e+00
         vertex 4.568820e-01 2.948973e+00 -5.542677e+00
      endloop
   endfacet
   facet normal -8.622641e-02 -1.565802e-02 9.961525e-01
      outer loop
         vertex 4.568820e-01 2.948973e+00 -5.542677e+00
         vertex 4.910964e-01 2.839362e+00 -5.541438e+00
         vertex 4.854626e-01 2.950493e+00 -5.540179e+00
      endloop
   endfacet
   facet normal -8.820365e-02 2.201579e-02 9.958591e-01
      outer loop
         vertex 4.568820e-01 2.948973e+00 -5.542677e+00
         vertex 4.854626e-01 2.950493e+00 -5.540179e+00
         vertex 4.564347e-01 3.004411e+00 -5.543942e+00
      endloop
   endfacet
   facet normal -9.224522e-02 1.981761e-02 9.955391e-01
      outer loop
         vertex 4.564347e-01 3.004411e+00 -5.543942e+00
         vertex 4.854626e-01 2.950493e+00 -5.540179e+00
         vertex 4.819766e-01 3.005988e+00 -5.541607e+00
      endloop
   endfacet
   facet normal -9.405287e-02 5.099426e-02 9.942603e-01
      outer loop
         vertex 4.564347e-01 3.004411e+00 -5.543942e+00
         vertex 4.819766e-01 3.005988e+00 -5.541607e+00
         vertex 4.555423e-01 3.059846e+00 -5.546870e+00
      endloop
   endfacet
   facet normal -9.903166e-02 4.851548e-02 9.939009e-01
      outer loop
         vertex 4.555423e-01 3.059846e+00 -5.546870e+00
         vertex 4.819766e-01 3.005988e+00 -5.541607e+00
         vertex 4.780309e-01 3.061439e+00 -5.544707e+00
      endloop
   endfacet
   facet normal -1.011365e-01 8.144393e-02 9.915333e-01
      outer loop
         vertex 4.555423e-01 3.059846e+00 -5.546870e+00
         vertex 4.780309e-01 3.061439e+00 -5.544707e+00
         vertex 4.524683e-01 3.170189e+00 -5.556247e+00
      endloop
   endfacet
   facet normal -1.144214e-01 7.819562e-02 9.903500e-01
      outer loop
         vertex 4.524683e-01 3.170189e+00 -5.556247e+00
         vertex 4.780309e-01 3.061439e+00 -5.544707e+00
         vertex 4.688724e-01 3.171605e+00 -5.554463e+00
      endloop
   endfacet
   facet normal -1.141766e-01 7.501387e-02 9.906244e-01
      outer loop
         vertex 4.524683e-01 3.170189e+00 -5.556247e+00
         vertex 4.688724e-01 3.171605e+00 -5.554463e+00
         vertex 4.486379e-01 3.278911e+00 -5.564921e+00
      endloop
   endfacet
   facet normal -1.367007e-01 7.052044e-02 9.880991e-01
      outer loop
         vertex 4.486379e-01 3.278911e+00 -5.564921e+00
         vertex 4.688724e-01 3.171605e+00 -5.554463e+00
         vertex 4.589637e-01 3.279751e+00 -5.563552e+00
      endloop
   endfacet
   facet normal -1.388404e-01 1.017400e-01 9.850748e-01
      outer loop
         vertex 4.486379e-01 3.278911e+00 -5.564921e+00
         vertex 4.589637e-01 3.279751e+00 -5.563552e+00
         vertex 4.469116e-01 3.333558e+00 -5.570808e+00
      endloop
   endfacet
   facet normal -1.582261e-01 9.706688e-02 9.826202e-01
      outer loop
         vertex 4.469116e-01 3.333558e+00 -5.570808e+00
         vertex 4.589637e-01 3.279751e+00 -5.563552e+00
         vertex 4.543014e-01 3.334159e+00 -5.569678e+00
      endloop
   endfacet
   facet normal -1.605353e-01 1.345235e-01 9.778199e-01
      outer loop
         vertex 4.469116e-01 3.333558e+00 -5.570808e+00
         vertex 4.543014e-01 3.334159e+00 -5.569678e+00
         vertex 4.446816e-01 3.388574e+00 -5.578743e+00
      endloop
   endfacet
   facet normal -1.732053e-01 1.319809e-01 9.760026e-01
      outer loop
         vertex 4.446816e-01 3.388574e+00 -5.578743e+00
         vertex 4.543014e-01 3.334159e+00 -5.569678e+00
         vertex 4.496661e-01 3.388999e+00 -5.577916e+00
      endloop
   endfacet
   facet normal -1.733462e-01 1.342929e-01 9.756621e-01
      outer loop
         vertex 4.446816e-01 3.388574e+00 -5.578743e+00
         vertex 4.496661e-01 3.388999e+00 -5.577916e+00
         vertex 4.413043e-01 3.443862e+00 -5.586953e+00
      endloop
   endfacet
   facet normal -1.491774e-01 1.385359e-01 9.790577e-01
      outer loop
         vertex 4.413043e-01 3.443862e+00 -5.586953e+00
         vertex 4.496661e-01 3.388999e+00 -5.577916e+00
         vertex 4.448629e-01 3.444166e+00 -5.586454e+00
      endloop
   endfacet
   facet normal -1.456710e-01 8.691081e-02 9.855082e-01
      outer loop
         vertex 4.413043e-01 3.443862e+00 -5.586953e+00
         vertex 4.448629e-01 3.444166e+00 -5.586454e+00
         vertex 4.390978e-01 3.471623e+00 -5.589728e+00
      endloop
   endfacet
   facet normal -1.203120e-01 9.258123e-02 9.884097e-01
      outer loop
         vertex 4.390978e-01 3.471623e+00 -5.589728e+00
         vertex 4.448629e-01 3.444166e+00 -5.586454e+00
         vertex 4.424161e-01 3.471899e+00 -5.589350e+00
      endloop
   endfacet
   facet normal -1.141639e-01 1.167103e-02 9.933934e-01
      outer loop
         vertex 4.390978e-01 3.471623e+00 -5.589728e+00
         vertex 4.424161e-01 3.471899e+00 -5.589350e+00
         vertex 4.366015e-01 3.499524e+00 -5.590342e+00
      endloop
   endfacet
   facet normal -1.005455e-01 1.458895e-02 9.948255e-01
      outer loop
         vertex 4.366015e-01 3.499524e+00 -5.590342e+00
         vertex 4.424161e-01 3.471899e+00 -5.589350e+00
         vertex 4.400162e-01 3.499814e+00 -5.590002e+00
      endloop
   endfacet
   facet normal -8.639625e-02 9.960851e-01 1.871466e-02
      outer loop
         vertex 4.482910e-01 3.500882e+00 -5.608659e+00
         vertex 4.433985e-01 3.500476e+00 -5.609658e+00
         vertex 4.483190e-01 3.500559e+00 -5.591341e+00
      endloop
   endfacet
   facet normal -8.639628e-02 9.960851e-01 1.871467e-02
      outer loop
         vertex 4.483190e-01 3.500559e+00 -5.591341e+00
         vertex 4.433985e-01 3.500476e+00 -5.609658e+00
         vertex 4.434297e-01 3.500116e+00 -5.590342e+00
      endloop
   endfacet
   facet normal -8.642588e-02 9.960826e-01 1.870784e-02
      outer loop
         vertex 4.399838e-01 3.500186e+00 -5.609998e+00
         vertex 4.366015e-01 3.499524e+00 -5.590342e+00
         vertex 4.433985e-01 3.500476e+00 -5.609658e+00
      endloop
   endfacet
   facet normal -8.642588e-02 9.960826e-01 1.870784e-02
      outer loop
         vertex 4.433985e-01 3.500476e+00 -5.609658e+00
         vertex 4.366015e-01 3.499524e+00 -5.590342e+00
         vertex 4.400162e-01 3.499814e+00 -5.590002e+00
      endloop
   endfacet
   facet normal -8.638683e-02 9.960859e-01 1.871467e-02
      outer loop
         vertex 4.433985e-01 3.500476e+00 -5.609658e+00
         vertex 4.400162e-01 3.499814e+00 -5.590002e+00
         vertex 4.434297e-01 3.500116e+00 -5.590342e+00
      endloop
   endfacet
   facet normal -8.638683e-02 9.960859e-01 1.871467e-02
      outer loop
         vertex 4.399838e-01 3.500186e+00 -5.609998e+00
         vertex 4.365703e-01 3.499884e+00 -5.609658e+00
         vertex 4.366015e-01 3.499524e+00 -5.590342e+00
      endloop
   endfacet
   facet normal -8.639577e-02 9.960851e-01 1.871467e-02
      outer loop
         vertex 4.366015e-01 3.499524e+00 -5.590342e+00
         vertex 4.365703e-01 3.499884e+00 -5.609658e+00
         vertex 4.316810e-01 3.499441e+00 -5.608659e+00
      endloop
   endfacet
   facet normal -8.639628e-02 9.960851e-01 1.871481e-02
      outer loop
         vertex 4.366015e-01 3.499524e+00 -5.590342e+00
         vertex 4.316810e-01 3.499441e+00 -5.608659e+00
         vertex 4.317090e-01 3.499118e+00 -5.591341e+00
      endloop
   endfacet
   facet normal -8.641833e-02 9.960831e-01 1.871466e-02
      outer loop
         vertex 4.482910e-01 3.500882e+00 -5.608659e+00
         vertex 4.483190e-01 3.500559e+00 -5.591341e+00
         vertex 4.532483e-01 3.501282e+00 -5.607070e+00
      endloop
   endfacet
   facet normal -8.644349e-02 9.960811e-01 1.870668e-02
      outer loop
         vertex 4.532483e-01 3.501282e+00 -5.607070e+00
         vertex 4.483190e-01 3.500559e+00 -5.591341e+00
         vertex 4.532712e-01 3.501019e+00 -5.592930e+00
      endloop
   endfacet
   facet normal -8.643833e-02 9.960816e-01 1.870668e-02
      outer loop
         vertex 4.532483e-01 3.501282e+00 -5.607070e+00
         vertex 4.532712e-01 3.501019e+00 -5.592930e+00
         vertex 4.574259e-01 3.501606e+00 -5.604999e+00
      endloop
   endfacet
   facet normal -8.641837e-02 9.960831e-01 1.871481e-02
      outer loop
         vertex 4.317090e-01 3.499118e+00 -5.591341e+00
         vertex 4.316810e-01 3.499441e+00 -5.608659e+00
         vertex 4.267517e-01 3.498718e+00 -5.592930e+00
      endloop
   endfacet
   facet normal -8.644399e-02 9.960811e-01 1.870668e-02
      outer loop
         vertex 4.267517e-01 3.498718e+00 -5.592930e+00
         vertex 4.316810e-01 3.499441e+00 -5.608659e+00
         vertex 4.267288e-01 3.498981e+00 -5.607070e+00
      endloop
   endfacet
   facet normal -8.643833e-02 9.960816e-01 1.870668e-02
      outer loop
         vertex 4.267517e-01 3.498718e+00 -5.592930e+00
         vertex 4.267288e-01 3.498981e+00 -5.607070e+00
         vertex 4.225741e-01 3.498394e+00 -5.595001e+00
      endloop
   endfacet
   facet normal -8.637592e-02 9.960864e-01 1.873529e-02
      outer loop
         vertex 4.611705e-01 3.501836e+00 -5.600000e+00
         vertex 4.601983e-01 3.501801e+00 -5.602588e+00
         vertex 4.602067e-01 3.501704e+00 -5.597412e+00
      endloop
   endfacet
   facet normal -8.639624e-02 9.960847e-01 1.873529e-02
      outer loop
         vertex 4.602067e-01 3.501704e+00 -5.597412e+00
         vertex 4.601983e-01 3.501801e+00 -5.602588e+00
         vertex 4.574259e-01 3.501606e+00 -5.604999e+00
      endloop
   endfacet
   facet normal -8.635431e-02 9.960886e-01 1.871987e-02
      outer loop
         vertex 4.602067e-01 3.501704e+00 -5.597412e+00
         vertex 4.574259e-01 3.501606e+00 -5.604999e+00
         vertex 4.574421e-01 3.501419e+00 -5.595001e+00
      endloop
   endfacet
   facet normal -8.640046e-02 9.960846e-01 1.871987e-02
      outer loop
         vertex 4.574421e-01 3.501419e+00 -5.595001e+00
         vertex 4.574259e-01 3.501606e+00 -5.604999e+00
         vertex 4.532712e-01 3.501019e+00 -5.592930e+00
      endloop
   endfacet
   facet normal -8.636569e-02 9.960873e-01 1.873480e-02
      outer loop
         vertex 4.188295e-01 3.498164e+00 -5.600000e+00
         vertex 4.198017e-01 3.498199e+00 -5.597412e+00
         vertex 4.197933e-01 3.498296e+00 -5.602588e+00
      endloop
   endfacet
   facet normal -8.639492e-02 9.960848e-01 1.873480e-02
      outer loop
         vertex 4.197933e-01 3.498296e+00 -5.602588e+00
         vertex 4.198017e-01 3.498199e+00 -5.597412e+00
         vertex 4.225741e-01 3.498394e+00 -5.595001e+00
      endloop
   endfacet
   facet normal -8.635431e-02 9.960886e-01 1.871987e-02
      outer loop
         vertex 4.197933e-01 3.498296e+00 -5.602588e+00
         vertex 4.225741e-01 3.498394e+00 -5.595001e+00
         vertex 4.225579e-01 3.498581e+00 -5.604999e+00
      endloop
   endfacet
   facet normal -8.640046e-02 9.960846e-01 1.871987e-02
      outer loop
         vertex 4.225579e-01 3.498581e+00 -5.604999e+00
         vertex 4.225741e-01 3.498394e+00 -5.595001e+00
         vertex 4.267288e-01 3.498981e+00 -5.607070e+00
      endloop
   endfacet
   facet normal 1.971838e-01 3.294445e-02 9.798128e-01
      outer loop
         vertex 4.483190e-01 3.500559e+00 -5.591341e+00
         vertex 4.434297e-01 3.500116e+00 -5.590342e+00
         vertex 4.504840e-01 3.472616e+00 -5.590837e+00
      endloop
   endfacet
   facet normal 2.238711e-01 3.989836e-02 9.738018e-01
      outer loop
         vertex 4.504840e-01 3.472616e+00 -5.590837e+00
         vertex 4.434297e-01 3.500116e+00 -5.590342e+00
         vertex 4.457332e-01 3.472189e+00 -5.589728e+00
      endloop
   endfacet
   facet normal 2.168366e-01 1.086822e-01 9.701392e-01
      outer loop
         vertex 4.504840e-01 3.472616e+00 -5.590837e+00
         vertex 4.457332e-01 3.472189e+00 -5.589728e+00
         vertex 4.535146e-01 3.444963e+00 -5.588417e+00
      endloop
   endfacet
   facet normal 2.635962e-01 1.214120e-01 9.569619e-01
      outer loop
         vertex 4.535146e-01 3.444963e+00 -5.588417e+00
         vertex 4.457332e-01 3.472189e+00 -5.589728e+00
         vertex 4.484200e-01 3.444488e+00 -5.586953e+00
      endloop
   endfacet
   facet normal 2.581175e-01 1.647648e-01 9.519600e-01
      outer loop
         vertex 4.535146e-01 3.444963e+00 -5.588417e+00
         vertex 4.484200e-01 3.444488e+00 -5.586953e+00
         vertex 4.617834e-01 3.390130e+00 -5.581168e+00
      endloop
   endfacet
   facet normal 3.021007e-01 1.740131e-01 9.372591e-01
      outer loop
         vertex 4.617834e-01 3.390130e+00 -5.581168e+00
         vertex 4.484200e-01 3.444488e+00 -5.586953e+00
         vertex 4.546482e-01 3.389455e+00 -5.578743e+00
      endloop
   endfacet
   facet normal 3.013219e-01 1.794571e-01 9.364829e-01
      outer loop
         vertex 4.617834e-01 3.390130e+00 -5.581168e+00
         vertex 4.546482e-01 3.389455e+00 -5.578743e+00
         vertex 4.722645e-01 3.335760e+00 -5.574122e+00
      endloop
   endfacet
   facet normal 2.801357e-01 1.731714e-01 9.442117e-01
      outer loop
         vertex 4.722645e-01 3.335760e+00 -5.574122e+00
         vertex 4.546482e-01 3.389455e+00 -5.578743e+00
         vertex 4.616871e-01 3.334803e+00 -5.570808e+00
      endloop
   endfacet
   facet normal 2.827557e-01 1.533547e-01 9.468535e-01
      outer loop
         vertex 4.722645e-01 3.335760e+00 -5.574122e+00
         vertex 4.616871e-01 3.334803e+00 -5.570808e+00
         vertex 4.840657e-01 3.281966e+00 -5.568934e+00
      endloop
   endfacet
   facet normal 2.478515e-01 1.389943e-01 9.587754e-01
      outer loop
         vertex 4.840657e-01 3.281966e+00 -5.568934e+00
         vertex 4.616871e-01 3.334803e+00 -5.570808e+00
         vertex 4.692845e-01 3.280645e+00 -5.564921e+00
      endloop
   endfacet
   facet normal 2.495227e-01 1.248759e-01 9.602835e-01
      outer loop
         vertex 4.840657e-01 3.281966e+00 -5.568934e+00
         vertex 4.692845e-01 3.280645e+00 -5.564921e+00
         vertex 5.087600e-01 3.175279e+00 -5.561477e+00
      endloop
   endfacet
   facet normal 2.063512e-01 1.090971e-01 9.723770e-01
      outer loop
         vertex 5.087600e-01 3.175279e+00 -5.561477e+00
         vertex 4.692845e-01 3.280645e+00 -5.564921e+00
         vertex 4.852714e-01 3.173093e+00 -5.556247e+00
      endloop
   endfacet
   facet normal 2.053030e-01 1.183123e-01 9.715209e-01
      outer loop
         vertex 5.087600e-01 3.175279e+00 -5.561477e+00
         vertex 4.852714e-01 3.173093e+00 -5.556247e+00
         vertex 5.326943e-01 3.065874e+00 -5.553211e+00
      endloop
   endfacet
   facet normal 1.834648e-01 1.088079e-01 9.769859e-01
      outer loop
         vertex 5.326943e-01 3.065874e+00 -5.553211e+00
         vertex 4.852714e-01 3.173093e+00 -5.556247e+00
         vertex 5.005065e-01 3.063208e+00 -5.546870e+00
      endloop
   endfacet
   facet normal 1.861767e-01 8.122285e-02 9.791533e-01
      outer loop
         vertex 5.326943e-01 3.065874e+00 -5.553211e+00
         vertex 5.005065e-01 3.063208e+00 -5.546870e+00
         vertex 5.440534e-01 3.010630e+00 -5.550788e+00
      endloop
   endfacet
   facet normal 1.780584e-01 7.434602e-02 9.812073e-01
      outer loop
         vertex 5.440534e-01 3.010630e+00 -5.550788e+00
         vertex 5.005065e-01 3.063208e+00 -5.546870e+00
         vertex 5.075011e-01 3.007818e+00 -5.543942e+00
      endloop
   endfacet
   facet normal 1.802007e-01 4.937568e-02 9.823898e-01
      outer loop
         vertex 5.440534e-01 3.010630e+00 -5.550788e+00
         vertex 5.075011e-01 3.007818e+00 -5.543942e+00
         vertex 5.549206e-01 2.955274e+00 -5.549999e+00
      endloop
   endfacet
   facet normal 1.731159e-01 4.279952e-02 9.839711e-01
      outer loop
         vertex 5.549206e-01 2.955274e+00 -5.549999e+00
         vertex 5.075011e-01 3.007818e+00 -5.543942e+00
         vertex 5.140224e-01 2.952353e+00 -5.542677e+00
      endloop
   endfacet
   facet normal 1.755175e-01 1.030573e-02 9.844224e-01
      outer loop
         vertex 5.549206e-01 2.955274e+00 -5.549999e+00
         vertex 5.140224e-01 2.952353e+00 -5.542677e+00
         vertex 5.750662e-01 2.844186e+00 -5.552428e+00
      endloop
   endfacet
   facet normal 1.633166e-01 3.226728e-03 9.865684e-01
      outer loop
         vertex 5.750662e-01 2.844186e+00 -5.552428e+00
         vertex 5.140224e-01 2.952353e+00 -5.542677e+00
         vertex 5.256227e-01 2.841179e+00 -5.544234e+00
      endloop
   endfacet
   facet normal 1.646401e-01 -1.965418e-02 9.861579e-01
      outer loop
         vertex 5.750662e-01 2.844186e+00 -5.552428e+00
         vertex 5.256227e-01 2.841179e+00 -5.544234e+00
         vertex 5.929898e-01 2.732060e+00 -5.557655e+00
      endloop
   endfacet
   facet normal 1.548793e-01 -2.585697e-02 9.875950e-01
      outer loop
         vertex 5.929898e-01 2.732060e+00 -5.557655e+00
         vertex 5.256227e-01 2.841179e+00 -5.544234e+00
         vertex 5.353386e-01 2.729237e+00 -5.548688e+00
      endloop
   endfacet
   facet normal 1.556703e-01 -4.452369e-02 9.868051e-01
      outer loop
         vertex 5.929898e-01 2.732060e+00 -5.557655e+00
         vertex 5.353386e-01 2.729237e+00 -5.548688e+00
         vertex 6.084649e-01 2.618836e+00 -5.565205e+00
      endloop
   endfacet
   facet normal 1.474520e-01 -5.011589e-02 9.877987e-01
      outer loop
         vertex 6.084649e-01 2.618836e+00 -5.565205e+00
         vertex 5.353386e-01 2.729237e+00 -5.548688e+00
         vertex 5.430787e-01 2.616474e+00 -5.555565e+00
      endloop
   endfacet
   facet normal 1.485335e-01 -9.368687e-02 9.844595e-01
      outer loop
         vertex 6.084649e-01 2.618836e+00 -5.565205e+00
         vertex 5.430787e-01 2.616474e+00 -5.555565e+00
         vertex 6.151249e-01 2.562329e+00 -5.571587e+00
      endloop
   endfacet
   facet normal 1.447493e-01 -9.874287e-02 9.845291e-01
      outer loop
         vertex 6.151249e-01 2.562329e+00 -5.571587e+00
         vertex 5.430787e-01 2.616474e+00 -5.555565e+00
         vertex 5.460739e-01 2.560228e+00 -5.561646e+00
      endloop
   endfacet
   facet normal 1.451344e-01 -1.270505e-01 9.812208e-01
      outer loop
         vertex 6.151249e-01 2.562329e+00 -5.571587e+00
         vertex 5.460739e-01 2.560228e+00 -5.561646e+00
         vertex 6.210543e-01 2.506178e+00 -5.579735e+00
      endloop
   endfacet
   facet normal 1.414880e-01 -1.320655e-01 9.810912e-01
      outer loop
         vertex 6.210543e-01 2.506178e+00 -5.579735e+00
         vertex 5.460739e-01 2.560228e+00 -5.561646e+00
         vertex 5.484938e-01 2.504403e+00 -5.569510e+00
      endloop
   endfacet
   facet normal 1.415257e-01 -1.399034e-01 9.799987e-01
      outer loop
         vertex 6.210543e-01 2.506178e+00 -5.579735e+00
         vertex 5.484938e-01 2.504403e+00 -5.569510e+00
         vertex 6.308082e-01 2.394853e+00 -5.597036e+00
      endloop
   endfacet
   facet normal 1.346716e-01 -1.451060e-01 9.802080e-01
      outer loop
         vertex 6.308082e-01 2.394853e+00 -5.597036e+00
         vertex 5.484938e-01 2.504403e+00 -5.569510e+00
         vertex 5.517810e-01 2.394219e+00 -5.586273e+00
      endloop
   endfacet
   facet normal 1.348777e-01 -1.255952e-01 9.828702e-01
      outer loop
         vertex 6.308082e-01 2.394853e+00 -5.597036e+00
         vertex 5.517810e-01 2.394219e+00 -5.586273e+00
         vertex 6.374379e-01 2.284450e+00 -5.612054e+00
      endloop
   endfacet
   facet normal 1.290383e-01 -1.301954e-01 9.830556e-01
      outer loop
         vertex 6.374379e-01 2.284450e+00 -5.612054e+00
         vertex 5.517810e-01 2.394219e+00 -5.586273e+00
         vertex 5.527806e-01 2.285594e+00 -5.600790e+00
      endloop
   endfacet
   facet normal 1.298453e-01 -1.020834e-01 9.862653e-01
      outer loop
         vertex 6.374379e-01 2.284450e+00 -5.612054e+00
         vertex 5.527806e-01 2.285594e+00 -5.600790e+00
         vertex 6.403918e-01 2.174316e+00 -5.623842e+00
      endloop
   endfacet
   facet normal 1.253534e-01 -1.056623e-01 9.864695e-01
      outer loop
         vertex 6.403918e-01 2.174316e+00 -5.623842e+00
         vertex 5.527806e-01 2.285594e+00 -5.600790e+00
         vertex 5.510290e-01 2.177534e+00 -5.612142e+00
      endloop
   endfacet
   facet normal 1.263673e-01 -8.445554e-02 9.883818e-01
      outer loop
         vertex 6.403918e-01 2.174316e+00 -5.623842e+00
         vertex 5.510290e-01 2.177534e+00 -5.612142e+00
         vertex 6.395535e-01 2.063743e+00 -5.633183e+00
      endloop
   endfacet
   facet normal 1.229330e-01 -8.716392e-02 9.885798e-01
      outer loop
         vertex 6.395535e-01 2.063743e+00 -5.633183e+00
         vertex 5.510290e-01 2.177534e+00 -5.612142e+00
         vertex 5.464956e-01 2.069089e+00 -5.621140e+00
      endloop
   endfacet
   facet normal 1.242552e-01 -6.727307e-02 9.899672e-01
      outer loop
         vertex 6.395535e-01 2.063743e+00 -5.633183e+00
         vertex 5.464956e-01 2.069089e+00 -5.621140e+00
         vertex 6.356651e-01 1.952238e+00 -5.640273e+00
      endloop
   endfacet
   facet normal 1.215471e-01 -6.937099e-02 9.901586e-01
      outer loop
         vertex 6.356651e-01 1.952238e+00 -5.640273e+00
         vertex 5.464956e-01 2.069089e+00 -5.621140e+00
         vertex 5.400340e-01 1.960056e+00 -5.627986e+00
      endloop
   endfacet
   facet normal 1.230465e-01 -5.237960e-02 9.910176e-01
      outer loop
         vertex 6.356651e-01 1.952238e+00 -5.640273e+00
         vertex 5.400340e-01 1.960056e+00 -5.627986e+00
         vertex 6.322121e-01 1.896481e+00 -5.642791e+00
      endloop
   endfacet
   facet normal 1.250732e-01 -4.941752e-02 9.909160e-01
      outer loop
         vertex 6.322121e-01 1.896481e+00 -5.642791e+00
         vertex 5.400340e-01 1.960056e+00 -5.627986e+00
         vertex 5.303523e-01 1.851217e+00 -5.632191e+00
      endloop
   endfacet
   facet normal 1.989883e-01 1.222501e-02 9.799256e-01
      outer loop
         vertex 4.434130e-01 5.453212e-04 -5.590351e+00
         vertex 4.483216e-01 6.365385e-04 -5.591349e+00
         vertex 4.425669e-01 2.853883e-02 -5.590529e+00
      endloop
   endfacet
   facet normal 2.258248e-01 1.793411e-02 9.740028e-01
      outer loop
         vertex 4.425669e-01 2.853883e-02 -5.590529e+00
         vertex 4.483216e-01 6.365385e-04 -5.591349e+00
         vertex 4.473389e-01 2.861522e-02 -5.591637e+00
      endloop
   endfacet
   facet normal 2.266427e-01 -6.495155e-02 9.718099e-01
      outer loop
         vertex 4.425669e-01 2.853883e-02 -5.590529e+00
         vertex 4.473389e-01 2.861522e-02 -5.591637e+00
         vertex 4.419575e-01 5.646911e-02 -5.588520e+00
      endloop
   endfacet
   facet normal 2.750718e-01 -5.426136e-02 9.598913e-01
      outer loop
         vertex 4.419575e-01 5.646911e-02 -5.588520e+00
         vertex 4.473389e-01 2.861522e-02 -5.591637e+00
         vertex 4.470742e-01 5.654984e-02 -5.589982e+00
      endloop
   endfacet
   facet normal 2.745578e-01 -1.139395e-01 9.547962e-01
      outer loop
         vertex 4.419575e-01 5.646911e-02 -5.588520e+00
         vertex 4.470742e-01 5.654984e-02 -5.589982e+00
         vertex 4.417994e-01 1.120766e-01 -5.581839e+00
      endloop
   endfacet
   facet normal 3.199144e-01 -1.076531e-01 9.413105e-01
      outer loop
         vertex 4.417994e-01 1.120766e-01 -5.581839e+00
         vertex 4.470742e-01 5.654984e-02 -5.589982e+00
         vertex 4.489626e-01 1.121744e-01 -5.584262e+00
      endloop
   endfacet
   facet normal 3.197433e-01 -1.148946e-01 9.405124e-01
      outer loop
         vertex 4.417994e-01 1.120766e-01 -5.581839e+00
         vertex 4.489626e-01 1.121744e-01 -5.584262e+00
         vertex 4.428582e-01 1.672682e-01 -5.575456e+00
      endloop
   endfacet
   facet normal 2.968119e-01 -1.185598e-01 9.475475e-01
      outer loop
         vertex 4.428582e-01 1.672682e-01 -5.575456e+00
         vertex 4.489626e-01 1.121744e-01 -5.584262e+00
         vertex 4.534778e-01 1.673896e-01 -5.578768e+00
      endloop
   endfacet
   facet normal 2.975052e-01 -8.361564e-02 9.510516e-01
      outer loop
         vertex 4.428582e-01 1.672682e-01 -5.575456e+00
         vertex 4.534778e-01 1.673896e-01 -5.578768e+00
         vertex 4.443525e-01 2.220380e-01 -5.571108e+00
      endloop
   endfacet
   facet normal 2.607511e-01 -9.116017e-02 9.610924e-01
      outer loop
         vertex 4.443525e-01 2.220380e-01 -5.571108e+00
         vertex 4.534778e-01 1.673896e-01 -5.578768e+00
         vertex 4.591949e-01 2.222326e-01 -5.575117e+00
      endloop
   endfacet
   facet normal 2.609878e-01 -5.955776e-02 9.635031e-01
      outer loop
         vertex 4.443525e-01 2.220380e-01 -5.571108e+00
         vertex 4.591949e-01 2.222326e-01 -5.575117e+00
         vertex 4.501683e-01 4.415135e-01 -5.559117e+00
      endloop
   endfacet
   facet normal 1.929936e-01 -6.349789e-02 9.791432e-01
      outer loop
         vertex 4.501683e-01 4.415135e-01 -5.559117e+00
         vertex 4.591949e-01 2.222326e-01 -5.575117e+00
         vertex 4.824652e-01 4.419987e-01 -5.565451e+00
      endloop
   endfacet
   facet normal 1.927618e-01 -2.467990e-02 9.809352e-01
      outer loop
         vertex 4.501683e-01 4.415135e-01 -5.559117e+00
         vertex 4.824652e-01 4.419987e-01 -5.565451e+00
         vertex 4.534614e-01 5.522243e-01 -5.556979e+00
      endloop
   endfacet
   facet normal 1.758535e-01 -2.936293e-02 9.839783e-01
      outer loop
         vertex 4.534614e-01 5.522243e-01 -5.556979e+00
         vertex 4.824652e-01 4.419987e-01 -5.565451e+00
         vertex 4.944679e-01 5.526757e-01 -5.564294e+00
      endloop
   endfacet
   facet normal 1.754063e-01 1.721555e-02 9.843456e-01
      outer loop
         vertex 4.534614e-01 5.522243e-01 -5.556979e+00
         vertex 4.944679e-01 5.526757e-01 -5.564294e+00
         vertex 4.562638e-01 6.630017e-01 -5.559416e+00
      endloop
   endfacet
   facet normal 1.630013e-01 1.282278e-02 9.865425e-01
      outer loop
         vertex 4.562638e-01 6.630017e-01 -5.559416e+00
         vertex 4.944679e-01 5.526757e-01 -5.564294e+00
         vertex 5.058043e-01 6.634382e-01 -5.567607e+00
      endloop
   endfacet
   facet normal 1.627061e-01 3.628671e-02 9.860071e-01
      outer loop
         vertex 4.562638e-01 6.630017e-01 -5.559416e+00
         vertex 5.058043e-01 6.634382e-01 -5.567607e+00
         vertex 4.592446e-01 7.741189e-01 -5.563997e+00
      endloop
   endfacet
   facet normal 1.532877e-01 3.227098e-02 9.876545e-01
      outer loop
         vertex 4.592446e-01 7.741189e-01 -5.563997e+00
         vertex 5.058043e-01 6.634382e-01 -5.567607e+00
         vertex 5.169740e-01 7.744459e-01 -5.572967e+00
      endloop
   endfacet
   facet normal 1.530500e-01 5.205761e-02 9.868463e-01
      outer loop
         vertex 4.592446e-01 7.741189e-01 -5.563997e+00
         vertex 5.169740e-01 7.744459e-01 -5.572967e+00
         vertex 4.624254e-01 8.856682e-01 -5.570374e+00
      endloop
   endfacet
   facet normal 1.457104e-01 4.842775e-02 9.881413e-01
      outer loop
         vertex 4.624254e-01 8.856682e-01 -5.570374e+00
         vertex 5.169740e-01 7.744459e-01 -5.572967e+00
         vertex 5.278677e-01 8.857884e-01 -5.580030e+00
      endloop
   endfacet
   facet normal 1.451911e-01 9.155245e-02 9.851587e-01
      outer loop
         vertex 4.624254e-01 8.856682e-01 -5.570374e+00
         vertex 5.278677e-01 8.857884e-01 -5.580030e+00
         vertex 4.635709e-01 9.413855e-01 -5.575721e+00
      endloop
   endfacet
   facet normal 1.421128e-01 8.793203e-02 9.859371e-01
      outer loop
         vertex 4.635709e-01 9.413855e-01 -5.575721e+00
         vertex 5.278677e-01 8.857884e-01 -5.580030e+00
         vertex 5.326679e-01 9.414474e-01 -5.585686e+00
      endloop
   endfacet
   facet normal 1.416435e-01 1.179166e-01 9.828697e-01
      outer loop
         vertex 4.635709e-01 9.413855e-01 -5.575721e+00
         vertex 5.326679e-01 9.414474e-01 -5.585686e+00
         vertex 4.644008e-01 9.967197e-01 -5.582479e+00
      endloop
   endfacet
   facet normal 1.390445e-01 1.146628e-01 9.836255e-01
      outer loop
         vertex 4.644008e-01 9.967197e-01 -5.582479e+00
         vertex 5.326679e-01 9.414474e-01 -5.585686e+00
         vertex 5.369968e-01 9.966769e-01 -5.592736e+00
      endloop
   endfacet
   facet normal 1.388693e-01 1.253908e-01 9.823403e-01
      outer loop
         vertex 4.644008e-01 9.967197e-01 -5.582479e+00
         vertex 5.369968e-01 9.966769e-01 -5.592736e+00
         vertex 4.663557e-01 1.105563e+00 -5.596649e+00
      endloop
   endfacet
   facet normal 1.356211e-01 1.233093e-01 9.830573e-01
      outer loop
         vertex 4.663557e-01 1.105563e+00 -5.596649e+00
         vertex 5.369968e-01 9.966769e-01 -5.592736e+00
         vertex 5.453947e-01 1.104767e+00 -5.607453e+00
      endloop
   endfacet
   facet normal 1.357162e-01 1.069595e-01 9.849572e-01
      outer loop
         vertex 4.663557e-01 1.105563e+00 -5.596649e+00
         vertex 5.453947e-01 1.104767e+00 -5.607453e+00
         vertex 4.700320e-01 1.212235e+00 -5.608739e+00
      endloop
   endfacet
   facet normal 1.344358e-01 1.060649e-01 9.852295e-01
      outer loop
         vertex 4.700320e-01 1.212235e+00 -5.608739e+00
         vertex 5.453947e-01 1.104767e+00 -5.607453e+00
         vertex 5.546757e-01 1.209926e+00 -5.620040e+00
      endloop
   endfacet
   facet normal 1.340499e-01 7.939653e-02 9.877889e-01
      outer loop
         vertex 4.700320e-01 1.212235e+00 -5.608739e+00
         vertex 5.546757e-01 1.209926e+00 -5.620040e+00
         vertex 4.760286e-01 1.318031e+00 -5.618057e+00
      endloop
   endfacet
   facet normal 1.333829e-01 7.890888e-02 9.879182e-01
      outer loop
         vertex 4.760286e-01 1.318031e+00 -5.618057e+00
         vertex 5.546757e-01 1.209926e+00 -5.620040e+00
         vertex 5.653580e-01 1.313849e+00 -5.629783e+00
      endloop
   endfacet
   facet normal 1.325846e-01 5.739303e-02 9.895087e-01
      outer loop
         vertex 4.760286e-01 1.318031e+00 -5.618057e+00
         vertex 5.653580e-01 1.313849e+00 -5.629783e+00
         vertex 4.839063e-01 1.424104e+00 -5.625265e+00
      endloop
   endfacet
   facet normal 1.320457e-01 5.699102e-02 9.896039e-01
      outer loop
         vertex 4.839063e-01 1.424104e+00 -5.625265e+00
         vertex 5.653580e-01 1.313849e+00 -5.629783e+00
         vertex 5.769212e-01 1.418008e+00 -5.637325e+00
      endloop
   endfacet
   facet normal 1.308939e-01 3.725694e-02 9.906961e-01
      outer loop
         vertex 4.839063e-01 1.424104e+00 -5.625265e+00
         vertex 5.769212e-01 1.418008e+00 -5.637325e+00
         vertex 4.926022e-01 1.530242e+00 -5.630405e+00
      endloop
   endfacet
   facet normal 1.306914e-01 3.710284e-02 9.907286e-01
      outer loop
         vertex 4.926022e-01 1.530242e+00 -5.630405e+00
         vertex 5.769212e-01 1.418008e+00 -5.637325e+00
         vertex 5.881889e-01 1.521896e+00 -5.642702e+00
      endloop
   endfacet
   facet normal 1.287000e-01 1.301364e-02 9.915982e-01
      outer loop
         vertex 4.926022e-01 1.530242e+00 -5.630405e+00
         vertex 5.881889e-01 1.521896e+00 -5.642702e+00
         vertex 5.036479e-01 1.636379e+00 -5.633232e+00
      endloop
   endfacet
   facet normal 1.284668e-01 1.283875e-02 9.916307e-01
      outer loop
         vertex 5.036479e-01 1.636379e+00 -5.633232e+00
         vertex 5.881889e-01 1.521896e+00 -5.642702e+00
         vertex 6.007153e-01 1.625984e+00 -5.645672e+00
      endloop
   endfacet
   facet normal 1.260524e-01 -1.011538e-02 9.919720e-01
      outer loop
         vertex 5.036479e-01 1.636379e+00 -5.633232e+00
         vertex 6.007153e-01 1.625984e+00 -5.645672e+00
         vertex 5.172309e-01 1.743265e+00 -5.633868e+00
      endloop
   endfacet
   facet normal 1.258019e-01 -1.029669e-02 9.920019e-01
      outer loop
         vertex 5.172309e-01 1.743265e+00 -5.633868e+00
         vertex 6.007153e-01 1.625984e+00 -5.645672e+00
         vertex 6.147918e-01 1.732153e+00 -5.646355e+00
      endloop
   endfacet
   facet normal 1.234950e-01 -3.041348e-02 9.918790e-01
      outer loop
         vertex 5.172309e-01 1.743265e+00 -5.633868e+00
         vertex 6.147918e-01 1.732153e+00 -5.646355e+00
         vertex 5.303523e-01 1.851217e+00 -5.632191e+00
      endloop
   endfacet
   facet normal 1.238984e-01 -3.012244e-02 9.918376e-01
      outer loop
         vertex 5.303523e-01 1.851217e+00 -5.632191e+00
         vertex 6.147918e-01 1.732153e+00 -5.646355e+00
         vertex 6.274489e-01 1.841098e+00 -5.644628e+00
      endloop
   endfacet
   facet normal 1.224720e-01 -4.342218e-02 9.915216e-01
      outer loop
         vertex 5.303523e-01 1.851217e+00 -5.632191e+00
         vertex 6.274489e-01 1.841098e+00 -5.644628e+00
         vertex 6.322121e-01 1.896481e+00 -5.642791e+00
      endloop
   endfacet
   facet normal 2.801514e-02 -9.985242e-01 4.652473e-02
      outer loop
         vertex 4.225139e-01 -7.232908e-04 -5.604994e+00
         vertex 4.267049e-01 -7.021052e-04 -5.607063e+00
         vertex 4.266865e-01 -4.440750e-05 -5.592937e+00
      endloop
   endfacet
   facet normal 2.801370e-02 -9.985243e-01 4.652473e-02
      outer loop
         vertex 4.266865e-01 -4.440750e-05 -5.592937e+00
         vertex 4.267049e-01 -7.021052e-04 -5.607063e+00
         vertex 4.316784e-01 -6.365385e-04 -5.608651e+00
      endloop
   endfacet
   facet normal 2.801412e-02 -9.985242e-01 4.652486e-02
      outer loop
         vertex 4.266865e-01 -4.440750e-05 -5.592937e+00
         vertex 4.316784e-01 -6.365385e-04 -5.608651e+00
         vertex 4.316558e-01 1.689735e-04 -5.591349e+00
      endloop
   endfacet
   facet normal 2.801388e-02 -9.985242e-01 4.652486e-02
      outer loop
         vertex 4.316558e-01 1.689735e-04 -5.591349e+00
         vertex 4.316784e-01 -6.365385e-04 -5.608651e+00
         vertex 4.365870e-01 -5.453212e-04 -5.609649e+00
      endloop
   endfacet
   facet normal 2.801384e-02 -9.985242e-01 4.652486e-02
      outer loop
         vertex 4.316558e-01 1.689735e-04 -5.591349e+00
         vertex 4.365870e-01 -5.453212e-04 -5.609649e+00
         vertex 4.365618e-01 3.531106e-04 -5.590351e+00
      endloop
   endfacet
   facet normal 2.801424e-02 -9.985242e-01 4.652486e-02
      outer loop
         vertex 4.365618e-01 3.531106e-04 -5.590351e+00
         vertex 4.365870e-01 -5.453212e-04 -5.609649e+00
         vertex 4.400130e-01 -4.650625e-04 -5.609989e+00
      endloop
   endfacet
   facet normal 2.801338e-02 -9.985243e-01 4.652470e-02
      outer loop
         vertex 4.365618e-01 3.531106e-04 -5.590351e+00
         vertex 4.400130e-01 -4.650625e-04 -5.609989e+00
         vertex 4.399870e-01 4.650625e-04 -5.590011e+00
      endloop
   endfacet
   facet normal 2.801338e-02 -9.985243e-01 4.652470e-02
      outer loop
         vertex 4.399870e-01 4.650625e-04 -5.590011e+00
         vertex 4.400130e-01 -4.650625e-04 -5.609989e+00
         vertex 4.434382e-01 -3.531106e-04 -5.609649e+00
      endloop
   endfacet
   facet normal 2.801424e-02 -9.985242e-01 4.652486e-02
      outer loop
         vertex 4.399870e-01 4.650625e-04 -5.590011e+00
         vertex 4.434382e-01 -3.531106e-04 -5.609649e+00
         vertex 4.434130e-01 5.453212e-04 -5.590351e+00
      endloop
   endfacet
   facet normal 2.801401e-02 -9.985242e-01 4.652486e-02
      outer loop
         vertex 4.434130e-01 5.453212e-04 -5.590351e+00
         vertex 4.434382e-01 -3.531106e-04 -5.609649e+00
         vertex 4.483442e-01 -1.689735e-04 -5.608651e+00
      endloop
   endfacet
   facet normal 2.801387e-02 -9.985242e-01 4.652482e-02
      outer loop
         vertex 4.434130e-01 5.453212e-04 -5.590351e+00
         vertex 4.483442e-01 -1.689735e-04 -5.608651e+00
         vertex 4.483216e-01 6.365385e-04 -5.591349e+00
      endloop
   endfacet
   facet normal 2.801397e-02 -9.985242e-01 4.652482e-02
      outer loop
         vertex 4.483216e-01 6.365385e-04 -5.591349e+00
         vertex 4.483442e-01 -1.689735e-04 -5.608651e+00
         vertex 4.533136e-01 4.440750e-05 -5.607063e+00
      endloop
   endfacet
   facet normal 2.801370e-02 -9.985243e-01 4.652473e-02
      outer loop
         vertex 4.483216e-01 6.365385e-04 -5.591349e+00
         vertex 4.533136e-01 4.440750e-05 -5.607063e+00
         vertex 4.532951e-01 7.021052e-04 -5.592937e+00
      endloop
   endfacet
   facet normal 2.801514e-02 -9.985242e-01 4.652473e-02
      outer loop
         vertex 4.532951e-01 7.021052e-04 -5.592937e+00
         vertex 4.533136e-01 4.440750e-05 -5.607063e+00
         vertex 4.574861e-01 7.232908e-04 -5.595006e+00
      endloop
   endfacet
   facet normal 2.802567e-02 -9.985241e-01 4.652101e-02
      outer loop
         vertex 4.187584e-01 -5.959399e-04 -5.600000e+00
         vertex 4.197330e-01 -6.890583e-04 -5.602586e+00
         vertex 4.197262e-01 -4.483242e-04 -5.597414e+00
      endloop
   endfacet
   facet normal 2.800504e-02 -9.985247e-01 4.652101e-02
      outer loop
         vertex 4.197262e-01 -4.483242e-04 -5.597414e+00
         vertex 4.197330e-01 -6.890583e-04 -5.602586e+00
         vertex 4.225139e-01 -7.232908e-04 -5.604994e+00
      endloop
   endfacet
   facet normal 2.801830e-02 -9.985241e-01 4.652587e-02
      outer loop
         vertex 4.197262e-01 -4.483242e-04 -5.597414e+00
         vertex 4.225139e-01 -7.232908e-04 -5.604994e+00
         vertex 4.225009e-01 -2.582283e-04 -5.595006e+00
      endloop
   endfacet
   facet normal 2.801187e-02 -9.985243e-01 4.652587e-02
      outer loop
         vertex 4.225009e-01 -2.582283e-04 -5.595006e+00
         vertex 4.225139e-01 -7.232908e-04 -5.604994e+00
         vertex 4.266865e-01 -4.440750e-05 -5.592937e+00
      endloop
   endfacet
   facet normal 2.800255e-02 -9.985247e-01 4.652101e-02
      outer loop
         vertex 4.612416e-01 5.959399e-04 -5.600000e+00
         vertex 4.602670e-01 6.890583e-04 -5.597414e+00
         vertex 4.602738e-01 4.483242e-04 -5.602586e+00
      endloop
   endfacet
   facet normal 2.800533e-02 -9.985247e-01 4.652101e-02
      outer loop
         vertex 4.602738e-01 4.483242e-04 -5.602586e+00
         vertex 4.602670e-01 6.890583e-04 -5.597414e+00
         vertex 4.574861e-01 7.232908e-04 -5.595006e+00
      endloop
   endfacet
   facet normal 2.801837e-02 -9.985241e-01 4.652578e-02
      outer loop
         vertex 4.602738e-01 4.483242e-04 -5.602586e+00
         vertex 4.574861e-01 7.232908e-04 -5.595006e+00
         vertex 4.574991e-01 2.582283e-04 -5.604994e+00
      endloop
   endfacet
   facet normal 2.801211e-02 -9.985242e-01 4.652578e-02
      outer loop
         vertex 4.574991e-01 2.582283e-04 -5.604994e+00
         vertex 4.574861e-01 7.232908e-04 -5.595006e+00
         vertex 4.533136e-01 4.440750e-05 -5.607063e+00
      endloop
   endfacet
   facet normal 9.869033e-02 7.626451e-03 9.950890e-01
      outer loop
         vertex 4.399870e-01 4.650625e-04 -5.590011e+00
         vertex 4.434130e-01 5.453212e-04 -5.590351e+00
         vertex 4.392363e-01 2.846686e-02 -5.590151e+00
      endloop
   endfacet
   facet normal 1.124567e-01 9.696303e-03 9.936093e-01
      outer loop
         vertex 4.392363e-01 2.846686e-02 -5.590151e+00
         vertex 4.434130e-01 5.453212e-04 -5.590351e+00
         vertex 4.425669e-01 2.853883e-02 -5.590529e+00
      endloop
   endfacet
   facet normal 1.139140e-01 -7.211804e-02 9.908696e-01
      outer loop
         vertex 4.392363e-01 2.846686e-02 -5.590151e+00
         vertex 4.425669e-01 2.853883e-02 -5.590529e+00
         vertex 4.383864e-01 5.638867e-02 -5.588021e+00
      endloop
   endfacet
   facet normal 1.394965e-01 -6.800912e-02 9.878843e-01
      outer loop
         vertex 4.383864e-01 5.638867e-02 -5.588021e+00
         vertex 4.425669e-01 2.853883e-02 -5.590529e+00
         vertex 4.419575e-01 5.646911e-02 -5.588520e+00
      endloop
   endfacet
   facet normal 1.399655e-01 -1.199539e-01 9.828635e-01
      outer loop
         vertex 4.383864e-01 5.638867e-02 -5.588021e+00
         vertex 4.419575e-01 5.646911e-02 -5.588520e+00
         vertex 4.368002e-01 1.119685e-01 -5.581012e+00
      endloop
   endfacet
   facet normal 1.644653e-01 -1.172079e-01 9.793944e-01
      outer loop
         vertex 4.368002e-01 1.119685e-01 -5.581012e+00
         vertex 4.419575e-01 5.646911e-02 -5.588520e+00
         vertex 4.417994e-01 1.120766e-01 -5.581839e+00
      endloop
   endfacet
   facet normal 1.644603e-01 -1.146990e-01 9.796923e-01
      outer loop
         vertex 4.368002e-01 1.119685e-01 -5.581012e+00
         vertex 4.417994e-01 1.120766e-01 -5.581839e+00
         vertex 4.354469e-01 1.671277e-01 -5.574327e+00
      endloop
   endfacet
   facet normal 1.517605e-01 -1.164163e-01 9.815376e-01
      outer loop
         vertex 4.354469e-01 1.671277e-01 -5.574327e+00
         vertex 4.417994e-01 1.120766e-01 -5.581839e+00
         vertex 4.428582e-01 1.672682e-01 -5.575456e+00
      endloop
   endfacet
   facet normal 1.516180e-01 -7.856715e-02 9.853117e-01
      outer loop
         vertex 4.354469e-01 1.671277e-01 -5.574327e+00
         vertex 4.428582e-01 1.672682e-01 -5.575456e+00
         vertex 4.339938e-01 2.218345e-01 -5.569741e+00
      endloop
   endfacet
   facet normal 1.319926e-01 -8.202132e-02 9.878514e-01
      outer loop
         vertex 4.339938e-01 2.218345e-01 -5.569741e+00
         vertex 4.428582e-01 1.672682e-01 -5.575456e+00
         vertex 4.443525e-01 2.220380e-01 -5.571108e+00
      endloop
   endfacet
   facet normal 1.317005e-01 -5.390611e-02 9.898228e-01
      outer loop
         vertex 4.339938e-01 2.218345e-01 -5.569741e+00
         vertex 4.443525e-01 2.220380e-01 -5.571108e+00
         vertex 4.276274e-01 4.410333e-01 -5.556956e+00
      endloop
   endfacet
   facet normal 9.646351e-02 -5.684854e-02 9.937117e-01
      outer loop
         vertex 4.276274e-01 4.410333e-01 -5.556956e+00
         vertex 4.443525e-01 2.220380e-01 -5.571108e+00
         vertex 4.501683e-01 4.415135e-01 -5.559117e+00
      endloop
   endfacet
   facet normal 9.581772e-02 -1.982615e-02 9.952014e-01
      outer loop
         vertex 4.276274e-01 4.410333e-01 -5.556956e+00
         vertex 4.501683e-01 4.415135e-01 -5.559117e+00
         vertex 4.248428e-01 5.516942e-01 -5.554484e+00
      endloop
   endfacet
   facet normal 8.723258e-02 -2.183091e-02 9.959487e-01
      outer loop
         vertex 4.248428e-01 5.516942e-01 -5.554484e+00
         vertex 4.501683e-01 4.415135e-01 -5.559117e+00
         vertex 4.534614e-01 5.522243e-01 -5.556979e+00
      endloop
   endfacet
   facet normal 8.643266e-02 2.169644e-02 9.960214e-01
      outer loop
         vertex 4.248428e-01 5.516942e-01 -5.554484e+00
         vertex 4.534614e-01 5.522243e-01 -5.556979e+00
         vertex 4.216896e-01 6.623980e-01 -5.556622e+00
      endloop
   endfacet
   facet normal 8.018715e-02 1.989355e-02 9.965813e-01
      outer loop
         vertex 4.216896e-01 6.623980e-01 -5.556622e+00
         vertex 4.534614e-01 5.522243e-01 -5.556979e+00
         vertex 4.562638e-01 6.630017e-01 -5.559416e+00
      endloop
   endfacet
   facet normal 7.977637e-02 4.065182e-02 9.959835e-01
      outer loop
         vertex 4.216896e-01 6.623980e-01 -5.556622e+00
         vertex 4.562638e-01 6.630017e-01 -5.559416e+00
         vertex 4.189562e-01 7.734995e-01 -5.560937e+00
      endloop
   endfacet
   facet normal 7.506432e-02 3.906680e-02 9.964131e-01
      outer loop
         vertex 4.189562e-01 7.734995e-01 -5.560937e+00
         vertex 4.562638e-01 6.630017e-01 -5.559416e+00
         vertex 4.592446e-01 7.741189e-01 -5.563997e+00
      endloop
   endfacet
   facet normal 7.473891e-02 5.628487e-02 9.956134e-01
      outer loop
         vertex 4.189562e-01 7.734995e-01 -5.560937e+00
         vertex 4.592446e-01 7.741189e-01 -5.563997e+00
         vertex 4.167556e-01 8.850924e-01 -5.567081e+00
      endloop
   endfacet
   facet normal 7.113401e-02 5.491411e-02 9.959540e-01
      outer loop
         vertex 4.167556e-01 8.850924e-01 -5.567081e+00
         vertex 4.592446e-01 7.741189e-01 -5.563997e+00
         vertex 4.624254e-01 8.856682e-01 -5.570374e+00
      endloop
   endfacet
   facet normal 7.041040e-02 9.520684e-02 9.929643e-01
      outer loop
         vertex 4.167556e-01 8.850924e-01 -5.567081e+00
         vertex 4.624254e-01 8.856682e-01 -5.570374e+00
         vertex 4.153510e-01 9.407975e-01 -5.572322e+00
      endloop
   endfacet
   facet normal 6.886231e-02 9.389320e-02 9.931979e-01
      outer loop
         vertex 4.153510e-01 9.407975e-01 -5.572322e+00
         vertex 4.624254e-01 8.856682e-01 -5.570374e+00
         vertex 4.635709e-01 9.413855e-01 -5.575721e+00
      endloop
   endfacet
   facet normal 6.832566e-02 1.210835e-01 9.902880e-01
      outer loop
         vertex 4.153510e-01 9.407975e-01 -5.572322e+00
         vertex 4.635709e-01 9.413855e-01 -5.575721e+00
         vertex 4.137380e-01 9.961607e-01 -5.578980e+00
      endloop
   endfacet
   facet normal 6.708486e-02 1.199678e-01 9.905086e-01
      outer loop
         vertex 4.137380e-01 9.961607e-01 -5.578980e+00
         vertex 4.635709e-01 9.413855e-01 -5.575721e+00
         vertex 4.644008e-01 9.967197e-01 -5.582479e+00
      endloop
   endfacet
   facet normal 6.692539e-02 1.281054e-01 9.894999e-01
      outer loop
         vertex 4.137380e-01 9.961607e-01 -5.578980e+00
         vertex 4.644008e-01 9.967197e-01 -5.582479e+00
         vertex 4.111894e-01 1.105501e+00 -5.592964e+00
      endloop
   endfacet
   facet normal 6.596651e-02 1.276483e-01 9.896233e-01
      outer loop
         vertex 4.111894e-01 1.105501e+00 -5.592964e+00
         vertex 4.644008e-01 9.967197e-01 -5.582479e+00
         vertex 4.663557e-01 1.105563e+00 -5.596649e+00
      endloop
   endfacet
   facet normal 6.612827e-02 1.098426e-01 9.917468e-01
      outer loop
         vertex 4.111894e-01 1.105501e+00 -5.592964e+00
         vertex 4.663557e-01 1.105563e+00 -5.596649e+00
         vertex 4.109422e-01 1.213286e+00 -5.604885e+00
      endloop
   endfacet
   facet normal 6.664269e-02 1.101024e-01 9.916835e-01
      outer loop
         vertex 4.109422e-01 1.213286e+00 -5.604885e+00
         vertex 4.663557e-01 1.105563e+00 -5.596649e+00
         vertex 4.700320e-01 1.212235e+00 -5.608739e+00
      endloop
   endfacet
   facet normal 6.633874e-02 8.338328e-02 9.943070e-01
      outer loop
         vertex 4.109422e-01 1.213286e+00 -5.604885e+00
         vertex 4.700320e-01 1.212235e+00 -5.608739e+00
         vertex 4.136576e-01 1.320493e+00 -5.614057e+00
      endloop
   endfacet
   facet normal 6.706978e-02 8.376000e-02 9.942263e-01
      outer loop
         vertex 4.136576e-01 1.320493e+00 -5.614057e+00
         vertex 4.700320e-01 1.212235e+00 -5.608739e+00
         vertex 4.760286e-01 1.318031e+00 -5.618057e+00
      endloop
   endfacet
   facet normal 6.633145e-02 6.243551e-02 9.958423e-01
      outer loop
         vertex 4.136576e-01 1.320493e+00 -5.614057e+00
         vertex 4.760286e-01 1.318031e+00 -5.618057e+00
         vertex 4.189581e-01 1.428016e+00 -5.621151e+00
      endloop
   endfacet
   facet normal 6.684780e-02 6.270199e-02 9.957911e-01
      outer loop
         vertex 4.189581e-01 1.428016e+00 -5.621151e+00
         vertex 4.760286e-01 1.318031e+00 -5.618057e+00
         vertex 4.839063e-01 1.424104e+00 -5.625265e+00
      endloop
   endfacet
   facet normal 6.570772e-02 4.257763e-02 9.969301e-01
      outer loop
         vertex 4.189581e-01 1.428016e+00 -5.621151e+00
         vertex 4.839063e-01 1.424104e+00 -5.625265e+00
         vertex 4.258596e-01 1.535840e+00 -5.626211e+00
      endloop
   endfacet
   facet normal 6.623986e-02 4.285367e-02 9.968831e-01
      outer loop
         vertex 4.258596e-01 1.535840e+00 -5.626211e+00
         vertex 4.839063e-01 1.424104e+00 -5.625265e+00
         vertex 4.926022e-01 1.530242e+00 -5.630405e+00
      endloop
   endfacet
   facet normal 6.435524e-02 1.974677e-02 9.977317e-01
      outer loop
         vertex 4.258596e-01 1.535840e+00 -5.626211e+00
         vertex 4.926022e-01 1.530242e+00 -5.630405e+00
         vertex 4.358793e-01 1.643531e+00 -5.628989e+00
      endloop
   endfacet
   facet normal 6.456353e-02 1.985126e-02 9.977161e-01
      outer loop
         vertex 4.358793e-01 1.643531e+00 -5.628989e+00
         vertex 4.926022e-01 1.530242e+00 -5.630405e+00
         vertex 5.036479e-01 1.636379e+00 -5.633232e+00
      endloop
   endfacet
   facet normal 6.228694e-02 -1.923928e-03 9.980564e-01
      outer loop
         vertex 4.358793e-01 1.643531e+00 -5.628989e+00
         vertex 5.036479e-01 1.636379e+00 -5.633232e+00
         vertex 4.491315e-01 1.751045e+00 -5.629608e+00
      endloop
   endfacet
   facet normal 6.220110e-02 -1.964905e-03 9.980617e-01
      outer loop
         vertex 4.491315e-01 1.751045e+00 -5.629608e+00
         vertex 5.036479e-01 1.636379e+00 -5.633232e+00
         vertex 5.172309e-01 1.743265e+00 -5.633868e+00
      endloop
   endfacet
   facet normal 5.980115e-02 -2.290875e-02 9.979474e-01
      outer loop
         vertex 4.491315e-01 1.751045e+00 -5.629608e+00
         vertex 5.172309e-01 1.743265e+00 -5.633868e+00
         vertex 4.625911e-01 1.858436e+00 -5.627950e+00
      endloop
   endfacet
   facet normal 6.004024e-02 -2.279472e-02 9.979357e-01
      outer loop
         vertex 4.625911e-01 1.858436e+00 -5.627950e+00
         vertex 5.172309e-01 1.743265e+00 -5.633868e+00
         vertex 5.303523e-01 1.851217e+00 -5.632191e+00
      endloop
   endfacet
   facet normal 5.770686e-02 -4.435154e-02 9.973479e-01
      outer loop
         vertex 4.625911e-01 1.858436e+00 -5.627950e+00
         vertex 5.303523e-01 1.851217e+00 -5.632191e+00
         vertex 4.733049e-01 1.965802e+00 -5.623795e+00
      endloop
   endfacet
   facet normal 5.885975e-02 -4.377450e-02 9.973060e-01
      outer loop
         vertex 4.733049e-01 1.965802e+00 -5.623795e+00
         vertex 5.303523e-01 1.851217e+00 -5.632191e+00
         vertex 5.400340e-01 1.960056e+00 -5.627986e+00
      endloop
   endfacet
   facet normal 5.677967e-02 -6.707281e-02 9.961312e-01
      outer loop
         vertex 4.733049e-01 1.965802e+00 -5.623795e+00
         vertex 5.400340e-01 1.960056e+00 -5.627986e+00
         vertex 4.815658e-01 2.073233e+00 -5.617032e+00
      endloop
   endfacet
   facet normal 5.880018e-02 -6.602443e-02 9.960840e-01
      outer loop
         vertex 4.815658e-01 2.073233e+00 -5.617032e+00
         vertex 5.400340e-01 1.960056e+00 -5.627986e+00
         vertex 5.464956e-01 2.069089e+00 -5.621140e+00
      endloop
   endfacet
   facet normal 5.741264e-02 -8.630498e-02 9.946131e-01
      outer loop
         vertex 4.815658e-01 2.073233e+00 -5.617032e+00
         vertex 5.464956e-01 2.069089e+00 -5.621140e+00
         vertex 4.886776e-01 2.180313e+00 -5.608151e+00
      endloop
   endfacet
   facet normal 5.986668e-02 -8.502527e-02 9.945786e-01
      outer loop
         vertex 4.886776e-01 2.180313e+00 -5.608151e+00
         vertex 5.464956e-01 2.069089e+00 -5.621140e+00
         vertex 5.510290e-01 2.177534e+00 -5.612142e+00
      endloop
   endfacet
   facet normal 5.875758e-02 -1.069591e-01 9.925257e-01
      outer loop
         vertex 4.886776e-01 2.180313e+00 -5.608151e+00
         vertex 5.510290e-01 2.177534e+00 -5.612142e+00
         vertex 4.937080e-01 2.287038e+00 -5.596948e+00
      endloop
   endfacet
   facet normal 6.198099e-02 -1.052697e-01 9.925103e-01
      outer loop
         vertex 4.937080e-01 2.287038e+00 -5.596948e+00
         vertex 5.510290e-01 2.177534e+00 -5.612142e+00
         vertex 5.527806e-01 2.285594e+00 -5.600790e+00
      endloop
   endfacet
   facet normal 6.106516e-02 -1.337471e-01 9.891323e-01
      outer loop
         vertex 4.937080e-01 2.287038e+00 -5.596948e+00
         vertex 5.527806e-01 2.285594e+00 -5.600790e+00
         vertex 4.966283e-01 2.394475e+00 -5.582601e+00
      endloop
   endfacet
   facet normal 6.524036e-02 -1.315975e-01 9.891541e-01
      outer loop
         vertex 4.966283e-01 2.394475e+00 -5.582601e+00
         vertex 5.527806e-01 2.285594e+00 -5.600790e+00
         vertex 5.517810e-01 2.394219e+00 -5.586273e+00
      endloop
   endfacet
   facet normal 6.497685e-02 -1.503053e-01 9.865021e-01
      outer loop
         vertex 4.966283e-01 2.394475e+00 -5.582601e+00
         vertex 5.517810e-01 2.394219e+00 -5.586273e+00
         vertex 4.978438e-01 2.503817e+00 -5.566021e+00
      endloop
   endfacet
   facet normal 6.965627e-02 -1.480075e-01 9.865302e-01
      outer loop
         vertex 4.978438e-01 2.503817e+00 -5.566021e+00
         vertex 5.517810e-01 2.394219e+00 -5.586273e+00
         vertex 5.484938e-01 2.504403e+00 -5.569510e+00
      endloop
   endfacet
   facet normal 6.964066e-02 -1.381825e-01 9.879554e-01
      outer loop
         vertex 4.978438e-01 2.503817e+00 -5.566021e+00
         vertex 5.484938e-01 2.504403e+00 -5.569510e+00
         vertex 4.978686e-01 2.559355e+00 -5.558255e+00
      endloop
   endfacet
   facet normal 7.196862e-02 -1.360639e-01 9.880826e-01
      outer loop
         vertex 4.978686e-01 2.559355e+00 -5.558255e+00
         vertex 5.484938e-01 2.504403e+00 -5.569510e+00
         vertex 5.460739e-01 2.560228e+00 -5.561646e+00
      endloop
   endfacet
   facet normal 7.167737e-02 -1.053341e-01 9.918503e-01
      outer loop
         vertex 4.978686e-01 2.559355e+00 -5.558255e+00
         vertex 5.460739e-01 2.560228e+00 -5.561646e+00
         vertex 4.974279e-01 2.615352e+00 -5.552277e+00
      endloop
   endfacet
   facet normal 7.398209e-02 -1.033077e-01 9.918942e-01
      outer loop
         vertex 4.974279e-01 2.615352e+00 -5.552277e+00
         vertex 5.460739e-01 2.560228e+00 -5.561646e+00
         vertex 5.430787e-01 2.616474e+00 -5.555565e+00
      endloop
   endfacet
   facet normal 7.312520e-02 -5.739901e-02 9.956697e-01
      outer loop
         vertex 4.974279e-01 2.615352e+00 -5.552277e+00
         vertex 5.430787e-01 2.616474e+00 -5.555565e+00
         vertex 4.950837e-01 2.727665e+00 -5.545630e+00
      endloop
   endfacet
   facet normal 7.779332e-02 -5.536272e-02 9.954311e-01
      outer loop
         vertex 4.950837e-01 2.727665e+00 -5.545630e+00
         vertex 5.430787e-01 2.616474e+00 -5.555565e+00
         vertex 5.353386e-01 2.729237e+00 -5.548688e+00
      endloop
   endfacet
   facet normal 7.705914e-02 -3.463977e-02 9.964246e-01
      outer loop
         vertex 4.950837e-01 2.727665e+00 -5.545630e+00
         vertex 5.353386e-01 2.729237e+00 -5.548688e+00
         vertex 4.910964e-01 2.839362e+00 -5.541438e+00
      endloop
   endfacet
   facet normal 8.235513e-02 -3.248900e-02 9.960733e-01
      outer loop
         vertex 4.910964e-01 2.839362e+00 -5.541438e+00
         vertex 5.353386e-01 2.729237e+00 -5.548688e+00
         vertex 5.256227e-01 2.841179e+00 -5.544234e+00
      endloop
   endfacet
   facet normal 8.107265e-02 -7.182776e-03 9.966823e-01
      outer loop
         vertex 4.910964e-01 2.839362e+00 -5.541438e+00
         vertex 5.256227e-01 2.841179e+00 -5.544234e+00
         vertex 4.854626e-01 2.950493e+00 -5.540179e+00
      endloop
   endfacet
   facet normal 8.743722e-02 -4.825096e-03 9.961583e-01
      outer loop
         vertex 4.854626e-01 2.950493e+00 -5.540179e+00
         vertex 5.256227e-01 2.841179e+00 -5.544234e+00
         vertex 5.140224e-01 2.952353e+00 -5.542677e+00
      endloop
   endfacet
   facet normal 8.508235e-02 3.096576e-02 9.958926e-01
      outer loop
         vertex 4.854626e-01 2.950493e+00 -5.540179e+00
         vertex 5.140224e-01 2.952353e+00 -5.542677e+00
         vertex 4.819766e-01 3.005988e+00 -5.541607e+00
      endloop
   endfacet
   facet normal 8.870503e-02 3.313795e-02 9.955066e-01
      outer loop
         vertex 4.819766e-01 3.005988e+00 -5.541607e+00
         vertex 5.140224e-01 2.952353e+00 -5.542677e+00
         vertex 5.075011e-01 3.007818e+00 -5.543942e+00
      endloop
   endfacet
   facet normal 8.654633e-02 6.174458e-02 9.943326e-01
      outer loop
         vertex 4.819766e-01 3.005988e+00 -5.541607e+00
         vertex 5.075011e-01 3.007818e+00 -5.543942e+00
         vertex 4.780309e-01 3.061439e+00 -5.544707e+00
      endloop
   endfacet
   facet normal 9.060888e-02 6.397019e-02 9.938299e-01
      outer loop
         vertex 4.780309e-01 3.061439e+00 -5.544707e+00
         vertex 5.075011e-01 3.007818e+00 -5.543942e+00
         vertex 5.005065e-01 3.063208e+00 -5.546870e+00
      endloop
   endfacet
   facet normal 8.793936e-02 9.512704e-02 9.915733e-01
      outer loop
         vertex 4.780309e-01 3.061439e+00 -5.544707e+00
         vertex 5.005065e-01 3.063208e+00 -5.546870e+00
         vertex 4.688724e-01 3.171605e+00 -5.554463e+00
      endloop
   endfacet
   facet normal 9.878380e-02 9.819927e-02 9.902518e-01
      outer loop
         vertex 4.688724e-01 3.171605e+00 -5.554463e+00
         vertex 5.005065e-01 3.063208e+00 -5.546870e+00
         vertex 4.852714e-01 3.173093e+00 -5.556247e+00
      endloop
   endfacet
   facet normal 9.936718e-02 9.237283e-02 9.907540e-01
      outer loop
         vertex 4.688724e-01 3.171605e+00 -5.554463e+00
         vertex 4.852714e-01 3.173093e+00 -5.556247e+00
         vertex 4.589637e-01 3.279751e+00 -5.563552e+00
      endloop
   endfacet
   facet normal 1.224872e-01 9.786173e-02 9.876335e-01
      outer loop
         vertex 4.589637e-01 3.279751e+00 -5.563552e+00
         vertex 4.852714e-01 3.173093e+00 -5.556247e+00
         vertex 4.692845e-01 3.280645e+00 -5.564921e+00
      endloop
   endfacet
   facet normal 1.201571e-01 1.212267e-01 9.853255e-01
      outer loop
         vertex 4.589637e-01 3.279751e+00 -5.563552e+00
         vertex 4.692845e-01 3.280645e+00 -5.564921e+00
         vertex 4.543014e-01 3.334159e+00 -5.569678e+00
      endloop
   endfacet
   facet normal 1.393256e-01 1.263121e-01 9.821576e-01
      outer loop
         vertex 4.543014e-01 3.334159e+00 -5.569678e+00
         vertex 4.692845e-01 3.280645e+00 -5.564921e+00
         vertex 4.616871e-01 3.334803e+00 -5.570808e+00
      endloop
   endfacet
   facet normal 1.358847e-01 1.584029e-01 9.779795e-01
      outer loop
         vertex 4.543014e-01 3.334159e+00 -5.569678e+00
         vertex 4.616871e-01 3.334803e+00 -5.570808e+00
         vertex 4.496661e-01 3.388999e+00 -5.577916e+00
      endloop
   endfacet
   facet normal 1.473202e-01 1.606734e-01 9.759512e-01
      outer loop
         vertex 4.496661e-01 3.388999e+00 -5.577916e+00
         vertex 4.616871e-01 3.334803e+00 -5.570808e+00
         vertex 4.546482e-01 3.389455e+00 -5.578743e+00
      endloop
   endfacet
   facet normal 1.469609e-01 1.637680e-01 9.754909e-01
      outer loop
         vertex 4.496661e-01 3.388999e+00 -5.577916e+00
         vertex 4.546482e-01 3.389455e+00 -5.578743e+00
         vertex 4.448629e-01 3.444166e+00 -5.586454e+00
      endloop
   endfacet
   facet normal 1.229627e-01 1.600301e-01 9.794236e-01
      outer loop
         vertex 4.448629e-01 3.444166e+00 -5.586454e+00
         vertex 4.546482e-01 3.389455e+00 -5.578743e+00
         vertex 4.484200e-01 3.444488e+00 -5.586953e+00
      endloop
   endfacet
   facet normal 1.279260e-01 1.141464e-01 9.851931e-01
      outer loop
         vertex 4.448629e-01 3.444166e+00 -5.586454e+00
         vertex 4.484200e-01 3.444488e+00 -5.586953e+00
         vertex 4.424161e-01 3.471899e+00 -5.589350e+00
      endloop
   endfacet
   facet normal 1.031659e-01 1.090272e-01 9.886708e-01
      outer loop
         vertex 4.424161e-01 3.471899e+00 -5.589350e+00
         vertex 4.484200e-01 3.444488e+00 -5.586953e+00
         vertex 4.457332e-01 3.472189e+00 -5.589728e+00
      endloop
   endfacet
   facet normal 1.103762e-01 3.268845e-02 9.933522e-01
      outer loop
         vertex 4.424161e-01 3.471899e+00 -5.589350e+00
         vertex 4.457332e-01 3.472189e+00 -5.589728e+00
         vertex 4.400162e-01 3.499814e+00 -5.590002e+00
      endloop
   endfacet
   facet normal 9.669726e-02 2.987257e-02 9.948655e-01
      outer loop
         vertex 4.400162e-01 3.499814e+00 -5.590002e+00
         vertex 4.457332e-01 3.472189e+00 -5.589728e+00
         vertex 4.434297e-01 3.500116e+00 -5.590342e+00
      endloop
   endfacet
endsolid h19_fill