solid yp24.1_fill
   facet normal 9.952226e-01 7.511302e-03 9.734272e-02
      outer loop
         vertex -7.018533e+00 8.710892e+01 -4.274199e+00
         vertex -7.188254e+00 8.715704e+01 -2.542706e+00
         vertex -7.022464e+00 8.617354e+01 -4.161830e+00
      endloop
   endfacet
   facet normal 9.954981e-01 1.332451e-02 9.383984e-02
      outer loop
         vertex -7.022464e+00 8.617354e+01 -4.161830e+00
         vertex -7.188254e+00 8.715704e+01 -2.542706e+00
         vertex -7.188467e+00 8.678244e+01 -2.487248e+00
      endloop
   endfacet
   facet normal 9.942111e-01 -1.952266e-02 1.056559e-01
      outer loop
         vertex -7.022464e+00 8.617354e+01 -4.161830e+00
         vertex -7.188467e+00 8.678244e+01 -2.487248e+00
         vertex -7.045567e+00 8.551204e+01 -4.066664e+00
      endloop
   endfacet
   facet normal 9.945980e-01 -1.569115e-02 1.026090e-01
      outer loop
         vertex -7.045567e+00 8.551204e+01 -4.066664e+00
         vertex -7.188467e+00 8.678244e+01 -2.487248e+00
         vertex -7.226153e+00 8.563419e+01 -2.297547e+00
      endloop
   endfacet
   facet normal 9.873401e-01 1.227236e-01 1.004911e-01
      outer loop
         vertex -7.384968e+00 9.031972e+01 -2.964078e+00
         vertex -7.212832e+00 9.022752e+01 -4.542745e+00
         vertex -7.225822e+00 9.033630e+01 -4.547960e+00
      endloop
   endfacet
   facet normal 9.843470e-01 1.448325e-01 1.004217e-01
      outer loop
         vertex -7.384968e+00 9.031972e+01 -2.964078e+00
         vertex -7.225822e+00 9.033630e+01 -4.547960e+00
         vertex -7.478496e+00 9.100215e+01 -3.031531e+00
      endloop
   endfacet
   facet normal 9.851144e-01 1.368194e-01 1.040681e-01
      outer loop
         vertex -7.478496e+00 9.100215e+01 -3.031531e+00
         vertex -7.225822e+00 9.033630e+01 -4.547960e+00
         vertex -7.319798e+00 9.103248e+01 -4.573641e+00
      endloop
   endfacet
   facet normal 9.787827e-01 1.764306e-01 1.041954e-01
      outer loop
         vertex -7.478496e+00 9.100215e+01 -3.031531e+00
         vertex -7.319798e+00 9.103248e+01 -4.573641e+00
         vertex -7.654677e+00 9.202836e+01 -3.114187e+00
      endloop
   endfacet
   facet normal 9.797957e-01 1.660110e-01 1.115378e-01
      outer loop
         vertex -7.654677e+00 9.202836e+01 -3.114187e+00
         vertex -7.319798e+00 9.103248e+01 -4.573641e+00
         vertex -7.486175e+00 9.202411e+01 -4.588047e+00
      endloop
   endfacet
   facet normal 9.730847e-01 2.021363e-01 1.106663e-01
      outer loop
         vertex -7.654677e+00 9.202836e+01 -3.114187e+00
         vertex -7.486175e+00 9.202411e+01 -4.588047e+00
         vertex -7.756188e+00 9.253552e+01 -3.147946e+00
      endloop
   endfacet
   facet normal 9.890376e-01 1.071691e-01 1.015846e-01
      outer loop
         vertex -7.212832e+00 9.022752e+01 -4.542745e+00
         vertex -7.384968e+00 9.031972e+01 -2.964078e+00
         vertex -7.130175e+00 8.941842e+01 -4.493912e+00
      endloop
   endfacet
   facet normal 9.885996e-01 1.154853e-01 9.661218e-02
      outer loop
         vertex -7.130175e+00 8.941842e+01 -4.493912e+00
         vertex -7.384968e+00 9.031972e+01 -2.964078e+00
         vertex -7.294948e+00 8.946659e+01 -2.865425e+00
      endloop
   endfacet
   facet normal 9.917933e-01 8.220602e-02 9.791966e-02
      outer loop
         vertex -7.130175e+00 8.941842e+01 -4.493912e+00
         vertex -7.294948e+00 8.946659e+01 -2.865425e+00
         vertex -7.078233e+00 8.872620e+01 -4.438885e+00
      endloop
   endfacet
   facet normal 9.916567e-01 8.578751e-02 9.621559e-02
      outer loop
         vertex -7.078233e+00 8.872620e+01 -4.438885e+00
         vertex -7.294948e+00 8.946659e+01 -2.865425e+00
         vertex -7.238679e+00 8.870395e+01 -2.765395e+00
      endloop
   endfacet
   facet normal 9.929636e-01 6.916801e-02 9.611995e-02
      outer loop
         vertex -7.078233e+00 8.872620e+01 -4.438885e+00
         vertex -7.238679e+00 8.870395e+01 -2.765395e+00
         vertex -7.070946e+00 8.860686e+01 -4.428281e+00
      endloop
   endfacet
   facet normal 9.927735e-01 7.209937e-02 9.592961e-02
      outer loop
         vertex -7.070946e+00 8.860686e+01 -4.428281e+00
         vertex -7.238679e+00 8.870395e+01 -2.765395e+00
         vertex -7.238195e+00 8.869581e+01 -2.764277e+00
      endloop
   endfacet
   facet normal 9.942225e-01 4.482065e-02 9.753348e-02
      outer loop
         vertex -7.070946e+00 8.860686e+01 -4.428281e+00
         vertex -7.238195e+00 8.869581e+01 -2.764277e+00
         vertex -7.018533e+00 8.710892e+01 -4.274199e+00
      endloop
   endfacet
   facet normal 9.947739e-01 5.727520e-02 8.452434e-02
      outer loop
         vertex -7.018533e+00 8.710892e+01 -4.274199e+00
         vertex -7.238195e+00 8.869581e+01 -2.764277e+00
         vertex -7.203084e+00 8.792463e+01 -2.654940e+00
      endloop
   endfacet
   facet normal 9.947666e-01 3.334132e-02 9.658024e-02
      outer loop
         vertex -7.018533e+00 8.710892e+01 -4.274199e+00
         vertex -7.203084e+00 8.792463e+01 -2.654940e+00
         vertex -7.188254e+00 8.715704e+01 -2.542706e+00
      endloop
   endfacet
   facet normal 9.603414e-01 2.399626e-01 1.419939e-01
      outer loop
         vertex -8.684997e+00 9.728062e+01 -4.522131e+00
         vertex -9.163486e+00 9.918164e+01 -4.498605e+00
         vertex -9.179758e+00 9.871943e+01 -3.607451e+00
      endloop
   endfacet
   facet normal 9.103372e-01 3.065558e-01 2.780464e-01
      outer loop
         vertex -1.151458e+01 1.070874e+02 -4.218139e+00
         vertex -1.127287e+01 1.063744e+02 -4.223417e+00
         vertex -1.123927e+01 1.063931e+02 -4.354104e+00
      endloop
   endfacet
   facet normal 9.091474e-01 3.099089e-01 2.782219e-01
      outer loop
         vertex -1.123927e+01 1.063931e+02 -4.354104e+00
         vertex -1.127287e+01 1.063744e+02 -4.223417e+00
         vertex -1.123489e+01 1.062597e+02 -4.219742e+00
      endloop
   endfacet
   facet normal 9.114480e-01 3.063504e-01 2.746126e-01
      outer loop
         vertex -1.123927e+01 1.063931e+02 -4.354104e+00
         vertex -1.123489e+01 1.062597e+02 -4.219742e+00
         vertex -1.113237e+01 1.060847e+02 -4.364812e+00
      endloop
   endfacet
   facet normal 9.108044e-01 2.902286e-01 2.936030e-01
      outer loop
         vertex -1.113237e+01 1.060847e+02 -4.364812e+00
         vertex -1.123489e+01 1.062597e+02 -4.219742e+00
         vertex -1.098586e+01 1.056354e+02 -4.375207e+00
      endloop
   endfacet
   facet normal 9.177447e-01 3.018241e-01 2.581606e-01
      outer loop
         vertex -1.123489e+01 1.062597e+02 -4.219742e+00
         vertex -1.103170e+01 1.056095e+02 -4.181928e+00
         vertex -1.098586e+01 1.056354e+02 -4.375207e+00
      endloop
   endfacet
   facet normal 9.215569e-01 2.905203e-01 2.575479e-01
      outer loop
         vertex -1.098586e+01 1.056354e+02 -4.375207e+00
         vertex -1.103170e+01 1.056095e+02 -4.181928e+00
         vertex -1.096143e+01 1.053701e+02 -4.163310e+00
      endloop
   endfacet
   facet normal 9.297808e-01 2.781555e-01 2.411166e-01
      outer loop
         vertex -1.098586e+01 1.056354e+02 -4.375207e+00
         vertex -1.096143e+01 1.053701e+02 -4.163310e+00
         vertex -1.060584e+01 1.043901e+02 -4.404000e+00
      endloop
   endfacet
   facet normal 9.350827e-01 2.888552e-01 2.053849e-01
      outer loop
         vertex -1.060584e+01 1.043901e+02 -4.404000e+00
         vertex -1.096143e+01 1.053701e+02 -4.163310e+00
         vertex -1.052075e+01 1.038632e+02 -4.050405e+00
      endloop
   endfacet
   facet normal 9.370473e-01 2.858998e-01 2.005084e-01
      outer loop
         vertex -1.060584e+01 1.043901e+02 -4.404000e+00
         vertex -1.052075e+01 1.038632e+02 -4.050405e+00
         vertex -1.028743e+01 1.033724e+02 -4.440990e+00
      endloop
   endfacet
   facet normal 9.368999e-01 2.898768e-01 1.954230e-01
      outer loop
         vertex -1.028743e+01 1.033724e+02 -4.440990e+00
         vertex -1.052075e+01 1.038632e+02 -4.050405e+00
         vertex -1.035955e+01 1.033170e+02 -4.012964e+00
      endloop
   endfacet
   facet normal 9.467309e-01 2.578369e-01 1.929266e-01
      outer loop
         vertex -1.028743e+01 1.033724e+02 -4.440990e+00
         vertex -1.035955e+01 1.033170e+02 -4.012964e+00
         vertex -9.962919e+00 1.021932e+02 -4.457386e+00
      endloop
   endfacet
   facet normal 9.486687e-01 2.691043e-01 1.661644e-01
      outer loop
         vertex -9.962919e+00 1.021932e+02 -4.457386e+00
         vertex -1.035955e+01 1.033170e+02 -4.012964e+00
         vertex -1.018109e+01 1.026530e+02 -3.956456e+00
      endloop
   endfacet
   facet normal 9.505211e-01 2.497949e-01 1.846948e-01
      outer loop
         vertex -9.962919e+00 1.021932e+02 -4.457386e+00
         vertex -1.018109e+01 1.026530e+02 -3.956456e+00
         vertex -9.163486e+00 9.918164e+01 -4.498605e+00
      endloop
   endfacet
   facet normal 9.548687e-01 2.565308e-01 1.497255e-01
      outer loop
         vertex -9.163486e+00 9.918164e+01 -4.498605e+00
         vertex -1.018109e+01 1.026530e+02 -3.956456e+00
         vertex -9.346827e+00 9.937553e+01 -3.661561e+00
      endloop
   endfacet
   facet normal 9.550833e-01 2.555730e-01 1.499944e-01
      outer loop
         vertex -9.163486e+00 9.918164e+01 -4.498605e+00
         vertex -9.346827e+00 9.937553e+01 -3.661561e+00
         vertex -9.179758e+00 9.871943e+01 -3.607451e+00
      endloop
   endfacet
   facet normal 9.602886e-01 2.425539e-01 1.378891e-01
      outer loop
         vertex -9.179758e+00 9.871943e+01 -3.607451e+00
         vertex -8.809509e+00 9.717866e+01 -3.475647e+00
         vertex -8.684997e+00 9.728062e+01 -4.522131e+00
      endloop
   endfacet
   facet normal 9.640770e-01 2.276349e-01 1.368862e-01
      outer loop
         vertex -8.684997e+00 9.728062e+01 -4.522131e+00
         vertex -8.809509e+00 9.717866e+01 -3.475647e+00
         vertex -8.686501e+00 9.662801e+01 -3.426279e+00
      endloop
   endfacet
   facet normal 9.662057e-01 2.208885e-01 1.328715e-01
      outer loop
         vertex -8.684997e+00 9.728062e+01 -4.522131e+00
         vertex -8.686501e+00 9.662801e+01 -3.426279e+00
         vertex -8.489773e+00 9.642780e+01 -4.523994e+00
      endloop
   endfacet
   facet normal 9.659954e-01 2.219442e-01 1.326413e-01
      outer loop
         vertex -8.489773e+00 9.642780e+01 -4.523994e+00
         vertex -8.686501e+00 9.662801e+01 -3.426279e+00
         vertex -8.469488e+00 9.563135e+01 -3.339055e+00
      endloop
   endfacet
   facet normal 9.649417e-01 2.251819e-01 1.348356e-01
      outer loop
         vertex -8.489773e+00 9.642780e+01 -4.523994e+00
         vertex -8.469488e+00 9.563135e+01 -3.339055e+00
         vertex -7.963463e+00 9.419015e+01 -4.553515e+00
      endloop
   endfacet
   facet normal 9.643174e-01 2.336085e-01 1.245756e-01
      outer loop
         vertex -7.963463e+00 9.419015e+01 -4.553515e+00
         vertex -8.469488e+00 9.563135e+01 -3.339055e+00
         vertex -8.103366e+00 9.406453e+01 -3.234988e+00
      endloop
   endfacet
   facet normal 9.653997e-01 2.292573e-01 1.242759e-01
      outer loop
         vertex -7.963463e+00 9.419015e+01 -4.553515e+00
         vertex -8.103366e+00 9.406453e+01 -3.234988e+00
         vertex -7.837576e+00 9.366717e+01 -4.566668e+00
      endloop
   endfacet
   facet normal 9.659391e-01 2.264546e-01 1.252198e-01
      outer loop
         vertex -7.837576e+00 9.366717e+01 -4.566668e+00
         vertex -8.103366e+00 9.406453e+01 -3.234988e+00
         vertex -7.756188e+00 9.253552e+01 -3.147946e+00
      endloop
   endfacet
   facet normal 9.698780e-01 2.144932e-01 1.154527e-01
      outer loop
         vertex -7.837576e+00 9.366717e+01 -4.566668e+00
         vertex -7.756188e+00 9.253552e+01 -3.147946e+00
         vertex -7.604765e+00 9.262463e+01 -4.585542e+00
      endloop
   endfacet
   facet normal 9.746845e-01 1.920027e-01 1.145649e-01
      outer loop
         vertex -7.604765e+00 9.262463e+01 -4.585542e+00
         vertex -7.756188e+00 9.253552e+01 -3.147946e+00
         vertex -7.486175e+00 9.202411e+01 -4.588047e+00
      endloop
   endfacet
   facet normal 9.879805e-01 -4.664684e-03 1.545080e-01
      outer loop
         vertex -1.173612e+01 5.791646e+01 -4.148766e+00
         vertex -1.172216e+01 5.792629e+01 -4.237750e+00
         vertex -1.174197e+01 5.847121e+01 -4.094596e+00
      endloop
   endfacet
   facet normal 9.857214e-01 -8.337953e-03 1.681776e-01
      outer loop
         vertex -1.174197e+01 5.847121e+01 -4.094596e+00
         vertex -1.172216e+01 5.792629e+01 -4.237750e+00
         vertex -1.172658e+01 5.845150e+01 -4.185777e+00
      endloop
   endfacet
   facet normal 9.789743e-01 -8.766296e-02 1.841863e-01
      outer loop
         vertex -1.174197e+01 5.847121e+01 -4.094596e+00
         vertex -1.172658e+01 5.845150e+01 -4.185777e+00
         vertex -1.172577e+01 5.872615e+01 -4.059401e+00
      endloop
   endfacet
   facet normal 9.741747e-01 -9.676962e-02 2.040083e-01
      outer loop
         vertex -1.172577e+01 5.872615e+01 -4.059401e+00
         vertex -1.172658e+01 5.845150e+01 -4.185777e+00
         vertex -1.170522e+01 5.873699e+01 -4.152373e+00
      endloop
   endfacet
   facet normal 9.719095e-01 -1.234156e-01 2.004008e-01
      outer loop
         vertex -1.172577e+01 5.872615e+01 -4.059401e+00
         vertex -1.170522e+01 5.873699e+01 -4.152373e+00
         vertex -1.165900e+01 5.947038e+01 -3.924888e+00
      endloop
   endfacet
   facet normal 9.625971e-01 -1.337532e-01 2.356204e-01
      outer loop
         vertex -1.165900e+01 5.947038e+01 -3.924888e+00
         vertex -1.170522e+01 5.873699e+01 -4.152373e+00
         vertex -1.162528e+01 5.949025e+01 -4.051350e+00
      endloop
   endfacet
   facet normal 9.624791e-01 -1.349953e-01 2.353937e-01
      outer loop
         vertex -1.165900e+01 5.947038e+01 -3.924888e+00
         vertex -1.162528e+01 5.949025e+01 -4.051350e+00
         vertex -1.165431e+01 5.952326e+01 -3.913745e+00
      endloop
   endfacet
   facet normal 9.623817e-01 -1.355094e-01 2.354965e-01
      outer loop
         vertex -1.165431e+01 5.952326e+01 -3.913745e+00
         vertex -1.162528e+01 5.949025e+01 -4.051350e+00
         vertex -1.162016e+01 5.953884e+01 -4.044300e+00
      endloop
   endfacet
   facet normal 9.633374e-01 -1.259602e-01 2.368862e-01
      outer loop
         vertex -1.165431e+01 5.952326e+01 -3.913745e+00
         vertex -1.162016e+01 5.953884e+01 -4.044300e+00
         vertex -1.159721e+01 6.030798e+01 -3.728677e+00
      endloop
   endfacet
   facet normal 9.682637e-01 -1.190725e-01 2.197433e-01
      outer loop
         vertex -1.159721e+01 6.030798e+01 -3.728677e+00
         vertex -1.162016e+01 5.953884e+01 -4.044300e+00
         vertex -1.155065e+01 6.032945e+01 -3.922210e+00
      endloop
   endfacet
   facet normal 9.693138e-01 -1.069540e-01 2.213403e-01
      outer loop
         vertex -1.159721e+01 6.030798e+01 -3.728677e+00
         vertex -1.155065e+01 6.032945e+01 -3.922210e+00
         vertex -1.157064e+01 6.084559e+01 -3.585258e+00
      endloop
   endfacet
   facet normal 9.758545e-01 -9.163847e-02 1.982684e-01
      outer loop
         vertex -1.155065e+01 6.032945e+01 -3.922210e+00
         vertex -1.150433e+01 6.110802e+01 -3.790305e+00
         vertex -1.157064e+01 6.084559e+01 -3.585258e+00
      endloop
   endfacet
   facet normal 9.752653e-01 -8.796427e-02 2.027804e-01
      outer loop
         vertex -1.157064e+01 6.084559e+01 -3.585258e+00
         vertex -1.150433e+01 6.110802e+01 -3.790305e+00
         vertex -1.150153e+01 6.116043e+01 -3.781078e+00
      endloop
   endfacet
   facet normal 9.770608e-01 -9.636244e-02 1.899116e-01
      outer loop
         vertex -1.157064e+01 6.084559e+01 -3.585258e+00
         vertex -1.150153e+01 6.116043e+01 -3.781078e+00
         vertex -1.149550e+01 6.259489e+01 -3.084222e+00
      endloop
   endfacet
   facet normal 9.839365e-01 -8.133309e-02 1.589145e-01
      outer loop
         vertex -1.149550e+01 6.259489e+01 -3.084222e+00
         vertex -1.150153e+01 6.116043e+01 -3.781078e+00
         vertex -1.142232e+01 6.264349e+01 -3.512442e+00
      endloop
   endfacet
   facet normal 9.847851e-01 -6.585057e-02 1.608167e-01
      outer loop
         vertex -1.149550e+01 6.259489e+01 -3.084222e+00
         vertex -1.142232e+01 6.264349e+01 -3.512442e+00
         vertex -1.147050e+01 6.372848e+01 -2.773120e+00
      endloop
   endfacet
   facet normal 9.856279e-01 -6.302964e-02 1.567317e-01
      outer loop
         vertex -1.147050e+01 6.372848e+01 -2.773120e+00
         vertex -1.142232e+01 6.264349e+01 -3.512442e+00
         vertex -1.136216e+01 6.425479e+01 -3.242792e+00
      endloop
   endfacet
   facet normal 9.876656e-01 -8.735050e-02 1.299481e-01
      outer loop
         vertex -1.147050e+01 6.372848e+01 -2.773120e+00
         vertex -1.136216e+01 6.425479e+01 -3.242792e+00
         vertex -1.140676e+01 6.489448e+01 -2.473796e+00
      endloop
   endfacet
   facet normal 9.862741e-01 -9.422884e-02 1.355891e-01
      outer loop
         vertex -1.140676e+01 6.489448e+01 -2.473796e+00
         vertex -1.136216e+01 6.425479e+01 -3.242792e+00
         vertex -1.131080e+01 6.493972e+01 -3.140362e+00
      endloop
   endfacet
   facet normal 9.835096e-01 -1.222403e-01 1.332897e-01
      outer loop
         vertex -1.140676e+01 6.489448e+01 -2.473796e+00
         vertex -1.131080e+01 6.493972e+01 -3.140362e+00
         vertex -1.137378e+01 6.525605e+01 -2.385565e+00
      endloop
   endfacet
   facet normal 9.820694e-01 -1.300773e-01 1.364539e-01
      outer loop
         vertex -1.137378e+01 6.525605e+01 -2.385565e+00
         vertex -1.131080e+01 6.493972e+01 -3.140362e+00
         vertex -1.121087e+01 6.582011e+01 -3.020330e+00
      endloop
   endfacet
   facet normal 9.457400e-01 -3.010481e-01 1.222533e-01
      outer loop
         vertex -9.949650e+00 7.169132e+01 -2.554256e+00
         vertex -1.032527e+01 7.101233e+01 -1.320527e+00
         vertex -1.027875e+01 7.064261e+01 -2.590847e+00
      endloop
   endfacet
   facet normal 9.517265e-01 -2.836098e-01 1.173972e-01
      outer loop
         vertex -1.027875e+01 7.064261e+01 -2.590847e+00
         vertex -1.032527e+01 7.101233e+01 -1.320527e+00
         vertex -1.043227e+01 7.063320e+01 -1.368970e+00
      endloop
   endfacet
   facet normal 9.576682e-01 -2.624407e-01 1.183067e-01
      outer loop
         vertex -1.027875e+01 7.064261e+01 -2.590847e+00
         vertex -1.043227e+01 7.063320e+01 -1.368970e+00
         vertex -1.039510e+01 7.020821e+01 -2.612630e+00
      endloop
   endfacet
   facet normal 9.487196e-01 -2.906618e-01 1.242854e-01
      outer loop
         vertex -9.184595e+00 7.407352e+01 -2.546452e+00
         vertex -9.379406e+00 7.407296e+01 -1.060695e+00
         vertex -9.450972e+00 7.320815e+01 -2.536902e+00
      endloop
   endfacet
   facet normal 9.495242e-01 -2.885658e-01 1.230185e-01
      outer loop
         vertex -9.450972e+00 7.320815e+01 -2.536902e+00
         vertex -9.379406e+00 7.407296e+01 -1.060695e+00
         vertex -9.599113e+00 7.333261e+01 -1.101535e+00
      endloop
   endfacet
   facet normal 9.430727e-01 -3.085712e-01 1.240872e-01
      outer loop
         vertex -9.450972e+00 7.320815e+01 -2.536902e+00
         vertex -9.599113e+00 7.333261e+01 -1.101535e+00
         vertex -9.753847e+00 7.228020e+01 -2.542604e+00
      endloop
   endfacet
   facet normal 9.436217e-01 -3.072890e-01 1.230919e-01
      outer loop
         vertex -9.753847e+00 7.228020e+01 -2.542604e+00
         vertex -9.599113e+00 7.333261e+01 -1.101535e+00
         vertex -1.002161e+01 7.199105e+01 -1.211761e+00
      endloop
   endfacet
   facet normal 9.412453e-01 -3.153569e-01 1.208608e-01
      outer loop
         vertex -9.753847e+00 7.228020e+01 -2.542604e+00
         vertex -1.002161e+01 7.199105e+01 -1.211761e+00
         vertex -9.949650e+00 7.169132e+01 -2.554256e+00
      endloop
   endfacet
   facet normal 9.423298e-01 -3.123391e-01 1.202452e-01
      outer loop
         vertex -9.949650e+00 7.169132e+01 -2.554256e+00
         vertex -1.002161e+01 7.199105e+01 -1.211761e+00
         vertex -1.009089e+01 7.177351e+01 -1.233895e+00
      endloop
   endfacet
   facet normal 9.448854e-01 -3.046024e-01 1.200370e-01
      outer loop
         vertex -9.949650e+00 7.169132e+01 -2.554256e+00
         vertex -1.009089e+01 7.177351e+01 -1.233895e+00
         vertex -1.032527e+01 7.101233e+01 -1.320527e+00
      endloop
   endfacet
   facet normal 9.738262e-01 -1.894070e-01 1.256485e-01
      outer loop
         vertex -8.336392e+00 7.827994e+01 -1.118709e+00
         vertex -8.150366e+00 7.811507e+01 -2.809023e+00
         vertex -8.164526e+00 7.912165e+01 -1.181922e+00
      endloop
   endfacet
   facet normal 9.753952e-01 -1.835889e-01 1.220629e-01
      outer loop
         vertex -8.164526e+00 7.912165e+01 -1.181922e+00
         vertex -8.150366e+00 7.811507e+01 -2.809023e+00
         vertex -7.837061e+00 7.966460e+01 -2.982052e+00
      endloop
   endfacet
   facet normal 9.772908e-01 -1.699955e-01 1.265077e-01
      outer loop
         vertex -8.164526e+00 7.912165e+01 -1.181922e+00
         vertex -7.837061e+00 7.966460e+01 -2.982052e+00
         vertex -8.006766e+00 7.997116e+01 -1.259107e+00
      endloop
   endfacet
   facet normal 9.787526e-01 -1.623173e-01 1.252855e-01
      outer loop
         vertex -8.006766e+00 7.997116e+01 -1.259107e+00
         vertex -7.837061e+00 7.966460e+01 -2.982052e+00
         vertex -8.006387e+00 7.997327e+01 -1.259327e+00
      endloop
   endfacet
   facet normal 9.602022e-01 -2.502464e-01 1.240502e-01
      outer loop
         vertex -8.647527e+00 7.602725e+01 -2.628113e+00
         vertex -8.919520e+00 7.577866e+01 -1.024257e+00
         vertex -8.979670e+00 7.478358e+01 -2.566043e+00
      endloop
   endfacet
   facet normal 9.599339e-01 -2.510210e-01 1.245606e-01
      outer loop
         vertex -8.979670e+00 7.478358e+01 -2.566043e+00
         vertex -8.919520e+00 7.577866e+01 -1.024257e+00
         vertex -9.134606e+00 7.495250e+01 -1.031606e+00
      endloop
   endfacet
   facet normal 9.540209e-01 -2.718516e-01 1.262567e-01
      outer loop
         vertex -8.979670e+00 7.478358e+01 -2.566043e+00
         vertex -9.134606e+00 7.495250e+01 -1.031606e+00
         vertex -9.184595e+00 7.407352e+01 -2.546452e+00
      endloop
   endfacet
   facet normal 9.550018e-01 -2.691360e-01 1.246486e-01
      outer loop
         vertex -9.184595e+00 7.407352e+01 -2.546452e+00
         vertex -9.134606e+00 7.495250e+01 -1.031606e+00
         vertex -9.361329e+00 7.413581e+01 -1.057906e+00
      endloop
   endfacet
   facet normal 9.520488e-01 -2.793679e-01 1.247262e-01
      outer loop
         vertex -9.184595e+00 7.407352e+01 -2.546452e+00
         vertex -9.361329e+00 7.413581e+01 -1.057906e+00
         vertex -9.379406e+00 7.407296e+01 -1.060695e+00
      endloop
   endfacet
   facet normal 9.710955e-01 -2.023449e-01 1.266099e-01
      outer loop
         vertex -8.336392e+00 7.827994e+01 -1.118709e+00
         vertex -8.417075e+00 7.790781e+01 -1.094613e+00
         vertex -8.150366e+00 7.811507e+01 -2.809023e+00
      endloop
   endfacet
   facet normal 9.696331e-01 -2.099286e-01 1.254656e-01
      outer loop
         vertex -8.150366e+00 7.811507e+01 -2.809023e+00
         vertex -8.417075e+00 7.790781e+01 -1.094613e+00
         vertex -8.520814e+00 7.744399e+01 -1.068939e+00
      endloop
   endfacet
   facet normal 9.685188e-01 -2.166337e-01 1.226425e-01
      outer loop
         vertex -8.150366e+00 7.811507e+01 -2.809023e+00
         vertex -8.520814e+00 7.744399e+01 -1.068939e+00
         vertex -8.554107e+00 7.639801e+01 -2.653636e+00
      endloop
   endfacet
   facet normal 9.672527e-01 -2.207004e-01 1.253534e-01
      outer loop
         vertex -8.554107e+00 7.639801e+01 -2.653636e+00
         vertex -8.520814e+00 7.744399e+01 -1.068939e+00
         vertex -8.715244e+00 7.661013e+01 -1.036792e+00
      endloop
   endfacet
   facet normal 9.638988e-01 -2.341477e-01 1.267833e-01
      outer loop
         vertex -8.554107e+00 7.639801e+01 -2.653636e+00
         vertex -8.715244e+00 7.661013e+01 -1.036792e+00
         vertex -8.647527e+00 7.602725e+01 -2.628113e+00
      endloop
   endfacet
   facet normal 9.640859e-01 -2.335003e-01 1.265542e-01
      outer loop
         vertex -8.647527e+00 7.602725e+01 -2.628113e+00
         vertex -8.715244e+00 7.661013e+01 -1.036792e+00
         vertex -8.882138e+00 7.592743e+01 -1.025030e+00
      endloop
   endfacet
   facet normal 9.622993e-01 -2.411436e-01 1.258167e-01
      outer loop
         vertex -8.647527e+00 7.602725e+01 -2.628113e+00
         vertex -8.882138e+00 7.592743e+01 -1.025030e+00
         vertex -8.919520e+00 7.577866e+01 -1.024257e+00
      endloop
   endfacet
   facet normal 9.587577e-01 -2.589590e-01 1.171495e-01
      outer loop
         vertex -1.043227e+01 7.063320e+01 -1.368970e+00
         vertex -1.052903e+01 7.025127e+01 -1.421304e+00
         vertex -1.039510e+01 7.020821e+01 -2.612630e+00
      endloop
   endfacet
   facet normal 9.673846e-01 -2.247345e-01 1.168825e-01
      outer loop
         vertex -1.039510e+01 7.020821e+01 -2.612630e+00
         vertex -1.052903e+01 7.025127e+01 -1.421304e+00
         vertex -1.069371e+01 6.948231e+01 -1.536866e+00
      endloop
   endfacet
   facet normal 9.675343e-01 -2.237025e-01 1.176205e-01
      outer loop
         vertex -1.039510e+01 7.020821e+01 -2.612630e+00
         vertex -1.069371e+01 6.948231e+01 -1.536866e+00
         vertex -1.057953e+01 6.938308e+01 -2.664843e+00
      endloop
   endfacet
   facet normal 9.714973e-01 -2.064457e-01 1.165036e-01
      outer loop
         vertex -1.057953e+01 6.938308e+01 -2.664843e+00
         vertex -1.069371e+01 6.948231e+01 -1.536866e+00
         vertex -1.074854e+01 6.919838e+01 -1.582767e+00
      endloop
   endfacet
   facet normal 9.724297e-01 -2.014271e-01 1.175059e-01
      outer loop
         vertex -1.057953e+01 6.938308e+01 -2.664843e+00
         vertex -1.074854e+01 6.919838e+01 -1.582767e+00
         vertex -1.071361e+01 6.870545e+01 -2.716810e+00
      endloop
   endfacet
   facet normal 9.727486e-01 -2.001905e-01 1.169782e-01
      outer loop
         vertex -1.071361e+01 6.870545e+01 -2.716810e+00
         vertex -1.074854e+01 6.919838e+01 -1.582767e+00
         vertex -1.083878e+01 6.871163e+01 -1.665334e+00
      endloop
   endfacet
   facet normal 9.742977e-01 -1.924256e-01 1.171170e-01
      outer loop
         vertex -1.071361e+01 6.870545e+01 -2.716810e+00
         vertex -1.083878e+01 6.871163e+01 -1.665334e+00
         vertex -1.095531e+01 6.740867e+01 -2.836706e+00
      endloop
   endfacet
   facet normal 9.741313e-01 -1.929210e-01 1.176847e-01
      outer loop
         vertex -1.095531e+01 6.740867e+01 -2.836706e+00
         vertex -1.083878e+01 6.871163e+01 -1.665334e+00
         vertex -1.110707e+01 6.717950e+01 -1.956217e+00
      endloop
   endfacet
   facet normal 9.752072e-01 -1.861728e-01 1.196266e-01
      outer loop
         vertex -1.095531e+01 6.740867e+01 -2.836706e+00
         vertex -1.110707e+01 6.717950e+01 -1.956217e+00
         vertex -1.099233e+01 6.720082e+01 -2.858386e+00
      endloop
   endfacet
   facet normal 9.755497e-01 -1.843129e-01 1.197141e-01
      outer loop
         vertex -1.099233e+01 6.720082e+01 -2.858386e+00
         vertex -1.110707e+01 6.717950e+01 -1.956217e+00
         vertex -1.115965e+01 6.685773e+01 -2.023169e+00
      endloop
   endfacet
   facet normal 9.774197e-01 -1.695029e-01 1.261725e-01
      outer loop
         vertex -1.099233e+01 6.720082e+01 -2.858386e+00
         vertex -1.115965e+01 6.685773e+01 -2.023169e+00
         vertex -1.121087e+01 6.582011e+01 -3.020330e+00
      endloop
   endfacet
   facet normal 9.785218e-01 -1.658978e-01 1.223646e-01
      outer loop
         vertex -1.121087e+01 6.582011e+01 -3.020330e+00
         vertex -1.115965e+01 6.685773e+01 -2.023169e+00
         vertex -1.132978e+01 6.565717e+01 -2.290373e+00
      endloop
   endfacet
   facet normal 9.819372e-01 -1.383483e-01 1.290704e-01
      outer loop
         vertex -1.121087e+01 6.582011e+01 -3.020330e+00
         vertex -1.132978e+01 6.565717e+01 -2.290373e+00
         vertex -1.137378e+01 6.525605e+01 -2.385565e+00
      endloop
   endfacet
   facet normal 9.190262e-01 3.191395e-01 2.313889e-01
      outer loop
         vertex -1.123927e+01 1.063931e+02 -4.354104e+00
         vertex -1.141377e+01 1.068771e+02 -4.328512e+00
         vertex -1.151458e+01 1.070874e+02 -4.218139e+00
      endloop
   endfacet
   facet normal 9.174556e-01 3.070691e-01 2.529503e-01
      outer loop
         vertex -1.151458e+01 1.070874e+02 -4.218139e+00
         vertex -1.141377e+01 1.068771e+02 -4.328512e+00
         vertex -1.151342e+01 1.071581e+02 -4.308185e+00
      endloop
   endfacet
   facet normal 9.357177e-01 2.714775e-01 2.252385e-01
      outer loop
         vertex -1.151458e+01 1.070874e+02 -4.218139e+00
         vertex -1.151342e+01 1.071581e+02 -4.308185e+00
         vertex -1.165198e+01 1.075361e+02 -4.188159e+00
      endloop
   endfacet
   facet normal 9.387507e-01 2.805900e-01 2.000411e-01
      outer loop
         vertex -1.165198e+01 1.075361e+02 -4.188159e+00
         vertex -1.151342e+01 1.071581e+02 -4.308185e+00
         vertex -1.163510e+01 1.075414e+02 -4.274841e+00
      endloop
   endfacet
   facet normal 9.560180e-01 2.151162e-01 1.993857e-01
      outer loop
         vertex -1.165198e+01 1.075361e+02 -4.188159e+00
         vertex -1.163510e+01 1.075414e+02 -4.274841e+00
         vertex -1.170269e+01 1.077429e+02 -4.168194e+00
      endloop
   endfacet
   facet normal 9.502076e-01 1.866183e-01 2.495578e-01
      outer loop
         vertex -1.170269e+01 1.077429e+02 -4.168194e+00
         vertex -1.163510e+01 1.075414e+02 -4.274841e+00
         vertex -1.172414e+01 1.079431e+02 -4.236224e+00
      endloop
   endfacet
   facet normal 9.719892e-01 1.620062e-01 1.702672e-01
      outer loop
         vertex -1.170269e+01 1.077429e+02 -4.168194e+00
         vertex -1.172414e+01 1.079431e+02 -4.236224e+00
         vertex -1.173789e+01 1.079322e+02 -4.147330e+00
      endloop
   endfacet
   facet normal 9.798976e-01 -1.560633e-01 1.242775e-01
      outer loop
         vertex -8.006387e+00 7.997327e+01 -1.259327e+00
         vertex -7.837061e+00 7.966460e+01 -2.982052e+00
         vertex -7.858720e+00 8.081965e+01 -1.360799e+00
      endloop
   endfacet
   facet normal 9.781376e-01 -1.629732e-01 1.291769e-01
      outer loop
         vertex -7.858720e+00 8.081965e+01 -1.360799e+00
         vertex -7.837061e+00 7.966460e+01 -2.982052e+00
         vertex -7.764226e+00 8.006027e+01 -3.034363e+00
      endloop
   endfacet
   facet normal 9.819547e-01 -1.451037e-01 1.212842e-01
      outer loop
         vertex -7.858720e+00 8.081965e+01 -1.360799e+00
         vertex -7.764226e+00 8.006027e+01 -3.034363e+00
         vertex -7.715291e+00 8.167917e+01 -1.493725e+00
      endloop
   endfacet
   facet normal 9.804159e-01 -1.505081e-01 1.270119e-01
      outer loop
         vertex -7.715291e+00 8.167917e+01 -1.493725e+00
         vertex -7.764226e+00 8.006027e+01 -3.034363e+00
         vertex -7.546376e+00 8.130914e+01 -3.236075e+00
      endloop
   endfacet
   facet normal 9.833611e-01 -1.331259e-01 1.236060e-01
      outer loop
         vertex -7.715291e+00 8.167917e+01 -1.493725e+00
         vertex -7.546376e+00 8.130914e+01 -3.236075e+00
         vertex -7.587309e+00 8.248530e+01 -1.643678e+00
      endloop
   endfacet
   facet normal 9.825918e-01 -1.364682e-01 1.260548e-01
      outer loop
         vertex -7.587309e+00 8.248530e+01 -1.643678e+00
         vertex -7.546376e+00 8.130914e+01 -3.236075e+00
         vertex -7.456236e+00 8.186048e+01 -3.341831e+00
      endloop
   endfacet
   facet normal 9.854802e-01 -1.199279e-01 1.201919e-01
      outer loop
         vertex -7.587309e+00 8.248530e+01 -1.643678e+00
         vertex -7.456236e+00 8.186048e+01 -3.341831e+00
         vertex -7.468249e+00 8.329499e+01 -1.811971e+00
      endloop
   endfacet
   facet normal 9.850317e-01 -1.218147e-01 1.219576e-01
      outer loop
         vertex -7.468249e+00 8.329499e+01 -1.811971e+00
         vertex -7.456236e+00 8.186048e+01 -3.341831e+00
         vertex -7.294788e+00 8.294022e+01 -3.567335e+00
      endloop
   endfacet
   facet normal 9.870016e-01 -1.076857e-01 1.192967e-01
      outer loop
         vertex -7.468249e+00 8.329499e+01 -1.811971e+00
         vertex -7.294788e+00 8.294022e+01 -3.567335e+00
         vertex -7.421184e+00 8.364298e+01 -1.887234e+00
      endloop
   endfacet
   facet normal 9.880813e-01 -1.006761e-01 1.164460e-01
      outer loop
         vertex -7.421184e+00 8.364298e+01 -1.887234e+00
         vertex -7.294788e+00 8.294022e+01 -3.567335e+00
         vertex -7.191929e+00 8.375038e+01 -3.739683e+00
      endloop
   endfacet
   facet normal 9.893438e-01 -8.604780e-02 1.174503e-01
      outer loop
         vertex -7.421184e+00 8.364298e+01 -1.887234e+00
         vertex -7.191929e+00 8.375038e+01 -3.739683e+00
         vertex -7.283713e+00 8.486676e+01 -2.148647e+00
      endloop
   endfacet
   facet normal 9.894594e-01 -8.536220e-02 1.169759e-01
      outer loop
         vertex -7.283713e+00 8.486676e+01 -2.148647e+00
         vertex -7.191929e+00 8.375038e+01 -3.739683e+00
         vertex -7.162747e+00 8.401407e+01 -3.794098e+00
      endloop
   endfacet
   facet normal 9.926505e-01 -6.093873e-02 1.045540e-01
      outer loop
         vertex -7.283713e+00 8.486676e+01 -2.148647e+00
         vertex -7.162747e+00 8.401407e+01 -3.794098e+00
         vertex -7.249020e+00 8.528804e+01 -2.232485e+00
      endloop
   endfacet
   facet normal 9.907383e-01 -7.314081e-02 1.144029e-01
      outer loop
         vertex -7.249020e+00 8.528804e+01 -2.232485e+00
         vertex -7.162747e+00 8.401407e+01 -3.794098e+00
         vertex -7.110178e+00 8.455836e+01 -3.901368e+00
      endloop
   endfacet
   facet normal 9.936132e-01 -4.629663e-02 1.029051e-01
      outer loop
         vertex -7.249020e+00 8.528804e+01 -2.232485e+00
         vertex -7.110178e+00 8.455836e+01 -3.901368e+00
         vertex -7.226153e+00 8.563419e+01 -2.297547e+00
      endloop
   endfacet
   facet normal 9.929944e-01 -5.149797e-02 1.063493e-01
      outer loop
         vertex -7.226153e+00 8.563419e+01 -2.297547e+00
         vertex -7.110178e+00 8.455836e+01 -3.901368e+00
         vertex -7.053099e+00 8.536562e+01 -4.043423e+00
      endloop
   endfacet
   facet normal 9.939888e-01 -3.464624e-02 1.038555e-01
      outer loop
         vertex -7.226153e+00 8.563419e+01 -2.297547e+00
         vertex -7.053099e+00 8.536562e+01 -4.043423e+00
         vertex -7.045567e+00 8.551204e+01 -4.066664e+00
      endloop
   endfacet
   facet normal 9.518708e-01 -2.467298e-01 1.818416e-01
      outer loop
         vertex -9.171108e+00 7.599356e+01 5.720242e-01
         vertex -9.381074e+00 7.514590e+01 5.209757e-01
         vertex -9.134606e+00 7.495250e+01 -1.031606e+00
      endloop
   endfacet
   facet normal 9.866170e-01 -3.525334e-02 1.591985e-01
      outer loop
         vertex -7.226153e+00 8.563419e+01 -2.297547e+00
         vertex -7.501442e+00 8.591253e+01 -5.298321e-01
         vertex -7.249020e+00 8.528804e+01 -2.232485e+00
      endloop
   endfacet
   facet normal 9.851827e-01 -4.949780e-02 1.642104e-01
      outer loop
         vertex -7.249020e+00 8.528804e+01 -2.232485e+00
         vertex -7.501442e+00 8.591253e+01 -5.298321e-01
         vertex -7.588039e+00 8.490960e+01 -3.126091e-01
      endloop
   endfacet
   facet normal 9.875715e-01 4.125576e-02 1.516590e-01
      outer loop
         vertex -7.203084e+00 8.792463e+01 -2.654940e+00
         vertex -7.471825e+00 8.803532e+01 -9.350698e-01
         vertex -7.188254e+00 8.715704e+01 -2.542706e+00
      endloop
   endfacet
   facet normal 9.871173e-01 3.162120e-02 1.568424e-01
      outer loop
         vertex -7.188254e+00 8.715704e+01 -2.542706e+00
         vertex -7.471825e+00 8.803532e+01 -9.350698e-01
         vertex -7.468597e+00 8.662422e+01 -6.708885e-01
      endloop
   endfacet
   facet normal 9.877758e-01 2.227695e-02 1.542812e-01
      outer loop
         vertex -7.188254e+00 8.715704e+01 -2.542706e+00
         vertex -7.468597e+00 8.662422e+01 -6.708885e-01
         vertex -7.188467e+00 8.678244e+01 -2.487248e+00
      endloop
   endfacet
   facet normal 9.883848e-01 -7.361602e-03 1.517933e-01
      outer loop
         vertex -7.188467e+00 8.678244e+01 -2.487248e+00
         vertex -7.468597e+00 8.662422e+01 -6.708885e-01
         vertex -7.226153e+00 8.563419e+01 -2.297547e+00
      endloop
   endfacet
   facet normal 9.887289e-01 -3.787568e-03 1.496693e-01
      outer loop
         vertex -7.226153e+00 8.563419e+01 -2.297547e+00
         vertex -7.468597e+00 8.662422e+01 -6.708885e-01
         vertex -7.474534e+00 8.644387e+01 -6.362309e-01
      endloop
   endfacet
   facet normal 9.874685e-01 -1.862650e-02 1.567130e-01
      outer loop
         vertex -7.226153e+00 8.563419e+01 -2.297547e+00
         vertex -7.474534e+00 8.644387e+01 -6.362309e-01
         vertex -7.501442e+00 8.591253e+01 -5.298321e-01
      endloop
   endfacet
   facet normal 9.802218e-01 1.214940e-01 1.562189e-01
      outer loop
         vertex -7.294948e+00 8.946659e+01 -2.865425e+00
         vertex -7.384968e+00 9.031972e+01 -2.964078e+00
         vertex -7.632301e+00 9.023530e+01 -1.346487e+00
      endloop
   endfacet
   facet normal 9.727151e-01 1.702430e-01 1.576153e-01
      outer loop
         vertex -7.632301e+00 9.023530e+01 -1.346487e+00
         vertex -7.384968e+00 9.031972e+01 -2.964078e+00
         vertex -7.826253e+00 9.154239e+01 -1.561330e+00
      endloop
   endfacet
   facet normal 9.633158e-01 2.043912e-01 1.739163e-01
      outer loop
         vertex -7.756188e+00 9.253552e+01 -3.147946e+00
         vertex -7.997066e+00 9.243207e+01 -1.692160e+00
         vertex -7.654677e+00 9.202836e+01 -3.114187e+00
      endloop
   endfacet
   facet normal 9.624200e-01 2.100822e-01 1.720850e-01
      outer loop
         vertex -7.654677e+00 9.202836e+01 -3.114187e+00
         vertex -7.997066e+00 9.243207e+01 -1.692160e+00
         vertex -7.826253e+00 9.154239e+01 -1.561330e+00
      endloop
   endfacet
   facet normal 9.700520e-01 1.797020e-01 1.634205e-01
      outer loop
         vertex -7.654677e+00 9.202836e+01 -3.114187e+00
         vertex -7.826253e+00 9.154239e+01 -1.561330e+00
         vertex -7.478496e+00 9.100215e+01 -3.031531e+00
      endloop
   endfacet
   facet normal 9.730129e-01 1.506312e-01 1.748031e-01
      outer loop
         vertex -7.478496e+00 9.100215e+01 -3.031531e+00
         vertex -7.826253e+00 9.154239e+01 -1.561330e+00
         vertex -7.384968e+00 9.031972e+01 -2.964078e+00
      endloop
   endfacet
   facet normal 9.836540e-01 6.840145e-02 1.665714e-01
      outer loop
         vertex -7.238195e+00 8.869581e+01 -2.764277e+00
         vertex -7.557064e+00 8.950973e+01 -1.215489e+00
         vertex -7.203084e+00 8.792463e+01 -2.654940e+00
      endloop
   endfacet
   facet normal 9.852647e-01 8.551290e-02 1.481247e-01
      outer loop
         vertex -7.203084e+00 8.792463e+01 -2.654940e+00
         vertex -7.557064e+00 8.950973e+01 -1.215489e+00
         vertex -7.472421e+00 8.805538e+01 -9.389058e-01
      endloop
   endfacet
   facet normal 9.869054e-01 5.810637e-02 1.504704e-01
      outer loop
         vertex -7.203084e+00 8.792463e+01 -2.654940e+00
         vertex -7.472421e+00 8.805538e+01 -9.389058e-01
         vertex -7.471825e+00 8.803532e+01 -9.350698e-01
      endloop
   endfacet
   facet normal 9.796003e-01 1.340140e-01 1.497446e-01
      outer loop
         vertex -7.632301e+00 9.023530e+01 -1.346487e+00
         vertex -7.581738e+00 8.977345e+01 -1.263933e+00
         vertex -7.294948e+00 8.946659e+01 -2.865425e+00
      endloop
   endfacet
   facet normal 9.809796e-01 1.198283e-01 1.527098e-01
      outer loop
         vertex -7.294948e+00 8.946659e+01 -2.865425e+00
         vertex -7.581738e+00 8.977345e+01 -1.263933e+00
         vertex -7.557064e+00 8.950973e+01 -1.215489e+00
      endloop
   endfacet
   facet normal 9.837296e-01 9.276268e-02 1.538543e-01
      outer loop
         vertex -7.294948e+00 8.946659e+01 -2.865425e+00
         vertex -7.557064e+00 8.950973e+01 -1.215489e+00
         vertex -7.238679e+00 8.870395e+01 -2.765395e+00
      endloop
   endfacet
   facet normal 9.837895e-01 8.040447e-02 1.602915e-01
      outer loop
         vertex -7.238679e+00 8.870395e+01 -2.765395e+00
         vertex -7.557064e+00 8.950973e+01 -1.215489e+00
         vertex -7.238195e+00 8.869581e+01 -2.764277e+00
      endloop
   endfacet
   facet normal 8.673165e-01 2.945105e-01 4.012802e-01
      outer loop
         vertex -1.132631e+01 1.063518e+02 -4.091350e+00
         vertex -1.127287e+01 1.063744e+02 -4.223417e+00
         vertex -1.144250e+01 1.067295e+02 -4.117393e+00
      endloop
   endfacet
   facet normal 8.640472e-01 2.898744e-01 4.115767e-01
      outer loop
         vertex -1.144250e+01 1.067295e+02 -4.117393e+00
         vertex -1.127287e+01 1.063744e+02 -4.223417e+00
         vertex -1.151458e+01 1.070874e+02 -4.218139e+00
      endloop
   endfacet
   facet normal 8.937968e-01 2.788758e-01 3.512201e-01
      outer loop
         vertex -1.144250e+01 1.067295e+02 -4.117393e+00
         vertex -1.151458e+01 1.070874e+02 -4.218139e+00
         vertex -1.156599e+01 1.071305e+02 -4.121596e+00
      endloop
   endfacet
   facet normal 9.139155e-01 2.892198e-01 2.847987e-01
      outer loop
         vertex -1.047426e+01 1.032531e+02 -3.580006e+00
         vertex -1.035955e+01 1.033170e+02 -4.012964e+00
         vertex -1.052075e+01 1.038632e+02 -4.050405e+00
      endloop
   endfacet
   facet normal 9.051394e-01 3.006770e-01 3.005262e-01
      outer loop
         vertex -1.047426e+01 1.032531e+02 -3.580006e+00
         vertex -1.052075e+01 1.038632e+02 -4.050405e+00
         vertex -1.081006e+01 1.044718e+02 -3.787860e+00
      endloop
   endfacet
   facet normal 9.006876e-01 2.877947e-01 3.254782e-01
      outer loop
         vertex -1.081006e+01 1.044718e+02 -3.787860e+00
         vertex -1.052075e+01 1.038632e+02 -4.050405e+00
         vertex -1.096143e+01 1.053701e+02 -4.163310e+00
      endloop
   endfacet
   facet normal 8.823802e-01 3.001352e-01 3.623867e-01
      outer loop
         vertex -1.081006e+01 1.044718e+02 -3.787860e+00
         vertex -1.096143e+01 1.053701e+02 -4.163310e+00
         vertex -1.116716e+01 1.058053e+02 -4.022795e+00
      endloop
   endfacet
   facet normal 8.744025e-01 2.870708e-01 3.911656e-01
      outer loop
         vertex -1.116716e+01 1.058053e+02 -4.022795e+00
         vertex -1.096143e+01 1.053701e+02 -4.163310e+00
         vertex -1.103170e+01 1.056095e+02 -4.181928e+00
      endloop
   endfacet
   facet normal 8.766256e-01 3.022245e-01 3.744167e-01
      outer loop
         vertex -1.116716e+01 1.058053e+02 -4.022795e+00
         vertex -1.103170e+01 1.056095e+02 -4.181928e+00
         vertex -1.132631e+01 1.063518e+02 -4.091350e+00
      endloop
   endfacet
   facet normal 8.656027e-01 2.940848e-01 4.052728e-01
      outer loop
         vertex -1.132631e+01 1.063518e+02 -4.091350e+00
         vertex -1.103170e+01 1.056095e+02 -4.181928e+00
         vertex -1.123489e+01 1.062597e+02 -4.219742e+00
      endloop
   endfacet
   facet normal 8.655690e-01 2.994296e-01 4.014127e-01
      outer loop
         vertex -1.132631e+01 1.063518e+02 -4.091350e+00
         vertex -1.123489e+01 1.062597e+02 -4.219742e+00
         vertex -1.127287e+01 1.063744e+02 -4.223417e+00
      endloop
   endfacet
   facet normal 9.197257e-01 2.713279e-01 2.837002e-01
      outer loop
         vertex -1.035955e+01 1.033170e+02 -4.012964e+00
         vertex -1.047426e+01 1.032531e+02 -3.580006e+00
         vertex -1.018109e+01 1.026530e+02 -3.956456e+00
      endloop
   endfacet
   facet normal 9.203971e-01 2.757309e-01 2.772033e-01
      outer loop
         vertex -1.018109e+01 1.026530e+02 -3.956456e+00
         vertex -1.047426e+01 1.032531e+02 -3.580006e+00
         vertex -1.010084e+01 1.017082e+02 -3.283162e+00
      endloop
   endfacet
   facet normal 9.316696e-01 2.599871e-01 2.537685e-01
      outer loop
         vertex -1.018109e+01 1.026530e+02 -3.956456e+00
         vertex -1.010084e+01 1.017082e+02 -3.283162e+00
         vertex -9.346827e+00 9.937553e+01 -3.661561e+00
      endloop
   endfacet
   facet normal 9.522989e-01 2.253614e-01 2.057646e-01
      outer loop
         vertex -8.469488e+00 9.563135e+01 -3.339055e+00
         vertex -8.686501e+00 9.662801e+01 -3.426279e+00
         vertex -9.007580e+00 9.706276e+01 -2.416447e+00
      endloop
   endfacet
   facet normal 9.515525e-01 2.307818e-01 2.031936e-01
      outer loop
         vertex -9.007580e+00 9.706276e+01 -2.416447e+00
         vertex -8.686501e+00 9.662801e+01 -3.426279e+00
         vertex -8.809509e+00 9.717866e+01 -3.475647e+00
      endloop
   endfacet
   facet normal 9.457932e-01 2.523210e-01 2.044735e-01
      outer loop
         vertex -9.007580e+00 9.706276e+01 -2.416447e+00
         vertex -8.809509e+00 9.717866e+01 -3.475647e+00
         vertex -9.360163e+00 9.861340e+01 -2.699069e+00
      endloop
   endfacet
   facet normal 9.449315e-01 2.455736e-01 2.163284e-01
      outer loop
         vertex -9.360163e+00 9.861340e+01 -2.699069e+00
         vertex -8.809509e+00 9.717866e+01 -3.475647e+00
         vertex -9.179758e+00 9.871943e+01 -3.607451e+00
      endloop
   endfacet
   facet normal 9.399085e-01 2.632696e-01 2.173964e-01
      outer loop
         vertex -9.360163e+00 9.861340e+01 -2.699069e+00
         vertex -9.179758e+00 9.871943e+01 -3.607451e+00
         vertex -9.380385e+00 9.869836e+01 -2.714518e+00
      endloop
   endfacet
   facet normal 9.414122e-01 2.576674e-01 2.176020e-01
      outer loop
         vertex -9.380385e+00 9.869836e+01 -2.714518e+00
         vertex -9.179758e+00 9.871943e+01 -3.607451e+00
         vertex -9.346827e+00 9.937553e+01 -3.661561e+00
      endloop
   endfacet
   facet normal 9.372139e-01 2.671270e-01 2.242172e-01
      outer loop
         vertex -9.380385e+00 9.869836e+01 -2.714518e+00
         vertex -9.346827e+00 9.937553e+01 -3.661561e+00
         vertex -1.001489e+01 1.013412e+02 -3.210939e+00
      endloop
   endfacet
   facet normal 9.359205e-01 2.648663e-01 2.321608e-01
      outer loop
         vertex -1.001489e+01 1.013412e+02 -3.210939e+00
         vertex -9.346827e+00 9.937553e+01 -3.661561e+00
         vertex -1.010084e+01 1.017082e+02 -3.283162e+00
      endloop
   endfacet
   facet normal 9.529180e-01 2.336262e-01 1.933029e-01
      outer loop
         vertex -9.007580e+00 9.706276e+01 -2.416447e+00
         vertex -8.683286e+00 9.550977e+01 -2.138158e+00
         vertex -8.469488e+00 9.563135e+01 -3.339055e+00
      endloop
   endfacet
   facet normal 9.529267e-01 2.335926e-01 1.933010e-01
      outer loop
         vertex -8.469488e+00 9.563135e+01 -3.339055e+00
         vertex -8.683286e+00 9.550977e+01 -2.138158e+00
         vertex -8.643883e+00 9.532312e+01 -2.106845e+00
      endloop
   endfacet
   facet normal 9.524009e-01 2.354140e-01 1.936822e-01
      outer loop
         vertex -8.469488e+00 9.563135e+01 -3.339055e+00
         vertex -8.643883e+00 9.532312e+01 -2.106845e+00
         vertex -8.103366e+00 9.406453e+01 -3.234988e+00
      endloop
   endfacet
   facet normal 9.522169e-01 2.424501e-01 1.857445e-01
      outer loop
         vertex -8.103366e+00 9.406453e+01 -3.234988e+00
         vertex -8.643883e+00 9.532312e+01 -2.106845e+00
         vertex -8.334682e+00 9.395162e+01 -1.901763e+00
      endloop
   endfacet
   facet normal 9.559903e-01 2.276068e-01 1.851421e-01
      outer loop
         vertex -8.103366e+00 9.406453e+01 -3.234988e+00
         vertex -8.334682e+00 9.395162e+01 -1.901763e+00
         vertex -7.756188e+00 9.253552e+01 -3.147946e+00
      endloop
   endfacet
   facet normal 9.555303e-01 2.418119e-01 1.687866e-01
      outer loop
         vertex -7.756188e+00 9.253552e+01 -3.147946e+00
         vertex -8.334682e+00 9.395162e+01 -1.901763e+00
         vertex -8.178799e+00 9.327037e+01 -1.808249e+00
      endloop
   endfacet
   facet normal 9.569611e-01 2.316664e-01 1.748029e-01
      outer loop
         vertex -7.756188e+00 9.253552e+01 -3.147946e+00
         vertex -8.178799e+00 9.327037e+01 -1.808249e+00
         vertex -7.997066e+00 9.243207e+01 -1.692160e+00
      endloop
   endfacet
   facet normal 9.705316e-01 1.222953e-02 2.406634e-01
      outer loop
         vertex -1.175833e+01 5.790602e+01 -4.058668e+00
         vertex -1.173612e+01 5.791646e+01 -4.148766e+00
         vertex -1.177192e+01 5.831302e+01 -4.024546e+00
      endloop
   endfacet
   facet normal 9.376537e-01 -2.396719e-02 3.467436e-01
      outer loop
         vertex -1.177192e+01 5.831302e+01 -4.024546e+00
         vertex -1.173612e+01 5.791646e+01 -4.148766e+00
         vertex -1.174197e+01 5.847121e+01 -4.094596e+00
      endloop
   endfacet
   facet normal 9.170855e-01 -1.491067e-01 3.697586e-01
      outer loop
         vertex -1.165900e+01 5.947038e+01 -3.924888e+00
         vertex -1.173403e+01 5.911199e+01 -3.883304e+00
         vertex -1.172577e+01 5.872615e+01 -4.059401e+00
      endloop
   endfacet
   facet normal 9.421767e-01 -1.222237e-01 3.120329e-01
      outer loop
         vertex -1.172577e+01 5.872615e+01 -4.059401e+00
         vertex -1.173403e+01 5.911199e+01 -3.883304e+00
         vertex -1.175845e+01 5.871446e+01 -3.965286e+00
      endloop
   endfacet
   facet normal 9.434964e-01 -1.034425e-01 3.148240e-01
      outer loop
         vertex -1.172577e+01 5.872615e+01 -4.059401e+00
         vertex -1.175845e+01 5.871446e+01 -3.965286e+00
         vertex -1.174197e+01 5.847121e+01 -4.094596e+00
      endloop
   endfacet
   facet normal 9.535984e-01 -8.839856e-02 2.878120e-01
      outer loop
         vertex -1.174197e+01 5.847121e+01 -4.094596e+00
         vertex -1.175845e+01 5.871446e+01 -3.965286e+00
         vertex -1.176800e+01 5.849687e+01 -4.000479e+00
      endloop
   endfacet
   facet normal 9.581360e-01 -5.715693e-02 2.805504e-01
      outer loop
         vertex -1.174197e+01 5.847121e+01 -4.094596e+00
         vertex -1.176800e+01 5.849687e+01 -4.000479e+00
         vertex -1.177192e+01 5.831302e+01 -4.024546e+00
      endloop
   endfacet
   facet normal 9.630093e-01 -1.116136e-01 2.452661e-01
      outer loop
         vertex -1.157064e+01 6.084559e+01 -3.585258e+00
         vertex -1.149550e+01 6.259489e+01 -3.084222e+00
         vertex -1.161191e+01 6.254327e+01 -2.650638e+00
      endloop
   endfacet
   facet normal 9.401594e-01 -1.465028e-01 3.076315e-01
      outer loop
         vertex -1.161191e+01 6.254327e+01 -2.650638e+00
         vertex -1.165000e+01 6.104701e+01 -3.246809e+00
         vertex -1.157064e+01 6.084559e+01 -3.585258e+00
      endloop
   endfacet
   facet normal 9.419666e-01 -1.408865e-01 3.047129e-01
      outer loop
         vertex -1.157064e+01 6.084559e+01 -3.585258e+00
         vertex -1.165000e+01 6.104701e+01 -3.246809e+00
         vertex -1.166354e+01 6.052773e+01 -3.445037e+00
      endloop
   endfacet
   facet normal 9.375967e-01 -1.321432e-01 3.216372e-01
      outer loop
         vertex -1.157064e+01 6.084559e+01 -3.585258e+00
         vertex -1.166354e+01 6.052773e+01 -3.445037e+00
         vertex -1.159721e+01 6.030798e+01 -3.728677e+00
      endloop
   endfacet
   facet normal 9.305235e-01 -1.502345e-01 3.339995e-01
      outer loop
         vertex -1.159721e+01 6.030798e+01 -3.728677e+00
         vertex -1.166354e+01 6.052773e+01 -3.445037e+00
         vertex -1.167128e+01 6.028474e+01 -3.532774e+00
      endloop
   endfacet
   facet normal 9.308937e-01 -1.466362e-01 3.345664e-01
      outer loop
         vertex -1.159721e+01 6.030798e+01 -3.728677e+00
         vertex -1.167128e+01 6.028474e+01 -3.532774e+00
         vertex -1.165431e+01 5.952326e+01 -3.913745e+00
      endloop
   endfacet
   facet normal 9.202142e-01 -1.585343e-01 3.578724e-01
      outer loop
         vertex -1.165431e+01 5.952326e+01 -3.913745e+00
         vertex -1.167128e+01 6.028474e+01 -3.532774e+00
         vertex -1.170862e+01 5.950630e+01 -3.781604e+00
      endloop
   endfacet
   facet normal 9.203623e-01 -1.571211e-01 3.581147e-01
      outer loop
         vertex -1.165431e+01 5.952326e+01 -3.913745e+00
         vertex -1.170862e+01 5.950630e+01 -3.781604e+00
         vertex -1.165900e+01 5.947038e+01 -3.924888e+00
      endloop
   endfacet
   facet normal 9.206920e-01 -1.557221e-01 3.578782e-01
      outer loop
         vertex -1.165900e+01 5.947038e+01 -3.924888e+00
         vertex -1.170862e+01 5.950630e+01 -3.781604e+00
         vertex -1.171518e+01 5.940070e+01 -3.810668e+00
      endloop
   endfacet
   facet normal 9.203995e-01 -1.508510e-01 3.607058e-01
      outer loop
         vertex -1.165900e+01 5.947038e+01 -3.924888e+00
         vertex -1.171518e+01 5.940070e+01 -3.810668e+00
         vertex -1.173403e+01 5.911199e+01 -3.883304e+00
      endloop
   endfacet
   facet normal 9.599308e-01 -2.124763e-01 1.827204e-01
      outer loop
         vertex -1.092443e+01 6.938490e+01 -4.324723e-01
         vertex -1.103791e+01 6.872815e+01 -6.000268e-01
         vertex -1.083878e+01 6.871163e+01 -1.665334e+00
      endloop
   endfacet
   facet normal 9.619010e-01 -2.031693e-01 1.829443e-01
      outer loop
         vertex -1.083878e+01 6.871163e+01 -1.665334e+00
         vertex -1.103791e+01 6.872815e+01 -6.000268e-01
         vertex -1.110707e+01 6.717950e+01 -1.956217e+00
      endloop
   endfacet
   facet normal 9.594634e-01 -2.087093e-01 1.893949e-01
      outer loop
         vertex -1.103791e+01 6.872815e+01 -6.000268e-01
         vertex -1.124102e+01 6.747822e+01 -9.484355e-01
         vertex -1.110707e+01 6.717950e+01 -1.956217e+00
      endloop
   endfacet
   facet normal 9.605971e-01 -2.044555e-01 1.882846e-01
      outer loop
         vertex -1.110707e+01 6.717950e+01 -1.956217e+00
         vertex -1.124102e+01 6.747822e+01 -9.484355e-01
         vertex -1.128959e+01 6.716380e+01 -1.042068e+00
      endloop
   endfacet
   facet normal 9.621701e-01 -1.964881e-01 1.887355e-01
      outer loop
         vertex -1.110707e+01 6.717950e+01 -1.956217e+00
         vertex -1.128959e+01 6.716380e+01 -1.042068e+00
         vertex -1.115965e+01 6.685773e+01 -2.023169e+00
      endloop
   endfacet
   facet normal 9.637268e-01 -1.903874e-01 1.870384e-01
      outer loop
         vertex -1.115965e+01 6.685773e+01 -2.023169e+00
         vertex -1.128959e+01 6.716380e+01 -1.042068e+00
         vertex -1.146454e+01 6.587937e+01 -1.448091e+00
      endloop
   endfacet
   facet normal 9.624931e-01 -1.813116e-01 2.018246e-01
      outer loop
         vertex -1.115965e+01 6.685773e+01 -2.023169e+00
         vertex -1.146454e+01 6.587937e+01 -1.448091e+00
         vertex -1.132978e+01 6.565717e+01 -2.290373e+00
      endloop
   endfacet
   facet normal 9.688034e-01 -1.526165e-01 1.952643e-01
      outer loop
         vertex -1.132978e+01 6.565717e+01 -2.290373e+00
         vertex -1.146454e+01 6.587937e+01 -1.448091e+00
         vertex -1.137378e+01 6.525605e+01 -2.385565e+00
      endloop
   endfacet
   facet normal 9.677238e-01 -1.563549e-01 1.976454e-01
      outer loop
         vertex -1.137378e+01 6.525605e+01 -2.385565e+00
         vertex -1.146454e+01 6.587937e+01 -1.448091e+00
         vertex -1.155941e+01 6.484922e+01 -1.798496e+00
      endloop
   endfacet
   facet normal 9.678360e-01 -1.393917e-01 2.094362e-01
      outer loop
         vertex -1.137378e+01 6.525605e+01 -2.385565e+00
         vertex -1.155941e+01 6.484922e+01 -1.798496e+00
         vertex -1.140676e+01 6.489448e+01 -2.473796e+00
      endloop
   endfacet
   facet normal 9.691821e-01 -1.279566e-01 2.105068e-01
      outer loop
         vertex -1.140676e+01 6.489448e+01 -2.473796e+00
         vertex -1.155941e+01 6.484922e+01 -1.798496e+00
         vertex -1.158630e+01 6.436140e+01 -1.971218e+00
      endloop
   endfacet
   facet normal 9.673880e-01 -1.112947e-01 2.275389e-01
      outer loop
         vertex -1.140676e+01 6.489448e+01 -2.473796e+00
         vertex -1.158630e+01 6.436140e+01 -1.971218e+00
         vertex -1.147050e+01 6.372848e+01 -2.773120e+00
      endloop
   endfacet
   facet normal 9.648907e-01 -1.196829e-01 2.337988e-01
      outer loop
         vertex -1.147050e+01 6.372848e+01 -2.773120e+00
         vertex -1.158630e+01 6.436140e+01 -1.971218e+00
         vertex -1.159669e+01 6.407780e+01 -2.073504e+00
      endloop
   endfacet
   facet normal 9.730968e-01 -8.068428e-02 2.158069e-01
      outer loop
         vertex -1.147050e+01 6.372848e+01 -2.773120e+00
         vertex -1.159669e+01 6.407780e+01 -2.073504e+00
         vertex -1.149550e+01 6.259489e+01 -3.084222e+00
      endloop
   endfacet
   facet normal 9.634563e-01 -1.028343e-01 2.473398e-01
      outer loop
         vertex -1.149550e+01 6.259489e+01 -3.084222e+00
         vertex -1.159669e+01 6.407780e+01 -2.073504e+00
         vertex -1.161066e+01 6.277376e+01 -2.561270e+00
      endloop
   endfacet
   facet normal 9.638103e-01 -1.009009e-01 2.467565e-01
      outer loop
         vertex -1.149550e+01 6.259489e+01 -3.084222e+00
         vertex -1.161066e+01 6.277376e+01 -2.561270e+00
         vertex -1.161191e+01 6.254327e+01 -2.650638e+00
      endloop
   endfacet
   facet normal 9.466564e-01 -2.678925e-01 1.790955e-01
      outer loop
         vertex -1.074210e+01 7.031008e+01 -2.146251e-01
         vertex -1.043227e+01 7.063320e+01 -1.368970e+00
         vertex -1.062599e+01 7.079031e+01 -1.100156e-01
      endloop
   endfacet
   facet normal 9.402872e-01 -2.884676e-01 1.806833e-01
      outer loop
         vertex -1.062599e+01 7.079031e+01 -1.100156e-01
         vertex -1.043227e+01 7.063320e+01 -1.368970e+00
         vertex -1.032527e+01 7.101233e+01 -1.320527e+00
      endloop
   endfacet
   facet normal 9.365749e-01 -3.023626e-01 1.772127e-01
      outer loop
         vertex -1.062599e+01 7.079031e+01 -1.100156e-01
         vertex -1.032527e+01 7.101233e+01 -1.320527e+00
         vertex -1.031557e+01 7.187667e+01 1.029707e-01
      endloop
   endfacet
   facet normal 9.456472e-01 -2.684362e-01 1.835575e-01
      outer loop
         vertex -9.134606e+00 7.495250e+01 -1.031606e+00
         vertex -9.381074e+00 7.514590e+01 5.209757e-01
         vertex -9.361329e+00 7.413581e+01 -1.057906e+00
      endloop
   endfacet
   facet normal 9.466793e-01 -2.658875e-01 1.819399e-01
      outer loop
         vertex -9.361329e+00 7.413581e+01 -1.057906e+00
         vertex -9.381074e+00 7.514590e+01 5.209757e-01
         vertex -9.602444e+00 7.430697e+01 4.468119e-01
      endloop
   endfacet
   facet normal 9.426567e-01 -2.792438e-01 1.828146e-01
      outer loop
         vertex -9.361329e+00 7.413581e+01 -1.057906e+00
         vertex -9.602444e+00 7.430697e+01 4.468119e-01
         vertex -9.379406e+00 7.407296e+01 -1.060695e+00
      endloop
   endfacet
   facet normal 9.430038e-01 -2.781476e-01 1.826958e-01
      outer loop
         vertex -9.379406e+00 7.407296e+01 -1.060695e+00
         vertex -9.602444e+00 7.430697e+01 4.468119e-01
         vertex -9.652847e+00 7.412340e+01 4.274873e-01
      endloop
   endfacet
   facet normal 9.397914e-01 -2.889571e-01 1.824718e-01
      outer loop
         vertex -9.379406e+00 7.407296e+01 -1.060695e+00
         vertex -9.652847e+00 7.412340e+01 4.274873e-01
         vertex -9.599113e+00 7.333261e+01 -1.101535e+00
      endloop
   endfacet
   facet normal 9.340048e-01 -3.081622e-01 1.807516e-01
      outer loop
         vertex -1.032527e+01 7.101233e+01 -1.320527e+00
         vertex -1.009089e+01 7.177351e+01 -1.233895e+00
         vertex -1.031557e+01 7.187667e+01 1.029707e-01
      endloop
   endfacet
   facet normal 9.316560e-01 -3.151108e-01 1.808931e-01
      outer loop
         vertex -1.031557e+01 7.187667e+01 1.029707e-01
         vertex -1.009089e+01 7.177351e+01 -1.233895e+00
         vertex -1.002161e+01 7.199105e+01 -1.211761e+00
      endloop
   endfacet
   facet normal 9.321047e-01 -3.136497e-01 1.811205e-01
      outer loop
         vertex -1.031557e+01 7.187667e+01 1.029707e-01
         vertex -1.002161e+01 7.199105e+01 -1.211761e+00
         vertex -1.015597e+01 7.240320e+01 1.934052e-01
      endloop
   endfacet
   facet normal 9.339242e-01 -3.089026e-01 1.799021e-01
      outer loop
         vertex -1.015597e+01 7.240320e+01 1.934052e-01
         vertex -1.002161e+01 7.199105e+01 -1.211761e+00
         vertex -9.599113e+00 7.333261e+01 -1.101535e+00
      endloop
   endfacet
   facet normal 9.345610e-01 -3.052594e-01 1.827908e-01
      outer loop
         vertex -1.015597e+01 7.240320e+01 1.934052e-01
         vertex -9.599113e+00 7.333261e+01 -1.101535e+00
         vertex -9.834770e+00 7.348105e+01 3.512203e-01
      endloop
   endfacet
   facet normal 9.402234e-01 -2.878885e-01 1.819343e-01
      outer loop
         vertex -9.834770e+00 7.348105e+01 3.512203e-01
         vertex -9.599113e+00 7.333261e+01 -1.101535e+00
         vertex -9.652847e+00 7.412340e+01 4.274873e-01
      endloop
   endfacet
   facet normal 9.586493e-01 -2.164014e-01 1.848294e-01
      outer loop
         vertex -8.715244e+00 7.661013e+01 -1.036792e+00
         vertex -8.520814e+00 7.744399e+01 -1.068939e+00
         vertex -8.721865e+00 7.797667e+01 5.975167e-01
      endloop
   endfacet
   facet normal 9.617582e-01 -2.050611e-01 1.815796e-01
      outer loop
         vertex -8.721865e+00 7.797667e+01 5.975167e-01
         vertex -8.520814e+00 7.744399e+01 -1.068939e+00
         vertex -8.417075e+00 7.790781e+01 -1.094613e+00
      endloop
   endfacet
   facet normal 9.635970e-01 -1.962634e-01 1.815528e-01
      outer loop
         vertex -8.721865e+00 7.797667e+01 5.975167e-01
         vertex -8.417075e+00 7.790781e+01 -1.094613e+00
         vertex -8.600639e+00 7.855721e+01 5.816813e-01
      endloop
   endfacet
   facet normal 9.633716e-01 -1.970934e-01 1.818496e-01
      outer loop
         vertex -8.600639e+00 7.855721e+01 5.816813e-01
         vertex -8.417075e+00 7.790781e+01 -1.094613e+00
         vertex -8.336392e+00 7.827994e+01 -1.118709e+00
      endloop
   endfacet
   facet normal 9.682989e-01 -1.743294e-01 1.789034e-01
      outer loop
         vertex -8.600639e+00 7.855721e+01 5.816813e-01
         vertex -8.336392e+00 7.827994e+01 -1.118709e+00
         vertex -8.341730e+00 7.992373e+01 5.119371e-01
      endloop
   endfacet
   facet normal 9.650553e-01 -1.829637e-01 1.875966e-01
      outer loop
         vertex -8.336392e+00 7.827994e+01 -1.118709e+00
         vertex -8.164526e+00 7.912165e+01 -1.181922e+00
         vertex -8.341730e+00 7.992373e+01 5.119371e-01
      endloop
   endfacet
   facet normal 9.700881e-01 -1.638806e-01 1.790869e-01
      outer loop
         vertex -8.341730e+00 7.992373e+01 5.119371e-01
         vertex -8.164526e+00 7.912165e+01 -1.181922e+00
         vertex -8.006766e+00 7.997116e+01 -1.259107e+00
      endloop
   endfacet
   facet normal 9.725510e-01 -1.474700e-01 1.799922e-01
      outer loop
         vertex -8.341730e+00 7.992373e+01 5.119371e-01
         vertex -8.006766e+00 7.997116e+01 -1.259107e+00
         vertex -8.130845e+00 8.117206e+01 3.952425e-01
      endloop
   endfacet
   facet normal 9.509237e-01 -2.491989e-01 1.834229e-01
      outer loop
         vertex -9.134606e+00 7.495250e+01 -1.031606e+00
         vertex -8.919520e+00 7.577866e+01 -1.024257e+00
         vertex -9.171108e+00 7.599356e+01 5.720242e-01
      endloop
   endfacet
   facet normal 9.537943e-01 -2.387120e-01 1.824635e-01
      outer loop
         vertex -9.171108e+00 7.599356e+01 5.720242e-01
         vertex -8.919520e+00 7.577866e+01 -1.024257e+00
         vertex -8.882138e+00 7.592743e+01 -1.025030e+00
      endloop
   endfacet
   facet normal 9.542480e-01 -2.368871e-01 1.824700e-01
      outer loop
         vertex -9.171108e+00 7.599356e+01 5.720242e-01
         vertex -8.882138e+00 7.592743e+01 -1.025030e+00
         vertex -9.149309e+00 7.608448e+01 5.760601e-01
      endloop
   endfacet
   facet normal 9.558698e-01 -2.305345e-01 1.821175e-01
      outer loop
         vertex -9.149309e+00 7.608448e+01 5.760601e-01
         vertex -8.882138e+00 7.592743e+01 -1.025030e+00
         vertex -8.715244e+00 7.661013e+01 -1.036792e+00
      endloop
   endfacet
   facet normal 9.561776e-01 -2.287164e-01 1.827929e-01
      outer loop
         vertex -9.149309e+00 7.608448e+01 5.760601e-01
         vertex -8.715244e+00 7.661013e+01 -1.036792e+00
         vertex -8.971577e+00 7.684577e+01 5.988973e-01
      endloop
   endfacet
   facet normal 9.603930e-01 -2.118399e-01 1.810223e-01
      outer loop
         vertex -8.971577e+00 7.684577e+01 5.988973e-01
         vertex -8.715244e+00 7.661013e+01 -1.036792e+00
         vertex -8.721865e+00 7.797667e+01 5.975167e-01
      endloop
   endfacet
   facet normal 9.610832e-01 -2.088579e-01 1.808244e-01
      outer loop
         vertex -1.083878e+01 6.871163e+01 -1.665334e+00
         vertex -1.074854e+01 6.919838e+01 -1.582767e+00
         vertex -1.092443e+01 6.938490e+01 -4.324723e-01
      endloop
   endfacet
   facet normal 9.596632e-01 -2.146761e-01 1.815507e-01
      outer loop
         vertex -1.092443e+01 6.938490e+01 -4.324723e-01
         vertex -1.074854e+01 6.919838e+01 -1.582767e+00
         vertex -1.069371e+01 6.948231e+01 -1.536866e+00
      endloop
   endfacet
   facet normal 9.563303e-01 -2.307251e-01 1.794388e-01
      outer loop
         vertex -1.092443e+01 6.938490e+01 -4.324723e-01
         vertex -1.069371e+01 6.948231e+01 -1.536866e+00
         vertex -1.074210e+01 7.031008e+01 -2.146251e-01
      endloop
   endfacet
   facet normal 9.559518e-01 -2.317850e-01 1.800885e-01
      outer loop
         vertex -1.074210e+01 7.031008e+01 -2.146251e-01
         vertex -1.069371e+01 6.948231e+01 -1.536866e+00
         vertex -1.052903e+01 7.025127e+01 -1.421304e+00
      endloop
   endfacet
   facet normal 9.473484e-01 -2.647043e-01 1.801737e-01
      outer loop
         vertex -1.074210e+01 7.031008e+01 -2.146251e-01
         vertex -1.052903e+01 7.025127e+01 -1.421304e+00
         vertex -1.043227e+01 7.063320e+01 -1.368970e+00
      endloop
   endfacet
   facet normal 8.973081e-01 2.399035e-01 3.705193e-01
      outer loop
         vertex -1.156599e+01 1.071305e+02 -4.121596e+00
         vertex -1.151458e+01 1.070874e+02 -4.218139e+00
         vertex -1.165427e+01 1.074389e+02 -4.107473e+00
      endloop
   endfacet
   facet normal 9.074470e-01 2.555884e-01 3.334886e-01
      outer loop
         vertex -1.165427e+01 1.074389e+02 -4.107473e+00
         vertex -1.151458e+01 1.070874e+02 -4.218139e+00
         vertex -1.165198e+01 1.075361e+02 -4.188159e+00
      endloop
   endfacet
   facet normal 9.514726e-01 1.830313e-01 2.473853e-01
      outer loop
         vertex -1.165427e+01 1.074389e+02 -4.107473e+00
         vertex -1.165198e+01 1.075361e+02 -4.188159e+00
         vertex -1.175978e+01 1.079198e+02 -4.057413e+00
      endloop
   endfacet
   facet normal 9.645450e-01 2.227960e-01 1.414742e-01
      outer loop
         vertex -1.175978e+01 1.079198e+02 -4.057413e+00
         vertex -1.165198e+01 1.075361e+02 -4.188159e+00
         vertex -1.170269e+01 1.077429e+02 -4.168194e+00
      endloop
   endfacet
   facet normal 9.556907e-01 1.498122e-01 2.534000e-01
      outer loop
         vertex -1.175978e+01 1.079198e+02 -4.057413e+00
         vertex -1.170269e+01 1.077429e+02 -4.168194e+00
         vertex -1.173789e+01 1.079322e+02 -4.147330e+00
      endloop
   endfacet
   facet normal 9.704901e-01 -1.546307e-01 1.850357e-01
      outer loop
         vertex -8.006766e+00 7.997116e+01 -1.259107e+00
         vertex -8.006387e+00 7.997327e+01 -1.259327e+00
         vertex -8.130845e+00 8.117206e+01 3.952425e-01
      endloop
   endfacet
   facet normal 9.723921e-01 -1.480261e-01 1.803935e-01
      outer loop
         vertex -8.130845e+00 8.117206e+01 3.952425e-01
         vertex -8.006387e+00 7.997327e+01 -1.259327e+00
         vertex -7.858720e+00 8.081965e+01 -1.360799e+00
      endloop
   endfacet
   facet normal 9.746035e-01 -1.355718e-01 1.782368e-01
      outer loop
         vertex -8.130845e+00 8.117206e+01 3.952425e-01
         vertex -7.858720e+00 8.081965e+01 -1.360799e+00
         vertex -8.065013e+00 8.157643e+01 3.428457e-01
      endloop
   endfacet
   facet normal 9.747018e-01 -1.351151e-01 1.780458e-01
      outer loop
         vertex -8.065013e+00 8.157643e+01 3.428457e-01
         vertex -7.858720e+00 8.081965e+01 -1.360799e+00
         vertex -7.715291e+00 8.167917e+01 -1.493725e+00
      endloop
   endfacet
   facet normal 9.760268e-01 -1.239269e-01 1.789240e-01
      outer loop
         vertex -8.065013e+00 8.157643e+01 3.428457e-01
         vertex -7.715291e+00 8.167917e+01 -1.493725e+00
         vertex -7.862433e+00 8.286255e+01 1.285696e-01
      endloop
   endfacet
   facet normal 9.765174e-01 -1.220022e-01 1.775646e-01
      outer loop
         vertex -7.862433e+00 8.286255e+01 1.285696e-01
         vertex -7.715291e+00 8.167917e+01 -1.493725e+00
         vertex -7.587309e+00 8.248530e+01 -1.643678e+00
      endloop
   endfacet
   facet normal 9.780650e-01 -1.119428e-01 1.756635e-01
      outer loop
         vertex -7.862433e+00 8.286255e+01 1.285696e-01
         vertex -7.587309e+00 8.248530e+01 -1.643678e+00
         vertex -7.806486e+00 8.323529e+01 5.460108e-02
      endloop
   endfacet
   facet normal 9.788423e-01 -1.077832e-01 1.739268e-01
      outer loop
         vertex -7.806486e+00 8.323529e+01 5.460108e-02
         vertex -7.587309e+00 8.248530e+01 -1.643678e+00
         vertex -7.468249e+00 8.329499e+01 -1.811971e+00
      endloop
   endfacet
   facet normal 9.791393e-01 -1.048036e-01 1.740759e-01
      outer loop
         vertex -7.806486e+00 8.323529e+01 5.460108e-02
         vertex -7.468249e+00 8.329499e+01 -1.811971e+00
         vertex -7.744185e+00 8.366680e+01 -3.603523e-02
      endloop
   endfacet
   facet normal 9.804217e-01 -9.533407e-02 1.722926e-01
      outer loop
         vertex -7.744185e+00 8.366680e+01 -3.603523e-02
         vertex -7.468249e+00 8.329499e+01 -1.811971e+00
         vertex -7.421184e+00 8.364298e+01 -1.887234e+00
      endloop
   endfacet
   facet normal 9.813703e-01 -8.495084e-02 1.723245e-01
      outer loop
         vertex -7.744185e+00 8.366680e+01 -3.603523e-02
         vertex -7.421184e+00 8.364298e+01 -1.887234e+00
         vertex -7.588039e+00 8.490960e+01 -3.126091e-01
      endloop
   endfacet
   facet normal 9.834558e-01 -7.527927e-02 1.647658e-01
      outer loop
         vertex -7.588039e+00 8.490960e+01 -3.126091e-01
         vertex -7.421184e+00 8.364298e+01 -1.887234e+00
         vertex -7.283713e+00 8.486676e+01 -2.148647e+00
      endloop
   endfacet
   facet normal 9.852005e-01 -4.840983e-02 1.644280e-01
      outer loop
         vertex -7.588039e+00 8.490960e+01 -3.126091e-01
         vertex -7.283713e+00 8.486676e+01 -2.148647e+00
         vertex -7.249020e+00 8.528804e+01 -2.232485e+00
      endloop
   endfacet
   facet normal 9.520421e-01 -1.559270e-01 2.632539e-01
      outer loop
         vertex -8.341730e+00 7.992373e+01 5.119371e-01
         vertex -8.628553e+00 8.059725e+01 1.948149e+00
         vertex -8.889964e+00 7.910106e+01 2.007325e+00
      endloop
   endfacet
   facet normal 9.327342e-01 -2.449305e-01 2.646053e-01
      outer loop
         vertex -9.498984e+00 7.620202e+01 1.914200e+00
         vertex -9.681021e+00 7.542516e+01 1.836788e+00
         vertex -9.381074e+00 7.514590e+01 5.209757e-01
      endloop
   endfacet
   facet normal 9.337928e-01 1.040989e-02 3.576629e-01
      outer loop
         vertex -1.180408e+01 5.830389e+01 -3.950793e+00
         vertex -1.178728e+01 5.789664e+01 -3.982824e+00
         vertex -1.175833e+01 5.790602e+01 -4.058668e+00
      endloop
   endfacet
   facet normal 9.647280e-01 -8.132149e-02 2.503733e-01
      outer loop
         vertex -8.114364e+00 8.392162e+01 1.473087e+00
         vertex -7.744185e+00 8.366680e+01 -3.603523e-02
         vertex -8.072921e+00 8.421600e+01 1.409016e+00
      endloop
   endfacet
   facet normal 9.671041e-01 -6.688971e-02 2.454290e-01
      outer loop
         vertex -8.072921e+00 8.421600e+01 1.409016e+00
         vertex -7.744185e+00 8.366680e+01 -3.603523e-02
         vertex -7.588039e+00 8.490960e+01 -3.126091e-01
      endloop
   endfacet
   facet normal 9.668989e-01 -6.089068e-02 2.477881e-01
      outer loop
         vertex -8.072921e+00 8.421600e+01 1.409016e+00
         vertex -7.588039e+00 8.490960e+01 -3.126091e-01
         vertex -7.919526e+00 8.546904e+01 1.118367e+00
      endloop
   endfacet
   facet normal 9.710301e-01 -3.076656e-02 2.369682e-01
      outer loop
         vertex -7.919526e+00 8.546904e+01 1.118367e+00
         vertex -7.588039e+00 8.490960e+01 -3.126091e-01
         vertex -7.867143e+00 8.605903e+01 9.803168e-01
      endloop
   endfacet
   facet normal 9.706843e-01 -3.222317e-02 2.381885e-01
      outer loop
         vertex -7.588039e+00 8.490960e+01 -3.126091e-01
         vertex -7.501442e+00 8.591253e+01 -5.298321e-01
         vertex -7.867143e+00 8.605903e+01 9.803168e-01
      endloop
   endfacet
   facet normal 9.718610e-01 -2.049999e-03 2.355463e-01
      outer loop
         vertex -7.867143e+00 8.605903e+01 9.803168e-01
         vertex -7.501442e+00 8.591253e+01 -5.298321e-01
         vertex -7.474534e+00 8.644387e+01 -6.362309e-01
      endloop
   endfacet
   facet normal 9.717351e-01 2.945698e-04 2.360739e-01
      outer loop
         vertex -7.867143e+00 8.605903e+01 9.803168e-01
         vertex -7.474534e+00 8.644387e+01 -6.362309e-01
         vertex -7.825592e+00 8.682175e+01 8.083316e-01
      endloop
   endfacet
   facet normal 9.723991e-01 1.275881e-02 2.329748e-01
      outer loop
         vertex -7.825592e+00 8.682175e+01 8.083316e-01
         vertex -7.474534e+00 8.644387e+01 -6.362309e-01
         vertex -7.468597e+00 8.662422e+01 -6.708885e-01
      endloop
   endfacet
   facet normal 9.725476e-01 3.580159e-02 2.299335e-01
      outer loop
         vertex -7.825592e+00 8.682175e+01 8.083316e-01
         vertex -7.468597e+00 8.662422e+01 -6.708885e-01
         vertex -7.814661e+00 8.754092e+01 6.501199e-01
      endloop
   endfacet
   facet normal 9.735072e-01 4.422645e-02 2.243386e-01
      outer loop
         vertex -7.814661e+00 8.754092e+01 6.501199e-01
         vertex -7.468597e+00 8.662422e+01 -6.708885e-01
         vertex -7.471825e+00 8.803532e+01 -9.350698e-01
      endloop
   endfacet
   facet normal 9.707323e-01 6.664726e-02 2.307313e-01
      outer loop
         vertex -7.814661e+00 8.754092e+01 6.501199e-01
         vertex -7.471825e+00 8.803532e+01 -9.350698e-01
         vertex -7.823427e+00 8.816425e+01 5.069521e-01
      endloop
   endfacet
   facet normal 9.704355e-01 7.284717e-02 2.301046e-01
      outer loop
         vertex -7.823427e+00 8.816425e+01 5.069521e-01
         vertex -7.471825e+00 8.803532e+01 -9.350698e-01
         vertex -7.472421e+00 8.805538e+01 -9.389058e-01
      endloop
   endfacet
   facet normal 9.686547e-01 9.935525e-02 2.276764e-01
      outer loop
         vertex -7.823427e+00 8.816425e+01 5.069521e-01
         vertex -7.472421e+00 8.805538e+01 -9.389058e-01
         vertex -7.868025e+00 8.913378e+01 2.736015e-01
      endloop
   endfacet
   facet normal 9.686820e-01 9.963164e-02 2.274394e-01
      outer loop
         vertex -7.868025e+00 8.913378e+01 2.736015e-01
         vertex -7.472421e+00 8.805538e+01 -9.389058e-01
         vertex -7.557064e+00 8.950973e+01 -1.215489e+00
      endloop
   endfacet
   facet normal 9.635113e-01 1.299405e-01 2.340117e-01
      outer loop
         vertex -7.868025e+00 8.913378e+01 2.736015e-01
         vertex -7.557064e+00 8.950973e+01 -1.215489e+00
         vertex -7.898660e+00 8.953889e+01 1.747892e-01
      endloop
   endfacet
   facet normal 9.631241e-01 1.330626e-01 2.338511e-01
      outer loop
         vertex -7.898660e+00 8.953889e+01 1.747892e-01
         vertex -7.557064e+00 8.950973e+01 -1.215489e+00
         vertex -7.581738e+00 8.977345e+01 -1.263933e+00
      endloop
   endfacet
   facet normal 9.593522e-01 1.540686e-01 2.364449e-01
      outer loop
         vertex -7.898660e+00 8.953889e+01 1.747892e-01
         vertex -7.581738e+00 8.977345e+01 -1.263933e+00
         vertex -7.967960e+00 9.022522e+01 8.753482e-03
      endloop
   endfacet
   facet normal 9.597592e-01 1.477615e-01 2.388072e-01
      outer loop
         vertex -7.967960e+00 9.022522e+01 8.753482e-03
         vertex -7.581738e+00 8.977345e+01 -1.263933e+00
         vertex -7.632301e+00 9.023530e+01 -1.346487e+00
      endloop
   endfacet
   facet normal 9.546749e-01 1.790424e-01 2.377806e-01
      outer loop
         vertex -7.967960e+00 9.022522e+01 8.753482e-03
         vertex -7.632301e+00 9.023530e+01 -1.346487e+00
         vertex -8.029383e+00 9.070295e+01 -1.043572e-01
      endloop
   endfacet
   facet normal 8.008108e-01 2.522581e-01 5.432015e-01
      outer loop
         vertex -1.156599e+01 1.071305e+02 -4.121596e+00
         vertex -1.154081e+01 1.068661e+02 -4.035910e+00
         vertex -1.144250e+01 1.067295e+02 -4.117393e+00
      endloop
   endfacet
   facet normal 8.017364e-01 2.543127e-01 5.408732e-01
      outer loop
         vertex -1.144250e+01 1.067295e+02 -4.117393e+00
         vertex -1.154081e+01 1.068661e+02 -4.035910e+00
         vertex -1.150133e+01 1.067210e+02 -4.026209e+00
      endloop
   endfacet
   facet normal 7.941991e-01 2.814803e-01 5.385319e-01
      outer loop
         vertex -1.144250e+01 1.067295e+02 -4.117393e+00
         vertex -1.150133e+01 1.067210e+02 -4.026209e+00
         vertex -1.132631e+01 1.063518e+02 -4.091350e+00
      endloop
   endfacet
   facet normal 7.972108e-01 2.839252e-01 5.327678e-01
      outer loop
         vertex -1.132631e+01 1.063518e+02 -4.091350e+00
         vertex -1.150133e+01 1.067210e+02 -4.026209e+00
         vertex -1.133208e+01 1.060821e+02 -3.938964e+00
      endloop
   endfacet
   facet normal 7.783789e-01 2.960891e-01 5.535861e-01
      outer loop
         vertex -1.132631e+01 1.063518e+02 -4.091350e+00
         vertex -1.133208e+01 1.060821e+02 -3.938964e+00
         vertex -1.116716e+01 1.058053e+02 -4.022795e+00
      endloop
   endfacet
   facet normal 7.895845e-01 3.100414e-01 5.295571e-01
      outer loop
         vertex -1.133208e+01 1.060821e+02 -3.938964e+00
         vertex -1.119966e+01 1.055461e+02 -3.822629e+00
         vertex -1.116716e+01 1.058053e+02 -4.022795e+00
      endloop
   endfacet
   facet normal 7.775610e-01 3.204225e-01 5.410437e-01
      outer loop
         vertex -1.116716e+01 1.058053e+02 -4.022795e+00
         vertex -1.119966e+01 1.055461e+02 -3.822629e+00
         vertex -1.114161e+01 1.053023e+02 -3.761681e+00
      endloop
   endfacet
   facet normal 8.048022e-01 3.052020e-01 5.090631e-01
      outer loop
         vertex -1.116716e+01 1.058053e+02 -4.022795e+00
         vertex -1.114161e+01 1.053023e+02 -3.761681e+00
         vertex -1.081006e+01 1.044718e+02 -3.787860e+00
      endloop
   endfacet
   facet normal 8.365700e-01 3.199093e-01 4.447569e-01
      outer loop
         vertex -1.081006e+01 1.044718e+02 -3.787860e+00
         vertex -1.114161e+01 1.053023e+02 -3.761681e+00
         vertex -1.062377e+01 1.031897e+02 -3.216080e+00
      endloop
   endfacet
   facet normal 8.604835e-01 3.065245e-01 4.069532e-01
      outer loop
         vertex -1.081006e+01 1.044718e+02 -3.787860e+00
         vertex -1.062377e+01 1.031897e+02 -3.216080e+00
         vertex -1.047426e+01 1.032531e+02 -3.580006e+00
      endloop
   endfacet
   facet normal 9.246015e-01 2.529118e-01 2.848643e-01
      outer loop
         vertex -8.961911e+00 9.539027e+01 -1.127710e+00
         vertex -8.683286e+00 9.550977e+01 -2.138158e+00
         vertex -9.268589e+00 9.696346e+01 -1.529036e+00
      endloop
   endfacet
   facet normal 9.220639e-01 2.460768e-01 2.987380e-01
      outer loop
         vertex -9.268589e+00 9.696346e+01 -1.529036e+00
         vertex -8.683286e+00 9.550977e+01 -2.138158e+00
         vertex -9.007580e+00 9.706276e+01 -2.416447e+00
      endloop
   endfacet
   facet normal 9.145617e-01 2.718906e-01 2.994200e-01
      outer loop
         vertex -9.268589e+00 9.696346e+01 -1.529036e+00
         vertex -9.007580e+00 9.706276e+01 -2.416447e+00
         vertex -9.595273e+00 9.850934e+01 -1.934950e+00
      endloop
   endfacet
   facet normal 9.109413e-01 2.647862e-01 3.163451e-01
      outer loop
         vertex -9.595273e+00 9.850934e+01 -1.934950e+00
         vertex -9.007580e+00 9.706276e+01 -2.416447e+00
         vertex -9.360163e+00 9.861340e+01 -2.699069e+00
      endloop
   endfacet
   facet normal 9.081537e-01 2.737716e-01 3.167111e-01
      outer loop
         vertex -9.595273e+00 9.850934e+01 -1.934950e+00
         vertex -9.360163e+00 9.861340e+01 -2.699069e+00
         vertex -9.380385e+00 9.869836e+01 -2.714518e+00
      endloop
   endfacet
   facet normal 8.672027e-01 2.877034e-01 4.064310e-01
      outer loop
         vertex -1.047426e+01 1.032531e+02 -3.580006e+00
         vertex -1.062377e+01 1.031897e+02 -3.216080e+00
         vertex -1.010084e+01 1.017082e+02 -3.283162e+00
      endloop
   endfacet
   facet normal 8.872620e-01 2.972149e-01 3.527456e-01
      outer loop
         vertex -1.010084e+01 1.017082e+02 -3.283162e+00
         vertex -1.062377e+01 1.031897e+02 -3.216080e+00
         vertex -1.051239e+01 1.027019e+02 -3.085245e+00
      endloop
   endfacet
   facet normal 8.732560e-01 2.826137e-01 3.969301e-01
      outer loop
         vertex -1.010084e+01 1.017082e+02 -3.283162e+00
         vertex -1.051239e+01 1.027019e+02 -3.085245e+00
         vertex -1.001489e+01 1.013412e+02 -3.210939e+00
      endloop
   endfacet
   facet normal 8.867020e-01 2.910088e-01 3.592678e-01
      outer loop
         vertex -1.001489e+01 1.013412e+02 -3.210939e+00
         vertex -1.051239e+01 1.027019e+02 -3.085245e+00
         vertex -1.028206e+01 1.016301e+02 -2.785598e+00
      endloop
   endfacet
   facet normal 8.870372e-01 2.816781e-01 3.658174e-01
      outer loop
         vertex -1.001489e+01 1.013412e+02 -3.210939e+00
         vertex -1.028206e+01 1.016301e+02 -2.785598e+00
         vertex -9.380385e+00 9.869836e+01 -2.714518e+00
      endloop
   endfacet
   facet normal 9.022509e-01 2.853266e-01 3.233141e-01
      outer loop
         vertex -9.380385e+00 9.869836e+01 -2.714518e+00
         vertex -1.028206e+01 1.016301e+02 -2.785598e+00
         vertex -9.989807e+00 1.002798e+02 -2.409486e+00
      endloop
   endfacet
   facet normal 9.034962e-01 2.867220e-01 3.185672e-01
      outer loop
         vertex -9.380385e+00 9.869836e+01 -2.714518e+00
         vertex -9.989807e+00 1.002798e+02 -2.409486e+00
         vertex -9.595273e+00 9.850934e+01 -1.934950e+00
      endloop
   endfacet
   facet normal 9.534582e-01 1.919574e-01 2.325292e-01
      outer loop
         vertex -8.029383e+00 9.070295e+01 -1.043572e-01
         vertex -7.632301e+00 9.023530e+01 -1.346487e+00
         vertex -8.059950e+00 9.091432e+01 -1.535075e-01
      endloop
   endfacet
   facet normal 9.540164e-01 1.808536e-01 2.390494e-01
      outer loop
         vertex -8.059950e+00 9.091432e+01 -1.535075e-01
         vertex -7.632301e+00 9.023530e+01 -1.346487e+00
         vertex -7.826253e+00 9.154239e+01 -1.561330e+00
      endloop
   endfacet
   facet normal 9.404915e-01 2.236102e-01 2.558792e-01
      outer loop
         vertex -8.059950e+00 9.091432e+01 -1.535075e-01
         vertex -7.826253e+00 9.154239e+01 -1.561330e+00
         vertex -8.310985e+00 9.232823e+01 -4.664232e-01
      endloop
   endfacet
   facet normal 9.406586e-01 2.187501e-01 2.594415e-01
      outer loop
         vertex -8.310985e+00 9.232823e+01 -4.664232e-01
         vertex -7.826253e+00 9.154239e+01 -1.561330e+00
         vertex -7.997066e+00 9.243207e+01 -1.692160e+00
      endloop
   endfacet
   facet normal 9.342803e-01 2.440221e-01 2.599490e-01
      outer loop
         vertex -8.310985e+00 9.232823e+01 -4.664232e-01
         vertex -7.997066e+00 9.243207e+01 -1.692160e+00
         vertex -8.326692e+00 9.240591e+01 -4.828921e-01
      endloop
   endfacet
   facet normal 9.355511e-01 2.388487e-01 2.601835e-01
      outer loop
         vertex -8.326692e+00 9.240591e+01 -4.828921e-01
         vertex -7.997066e+00 9.243207e+01 -1.692160e+00
         vertex -8.178799e+00 9.327037e+01 -1.808249e+00
      endloop
   endfacet
   facet normal 9.275115e-01 2.571893e-01 2.712490e-01
      outer loop
         vertex -8.326692e+00 9.240591e+01 -4.828921e-01
         vertex -8.178799e+00 9.327037e+01 -1.808249e+00
         vertex -8.822405e+00 9.470528e+01 -9.680370e-01
      endloop
   endfacet
   facet normal 9.262472e-01 2.505901e-01 2.815505e-01
      outer loop
         vertex -8.822405e+00 9.470528e+01 -9.680370e-01
         vertex -8.178799e+00 9.327037e+01 -1.808249e+00
         vertex -8.334682e+00 9.395162e+01 -1.901763e+00
      endloop
   endfacet
   facet normal 9.261729e-01 2.536702e-01 2.790256e-01
      outer loop
         vertex -8.822405e+00 9.470528e+01 -9.680370e-01
         vertex -8.334682e+00 9.395162e+01 -1.901763e+00
         vertex -8.961911e+00 9.539027e+01 -1.127710e+00
      endloop
   endfacet
   facet normal 9.255575e-01 2.510437e-01 2.834085e-01
      outer loop
         vertex -8.961911e+00 9.539027e+01 -1.127710e+00
         vertex -8.334682e+00 9.395162e+01 -1.901763e+00
         vertex -8.643883e+00 9.532312e+01 -2.106845e+00
      endloop
   endfacet
   facet normal 9.272514e-01 2.434687e-01 2.844782e-01
      outer loop
         vertex -8.961911e+00 9.539027e+01 -1.127710e+00
         vertex -8.643883e+00 9.532312e+01 -2.106845e+00
         vertex -8.683286e+00 9.550977e+01 -2.138158e+00
      endloop
   endfacet
   facet normal 9.303179e-01 -1.919763e-01 3.124960e-01
      outer loop
         vertex -1.146454e+01 6.587937e+01 -1.448091e+00
         vertex -1.172182e+01 6.539448e+01 -9.800206e-01
         vertex -1.155941e+01 6.484922e+01 -1.798496e+00
      endloop
   endfacet
   facet normal 9.302345e-01 -1.921831e-01 3.126172e-01
      outer loop
         vertex -1.155941e+01 6.484922e+01 -1.798496e+00
         vertex -1.172182e+01 6.539448e+01 -9.800206e-01
         vertex -1.175835e+01 6.481181e+01 -1.229527e+00
      endloop
   endfacet
   facet normal 9.345721e-01 -1.634100e-01 3.160256e-01
      outer loop
         vertex -1.155941e+01 6.484922e+01 -1.798496e+00
         vertex -1.175835e+01 6.481181e+01 -1.229527e+00
         vertex -1.158630e+01 6.436140e+01 -1.971218e+00
      endloop
   endfacet
   facet normal 9.346283e-01 -1.632504e-01 3.159418e-01
      outer loop
         vertex -1.158630e+01 6.436140e+01 -1.971218e+00
         vertex -1.175835e+01 6.481181e+01 -1.229527e+00
         vertex -1.178203e+01 6.386348e+01 -1.649490e+00
      endloop
   endfacet
   facet normal 9.167532e-01 -2.878083e-03 3.994437e-01
      outer loop
         vertex -1.175833e+01 5.790602e+01 -4.058668e+00
         vertex -1.177192e+01 5.831302e+01 -4.024546e+00
         vertex -1.180408e+01 5.830389e+01 -3.950793e+00
      endloop
   endfacet
   facet normal 9.175108e-01 -7.079686e-02 3.913589e-01
      outer loop
         vertex -1.180408e+01 5.830389e+01 -3.950793e+00
         vertex -1.177192e+01 5.831302e+01 -4.024546e+00
         vertex -1.176800e+01 5.849687e+01 -4.000479e+00
      endloop
   endfacet
   facet normal 9.047694e-01 -6.063792e-02 4.215630e-01
      outer loop
         vertex -1.180408e+01 5.830389e+01 -3.950793e+00
         vertex -1.176800e+01 5.849687e+01 -4.000479e+00
         vertex -1.180402e+01 5.851974e+01 -3.919892e+00
      endloop
   endfacet
   facet normal 8.956314e-01 -1.090497e-01 4.312222e-01
      outer loop
         vertex -1.180402e+01 5.851974e+01 -3.919892e+00
         vertex -1.176800e+01 5.849687e+01 -4.000479e+00
         vertex -1.175845e+01 5.871446e+01 -3.965286e+00
      endloop
   endfacet
   facet normal 9.017410e-01 -1.137877e-01 4.170318e-01
      outer loop
         vertex -1.180402e+01 5.851974e+01 -3.919892e+00
         vertex -1.175845e+01 5.871446e+01 -3.965286e+00
         vertex -1.179037e+01 5.909885e+01 -3.791386e+00
      endloop
   endfacet
   facet normal 8.519788e-01 -1.554406e-01 4.999703e-01
      outer loop
         vertex -1.179037e+01 5.909885e+01 -3.791386e+00
         vertex -1.175845e+01 5.871446e+01 -3.965286e+00
         vertex -1.173403e+01 5.911199e+01 -3.883304e+00
      endloop
   endfacet
   facet normal 8.506552e-01 -1.719971e-01 4.967924e-01
      outer loop
         vertex -1.179037e+01 5.909885e+01 -3.791386e+00
         vertex -1.173403e+01 5.911199e+01 -3.883304e+00
         vertex -1.178340e+01 5.933857e+01 -3.720322e+00
      endloop
   endfacet
   facet normal 8.409736e-01 -1.830195e-01 5.091830e-01
      outer loop
         vertex -1.178340e+01 5.933857e+01 -3.720322e+00
         vertex -1.173403e+01 5.911199e+01 -3.883304e+00
         vertex -1.171518e+01 5.940070e+01 -3.810668e+00
      endloop
   endfacet
   facet normal 8.416852e-01 -1.883528e-01 5.060527e-01
      outer loop
         vertex -1.178340e+01 5.933857e+01 -3.720322e+00
         vertex -1.171518e+01 5.940070e+01 -3.810668e+00
         vertex -1.177940e+01 5.949052e+01 -3.670428e+00
      endloop
   endfacet
   facet normal 8.399823e-01 -1.919024e-01 5.075463e-01
      outer loop
         vertex -1.177940e+01 5.949052e+01 -3.670428e+00
         vertex -1.171518e+01 5.940070e+01 -3.810668e+00
         vertex -1.170862e+01 5.950630e+01 -3.781604e+00
      endloop
   endfacet
   facet normal 8.379953e-01 -2.097728e-01 5.037453e-01
      outer loop
         vertex -1.177940e+01 5.949052e+01 -3.670428e+00
         vertex -1.170862e+01 5.950630e+01 -3.781604e+00
         vertex -1.176781e+01 6.026325e+01 -3.367927e+00
      endloop
   endfacet
   facet normal 8.574162e-01 -1.935500e-01 4.768395e-01
      outer loop
         vertex -1.176781e+01 6.026325e+01 -3.367927e+00
         vertex -1.170862e+01 5.950630e+01 -3.781604e+00
         vertex -1.167128e+01 6.028474e+01 -3.532774e+00
      endloop
   endfacet
   facet normal 8.551513e-01 -2.118039e-01 4.731335e-01
      outer loop
         vertex -1.176781e+01 6.026325e+01 -3.367927e+00
         vertex -1.167128e+01 6.028474e+01 -3.532774e+00
         vertex -1.176753e+01 6.031808e+01 -3.343887e+00
      endloop
   endfacet
   facet normal 8.587842e-01 -1.979721e-01 4.725428e-01
      outer loop
         vertex -1.176753e+01 6.031808e+01 -3.343887e+00
         vertex -1.167128e+01 6.028474e+01 -3.532774e+00
         vertex -1.166354e+01 6.052773e+01 -3.445037e+00
      endloop
   endfacet
   facet normal 8.667643e-01 -2.121598e-01 4.513402e-01
      outer loop
         vertex -1.176753e+01 6.031808e+01 -3.343887e+00
         vertex -1.166354e+01 6.052773e+01 -3.445037e+00
         vertex -1.176655e+01 6.101809e+01 -3.016699e+00
      endloop
   endfacet
   facet normal 8.858007e-01 -1.854873e-01 4.253840e-01
      outer loop
         vertex -1.176655e+01 6.101809e+01 -3.016699e+00
         vertex -1.166354e+01 6.052773e+01 -3.445037e+00
         vertex -1.165000e+01 6.104701e+01 -3.246809e+00
      endloop
   endfacet
   facet normal 8.821579e-01 -2.128738e-01 4.200978e-01
      outer loop
         vertex -1.176655e+01 6.101809e+01 -3.016699e+00
         vertex -1.165000e+01 6.104701e+01 -3.246809e+00
         vertex -1.176314e+01 6.174709e+01 -2.654473e+00
      endloop
   endfacet
   facet normal 9.085388e-01 -1.743974e-01 3.796613e-01
      outer loop
         vertex -1.176314e+01 6.174709e+01 -2.654473e+00
         vertex -1.165000e+01 6.104701e+01 -3.246809e+00
         vertex -1.161191e+01 6.254327e+01 -2.650638e+00
      endloop
   endfacet
   facet normal 9.167613e-01 -1.758580e-01 3.586402e-01
      outer loop
         vertex -1.176314e+01 6.174709e+01 -2.654473e+00
         vertex -1.161191e+01 6.254327e+01 -2.650638e+00
         vertex -1.176362e+01 6.249677e+01 -2.285640e+00
      endloop
   endfacet
   facet normal 9.199690e-01 -1.460340e-01 3.637735e-01
      outer loop
         vertex -1.176362e+01 6.249677e+01 -2.285640e+00
         vertex -1.161191e+01 6.254327e+01 -2.650638e+00
         vertex -1.161066e+01 6.277376e+01 -2.561270e+00
      endloop
   endfacet
   facet normal 9.214208e-01 -1.536994e-01 3.568757e-01
      outer loop
         vertex -1.176362e+01 6.249677e+01 -2.285640e+00
         vertex -1.161066e+01 6.277376e+01 -2.561270e+00
         vertex -1.178203e+01 6.386348e+01 -1.649490e+00
      endloop
   endfacet
   facet normal 9.311834e-01 -1.364229e-01 3.380625e-01
      outer loop
         vertex -1.178203e+01 6.386348e+01 -1.649490e+00
         vertex -1.161066e+01 6.277376e+01 -2.561270e+00
         vertex -1.159669e+01 6.407780e+01 -2.073504e+00
      endloop
   endfacet
   facet normal 9.315552e-01 -1.530867e-01 3.298021e-01
      outer loop
         vertex -1.178203e+01 6.386348e+01 -1.649490e+00
         vertex -1.159669e+01 6.407780e+01 -2.073504e+00
         vertex -1.158630e+01 6.436140e+01 -1.971218e+00
      endloop
   endfacet
   facet normal 9.105547e-01 -3.131033e-01 2.699195e-01
      outer loop
         vertex -1.062599e+01 7.079031e+01 -1.100156e-01
         vertex -1.031557e+01 7.187667e+01 1.029707e-01
         vertex -1.066567e+01 7.178633e+01 1.179221e+00
      endloop
   endfacet
   facet normal 9.254774e-01 -2.678852e-01 2.678229e-01
      outer loop
         vertex -9.381074e+00 7.514590e+01 5.209757e-01
         vertex -9.681021e+00 7.542516e+01 1.836788e+00
         vertex -9.602444e+00 7.430697e+01 4.468119e-01
      endloop
   endfacet
   facet normal 9.264510e-01 -2.659835e-01 2.663481e-01
      outer loop
         vertex -9.602444e+00 7.430697e+01 4.468119e-01
         vertex -9.681021e+00 7.542516e+01 1.836788e+00
         vertex -9.916671e+00 7.447984e+01 1.712432e+00
      endloop
   endfacet
   facet normal 9.216887e-01 -2.811954e-01 2.672435e-01
      outer loop
         vertex -9.602444e+00 7.430697e+01 4.468119e-01
         vertex -9.916671e+00 7.447984e+01 1.712432e+00
         vertex -9.652847e+00 7.412340e+01 4.274873e-01
      endloop
   endfacet
   facet normal 9.192146e-01 -2.879201e-01 2.686010e-01
      outer loop
         vertex -9.652847e+00 7.412340e+01 4.274873e-01
         vertex -9.916671e+00 7.447984e+01 1.712432e+00
         vertex -1.011881e+01 7.371885e+01 1.588472e+00
      endloop
   endfacet
   facet normal 9.184677e-01 -2.918201e-01 2.669422e-01
      outer loop
         vertex -9.652847e+00 7.412340e+01 4.274873e-01
         vertex -1.011881e+01 7.371885e+01 1.588472e+00
         vertex -9.834770e+00 7.348105e+01 3.512203e-01
      endloop
   endfacet
   facet normal 9.161499e-01 -2.983671e-01 2.676684e-01
      outer loop
         vertex -9.834770e+00 7.348105e+01 3.512203e-01
         vertex -1.011881e+01 7.371885e+01 1.588472e+00
         vertex -1.014188e+01 7.363450e+01 1.573427e+00
      endloop
   endfacet
   facet normal 9.118027e-01 -3.109768e-01 2.681591e-01
      outer loop
         vertex -9.834770e+00 7.348105e+01 3.512203e-01
         vertex -1.014188e+01 7.363450e+01 1.573427e+00
         vertex -1.015597e+01 7.240320e+01 1.934052e-01
      endloop
   endfacet
   facet normal 9.135412e-01 -3.080881e-01 2.655640e-01
      outer loop
         vertex -1.015597e+01 7.240320e+01 1.934052e-01
         vertex -1.014188e+01 7.363450e+01 1.573427e+00
         vertex -1.037485e+01 7.280412e+01 1.411492e+00
      endloop
   endfacet
   facet normal 9.079453e-01 -3.214105e-01 2.689434e-01
      outer loop
         vertex -1.015597e+01 7.240320e+01 1.934052e-01
         vertex -1.037485e+01 7.280412e+01 1.411492e+00
         vertex -1.031557e+01 7.187667e+01 1.029707e-01
      endloop
   endfacet
   facet normal 9.084599e-01 -3.204844e-01 2.683103e-01
      outer loop
         vertex -1.031557e+01 7.187667e+01 1.029707e-01
         vertex -1.037485e+01 7.280412e+01 1.411492e+00
         vertex -1.060838e+01 7.198881e+01 1.228326e+00
      endloop
   endfacet
   facet normal 9.079295e-01 -3.219750e-01 2.683209e-01
      outer loop
         vertex -1.031557e+01 7.187667e+01 1.029707e-01
         vertex -1.060838e+01 7.198881e+01 1.228326e+00
         vertex -1.066567e+01 7.178633e+01 1.179221e+00
      endloop
   endfacet
   facet normal 9.569607e-01 -1.374832e-01 2.555868e-01
      outer loop
         vertex -8.628553e+00 8.059725e+01 1.948149e+00
         vertex -8.341730e+00 7.992373e+01 5.119371e-01
         vertex -8.595612e+00 8.079989e+01 1.933812e+00
      endloop
   endfacet
   facet normal 9.568842e-01 -1.377430e-01 2.557333e-01
      outer loop
         vertex -8.595612e+00 8.079989e+01 1.933812e+00
         vertex -8.341730e+00 7.992373e+01 5.119371e-01
         vertex -8.130845e+00 8.117206e+01 3.952425e-01
      endloop
   endfacet
   facet normal 9.574615e-01 -1.293803e-01 2.579306e-01
      outer loop
         vertex -8.595612e+00 8.079989e+01 1.933812e+00
         vertex -8.130845e+00 8.117206e+01 3.952425e-01
         vertex -8.485484e+00 8.148971e+01 1.871030e+00
      endloop
   endfacet
   facet normal 9.318423e-01 -2.468355e-01 2.659739e-01
      outer loop
         vertex -9.381074e+00 7.514590e+01 5.209757e-01
         vertex -9.171108e+00 7.599356e+01 5.720242e-01
         vertex -9.498984e+00 7.620202e+01 1.914200e+00
      endloop
   endfacet
   facet normal 9.349324e-01 -2.359210e-01 2.650336e-01
      outer loop
         vertex -9.498984e+00 7.620202e+01 1.914200e+00
         vertex -9.171108e+00 7.599356e+01 5.720242e-01
         vertex -9.149309e+00 7.608448e+01 5.760601e-01
      endloop
   endfacet
   facet normal 9.376974e-01 -2.249622e-01 2.647935e-01
      outer loop
         vertex -9.498984e+00 7.620202e+01 1.914200e+00
         vertex -9.149309e+00 7.608448e+01 5.760601e-01
         vertex -9.264857e+00 7.725931e+01 1.983348e+00
      endloop
   endfacet
   facet normal 9.368806e-01 -2.267130e-01 2.661880e-01
      outer loop
         vertex -9.264857e+00 7.725931e+01 1.983348e+00
         vertex -9.149309e+00 7.608448e+01 5.760601e-01
         vertex -8.971577e+00 7.684577e+01 5.988973e-01
      endloop
   endfacet
   facet normal 9.425526e-01 -2.076355e-01 2.616910e-01
      outer loop
         vertex -9.264857e+00 7.725931e+01 1.983348e+00
         vertex -8.971577e+00 7.684577e+01 5.988973e-01
         vertex -9.120981e+00 7.794094e+01 2.005973e+00
      endloop
   endfacet
   facet normal 9.424880e-01 -2.077877e-01 2.618026e-01
      outer loop
         vertex -9.120981e+00 7.794094e+01 2.005973e+00
         vertex -8.971577e+00 7.684577e+01 5.988973e-01
         vertex -8.721865e+00 7.797667e+01 5.975167e-01
      endloop
   endfacet
   facet normal 9.460777e-01 -1.887010e-01 2.633040e-01
      outer loop
         vertex -9.120981e+00 7.794094e+01 2.005973e+00
         vertex -8.721865e+00 7.797667e+01 5.975167e-01
         vertex -8.889964e+00 7.910106e+01 2.007325e+00
      endloop
   endfacet
   facet normal 9.454581e-01 -1.902149e-01 2.644375e-01
      outer loop
         vertex -8.889964e+00 7.910106e+01 2.007325e+00
         vertex -8.721865e+00 7.797667e+01 5.975167e-01
         vertex -8.600639e+00 7.855721e+01 5.816813e-01
      endloop
   endfacet
   facet normal 9.518427e-01 -1.672275e-01 2.569640e-01
      outer loop
         vertex -8.889964e+00 7.910106e+01 2.007325e+00
         vertex -8.600639e+00 7.855721e+01 5.816813e-01
         vertex -8.341730e+00 7.992373e+01 5.119371e-01
      endloop
   endfacet
   facet normal 9.081062e-01 -3.173830e-01 2.731505e-01
      outer loop
         vertex -1.066567e+01 7.178633e+01 1.179221e+00
         vertex -1.082981e+01 7.118399e+01 1.025029e+00
         vertex -1.062599e+01 7.079031e+01 -1.100156e-01
      endloop
   endfacet
   facet normal 9.182423e-01 -2.929383e-01 2.664924e-01
      outer loop
         vertex -1.062599e+01 7.079031e+01 -1.100156e-01
         vertex -1.082981e+01 7.118399e+01 1.025029e+00
         vertex -1.100340e+01 7.045718e+01 8.242141e-01
      endloop
   endfacet
   facet normal 9.203473e-01 -2.816326e-01 2.713742e-01
      outer loop
         vertex -1.062599e+01 7.079031e+01 -1.100156e-01
         vertex -1.100340e+01 7.045718e+01 8.242141e-01
         vertex -1.074210e+01 7.031008e+01 -2.146251e-01
      endloop
   endfacet
   facet normal 9.237543e-01 -2.709103e-01 2.707130e-01
      outer loop
         vertex -1.074210e+01 7.031008e+01 -2.146251e-01
         vertex -1.100340e+01 7.045718e+01 8.242141e-01
         vertex -1.101977e+01 7.037888e+01 8.017253e-01
      endloop
   endfacet
   facet normal 9.303406e-01 -2.471395e-01 2.709031e-01
      outer loop
         vertex -1.074210e+01 7.031008e+01 -2.146251e-01
         vertex -1.101977e+01 7.037888e+01 8.017253e-01
         vertex -1.092443e+01 6.938490e+01 -4.324723e-01
      endloop
   endfacet
   facet normal 9.309046e-01 -2.459839e-01 2.700159e-01
      outer loop
         vertex -1.092443e+01 6.938490e+01 -4.324723e-01
         vertex -1.101977e+01 7.037888e+01 8.017253e-01
         vertex -1.124416e+01 6.910104e+01 4.112262e-01
      endloop
   endfacet
   facet normal 9.329568e-01 -2.315265e-01 2.756576e-01
      outer loop
         vertex -1.092443e+01 6.938490e+01 -4.324723e-01
         vertex -1.124416e+01 6.910104e+01 4.112262e-01
         vertex -1.103791e+01 6.872815e+01 -6.000268e-01
      endloop
   endfacet
   facet normal 9.320360e-01 -2.342468e-01 2.764729e-01
      outer loop
         vertex -1.103791e+01 6.872815e+01 -6.000268e-01
         vertex -1.124416e+01 6.910104e+01 4.112262e-01
         vertex -1.129741e+01 6.875508e+01 2.976077e-01
      endloop
   endfacet
   facet normal 9.333276e-01 -2.287931e-01 2.766827e-01
      outer loop
         vertex -1.103791e+01 6.872815e+01 -6.000268e-01
         vertex -1.129741e+01 6.875508e+01 2.976077e-01
         vertex -1.124102e+01 6.747822e+01 -9.484355e-01
      endloop
   endfacet
   facet normal 9.300762e-01 -2.347171e-01 2.826061e-01
      outer loop
         vertex -1.124102e+01 6.747822e+01 -9.484355e-01
         vertex -1.129741e+01 6.875508e+01 2.976077e-01
         vertex -1.152746e+01 6.715807e+01 -2.716623e-01
      endloop
   endfacet
   facet normal 9.306232e-01 -2.288142e-01 2.856301e-01
      outer loop
         vertex -1.124102e+01 6.747822e+01 -9.484355e-01
         vertex -1.152746e+01 6.715807e+01 -2.716623e-01
         vertex -1.128959e+01 6.716380e+01 -1.042068e+00
      endloop
   endfacet
   facet normal 9.297792e-01 -2.325743e-01 2.853415e-01
      outer loop
         vertex -1.128959e+01 6.716380e+01 -1.042068e+00
         vertex -1.152746e+01 6.715807e+01 -2.716623e-01
         vertex -1.154990e+01 6.698942e+01 -3.359924e-01
      endloop
   endfacet
   facet normal 9.318812e-01 -2.184705e-01 2.895997e-01
      outer loop
         vertex -1.128959e+01 6.716380e+01 -1.042068e+00
         vertex -1.154990e+01 6.698942e+01 -3.359924e-01
         vertex -1.146454e+01 6.587937e+01 -1.448091e+00
      endloop
   endfacet
   facet normal 9.234257e-01 -2.338496e-01 3.043015e-01
      outer loop
         vertex -1.146454e+01 6.587937e+01 -1.448091e+00
         vertex -1.154990e+01 6.698942e+01 -3.359924e-01
         vertex -1.162652e+01 6.637207e+01 -5.779085e-01
      endloop
   endfacet
   facet normal 9.323145e-01 -2.115418e-01 2.933252e-01
      outer loop
         vertex -1.146454e+01 6.587937e+01 -1.448091e+00
         vertex -1.162652e+01 6.637207e+01 -5.779085e-01
         vertex -1.172182e+01 6.539448e+01 -9.800206e-01
      endloop
   endfacet
   facet normal 9.142246e-01 1.619416e-01 3.714409e-01
      outer loop
         vertex -1.165427e+01 1.074389e+02 -4.107473e+00
         vertex -1.175978e+01 1.079198e+02 -4.057413e+00
         vertex -1.178830e+01 1.079074e+02 -3.981832e+00
      endloop
   endfacet
   facet normal 8.510314e-01 1.055202e-01 5.144035e-01
      outer loop
         vertex -1.178830e+01 1.079074e+02 -3.981832e+00
         vertex -1.172102e+01 1.075663e+02 -4.023177e+00
         vertex -1.165427e+01 1.074389e+02 -4.107473e+00
      endloop
   endfacet
   facet normal 8.796121e-01 1.658629e-01 4.458385e-01
      outer loop
         vertex -1.165427e+01 1.074389e+02 -4.107473e+00
         vertex -1.172102e+01 1.075663e+02 -4.023177e+00
         vertex -1.170824e+01 1.075110e+02 -4.027800e+00
      endloop
   endfacet
   facet normal 8.903400e-01 2.370760e-01 3.887024e-01
      outer loop
         vertex -1.165427e+01 1.074389e+02 -4.107473e+00
         vertex -1.170824e+01 1.075110e+02 -4.027800e+00
         vertex -1.156599e+01 1.071305e+02 -4.121596e+00
      endloop
   endfacet
   facet normal 8.486404e-01 1.962052e-01 4.912362e-01
      outer loop
         vertex -1.156599e+01 1.071305e+02 -4.121596e+00
         vertex -1.170824e+01 1.075110e+02 -4.027800e+00
         vertex -1.160805e+01 1.071153e+02 -4.042821e+00
      endloop
   endfacet
   facet normal 8.363966e-01 2.394051e-01 4.930781e-01
      outer loop
         vertex -1.156599e+01 1.071305e+02 -4.121596e+00
         vertex -1.160805e+01 1.071153e+02 -4.042821e+00
         vertex -1.154081e+01 1.068661e+02 -4.035910e+00
      endloop
   endfacet
   facet normal 9.595931e-01 -1.172023e-01 2.558216e-01
      outer loop
         vertex -8.485484e+00 8.148971e+01 1.871030e+00
         vertex -8.130845e+00 8.117206e+01 3.952425e-01
         vertex -8.347040e+00 8.237478e+01 1.757210e+00
      endloop
   endfacet
   facet normal 9.578392e-01 -1.222480e-01 2.599989e-01
      outer loop
         vertex -8.347040e+00 8.237478e+01 1.757210e+00
         vertex -8.130845e+00 8.117206e+01 3.952425e-01
         vertex -8.065013e+00 8.157643e+01 3.428457e-01
      endloop
   endfacet
   facet normal 9.622481e-01 -1.049618e-01 2.511207e-01
      outer loop
         vertex -8.347040e+00 8.237478e+01 1.757210e+00
         vertex -8.065013e+00 8.157643e+01 3.428457e-01
         vertex -8.220980e+00 8.319807e+01 1.618284e+00
      endloop
   endfacet
   facet normal 9.606271e-01 -1.087115e-01 2.556900e-01
      outer loop
         vertex -8.220980e+00 8.319807e+01 1.618284e+00
         vertex -8.065013e+00 8.157643e+01 3.428457e-01
         vertex -7.862433e+00 8.286255e+01 1.285696e-01
      endloop
   endfacet
   facet normal 9.633039e-01 -9.129214e-02 2.524110e-01
      outer loop
         vertex -8.220980e+00 8.319807e+01 1.618284e+00
         vertex -7.862433e+00 8.286255e+01 1.285696e-01
         vertex -8.114364e+00 8.392162e+01 1.473087e+00
      endloop
   endfacet
   facet normal 9.625242e-01 -9.398782e-02 2.543883e-01
      outer loop
         vertex -8.114364e+00 8.392162e+01 1.473087e+00
         vertex -7.862433e+00 8.286255e+01 1.285696e-01
         vertex -7.806486e+00 8.323529e+01 5.460108e-02
      endloop
   endfacet
   facet normal 9.640962e-01 -8.645623e-02 2.510853e-01
      outer loop
         vertex -8.114364e+00 8.392162e+01 1.473087e+00
         vertex -7.806486e+00 8.323529e+01 5.460108e-02
         vertex -7.744185e+00 8.366680e+01 -3.603523e-02
      endloop
   endfacet
   facet normal 6.614738e-01 -2.886836e-01 6.921807e-01
      outer loop
         vertex -1.188022e+01 6.024630e+01 -3.258873e+00
         vertex -1.186182e+01 5.947794e+01 -3.596905e+00
         vertex -1.177940e+01 5.949052e+01 -3.670428e+00
      endloop
   endfacet
   facet normal 9.160311e-01 9.215414e-02 3.903774e-01
      outer loop
         vertex -7.814661e+00 8.754092e+01 6.501199e-01
         vertex -8.232183e+00 8.823462e+01 1.466089e+00
         vertex -8.241322e+00 8.695964e+01 1.788511e+00
      endloop
   endfacet
   facet normal 9.166581e-01 -2.378275e-02 3.989640e-01
      outer loop
         vertex -8.522564e+00 8.423630e+01 2.443323e+00
         vertex -8.072921e+00 8.421600e+01 1.409016e+00
         vertex -8.338476e+00 8.567099e+01 2.105887e+00
      endloop
   endfacet
   facet normal 9.188208e-01 -2.106430e-02 3.941124e-01
      outer loop
         vertex -8.338476e+00 8.567099e+01 2.105887e+00
         vertex -8.072921e+00 8.421600e+01 1.409016e+00
         vertex -7.919526e+00 8.546904e+01 1.118367e+00
      endloop
   endfacet
   facet normal 9.213494e-01 1.127146e-02 3.885722e-01
      outer loop
         vertex -8.338476e+00 8.567099e+01 2.105887e+00
         vertex -7.919526e+00 8.546904e+01 1.118367e+00
         vertex -8.277996e+00 8.632708e+01 1.943451e+00
      endloop
   endfacet
   facet normal 9.207201e-01 9.532421e-03 3.901073e-01
      outer loop
         vertex -8.277996e+00 8.632708e+01 1.943451e+00
         vertex -7.919526e+00 8.546904e+01 1.118367e+00
         vertex -7.867143e+00 8.605903e+01 9.803168e-01
      endloop
   endfacet
   facet normal 9.230521e-01 4.019123e-02 3.825696e-01
      outer loop
         vertex -8.277996e+00 8.632708e+01 1.943451e+00
         vertex -7.867143e+00 8.605903e+01 9.803168e-01
         vertex -8.241322e+00 8.695964e+01 1.788511e+00
      endloop
   endfacet
   facet normal 9.218432e-01 3.677752e-02 3.858140e-01
      outer loop
         vertex -8.241322e+00 8.695964e+01 1.788511e+00
         vertex -7.867143e+00 8.605903e+01 9.803168e-01
         vertex -7.825592e+00 8.682175e+01 8.083316e-01
      endloop
   endfacet
   facet normal 9.218627e-01 6.984309e-02 3.811707e-01
      outer loop
         vertex -8.241322e+00 8.695964e+01 1.788511e+00
         vertex -7.825592e+00 8.682175e+01 8.083316e-01
         vertex -7.814661e+00 8.754092e+01 6.501199e-01
      endloop
   endfacet
   facet normal 8.900911e-01 2.145718e-01 4.021154e-01
      outer loop
         vertex -7.967960e+00 9.022522e+01 8.753482e-03
         vertex -8.443080e+00 9.086503e+01 7.190332e-01
         vertex -8.296458e+00 8.954808e+01 1.097217e+00
      endloop
   endfacet
   facet normal 8.895449e-01 2.103841e-01 4.055223e-01
      outer loop
         vertex -7.967960e+00 9.022522e+01 8.753482e-03
         vertex -8.029383e+00 9.070295e+01 -1.043572e-01
         vertex -8.443080e+00 9.086503e+01 7.190332e-01
      endloop
   endfacet
   facet normal 8.880873e-01 2.220277e-01 4.024980e-01
      outer loop
         vertex -8.443080e+00 9.086503e+01 7.190332e-01
         vertex -8.029383e+00 9.070295e+01 -1.043572e-01
         vertex -8.059950e+00 9.091432e+01 -1.535075e-01
      endloop
   endfacet
   facet normal 8.789374e-01 2.588807e-01 4.005619e-01
      outer loop
         vertex -8.443080e+00 9.086503e+01 7.190332e-01
         vertex -8.059950e+00 9.091432e+01 -1.535075e-01
         vertex -8.676550e+00 9.223567e+01 3.454930e-01
      endloop
   endfacet
   facet normal 9.178863e-01 1.010524e-01 3.837618e-01
      outer loop
         vertex -7.814661e+00 8.754092e+01 6.501199e-01
         vertex -7.823427e+00 8.816425e+01 5.069521e-01
         vertex -8.232183e+00 8.823462e+01 1.466089e+00
      endloop
   endfacet
   facet normal 9.151923e-01 1.336121e-01 3.802248e-01
      outer loop
         vertex -8.232183e+00 8.823462e+01 1.466089e+00
         vertex -7.823427e+00 8.816425e+01 5.069521e-01
         vertex -7.868025e+00 8.913378e+01 2.736015e-01
      endloop
   endfacet
   facet normal 9.061920e-01 1.548533e-01 3.934926e-01
      outer loop
         vertex -8.232183e+00 8.823462e+01 1.466089e+00
         vertex -7.868025e+00 8.913378e+01 2.736015e-01
         vertex -8.296458e+00 8.954808e+01 1.097217e+00
      endloop
   endfacet
   facet normal 9.064859e-01 1.635031e-01 3.892944e-01
      outer loop
         vertex -8.296458e+00 8.954808e+01 1.097217e+00
         vertex -7.868025e+00 8.913378e+01 2.736015e-01
         vertex -7.898660e+00 8.953889e+01 1.747892e-01
      endloop
   endfacet
   facet normal 9.030775e-01 1.849565e-01 3.876109e-01
      outer loop
         vertex -8.296458e+00 8.954808e+01 1.097217e+00
         vertex -7.898660e+00 8.953889e+01 1.747892e-01
         vertex -7.967960e+00 9.022522e+01 8.753482e-03
      endloop
   endfacet
   facet normal 6.776631e-01 1.995435e-01 7.077818e-01
      outer loop
         vertex -1.156596e+01 1.067032e+02 -3.965903e+00
         vertex -1.154081e+01 1.068661e+02 -4.035910e+00
         vertex -1.165704e+01 1.071013e+02 -3.990931e+00
      endloop
   endfacet
   facet normal 6.838524e-01 2.039904e-01 7.005239e-01
      outer loop
         vertex -1.165704e+01 1.071013e+02 -3.990931e+00
         vertex -1.154081e+01 1.068661e+02 -4.035910e+00
         vertex -1.160805e+01 1.071153e+02 -4.042821e+00
      endloop
   endfacet
   facet normal 7.019818e-01 1.354917e-01 6.991878e-01
      outer loop
         vertex -1.165704e+01 1.071013e+02 -3.990931e+00
         vertex -1.160805e+01 1.071153e+02 -4.042821e+00
         vertex -1.174531e+01 1.074997e+02 -3.979520e+00
      endloop
   endfacet
   facet normal 7.200967e-01 3.448602e-01 6.021064e-01
      outer loop
         vertex -1.079787e+01 1.031338e+02 -2.975892e+00
         vertex -1.062377e+01 1.031897e+02 -3.216080e+00
         vertex -1.114793e+01 1.047255e+02 -3.468838e+00
      endloop
   endfacet
   facet normal 6.572643e-01 3.353984e-01 6.749160e-01
      outer loop
         vertex -1.114793e+01 1.047255e+02 -3.468838e+00
         vertex -1.062377e+01 1.031897e+02 -3.216080e+00
         vertex -1.114161e+01 1.053023e+02 -3.761681e+00
      endloop
   endfacet
   facet normal 6.310724e-01 3.456152e-01 6.944766e-01
      outer loop
         vertex -1.114793e+01 1.047255e+02 -3.468838e+00
         vertex -1.114161e+01 1.053023e+02 -3.761681e+00
         vertex -1.131033e+01 1.055161e+02 -3.714726e+00
      endloop
   endfacet
   facet normal 6.131151e-01 3.259120e-01 7.196327e-01
      outer loop
         vertex -1.131033e+01 1.055161e+02 -3.714726e+00
         vertex -1.114161e+01 1.053023e+02 -3.761681e+00
         vertex -1.119966e+01 1.055461e+02 -3.822629e+00
      endloop
   endfacet
   facet normal 6.203303e-01 3.069983e-01 7.217633e-01
      outer loop
         vertex -1.131033e+01 1.055161e+02 -3.714726e+00
         vertex -1.119966e+01 1.055461e+02 -3.822629e+00
         vertex -1.147708e+01 1.063064e+02 -3.907567e+00
      endloop
   endfacet
   facet normal 6.336037e-01 3.103789e-01 7.086687e-01
      outer loop
         vertex -1.147708e+01 1.063064e+02 -3.907567e+00
         vertex -1.119966e+01 1.055461e+02 -3.822629e+00
         vertex -1.133208e+01 1.060821e+02 -3.938964e+00
      endloop
   endfacet
   facet normal 5.454951e-01 2.402270e-01 8.029483e-01
      outer loop
         vertex -1.147708e+01 1.063064e+02 -3.907567e+00
         vertex -1.133208e+01 1.060821e+02 -3.938964e+00
         vertex -1.156596e+01 1.067032e+02 -3.965903e+00
      endloop
   endfacet
   facet normal 6.178768e-01 2.647671e-01 7.403558e-01
      outer loop
         vertex -1.156596e+01 1.067032e+02 -3.965903e+00
         vertex -1.133208e+01 1.060821e+02 -3.938964e+00
         vertex -1.150133e+01 1.067210e+02 -4.026209e+00
      endloop
   endfacet
   facet normal 6.319259e-01 2.216016e-01 7.426725e-01
      outer loop
         vertex -1.156596e+01 1.067032e+02 -3.965903e+00
         vertex -1.150133e+01 1.067210e+02 -4.026209e+00
         vertex -1.154081e+01 1.068661e+02 -4.035910e+00
      endloop
   endfacet
   facet normal 7.851321e-01 3.277002e-01 5.255284e-01
      outer loop
         vertex -9.869064e+00 9.841945e+01 -1.429824e+00
         vertex -9.989807e+00 1.002798e+02 -2.409486e+00
         vertex -1.049309e+01 1.015619e+02 -2.457076e+00
      endloop
   endfacet
   facet normal 7.651159e-01 3.210536e-01 5.581418e-01
      outer loop
         vertex -1.049309e+01 1.015619e+02 -2.457076e+00
         vertex -9.989807e+00 1.002798e+02 -2.409486e+00
         vertex -1.028206e+01 1.016301e+02 -2.785598e+00
      endloop
   endfacet
   facet normal 7.609574e-01 3.316007e-01 5.576601e-01
      outer loop
         vertex -1.049309e+01 1.015619e+02 -2.457076e+00
         vertex -1.028206e+01 1.016301e+02 -2.785598e+00
         vertex -1.079787e+01 1.031338e+02 -2.975892e+00
      endloop
   endfacet
   facet normal 7.250163e-01 3.255103e-01 6.069550e-01
      outer loop
         vertex -1.079787e+01 1.031338e+02 -2.975892e+00
         vertex -1.028206e+01 1.016301e+02 -2.785598e+00
         vertex -1.051239e+01 1.027019e+02 -3.085245e+00
      endloop
   endfacet
   facet normal 7.270895e-01 3.278269e-01 6.032166e-01
      outer loop
         vertex -1.079787e+01 1.031338e+02 -2.975892e+00
         vertex -1.051239e+01 1.027019e+02 -3.085245e+00
         vertex -1.062377e+01 1.031897e+02 -3.216080e+00
      endloop
   endfacet
   facet normal 8.724286e-01 2.480898e-01 4.210935e-01
      outer loop
         vertex -8.059950e+00 9.091432e+01 -1.535075e-01
         vertex -8.310985e+00 9.232823e+01 -4.664232e-01
         vertex -8.676550e+00 9.223567e+01 3.454930e-01
      endloop
   endfacet
   facet normal 8.676678e-01 2.646635e-01 4.208394e-01
      outer loop
         vertex -8.676550e+00 9.223567e+01 3.454930e-01
         vertex -8.310985e+00 9.232823e+01 -4.664232e-01
         vertex -8.326692e+00 9.240591e+01 -4.828921e-01
      endloop
   endfacet
   facet normal 8.611558e-01 2.834838e-01 4.219568e-01
      outer loop
         vertex -8.676550e+00 9.223567e+01 3.454930e-01
         vertex -8.326692e+00 9.240591e+01 -4.828921e-01
         vertex -8.977654e+00 9.371834e+01 -3.610130e-02
      endloop
   endfacet
   facet normal 8.565961e-01 2.765774e-01 4.356007e-01
      outer loop
         vertex -8.977654e+00 9.371834e+01 -3.610130e-02
         vertex -8.326692e+00 9.240591e+01 -4.828921e-01
         vertex -8.822405e+00 9.470528e+01 -9.680370e-01
      endloop
   endfacet
   facet normal 8.480876e-01 2.871032e-01 4.453303e-01
      outer loop
         vertex -8.977654e+00 9.371834e+01 -3.610130e-02
         vertex -8.822405e+00 9.470528e+01 -9.680370e-01
         vertex -9.286379e+00 9.528682e+01 -4.593621e-01
      endloop
   endfacet
   facet normal 8.464528e-01 2.782202e-01 4.539947e-01
      outer loop
         vertex -9.286379e+00 9.528682e+01 -4.593621e-01
         vertex -8.822405e+00 9.470528e+01 -9.680370e-01
         vertex -8.961911e+00 9.539027e+01 -1.127710e+00
      endloop
   endfacet
   facet normal 8.428284e-01 2.891265e-01 4.539231e-01
      outer loop
         vertex -9.286379e+00 9.528682e+01 -4.593621e-01
         vertex -8.961911e+00 9.539027e+01 -1.127710e+00
         vertex -9.566311e+00 9.685107e+01 -9.359432e-01
      endloop
   endfacet
   facet normal 8.345267e-01 2.832415e-01 4.725880e-01
      outer loop
         vertex -9.566311e+00 9.685107e+01 -9.359432e-01
         vertex -8.961911e+00 9.539027e+01 -1.127710e+00
         vertex -9.268589e+00 9.696346e+01 -1.529036e+00
      endloop
   endfacet
   facet normal 8.255038e-01 3.082347e-01 4.727947e-01
      outer loop
         vertex -9.566311e+00 9.685107e+01 -9.359432e-01
         vertex -9.268589e+00 9.696346e+01 -1.529036e+00
         vertex -9.869064e+00 9.841945e+01 -1.429824e+00
      endloop
   endfacet
   facet normal 8.145043e-01 3.021678e-01 4.952548e-01
      outer loop
         vertex -9.869064e+00 9.841945e+01 -1.429824e+00
         vertex -9.268589e+00 9.696346e+01 -1.529036e+00
         vertex -9.595273e+00 9.850934e+01 -1.934950e+00
      endloop
   endfacet
   facet normal 8.104346e-01 3.132802e-01 4.950265e-01
      outer loop
         vertex -9.869064e+00 9.841945e+01 -1.429824e+00
         vertex -9.595273e+00 9.850934e+01 -1.934950e+00
         vertex -9.989807e+00 1.002798e+02 -2.409486e+00
      endloop
   endfacet
   facet normal 6.839599e-01 -1.763770e-01 7.078772e-01
      outer loop
         vertex -1.179037e+01 5.909885e+01 -3.791386e+00
         vertex -1.185598e+01 5.908843e+01 -3.730595e+00
         vertex -1.185065e+01 5.869531e+01 -3.833687e+00
      endloop
   endfacet
   facet normal 8.302895e-01 -1.764622e-05 5.573324e-01
      outer loop
         vertex -1.182098e+01 5.788957e+01 -3.932607e+00
         vertex -1.178728e+01 5.789664e+01 -3.982824e+00
         vertex -1.184154e+01 5.829692e+01 -3.901970e+00
      endloop
   endfacet
   facet normal 7.943499e-01 -1.497820e-02 6.072758e-01
      outer loop
         vertex -1.184154e+01 5.829692e+01 -3.901970e+00
         vertex -1.178728e+01 5.789664e+01 -3.982824e+00
         vertex -1.180408e+01 5.830389e+01 -3.950793e+00
      endloop
   endfacet
   facet normal 7.963591e-01 -8.443113e-02 5.989020e-01
      outer loop
         vertex -1.184154e+01 5.829692e+01 -3.901970e+00
         vertex -1.180408e+01 5.830389e+01 -3.950793e+00
         vertex -1.185065e+01 5.869531e+01 -3.833687e+00
      endloop
   endfacet
   facet normal 7.913952e-01 -8.687605e-02 6.051001e-01
      outer loop
         vertex -1.185065e+01 5.869531e+01 -3.833687e+00
         vertex -1.180408e+01 5.830389e+01 -3.950793e+00
         vertex -1.180402e+01 5.851974e+01 -3.919892e+00
      endloop
   endfacet
   facet normal 6.706031e-01 -1.757260e-01 7.207023e-01
      outer loop
         vertex -1.185065e+01 5.869531e+01 -3.833687e+00
         vertex -1.180402e+01 5.851974e+01 -3.919892e+00
         vertex -1.179037e+01 5.909885e+01 -3.791386e+00
      endloop
   endfacet
   facet normal 6.809844e-01 -2.285617e-01 6.957153e-01
      outer loop
         vertex -1.185598e+01 5.908843e+01 -3.730595e+00
         vertex -1.179037e+01 5.909885e+01 -3.791386e+00
         vertex -1.186182e+01 5.947794e+01 -3.596905e+00
      endloop
   endfacet
   facet normal 6.874734e-01 -2.247002e-01 6.905723e-01
      outer loop
         vertex -1.186182e+01 5.947794e+01 -3.596905e+00
         vertex -1.179037e+01 5.909885e+01 -3.791386e+00
         vertex -1.178340e+01 5.933857e+01 -3.720322e+00
      endloop
   endfacet
   facet normal 6.656110e-01 -2.486042e-01 7.036746e-01
      outer loop
         vertex -1.186182e+01 5.947794e+01 -3.596905e+00
         vertex -1.178340e+01 5.933857e+01 -3.720322e+00
         vertex -1.177940e+01 5.949052e+01 -3.670428e+00
      endloop
   endfacet
   facet normal 6.908018e-01 -2.725370e-01 6.697137e-01
      outer loop
         vertex -1.177940e+01 5.949052e+01 -3.670428e+00
         vertex -1.176781e+01 6.026325e+01 -3.367927e+00
         vertex -1.188022e+01 6.024630e+01 -3.258873e+00
      endloop
   endfacet
   facet normal 6.879516e-01 -2.943511e-01 6.633852e-01
      outer loop
         vertex -1.188022e+01 6.024630e+01 -3.258873e+00
         vertex -1.176781e+01 6.026325e+01 -3.367927e+00
         vertex -1.176753e+01 6.031808e+01 -3.343887e+00
      endloop
   endfacet
   facet normal 6.920272e-01 -3.201733e-01 6.469833e-01
      outer loop
         vertex -1.188022e+01 6.024630e+01 -3.258873e+00
         vertex -1.176753e+01 6.031808e+01 -3.343887e+00
         vertex -1.190229e+01 6.099568e+01 -2.864419e+00
      endloop
   endfacet
   facet normal 7.355855e-01 -2.876842e-01 6.133121e-01
      outer loop
         vertex -1.176753e+01 6.031808e+01 -3.343887e+00
         vertex -1.176655e+01 6.101809e+01 -3.016699e+00
         vertex -1.190229e+01 6.099568e+01 -2.864419e+00
      endloop
   endfacet
   facet normal 7.326909e-01 -3.055862e-01 6.080964e-01
      outer loop
         vertex -1.190229e+01 6.099568e+01 -2.864419e+00
         vertex -1.176655e+01 6.101809e+01 -3.016699e+00
         vertex -1.176314e+01 6.174709e+01 -2.654473e+00
      endloop
   endfacet
   facet normal 7.616302e-01 -3.013318e-01 5.736886e-01
      outer loop
         vertex -1.190229e+01 6.099568e+01 -2.864419e+00
         vertex -1.176314e+01 6.174709e+01 -2.654473e+00
         vertex -1.194029e+01 6.246164e+01 -2.043966e+00
      endloop
   endfacet
   facet normal 7.961026e-01 -2.667395e-01 5.432040e-01
      outer loop
         vertex -1.194029e+01 6.246164e+01 -2.043966e+00
         vertex -1.176314e+01 6.174709e+01 -2.654473e+00
         vertex -1.176362e+01 6.249677e+01 -2.285640e+00
      endloop
   endfacet
   facet normal 7.977495e-01 -2.559367e-01 5.459781e-01
      outer loop
         vertex -1.194029e+01 6.246164e+01 -2.043966e+00
         vertex -1.176362e+01 6.249677e+01 -2.285640e+00
         vertex -1.199535e+01 6.400324e+01 -1.240870e+00
      endloop
   endfacet
   facet normal 8.295277e-01 -2.264421e-01 5.104975e-01
      outer loop
         vertex -1.199535e+01 6.400324e+01 -1.240870e+00
         vertex -1.176362e+01 6.249677e+01 -2.285640e+00
         vertex -1.178203e+01 6.386348e+01 -1.649490e+00
      endloop
   endfacet
   facet normal 8.163096e-01 -2.608427e-01 5.153636e-01
      outer loop
         vertex -1.199535e+01 6.400324e+01 -1.240870e+00
         vertex -1.178203e+01 6.386348e+01 -1.649490e+00
         vertex -1.199002e+01 6.478802e+01 -8.521047e-01
      endloop
   endfacet
   facet normal 8.338752e-01 -2.407695e-01 4.966711e-01
      outer loop
         vertex -1.199002e+01 6.478802e+01 -8.521047e-01
         vertex -1.178203e+01 6.386348e+01 -1.649490e+00
         vertex -1.175835e+01 6.481181e+01 -1.229527e+00
      endloop
   endfacet
   facet normal 8.274083e-01 -2.732259e-01 4.906559e-01
      outer loop
         vertex -1.199002e+01 6.478802e+01 -8.521047e-01
         vertex -1.175835e+01 6.481181e+01 -1.229527e+00
         vertex -1.195365e+01 6.557573e+01 -4.748026e-01
      endloop
   endfacet
   facet normal 8.400095e-01 -2.572265e-01 4.777224e-01
      outer loop
         vertex -1.195365e+01 6.557573e+01 -4.748026e-01
         vertex -1.175835e+01 6.481181e+01 -1.229527e+00
         vertex -1.172182e+01 6.539448e+01 -9.800206e-01
      endloop
   endfacet
   facet normal 8.263813e-01 -2.894454e-01 4.830272e-01
      outer loop
         vertex -1.195365e+01 6.557573e+01 -4.748026e-01
         vertex -1.172182e+01 6.539448e+01 -9.800206e-01
         vertex -1.188942e+01 6.636706e+01 -1.104823e-01
      endloop
   endfacet
   facet normal 8.392998e-01 -2.747824e-01 4.691167e-01
      outer loop
         vertex -1.188942e+01 6.636706e+01 -1.104823e-01
         vertex -1.172182e+01 6.539448e+01 -9.800206e-01
         vertex -1.162652e+01 6.637207e+01 -5.779085e-01
      endloop
   endfacet
   facet normal 8.345513e-01 -2.934955e-01 4.662452e-01
      outer loop
         vertex -1.188942e+01 6.636706e+01 -1.104823e-01
         vertex -1.162652e+01 6.637207e+01 -5.779085e-01
         vertex -1.180446e+01 6.716489e+01 2.396620e-01
      endloop
   endfacet
   facet normal 8.405021e-01 -3.218976e-01 4.358190e-01
      outer loop
         vertex -1.134312e+01 7.045184e+01 1.475450e+00
         vertex -1.100340e+01 7.045718e+01 8.242141e-01
         vertex -1.116226e+01 7.127598e+01 1.735364e+00
      endloop
   endfacet
   facet normal 8.410940e-01 -3.211364e-01 4.352382e-01
      outer loop
         vertex -1.116226e+01 7.127598e+01 1.735364e+00
         vertex -1.100340e+01 7.045718e+01 8.242141e-01
         vertex -1.082981e+01 7.118399e+01 1.025029e+00
      endloop
   endfacet
   facet normal 8.335991e-01 -3.412674e-01 4.343375e-01
      outer loop
         vertex -1.116226e+01 7.127598e+01 1.735364e+00
         vertex -1.082981e+01 7.118399e+01 1.025029e+00
         vertex -1.094936e+01 7.209896e+01 1.973391e+00
      endloop
   endfacet
   facet normal 8.360605e-01 -3.383780e-01 4.318601e-01
      outer loop
         vertex -1.082981e+01 7.118399e+01 1.025029e+00
         vertex -1.066567e+01 7.178633e+01 1.179221e+00
         vertex -1.094936e+01 7.209896e+01 1.973391e+00
      endloop
   endfacet
   facet normal 8.346849e-01 -3.410485e-01 4.324200e-01
      outer loop
         vertex -1.094936e+01 7.209896e+01 1.973391e+00
         vertex -1.066567e+01 7.178633e+01 1.179221e+00
         vertex -1.060838e+01 7.198881e+01 1.228326e+00
      endloop
   endfacet
   facet normal 8.357393e-01 -3.383497e-01 4.325035e-01
      outer loop
         vertex -1.094936e+01 7.209896e+01 1.973391e+00
         vertex -1.060838e+01 7.198881e+01 1.228326e+00
         vertex -1.072418e+01 7.293104e+01 2.189205e+00
      endloop
   endfacet
   facet normal 8.372159e-01 -3.366254e-01 4.309906e-01
      outer loop
         vertex -1.072418e+01 7.293104e+01 2.189205e+00
         vertex -1.060838e+01 7.198881e+01 1.228326e+00
         vertex -1.037485e+01 7.280412e+01 1.411492e+00
      endloop
   endfacet
   facet normal 8.428423e-01 -3.220749e-01 4.311433e-01
      outer loop
         vertex -1.072418e+01 7.293104e+01 2.189205e+00
         vertex -1.037485e+01 7.280412e+01 1.411492e+00
         vertex -1.049953e+01 7.377651e+01 2.381615e+00
      endloop
   endfacet
   facet normal 9.070403e-01 -1.322387e-01 3.997385e-01
      outer loop
         vertex -9.038259e+00 8.082620e+01 2.914518e+00
         vertex -9.186035e+00 7.991592e+01 2.948700e+00
         vertex -8.889964e+00 7.910106e+01 2.007325e+00
      endloop
   endfacet
   facet normal 8.949972e-01 -1.571170e-01 4.174856e-01
      outer loop
         vertex -8.889964e+00 7.910106e+01 2.007325e+00
         vertex -9.186035e+00 7.991592e+01 2.948700e+00
         vertex -9.346044e+00 7.901996e+01 2.954539e+00
      endloop
   endfacet
   facet normal 8.924528e-01 -1.781986e-01 4.144554e-01
      outer loop
         vertex -8.889964e+00 7.910106e+01 2.007325e+00
         vertex -9.346044e+00 7.901996e+01 2.954539e+00
         vertex -9.120981e+00 7.794094e+01 2.005973e+00
      endloop
   endfacet
   facet normal 8.900797e-01 -1.817939e-01 4.179821e-01
      outer loop
         vertex -9.120981e+00 7.794094e+01 2.005973e+00
         vertex -9.346044e+00 7.901996e+01 2.954539e+00
         vertex -9.516442e+00 7.813638e+01 2.933100e+00
      endloop
   endfacet
   facet normal 8.851066e-01 -2.007601e-01 4.198590e-01
      outer loop
         vertex -9.120981e+00 7.794094e+01 2.005973e+00
         vertex -9.516442e+00 7.813638e+01 2.933100e+00
         vertex -9.264857e+00 7.725931e+01 1.983348e+00
      endloop
   endfacet
   facet normal 8.834624e-01 -2.035313e-01 4.219826e-01
      outer loop
         vertex -9.264857e+00 7.725931e+01 1.983348e+00
         vertex -9.516442e+00 7.813638e+01 2.933100e+00
         vertex -9.694655e+00 7.725700e+01 2.882061e+00
      endloop
   endfacet
   facet normal 8.797909e-01 -2.223017e-01 4.201785e-01
      outer loop
         vertex -9.264857e+00 7.725931e+01 1.983348e+00
         vertex -9.694655e+00 7.725700e+01 2.882061e+00
         vertex -9.498984e+00 7.620202e+01 1.914200e+00
      endloop
   endfacet
   facet normal 8.776292e-01 -2.253508e-01 4.230650e-01
      outer loop
         vertex -9.498984e+00 7.620202e+01 1.914200e+00
         vertex -9.694655e+00 7.725700e+01 2.882061e+00
         vertex -9.880803e+00 7.637914e+01 2.800613e+00
      endloop
   endfacet
   facet normal 8.712286e-01 -2.464538e-01 4.245248e-01
      outer loop
         vertex -9.498984e+00 7.620202e+01 1.914200e+00
         vertex -9.880803e+00 7.637914e+01 2.800613e+00
         vertex -9.681021e+00 7.542516e+01 1.836788e+00
      endloop
   endfacet
   facet normal 8.697137e-01 -2.486257e-01 4.263606e-01
      outer loop
         vertex -9.681021e+00 7.542516e+01 1.836788e+00
         vertex -9.880803e+00 7.637914e+01 2.800613e+00
         vertex -1.007633e+01 7.550403e+01 2.689145e+00
      endloop
   endfacet
   facet normal 8.633651e-01 -2.711945e-01 4.255046e-01
      outer loop
         vertex -9.681021e+00 7.542516e+01 1.836788e+00
         vertex -1.007633e+01 7.550403e+01 2.689145e+00
         vertex -9.916671e+00 7.447984e+01 1.712432e+00
      endloop
   endfacet
   facet normal 8.615393e-01 -2.735593e-01 4.276860e-01
      outer loop
         vertex -9.916671e+00 7.447984e+01 1.712432e+00
         vertex -1.007633e+01 7.550403e+01 2.689145e+00
         vertex -1.028260e+01 7.463515e+01 2.548897e+00
      endloop
   endfacet
   facet normal 8.535320e-01 -2.965104e-01 4.284445e-01
      outer loop
         vertex -9.916671e+00 7.447984e+01 1.712432e+00
         vertex -1.028260e+01 7.463515e+01 2.548897e+00
         vertex -1.011881e+01 7.371885e+01 1.588472e+00
      endloop
   endfacet
   facet normal 8.516077e-01 -2.990285e-01 4.305187e-01
      outer loop
         vertex -1.011881e+01 7.371885e+01 1.588472e+00
         vertex -1.028260e+01 7.463515e+01 2.548897e+00
         vertex -1.049953e+01 7.377651e+01 2.381615e+00
      endloop
   endfacet
   facet normal 8.485161e-01 -3.087737e-01 4.297432e-01
      outer loop
         vertex -1.011881e+01 7.371885e+01 1.588472e+00
         vertex -1.049953e+01 7.377651e+01 2.381615e+00
         vertex -1.014188e+01 7.363450e+01 1.573427e+00
      endloop
   endfacet
   facet normal 8.440521e-01 -3.206307e-01 4.298512e-01
      outer loop
         vertex -1.014188e+01 7.363450e+01 1.573427e+00
         vertex -1.049953e+01 7.377651e+01 2.381615e+00
         vertex -1.037485e+01 7.280412e+01 1.411492e+00
      endloop
   endfacet
   facet normal 8.417768e-01 -2.842969e-01 4.588978e-01
      outer loop
         vertex -1.162652e+01 6.637207e+01 -5.779085e-01
         vertex -1.154990e+01 6.698942e+01 -3.359924e-01
         vertex -1.180446e+01 6.716489e+01 2.396620e-01
      endloop
   endfacet
   facet normal 8.406551e-01 -2.870490e-01 4.592406e-01
      outer loop
         vertex -1.180446e+01 6.716489e+01 2.396620e-01
         vertex -1.154990e+01 6.698942e+01 -3.359924e-01
         vertex -1.152746e+01 6.715807e+01 -2.716623e-01
      endloop
   endfacet
   facet normal 8.398237e-01 -2.901208e-01 4.588312e-01
      outer loop
         vertex -1.180446e+01 6.716489e+01 2.396620e-01
         vertex -1.152746e+01 6.715807e+01 -2.716623e-01
         vertex -1.159960e+01 6.879139e+01 8.931436e-01
      endloop
   endfacet
   facet normal 8.485608e-01 -2.818515e-01 4.477770e-01
      outer loop
         vertex -1.159960e+01 6.879139e+01 8.931436e-01
         vertex -1.152746e+01 6.715807e+01 -2.716623e-01
         vertex -1.129741e+01 6.875508e+01 2.976077e-01
      endloop
   endfacet
   facet normal 8.483792e-01 -2.824830e-01 4.477233e-01
      outer loop
         vertex -1.159960e+01 6.879139e+01 8.931436e-01
         vertex -1.129741e+01 6.875508e+01 2.976077e-01
         vertex -1.148244e+01 6.962014e+01 1.194027e+00
      endloop
   endfacet
   facet normal 8.526938e-01 -2.767511e-01 4.430825e-01
      outer loop
         vertex -1.148244e+01 6.962014e+01 1.194027e+00
         vertex -1.129741e+01 6.875508e+01 2.976077e-01
         vertex -1.124416e+01 6.910104e+01 4.112262e-01
      endloop
   endfacet
   facet normal 8.425691e-01 -2.938688e-01 4.513517e-01
      outer loop
         vertex -1.148244e+01 6.962014e+01 1.194027e+00
         vertex -1.124416e+01 6.910104e+01 4.112262e-01
         vertex -1.134312e+01 7.045184e+01 1.475450e+00
      endloop
   endfacet
   facet normal 8.520633e-01 -2.839933e-01 4.396999e-01
      outer loop
         vertex -1.134312e+01 7.045184e+01 1.475450e+00
         vertex -1.124416e+01 6.910104e+01 4.112262e-01
         vertex -1.101977e+01 7.037888e+01 8.017253e-01
      endloop
   endfacet
   facet normal 8.459680e-01 -3.029360e-01 4.388257e-01
      outer loop
         vertex -1.134312e+01 7.045184e+01 1.475450e+00
         vertex -1.101977e+01 7.037888e+01 8.017253e-01
         vertex -1.100340e+01 7.045718e+01 8.242141e-01
      endloop
   endfacet
   facet normal 8.193395e-01 9.304963e-02 5.657071e-01
      outer loop
         vertex -1.178830e+01 1.079074e+02 -3.981832e+00
         vertex -1.182151e+01 1.078966e+02 -3.931950e+00
         vertex -1.172102e+01 1.075663e+02 -4.023177e+00
      endloop
   endfacet
   facet normal 8.092934e-01 8.573730e-02 5.811138e-01
      outer loop
         vertex -1.172102e+01 1.075663e+02 -4.023177e+00
         vertex -1.182151e+01 1.078966e+02 -3.931950e+00
         vertex -1.174531e+01 1.074997e+02 -3.979520e+00
      endloop
   endfacet
   facet normal 7.723595e-01 1.263429e-01 6.224936e-01
      outer loop
         vertex -1.172102e+01 1.075663e+02 -4.023177e+00
         vertex -1.174531e+01 1.074997e+02 -3.979520e+00
         vertex -1.170824e+01 1.075110e+02 -4.027800e+00
      endloop
   endfacet
   facet normal 7.622655e-01 1.692697e-01 6.247392e-01
      outer loop
         vertex -1.170824e+01 1.075110e+02 -4.027800e+00
         vertex -1.174531e+01 1.074997e+02 -3.979520e+00
         vertex -1.160805e+01 1.071153e+02 -4.042821e+00
      endloop
   endfacet
   facet normal 8.990989e-01 -1.406941e-01 4.145194e-01
      outer loop
         vertex -8.889964e+00 7.910106e+01 2.007325e+00
         vertex -8.628553e+00 8.059725e+01 1.948149e+00
         vertex -9.038259e+00 8.082620e+01 2.914518e+00
      endloop
   endfacet
   facet normal 9.039169e-01 -1.178532e-01 4.111506e-01
      outer loop
         vertex -9.038259e+00 8.082620e+01 2.914518e+00
         vertex -8.628553e+00 8.059725e+01 1.948149e+00
         vertex -8.595612e+00 8.079989e+01 1.933812e+00
      endloop
   endfacet
   facet normal 9.050151e-01 -1.082042e-01 4.113874e-01
      outer loop
         vertex -9.038259e+00 8.082620e+01 2.914518e+00
         vertex -8.595612e+00 8.079989e+01 1.933812e+00
         vertex -8.898471e+00 8.172981e+01 2.844666e+00
      endloop
   endfacet
   facet normal 9.055231e-01 -1.072003e-01 4.105314e-01
      outer loop
         vertex -8.898471e+00 8.172981e+01 2.844666e+00
         vertex -8.595612e+00 8.079989e+01 1.933812e+00
         vertex -8.485484e+00 8.148971e+01 1.871030e+00
      endloop
   endfacet
   facet normal 9.088630e-01 -8.906189e-02 4.074751e-01
      outer loop
         vertex -8.898471e+00 8.172981e+01 2.844666e+00
         vertex -8.485484e+00 8.148971e+01 1.871030e+00
         vertex -8.764854e+00 8.260752e+01 2.738478e+00
      endloop
   endfacet
   facet normal 9.085264e-01 -8.963125e-02 4.081004e-01
      outer loop
         vertex -8.764854e+00 8.260752e+01 2.738478e+00
         vertex -8.485484e+00 8.148971e+01 1.871030e+00
         vertex -8.347040e+00 8.237478e+01 1.757210e+00
      endloop
   endfacet
   facet normal 9.115317e-01 -7.122587e-02 4.050146e-01
      outer loop
         vertex -8.764854e+00 8.260752e+01 2.738478e+00
         vertex -8.347040e+00 8.237478e+01 1.757210e+00
         vertex -8.638518e+00 8.344568e+01 2.601543e+00
      endloop
   endfacet
   facet normal 9.115311e-01 -7.122707e-02 4.050159e-01
      outer loop
         vertex -8.638518e+00 8.344568e+01 2.601543e+00
         vertex -8.347040e+00 8.237478e+01 1.757210e+00
         vertex -8.220980e+00 8.319807e+01 1.618284e+00
      endloop
   endfacet
   facet normal 9.141855e-01 -5.368294e-02 4.017250e-01
      outer loop
         vertex -8.638518e+00 8.344568e+01 2.601543e+00
         vertex -8.220980e+00 8.319807e+01 1.618284e+00
         vertex -8.522564e+00 8.423630e+01 2.443323e+00
      endloop
   endfacet
   facet normal 9.140189e-01 -5.399897e-02 4.020617e-01
      outer loop
         vertex -8.522564e+00 8.423630e+01 2.443323e+00
         vertex -8.220980e+00 8.319807e+01 1.618284e+00
         vertex -8.114364e+00 8.392162e+01 1.473087e+00
      endloop
   endfacet
   facet normal 9.159726e-01 -4.210376e-02 3.990257e-01
      outer loop
         vertex -8.522564e+00 8.423630e+01 2.443323e+00
         vertex -8.114364e+00 8.392162e+01 1.473087e+00
         vertex -8.072921e+00 8.421600e+01 1.409016e+00
      endloop
   endfacet
   facet normal 4.354822e-01 -2.424625e-02 8.998707e-01
      outer loop
         vertex -1.182151e+01 1.078966e+02 -3.931950e+00
         vertex -1.185716e+01 1.078885e+02 -3.914921e+00
         vertex -1.174531e+01 1.074997e+02 -3.979520e+00
      endloop
   endfacet
   facet normal 3.887400e-01 -4.111210e-02 9.204298e-01
      outer loop
         vertex -1.174531e+01 1.074997e+02 -3.979520e+00
         vertex -1.185716e+01 1.078885e+02 -3.914921e+00
         vertex -1.178510e+01 1.074909e+02 -3.963111e+00
      endloop
   endfacet
   facet normal 3.701954e-01 5.545767e-02 9.272970e-01
      outer loop
         vertex -1.174531e+01 1.074997e+02 -3.979520e+00
         vertex -1.178510e+01 1.074909e+02 -3.963111e+00
         vertex -1.165704e+01 1.071013e+02 -3.990931e+00
      endloop
   endfacet
   facet normal 3.098313e-01 3.398569e-02 9.501839e-01
      outer loop
         vertex -1.165704e+01 1.071013e+02 -3.990931e+00
         vertex -1.178510e+01 1.074909e+02 -3.963111e+00
         vertex -1.170961e+01 1.070899e+02 -3.973383e+00
      endloop
   endfacet
   facet normal 2.895226e-01 1.258969e-01 9.488554e-01
      outer loop
         vertex -1.165704e+01 1.071013e+02 -3.990931e+00
         vertex -1.170961e+01 1.070899e+02 -3.973383e+00
         vertex -1.156596e+01 1.067032e+02 -3.965903e+00
      endloop
   endfacet
   facet normal 2.568059e-01 1.139544e-01 9.597214e-01
      outer loop
         vertex -1.156596e+01 1.067032e+02 -3.965903e+00
         vertex -1.170961e+01 1.070899e+02 -3.973383e+00
         vertex -1.163532e+01 1.066884e+02 -3.945590e+00
      endloop
   endfacet
   facet normal 2.376610e-01 1.931801e-01 9.519447e-01
      outer loop
         vertex -1.156596e+01 1.067032e+02 -3.965903e+00
         vertex -1.163532e+01 1.066884e+02 -3.945590e+00
         vertex -1.147708e+01 1.063064e+02 -3.907567e+00
      endloop
   endfacet
   facet normal 2.288217e-01 1.898016e-01 9.547858e-01
      outer loop
         vertex -1.147708e+01 1.063064e+02 -3.907567e+00
         vertex -1.163532e+01 1.066884e+02 -3.945590e+00
         vertex -1.156413e+01 1.062880e+02 -3.883050e+00
      endloop
   endfacet
   facet normal 2.069638e-01 2.729109e-01 9.395135e-01
      outer loop
         vertex -1.147708e+01 1.063064e+02 -3.907567e+00
         vertex -1.156413e+01 1.062880e+02 -3.883050e+00
         vertex -1.131033e+01 1.055161e+02 -3.714726e+00
      endloop
   endfacet
   facet normal 2.266985e-01 2.780719e-01 9.334259e-01
      outer loop
         vertex -1.131033e+01 1.055161e+02 -3.714726e+00
         vertex -1.156413e+01 1.062880e+02 -3.883050e+00
         vertex -1.142909e+01 1.054910e+02 -3.678418e+00
      endloop
   endfacet
   facet normal 2.117318e-01 3.296403e-01 9.200581e-01
      outer loop
         vertex -1.131033e+01 1.055161e+02 -3.714726e+00
         vertex -1.142909e+01 1.054910e+02 -3.678418e+00
         vertex -1.114793e+01 1.047255e+02 -3.468838e+00
      endloop
   endfacet
   facet normal 2.487189e-01 3.396669e-01 9.070641e-01
      outer loop
         vertex -1.114793e+01 1.047255e+02 -3.468838e+00
         vertex -1.142909e+01 1.054910e+02 -3.678418e+00
         vertex -1.129151e+01 1.046946e+02 -3.417910e+00
      endloop
   endfacet
   facet normal 2.498204e-01 3.361838e-01 9.080585e-01
      outer loop
         vertex -1.114793e+01 1.047255e+02 -3.468838e+00
         vertex -1.129151e+01 1.046946e+02 -3.417910e+00
         vertex -1.079787e+01 1.031338e+02 -2.975892e+00
      endloop
   endfacet
   facet normal 3.089880e-01 3.483588e-01 8.849703e-01
      outer loop
         vertex -1.079787e+01 1.031338e+02 -2.975892e+00
         vertex -1.129151e+01 1.046946e+02 -3.417910e+00
         vertex -1.098470e+01 1.030912e+02 -2.893889e+00
      endloop
   endfacet
   facet normal 3.078930e-01 3.515024e-01 8.841086e-01
      outer loop
         vertex -1.079787e+01 1.031338e+02 -2.975892e+00
         vertex -1.098470e+01 1.030912e+02 -2.893889e+00
         vertex -1.049309e+01 1.015619e+02 -2.457076e+00
      endloop
   endfacet
   facet normal 3.480953e-01 3.592256e-01 8.659022e-01
      outer loop
         vertex -1.098470e+01 1.030912e+02 -2.893889e+00
         vertex -1.071956e+01 1.015105e+02 -2.344694e+00
         vertex -1.049309e+01 1.015619e+02 -2.457076e+00
      endloop
   endfacet
   facet normal 3.469378e-01 3.624234e-01 8.650338e-01
      outer loop
         vertex -1.049309e+01 1.015619e+02 -2.457076e+00
         vertex -1.071956e+01 1.015105e+02 -2.344694e+00
         vertex -1.044949e+01 9.993331e+01 -1.792216e+00
      endloop
   endfacet
   facet normal 3.999509e-01 3.555647e-01 8.447562e-01
      outer loop
         vertex -1.049309e+01 1.015619e+02 -2.457076e+00
         vertex -1.044949e+01 9.993331e+01 -1.792216e+00
         vertex -9.869064e+00 9.841945e+01 -1.429824e+00
      endloop
   endfacet
   facet normal 4.137194e-01 3.589085e-01 8.366725e-01
      outer loop
         vertex -9.869064e+00 9.841945e+01 -1.429824e+00
         vertex -1.044949e+01 9.993331e+01 -1.792216e+00
         vertex -1.016288e+01 9.835292e+01 -1.255997e+00
      endloop
   endfacet
   facet normal 4.187110e-01 3.453117e-01 8.399053e-01
      outer loop
         vertex -9.869064e+00 9.841945e+01 -1.429824e+00
         vertex -1.016288e+01 9.835292e+01 -1.255997e+00
         vertex -9.566311e+00 9.685107e+01 -9.359432e-01
      endloop
   endfacet
   facet normal 4.413450e-01 3.512800e-01 8.257221e-01
      outer loop
         vertex -9.566311e+00 9.685107e+01 -9.359432e-01
         vertex -1.016288e+01 9.835292e+01 -1.255997e+00
         vertex -9.888894e+00 9.677868e+01 -7.327245e-01
      endloop
   endfacet
   facet normal 4.479800e-01 3.329629e-01 8.297287e-01
      outer loop
         vertex -9.566311e+00 9.685107e+01 -9.359432e-01
         vertex -9.888894e+00 9.677868e+01 -7.327245e-01
         vertex -9.286379e+00 9.528682e+01 -4.593621e-01
      endloop
   endfacet
   facet normal 4.666871e-01 3.382217e-01 8.171959e-01
      outer loop
         vertex -9.286379e+00 9.528682e+01 -4.593621e-01
         vertex -9.888894e+00 9.677868e+01 -7.327245e-01
         vertex -9.634575e+00 9.521001e+01 -2.287205e-01
      endloop
   endfacet
   facet normal 4.747712e-01 3.151968e-01 8.217319e-01
      outer loop
         vertex -9.286379e+00 9.528682e+01 -4.593621e-01
         vertex -9.634575e+00 9.521001e+01 -2.287205e-01
         vertex -8.977654e+00 9.371834e+01 -3.610130e-02
      endloop
   endfacet
   facet normal 4.910375e-01 3.208333e-01 8.099063e-01
      outer loop
         vertex -8.977654e+00 9.371834e+01 -3.610130e-02
         vertex -9.634575e+00 9.521001e+01 -2.287205e-01
         vertex -9.348874e+00 9.363776e+01 2.208880e-01
      endloop
   endfacet
   facet normal 4.949212e-01 3.094822e-01 8.119568e-01
      outer loop
         vertex -8.977654e+00 9.371834e+01 -3.610130e-02
         vertex -9.348874e+00 9.363776e+01 2.208880e-01
         vertex -8.676550e+00 9.223567e+01 3.454930e-01
      endloop
   endfacet
   facet normal 5.144995e-01 3.175006e-01 7.965448e-01
      outer loop
         vertex -8.676550e+00 9.223567e+01 3.454930e-01
         vertex -9.348874e+00 9.363776e+01 2.208880e-01
         vertex -9.068851e+00 9.216351e+01 6.276481e-01
      endloop
   endfacet
   facet normal 5.181706e-01 3.059306e-01 7.986900e-01
      outer loop
         vertex -8.676550e+00 9.223567e+01 3.454930e-01
         vertex -9.068851e+00 9.216351e+01 6.276481e-01
         vertex -8.443080e+00 9.086503e+01 7.190332e-01
      endloop
   endfacet
   facet normal 5.411597e-01 3.156541e-01 7.794285e-01
      outer loop
         vertex -8.443080e+00 9.086503e+01 7.190332e-01
         vertex -9.068851e+00 9.216351e+01 6.276481e-01
         vertex -8.854229e+00 9.081744e+01 1.023770e+00
      endloop
   endfacet
   facet normal 5.488428e-01 2.866047e-01 7.852575e-01
      outer loop
         vertex -8.443080e+00 9.086503e+01 7.190332e-01
         vertex -8.854229e+00 9.081744e+01 1.023770e+00
         vertex -8.296458e+00 8.954808e+01 1.097217e+00
      endloop
   endfacet
   facet normal 5.705413e-01 2.950504e-01 7.664384e-01
      outer loop
         vertex -8.296458e+00 8.954808e+01 1.097217e+00
         vertex -8.854229e+00 9.081744e+01 1.023770e+00
         vertex -8.723347e+00 8.953421e+01 1.420336e+00
      endloop
   endfacet
   facet normal 5.798004e-01 2.464685e-01 7.765853e-01
      outer loop
         vertex -8.296458e+00 8.954808e+01 1.097217e+00
         vertex -8.723347e+00 8.953421e+01 1.420336e+00
         vertex -8.232183e+00 8.823462e+01 1.466089e+00
      endloop
   endfacet
   facet normal 5.958996e-01 2.520563e-01 7.624771e-01
      outer loop
         vertex -8.232183e+00 8.823462e+01 1.466089e+00
         vertex -8.723347e+00 8.953421e+01 1.420336e+00
         vertex -8.670832e+00 8.825616e+01 1.801786e+00
      endloop
   endfacet
   facet normal 6.024008e-01 1.916291e-01 7.748494e-01
      outer loop
         vertex -8.232183e+00 8.823462e+01 1.466089e+00
         vertex -8.670832e+00 8.825616e+01 1.801786e+00
         vertex -8.241322e+00 8.695964e+01 1.788511e+00
      endloop
   endfacet
   facet normal 6.122192e-01 1.949695e-01 7.662732e-01
      outer loop
         vertex -8.241322e+00 8.695964e+01 1.788511e+00
         vertex -8.670832e+00 8.825616e+01 1.801786e+00
         vertex -8.687454e+00 8.701941e+01 2.129744e+00
      endloop
   endfacet
   facet normal 6.132164e-01 1.542067e-01 7.747167e-01
      outer loop
         vertex -8.241322e+00 8.695964e+01 1.788511e+00
         vertex -8.687454e+00 8.701941e+01 2.129744e+00
         vertex -8.277996e+00 8.632708e+01 1.943451e+00
      endloop
   endfacet
   facet normal 5.969733e-01 1.405260e-01 7.898578e-01
      outer loop
         vertex -8.277996e+00 8.632708e+01 1.943451e+00
         vertex -8.687454e+00 8.701941e+01 2.129744e+00
         vertex -8.338476e+00 8.567099e+01 2.105887e+00
      endloop
   endfacet
   facet normal 6.174733e-01 1.461316e-01 7.728987e-01
      outer loop
         vertex -8.338476e+00 8.567099e+01 2.105887e+00
         vertex -8.687454e+00 8.701941e+01 2.129744e+00
         vertex -8.788063e+00 8.576748e+01 2.446823e+00
      endloop
   endfacet
   facet normal 6.150988e-01 1.048695e-01 7.814447e-01
      outer loop
         vertex -8.338476e+00 8.567099e+01 2.105887e+00
         vertex -8.788063e+00 8.576748e+01 2.446823e+00
         vertex -8.522564e+00 8.423630e+01 2.443323e+00
      endloop
   endfacet
   facet normal 6.154608e-01 1.049329e-01 7.811511e-01
      outer loop
         vertex -8.522564e+00 8.423630e+01 2.443323e+00
         vertex -8.788063e+00 8.576748e+01 2.446823e+00
         vertex -8.971960e+00 8.435792e+01 2.781060e+00
      endloop
   endfacet
   facet normal 6.111143e-01 6.818858e-02 7.885998e-01
      outer loop
         vertex -8.522564e+00 8.423630e+01 2.443323e+00
         vertex -8.971960e+00 8.435792e+01 2.781060e+00
         vertex -8.638518e+00 8.344568e+01 2.601543e+00
      endloop
   endfacet
   facet normal 6.107428e-01 6.799279e-02 7.889045e-01
      outer loop
         vertex -8.638518e+00 8.344568e+01 2.601543e+00
         vertex -8.971960e+00 8.435792e+01 2.781060e+00
         vertex -9.086591e+00 8.357442e+01 2.937331e+00
      endloop
   endfacet
   facet normal 6.062912e-01 3.838495e-02 7.943158e-01
      outer loop
         vertex -8.638518e+00 8.344568e+01 2.601543e+00
         vertex -9.086591e+00 8.357442e+01 2.937331e+00
         vertex -8.764854e+00 8.260752e+01 2.738478e+00
      endloop
   endfacet
   facet normal 6.060288e-01 3.825516e-02 7.945223e-01
      outer loop
         vertex -8.764854e+00 8.260752e+01 2.738478e+00
         vertex -9.086591e+00 8.357442e+01 2.937331e+00
         vertex -9.210847e+00 8.273999e+01 3.072285e+00
      endloop
   endfacet
   facet normal 6.002261e-01 5.389405e-03 7.998122e-01
      outer loop
         vertex -8.764854e+00 8.260752e+01 2.738478e+00
         vertex -9.210847e+00 8.273999e+01 3.072285e+00
         vertex -8.898471e+00 8.172981e+01 2.844666e+00
      endloop
   endfacet
   facet normal 6.003222e-01 5.435432e-03 7.997398e-01
      outer loop
         vertex -8.898471e+00 8.172981e+01 2.844666e+00
         vertex -9.210847e+00 8.273999e+01 3.072285e+00
         vertex -9.341660e+00 8.186322e+01 3.176438e+00
      endloop
   endfacet
   facet normal 5.932955e-01 -2.959720e-02 8.044405e-01
      outer loop
         vertex -8.898471e+00 8.172981e+01 2.844666e+00
         vertex -9.341660e+00 8.186322e+01 3.176438e+00
         vertex -9.038259e+00 8.082620e+01 2.914518e+00
      endloop
   endfacet
   facet normal 5.937410e-01 -2.938579e-02 8.041195e-01
      outer loop
         vertex -9.038259e+00 8.082620e+01 2.914518e+00
         vertex -9.341660e+00 8.186322e+01 3.176438e+00
         vertex -9.477928e+00 8.095862e+01 3.243997e+00
      endloop
   endfacet
   facet normal 5.858572e-01 -6.477361e-02 8.078216e-01
      outer loop
         vertex -9.038259e+00 8.082620e+01 2.914518e+00
         vertex -9.477928e+00 8.095862e+01 3.243997e+00
         vertex -9.186035e+00 7.991592e+01 2.948700e+00
      endloop
   endfacet
   facet normal 5.862170e-01 -6.460284e-02 8.075742e-01
      outer loop
         vertex -9.186035e+00 7.991592e+01 2.948700e+00
         vertex -9.477928e+00 8.095862e+01 3.243997e+00
         vertex -9.621448e+00 8.004653e+01 3.275214e+00
      endloop
   endfacet
   facet normal 5.780855e-01 -9.796134e-02 8.100745e-01
      outer loop
         vertex -9.186035e+00 7.991592e+01 2.948700e+00
         vertex -9.621448e+00 8.004653e+01 3.275214e+00
         vertex -9.346044e+00 7.901996e+01 2.954539e+00
      endloop
   endfacet
   facet normal 5.775276e-01 -9.822532e-02 8.104404e-01
      outer loop
         vertex -9.346044e+00 7.901996e+01 2.954539e+00
         vertex -9.621448e+00 8.004653e+01 3.275214e+00
         vertex -9.776403e+00 7.914908e+01 3.276866e+00
      endloop
   endfacet
   facet normal 5.692483e-01 -1.294795e-01 8.119060e-01
      outer loop
         vertex -9.346044e+00 7.901996e+01 2.954539e+00
         vertex -9.776403e+00 7.914908e+01 3.276866e+00
         vertex -9.516442e+00 7.813638e+01 2.933100e+00
      endloop
   endfacet
   facet normal 5.677293e-01 -1.301916e-01 8.128552e-01
      outer loop
         vertex -9.516442e+00 7.813638e+01 2.933100e+00
         vertex -9.776403e+00 7.914908e+01 3.276866e+00
         vertex -9.940825e+00 7.826469e+01 3.250056e+00
      endloop
   endfacet
   facet normal 5.590234e-01 -1.605032e-01 8.134689e-01
      outer loop
         vertex -9.516442e+00 7.813638e+01 2.933100e+00
         vertex -9.940825e+00 7.826469e+01 3.250056e+00
         vertex -9.694655e+00 7.725700e+01 2.882061e+00
      endloop
   endfacet
   facet normal 5.568410e-01 -1.615098e-01 8.147654e-01
      outer loop
         vertex -9.694655e+00 7.725700e+01 2.882061e+00
         vertex -9.940825e+00 7.826469e+01 3.250056e+00
         vertex -1.011213e+01 7.738487e+01 3.192724e+00
      endloop
   endfacet
   facet normal 5.474674e-01 -1.916659e-01 8.145819e-01
      outer loop
         vertex -9.694655e+00 7.725700e+01 2.882061e+00
         vertex -1.011213e+01 7.738487e+01 3.192724e+00
         vertex -9.880803e+00 7.637914e+01 2.800613e+00
      endloop
   endfacet
   facet normal 5.448098e-01 -1.928613e-01 8.160801e-01
      outer loop
         vertex -9.880803e+00 7.637914e+01 2.800613e+00
         vertex -1.011213e+01 7.738487e+01 3.192724e+00
         vertex -1.029055e+01 7.650640e+01 3.104229e+00
      endloop
   endfacet
   facet normal 5.346165e-01 -2.232681e-01 8.150684e-01
      outer loop
         vertex -9.880803e+00 7.637914e+01 2.800613e+00
         vertex -1.029055e+01 7.650640e+01 3.104229e+00
         vertex -1.007633e+01 7.550403e+01 2.689145e+00
      endloop
   endfacet
   facet normal 5.316568e-01 -2.245553e-01 8.166493e-01
      outer loop
         vertex -1.007633e+01 7.550403e+01 2.689145e+00
         vertex -1.029055e+01 7.650640e+01 3.104229e+00
         vertex -1.047773e+01 7.562979e+01 2.985045e+00
      endloop
   endfacet
   facet normal 5.206789e-01 -2.551161e-01 8.147449e-01
      outer loop
         vertex -1.007633e+01 7.550403e+01 2.689145e+00
         vertex -1.047773e+01 7.562979e+01 2.985045e+00
         vertex -1.028260e+01 7.463515e+01 2.548897e+00
      endloop
   endfacet
   facet normal 5.176488e-01 -2.563823e-01 8.162768e-01
      outer loop
         vertex -1.028260e+01 7.463515e+01 2.548897e+00
         vertex -1.047773e+01 7.562979e+01 2.985045e+00
         vertex -1.067528e+01 7.475778e+01 2.836438e+00
      endloop
   endfacet
   facet normal 5.062239e-01 -2.863758e-01 8.134656e-01
      outer loop
         vertex -1.028260e+01 7.463515e+01 2.548897e+00
         vertex -1.067528e+01 7.475778e+01 2.836438e+00
         vertex -1.049953e+01 7.377651e+01 2.381615e+00
      endloop
   endfacet
   facet normal 5.034445e-01 -2.874903e-01 8.147963e-01
      outer loop
         vertex -1.049953e+01 7.377651e+01 2.381615e+00
         vertex -1.067528e+01 7.475778e+01 2.836438e+00
         vertex -1.088332e+01 7.389379e+01 2.660136e+00
      endloop
   endfacet
   facet normal 4.923247e-01 -3.154399e-01 8.112423e-01
      outer loop
         vertex -1.049953e+01 7.377651e+01 2.381615e+00
         vertex -1.088332e+01 7.389379e+01 2.660136e+00
         vertex -1.072418e+01 7.293104e+01 2.189205e+00
      endloop
   endfacet
   facet normal 4.901675e-01 -3.162759e-01 8.122225e-01
      outer loop
         vertex -1.072418e+01 7.293104e+01 2.189205e+00
         vertex -1.088332e+01 7.389379e+01 2.660136e+00
         vertex -1.109905e+01 7.304035e+01 2.458001e+00
      endloop
   endfacet
   facet normal 4.806136e-01 -3.397488e-01 8.084437e-01
      outer loop
         vertex -1.072418e+01 7.293104e+01 2.189205e+00
         vertex -1.109905e+01 7.304035e+01 2.458001e+00
         vertex -1.094936e+01 7.209896e+01 1.973391e+00
      endloop
   endfacet
   facet normal 4.793761e-01 -3.402214e-01 8.089795e-01
      outer loop
         vertex -1.094936e+01 7.209896e+01 1.973391e+00
         vertex -1.109905e+01 7.304035e+01 2.458001e+00
         vertex -1.131529e+01 7.219759e+01 2.231707e+00
      endloop
   endfacet
   facet normal 4.731737e-01 -3.555346e-01 8.060408e-01
      outer loop
         vertex -1.094936e+01 7.209896e+01 1.973391e+00
         vertex -1.131529e+01 7.219759e+01 2.231707e+00
         vertex -1.116226e+01 7.127598e+01 1.735364e+00
      endloop
   endfacet
   facet normal 4.728321e-01 -3.556676e-01 8.061826e-01
      outer loop
         vertex -1.116226e+01 7.127598e+01 1.735364e+00
         vertex -1.131529e+01 7.219759e+01 2.231707e+00
         vertex -1.151903e+01 7.136166e+01 1.982410e+00
      endloop
   endfacet
   facet normal 4.720403e-01 -3.577041e-01 8.057454e-01
      outer loop
         vertex -1.116226e+01 7.127598e+01 1.735364e+00
         vertex -1.151903e+01 7.136166e+01 1.982410e+00
         vertex -1.134312e+01 7.045184e+01 1.475450e+00
      endloop
   endfacet
   facet normal 4.720095e-01 -3.577170e-01 8.057578e-01
      outer loop
         vertex -1.134312e+01 7.045184e+01 1.475450e+00
         vertex -1.151903e+01 7.136166e+01 1.982410e+00
         vertex -1.169012e+01 7.052326e+01 1.710429e+00
      endloop
   endfacet
   facet normal 4.739125e-01 -3.524415e-01 8.069646e-01
      outer loop
         vertex -1.134312e+01 7.045184e+01 1.475450e+00
         vertex -1.169012e+01 7.052326e+01 1.710429e+00
         vertex -1.148244e+01 6.962014e+01 1.194027e+00
      endloop
   endfacet
   facet normal 4.733617e-01 -3.526907e-01 8.071790e-01
      outer loop
         vertex -1.148244e+01 6.962014e+01 1.194027e+00
         vertex -1.169012e+01 7.052326e+01 1.710429e+00
         vertex -1.181864e+01 6.967732e+01 1.416167e+00
      endloop
   endfacet
   facet normal 4.712298e-01 -3.590955e-01 8.056010e-01
      outer loop
         vertex -1.148244e+01 6.962014e+01 1.194027e+00
         vertex -1.181864e+01 6.967732e+01 1.416167e+00
         vertex -1.159960e+01 6.879139e+01 8.931436e-01
      endloop
   endfacet
   facet normal 4.699255e-01 -3.597067e-01 8.060900e-01
      outer loop
         vertex -1.159960e+01 6.879139e+01 8.931436e-01
         vertex -1.181864e+01 6.967732e+01 1.416167e+00
         vertex -1.192390e+01 6.883510e+01 1.101704e+00
      endloop
   endfacet
   facet normal 4.635649e-01 -3.799839e-01 8.004497e-01
      outer loop
         vertex -1.159960e+01 6.879139e+01 8.931436e-01
         vertex -1.192390e+01 6.883510e+01 1.101704e+00
         vertex -1.180446e+01 6.716489e+01 2.396620e-01
      endloop
   endfacet
   facet normal 4.584564e-01 -3.814952e-01 8.026700e-01
      outer loop
         vertex -1.180446e+01 6.716489e+01 2.396620e-01
         vertex -1.192390e+01 6.883510e+01 1.101704e+00
         vertex -1.210172e+01 6.718513e+01 4.190638e-01
      endloop
   endfacet
   facet normal 4.539632e-01 -3.981704e-01 7.971059e-01
      outer loop
         vertex -1.180446e+01 6.716489e+01 2.396620e-01
         vertex -1.210172e+01 6.718513e+01 4.190638e-01
         vertex -1.188942e+01 6.636706e+01 -1.104823e-01
      endloop
   endfacet
   facet normal 4.496390e-01 -4.002153e-01 7.985314e-01
      outer loop
         vertex -1.188942e+01 6.636706e+01 -1.104823e-01
         vertex -1.210172e+01 6.718513e+01 4.190638e-01
         vertex -1.217155e+01 6.637729e+01 5.350670e-02
      endloop
   endfacet
   facet normal 4.488231e-01 -4.035069e-01 7.973331e-01
      outer loop
         vertex -1.188942e+01 6.636706e+01 -1.104823e-01
         vertex -1.217155e+01 6.637729e+01 5.350670e-02
         vertex -1.195365e+01 6.557573e+01 -4.748026e-01
      endloop
   endfacet
   facet normal 4.432807e-01 -4.061661e-01 7.990816e-01
      outer loop
         vertex -1.195365e+01 6.557573e+01 -4.748026e-01
         vertex -1.217155e+01 6.637729e+01 5.350670e-02
         vertex -1.221957e+01 6.557701e+01 -3.266351e-01
      endloop
   endfacet
   facet normal 4.438214e-01 -4.037001e-01 8.000305e-01
      outer loop
         vertex -1.195365e+01 6.557573e+01 -4.748026e-01
         vertex -1.221957e+01 6.557701e+01 -3.266351e-01
         vertex -1.199002e+01 6.478802e+01 -8.521047e-01
      endloop
   endfacet
   facet normal 4.369159e-01 -4.070936e-01 8.021093e-01
      outer loop
         vertex -1.199002e+01 6.478802e+01 -8.521047e-01
         vertex -1.221957e+01 6.557701e+01 -3.266351e-01
         vertex -1.223863e+01 6.478143e+01 -7.200312e-01
      endloop
   endfacet
   facet normal 4.379707e-01 -4.014471e-01 8.043767e-01
      outer loop
         vertex -1.199002e+01 6.478802e+01 -8.521047e-01
         vertex -1.223863e+01 6.478143e+01 -7.200312e-01
         vertex -1.199535e+01 6.400324e+01 -1.240870e+00
      endloop
   endfacet
   facet normal 4.369266e-01 -4.012487e-02 8.986018e-01
      outer loop
         vertex -1.185716e+01 5.788568e+01 -3.915193e+00
         vertex -1.182098e+01 5.788957e+01 -3.932607e+00
         vertex -1.188174e+01 5.829295e+01 -3.885056e+00
      endloop
   endfacet
   facet normal 3.915250e-01 -4.934862e-02 9.188432e-01
      outer loop
         vertex -1.188174e+01 5.829295e+01 -3.885056e+00
         vertex -1.182098e+01 5.788957e+01 -3.932607e+00
         vertex -1.184154e+01 5.829692e+01 -3.901970e+00
      endloop
   endfacet
   facet normal 3.956498e-01 -1.367536e-01 9.081628e-01
      outer loop
         vertex -1.188174e+01 5.829295e+01 -3.885056e+00
         vertex -1.184154e+01 5.829692e+01 -3.901970e+00
         vertex -1.190389e+01 5.869024e+01 -3.815581e+00
      endloop
   endfacet
   facet normal 3.312288e-01 -1.520300e-01 9.312220e-01
      outer loop
         vertex -1.190389e+01 5.869024e+01 -3.815581e+00
         vertex -1.184154e+01 5.829692e+01 -3.901970e+00
         vertex -1.185065e+01 5.869531e+01 -3.833687e+00
      endloop
   endfacet
   facet normal 3.329448e-01 -2.283712e-01 9.148739e-01
      outer loop
         vertex -1.190389e+01 5.869024e+01 -3.815581e+00
         vertex -1.185065e+01 5.869531e+01 -3.833687e+00
         vertex -1.192638e+01 5.908190e+01 -3.709627e+00
      endloop
   endfacet
   facet normal 2.974270e-01 -2.384164e-01 9.244970e-01
      outer loop
         vertex -1.192638e+01 5.908190e+01 -3.709627e+00
         vertex -1.185065e+01 5.869531e+01 -3.833687e+00
         vertex -1.185598e+01 5.908843e+01 -3.730595e+00
      endloop
   endfacet
   facet normal 2.976893e-01 -3.036727e-01 9.050768e-01
      outer loop
         vertex -1.192638e+01 5.908190e+01 -3.709627e+00
         vertex -1.185598e+01 5.908843e+01 -3.730595e+00
         vertex -1.195028e+01 5.946999e+01 -3.571555e+00
      endloop
   endfacet
   facet normal 2.875935e-01 -3.070521e-01 9.071984e-01
      outer loop
         vertex -1.195028e+01 5.946999e+01 -3.571555e+00
         vertex -1.185598e+01 5.908843e+01 -3.730595e+00
         vertex -1.186182e+01 5.947794e+01 -3.596905e+00
      endloop
   endfacet
   facet normal 2.861438e-01 -3.829161e-01 8.783490e-01
      outer loop
         vertex -1.195028e+01 5.946999e+01 -3.571555e+00
         vertex -1.186182e+01 5.947794e+01 -3.596905e+00
         vertex -1.200085e+01 6.023584e+01 -3.221211e+00
      endloop
   endfacet
   facet normal 3.056542e-01 -3.772826e-01 8.742044e-01
      outer loop
         vertex -1.200085e+01 6.023584e+01 -3.221211e+00
         vertex -1.186182e+01 5.947794e+01 -3.596905e+00
         vertex -1.188022e+01 6.024630e+01 -3.258873e+00
      endloop
   endfacet
   facet normal 3.019139e-01 -4.437418e-01 8.437661e-01
      outer loop
         vertex -1.200085e+01 6.023584e+01 -3.221211e+00
         vertex -1.188022e+01 6.024630e+01 -3.258873e+00
         vertex -1.204795e+01 6.098239e+01 -2.811740e+00
      endloop
   endfacet
   facet normal 3.414878e-01 -4.298916e-01 8.358106e-01
      outer loop
         vertex -1.204795e+01 6.098239e+01 -2.811740e+00
         vertex -1.188022e+01 6.024630e+01 -3.258873e+00
         vertex -1.190229e+01 6.099568e+01 -2.864419e+00
      endloop
   endfacet
   facet normal 3.388023e-01 -4.598353e-01 8.208316e-01
      outer loop
         vertex -1.204795e+01 6.098239e+01 -2.811740e+00
         vertex -1.190229e+01 6.099568e+01 -2.864419e+00
         vertex -1.212988e+01 6.244217e+01 -1.960145e+00
      endloop
   endfacet
   facet normal 4.005838e-01 -4.395562e-01 8.039421e-01
      outer loop
         vertex -1.212988e+01 6.244217e+01 -1.960145e+00
         vertex -1.190229e+01 6.099568e+01 -2.864419e+00
         vertex -1.194029e+01 6.246164e+01 -2.043966e+00
      endloop
   endfacet
   facet normal 4.028003e-01 -4.190716e-01 8.137142e-01
      outer loop
         vertex -1.212988e+01 6.244217e+01 -1.960145e+00
         vertex -1.194029e+01 6.246164e+01 -2.043966e+00
         vertex -1.218430e+01 6.320692e+01 -1.539354e+00
      endloop
   endfacet
   facet normal 4.315603e-01 -4.046061e-01 8.062565e-01
      outer loop
         vertex -1.218430e+01 6.320692e+01 -1.539354e+00
         vertex -1.194029e+01 6.246164e+01 -2.043966e+00
         vertex -1.199535e+01 6.400324e+01 -1.240870e+00
      endloop
   endfacet
   facet normal 4.295540e-01 -4.045431e-01 8.073588e-01
      outer loop
         vertex -1.218430e+01 6.320692e+01 -1.539354e+00
         vertex -1.199535e+01 6.400324e+01 -1.240870e+00
         vertex -1.222551e+01 6.399009e+01 -1.125006e+00
      endloop
   endfacet
   facet normal 4.293625e-01 -4.057852e-01 8.068372e-01
      outer loop
         vertex -1.222551e+01 6.399009e+01 -1.125006e+00
         vertex -1.199535e+01 6.400324e+01 -1.240870e+00
         vertex -1.223863e+01 6.478143e+01 -7.200312e-01
      endloop
   endfacet
   facet normal -4.279368e-01 -1.848267e-01 8.847085e-01
      outer loop
         vertex -1.185716e+01 1.078885e+02 -3.914921e+00
         vertex -1.189280e+01 1.078836e+02 -3.933172e+00
         vertex -1.178510e+01 1.074909e+02 -3.963111e+00
      endloop
   endfacet
   facet normal -3.816448e-01 -1.738909e-01 9.078046e-01
      outer loop
         vertex -1.178510e+01 1.074909e+02 -3.963111e+00
         vertex -1.189280e+01 1.078836e+02 -3.933172e+00
         vertex -1.182488e+01 1.074853e+02 -3.980920e+00
      endloop
   endfacet
   facet normal -3.950016e-01 -9.775056e-02 9.134652e-01
      outer loop
         vertex -1.178510e+01 1.074909e+02 -3.963111e+00
         vertex -1.182488e+01 1.074853e+02 -3.980920e+00
         vertex -1.170961e+01 1.070899e+02 -3.973383e+00
      endloop
   endfacet
   facet normal -3.333813e-01 -7.928943e-02 9.394520e-01
      outer loop
         vertex -1.170961e+01 1.070899e+02 -3.973383e+00
         vertex -1.182488e+01 1.074853e+02 -3.980920e+00
         vertex -1.176218e+01 1.070821e+02 -3.992699e+00
      endloop
   endfacet
   facet normal -3.450424e-01 1.131555e-03 9.385864e-01
      outer loop
         vertex -1.170961e+01 1.070899e+02 -3.973383e+00
         vertex -1.176218e+01 1.070821e+02 -3.992699e+00
         vertex -1.163532e+01 1.066884e+02 -3.945590e+00
      endloop
   endfacet
   facet normal -3.116857e-01 1.325786e-02 9.500928e-01
      outer loop
         vertex -1.163532e+01 1.066884e+02 -3.945590e+00
         vertex -1.176218e+01 1.070821e+02 -3.992699e+00
         vertex -1.170468e+01 1.066779e+02 -3.968196e+00
      endloop
   endfacet
   facet normal -3.210363e-01 9.016192e-02 9.427654e-01
      outer loop
         vertex -1.163532e+01 1.066884e+02 -3.945590e+00
         vertex -1.170468e+01 1.066779e+02 -3.968196e+00
         vertex -1.156413e+01 1.062880e+02 -3.883050e+00
      endloop
   endfacet
   facet normal -3.123920e-01 9.383380e-02 9.453076e-01
      outer loop
         vertex -1.156413e+01 1.062880e+02 -3.883050e+00
         vertex -1.170468e+01 1.066779e+02 -3.968196e+00
         vertex -1.165117e+01 1.062746e+02 -3.910487e+00
      endloop
   endfacet
   facet normal -3.211268e-01 1.841055e-01 9.289687e-01
      outer loop
         vertex -1.156413e+01 1.062880e+02 -3.883050e+00
         vertex -1.165117e+01 1.062746e+02 -3.910487e+00
         vertex -1.142909e+01 1.054910e+02 -3.678418e+00
      endloop
   endfacet
   facet normal -3.418012e-01 1.764933e-01 9.230504e-01
      outer loop
         vertex -1.142909e+01 1.054910e+02 -3.678418e+00
         vertex -1.165117e+01 1.062746e+02 -3.910487e+00
         vertex -1.154785e+01 1.054729e+02 -3.718939e+00
      endloop
   endfacet
   facet normal -3.458429e-01 2.372052e-01 9.078141e-01
      outer loop
         vertex -1.142909e+01 1.054910e+02 -3.678418e+00
         vertex -1.154785e+01 1.054729e+02 -3.718939e+00
         vertex -1.129151e+01 1.046946e+02 -3.417910e+00
      endloop
   endfacet
   facet normal -3.830203e-01 2.207676e-01 8.969711e-01
      outer loop
         vertex -1.129151e+01 1.046946e+02 -3.417910e+00
         vertex -1.154785e+01 1.054729e+02 -3.718939e+00
         vertex -1.143509e+01 1.046734e+02 -3.473997e+00
      endloop
   endfacet
   facet normal -3.829835e-01 2.199404e-01 8.971900e-01
      outer loop
         vertex -1.129151e+01 1.046946e+02 -3.417910e+00
         vertex -1.143509e+01 1.046734e+02 -3.473997e+00
         vertex -1.098470e+01 1.030912e+02 -2.893889e+00
      endloop
   endfacet
   facet normal -4.394493e-01 1.963006e-01 8.765560e-01
      outer loop
         vertex -1.098470e+01 1.030912e+02 -2.893889e+00
         vertex -1.143509e+01 1.046734e+02 -3.473997e+00
         vertex -1.117153e+01 1.030654e+02 -2.981762e+00
      endloop
   endfacet
   facet normal -4.400662e-01 2.279456e-01 8.685520e-01
      outer loop
         vertex -1.098470e+01 1.030912e+02 -2.893889e+00
         vertex -1.117153e+01 1.030654e+02 -2.981762e+00
         vertex -1.071956e+01 1.015105e+02 -2.344694e+00
      endloop
   endfacet
   facet normal -4.789440e-01 2.100083e-01 8.523551e-01
      outer loop
         vertex -1.071956e+01 1.015105e+02 -2.344694e+00
         vertex -1.117153e+01 1.030654e+02 -2.981762e+00
         vertex -1.094602e+01 1.014801e+02 -2.464446e+00
      endloop
   endfacet
   facet normal -4.789540e-01 2.160328e-01 8.508424e-01
      outer loop
         vertex -1.071956e+01 1.015105e+02 -2.344694e+00
         vertex -1.094602e+01 1.014801e+02 -2.464446e+00
         vertex -1.044949e+01 9.993331e+01 -1.792216e+00
      endloop
   endfacet
   facet normal -5.099189e-01 1.999314e-01 8.366661e-01
      outer loop
         vertex -1.044949e+01 9.993331e+01 -1.792216e+00
         vertex -1.094602e+01 1.014801e+02 -2.464446e+00
         vertex -1.071132e+01 9.989899e+01 -1.943588e+00
      endloop
   endfacet
   facet normal -5.099435e-01 1.920175e-01 8.385028e-01
      outer loop
         vertex -1.044949e+01 9.993331e+01 -1.792216e+00
         vertex -1.071132e+01 9.989899e+01 -1.943588e+00
         vertex -1.016288e+01 9.835292e+01 -1.255997e+00
      endloop
   endfacet
   facet normal -5.347468e-01 1.777095e-01 8.261145e-01
      outer loop
         vertex -1.016288e+01 9.835292e+01 -1.255997e+00
         vertex -1.071132e+01 9.989899e+01 -1.943588e+00
         vertex -1.045669e+01 9.831534e+01 -1.438100e+00
      endloop
   endfacet
   facet normal -5.347295e-01 1.812784e-01 8.253500e-01
      outer loop
         vertex -1.016288e+01 9.835292e+01 -1.255997e+00
         vertex -1.045669e+01 9.831534e+01 -1.438100e+00
         vertex -9.888894e+00 9.677868e+01 -7.327245e-01
      endloop
   endfacet
   facet normal -5.555120e-01 1.685065e-01 8.142555e-01
      outer loop
         vertex -9.888894e+00 9.677868e+01 -7.327245e-01
         vertex -1.045669e+01 9.831534e+01 -1.438100e+00
         vertex -1.021148e+01 9.673800e+01 -9.443843e-01
      endloop
   endfacet
   facet normal -5.554904e-01 1.713699e-01 8.136724e-01
      outer loop
         vertex -9.888894e+00 9.677868e+01 -7.327245e-01
         vertex -1.021148e+01 9.673800e+01 -9.443843e-01
         vertex -9.634575e+00 9.521001e+01 -2.287205e-01
      endloop
   endfacet
   facet normal -5.732581e-01 1.599493e-01 8.036114e-01
      outer loop
         vertex -9.634575e+00 9.521001e+01 -2.287205e-01
         vertex -1.021148e+01 9.673800e+01 -9.443843e-01
         vertex -9.982770e+00 9.516624e+01 -4.683942e-01
      endloop
   endfacet
   facet normal -5.731896e-01 1.273232e-01 8.094705e-01
      outer loop
         vertex -9.634575e+00 9.521001e+01 -2.287205e-01
         vertex -9.982770e+00 9.516624e+01 -4.683942e-01
         vertex -9.348874e+00 9.363776e+01 2.208880e-01
      endloop
   endfacet
   facet normal -5.869752e-01 1.177823e-01 8.009916e-01
      outer loop
         vertex -9.348874e+00 9.363776e+01 2.208880e-01
         vertex -9.982770e+00 9.516624e+01 -4.683942e-01
         vertex -9.720094e+00 9.359160e+01 -4.435860e-02
      endloop
   endfacet
   facet normal -5.868563e-01 1.098670e-01 8.022025e-01
      outer loop
         vertex -9.348874e+00 9.363776e+01 2.208880e-01
         vertex -9.720094e+00 9.359160e+01 -4.435860e-02
         vertex -9.068851e+00 9.216351e+01 6.276481e-01
      endloop
   endfacet
   facet normal -5.955069e-01 1.033225e-01 7.966781e-01
      outer loop
         vertex -9.068851e+00 9.216351e+01 6.276481e-01
         vertex -9.720094e+00 9.359160e+01 -4.435860e-02
         vertex -9.461152e+00 9.211760e+01 3.403623e-01
      endloop
   endfacet
   facet normal -5.956361e-01 1.379017e-01 7.913285e-01
      outer loop
         vertex -9.068851e+00 9.216351e+01 6.276481e-01
         vertex -9.461152e+00 9.211760e+01 3.403623e-01
         vertex -8.854229e+00 9.081744e+01 1.023770e+00
      endloop
   endfacet
   facet normal -6.002364e-01 1.342541e-01 7.884745e-01
      outer loop
         vertex -8.854229e+00 9.081744e+01 1.023770e+00
         vertex -9.461152e+00 9.211760e+01 3.403623e-01
         vertex -9.265378e+00 9.077496e+01 7.180100e-01
      endloop
   endfacet
   facet normal -5.989020e-01 1.800622e-01 7.803166e-01
      outer loop
         vertex -8.854229e+00 9.081744e+01 1.023770e+00
         vertex -9.265378e+00 9.077496e+01 7.180100e-01
         vertex -8.723347e+00 8.953421e+01 1.420336e+00
      endloop
   endfacet
   facet normal -6.015707e-01 1.780011e-01 7.787350e-01
      outer loop
         vertex -8.723347e+00 8.953421e+01 1.420336e+00
         vertex -9.265378e+00 9.077496e+01 7.180100e-01
         vertex -9.150236e+00 8.949739e+01 1.098980e+00
      endloop
   endfacet
   facet normal -5.997931e-01 2.061123e-01 7.731533e-01
      outer loop
         vertex -8.723347e+00 8.953421e+01 1.420336e+00
         vertex -9.150236e+00 8.949739e+01 1.098980e+00
         vertex -8.670832e+00 8.825616e+01 1.801786e+00
      endloop
   endfacet
   facet normal -6.028186e-01 2.039369e-01 7.713750e-01
      outer loop
         vertex -8.670832e+00 8.825616e+01 1.801786e+00
         vertex -9.150236e+00 8.949739e+01 1.098980e+00
         vertex -9.109481e+00 8.822551e+01 1.467090e+00
      endloop
   endfacet
   facet normal -6.021140e-01 2.121979e-01 7.696952e-01
      outer loop
         vertex -8.670832e+00 8.825616e+01 1.801786e+00
         vertex -9.109481e+00 8.822551e+01 1.467090e+00
         vertex -8.687454e+00 8.701941e+01 2.129744e+00
      endloop
   endfacet
   facet normal -6.063150e-01 2.093433e-01 7.671750e-01
      outer loop
         vertex -8.687454e+00 8.701941e+01 2.129744e+00
         vertex -9.109481e+00 8.822551e+01 1.467090e+00
         vertex -9.133587e+00 8.699393e+01 1.784107e+00
      endloop
   endfacet
   facet normal -6.029463e-01 2.410653e-01 7.604889e-01
      outer loop
         vertex -8.687454e+00 8.701941e+01 2.129744e+00
         vertex -9.133587e+00 8.699393e+01 1.784107e+00
         vertex -8.788063e+00 8.576748e+01 2.446823e+00
      endloop
   endfacet
   facet normal -6.070420e-01 2.385732e-01 7.580124e-01
      outer loop
         vertex -8.788063e+00 8.576748e+01 2.446823e+00
         vertex -9.133587e+00 8.699393e+01 1.784107e+00
         vertex -9.237651e+00 8.574775e+01 2.092987e+00
      endloop
   endfacet
   facet normal -6.045392e-01 2.576076e-01 7.537710e-01
      outer loop
         vertex -8.788063e+00 8.576748e+01 2.446823e+00
         vertex -9.237651e+00 8.574775e+01 2.092987e+00
         vertex -8.971960e+00 8.435792e+01 2.781060e+00
      endloop
   endfacet
   facet normal -6.065231e-01 2.566076e-01 7.525173e-01
      outer loop
         vertex -8.971960e+00 8.435792e+01 2.781060e+00
         vertex -9.237651e+00 8.574775e+01 2.092987e+00
         vertex -9.421357e+00 8.434762e+01 2.422364e+00
      endloop
   endfacet
   facet normal -6.089625e-01 2.398904e-01 7.560537e-01
      outer loop
         vertex -8.971960e+00 8.435792e+01 2.781060e+00
         vertex -9.421357e+00 8.434762e+01 2.422364e+00
         vertex -9.086591e+00 8.357442e+01 2.937331e+00
      endloop
   endfacet
   facet normal -6.087289e-01 2.400773e-01 7.561825e-01
      outer loop
         vertex -9.086591e+00 8.357442e+01 2.937331e+00
         vertex -9.421357e+00 8.434762e+01 2.422364e+00
         vertex -9.534664e+00 8.357077e+01 2.577791e+00
      endloop
   endfacet
   facet normal -6.123699e-01 2.142646e-01 7.609821e-01
      outer loop
         vertex -9.086591e+00 8.357442e+01 2.937331e+00
         vertex -9.534664e+00 8.357077e+01 2.577791e+00
         vertex -9.210847e+00 8.273999e+01 3.072285e+00
      endloop
   endfacet
   facet normal -6.112684e-01 2.150834e-01 7.616365e-01
      outer loop
         vertex -9.210847e+00 8.273999e+01 3.072285e+00
         vertex -9.534664e+00 8.357077e+01 2.577791e+00
         vertex -9.656841e+00 8.274429e+01 2.713131e+00
      endloop
   endfacet
   facet normal -6.155554e-01 1.829028e-01 7.665755e-01
      outer loop
         vertex -9.210847e+00 8.273999e+01 3.072285e+00
         vertex -9.656841e+00 8.274429e+01 2.713131e+00
         vertex -9.341660e+00 8.186322e+01 3.176438e+00
      endloop
   endfacet
   facet normal -6.137008e-01 1.841862e-01 7.677544e-01
      outer loop
         vertex -9.341660e+00 8.186322e+01 3.176438e+00
         vertex -9.656841e+00 8.274429e+01 2.713131e+00
         vertex -9.784850e+00 8.187653e+01 2.818984e+00
      endloop
   endfacet
   facet normal -6.178819e-01 1.507095e-01 7.716921e-01
      outer loop
         vertex -9.341660e+00 8.186322e+01 3.176438e+00
         vertex -9.784850e+00 8.187653e+01 2.818984e+00
         vertex -9.477928e+00 8.095862e+01 3.243997e+00
      endloop
   endfacet
   facet normal -6.154483e-01 1.522801e-01 7.733267e-01
      outer loop
         vertex -9.477928e+00 8.095862e+01 3.243997e+00
         vertex -9.784850e+00 8.187653e+01 2.818984e+00
         vertex -9.917597e+00 8.098156e+01 2.889571e+00
      endloop
   endfacet
   facet normal -6.188311e-01 1.239226e-01 7.756876e-01
      outer loop
         vertex -9.477928e+00 8.095862e+01 3.243997e+00
         vertex -9.917597e+00 8.098156e+01 2.889571e+00
         vertex -9.621448e+00 8.004653e+01 3.275214e+00
      endloop
   endfacet
   facet normal -6.159920e-01 1.256389e-01 7.776688e-01
      outer loop
         vertex -9.621448e+00 8.004653e+01 3.275214e+00
         vertex -9.917597e+00 8.098156e+01 2.889571e+00
         vertex -1.005686e+01 8.007903e+01 2.925072e+00
      endloop
   endfacet
   facet normal -6.180788e-01 1.081529e-01 7.786408e-01
      outer loop
         vertex -9.621448e+00 8.004653e+01 3.275214e+00
         vertex -1.005686e+01 8.007903e+01 2.925072e+00
         vertex -9.776403e+00 7.914908e+01 3.276866e+00
      endloop
   endfacet
   facet normal -6.150025e-01 1.099080e-01 7.808278e-01
      outer loop
         vertex -9.776403e+00 7.914908e+01 3.276866e+00
         vertex -1.005686e+01 8.007903e+01 2.925072e+00
         vertex -1.020676e+01 7.919030e+01 2.932101e+00
      endloop
   endfacet
   facet normal -6.172971e-01 9.107571e-02 7.814407e-01
      outer loop
         vertex -9.776403e+00 7.914908e+01 3.276866e+00
         vertex -1.020676e+01 7.919030e+01 2.932101e+00
         vertex -9.940825e+00 7.826469e+01 3.250056e+00
      endloop
   endfacet
   facet normal -6.140496e-01 9.281609e-02 7.837910e-01
      outer loop
         vertex -9.940825e+00 7.826469e+01 3.250056e+00
         vertex -1.020676e+01 7.919030e+01 2.932101e+00
         vertex -1.036521e+01 7.831430e+01 2.911705e+00
      endloop
   endfacet
   facet normal -6.169627e-01 6.903692e-02 7.839585e-01
      outer loop
         vertex -9.940825e+00 7.826469e+01 3.250056e+00
         vertex -1.036521e+01 7.831430e+01 2.911705e+00
         vertex -1.011213e+01 7.738487e+01 3.192724e+00
      endloop
   endfacet
   facet normal -6.135251e-01 7.074150e-02 7.865002e-01
      outer loop
         vertex -1.011213e+01 7.738487e+01 3.192724e+00
         vertex -1.036521e+01 7.831430e+01 2.911705e+00
         vertex -1.052960e+01 7.744299e+01 2.861841e+00
      endloop
   endfacet
   facet normal -6.165447e-01 4.604486e-02 7.859724e-01
      outer loop
         vertex -1.011213e+01 7.738487e+01 3.192724e+00
         vertex -1.052960e+01 7.744299e+01 2.861841e+00
         vertex -1.029055e+01 7.650640e+01 3.104229e+00
      endloop
   endfacet
   facet normal -6.128092e-01 4.772703e-02 7.887883e-01
      outer loop
         vertex -1.029055e+01 7.650640e+01 3.104229e+00
         vertex -1.052960e+01 7.744299e+01 2.861841e+00
         vertex -1.070029e+01 7.657293e+01 2.781874e+00
      endloop
   endfacet
   facet normal -6.156800e-01 2.438199e-02 7.876190e-01
      outer loop
         vertex -1.029055e+01 7.650640e+01 3.104229e+00
         vertex -1.070029e+01 7.657293e+01 2.781874e+00
         vertex -1.047773e+01 7.562979e+01 2.985045e+00
      endloop
   endfacet
   facet normal -6.114235e-01 2.608750e-02 7.908734e-01
      outer loop
         vertex -1.047773e+01 7.562979e+01 2.985045e+00
         vertex -1.070029e+01 7.657293e+01 2.781874e+00
         vertex -1.087913e+01 7.570394e+01 2.672274e+00
      endloop
   endfacet
   facet normal -6.140974e-01 4.625819e-03 7.892167e-01
      outer loop
         vertex -1.047773e+01 7.562979e+01 2.985045e+00
         vertex -1.087913e+01 7.570394e+01 2.672274e+00
         vertex -1.067528e+01 7.475778e+01 2.836438e+00
      endloop
   endfacet
   facet normal -6.089933e-01 6.407869e-03 7.931495e-01
      outer loop
         vertex -1.067528e+01 7.475778e+01 2.836438e+00
         vertex -1.087913e+01 7.570394e+01 2.672274e+00
         vertex -1.106797e+01 7.483784e+01 2.534281e+00
      endloop
   endfacet
   facet normal -6.115770e-01 -1.415663e-02 7.910582e-01
      outer loop
         vertex -1.067528e+01 7.475778e+01 2.836438e+00
         vertex -1.106797e+01 7.483784e+01 2.534281e+00
         vertex -1.088332e+01 7.389379e+01 2.660136e+00
      endloop
   endfacet
   facet normal -6.052542e-01 -1.226950e-02 7.959377e-01
      outer loop
         vertex -1.088332e+01 7.389379e+01 2.660136e+00
         vertex -1.106797e+01 7.483784e+01 2.534281e+00
         vertex -1.126712e+01 7.397714e+01 2.369570e+00
      endloop
   endfacet
   facet normal -6.079644e-01 -3.419661e-02 7.932275e-01
      outer loop
         vertex -1.088332e+01 7.389379e+01 2.660136e+00
         vertex -1.126712e+01 7.397714e+01 2.369570e+00
         vertex -1.109905e+01 7.304035e+01 2.458001e+00
      endloop
   endfacet
   facet normal -6.000733e-01 -3.220797e-02 7.992964e-01
      outer loop
         vertex -1.109905e+01 7.304035e+01 2.458001e+00
         vertex -1.126712e+01 7.397714e+01 2.369570e+00
         vertex -1.147393e+01 7.312366e+01 2.179920e+00
      endloop
   endfacet
   facet normal -6.031449e-01 -5.883908e-02 7.954585e-01
      outer loop
         vertex -1.109905e+01 7.304035e+01 2.458001e+00
         vertex -1.147393e+01 7.312366e+01 2.179920e+00
         vertex -1.131529e+01 7.219759e+01 2.231707e+00
      endloop
   endfacet
   facet normal -5.934292e-01 -5.675958e-02 8.028824e-01
      outer loop
         vertex -1.131529e+01 7.219759e+01 2.231707e+00
         vertex -1.147393e+01 7.312366e+01 2.179920e+00
         vertex -1.168121e+01 7.227732e+01 1.966883e+00
      endloop
   endfacet
   facet normal -5.968966e-01 -9.220509e-02 7.970023e-01
      outer loop
         vertex -1.131529e+01 7.219759e+01 2.231707e+00
         vertex -1.168121e+01 7.227732e+01 1.966883e+00
         vertex -1.151903e+01 7.136166e+01 1.982410e+00
      endloop
   endfacet
   facet normal -5.852862e-01 -8.999921e-02 8.058165e-01
      outer loop
         vertex -1.151903e+01 7.136166e+01 1.982410e+00
         vertex -1.168121e+01 7.227732e+01 1.966883e+00
         vertex -1.187579e+01 7.143475e+01 1.731446e+00
      endloop
   endfacet
   facet normal -5.886197e-01 -1.382677e-01 7.964979e-01
      outer loop
         vertex -1.151903e+01 7.136166e+01 1.982410e+00
         vertex -1.187579e+01 7.143475e+01 1.731446e+00
         vertex -1.169012e+01 7.052326e+01 1.710429e+00
      endloop
   endfacet
   facet normal -5.755057e-01 -1.358256e-01 8.064394e-01
      outer loop
         vertex -1.169012e+01 7.052326e+01 1.710429e+00
         vertex -1.187579e+01 7.143475e+01 1.731446e+00
         vertex -1.203712e+01 7.058805e+01 1.473708e+00
      endloop
   endfacet
   facet normal -5.772223e-01 -1.886708e-01 7.944921e-01
      outer loop
         vertex -1.169012e+01 7.052326e+01 1.710429e+00
         vertex -1.203712e+01 7.058805e+01 1.473708e+00
         vertex -1.181864e+01 6.967732e+01 1.416167e+00
      endloop
   endfacet
   facet normal -5.633967e-01 -1.860162e-01 8.049734e-01
      outer loop
         vertex -1.181864e+01 6.967732e+01 1.416167e+00
         vertex -1.203712e+01 7.058805e+01 1.473708e+00
         vertex -1.215483e+01 6.973375e+01 1.193906e+00
      endloop
   endfacet
   facet normal -5.633265e-01 -2.262948e-01 7.946407e-01
      outer loop
         vertex -1.181864e+01 6.967732e+01 1.416167e+00
         vertex -1.215483e+01 6.973375e+01 1.193906e+00
         vertex -1.192390e+01 6.883510e+01 1.101704e+00
      endloop
   endfacet
   facet normal -5.488544e-01 -2.236831e-01 8.054345e-01
      outer loop
         vertex -1.192390e+01 6.883510e+01 1.101704e+00
         vertex -1.215483e+01 6.973375e+01 1.193906e+00
         vertex -1.224820e+01 6.888340e+01 8.941307e-01
      endloop
   endfacet
   facet normal -5.473345e-01 -2.689071e-01 7.925364e-01
      outer loop
         vertex -1.192390e+01 6.883510e+01 1.101704e+00
         vertex -1.224820e+01 6.888340e+01 8.941307e-01
         vertex -1.210172e+01 6.718513e+01 4.190638e-01
      endloop
   endfacet
   facet normal -5.153872e-01 -2.717959e-01 8.127134e-01
      outer loop
         vertex -1.210172e+01 6.718513e+01 4.190638e-01
         vertex -1.224820e+01 6.888340e+01 8.941307e-01
         vertex -1.239898e+01 6.721784e+01 2.414964e-01
      endloop
   endfacet
   facet normal -5.118386e-01 -3.170563e-01 7.984338e-01
      outer loop
         vertex -1.210172e+01 6.718513e+01 4.190638e-01
         vertex -1.239898e+01 6.721784e+01 2.414964e-01
         vertex -1.217155e+01 6.637729e+01 5.350670e-02
      endloop
   endfacet
   facet normal -4.944428e-01 -3.149671e-01 8.101371e-01
      outer loop
         vertex -1.217155e+01 6.637729e+01 5.350670e-02
         vertex -1.239898e+01 6.721784e+01 2.414964e-01
         vertex -1.245368e+01 6.640261e+01 -1.088373e-01
      endloop
   endfacet
   facet normal -4.906432e-01 -3.496786e-01 7.981191e-01
      outer loop
         vertex -1.217155e+01 6.637729e+01 5.350670e-02
         vertex -1.245368e+01 6.640261e+01 -1.088373e-01
         vertex -1.221957e+01 6.557701e+01 -3.266351e-01
      endloop
   endfacet
   facet normal -4.719349e-01 -3.475685e-01 8.102306e-01
      outer loop
         vertex -1.221957e+01 6.557701e+01 -3.266351e-01
         vertex -1.245368e+01 6.640261e+01 -1.088373e-01
         vertex -1.248549e+01 6.559528e+01 -4.736895e-01
      endloop
   endfacet
   facet normal -4.670558e-01 -3.829148e-01 7.970164e-01
      outer loop
         vertex -1.221957e+01 6.557701e+01 -3.266351e-01
         vertex -1.248549e+01 6.559528e+01 -4.736895e-01
         vertex -1.223863e+01 6.478143e+01 -7.200312e-01
      endloop
   endfacet
   facet normal -4.469341e-01 -3.806083e-01 8.095599e-01
      outer loop
         vertex -1.223863e+01 6.478143e+01 -7.200312e-01
         vertex -1.248549e+01 6.559528e+01 -4.736895e-01
         vertex -1.248724e+01 6.479312e+01 -8.517820e-01
      endloop
   endfacet
   facet normal -4.412706e-01 -4.146030e-01 7.958547e-01
      outer loop
         vertex -1.223863e+01 6.478143e+01 -7.200312e-01
         vertex -1.248724e+01 6.479312e+01 -8.517820e-01
         vertex -1.222551e+01 6.399009e+01 -1.125006e+00
      endloop
   endfacet
   facet normal -4.197531e-01 -4.119783e-01 8.087529e-01
      outer loop
         vertex -1.222551e+01 6.399009e+01 -1.125006e+00
         vertex -1.248724e+01 6.479312e+01 -8.517820e-01
         vertex -1.245567e+01 6.399596e+01 -1.241468e+00
      endloop
   endfacet
   facet normal -4.138280e-01 -4.426441e-01 7.954952e-01
      outer loop
         vertex -1.222551e+01 6.399009e+01 -1.125006e+00
         vertex -1.245567e+01 6.399596e+01 -1.241468e+00
         vertex -1.218430e+01 6.320692e+01 -1.539354e+00
      endloop
   endfacet
   facet normal -3.910531e-01 -4.397308e-01 8.085260e-01
      outer loop
         vertex -1.218430e+01 6.320692e+01 -1.539354e+00
         vertex -1.245567e+01 6.399596e+01 -1.241468e+00
         vertex -1.239481e+01 6.320810e+01 -1.640531e+00
      endloop
   endfacet
   facet normal -3.854523e-01 -4.657279e-01 7.965702e-01
      outer loop
         vertex -1.218430e+01 6.320692e+01 -1.539354e+00
         vertex -1.239481e+01 6.320810e+01 -1.640531e+00
         vertex -1.212988e+01 6.244217e+01 -1.960145e+00
      endloop
   endfacet
   facet normal -3.618241e-01 -4.628402e-01 8.092356e-01
      outer loop
         vertex -1.212988e+01 6.244217e+01 -1.960145e+00
         vertex -1.239481e+01 6.320810e+01 -1.640531e+00
         vertex -1.231947e+01 6.244030e+01 -2.045982e+00
      endloop
   endfacet
   facet normal -3.565753e-01 -4.856233e-01 7.981379e-01
      outer loop
         vertex -1.212988e+01 6.244217e+01 -1.960145e+00
         vertex -1.231947e+01 6.244030e+01 -2.045982e+00
         vertex -1.204795e+01 6.098239e+01 -2.811740e+00
      endloop
   endfacet
   facet normal -2.969201e-01 -4.867883e-01 8.215081e-01
      outer loop
         vertex -1.204795e+01 6.098239e+01 -2.811740e+00
         vertex -1.231947e+01 6.244030e+01 -2.045982e+00
         vertex -1.219361e+01 6.097950e+01 -2.866096e+00
      endloop
   endfacet
   facet normal -2.997456e-01 -4.732537e-01 8.283619e-01
      outer loop
         vertex -1.204795e+01 6.098239e+01 -2.811740e+00
         vertex -1.219361e+01 6.097950e+01 -2.866096e+00
         vertex -1.200085e+01 6.023584e+01 -3.221211e+00
      endloop
   endfacet
   facet normal -2.612093e-01 -4.702506e-01 8.429912e-01
      outer loop
         vertex -1.200085e+01 6.023584e+01 -3.221211e+00
         vertex -1.219361e+01 6.097950e+01 -2.866096e+00
         vertex -1.212148e+01 6.023284e+01 -3.260260e+00
      endloop
   endfacet
   facet normal -2.708302e-01 -4.151858e-01 8.684882e-01
      outer loop
         vertex -1.200085e+01 6.023584e+01 -3.221211e+00
         vertex -1.212148e+01 6.023284e+01 -3.260260e+00
         vertex -1.195028e+01 5.946999e+01 -3.571555e+00
      endloop
   endfacet
   facet normal -2.493875e-01 -4.133408e-01 8.757598e-01
      outer loop
         vertex -1.195028e+01 5.946999e+01 -3.571555e+00
         vertex -1.212148e+01 6.023284e+01 -3.260260e+00
         vertex -1.203873e+01 5.946741e+01 -3.597964e+00
      endloop
   endfacet
   facet normal -2.601844e-01 -3.378297e-01 9.045304e-01
      outer loop
         vertex -1.195028e+01 5.946999e+01 -3.571555e+00
         vertex -1.203873e+01 5.946741e+01 -3.597964e+00
         vertex -1.192638e+01 5.908190e+01 -3.709627e+00
      endloop
   endfacet
   facet normal -2.695594e-01 -3.395755e-01 9.011250e-01
      outer loop
         vertex -1.192638e+01 5.908190e+01 -3.709627e+00
         vertex -1.203873e+01 5.946741e+01 -3.597964e+00
         vertex -1.199678e+01 5.907989e+01 -3.731448e+00
      endloop
   endfacet
   facet normal -2.784510e-01 -2.656733e-01 9.229749e-01
      outer loop
         vertex -1.192638e+01 5.908190e+01 -3.709627e+00
         vertex -1.199678e+01 5.907989e+01 -3.731448e+00
         vertex -1.190389e+01 5.869024e+01 -3.815581e+00
      endloop
   endfacet
   facet normal -3.139006e-01 -2.712954e-01 9.098710e-01
      outer loop
         vertex -1.190389e+01 5.869024e+01 -3.815581e+00
         vertex -1.199678e+01 5.907989e+01 -3.731448e+00
         vertex -1.195712e+01 5.868896e+01 -3.834325e+00
      endloop
   endfacet
   facet normal -3.228348e-01 -1.804740e-01 9.290892e-01
      outer loop
         vertex -1.190389e+01 5.869024e+01 -3.815581e+00
         vertex -1.195712e+01 5.868896e+01 -3.834325e+00
         vertex -1.188174e+01 5.829295e+01 -3.885056e+00
      endloop
   endfacet
   facet normal -3.874341e-01 -1.893324e-01 9.022461e-01
      outer loop
         vertex -1.188174e+01 5.829295e+01 -3.885056e+00
         vertex -1.195712e+01 5.868896e+01 -3.834325e+00
         vertex -1.192193e+01 5.829239e+01 -3.902434e+00
      endloop
   endfacet
   facet normal -3.941038e-01 -9.145327e-02 9.145045e-01
      outer loop
         vertex -1.188174e+01 5.829295e+01 -3.885056e+00
         vertex -1.192193e+01 5.829239e+01 -3.902434e+00
         vertex -1.185716e+01 5.788568e+01 -3.915193e+00
      endloop
   endfacet
   facet normal -4.395197e-01 -9.800746e-02 8.928701e-01
      outer loop
         vertex -1.185716e+01 5.788568e+01 -3.915193e+00
         vertex -1.192193e+01 5.829239e+01 -3.902434e+00
         vertex -1.189333e+01 5.788536e+01 -3.933033e+00
      endloop
   endfacet
   facet normal -8.304725e-01 -1.090000e-01 5.462915e-01
      outer loop
         vertex -1.192704e+01 5.788850e+01 -3.983648e+00
         vertex -1.189333e+01 5.788536e+01 -3.933033e+00
         vertex -1.195939e+01 5.829515e+01 -3.951688e+00
      endloop
   endfacet
   facet normal -7.946414e-01 -1.008408e-01 5.986452e-01
      outer loop
         vertex -1.195939e+01 5.829515e+01 -3.951688e+00
         vertex -1.189333e+01 5.788536e+01 -3.933033e+00
         vertex -1.192193e+01 5.829239e+01 -3.902434e+00
      endloop
   endfacet
   facet normal -7.866574e-01 -1.894124e-01 5.876165e-01
      outer loop
         vertex -1.195939e+01 5.829515e+01 -3.951688e+00
         vertex -1.192193e+01 5.829239e+01 -3.902434e+00
         vertex -1.200673e+01 5.869145e+01 -3.887319e+00
      endloop
   endfacet
   facet normal -7.224657e-01 -1.788126e-01 6.678843e-01
      outer loop
         vertex -1.200673e+01 5.869145e+01 -3.887319e+00
         vertex -1.192193e+01 5.829239e+01 -3.902434e+00
         vertex -1.195712e+01 5.868896e+01 -3.834325e+00
      endloop
   endfacet
   facet normal -7.111947e-01 -2.589166e-01 6.535781e-01
      outer loop
         vertex -1.200673e+01 5.869145e+01 -3.887319e+00
         vertex -1.195712e+01 5.868896e+01 -3.834325e+00
         vertex -1.206239e+01 5.908235e+01 -3.793035e+00
      endloop
   endfacet
   facet normal -6.673209e-01 -2.521319e-01 7.007941e-01
      outer loop
         vertex -1.206239e+01 5.908235e+01 -3.793035e+00
         vertex -1.195712e+01 5.868896e+01 -3.834325e+00
         vertex -1.199678e+01 5.907989e+01 -3.731448e+00
      endloop
   endfacet
   facet normal -6.562714e-01 -3.128831e-01 6.865945e-01
      outer loop
         vertex -1.206239e+01 5.908235e+01 -3.793035e+00
         vertex -1.199678e+01 5.907989e+01 -3.731448e+00
         vertex -1.212115e+01 5.947017e+01 -3.672473e+00
      endloop
   endfacet
   facet normal -6.431052e-01 -3.107003e-01 6.999150e-01
      outer loop
         vertex -1.212115e+01 5.947017e+01 -3.672473e+00
         vertex -1.199678e+01 5.907989e+01 -3.731448e+00
         vertex -1.203873e+01 5.946741e+01 -3.597964e+00
      endloop
   endfacet
   facet normal -6.316270e-01 -3.625107e-01 6.852980e-01
      outer loop
         vertex -1.212115e+01 5.947017e+01 -3.672473e+00
         vertex -1.203873e+01 5.946741e+01 -3.597964e+00
         vertex -1.223389e+01 6.023725e+01 -3.370606e+00
      endloop
   endfacet
   facet normal -6.602733e-01 -3.617573e-01 6.581571e-01
      outer loop
         vertex -1.223389e+01 6.023725e+01 -3.370606e+00
         vertex -1.203873e+01 5.946741e+01 -3.597964e+00
         vertex -1.212148e+01 6.023284e+01 -3.260260e+00
      endloop
   endfacet
   facet normal -6.535184e-01 -3.874140e-01 6.502493e-01
      outer loop
         vertex -1.223389e+01 6.023725e+01 -3.370606e+00
         vertex -1.212148e+01 6.023284e+01 -3.260260e+00
         vertex -1.232935e+01 6.098685e+01 -3.019938e+00
      endloop
   endfacet
   facet normal -7.012059e-01 -3.846410e-01 6.003013e-01
      outer loop
         vertex -1.232935e+01 6.098685e+01 -3.019938e+00
         vertex -1.212148e+01 6.023284e+01 -3.260260e+00
         vertex -1.219361e+01 6.097950e+01 -2.866096e+00
      endloop
   endfacet
   facet normal -7.027741e-01 -3.791690e-01 6.019464e-01
      outer loop
         vertex -1.232935e+01 6.098685e+01 -3.019938e+00
         vertex -1.219361e+01 6.097950e+01 -2.866096e+00
         vertex -1.249614e+01 6.245554e+01 -2.289534e+00
      endloop
   endfacet
   facet normal -7.644919e-01 -3.644009e-01 5.317557e-01
      outer loop
         vertex -1.249614e+01 6.245554e+01 -2.289534e+00
         vertex -1.219361e+01 6.097950e+01 -2.866096e+00
         vertex -1.231947e+01 6.244030e+01 -2.045982e+00
      endloop
   endfacet
   facet normal -7.697295e-01 -3.455948e-01 5.367315e-01
      outer loop
         vertex -1.249614e+01 6.245554e+01 -2.289534e+00
         vertex -1.231947e+01 6.244030e+01 -2.045982e+00
         vertex -1.259098e+01 6.322750e+01 -1.928490e+00
      endloop
   endfacet
   facet normal -7.857058e-01 -3.473908e-01 5.118457e-01
      outer loop
         vertex -1.259098e+01 6.322750e+01 -1.928490e+00
         vertex -1.231947e+01 6.244030e+01 -2.045982e+00
         vertex -1.239481e+01 6.320810e+01 -1.640531e+00
      endloop
   endfacet
   facet normal -7.947829e-01 -3.122625e-01 5.203962e-01
      outer loop
         vertex -1.259098e+01 6.322750e+01 -1.928490e+00
         vertex -1.239481e+01 6.320810e+01 -1.640531e+00
         vertex -1.267014e+01 6.401980e+01 -1.573974e+00
      endloop
   endfacet
   facet normal -8.077287e-01 -3.148533e-01 4.984393e-01
      outer loop
         vertex -1.267014e+01 6.401980e+01 -1.573974e+00
         vertex -1.239481e+01 6.320810e+01 -1.640531e+00
         vertex -1.245567e+01 6.399596e+01 -1.241468e+00
      endloop
   endfacet
   facet normal -8.181293e-01 -2.685640e-01 5.084661e-01
      outer loop
         vertex -1.267014e+01 6.401980e+01 -1.573974e+00
         vertex -1.245567e+01 6.399596e+01 -1.241468e+00
         vertex -1.271891e+01 6.482167e+01 -1.228903e+00
      endloop
   endfacet
   facet normal -8.290415e-01 -2.717424e-01 4.887189e-01
      outer loop
         vertex -1.271891e+01 6.482167e+01 -1.228903e+00
         vertex -1.245567e+01 6.399596e+01 -1.241468e+00
         vertex -1.248724e+01 6.479312e+01 -8.517820e-01
      endloop
   endfacet
   facet normal -8.383856e-01 -2.209073e-01 4.983066e-01
      outer loop
         vertex -1.271891e+01 6.482167e+01 -1.228903e+00
         vertex -1.248724e+01 6.479312e+01 -8.517820e-01
         vertex -1.273329e+01 6.562866e+01 -8.953413e-01
      endloop
   endfacet
   facet normal -8.477779e-01 -2.246044e-01 4.804431e-01
      outer loop
         vertex -1.273329e+01 6.562866e+01 -8.953413e-01
         vertex -1.248724e+01 6.479312e+01 -8.517820e-01
         vertex -1.248549e+01 6.559528e+01 -4.736895e-01
      endloop
   endfacet
   facet normal -8.547948e-01 -1.752708e-01 4.884731e-01
      outer loop
         vertex -1.273329e+01 6.562866e+01 -8.953413e-01
         vertex -1.248549e+01 6.559528e+01 -4.736895e-01
         vertex -1.271659e+01 6.644075e+01 -5.747305e-01
      endloop
   endfacet
   facet normal -8.629833e-01 -1.794428e-01 4.722925e-01
      outer loop
         vertex -1.271659e+01 6.644075e+01 -5.747305e-01
         vertex -1.248549e+01 6.559528e+01 -4.736895e-01
         vertex -1.245368e+01 6.640261e+01 -1.088373e-01
      endloop
   endfacet
   facet normal -8.675375e-01 -1.359901e-01 4.784196e-01
      outer loop
         vertex -1.271659e+01 6.644075e+01 -5.747305e-01
         vertex -1.245368e+01 6.640261e+01 -1.088373e-01
         vertex -1.267598e+01 6.726038e+01 -2.681185e-01
      endloop
   endfacet
   facet normal -8.747484e-01 -1.405855e-01 4.637358e-01
      outer loop
         vertex -1.267598e+01 6.726038e+01 -2.681185e-01
         vertex -1.245368e+01 6.640261e+01 -1.088373e-01
         vertex -1.239898e+01 6.721784e+01 2.414964e-01
      endloop
   endfacet
   facet normal -8.780076e-01 -9.339917e-02 4.694458e-01
      outer loop
         vertex -1.267598e+01 6.726038e+01 -2.681185e-01
         vertex -1.239898e+01 6.721784e+01 2.414964e-01
         vertex -1.255039e+01 6.893283e+01 2.995146e-01
      endloop
   endfacet
   facet normal -8.906793e-01 -9.368668e-02 4.448744e-01
      outer loop
         vertex -1.255039e+01 6.893283e+01 2.995146e-01
         vertex -1.239898e+01 6.721784e+01 2.414964e-01
         vertex -1.224820e+01 6.888340e+01 8.941307e-01
      endloop
   endfacet
   facet normal -8.920308e-01 -5.027068e-02 4.491702e-01
      outer loop
         vertex -1.255039e+01 6.893283e+01 2.995146e-01
         vertex -1.224820e+01 6.888340e+01 8.941307e-01
         vertex -1.246812e+01 6.978562e+01 5.583506e-01
      endloop
   endfacet
   facet normal -8.973507e-01 -5.580829e-02 4.377753e-01
      outer loop
         vertex -1.246812e+01 6.978562e+01 5.583506e-01
         vertex -1.224820e+01 6.888340e+01 8.941307e-01
         vertex -1.215483e+01 6.973375e+01 1.193906e+00
      endloop
   endfacet
   facet normal -8.972493e-01 -1.092419e-02 4.413891e-01
      outer loop
         vertex -1.246812e+01 6.978562e+01 5.583506e-01
         vertex -1.215483e+01 6.973375e+01 1.193906e+00
         vertex -1.236048e+01 7.064202e+01 7.983598e-01
      endloop
   endfacet
   facet normal -9.023404e-01 -1.673222e-02 4.306991e-01
      outer loop
         vertex -1.236048e+01 7.064202e+01 7.983598e-01
         vertex -1.215483e+01 6.973375e+01 1.193906e+00
         vertex -1.203712e+01 7.058805e+01 1.473708e+00
      endloop
   endfacet
   facet normal -8.993218e-01 4.913757e-02 4.345180e-01
      outer loop
         vertex -1.236048e+01 7.064202e+01 7.983598e-01
         vertex -1.203712e+01 7.058805e+01 1.473708e+00
         vertex -1.220824e+01 7.149072e+01 1.017460e+00
      endloop
   endfacet
   facet normal -9.044034e-01 4.310828e-02 4.244952e-01
      outer loop
         vertex -1.220824e+01 7.149072e+01 1.017460e+00
         vertex -1.203712e+01 7.058805e+01 1.473708e+00
         vertex -1.187579e+01 7.143475e+01 1.731446e+00
      endloop
   endfacet
   facet normal -8.991944e-01 9.819667e-02 4.263881e-01
      outer loop
         vertex -1.220824e+01 7.149072e+01 1.017460e+00
         vertex -1.187579e+01 7.143475e+01 1.731446e+00
         vertex -1.202219e+01 7.233340e+01 1.215755e+00
      endloop
   endfacet
   facet normal -9.040806e-01 9.218591e-02 4.173008e-01
      outer loop
         vertex -1.202219e+01 7.233340e+01 1.215755e+00
         vertex -1.187579e+01 7.143475e+01 1.731446e+00
         vertex -1.168121e+01 7.227732e+01 1.966883e+00
      endloop
   endfacet
   facet normal -8.999818e-01 1.242811e-01 4.178361e-01
      outer loop
         vertex -1.202219e+01 7.233340e+01 1.215755e+00
         vertex -1.168121e+01 7.227732e+01 1.966883e+00
         vertex -1.182325e+01 7.317623e+01 1.393556e+00
      endloop
   endfacet
   facet normal -9.044967e-01 1.183903e-01 4.097187e-01
      outer loop
         vertex -1.182325e+01 7.317623e+01 1.393556e+00
         vertex -1.168121e+01 7.227732e+01 1.966883e+00
         vertex -1.147393e+01 7.312366e+01 2.179920e+00
      endloop
   endfacet
   facet normal -9.020185e-01 1.358001e-01 4.097815e-01
      outer loop
         vertex -1.182325e+01 7.317623e+01 1.393556e+00
         vertex -1.147393e+01 7.312366e+01 2.179920e+00
         vertex -1.162476e+01 7.402208e+01 1.550158e+00
      endloop
   endfacet
   facet normal -9.060819e-01 1.300888e-01 4.026070e-01
      outer loop
         vertex -1.162476e+01 7.402208e+01 1.550158e+00
         vertex -1.147393e+01 7.312366e+01 2.179920e+00
         vertex -1.126712e+01 7.397714e+01 2.369570e+00
      endloop
   endfacet
   facet normal -9.046736e-01 1.397854e-01 4.025242e-01
      outer loop
         vertex -1.162476e+01 7.402208e+01 1.550158e+00
         vertex -1.126712e+01 7.397714e+01 2.369570e+00
         vertex -1.143389e+01 7.487142e+01 1.684196e+00
      endloop
   endfacet
   facet normal -9.082552e-01 1.343240e-01 3.962696e-01
      outer loop
         vertex -1.143389e+01 7.487142e+01 1.684196e+00
         vertex -1.126712e+01 7.397714e+01 2.369570e+00
         vertex -1.106797e+01 7.483784e+01 2.534281e+00
      endloop
   endfacet
   facet normal -9.072488e-01 1.413931e-01 3.961157e-01
      outer loop
         vertex -1.143389e+01 7.487142e+01 1.684196e+00
         vertex -1.106797e+01 7.483784e+01 2.534281e+00
         vertex -1.125318e+01 7.572331e+01 1.794008e+00
      endloop
   endfacet
   facet normal -9.103702e-01 1.362339e-01 3.907255e-01
      outer loop
         vertex -1.125318e+01 7.572331e+01 1.794008e+00
         vertex -1.106797e+01 7.483784e+01 2.534281e+00
         vertex -1.087913e+01 7.570394e+01 2.672274e+00
      endloop
   endfacet
   facet normal -9.093099e-01 1.439087e-01 3.904431e-01
      outer loop
         vertex -1.125318e+01 7.572331e+01 1.794008e+00
         vertex -1.087913e+01 7.570394e+01 2.672274e+00
         vertex -1.108211e+01 7.657638e+01 1.877999e+00
      endloop
   endfacet
   facet normal -9.120440e-01 1.390460e-01 3.858005e-01
      outer loop
         vertex -1.108211e+01 7.657638e+01 1.877999e+00
         vertex -1.087913e+01 7.570394e+01 2.672274e+00
         vertex -1.070029e+01 7.657293e+01 2.781874e+00
      endloop
   endfacet
   facet normal -9.107349e-01 1.487204e-01 3.852845e-01
      outer loop
         vertex -1.108211e+01 7.657638e+01 1.877999e+00
         vertex -1.070029e+01 7.657293e+01 2.781874e+00
         vertex -1.091862e+01 7.742990e+01 1.935002e+00
      endloop
   endfacet
   facet normal -9.131714e-01 1.441108e-01 3.812481e-01
      outer loop
         vertex -1.091862e+01 7.742990e+01 1.935002e+00
         vertex -1.070029e+01 7.657293e+01 2.781874e+00
         vertex -1.052960e+01 7.744299e+01 2.861841e+00
      endloop
   endfacet
   facet normal -9.116691e-01 1.552729e-01 3.804599e-01
      outer loop
         vertex -1.091862e+01 7.742990e+01 1.935002e+00
         vertex -1.052960e+01 7.744299e+01 2.861841e+00
         vertex -1.076067e+01 7.828464e+01 1.964642e+00
      endloop
   endfacet
   facet normal -9.138927e-01 1.508531e-01 3.768865e-01
      outer loop
         vertex -1.076067e+01 7.828464e+01 1.964642e+00
         vertex -1.052960e+01 7.744299e+01 2.861841e+00
         vertex -1.036521e+01 7.831430e+01 2.911705e+00
      endloop
   endfacet
   facet normal -9.125258e-01 1.610044e-01 3.759977e-01
      outer loop
         vertex -1.076067e+01 7.828464e+01 1.964642e+00
         vertex -1.036521e+01 7.831430e+01 2.911705e+00
         vertex -1.060779e+01 7.914396e+01 1.967697e+00
      endloop
   endfacet
   facet normal -9.145843e-01 1.567441e-01 3.727825e-01
      outer loop
         vertex -1.060779e+01 7.914396e+01 1.967697e+00
         vertex -1.036521e+01 7.831430e+01 2.911705e+00
         vertex -1.020676e+01 7.919030e+01 2.932101e+00
      endloop
   endfacet
   facet normal -9.139582e-01 1.614845e-01 3.722943e-01
      outer loop
         vertex -1.060779e+01 7.914396e+01 1.967697e+00
         vertex -1.020676e+01 7.919030e+01 2.932101e+00
         vertex -1.046260e+01 8.001471e+01 1.946437e+00
      endloop
   endfacet
   facet normal -9.158560e-01 1.573983e-01 3.693692e-01
      outer loop
         vertex -1.046260e+01 8.001471e+01 1.946437e+00
         vertex -1.020676e+01 7.919030e+01 2.932101e+00
         vertex -1.005686e+01 8.007903e+01 2.925072e+00
      endloop
   endfacet
   facet normal -9.155572e-01 1.597755e-01 3.690891e-01
      outer loop
         vertex -1.046260e+01 8.001471e+01 1.946437e+00
         vertex -1.005686e+01 8.007903e+01 2.925072e+00
         vertex -1.032730e+01 8.089739e+01 1.899956e+00
      endloop
   endfacet
   facet normal -9.172604e-01 1.559522e-01 3.664863e-01
      outer loop
         vertex -1.032730e+01 8.089739e+01 1.899956e+00
         vertex -1.005686e+01 8.007903e+01 2.925072e+00
         vertex -9.917597e+00 8.098156e+01 2.889571e+00
      endloop
   endfacet
   facet normal -9.157708e-01 1.681025e-01 3.648361e-01
      outer loop
         vertex -1.032730e+01 8.089739e+01 1.899956e+00
         vertex -9.917597e+00 8.098156e+01 2.889571e+00
         vertex -1.019784e+01 8.177314e+01 1.821416e+00
      endloop
   endfacet
   facet normal -9.172552e-01 1.646568e-01 3.626721e-01
      outer loop
         vertex -1.019784e+01 8.177314e+01 1.821416e+00
         vertex -9.917597e+00 8.098156e+01 2.889571e+00
         vertex -9.784850e+00 8.187653e+01 2.818984e+00
      endloop
   endfacet
   facet normal -9.150858e-01 1.816918e-01 3.600084e-01
      outer loop
         vertex -1.019784e+01 8.177314e+01 1.821416e+00
         vertex -9.784850e+00 8.187653e+01 2.818984e+00
         vertex -1.007244e+01 8.262470e+01 1.710379e+00
      endloop
   endfacet
   facet normal -9.162611e-01 1.788868e-01 3.584203e-01
      outer loop
         vertex -1.007244e+01 8.262470e+01 1.710379e+00
         vertex -9.784850e+00 8.187653e+01 2.818984e+00
         vertex -9.656841e+00 8.274429e+01 2.713131e+00
      endloop
   endfacet
   facet normal -9.140654e-01 1.950532e-01 3.555823e-01
      outer loop
         vertex -1.007244e+01 8.262470e+01 1.710379e+00
         vertex -9.656841e+00 8.274429e+01 2.713131e+00
         vertex -9.952202e+00 8.343972e+01 1.572397e+00
      endloop
   endfacet
   facet normal -9.147753e-01 1.933135e-01 3.547056e-01
      outer loop
         vertex -9.952202e+00 8.343972e+01 1.572397e+00
         vertex -9.656841e+00 8.274429e+01 2.713131e+00
         vertex -9.534664e+00 8.357077e+01 2.577791e+00
      endloop
   endfacet
   facet normal -9.132467e-01 2.039458e-01 3.526848e-01
      outer loop
         vertex -9.952202e+00 8.343972e+01 1.572397e+00
         vertex -9.534664e+00 8.357077e+01 2.577791e+00
         vertex -9.840129e+00 8.421083e+01 1.416691e+00
      endloop
   endfacet
   facet normal -9.133213e-01 2.037574e-01 3.526006e-01
      outer loop
         vertex -9.840129e+00 8.421083e+01 1.416691e+00
         vertex -9.534664e+00 8.357077e+01 2.577791e+00
         vertex -9.421357e+00 8.434762e+01 2.422364e+00
      endloop
   endfacet
   facet normal -9.138053e-01 2.004257e-01 3.532553e-01
      outer loop
         vertex -9.840129e+00 8.421083e+01 1.416691e+00
         vertex -9.421357e+00 8.434762e+01 2.422364e+00
         vertex -9.656601e+00 8.561732e+01 1.093446e+00
      endloop
   endfacet
   facet normal -9.121680e-01 2.033810e-01 3.557890e-01
      outer loop
         vertex -9.656601e+00 8.561732e+01 1.093446e+00
         vertex -9.421357e+00 8.434762e+01 2.422364e+00
         vertex -9.237651e+00 8.574775e+01 2.092987e+00
      endloop
   endfacet
   facet normal -9.174987e-01 1.614568e-01 3.634940e-01
      outer loop
         vertex -9.656601e+00 8.561732e+01 1.093446e+00
         vertex -9.237651e+00 8.574775e+01 2.092987e+00
         vertex -9.549317e+00 8.688802e+01 7.998240e-01
      endloop
   endfacet
   facet normal -9.145023e-01 1.676334e-01 3.682182e-01
      outer loop
         vertex -9.549317e+00 8.688802e+01 7.998240e-01
         vertex -9.237651e+00 8.574775e+01 2.092987e+00
         vertex -9.133587e+00 8.699393e+01 1.784107e+00
      endloop
   endfacet
   facet normal -9.198124e-01 1.097857e-01 3.766859e-01
      outer loop
         vertex -9.549317e+00 8.688802e+01 7.998240e-01
         vertex -9.133587e+00 8.699393e+01 1.784107e+00
         vertex -9.518237e+00 8.814665e+01 5.088862e-01
      endloop
   endfacet
   facet normal -9.169918e-01 1.161779e-01 3.816132e-01
      outer loop
         vertex -9.518237e+00 8.814665e+01 5.088862e-01
         vertex -9.133587e+00 8.699393e+01 1.784107e+00
         vertex -9.109481e+00 8.822551e+01 1.467090e+00
      endloop
   endfacet
   facet normal -9.193289e-01 7.740557e-02 3.858014e-01
      outer loop
         vertex -9.518237e+00 8.814665e+01 5.088862e-01
         vertex -9.109481e+00 8.822551e+01 1.467090e+00
         vertex -9.548034e+00 8.944098e+01 1.781944e-01
      endloop
   endfacet
   facet normal -9.166274e-01 8.375498e-02 3.908698e-01
      outer loop
         vertex -9.548034e+00 8.944098e+01 1.781944e-01
         vertex -9.109481e+00 8.822551e+01 1.467090e+00
         vertex -9.150236e+00 8.949739e+01 1.098980e+00
      endloop
   endfacet
   facet normal -9.182474e-01 3.039127e-02 3.948393e-01
      outer loop
         vertex -9.548034e+00 8.944098e+01 1.781944e-01
         vertex -9.150236e+00 8.949739e+01 1.098980e+00
         vertex -9.648508e+00 9.074032e+01 -1.554843e-01
      endloop
   endfacet
   facet normal -9.156965e-01 3.680565e-02 4.001814e-01
      outer loop
         vertex -9.648508e+00 9.074032e+01 -1.554843e-01
         vertex -9.150236e+00 8.949739e+01 1.098980e+00
         vertex -9.265378e+00 9.077496e+01 7.180100e-01
      endloop
   endfacet
   facet normal -9.151301e-01 -2.498875e-02 4.023834e-01
      outer loop
         vertex -9.648508e+00 9.074032e+01 -1.554843e-01
         vertex -9.265378e+00 9.077496e+01 7.180100e-01
         vertex -9.826718e+00 9.210013e+01 -4.763351e-01
      endloop
   endfacet
   facet normal -9.124416e-01 -1.805921e-02 4.088084e-01
      outer loop
         vertex -9.826718e+00 9.210013e+01 -4.763351e-01
         vertex -9.265378e+00 9.077496e+01 7.180100e-01
         vertex -9.461152e+00 9.211760e+01 3.403623e-01
      endloop
   endfacet
   facet normal -9.106650e-01 -5.913376e-02 4.088918e-01
      outer loop
         vertex -9.826718e+00 9.210013e+01 -4.763351e-01
         vertex -9.461152e+00 9.211760e+01 3.403623e-01
         vertex -1.006602e+01 9.358180e+01 -7.950088e-01
      endloop
   endfacet
   facet normal -9.068168e-01 -5.006139e-02 4.185417e-01
      outer loop
         vertex -1.006602e+01 9.358180e+01 -7.950088e-01
         vertex -9.461152e+00 9.211760e+01 3.403623e-01
         vertex -9.720094e+00 9.359160e+01 -4.435860e-02
      endloop
   endfacet
   facet normal -9.070216e-01 -4.584413e-02 4.185810e-01
      outer loop
         vertex -1.006602e+01 9.358180e+01 -7.950088e-01
         vertex -9.720094e+00 9.359160e+01 -4.435860e-02
         vertex -1.030724e+01 9.515730e+01 -1.145159e+00
      endloop
   endfacet
   facet normal -9.010291e-01 -3.385634e-02 4.324354e-01
      outer loop
         vertex -1.030724e+01 9.515730e+01 -1.145159e+00
         vertex -9.720094e+00 9.359160e+01 -4.435860e-02
         vertex -9.982770e+00 9.516624e+01 -4.683942e-01
      endloop
   endfacet
   facet normal -9.016448e-01 -8.436759e-03 4.323950e-01
      outer loop
         vertex -1.030724e+01 9.515730e+01 -1.145159e+00
         vertex -9.982770e+00 9.516624e+01 -4.683942e-01
         vertex -1.051208e+01 9.673068e+01 -1.541598e+00
      endloop
   endfacet
   facet normal -8.932449e-01 6.158595e-03 4.495283e-01
      outer loop
         vertex -1.051208e+01 9.673068e+01 -1.541598e+00
         vertex -9.982770e+00 9.516624e+01 -4.683942e-01
         vertex -1.021148e+01 9.673800e+01 -9.443843e-01
      endloop
   endfacet
   facet normal -8.931753e-01 -6.980544e-03 4.496544e-01
      outer loop
         vertex -1.051208e+01 9.673068e+01 -1.541598e+00
         vertex -1.021148e+01 9.673800e+01 -9.443843e-01
         vertex -1.073048e+01 9.830821e+01 -1.950938e+00
      endloop
   endfacet
   facet normal -8.821684e-01 1.022742e-02 4.708230e-01
      outer loop
         vertex -1.073048e+01 9.830821e+01 -1.950938e+00
         vertex -1.021148e+01 9.673800e+01 -9.443843e-01
         vertex -1.045669e+01 9.831534e+01 -1.438100e+00
      endloop
   endfacet
   facet normal -8.821491e-01 -1.030297e-03 4.709692e-01
      outer loop
         vertex -1.073048e+01 9.830821e+01 -1.950938e+00
         vertex -1.045669e+01 9.831534e+01 -1.438100e+00
         vertex -1.095530e+01 9.989101e+01 -2.368574e+00
      endloop
   endfacet
   facet normal -8.672385e-01 1.936476e-02 4.975162e-01
      outer loop
         vertex -1.095530e+01 9.989101e+01 -2.368574e+00
         vertex -1.045669e+01 9.831534e+01 -1.438100e+00
         vertex -1.071132e+01 9.989899e+01 -1.943588e+00
      endloop
   endfacet
   facet normal -8.671756e-01 2.501092e-02 4.973740e-01
      outer loop
         vertex -1.095530e+01 9.989101e+01 -2.368574e+00
         vertex -1.071132e+01 9.989899e+01 -1.943588e+00
         vertex -1.115706e+01 1.014719e+02 -2.799834e+00
      endloop
   endfacet
   facet normal -8.458942e-01 4.937876e-02 5.310600e-01
      outer loop
         vertex -1.115706e+01 1.014719e+02 -2.799834e+00
         vertex -1.071132e+01 9.989899e+01 -1.943588e+00
         vertex -1.094602e+01 1.014801e+02 -2.464446e+00
      endloop
   endfacet
   facet normal -8.460830e-01 4.266436e-02 5.313411e-01
      outer loop
         vertex -1.115706e+01 1.014719e+02 -2.799834e+00
         vertex -1.094602e+01 1.014801e+02 -2.464446e+00
         vertex -1.134563e+01 1.030574e+02 -3.227421e+00
      endloop
   endfacet
   facet normal -8.148732e-01 7.177545e-02 5.751782e-01
      outer loop
         vertex -1.134563e+01 1.030574e+02 -3.227421e+00
         vertex -1.094602e+01 1.014801e+02 -2.464446e+00
         vertex -1.117153e+01 1.030654e+02 -2.981762e+00
      endloop
   endfacet
   facet normal -8.159615e-01 3.108580e-02 5.772699e-01
      outer loop
         vertex -1.134563e+01 1.030574e+02 -3.227421e+00
         vertex -1.117153e+01 1.030654e+02 -2.981762e+00
         vertex -1.156888e+01 1.046629e+02 -3.629435e+00
      endloop
   endfacet
   facet normal -7.582844e-01 7.398998e-02 6.477115e-01
      outer loop
         vertex -1.156888e+01 1.046629e+02 -3.629435e+00
         vertex -1.117153e+01 1.030654e+02 -2.981762e+00
         vertex -1.143509e+01 1.046734e+02 -3.473997e+00
      endloop
   endfacet
   facet normal -7.581863e-01 7.797844e-02 6.473585e-01
      outer loop
         vertex -1.156888e+01 1.046629e+02 -3.629435e+00
         vertex -1.143509e+01 1.046734e+02 -3.473997e+00
         vertex -1.165852e+01 1.054628e+02 -3.830767e+00
      endloop
   endfacet
   facet normal -7.113557e-01 1.122273e-01 6.938141e-01
      outer loop
         vertex -1.165852e+01 1.054628e+02 -3.830767e+00
         vertex -1.143509e+01 1.046734e+02 -3.473997e+00
         vertex -1.154785e+01 1.054729e+02 -3.718939e+00
      endloop
   endfacet
   facet normal -7.122041e-01 6.962774e-02 6.985108e-01
      outer loop
         vertex -1.165852e+01 1.054628e+02 -3.830767e+00
         vertex -1.154785e+01 1.054729e+02 -3.718939e+00
         vertex -1.173229e+01 1.062670e+02 -3.986142e+00
      endloop
   endfacet
   facet normal -6.838869e-01 8.499196e-02 7.246207e-01
      outer loop
         vertex -1.173229e+01 1.062670e+02 -3.986142e+00
         vertex -1.154785e+01 1.054729e+02 -3.718939e+00
         vertex -1.165117e+01 1.062746e+02 -3.910487e+00
      endloop
   endfacet
   facet normal -6.828620e-01 1.780584e-02 7.303303e-01
      outer loop
         vertex -1.173229e+01 1.062670e+02 -3.986142e+00
         vertex -1.165117e+01 1.062746e+02 -3.910487e+00
         vertex -1.176932e+01 1.066720e+02 -4.030639e+00
      endloop
   endfacet
   facet normal -6.952747e-01 1.058918e-02 7.186661e-01
      outer loop
         vertex -1.176932e+01 1.066720e+02 -4.030639e+00
         vertex -1.165117e+01 1.062746e+02 -3.910487e+00
         vertex -1.170468e+01 1.066779e+02 -3.968196e+00
      endloop
   endfacet
   facet normal -6.921203e-01 -4.364427e-02 7.204614e-01
      outer loop
         vertex -1.176932e+01 1.066720e+02 -4.030639e+00
         vertex -1.170468e+01 1.066779e+02 -3.968196e+00
         vertex -1.181116e+01 1.070782e+02 -4.046237e+00
      endloop
   endfacet
   facet normal -7.339863e-01 -6.340824e-02 6.761978e-01
      outer loop
         vertex -1.181116e+01 1.070782e+02 -4.046237e+00
         vertex -1.170468e+01 1.066779e+02 -3.968196e+00
         vertex -1.176218e+01 1.070821e+02 -3.992699e+00
      endloop
   endfacet
   facet normal -7.283766e-01 -1.176008e-01 6.750093e-01
      outer loop
         vertex -1.181116e+01 1.070782e+02 -4.046237e+00
         vertex -1.176218e+01 1.070821e+02 -3.992699e+00
         vertex -1.186195e+01 1.074831e+02 -4.030503e+00
      endloop
   endfacet
   facet normal -7.899418e-01 -1.402828e-01 5.969193e-01
      outer loop
         vertex -1.186195e+01 1.074831e+02 -4.030503e+00
         vertex -1.176218e+01 1.070821e+02 -3.992699e+00
         vertex -1.182488e+01 1.074853e+02 -3.980920e+00
      endloop
   endfacet
   facet normal -7.814480e-01 -1.941702e-01 5.929898e-01
      outer loop
         vertex -1.186195e+01 1.074831e+02 -4.030503e+00
         vertex -1.182488e+01 1.074853e+02 -3.980920e+00
         vertex -1.192601e+01 1.078823e+02 -3.984192e+00
      endloop
   endfacet
   facet normal -8.180439e-01 -2.039472e-01 5.377823e-01
      outer loop
         vertex -1.192601e+01 1.078823e+02 -3.984192e+00
         vertex -1.182488e+01 1.074853e+02 -3.980920e+00
         vertex -1.189280e+01 1.078836e+02 -3.933172e+00
      endloop
   endfacet
   facet normal -9.220660e-01 -1.872397e-01 3.387263e-01
      outer loop
         vertex -1.192601e+01 1.078823e+02 -3.984192e+00
         vertex -1.195453e+01 1.078843e+02 -4.060749e+00
         vertex -1.186195e+01 1.074831e+02 -4.030503e+00
      endloop
   endfacet
   facet normal -9.051519e-01 -1.798350e-01 3.851745e-01
      outer loop
         vertex -1.186195e+01 1.074831e+02 -4.030503e+00
         vertex -1.195453e+01 1.078843e+02 -4.060749e+00
         vertex -1.189379e+01 1.074841e+02 -4.104841e+00
      endloop
   endfacet
   facet normal -9.121471e-01 -1.295329e-01 3.888558e-01
      outer loop
         vertex -1.186195e+01 1.074831e+02 -4.030503e+00
         vertex -1.189379e+01 1.074841e+02 -4.104841e+00
         vertex -1.181116e+01 1.070782e+02 -4.046237e+00
      endloop
   endfacet
   facet normal -8.798907e-01 -1.124521e-01 4.616784e-01
      outer loop
         vertex -1.181116e+01 1.070782e+02 -4.046237e+00
         vertex -1.189379e+01 1.074841e+02 -4.104841e+00
         vertex -1.185323e+01 1.070781e+02 -4.126427e+00
      endloop
   endfacet
   facet normal -8.831469e-01 -7.320008e-02 4.633501e-01
      outer loop
         vertex -1.181116e+01 1.070782e+02 -4.046237e+00
         vertex -1.185323e+01 1.070781e+02 -4.126427e+00
         vertex -1.176932e+01 1.066720e+02 -4.030639e+00
      endloop
   endfacet
   facet normal -8.581108e-01 -5.695322e-02 5.102962e-01
      outer loop
         vertex -1.176932e+01 1.066720e+02 -4.030639e+00
         vertex -1.185323e+01 1.070781e+02 -4.126427e+00
         vertex -1.182482e+01 1.066709e+02 -4.124096e+00
      endloop
   endfacet
   facet normal -8.594706e-01 -2.246581e-02 5.106913e-01
      outer loop
         vertex -1.176932e+01 1.066720e+02 -4.030639e+00
         vertex -1.182482e+01 1.066709e+02 -4.124096e+00
         vertex -1.173229e+01 1.062670e+02 -3.986142e+00
      endloop
   endfacet
   facet normal -8.514266e-01 -1.599975e-02 5.242297e-01
      outer loop
         vertex -1.173229e+01 1.062670e+02 -3.986142e+00
         vertex -1.182482e+01 1.066709e+02 -4.124096e+00
         vertex -1.180194e+01 1.062650e+02 -4.099329e+00
      endloop
   endfacet
   facet normal -8.516075e-01 2.305723e-02 5.236726e-01
      outer loop
         vertex -1.173229e+01 1.062670e+02 -3.986142e+00
         vertex -1.180194e+01 1.062650e+02 -4.099329e+00
         vertex -1.165852e+01 1.054628e+02 -3.830767e+00
      endloop
   endfacet
   facet normal -8.695713e-01 9.814650e-03 4.937099e-01
      outer loop
         vertex -1.165852e+01 1.054628e+02 -3.830767e+00
         vertex -1.180194e+01 1.062650e+02 -4.099329e+00
         vertex -1.175355e+01 1.054606e+02 -3.998105e+00
      endloop
   endfacet
   facet normal -8.693985e-01 2.676204e-02 4.933862e-01
      outer loop
         vertex -1.165852e+01 1.054628e+02 -3.830767e+00
         vertex -1.175355e+01 1.054606e+02 -3.998105e+00
         vertex -1.156888e+01 1.046629e+02 -3.629435e+00
      endloop
   endfacet
   facet normal -8.967391e-01 -3.063493e-03 4.425491e-01
      outer loop
         vertex -1.156888e+01 1.046629e+02 -3.629435e+00
         vertex -1.175355e+01 1.054606e+02 -3.998105e+00
         vertex -1.168377e+01 1.046629e+02 -3.862238e+00
      endloop
   endfacet
   facet normal -8.966562e-01 -1.387830e-02 4.425099e-01
      outer loop
         vertex -1.156888e+01 1.046629e+02 -3.629435e+00
         vertex -1.168377e+01 1.046629e+02 -3.862238e+00
         vertex -1.134563e+01 1.030574e+02 -3.227421e+00
      endloop
   endfacet
   facet normal -9.260472e-01 -4.697073e-02 3.744734e-01
      outer loop
         vertex -1.134563e+01 1.030574e+02 -3.227421e+00
         vertex -1.168377e+01 1.046629e+02 -3.862238e+00
         vertex -1.149514e+01 1.030661e+02 -3.596043e+00
      endloop
   endfacet
   facet normal -9.267216e-01 -8.917694e-03 3.756430e-01
      outer loop
         vertex -1.134563e+01 1.030574e+02 -3.227421e+00
         vertex -1.149514e+01 1.030661e+02 -3.596043e+00
         vertex -1.115706e+01 1.014719e+02 -2.799834e+00
      endloop
   endfacet
   facet normal -9.407027e-01 -3.076696e-02 3.378339e-01
      outer loop
         vertex -1.115706e+01 1.014719e+02 -2.799834e+00
         vertex -1.149514e+01 1.030661e+02 -3.596043e+00
         vertex -1.133827e+01 1.014845e+02 -3.303295e+00
      endloop
   endfacet
   facet normal -9.407596e-01 -2.787504e-02 3.379264e-01
      outer loop
         vertex -1.115706e+01 1.014719e+02 -2.799834e+00
         vertex -1.133827e+01 1.014845e+02 -3.303295e+00
         vertex -1.095530e+01 9.989101e+01 -2.368574e+00
      endloop
   endfacet
   facet normal -9.494630e-01 -4.606668e-02 3.104800e-01
      outer loop
         vertex -1.095530e+01 9.989101e+01 -2.368574e+00
         vertex -1.133827e+01 1.014845e+02 -3.303295e+00
         vertex -1.116481e+01 9.990725e+01 -3.006862e+00
      endloop
   endfacet
   facet normal -9.491897e-01 -5.296914e-02 3.102146e-01
      outer loop
         vertex -1.095530e+01 9.989101e+01 -2.368574e+00
         vertex -1.116481e+01 9.990725e+01 -3.006862e+00
         vertex -1.073048e+01 9.830821e+01 -1.950938e+00
      endloop
   endfacet
   facet normal -9.547709e-01 -6.822339e-02 2.894100e-01
      outer loop
         vertex -1.073048e+01 9.830821e+01 -1.950938e+00
         vertex -1.116481e+01 9.990725e+01 -3.006862e+00
         vertex -1.096559e+01 9.832896e+01 -2.721679e+00
      endloop
   endfacet
   facet normal -9.553583e-01 -5.704560e-02 2.898901e-01
      outer loop
         vertex -1.073048e+01 9.830821e+01 -1.950938e+00
         vertex -1.096559e+01 9.832896e+01 -2.721679e+00
         vertex -1.051208e+01 9.673068e+01 -1.541598e+00
      endloop
   endfacet
   facet normal -9.580999e-01 -6.608006e-02 2.787076e-01
      outer loop
         vertex -1.051208e+01 9.673068e+01 -1.541598e+00
         vertex -1.096559e+01 9.832896e+01 -2.721679e+00
         vertex -1.058586e+01 9.518030e+01 -2.162834e+00
      endloop
   endfacet
   facet normal -9.522095e-01 1.850618e-01 2.430002e-01
      outer loop
         vertex -1.231500e+01 7.236400e+01 8.519219e-02
         vertex -1.182325e+01 7.317623e+01 1.393556e+00
         vertex -1.193188e+01 7.402918e+01 3.183129e-01
      endloop
   endfacet
   facet normal -9.542627e-01 1.796883e-01 2.389450e-01
      outer loop
         vertex -1.193188e+01 7.402918e+01 3.183129e-01
         vertex -1.182325e+01 7.317623e+01 1.393556e+00
         vertex -1.162476e+01 7.402208e+01 1.550158e+00
      endloop
   endfacet
   facet normal -9.532581e-01 1.852258e-01 2.387265e-01
      outer loop
         vertex -1.193188e+01 7.402918e+01 3.183129e-01
         vertex -1.162476e+01 7.402208e+01 1.550158e+00
         vertex -1.174812e+01 7.486075e+01 4.068798e-01
      endloop
   endfacet
   facet normal -9.558946e-01 1.779443e-01 2.336694e-01
      outer loop
         vertex -1.174812e+01 7.486075e+01 4.068798e-01
         vertex -1.162476e+01 7.402208e+01 1.550158e+00
         vertex -1.143389e+01 7.487142e+01 1.684196e+00
      endloop
   endfacet
   facet normal -9.554341e-01 1.805754e-01 2.335342e-01
      outer loop
         vertex -1.174812e+01 7.486075e+01 4.068798e-01
         vertex -1.143389e+01 7.487142e+01 1.684196e+00
         vertex -1.157438e+01 7.569204e+01 4.748835e-01
      endloop
   endfacet
   facet normal -9.577890e-01 1.736430e-01 2.291035e-01
      outer loop
         vertex -1.157438e+01 7.569204e+01 4.748835e-01
         vertex -1.143389e+01 7.487142e+01 1.684196e+00
         vertex -1.125318e+01 7.572331e+01 1.794008e+00
      endloop
   endfacet
   facet normal -9.572706e-01 1.767368e-01 2.289040e-01
      outer loop
         vertex -1.157438e+01 7.569204e+01 4.748835e-01
         vertex -1.125318e+01 7.572331e+01 1.794008e+00
         vertex -1.140998e+01 7.652299e+01 5.208280e-01
      endloop
   endfacet
   facet normal -9.593567e-01 1.702269e-01 2.250721e-01
      outer loop
         vertex -1.140998e+01 7.652299e+01 5.208280e-01
         vertex -1.125318e+01 7.572331e+01 1.794008e+00
         vertex -1.108211e+01 7.657638e+01 1.877999e+00
      endloop
   endfacet
   facet normal -9.585363e-01 1.752986e-01 2.246743e-01
      outer loop
         vertex -1.140998e+01 7.652299e+01 5.208280e-01
         vertex -1.108211e+01 7.657638e+01 1.877999e+00
         vertex -1.125267e+01 7.735390e+01 5.436550e-01
      endloop
   endfacet
   facet normal -9.604067e-01 1.691836e-01 2.213503e-01
      outer loop
         vertex -1.125267e+01 7.735390e+01 5.436550e-01
         vertex -1.108211e+01 7.657638e+01 1.877999e+00
         vertex -1.091862e+01 7.742990e+01 1.935002e+00
      endloop
   endfacet
   facet normal -9.593535e-01 1.758333e-01 2.207342e-01
      outer loop
         vertex -1.125267e+01 7.735390e+01 5.436550e-01
         vertex -1.091862e+01 7.742990e+01 1.935002e+00
         vertex -1.110026e+01 7.818611e+01 5.431554e-01
      endloop
   endfacet
   facet normal -9.610644e-01 1.700407e-01 2.178103e-01
      outer loop
         vertex -1.110026e+01 7.818611e+01 5.431554e-01
         vertex -1.091862e+01 7.742990e+01 1.935002e+00
         vertex -1.076067e+01 7.828464e+01 1.964642e+00
      endloop
   endfacet
   facet normal -9.601502e-01 1.759034e-01 2.171855e-01
      outer loop
         vertex -1.110026e+01 7.818611e+01 5.431554e-01
         vertex -1.076067e+01 7.828464e+01 1.964642e+00
         vertex -1.095217e+01 7.902257e+01 5.203801e-01
      endloop
   endfacet
   facet normal -9.617451e-01 1.703346e-01 2.145516e-01
      outer loop
         vertex -1.095217e+01 7.902257e+01 5.203801e-01
         vertex -1.076067e+01 7.828464e+01 1.964642e+00
         vertex -1.060779e+01 7.914396e+01 1.967697e+00
      endloop
   endfacet
   facet normal -9.616142e-01 1.712023e-01 2.144477e-01
      outer loop
         vertex -1.095217e+01 7.902257e+01 5.203801e-01
         vertex -1.060779e+01 7.914396e+01 1.967697e+00
         vertex -1.081102e+01 7.986843e+01 4.780237e-01
      endloop
   endfacet
   facet normal -9.631066e-01 1.657661e-01 2.120075e-01
      outer loop
         vertex -1.081102e+01 7.986843e+01 4.780237e-01
         vertex -1.060779e+01 7.914396e+01 1.967697e+00
         vertex -1.046260e+01 8.001471e+01 1.946437e+00
      endloop
   endfacet
   facet normal -9.633372e-01 1.641410e-01 2.122241e-01
      outer loop
         vertex -1.081102e+01 7.986843e+01 4.780237e-01
         vertex -1.046260e+01 8.001471e+01 1.946437e+00
         vertex -1.067913e+01 8.072350e+01 4.153854e-01
      endloop
   endfacet
   facet normal -9.646965e-01 1.589305e-01 2.100042e-01
      outer loop
         vertex -1.067913e+01 8.072350e+01 4.153854e-01
         vertex -1.046260e+01 8.001471e+01 1.946437e+00
         vertex -1.032730e+01 8.089739e+01 1.899956e+00
      endloop
   endfacet
   facet normal -9.637462e-01 1.659182e-01 2.089605e-01
      outer loop
         vertex -1.067913e+01 8.072350e+01 4.153854e-01
         vertex -1.032730e+01 8.089739e+01 1.899956e+00
         vertex -1.055248e+01 8.157289e+01 3.250767e-01
      endloop
   endfacet
   facet normal -9.649393e-01 1.612266e-01 2.071187e-01
      outer loop
         vertex -1.055248e+01 8.157289e+01 3.250767e-01
         vertex -1.032730e+01 8.089739e+01 1.899956e+00
         vertex -1.019784e+01 8.177314e+01 1.821416e+00
      endloop
   endfacet
   facet normal -9.634131e-01 1.723343e-01 2.052705e-01
      outer loop
         vertex -1.055248e+01 8.157289e+01 3.250767e-01
         vertex -1.019784e+01 8.177314e+01 1.821416e+00
         vertex -1.042932e+01 8.240304e+01 2.061230e-01
      endloop
   endfacet
   facet normal -9.643546e-01 1.685979e-01 2.039484e-01
      outer loop
         vertex -1.042932e+01 8.240304e+01 2.061230e-01
         vertex -1.019784e+01 8.177314e+01 1.821416e+00
         vertex -1.007244e+01 8.262470e+01 1.710379e+00
      endloop
   endfacet
   facet normal -9.629568e-01 1.784468e-01 2.021655e-01
      outer loop
         vertex -1.042932e+01 8.240304e+01 2.061230e-01
         vertex -1.007244e+01 8.262470e+01 1.710379e+00
         vertex -1.031075e+01 8.320429e+01 6.367568e-02
      endloop
   endfacet
   facet normal -9.635051e-01 1.762564e-01 2.014738e-01
      outer loop
         vertex -1.031075e+01 8.320429e+01 6.367568e-02
         vertex -1.007244e+01 8.262470e+01 1.710379e+00
         vertex -9.952202e+00 8.343972e+01 1.572397e+00
      endloop
   endfacet
   facet normal -9.628848e-01 1.805219e-01 2.006608e-01
      outer loop
         vertex -1.031075e+01 8.320429e+01 6.367568e-02
         vertex -9.952202e+00 8.343972e+01 1.572397e+00
         vertex -1.019974e+01 8.397091e+01 -9.329752e-02
      endloop
   endfacet
   facet normal -9.628996e-01 1.804615e-01 2.006438e-01
      outer loop
         vertex -1.019974e+01 8.397091e+01 -9.329752e-02
         vertex -9.952202e+00 8.343972e+01 1.572397e+00
         vertex -9.840129e+00 8.421083e+01 1.416691e+00
      endloop
   endfacet
   facet normal -9.645185e-01 1.689809e-01 2.028534e-01
      outer loop
         vertex -1.019974e+01 8.397091e+01 -9.329752e-02
         vertex -9.840129e+00 8.421083e+01 1.416691e+00
         vertex -1.001636e+01 8.539746e+01 -4.097337e-01
      endloop
   endfacet
   facet normal -9.633168e-01 1.728753e-01 2.052677e-01
      outer loop
         vertex -1.001636e+01 8.539746e+01 -4.097337e-01
         vertex -9.840129e+00 8.421083e+01 1.416691e+00
         vertex -9.656601e+00 8.561732e+01 1.093446e+00
      endloop
   endfacet
   facet normal -9.688956e-01 1.249417e-01 2.136138e-01
      outer loop
         vertex -1.001636e+01 8.539746e+01 -4.097337e-01
         vertex -9.656601e+00 8.561732e+01 1.093446e+00
         vertex -9.906312e+00 8.671793e+01 -6.829201e-01
      endloop
   endfacet
   facet normal -9.670554e-01 1.319515e-01 2.176984e-01
      outer loop
         vertex -9.906312e+00 8.671793e+01 -6.829201e-01
         vertex -9.656601e+00 8.561732e+01 1.093446e+00
         vertex -9.549317e+00 8.688802e+01 7.998240e-01
      endloop
   endfacet
   facet normal -9.715872e-01 7.100152e-02 2.257809e-01
      outer loop
         vertex -9.906312e+00 8.671793e+01 -6.829201e-01
         vertex -9.549317e+00 8.688802e+01 7.998240e-01
         vertex -9.869243e+00 8.803050e+01 -9.361705e-01
      endloop
   endfacet
   facet normal -9.702604e-01 7.700615e-02 2.294881e-01
      outer loop
         vertex -9.869243e+00 8.803050e+01 -9.361705e-01
         vertex -9.549317e+00 8.688802e+01 7.998240e-01
         vertex -9.518237e+00 8.814665e+01 5.088862e-01
      endloop
   endfacet
   facet normal -9.718196e-01 3.300996e-02 2.334031e-01
      outer loop
         vertex -9.869243e+00 8.803050e+01 -9.361705e-01
         vertex -9.518237e+00 8.814665e+01 5.088862e-01
         vertex -9.889630e+00 8.937124e+01 -1.210674e+00
      endloop
   endfacet
   facet normal -9.707954e-01 3.816569e-02 2.368535e-01
      outer loop
         vertex -9.889630e+00 8.937124e+01 -1.210674e+00
         vertex -9.518237e+00 8.814665e+01 5.088862e-01
         vertex -9.548034e+00 8.944098e+01 1.781944e-01
      endloop
   endfacet
   facet normal -9.707258e-01 -1.684797e-02 2.395988e-01
      outer loop
         vertex -9.889630e+00 8.937124e+01 -1.210674e+00
         vertex -9.548034e+00 8.944098e+01 1.781944e-01
         vertex -9.977510e+00 9.071533e+01 -1.472206e+00
      endloop
   endfacet
   facet normal -9.700384e-01 -1.270454e-02 2.426192e-01
      outer loop
         vertex -9.977510e+00 9.071533e+01 -1.472206e+00
         vertex -9.548034e+00 8.944098e+01 1.781944e-01
         vertex -9.648508e+00 9.074032e+01 -1.554843e-01
      endloop
   endfacet
   facet normal -9.673042e-01 -7.238863e-02 2.430691e-01
      outer loop
         vertex -9.977510e+00 9.071533e+01 -1.472206e+00
         vertex -9.648508e+00 9.074032e+01 -1.554843e-01
         vertex -1.014064e+01 9.210949e+01 -1.706178e+00
      endloop
   endfacet
   facet normal -9.667761e-01 -6.859778e-02 2.462486e-01
      outer loop
         vertex -1.014064e+01 9.210949e+01 -1.706178e+00
         vertex -9.648508e+00 9.074032e+01 -1.554843e-01
         vertex -9.826718e+00 9.210013e+01 -4.763351e-01
      endloop
   endfacet
   facet normal -9.635120e-01 -1.075237e-01 2.451190e-01
      outer loop
         vertex -1.014064e+01 9.210949e+01 -1.706178e+00
         vertex -9.826718e+00 9.210013e+01 -4.763351e-01
         vertex -1.036306e+01 9.360535e+01 -1.924322e+00
      endloop
   endfacet
   facet normal -9.626311e-01 -1.014661e-01 2.510898e-01
      outer loop
         vertex -1.036306e+01 9.360535e+01 -1.924322e+00
         vertex -9.826718e+00 9.210013e+01 -4.763351e-01
         vertex -1.006602e+01 9.358180e+01 -7.950088e-01
      endloop
   endfacet
   facet normal -9.629338e-01 -9.817261e-02 2.512381e-01
      outer loop
         vertex -1.036306e+01 9.360535e+01 -1.924322e+00
         vertex -1.006602e+01 9.358180e+01 -7.950088e-01
         vertex -1.058586e+01 9.518030e+01 -2.162834e+00
      endloop
   endfacet
   facet normal -9.611769e-01 -8.912589e-02 2.611428e-01
      outer loop
         vertex -1.058586e+01 9.518030e+01 -2.162834e+00
         vertex -1.006602e+01 9.358180e+01 -7.950088e-01
         vertex -1.030724e+01 9.515730e+01 -1.145159e+00
      endloop
   endfacet
   facet normal -9.631479e-01 -5.928802e-02 2.623568e-01
      outer loop
         vertex -1.058586e+01 9.518030e+01 -2.162834e+00
         vertex -1.030724e+01 9.515730e+01 -1.145159e+00
         vertex -1.051208e+01 9.673068e+01 -1.541598e+00
      endloop
   endfacet
   facet normal -9.319424e-01 -1.105421e-01 3.453458e-01
      outer loop
         vertex -1.195598e+01 5.789452e+01 -4.059834e+00
         vertex -1.192704e+01 5.788850e+01 -3.983648e+00
         vertex -1.199155e+01 5.830066e+01 -4.025812e+00
      endloop
   endfacet
   facet normal -9.152271e-01 -1.034147e-01 3.894416e-01
      outer loop
         vertex -1.199155e+01 5.830066e+01 -4.025812e+00
         vertex -1.192704e+01 5.788850e+01 -3.983648e+00
         vertex -1.195939e+01 5.829515e+01 -3.951688e+00
      endloop
   endfacet
   facet normal -9.059975e-01 -1.882401e-01 3.791229e-01
      outer loop
         vertex -1.199155e+01 5.830066e+01 -4.025812e+00
         vertex -1.195939e+01 5.829515e+01 -3.951688e+00
         vertex -1.204932e+01 5.869712e+01 -3.967029e+00
      endloop
   endfacet
   facet normal -8.730779e-01 -1.780202e-01 4.539205e-01
      outer loop
         vertex -1.204932e+01 5.869712e+01 -3.967029e+00
         vertex -1.195939e+01 5.829515e+01 -3.951688e+00
         vertex -1.200673e+01 5.869145e+01 -3.887319e+00
      endloop
   endfacet
   facet normal -8.622143e-01 -2.450042e-01 4.433502e-01
      outer loop
         vertex -1.204932e+01 5.869712e+01 -3.967029e+00
         vertex -1.200673e+01 5.869145e+01 -3.887319e+00
         vertex -1.211873e+01 5.908865e+01 -3.885635e+00
      endloop
   endfacet
   facet normal -8.368615e-01 -2.380655e-01 4.929378e-01
      outer loop
         vertex -1.211873e+01 5.908865e+01 -3.885635e+00
         vertex -1.200673e+01 5.869145e+01 -3.887319e+00
         vertex -1.206239e+01 5.908235e+01 -3.793035e+00
      endloop
   endfacet
   facet normal -8.280585e-01 -2.819283e-01 4.845983e-01
      outer loop
         vertex -1.211873e+01 5.908865e+01 -3.885635e+00
         vertex -1.206239e+01 5.908235e+01 -3.793035e+00
         vertex -1.219193e+01 5.947752e+01 -3.784496e+00
      endloop
   endfacet
   facet normal -8.198541e-01 -2.795647e-01 4.996827e-01
      outer loop
         vertex -1.219193e+01 5.947752e+01 -3.784496e+00
         vertex -1.206239e+01 5.908235e+01 -3.793035e+00
         vertex -1.212115e+01 5.947017e+01 -3.672473e+00
      endloop
   endfacet
   facet normal -8.139294e-01 -3.053481e-01 4.942484e-01
      outer loop
         vertex -1.219193e+01 5.947752e+01 -3.784496e+00
         vertex -1.212115e+01 5.947017e+01 -3.672473e+00
         vertex -1.233042e+01 6.024798e+01 -3.536563e+00
      endloop
   endfacet
   facet normal -8.316914e-01 -3.048525e-01 4.640629e-01
      outer loop
         vertex -1.233042e+01 6.024798e+01 -3.536563e+00
         vertex -1.212115e+01 5.947017e+01 -3.672473e+00
         vertex -1.223389e+01 6.023725e+01 -3.370606e+00
      endloop
   endfacet
   facet normal -8.322014e-01 -3.028003e-01 4.644921e-01
      outer loop
         vertex -1.233042e+01 6.024798e+01 -3.536563e+00
         vertex -1.223389e+01 6.023725e+01 -3.370606e+00
         vertex -1.244591e+01 6.100283e+01 -3.251389e+00
      endloop
   endfacet
   facet normal -8.595905e-01 -3.022160e-01 4.120312e-01
      outer loop
         vertex -1.244591e+01 6.100283e+01 -3.251389e+00
         vertex -1.223389e+01 6.023725e+01 -3.370606e+00
         vertex -1.232935e+01 6.098685e+01 -3.019938e+00
      endloop
   endfacet
   facet normal -8.639592e-01 -2.845631e-01 4.154496e-01
      outer loop
         vertex -1.244591e+01 6.100283e+01 -3.251389e+00
         vertex -1.232935e+01 6.098685e+01 -3.019938e+00
         vertex -1.264785e+01 6.248497e+01 -2.656145e+00
      endloop
   endfacet
   facet normal -8.959479e-01 -2.751477e-01 3.486705e-01
      outer loop
         vertex -1.264785e+01 6.248497e+01 -2.656145e+00
         vertex -1.232935e+01 6.098685e+01 -3.019938e+00
         vertex -1.249614e+01 6.245554e+01 -2.289534e+00
      endloop
   endfacet
   facet normal -8.989956e-01 -2.619379e-01 3.509921e-01
      outer loop
         vertex -1.264785e+01 6.248497e+01 -2.656145e+00
         vertex -1.249614e+01 6.245554e+01 -2.289534e+00
         vertex -1.275943e+01 6.326178e+01 -2.362225e+00
      endloop
   endfacet
   facet normal -9.055155e-01 -2.658999e-01 3.306645e-01
      outer loop
         vertex -1.275943e+01 6.326178e+01 -2.362225e+00
         vertex -1.249614e+01 6.245554e+01 -2.289534e+00
         vertex -1.259098e+01 6.322750e+01 -1.928490e+00
      endloop
   endfacet
   facet normal -9.131429e-01 -2.301510e-01 3.364529e-01
      outer loop
         vertex -1.275943e+01 6.326178e+01 -2.362225e+00
         vertex -1.259098e+01 6.322750e+01 -1.928490e+00
         vertex -1.285432e+01 6.405793e+01 -2.075138e+00
      endloop
   endfacet
   facet normal -9.180536e-01 -2.346980e-01 3.195221e-01
      outer loop
         vertex -1.285432e+01 6.405793e+01 -2.075138e+00
         vertex -1.259098e+01 6.322750e+01 -1.928490e+00
         vertex -1.267014e+01 6.401980e+01 -1.573974e+00
      endloop
   endfacet
   facet normal -9.267994e-01 -1.856366e-01 3.264690e-01
      outer loop
         vertex -1.285432e+01 6.405793e+01 -2.075138e+00
         vertex -1.267014e+01 6.401980e+01 -1.573974e+00
         vertex -1.291784e+01 6.486316e+01 -1.797614e+00
      endloop
   endfacet
   facet normal -9.308405e-01 -1.907412e-01 3.116950e-01
      outer loop
         vertex -1.291784e+01 6.486316e+01 -1.797614e+00
         vertex -1.267014e+01 6.401980e+01 -1.573974e+00
         vertex -1.271891e+01 6.482167e+01 -1.228903e+00
      endloop
   endfacet
   facet normal -9.380622e-01 -1.372453e-01 3.181242e-01
      outer loop
         vertex -1.291784e+01 6.486316e+01 -1.797614e+00
         vertex -1.271891e+01 6.482167e+01 -1.228903e+00
         vertex -1.294608e+01 6.567311e+01 -1.531433e+00
      endloop
   endfacet
   facet normal -9.415778e-01 -1.428458e-01 3.050022e-01
      outer loop
         vertex -1.294608e+01 6.567311e+01 -1.531433e+00
         vertex -1.271891e+01 6.482167e+01 -1.228903e+00
         vertex -1.273329e+01 6.562866e+01 -8.953413e-01
      endloop
   endfacet
   facet normal -9.462187e-01 -9.228208e-02 3.100875e-01
      outer loop
         vertex -1.294608e+01 6.567311e+01 -1.531433e+00
         vertex -1.273329e+01 6.562866e+01 -8.953413e-01
         vertex -1.294235e+01 6.648751e+01 -1.277689e+00
      endloop
   endfacet
   facet normal -9.493799e-01 -9.827113e-02 2.983631e-01
      outer loop
         vertex -1.294235e+01 6.648751e+01 -1.277689e+00
         vertex -1.273329e+01 6.562866e+01 -8.953413e-01
         vertex -1.271659e+01 6.644075e+01 -5.747305e-01
      endloop
   endfacet
   facet normal -9.517064e-01 -5.546586e-02 3.019576e-01
      outer loop
         vertex -1.294235e+01 6.648751e+01 -1.277689e+00
         vertex -1.271659e+01 6.644075e+01 -5.747305e-01
         vertex -1.291385e+01 6.730849e+01 -1.037057e+00
      endloop
   endfacet
   facet normal -9.545965e-01 -6.172848e-02 2.914364e-01
      outer loop
         vertex -1.291385e+01 6.730849e+01 -1.037057e+00
         vertex -1.271659e+01 6.644075e+01 -5.747305e-01
         vertex -1.267598e+01 6.726038e+01 -2.681185e-01
      endloop
   endfacet
   facet normal -9.554971e-01 -1.804244e-02 2.944482e-01
      outer loop
         vertex -1.291385e+01 6.730849e+01 -1.037057e+00
         vertex -1.267598e+01 6.726038e+01 -2.681185e-01
         vertex -1.280989e+01 6.897953e+01 -5.973300e-01
      endloop
   endfacet
   facet normal -9.606704e-01 -2.181872e-02 2.768327e-01
      outer loop
         vertex -1.280989e+01 6.897953e+01 -5.973300e-01
         vertex -1.267598e+01 6.726038e+01 -2.681185e-01
         vertex -1.255039e+01 6.893283e+01 2.995146e-01
      endloop
   endfacet
   facet normal -9.602075e-01 1.743722e-02 2.787429e-01
      outer loop
         vertex -1.280989e+01 6.897953e+01 -5.973300e-01
         vertex -1.255039e+01 6.893283e+01 2.995146e-01
         vertex -1.273714e+01 6.982949e+01 -3.998853e-01
      endloop
   endfacet
   facet normal -9.625943e-01 1.069457e-02 2.707359e-01
      outer loop
         vertex -1.273714e+01 6.982949e+01 -3.998853e-01
         vertex -1.255039e+01 6.893283e+01 2.995146e-01
         vertex -1.246812e+01 6.978562e+01 5.583506e-01
      endloop
   endfacet
   facet normal -9.607313e-01 5.391845e-02 2.721914e-01
      outer loop
         vertex -1.273714e+01 6.982949e+01 -3.998853e-01
         vertex -1.246812e+01 6.978562e+01 5.583506e-01
         vertex -1.263815e+01 7.068221e+01 -2.193846e-01
      endloop
   endfacet
   facet normal -9.632057e-01 4.690015e-02 2.646415e-01
      outer loop
         vertex -1.263815e+01 7.068221e+01 -2.193846e-01
         vertex -1.246812e+01 6.978562e+01 5.583506e-01
         vertex -1.236048e+01 7.064202e+01 7.983598e-01
      endloop
   endfacet
   facet normal -9.574331e-01 1.128738e-01 2.656717e-01
      outer loop
         vertex -1.263815e+01 7.068221e+01 -2.193846e-01
         vertex -1.236048e+01 7.064202e+01 7.983598e-01
         vertex -1.249373e+01 7.152709e+01 -5.788477e-02
      endloop
   endfacet
   facet normal -9.602344e-01 1.055065e-01 2.584923e-01
      outer loop
         vertex -1.249373e+01 7.152709e+01 -5.788477e-02
         vertex -1.236048e+01 7.064202e+01 7.983598e-01
         vertex -1.220824e+01 7.149072e+01 1.017460e+00
      endloop
   endfacet
   facet normal -9.528251e-01 1.593170e-01 2.583454e-01
      outer loop
         vertex -1.249373e+01 7.152709e+01 -5.788477e-02
         vertex -1.220824e+01 7.149072e+01 1.017460e+00
         vertex -1.231500e+01 7.236400e+01 8.519219e-02
      endloop
   endfacet
   facet normal -9.558329e-01 1.518172e-01 2.516646e-01
      outer loop
         vertex -1.231500e+01 7.236400e+01 8.519219e-02
         vertex -1.220824e+01 7.149072e+01 1.017460e+00
         vertex -1.202219e+01 7.233340e+01 1.215755e+00
      endloop
   endfacet
   facet normal -9.525265e-01 1.718049e-01 2.513492e-01
      outer loop
         vertex -1.231500e+01 7.236400e+01 8.519219e-02
         vertex -1.202219e+01 7.233340e+01 1.215755e+00
         vertex -1.182325e+01 7.317623e+01 1.393556e+00
      endloop
   endfacet
   facet normal -9.597826e-01 -1.702833e-01 2.232059e-01
      outer loop
         vertex -1.195453e+01 1.078843e+02 -4.060749e+00
         vertex -1.197642e+01 1.078888e+02 -4.151416e+00
         vertex -1.189379e+01 1.074841e+02 -4.104841e+00
      endloop
   endfacet
   facet normal -9.521260e-01 -1.647733e-01 2.574992e-01
      outer loop
         vertex -1.189379e+01 1.074841e+02 -4.104841e+00
         vertex -1.197642e+01 1.078888e+02 -4.151416e+00
         vertex -1.191821e+01 1.074877e+02 -4.192842e+00
      endloop
   endfacet
   facet normal -9.589067e-01 -1.097096e-01 2.616518e-01
      outer loop
         vertex -1.189379e+01 1.074841e+02 -4.104841e+00
         vertex -1.191821e+01 1.074877e+02 -4.192842e+00
         vertex -1.185323e+01 1.070781e+02 -4.126427e+00
      endloop
   endfacet
   facet normal -9.431353e-01 -9.813633e-02 3.175926e-01
      outer loop
         vertex -1.185323e+01 1.070781e+02 -4.126427e+00
         vertex -1.191821e+01 1.074877e+02 -4.192842e+00
         vertex -1.188551e+01 1.070813e+02 -4.221314e+00
      endloop
   endfacet
   facet normal -9.454158e-01 -6.413690e-02 3.194923e-01
      outer loop
         vertex -1.185323e+01 1.070781e+02 -4.126427e+00
         vertex -1.188551e+01 1.070813e+02 -4.221314e+00
         vertex -1.182482e+01 1.066709e+02 -4.124096e+00
      endloop
   endfacet
   facet normal -9.143298e-01 -3.975154e-02 4.030146e-01
      outer loop
         vertex -1.182482e+01 1.066709e+02 -4.124096e+00
         vertex -1.188551e+01 1.070813e+02 -4.221314e+00
         vertex -1.185539e+01 1.062680e+02 -4.233189e+00
      endloop
   endfacet
   facet normal -9.285281e-01 -2.975232e-02 3.700680e-01
      outer loop
         vertex -1.182482e+01 1.066709e+02 -4.124096e+00
         vertex -1.185539e+01 1.062680e+02 -4.233189e+00
         vertex -1.180194e+01 1.062650e+02 -4.099329e+00
      endloop
   endfacet
   facet normal -9.287398e-01 -9.233744e-03 3.706173e-01
      outer loop
         vertex -1.180194e+01 1.062650e+02 -4.099329e+00
         vertex -1.185539e+01 1.062680e+02 -4.233189e+00
         vertex -1.175355e+01 1.054606e+02 -3.998105e+00
      endloop
   endfacet
   facet normal -9.383236e-01 -1.781353e-02 3.452993e-01
      outer loop
         vertex -1.175355e+01 1.054606e+02 -3.998105e+00
         vertex -1.185539e+01 1.062680e+02 -4.233189e+00
         vertex -1.182647e+01 1.054652e+02 -4.196024e+00
      endloop
   endfacet
   facet normal -9.382592e-01 -2.328460e-02 3.451485e-01
      outer loop
         vertex -1.175355e+01 1.054606e+02 -3.998105e+00
         vertex -1.182647e+01 1.054652e+02 -4.196024e+00
         vertex -1.168377e+01 1.046629e+02 -3.862238e+00
      endloop
   endfacet
   facet normal -9.519239e-01 -4.313243e-02 3.032828e-01
      outer loop
         vertex -1.168377e+01 1.046629e+02 -3.862238e+00
         vertex -1.182647e+01 1.054652e+02 -4.196024e+00
         vertex -1.177193e+01 1.046716e+02 -4.137706e+00
      endloop
   endfacet
   facet normal -9.511529e-01 -6.194468e-02 3.024417e-01
      outer loop
         vertex -1.168377e+01 1.046629e+02 -3.862238e+00
         vertex -1.177193e+01 1.046716e+02 -4.137706e+00
         vertex -1.149514e+01 1.030661e+02 -3.596043e+00
      endloop
   endfacet
   facet normal -9.648939e-01 -8.219286e-02 2.494476e-01
      outer loop
         vertex -1.149514e+01 1.030661e+02 -3.596043e+00
         vertex -1.177193e+01 1.046716e+02 -4.137706e+00
         vertex -1.160986e+01 1.030879e+02 -4.032605e+00
      endloop
   endfacet
   facet normal -9.665912e-01 -4.930811e-02 2.515357e-01
      outer loop
         vertex -1.149514e+01 1.030661e+02 -3.596043e+00
         vertex -1.160986e+01 1.030879e+02 -4.032605e+00
         vertex -1.133827e+01 1.014845e+02 -3.303295e+00
      endloop
   endfacet
   facet normal -9.726087e-01 -6.296176e-02 2.237589e-01
      outer loop
         vertex -1.133827e+01 1.014845e+02 -3.303295e+00
         vertex -1.160986e+01 1.030879e+02 -4.032605e+00
         vertex -1.147733e+01 1.015131e+02 -3.899656e+00
      endloop
   endfacet
   facet normal -9.725070e-01 -6.492191e-02 2.236410e-01
      outer loop
         vertex -1.133827e+01 1.014845e+02 -3.303295e+00
         vertex -1.147733e+01 1.015131e+02 -3.899656e+00
         vertex -1.116481e+01 9.990725e+01 -3.006862e+00
      endloop
   endfacet
   facet normal -9.759866e-01 -7.655448e-02 2.039354e-01
      outer loop
         vertex -1.116481e+01 9.990725e+01 -3.006862e+00
         vertex -1.147733e+01 1.015131e+02 -3.899656e+00
         vertex -1.132558e+01 9.994223e+01 -3.763114e+00
      endloop
   endfacet
   facet normal -9.752928e-01 -8.636691e-02 2.033340e-01
      outer loop
         vertex -1.116481e+01 9.990725e+01 -3.006862e+00
         vertex -1.132558e+01 9.994223e+01 -3.763114e+00
         vertex -1.096559e+01 9.832896e+01 -2.721679e+00
      endloop
   endfacet
   facet normal -9.773209e-01 -9.634554e-02 1.885773e-01
      outer loop
         vertex -1.096559e+01 9.832896e+01 -2.721679e+00
         vertex -1.132558e+01 9.994223e+01 -3.763114e+00
         vertex -1.114600e+01 9.837106e+01 -3.635143e+00
      endloop
   endfacet
   facet normal -9.782834e-01 -8.437953e-02 1.893189e-01
      outer loop
         vertex -1.096559e+01 9.832896e+01 -2.721679e+00
         vertex -1.114600e+01 9.837106e+01 -3.635143e+00
         vertex -1.058586e+01 9.518030e+01 -2.162834e+00
      endloop
   endfacet
   facet normal -9.809545e-01 -9.369562e-02 1.701455e-01
      outer loop
         vertex -1.058586e+01 9.518030e+01 -2.162834e+00
         vertex -1.114600e+01 9.837106e+01 -3.635143e+00
         vertex -1.079966e+01 9.522785e+01 -3.369277e+00
      endloop
   endfacet
   facet normal -9.791169e-01 -1.129067e-01 1.690628e-01
      outer loop
         vertex -1.058586e+01 9.518030e+01 -2.162834e+00
         vertex -1.079966e+01 9.522785e+01 -3.369277e+00
         vertex -1.036306e+01 9.360535e+01 -1.924322e+00
      endloop
   endfacet
   facet normal -9.795312e-01 -1.189894e-01 1.623579e-01
      outer loop
         vertex -1.036306e+01 9.360535e+01 -1.924322e+00
         vertex -1.079966e+01 9.522785e+01 -3.369277e+00
         vertex -1.059100e+01 9.365459e+01 -3.263406e+00
      endloop
   endfacet
   facet normal -9.791947e-01 -1.219491e-01 1.621918e-01
      outer loop
         vertex -1.036306e+01 9.360535e+01 -1.924322e+00
         vertex -1.059100e+01 9.365459e+01 -3.263406e+00
         vertex -1.014064e+01 9.210949e+01 -1.706178e+00
      endloop
   endfacet
   facet normal -9.793069e-01 -1.251641e-01 1.590343e-01
      outer loop
         vertex -1.014064e+01 9.210949e+01 -1.706178e+00
         vertex -1.059100e+01 9.365459e+01 -3.263406e+00
         vertex -1.038152e+01 9.214044e+01 -3.165114e+00
      endloop
   endfacet
   facet normal -9.831045e-01 -8.810311e-02 1.604473e-01
      outer loop
         vertex -1.014064e+01 9.210949e+01 -1.706178e+00
         vertex -1.038152e+01 9.214044e+01 -3.165114e+00
         vertex -9.977510e+00 9.071533e+01 -1.472206e+00
      endloop
   endfacet
   facet normal -9.831479e-01 -8.906218e-02 1.596503e-01
      outer loop
         vertex -9.977510e+00 9.071533e+01 -1.472206e+00
         vertex -1.038152e+01 9.214044e+01 -3.165114e+00
         vertex -1.022996e+01 9.070078e+01 -3.034955e+00
      endloop
   endfacet
   facet normal -9.866008e-01 -3.343456e-02 1.596901e-01
      outer loop
         vertex -9.977510e+00 9.071533e+01 -1.472206e+00
         vertex -1.022996e+01 9.070078e+01 -3.034955e+00
         vertex -9.889630e+00 8.937124e+01 -1.210674e+00
      endloop
   endfacet
   facet normal -9.867409e-01 -3.517850e-02 1.584453e-01
      outer loop
         vertex -9.889630e+00 8.937124e+01 -1.210674e+00
         vertex -1.022996e+01 9.070078e+01 -3.034955e+00
         vertex -1.015175e+01 8.929698e+01 -2.859527e+00
      endloop
   endfacet
   facet normal -9.875750e-01 1.696981e-02 1.562293e-01
      outer loop
         vertex -9.889630e+00 8.937124e+01 -1.210674e+00
         vertex -1.015175e+01 8.929698e+01 -2.859527e+00
         vertex -9.869243e+00 8.803050e+01 -9.361705e-01
      endloop
   endfacet
   facet normal -9.879711e-01 1.356077e-02 1.540427e-01
      outer loop
         vertex -9.869243e+00 8.803050e+01 -9.361705e-01
         vertex -1.015175e+01 8.929698e+01 -2.859527e+00
         vertex -1.013858e+01 8.789416e+01 -2.651590e+00
      endloop
   endfacet
   facet normal -9.869800e-01 5.690021e-02 1.504423e-01
      outer loop
         vertex -9.869243e+00 8.803050e+01 -9.361705e-01
         vertex -1.013858e+01 8.789416e+01 -2.651590e+00
         vertex -9.906312e+00 8.671793e+01 -6.829201e-01
      endloop
   endfacet
   facet normal -9.876687e-01 5.207869e-02 1.476429e-01
      outer loop
         vertex -1.013858e+01 8.789416e+01 -2.651590e+00
         vertex -1.018024e+01 8.651029e+01 -2.442166e+00
         vertex -9.906312e+00 8.671793e+01 -6.829201e-01
      endloop
   endfacet
   facet normal -9.856115e-01 9.044209e-02 1.427946e-01
      outer loop
         vertex -9.906312e+00 8.671793e+01 -6.829201e-01
         vertex -1.018024e+01 8.651029e+01 -2.442166e+00
         vertex -1.022653e+01 8.582234e+01 -2.325892e+00
      endloop
   endfacet
   facet normal -9.851417e-01 1.094784e-01 1.323263e-01
      outer loop
         vertex -9.906312e+00 8.671793e+01 -6.829201e-01
         vertex -1.022653e+01 8.582234e+01 -2.325892e+00
         vertex -1.001636e+01 8.539746e+01 -4.097337e-01
      endloop
   endfacet
   facet normal -9.838426e-01 1.185208e-01 1.341888e-01
      outer loop
         vertex -1.001636e+01 8.539746e+01 -4.097337e-01
         vertex -1.022653e+01 8.582234e+01 -2.325892e+00
         vertex -1.029241e+01 8.512360e+01 -2.191811e+00
      endloop
   endfacet
   facet normal -9.796866e-01 1.543358e-01 1.280412e-01
      outer loop
         vertex -1.001636e+01 8.539746e+01 -4.097337e-01
         vertex -1.029241e+01 8.512360e+01 -2.191811e+00
         vertex -1.019974e+01 8.397091e+01 -9.329752e-02
      endloop
   endfacet
   facet normal -9.806250e-01 1.501687e-01 1.257937e-01
      outer loop
         vertex -1.019974e+01 8.397091e+01 -9.329752e-02
         vertex -1.029241e+01 8.512360e+01 -2.191811e+00
         vertex -1.047567e+01 8.366746e+01 -1.882102e+00
      endloop
   endfacet
   facet normal -9.783393e-01 1.667808e-01 1.226230e-01
      outer loop
         vertex -1.019974e+01 8.397091e+01 -9.329752e-02
         vertex -1.047567e+01 8.366746e+01 -1.882102e+00
         vertex -1.031075e+01 8.320429e+01 6.367568e-02
      endloop
   endfacet
   facet normal -9.781283e-01 1.678424e-01 1.228578e-01
      outer loop
         vertex -1.031075e+01 8.320429e+01 6.367568e-02
         vertex -1.047567e+01 8.366746e+01 -1.882102e+00
         vertex -1.070317e+01 8.211698e+01 -1.575142e+00
      endloop
   endfacet
   facet normal -9.763080e-01 1.710488e-01 1.325329e-01
      outer loop
         vertex -1.121642e+01 7.884989e+01 -1.193787e+00
         vertex -1.081102e+01 7.986843e+01 4.780237e-01
         vertex -1.094909e+01 8.049101e+01 -1.342580e+00
      endloop
   endfacet
   facet normal -9.785778e-01 1.603999e-01 1.290635e-01
      outer loop
         vertex -1.094909e+01 8.049101e+01 -1.342580e+00
         vertex -1.081102e+01 7.986843e+01 4.780237e-01
         vertex -1.067913e+01 8.072350e+01 4.153854e-01
      endloop
   endfacet
   facet normal -9.779271e-01 1.648600e-01 1.283737e-01
      outer loop
         vertex -1.094909e+01 8.049101e+01 -1.342580e+00
         vertex -1.067913e+01 8.072350e+01 4.153854e-01
         vertex -1.082460e+01 8.131056e+01 -1.446734e+00
      endloop
   endfacet
   facet normal -9.790332e-01 1.594576e-01 1.267569e-01
      outer loop
         vertex -1.082460e+01 8.131056e+01 -1.446734e+00
         vertex -1.067913e+01 8.072350e+01 4.153854e-01
         vertex -1.055248e+01 8.157289e+01 3.250767e-01
      endloop
   endfacet
   facet normal -9.779068e-01 1.672262e-01 1.254338e-01
      outer loop
         vertex -1.082460e+01 8.131056e+01 -1.446734e+00
         vertex -1.055248e+01 8.157289e+01 3.250767e-01
         vertex -1.070317e+01 8.211698e+01 -1.575142e+00
      endloop
   endfacet
   facet normal -9.787641e-01 1.630084e-01 1.242941e-01
      outer loop
         vertex -1.070317e+01 8.211698e+01 -1.575142e+00
         vertex -1.055248e+01 8.157289e+01 3.250767e-01
         vertex -1.042932e+01 8.240304e+01 2.061230e-01
      endloop
   endfacet
   facet normal -9.782218e-01 1.667404e-01 1.236113e-01
      outer loop
         vertex -1.070317e+01 8.211698e+01 -1.575142e+00
         vertex -1.042932e+01 8.240304e+01 2.061230e-01
         vertex -1.031075e+01 8.320429e+01 6.367568e-02
      endloop
   endfacet
   facet normal -9.736474e-01 1.836054e-01 1.352768e-01
      outer loop
         vertex -1.150901e+01 7.723247e+01 -1.104450e+00
         vertex -1.110026e+01 7.818611e+01 5.431554e-01
         vertex -1.121642e+01 7.884989e+01 -1.193787e+00
      endloop
   endfacet
   facet normal -9.753657e-01 1.762941e-01 1.325977e-01
      outer loop
         vertex -1.121642e+01 7.884989e+01 -1.193787e+00
         vertex -1.110026e+01 7.818611e+01 5.431554e-01
         vertex -1.095217e+01 7.902257e+01 5.203801e-01
      endloop
   endfacet
   facet normal -9.764346e-01 1.696187e-01 1.334349e-01
      outer loop
         vertex -1.121642e+01 7.884989e+01 -1.193787e+00
         vertex -1.095217e+01 7.902257e+01 5.203801e-01
         vertex -1.081102e+01 7.986843e+01 4.780237e-01
      endloop
   endfacet
   facet normal -9.715698e-01 1.895024e-01 1.419185e-01
      outer loop
         vertex -1.182085e+01 7.562138e+01 -1.088057e+00
         vertex -1.140998e+01 7.652299e+01 5.208280e-01
         vertex -1.150901e+01 7.723247e+01 -1.104450e+00
      endloop
   endfacet
   facet normal -9.738114e-01 1.805674e-01 1.381547e-01
      outer loop
         vertex -1.150901e+01 7.723247e+01 -1.104450e+00
         vertex -1.140998e+01 7.652299e+01 5.208280e-01
         vertex -1.125267e+01 7.735390e+01 5.436550e-01
      endloop
   endfacet
   facet normal -9.741637e-01 1.784963e-01 1.383620e-01
      outer loop
         vertex -1.150901e+01 7.723247e+01 -1.104450e+00
         vertex -1.125267e+01 7.735390e+01 5.436550e-01
         vertex -1.110026e+01 7.818611e+01 5.431554e-01
      endloop
   endfacet
   facet normal -9.677278e-01 2.024317e-01 1.500812e-01
      outer loop
         vertex -1.216754e+01 7.400393e+01 -1.141838e+00
         vertex -1.174812e+01 7.486075e+01 4.068798e-01
         vertex -1.182085e+01 7.562138e+01 -1.088057e+00
      endloop
   endfacet
   facet normal -9.708834e-01 1.910905e-01 1.444642e-01
      outer loop
         vertex -1.182085e+01 7.562138e+01 -1.088057e+00
         vertex -1.174812e+01 7.486075e+01 4.068798e-01
         vertex -1.157438e+01 7.569204e+01 4.748835e-01
      endloop
   endfacet
   facet normal -9.721178e-01 1.843154e-01 1.449652e-01
      outer loop
         vertex -1.182085e+01 7.562138e+01 -1.088057e+00
         vertex -1.157438e+01 7.569204e+01 4.748835e-01
         vertex -1.140998e+01 7.652299e+01 5.208280e-01
      endloop
   endfacet
   facet normal -8.926466e-01 -2.556030e-01 3.712804e-01
      outer loop
         vertex -1.208201e+01 5.870491e+01 -4.061535e+00
         vertex -1.211873e+01 5.908865e+01 -3.885635e+00
         vertex -1.224625e+01 5.948801e+01 -3.917287e+00
      endloop
   endfacet
   facet normal -9.007608e-01 -2.600504e-01 3.478560e-01
      outer loop
         vertex -1.224625e+01 5.948801e+01 -3.917287e+00
         vertex -1.211873e+01 5.908865e+01 -3.885635e+00
         vertex -1.219193e+01 5.947752e+01 -3.784496e+00
      endloop
   endfacet
   facet normal -8.994164e-01 -2.659980e-01 3.468361e-01
      outer loop
         vertex -1.224625e+01 5.948801e+01 -3.917287e+00
         vertex -1.219193e+01 5.947752e+01 -3.784496e+00
         vertex -1.240449e+01 6.026296e+01 -3.733318e+00
      endloop
   endfacet
   facet normal -9.084781e-01 -2.668113e-01 3.216819e-01
      outer loop
         vertex -1.240449e+01 6.026296e+01 -3.733318e+00
         vertex -1.219193e+01 5.947752e+01 -3.784496e+00
         vertex -1.233042e+01 6.024798e+01 -3.536563e+00
      endloop
   endfacet
   facet normal -9.132565e-01 -2.455000e-01 3.251036e-01
      outer loop
         vertex -1.240449e+01 6.026296e+01 -3.733318e+00
         vertex -1.233042e+01 6.024798e+01 -3.536563e+00
         vertex -1.253535e+01 6.102450e+01 -3.525836e+00
      endloop
   endfacet
   facet normal -9.265881e-01 -2.484275e-01 2.823443e-01
      outer loop
         vertex -1.253535e+01 6.102450e+01 -3.525836e+00
         vertex -1.233042e+01 6.024798e+01 -3.536563e+00
         vertex -1.244591e+01 6.100283e+01 -3.251389e+00
      endloop
   endfacet
   facet normal -9.314714e-01 -2.251544e-01 2.857736e-01
      outer loop
         vertex -1.253535e+01 6.102450e+01 -3.525836e+00
         vertex -1.244591e+01 6.100283e+01 -3.251389e+00
         vertex -1.276426e+01 6.252348e+01 -3.090966e+00
      endloop
   endfacet
   facet normal -9.464506e-01 -2.227920e-01 2.336557e-01
      outer loop
         vertex -1.276426e+01 6.252348e+01 -3.090966e+00
         vertex -1.244591e+01 6.100283e+01 -3.251389e+00
         vertex -1.264785e+01 6.248497e+01 -2.656145e+00
      endloop
   endfacet
   facet normal -9.479450e-01 -2.151791e-01 2.347300e-01
      outer loop
         vertex -1.276426e+01 6.252348e+01 -3.090966e+00
         vertex -1.264785e+01 6.248497e+01 -2.656145e+00
         vertex -1.288869e+01 6.330526e+01 -2.876812e+00
      endloop
   endfacet
   facet normal -9.503757e-01 -2.198139e-01 2.201541e-01
      outer loop
         vertex -1.288869e+01 6.330526e+01 -2.876812e+00
         vertex -1.264785e+01 6.248497e+01 -2.656145e+00
         vertex -1.275943e+01 6.326178e+01 -2.362225e+00
      endloop
   endfacet
   facet normal -9.565212e-01 -1.861391e-01 2.245428e-01
      outer loop
         vertex -1.288869e+01 6.330526e+01 -2.876812e+00
         vertex -1.275943e+01 6.326178e+01 -2.362225e+00
         vertex -1.299564e+01 6.410442e+01 -2.669907e+00
      endloop
   endfacet
   facet normal -9.582675e-01 -1.909284e-01 2.127671e-01
      outer loop
         vertex -1.299564e+01 6.410442e+01 -2.669907e+00
         vertex -1.275943e+01 6.326178e+01 -2.362225e+00
         vertex -1.285432e+01 6.405793e+01 -2.075138e+00
      endloop
   endfacet
   facet normal -9.653891e-01 -1.428454e-01 2.182178e-01
      outer loop
         vertex -1.299564e+01 6.410442e+01 -2.669907e+00
         vertex -1.285432e+01 6.405793e+01 -2.075138e+00
         vertex -1.307049e+01 6.491156e+01 -2.472716e+00
      endloop
   endfacet
   facet normal -9.668682e-01 -1.479722e-01 2.080145e-01
      outer loop
         vertex -1.307049e+01 6.491156e+01 -2.472716e+00
         vertex -1.285432e+01 6.405793e+01 -2.075138e+00
         vertex -1.291784e+01 6.486316e+01 -1.797614e+00
      endloop
   endfacet
   facet normal -9.723721e-01 -9.546449e-02 2.130234e-01
      outer loop
         vertex -1.307049e+01 6.491156e+01 -2.472716e+00
         vertex -1.291784e+01 6.486316e+01 -1.797614e+00
         vertex -1.310935e+01 6.572257e+01 -2.286648e+00
      endloop
   endfacet
   facet normal -9.737686e-01 -1.009570e-01 2.039178e-01
      outer loop
         vertex -1.310935e+01 6.572257e+01 -2.286648e+00
         vertex -1.291784e+01 6.486316e+01 -1.797614e+00
         vertex -1.294608e+01 6.567311e+01 -1.531433e+00
      endloop
   endfacet
   facet normal -9.767955e-01 -5.192810e-02 2.077835e-01
      outer loop
         vertex -1.310935e+01 6.572257e+01 -2.286648e+00
         vertex -1.294608e+01 6.567311e+01 -1.531433e+00
         vertex -1.311558e+01 6.653704e+01 -2.112363e+00
      endloop
   endfacet
   facet normal -9.781786e-01 -5.770845e-02 1.995907e-01
      outer loop
         vertex -1.311558e+01 6.653704e+01 -2.112363e+00
         vertex -1.294608e+01 6.567311e+01 -1.531433e+00
         vertex -1.294235e+01 6.648751e+01 -1.277689e+00
      endloop
   endfacet
   facet normal -9.791928e-01 -1.708547e-02 2.022119e-01
      outer loop
         vertex -1.311558e+01 6.653704e+01 -2.112363e+00
         vertex -1.294235e+01 6.648751e+01 -1.277689e+00
         vertex -1.309637e+01 6.735670e+01 -1.950079e+00
      endloop
   endfacet
   facet normal -9.805704e-01 -2.305744e-02 1.948076e-01
      outer loop
         vertex -1.309637e+01 6.735670e+01 -1.950079e+00
         vertex -1.294235e+01 6.648751e+01 -1.277689e+00
         vertex -1.291385e+01 6.730849e+01 -1.037057e+00
      endloop
   endfacet
   facet normal -9.802726e-01 1.739062e-02 1.968839e-01
      outer loop
         vertex -1.309637e+01 6.735670e+01 -1.950079e+00
         vertex -1.291385e+01 6.730849e+01 -1.037057e+00
         vertex -1.300902e+01 6.901951e+01 -1.662031e+00
      endloop
   endfacet
   facet normal -9.827927e-01 1.264616e-02 1.842785e-01
      outer loop
         vertex -1.300902e+01 6.901951e+01 -1.662031e+00
         vertex -1.291385e+01 6.730849e+01 -1.037057e+00
         vertex -1.280989e+01 6.897953e+01 -5.973300e-01
      endloop
   endfacet
   facet normal -9.814554e-01 4.876218e-02 1.853846e-01
      outer loop
         vertex -1.300902e+01 6.901951e+01 -1.662031e+00
         vertex -1.280989e+01 6.897953e+01 -5.973300e-01
         vertex -1.294357e+01 6.986247e+01 -1.537271e+00
      endloop
   endfacet
   facet normal -9.828244e-01 4.240275e-02 1.796055e-01
      outer loop
         vertex -1.294357e+01 6.986247e+01 -1.537271e+00
         vertex -1.280989e+01 6.897953e+01 -5.973300e-01
         vertex -1.273714e+01 6.982949e+01 -3.998853e-01
      endloop
   endfacet
   facet normal -9.800475e-01 8.366302e-02 1.802981e-01
      outer loop
         vertex -1.294357e+01 6.986247e+01 -1.537271e+00
         vertex -1.273714e+01 6.982949e+01 -3.998853e-01
         vertex -1.285121e+01 7.070705e+01 -1.427133e+00
      endloop
   endfacet
   facet normal -9.815999e-01 7.696701e-02 1.747502e-01
      outer loop
         vertex -1.285121e+01 7.070705e+01 -1.427133e+00
         vertex -1.273714e+01 6.982949e+01 -3.998853e-01
         vertex -1.263815e+01 7.068221e+01 -2.193846e-01
      endloop
   endfacet
   facet normal -9.743556e-01 1.416870e-01 1.748029e-01
      outer loop
         vertex -1.285121e+01 7.070705e+01 -1.427133e+00
         vertex -1.263815e+01 7.068221e+01 -2.193846e-01
         vertex -1.271279e+01 7.154360e+01 -1.333638e+00
      endloop
   endfacet
   facet normal -9.763278e-01 1.345087e-01 1.693857e-01
      outer loop
         vertex -1.271279e+01 7.154360e+01 -1.333638e+00
         vertex -1.263815e+01 7.068221e+01 -2.193846e-01
         vertex -1.249373e+01 7.152709e+01 -5.788477e-02
      endloop
   endfacet
   facet normal -9.678327e-01 1.867429e-01 1.686030e-01
      outer loop
         vertex -1.271279e+01 7.154360e+01 -1.333638e+00
         vertex -1.249373e+01 7.152709e+01 -5.788477e-02
         vertex -1.253968e+01 7.237037e+01 -1.255669e+00
      endloop
   endfacet
   facet normal -9.701381e-01 1.792442e-01 1.634122e-01
      outer loop
         vertex -1.253968e+01 7.237037e+01 -1.255669e+00
         vertex -1.249373e+01 7.152709e+01 -5.788477e-02
         vertex -1.231500e+01 7.236400e+01 8.519219e-02
      endloop
   endfacet
   facet normal -9.644379e-01 2.083801e-01 1.625954e-01
      outer loop
         vertex -1.253968e+01 7.237037e+01 -1.255669e+00
         vertex -1.231500e+01 7.236400e+01 8.519219e-02
         vertex -1.216754e+01 7.400393e+01 -1.141838e+00
      endloop
   endfacet
   facet normal -9.675700e-01 2.012408e-01 1.526773e-01
      outer loop
         vertex -1.216754e+01 7.400393e+01 -1.141838e+00
         vertex -1.231500e+01 7.236400e+01 8.519219e-02
         vertex -1.193188e+01 7.402918e+01 3.183129e-01
      endloop
   endfacet
   facet normal -9.682741e-01 1.976902e-01 1.528524e-01
      outer loop
         vertex -1.216754e+01 7.400393e+01 -1.141838e+00
         vertex -1.193188e+01 7.402918e+01 3.183129e-01
         vertex -1.174812e+01 7.486075e+01 4.068798e-01
      endloop
   endfacet
   facet normal -9.672646e-01 -1.112188e-01 2.280999e-01
      outer loop
         vertex -1.197819e+01 5.790237e+01 -4.150194e+00
         vertex -1.195598e+01 5.789452e+01 -4.059834e+00
         vertex -1.201623e+01 5.830798e+01 -4.113718e+00
      endloop
   endfacet
   facet normal -9.596217e-01 -1.058680e-01 2.606112e-01
      outer loop
         vertex -1.201623e+01 5.830798e+01 -4.113718e+00
         vertex -1.195598e+01 5.789452e+01 -4.059834e+00
         vertex -1.199155e+01 5.830066e+01 -4.025812e+00
      endloop
   endfacet
   facet normal -9.491953e-01 -1.902516e-01 2.506642e-01
      outer loop
         vertex -1.201623e+01 5.830798e+01 -4.113718e+00
         vertex -1.199155e+01 5.830066e+01 -4.025812e+00
         vertex -1.208201e+01 5.870491e+01 -4.061535e+00
      endloop
   endfacet
   facet normal -9.338650e-01 -1.817549e-01 3.079955e-01
      outer loop
         vertex -1.208201e+01 5.870491e+01 -4.061535e+00
         vertex -1.199155e+01 5.830066e+01 -4.025812e+00
         vertex -1.204932e+01 5.869712e+01 -3.967029e+00
      endloop
   endfacet
   facet normal -9.260616e-01 -2.268495e-01 3.015780e-01
      outer loop
         vertex -1.208201e+01 5.870491e+01 -4.061535e+00
         vertex -1.204932e+01 5.869712e+01 -3.967029e+00
         vertex -1.211873e+01 5.908865e+01 -3.885635e+00
      endloop
   endfacet
   facet normal -9.776915e-01 -1.563723e-01 1.402396e-01
      outer loop
         vertex -1.197642e+01 1.078888e+02 -4.151416e+00
         vertex -1.199018e+01 1.078947e+02 -4.240782e+00
         vertex -1.191821e+01 1.074877e+02 -4.192842e+00
      endloop
   endfacet
   facet normal -9.746001e-01 -1.530907e-01 1.634562e-01
      outer loop
         vertex -1.191821e+01 1.074877e+02 -4.192842e+00
         vertex -1.199018e+01 1.078947e+02 -4.240782e+00
         vertex -1.193357e+01 1.074929e+02 -4.279557e+00
      endloop
   endfacet
   facet normal -9.815302e-01 -9.077474e-02 1.683993e-01
      outer loop
         vertex -1.191821e+01 1.074877e+02 -4.192842e+00
         vertex -1.193357e+01 1.074929e+02 -4.279557e+00
         vertex -1.188551e+01 1.070813e+02 -4.221314e+00
      endloop
   endfacet
   facet normal -9.747069e-01 -8.453259e-02 2.068834e-01
      outer loop
         vertex -1.188551e+01 1.070813e+02 -4.221314e+00
         vertex -1.193357e+01 1.074929e+02 -4.279557e+00
         vertex -1.190580e+01 1.070865e+02 -4.314783e+00
      endloop
   endfacet
   facet normal -9.769367e-01 -3.925028e-02 2.098905e-01
      outer loop
         vertex -1.188551e+01 1.070813e+02 -4.221314e+00
         vertex -1.190580e+01 1.070865e+02 -4.314783e+00
         vertex -1.185539e+01 1.062680e+02 -4.233189e+00
      endloop
   endfacet
   facet normal -9.688291e-01 -3.522938e-02 2.452123e-01
      outer loop
         vertex -1.185539e+01 1.062680e+02 -4.233189e+00
         vertex -1.190580e+01 1.070865e+02 -4.314783e+00
         vertex -1.188899e+01 1.062745e+02 -4.365003e+00
      endloop
   endfacet
   facet normal -9.690253e-01 -2.352343e-02 2.458386e-01
      outer loop
         vertex -1.185539e+01 1.062680e+02 -4.233189e+00
         vertex -1.188899e+01 1.062745e+02 -4.365003e+00
         vertex -1.182647e+01 1.054652e+02 -4.196024e+00
      endloop
   endfacet
   facet normal -9.733595e-01 -2.766415e-02 2.276094e-01
      outer loop
         vertex -1.182647e+01 1.054652e+02 -4.196024e+00
         vertex -1.188899e+01 1.062745e+02 -4.365003e+00
         vertex -1.187231e+01 1.054745e+02 -4.390930e+00
      endloop
   endfacet
   facet normal -9.727418e-01 -5.021366e-02 2.263892e-01
      outer loop
         vertex -1.182647e+01 1.054652e+02 -4.196024e+00
         vertex -1.187231e+01 1.054745e+02 -4.390930e+00
         vertex -1.177193e+01 1.046716e+02 -4.137706e+00
      endloop
   endfacet
   facet normal -9.786103e-01 -6.031676e-02 1.966817e-01
      outer loop
         vertex -1.177193e+01 1.046716e+02 -4.137706e+00
         vertex -1.187231e+01 1.054745e+02 -4.390930e+00
         vertex -1.182735e+01 1.046859e+02 -4.409056e+00
      endloop
   endfacet
   facet normal -9.769469e-01 -8.704431e-02 1.949307e-01
      outer loop
         vertex -1.177193e+01 1.046716e+02 -4.137706e+00
         vertex -1.182735e+01 1.046859e+02 -4.409056e+00
         vertex -1.160986e+01 1.030879e+02 -4.032605e+00
      endloop
   endfacet
   facet normal -9.826854e-01 -9.648317e-02 1.581784e-01
      outer loop
         vertex -1.160986e+01 1.030879e+02 -4.032605e+00
         vertex -1.182735e+01 1.046859e+02 -4.409056e+00
         vertex -1.168197e+01 1.031169e+02 -4.462897e+00
      endloop
   endfacet
   facet normal -9.846246e-01 -6.932741e-02 1.603373e-01
      outer loop
         vertex -1.160986e+01 1.030879e+02 -4.032605e+00
         vertex -1.168197e+01 1.031169e+02 -4.462897e+00
         vertex -1.147733e+01 1.015131e+02 -3.899656e+00
      endloop
   endfacet
   facet normal -9.869481e-01 -7.608834e-02 1.419299e-01
      outer loop
         vertex -1.147733e+01 1.015131e+02 -3.899656e+00
         vertex -1.168197e+01 1.031169e+02 -4.462897e+00
         vertex -1.156474e+01 1.015504e+02 -4.487522e+00
      endloop
   endfacet
   facet normal -9.864641e-01 -8.300046e-02 1.414197e-01
      outer loop
         vertex -1.147733e+01 1.015131e+02 -3.899656e+00
         vertex -1.156474e+01 1.015504e+02 -4.487522e+00
         vertex -1.132558e+01 9.994223e+01 -3.763114e+00
      endloop
   endfacet
   facet normal -9.877050e-01 -8.899271e-02 1.285267e-01
      outer loop
         vertex -1.132558e+01 9.994223e+01 -3.763114e+00
         vertex -1.156474e+01 1.015504e+02 -4.487522e+00
         vertex -1.142664e+01 9.998704e+01 -4.508717e+00
      endloop
   endfacet
   facet normal -9.865334e-01 -1.023680e-01 1.275640e-01
      outer loop
         vertex -1.132558e+01 9.994223e+01 -3.763114e+00
         vertex -1.142664e+01 9.998704e+01 -4.508717e+00
         vertex -1.114600e+01 9.837106e+01 -3.635143e+00
      endloop
   endfacet
   facet normal -9.871649e-01 -1.076778e-01 1.179444e-01
      outer loop
         vertex -1.114600e+01 9.837106e+01 -3.635143e+00
         vertex -1.142664e+01 9.998704e+01 -4.508717e+00
         vertex -1.125940e+01 9.842408e+01 -4.535929e+00
      endloop
   endfacet
   facet normal -9.880143e-01 -9.883583e-02 1.185718e-01
      outer loop
         vertex -1.114600e+01 9.837106e+01 -3.635143e+00
         vertex -1.125940e+01 9.842408e+01 -4.535929e+00
         vertex -1.079966e+01 9.522785e+01 -3.369277e+00
      endloop
   endfacet
   facet normal -9.889268e-01 -1.033853e-01 1.064674e-01
      outer loop
         vertex -1.079966e+01 9.522785e+01 -3.369277e+00
         vertex -1.125940e+01 9.842408e+01 -4.535929e+00
         vertex -1.093406e+01 9.528805e+01 -4.559184e+00
      endloop
   endfacet
   facet normal -9.867178e-01 -1.237900e-01 1.051854e-01
      outer loop
         vertex -1.079966e+01 9.522785e+01 -3.369277e+00
         vertex -1.093406e+01 9.528805e+01 -4.559184e+00
         vertex -1.059100e+01 9.365459e+01 -3.263406e+00
      endloop
   endfacet
   facet normal -9.867326e-01 -1.271009e-01 1.010155e-01
      outer loop
         vertex -1.059100e+01 9.365459e+01 -3.263406e+00
         vertex -1.093406e+01 9.528805e+01 -4.559184e+00
         vertex -1.073429e+01 9.371714e+01 -4.584332e+00
      endloop
   endfacet
   facet normal -9.863828e-01 -1.299205e-01 1.008441e-01
      outer loop
         vertex -1.059100e+01 9.365459e+01 -3.263406e+00
         vertex -1.073429e+01 9.371714e+01 -4.584332e+00
         vertex -1.038152e+01 9.214044e+01 -3.165114e+00
      endloop
   endfacet
   facet normal -9.863652e-01 -1.308623e-01 9.979343e-02
      outer loop
         vertex -1.073429e+01 9.371714e+01 -4.584332e+00
         vertex -1.053294e+01 9.218397e+01 -4.604691e+00
         vertex -1.038152e+01 9.214044e+01 -3.165114e+00
      endloop
   endfacet
   facet normal -9.892113e-01 -1.062681e-01 1.008365e-01
      outer loop
         vertex -1.038152e+01 9.214044e+01 -3.165114e+00
         vertex -1.053294e+01 9.218397e+01 -4.604691e+00
         vertex -1.045193e+01 9.143567e+01 -4.598611e+00
      endloop
   endfacet
   facet normal -9.908045e-01 -9.565038e-02 9.569467e-02
      outer loop
         vertex -1.038152e+01 9.214044e+01 -3.165114e+00
         vertex -1.045193e+01 9.143567e+01 -4.598611e+00
         vertex -1.022996e+01 9.070078e+01 -3.034955e+00
      endloop
   endfacet
   facet normal -9.834670e-01 -1.099261e-01 1.439059e-01
      outer loop
         vertex -1.199216e+01 5.791058e+01 -4.239342e+00
         vertex -1.197819e+01 5.790237e+01 -4.150194e+00
         vertex -1.203174e+01 5.831569e+01 -4.200441e+00
      endloop
   endfacet
   facet normal -9.803404e-01 -1.068497e-01 1.658793e-01
      outer loop
         vertex -1.203174e+01 5.831569e+01 -4.200441e+00
         vertex -1.197819e+01 5.790237e+01 -4.150194e+00
         vertex -1.201623e+01 5.830798e+01 -4.113718e+00
      endloop
   endfacet
   facet normal -9.691308e-01 -1.905683e-01 1.564261e-01
      outer loop
         vertex -1.203174e+01 5.831569e+01 -4.200441e+00
         vertex -1.201623e+01 5.830798e+01 -4.113718e+00
         vertex -1.210256e+01 5.871330e+01 -4.154753e+00
      endloop
   endfacet
   facet normal -9.630204e-01 -1.853021e-01 1.955886e-01
      outer loop
         vertex -1.210256e+01 5.871330e+01 -4.154753e+00
         vertex -1.201623e+01 5.830798e+01 -4.113718e+00
         vertex -1.208201e+01 5.870491e+01 -4.061535e+00
      endloop
   endfacet
   facet normal -9.521419e-01 -2.408523e-01 1.881915e-01
      outer loop
         vertex -1.210256e+01 5.871330e+01 -4.154753e+00
         vertex -1.208201e+01 5.870491e+01 -4.061535e+00
         vertex -1.228039e+01 5.949952e+01 -4.048251e+00
      endloop
   endfacet
   facet normal -9.444207e-01 -2.395424e-01 2.251421e-01
      outer loop
         vertex -1.228039e+01 5.949952e+01 -4.048251e+00
         vertex -1.208201e+01 5.870491e+01 -4.061535e+00
         vertex -1.224625e+01 5.948801e+01 -3.917287e+00
      endloop
   endfacet
   facet normal -9.439938e-01 -2.414822e-01 2.248602e-01
      outer loop
         vertex -1.228039e+01 5.949952e+01 -4.048251e+00
         vertex -1.224625e+01 5.948801e+01 -3.917287e+00
         vertex -1.245105e+01 6.027923e+01 -3.927385e+00
      endloop
   endfacet
   facet normal -9.477539e-01 -2.426828e-01 2.070451e-01
      outer loop
         vertex -1.245105e+01 6.027923e+01 -3.927385e+00
         vertex -1.224625e+01 5.948801e+01 -3.917287e+00
         vertex -1.240449e+01 6.026296e+01 -3.733318e+00
      endloop
   endfacet
   facet normal -9.544697e-01 -2.105170e-01 2.113534e-01
      outer loop
         vertex -1.245105e+01 6.027923e+01 -3.927385e+00
         vertex -1.240449e+01 6.026296e+01 -3.733318e+00
         vertex -1.259157e+01 6.104767e+01 -3.796562e+00
      endloop
   endfacet
   facet normal -9.598619e-01 -2.142485e-01 1.810047e-01
      outer loop
         vertex -1.259157e+01 6.104767e+01 -3.796562e+00
         vertex -1.240449e+01 6.026296e+01 -3.733318e+00
         vertex -1.253535e+01 6.102450e+01 -3.525836e+00
      endloop
   endfacet
   facet normal -9.643909e-01 -1.899614e-01 1.840240e-01
      outer loop
         vertex -1.259157e+01 6.104767e+01 -3.796562e+00
         vertex -1.253535e+01 6.102450e+01 -3.525836e+00
         vertex -1.283744e+01 6.256384e+01 -3.519964e+00
      endloop
   endfacet
   facet normal -9.704333e-01 -1.910081e-01 1.475638e-01
      outer loop
         vertex -1.283744e+01 6.256384e+01 -3.519964e+00
         vertex -1.253535e+01 6.102450e+01 -3.525836e+00
         vertex -1.276426e+01 6.252348e+01 -3.090966e+00
      endloop
   endfacet
   facet normal -9.707758e-01 -1.890721e-01 1.478044e-01
      outer loop
         vertex -1.283744e+01 6.256384e+01 -3.519964e+00
         vertex -1.276426e+01 6.252348e+01 -3.090966e+00
         vertex -1.296995e+01 6.335001e+01 -3.384610e+00
      endloop
   endfacet
   facet normal -9.714656e-01 -1.925567e-01 1.384792e-01
      outer loop
         vertex -1.296995e+01 6.335001e+01 -3.384610e+00
         vertex -1.276426e+01 6.252348e+01 -3.090966e+00
         vertex -1.288869e+01 6.330526e+01 -2.876812e+00
      endloop
   endfacet
   facet normal -9.764891e-01 -1.622269e-01 1.419562e-01
      outer loop
         vertex -1.296995e+01 6.335001e+01 -3.384610e+00
         vertex -1.288869e+01 6.330526e+01 -2.876812e+00
         vertex -1.308448e+01 6.415111e+01 -3.256949e+00
      endloop
   endfacet
   facet normal -9.769530e-01 -1.656064e-01 1.346752e-01
      outer loop
         vertex -1.308448e+01 6.415111e+01 -3.256949e+00
         vertex -1.288869e+01 6.330526e+01 -2.876812e+00
         vertex -1.299564e+01 6.410442e+01 -2.669907e+00
      endloop
   endfacet
   facet normal -9.829572e-01 -1.200708e-01 1.392051e-01
      outer loop
         vertex -1.308448e+01 6.415111e+01 -3.256949e+00
         vertex -1.299564e+01 6.410442e+01 -2.669907e+00
         vertex -1.316645e+01 6.495877e+01 -3.139157e+00
      endloop
   endfacet
   facet normal -9.833939e-01 -1.236559e-01 1.328368e-01
      outer loop
         vertex -1.316645e+01 6.495877e+01 -3.139157e+00
         vertex -1.299564e+01 6.410442e+01 -2.669907e+00
         vertex -1.307049e+01 6.491156e+01 -2.472716e+00
      endloop
   endfacet
   facet normal -9.878312e-01 -7.358085e-02 1.370233e-01
      outer loop
         vertex -1.316645e+01 6.495877e+01 -3.139157e+00
         vertex -1.307049e+01 6.491156e+01 -2.472716e+00
         vertex -1.321200e+01 6.576925e+01 -3.032256e+00
      endloop
   endfacet
   facet normal -9.883245e-01 -7.745760e-02 1.312056e-01
      outer loop
         vertex -1.321200e+01 6.576925e+01 -3.032256e+00
         vertex -1.307049e+01 6.491156e+01 -2.472716e+00
         vertex -1.310935e+01 6.572257e+01 -2.286648e+00
      endloop
   endfacet
   facet normal -9.904403e-01 -3.104992e-02 1.344022e-01
      outer loop
         vertex -1.321200e+01 6.576925e+01 -3.032256e+00
         vertex -1.310935e+01 6.572257e+01 -2.286648e+00
         vertex -1.322448e+01 6.658203e+01 -2.936465e+00
      endloop
   endfacet
   facet normal -9.910157e-01 -3.518561e-02 1.290342e-01
      outer loop
         vertex -1.322448e+01 6.658203e+01 -2.936465e+00
         vertex -1.310935e+01 6.572257e+01 -2.286648e+00
         vertex -1.311558e+01 6.653704e+01 -2.112363e+00
      endloop
   endfacet
   facet normal -9.913602e-01 2.596858e-03 1.311422e-01
      outer loop
         vertex -1.322448e+01 6.658203e+01 -2.936465e+00
         vertex -1.311558e+01 6.653704e+01 -2.112363e+00
         vertex -1.321111e+01 6.739847e+01 -2.851540e+00
      endloop
   endfacet
   facet normal -9.920057e-01 -1.731759e-03 1.261812e-01
      outer loop
         vertex -1.321111e+01 6.739847e+01 -2.851540e+00
         vertex -1.311558e+01 6.653704e+01 -2.112363e+00
         vertex -1.309637e+01 6.735670e+01 -1.950079e+00
      endloop
   endfacet
   facet normal -9.911655e-01 3.547516e-02 1.277981e-01
      outer loop
         vertex -1.321111e+01 6.739847e+01 -2.851540e+00
         vertex -1.309637e+01 6.735670e+01 -1.950079e+00
         vertex -1.313419e+01 6.904884e+01 -2.713126e+00
      endloop
   endfacet
   facet normal -9.923868e-01 3.150814e-02 1.190613e-01
      outer loop
         vertex -1.313419e+01 6.904884e+01 -2.713126e+00
         vertex -1.309637e+01 6.735670e+01 -1.950079e+00
         vertex -1.300902e+01 6.901951e+01 -1.662031e+00
      endloop
   endfacet
   facet normal -9.906907e-01 6.468024e-02 1.197851e-01
      outer loop
         vertex -1.313419e+01 6.904884e+01 -2.713126e+00
         vertex -1.300902e+01 6.901951e+01 -1.662031e+00
         vertex -1.307334e+01 6.988252e+01 -2.659991e+00
      endloop
   endfacet
   facet normal -9.914827e-01 5.985911e-02 1.156670e-01
      outer loop
         vertex -1.307334e+01 6.988252e+01 -2.659991e+00
         vertex -1.300902e+01 6.901951e+01 -1.662031e+00
         vertex -1.294357e+01 6.986247e+01 -1.537271e+00
      endloop
   endfacet
   facet normal -9.883216e-01 9.881841e-02 1.159973e-01
      outer loop
         vertex -1.307334e+01 6.988252e+01 -2.659991e+00
         vertex -1.294357e+01 6.986247e+01 -1.537271e+00
         vertex -1.298515e+01 7.071657e+01 -2.619132e+00
      endloop
   endfacet
   facet normal -9.893010e-01 9.359320e-02 1.119098e-01
      outer loop
         vertex -1.298515e+01 7.071657e+01 -2.619132e+00
         vertex -1.294357e+01 6.986247e+01 -1.537271e+00
         vertex -1.285121e+01 7.070705e+01 -1.427133e+00
      endloop
   endfacet
   facet normal -9.813748e-01 1.564179e-01 1.115210e-01
      outer loop
         vertex -1.298515e+01 7.071657e+01 -2.619132e+00
         vertex -1.285121e+01 7.070705e+01 -1.427133e+00
         vertex -1.285049e+01 7.154243e+01 -2.592526e+00
      endloop
   endfacet
   facet normal -9.827460e-01 1.506130e-01 1.073591e-01
      outer loop
         vertex -1.285049e+01 7.154243e+01 -2.592526e+00
         vertex -1.285121e+01 7.070705e+01 -1.427133e+00
         vertex -1.271279e+01 7.154360e+01 -1.333638e+00
      endloop
   endfacet
   facet normal -9.738248e-01 2.008926e-01 1.063362e-01
      outer loop
         vertex -1.285049e+01 7.154243e+01 -2.592526e+00
         vertex -1.271279e+01 7.154360e+01 -1.333638e+00
         vertex -1.268092e+01 7.235702e+01 -2.578542e+00
      endloop
   endfacet
   facet normal -9.755407e-01 1.946196e-01 1.021935e-01
      outer loop
         vertex -1.268092e+01 7.235702e+01 -2.578542e+00
         vertex -1.271279e+01 7.154360e+01 -1.333638e+00
         vertex -1.253968e+01 7.237037e+01 -1.255669e+00
      endloop
   endfacet
   facet normal -9.698555e-01 2.216209e-01 1.013142e-01
      outer loop
         vertex -1.268092e+01 7.235702e+01 -2.578542e+00
         vertex -1.253968e+01 7.237037e+01 -1.255669e+00
         vertex -1.231568e+01 7.395691e+01 -2.581855e+00
      endloop
   endfacet
   facet normal -9.721780e-01 2.149934e-01 9.299322e-02
      outer loop
         vertex -1.231568e+01 7.395691e+01 -2.581855e+00
         vertex -1.253968e+01 7.237037e+01 -1.255669e+00
         vertex -1.216754e+01 7.400393e+01 -1.141838e+00
      endloop
   endfacet
   facet normal -9.726088e-01 2.129880e-01 9.310301e-02
      outer loop
         vertex -1.231568e+01 7.395691e+01 -2.581855e+00
         vertex -1.216754e+01 7.400393e+01 -1.141838e+00
         vertex -1.197579e+01 7.552963e+01 -2.629006e+00
      endloop
   endfacet
   facet normal -9.747716e-01 2.060809e-01 8.573820e-02
      outer loop
         vertex -1.197579e+01 7.552963e+01 -2.629006e+00
         vertex -1.216754e+01 7.400393e+01 -1.141838e+00
         vertex -1.182085e+01 7.562138e+01 -1.088057e+00
      endloop
   endfacet
   facet normal -9.766639e-01 1.965869e-01 8.649378e-02
      outer loop
         vertex -1.197579e+01 7.552963e+01 -2.629006e+00
         vertex -1.182085e+01 7.562138e+01 -1.088057e+00
         vertex -1.167014e+01 7.709213e+01 -2.729098e+00
      endloop
   endfacet
   facet normal -9.784289e-01 1.902063e-01 8.061321e-02
      outer loop
         vertex -1.167014e+01 7.709213e+01 -2.729098e+00
         vertex -1.182085e+01 7.562138e+01 -1.088057e+00
         vertex -1.150901e+01 7.723247e+01 -1.104450e+00
      endloop
   endfacet
   facet normal -9.789349e-01 1.874608e-01 8.090056e-02
      outer loop
         vertex -1.167014e+01 7.709213e+01 -2.729098e+00
         vertex -1.150901e+01 7.723247e+01 -1.104450e+00
         vertex -1.138253e+01 7.866068e+01 -2.883403e+00
      endloop
   endfacet
   facet normal -9.804337e-01 1.815622e-01 7.605838e-02
      outer loop
         vertex -1.138253e+01 7.866068e+01 -2.883403e+00
         vertex -1.150901e+01 7.723247e+01 -1.104450e+00
         vertex -1.121642e+01 7.884989e+01 -1.193787e+00
      endloop
   endfacet
   facet normal -9.819180e-01 1.728595e-01 7.717885e-02
      outer loop
         vertex -1.138253e+01 7.866068e+01 -2.883403e+00
         vertex -1.121642e+01 7.884989e+01 -1.193787e+00
         vertex -1.111879e+01 8.024441e+01 -3.075154e+00
      endloop
   endfacet
   facet normal -9.833231e-01 1.667560e-01 7.258190e-02
      outer loop
         vertex -1.111879e+01 8.024441e+01 -3.075154e+00
         vertex -1.121642e+01 7.884989e+01 -1.193787e+00
         vertex -1.094909e+01 8.049101e+01 -1.342580e+00
      endloop
   endfacet
   facet normal -9.837555e-01 1.639922e-01 7.301764e-02
      outer loop
         vertex -1.111879e+01 8.024441e+01 -3.075154e+00
         vertex -1.094909e+01 8.049101e+01 -1.342580e+00
         vertex -1.099567e+01 8.103547e+01 -3.192893e+00
      endloop
   endfacet
   facet normal -9.847421e-01 1.586641e-01 7.147468e-02
      outer loop
         vertex -1.099567e+01 8.103547e+01 -3.192893e+00
         vertex -1.094909e+01 8.049101e+01 -1.342580e+00
         vertex -1.082460e+01 8.131056e+01 -1.446734e+00
      endloop
   endfacet
   facet normal -9.840185e-01 1.634508e-01 7.064967e-02
      outer loop
         vertex -1.099567e+01 8.103547e+01 -3.192893e+00
         vertex -1.082460e+01 8.131056e+01 -1.446734e+00
         vertex -1.087532e+01 8.181954e+01 -3.330671e+00
      endloop
   endfacet
   facet normal -9.847660e-01 1.593629e-01 6.956539e-02
      outer loop
         vertex -1.087532e+01 8.181954e+01 -3.330671e+00
         vertex -1.082460e+01 8.131056e+01 -1.446734e+00
         vertex -1.070317e+01 8.211698e+01 -1.575142e+00
      endloop
   endfacet
   facet normal -9.847801e-01 1.592686e-01 6.958276e-02
      outer loop
         vertex -1.087532e+01 8.181954e+01 -3.330671e+00
         vertex -1.070317e+01 8.211698e+01 -1.575142e+00
         vertex -1.064913e+01 8.335565e+01 -3.645557e+00
      endloop
   endfacet
   facet normal -9.850031e-01 1.581730e-01 6.892148e-02
      outer loop
         vertex -1.064913e+01 8.335565e+01 -3.645557e+00
         vertex -1.070317e+01 8.211698e+01 -1.575142e+00
         vertex -1.047567e+01 8.366746e+01 -1.882102e+00
      endloop
   endfacet
   facet normal -9.879509e-01 1.364408e-01 7.305404e-02
      outer loop
         vertex -1.064913e+01 8.335565e+01 -3.645557e+00
         vertex -1.047567e+01 8.366746e+01 -1.882102e+00
         vertex -1.046595e+01 8.484481e+01 -3.949511e+00
      endloop
   endfacet
   facet normal -9.872547e-01 1.402476e-01 7.522526e-02
      outer loop
         vertex -1.046595e+01 8.484481e+01 -3.949511e+00
         vertex -1.047567e+01 8.366746e+01 -1.882102e+00
         vertex -1.029241e+01 8.512360e+01 -2.191811e+00
      endloop
   endfacet
   facet normal -9.912418e-01 1.040165e-01 8.136546e-02
      outer loop
         vertex -1.046595e+01 8.484481e+01 -3.949511e+00
         vertex -1.029241e+01 8.512360e+01 -2.191811e+00
         vertex -1.039958e+01 8.557548e+01 -4.075037e+00
      endloop
   endfacet
   facet normal -9.905774e-01 1.092536e-01 8.258429e-02
      outer loop
         vertex -1.039958e+01 8.557548e+01 -4.075037e+00
         vertex -1.029241e+01 8.512360e+01 -2.191811e+00
         vertex -1.022653e+01 8.582234e+01 -2.325892e+00
      endloop
   endfacet
   facet normal -9.931996e-01 7.690373e-02 8.740945e-02
      outer loop
         vertex -1.039958e+01 8.557548e+01 -4.075037e+00
         vertex -1.022653e+01 8.582234e+01 -2.325892e+00
         vertex -1.035244e+01 8.630155e+01 -4.178266e+00
      endloop
   endfacet
   facet normal -9.927027e-01 8.176498e-02 8.863327e-02
      outer loop
         vertex -1.035244e+01 8.630155e+01 -4.178266e+00
         vertex -1.022653e+01 8.582234e+01 -2.325892e+00
         vertex -1.018024e+01 8.651029e+01 -2.442166e+00
      endloop
   endfacet
   facet normal -9.947497e-01 4.108731e-02 9.372727e-02
      outer loop
         vertex -1.035244e+01 8.630155e+01 -4.178266e+00
         vertex -1.018024e+01 8.651029e+01 -2.442166e+00
         vertex -1.030789e+01 8.776058e+01 -4.345022e+00
      endloop
   endfacet
   facet normal -9.943964e-01 4.445314e-02 9.591510e-02
      outer loop
         vertex -1.030789e+01 8.776058e+01 -4.345022e+00
         vertex -1.018024e+01 8.651029e+01 -2.442166e+00
         vertex -1.013858e+01 8.789416e+01 -2.651590e+00
      endloop
   endfacet
   facet normal -9.950613e-01 3.767108e-03 9.919098e-02
      outer loop
         vertex -1.030789e+01 8.776058e+01 -4.345022e+00
         vertex -1.013858e+01 8.789416e+01 -2.651590e+00
         vertex -1.031652e+01 8.922926e+01 -4.487333e+00
      endloop
   endfacet
   facet normal -9.949237e-01 5.555862e-03 1.004786e-01
      outer loop
         vertex -1.031652e+01 8.922926e+01 -4.487333e+00
         vertex -1.013858e+01 8.789416e+01 -2.651590e+00
         vertex -1.015175e+01 8.929698e+01 -2.859527e+00
      endloop
   endfacet
   facet normal -9.943538e-01 -2.966198e-02 1.018861e-01
      outer loop
         vertex -1.031652e+01 8.922926e+01 -4.487333e+00
         vertex -1.015175e+01 8.929698e+01 -2.859527e+00
         vertex -1.034379e+01 8.996210e+01 -4.540178e+00
      endloop
   endfacet
   facet normal -9.943911e-01 -4.334916e-02 9.647373e-02
      outer loop
         vertex -1.034379e+01 8.996210e+01 -4.540178e+00
         vertex -1.015175e+01 8.929698e+01 -2.859527e+00
         vertex -1.022996e+01 9.070078e+01 -3.034955e+00
      endloop
   endfacet
   facet normal -9.932001e-01 -5.549273e-02 1.023431e-01
      outer loop
         vertex -1.034379e+01 8.996210e+01 -4.540178e+00
         vertex -1.022996e+01 9.070078e+01 -3.034955e+00
         vertex -1.038866e+01 9.069633e+01 -4.577460e+00
      endloop
   endfacet
   facet normal -9.913821e-01 -8.191504e-02 1.022321e-01
      outer loop
         vertex -1.038866e+01 9.069633e+01 -4.577460e+00
         vertex -1.022996e+01 9.070078e+01 -3.034955e+00
         vertex -1.045193e+01 9.143567e+01 -4.598611e+00
      endloop
   endfacet
   facet normal -9.874151e-01 -1.451756e-01 6.273360e-02
      outer loop
         vertex -1.199018e+01 1.078947e+02 -4.240782e+00
         vertex -1.199487e+01 1.078997e+02 -4.303078e+00
         vertex -1.193357e+01 1.074929e+02 -4.279557e+00
      endloop
   endfacet
   facet normal -9.867114e-01 -1.443883e-01 7.451644e-02
      outer loop
         vertex -1.193357e+01 1.074929e+02 -4.279557e+00
         vertex -1.199487e+01 1.078997e+02 -4.303078e+00
         vertex -1.193881e+01 1.074975e+02 -4.339991e+00
      endloop
   endfacet
   facet normal -9.939425e-01 -7.488699e-02 8.043845e-02
      outer loop
         vertex -1.193357e+01 1.074929e+02 -4.279557e+00
         vertex -1.193881e+01 1.074975e+02 -4.339991e+00
         vertex -1.190580e+01 1.070865e+02 -4.314783e+00
      endloop
   endfacet
   facet normal -9.922793e-01 -7.356285e-02 9.985089e-02
      outer loop
         vertex -1.190580e+01 1.070865e+02 -4.314783e+00
         vertex -1.193881e+01 1.074975e+02 -4.339991e+00
         vertex -1.191272e+01 1.070914e+02 -4.379908e+00
      endloop
   endfacet
   facet normal -9.942522e-01 -2.699689e-02 1.036033e-01
      outer loop
         vertex -1.190580e+01 1.070865e+02 -4.314783e+00
         vertex -1.191272e+01 1.070914e+02 -4.379908e+00
         vertex -1.188899e+01 1.062745e+02 -4.365003e+00
      endloop
   endfacet
   facet normal -9.921861e-01 -2.660307e-02 1.218973e-01
      outer loop
         vertex -1.188899e+01 1.062745e+02 -4.365003e+00
         vertex -1.191272e+01 1.070914e+02 -4.379908e+00
         vertex -1.190045e+01 1.062813e+02 -4.456815e+00
      endloop
   endfacet
   facet normal -9.922187e-01 -2.463638e-02 1.220454e-01
      outer loop
         vertex -1.188899e+01 1.062745e+02 -4.365003e+00
         vertex -1.190045e+01 1.062813e+02 -4.456815e+00
         vertex -1.187231e+01 1.054745e+02 -4.390930e+00
      endloop
   endfacet
   facet normal -9.933121e-01 -2.544409e-02 1.126216e-01
      outer loop
         vertex -1.187231e+01 1.054745e+02 -4.390930e+00
         vertex -1.190045e+01 1.062813e+02 -4.456815e+00
         vertex -1.188795e+01 1.054839e+02 -4.526693e+00
      endloop
   endfacet
   facet normal -9.921569e-01 -5.909995e-02 1.101447e-01
      outer loop
         vertex -1.187231e+01 1.054745e+02 -4.390930e+00
         vertex -1.188795e+01 1.054839e+02 -4.526693e+00
         vertex -1.182735e+01 1.046859e+02 -4.409056e+00
      endloop
   endfacet
   facet normal -9.935860e-01 -6.145228e-02 9.492321e-02
      outer loop
         vertex -1.182735e+01 1.046859e+02 -4.409056e+00
         vertex -1.188795e+01 1.054839e+02 -4.526693e+00
         vertex -1.184625e+01 1.046995e+02 -4.598117e+00
      endloop
   endfacet
   facet normal -9.911906e-01 -9.500962e-02 9.227291e-02
      outer loop
         vertex -1.182735e+01 1.046859e+02 -4.409056e+00
         vertex -1.184625e+01 1.046995e+02 -4.598117e+00
         vertex -1.168197e+01 1.031169e+02 -4.462897e+00
      endloop
   endfacet
   facet normal -9.926015e-01 -9.677490e-02 7.332702e-02
      outer loop
         vertex -1.168197e+01 1.031169e+02 -4.462897e+00
         vertex -1.184625e+01 1.046995e+02 -4.598117e+00
         vertex -1.170657e+01 1.031419e+02 -4.762858e+00
      endloop
   endfacet
   facet normal -9.942969e-01 -7.558983e-02 7.523147e-02
      outer loop
         vertex -1.168197e+01 1.031169e+02 -4.462897e+00
         vertex -1.170657e+01 1.031419e+02 -4.762858e+00
         vertex -1.156474e+01 1.015504e+02 -4.487522e+00
      endloop
   endfacet
   facet normal -9.948047e-01 -7.716204e-02 6.640506e-02
      outer loop
         vertex -1.156474e+01 1.015504e+02 -4.487522e+00
         vertex -1.170657e+01 1.031419e+02 -4.762858e+00
         vertex -1.159455e+01 1.015821e+02 -4.897374e+00
      endloop
   endfacet
   facet normal -9.939071e-01 -8.868545e-02 6.544947e-02
      outer loop
         vertex -1.156474e+01 1.015504e+02 -4.487522e+00
         vertex -1.159455e+01 1.015821e+02 -4.897374e+00
         vertex -1.142664e+01 9.998704e+01 -4.508717e+00
      endloop
   endfacet
   facet normal -9.941532e-01 -9.019310e-02 5.936850e-02
      outer loop
         vertex -1.142664e+01 9.998704e+01 -4.508717e+00
         vertex -1.159455e+01 1.015821e+02 -4.897374e+00
         vertex -1.146111e+01 1.000248e+02 -5.028615e+00
      endloop
   endfacet
   facet normal -9.925417e-01 -1.072099e-01 5.802672e-02
      outer loop
         vertex -1.142664e+01 9.998704e+01 -4.508717e+00
         vertex -1.146111e+01 1.000248e+02 -5.028615e+00
         vertex -1.125940e+01 9.842408e+01 -4.535929e+00
      endloop
   endfacet
   facet normal -9.926435e-01 -1.086219e-01 5.348085e-02
      outer loop
         vertex -1.125940e+01 9.842408e+01 -4.535929e+00
         vertex -1.146111e+01 1.000248e+02 -5.028615e+00
         vertex -1.129809e+01 9.846826e+01 -5.164151e+00
      endloop
   endfacet
   facet normal -9.931758e-01 -1.034361e-01 5.387834e-02
      outer loop
         vertex -1.125940e+01 9.842408e+01 -4.535929e+00
         vertex -1.129809e+01 9.846826e+01 -5.164151e+00
         vertex -1.093406e+01 9.528805e+01 -4.559184e+00
      endloop
   endfacet
   facet normal -9.935917e-01 -1.065668e-01 3.767103e-02
      outer loop
         vertex -1.129809e+01 9.846826e+01 -5.164151e+00
         vertex -1.113526e+01 9.690712e+01 -5.285824e+00
         vertex -1.093406e+01 9.528805e+01 -4.559184e+00
      endloop
   endfacet
   facet normal -9.936303e-01 -1.016147e-01 4.871592e-02
      outer loop
         vertex -1.093406e+01 9.528805e+01 -4.559184e+00
         vertex -1.113526e+01 9.690712e+01 -5.285824e+00
         vertex -1.097990e+01 9.533839e+01 -5.389175e+00
      endloop
   endfacet
   facet normal -9.908181e-01 -1.267563e-01 4.703584e-02
      outer loop
         vertex -1.093406e+01 9.528805e+01 -4.559184e+00
         vertex -1.097990e+01 9.533839e+01 -5.389175e+00
         vertex -1.073429e+01 9.371714e+01 -4.584332e+00
      endloop
   endfacet
   facet normal -9.907887e-01 -1.276186e-01 4.528995e-02
      outer loop
         vertex -1.073429e+01 9.371714e+01 -4.584332e+00
         vertex -1.097990e+01 9.533839e+01 -5.389175e+00
         vertex -1.078316e+01 9.376954e+01 -5.505833e+00
      endloop
   endfacet
   facet normal -9.904003e-01 -1.306659e-01 4.509610e-02
      outer loop
         vertex -1.073429e+01 9.371714e+01 -4.584332e+00
         vertex -1.078316e+01 9.376954e+01 -5.505833e+00
         vertex -1.053294e+01 9.218397e+01 -4.604691e+00
      endloop
   endfacet
   facet normal -9.904239e-01 -1.301967e-01 4.592823e-02
      outer loop
         vertex -1.053294e+01 9.218397e+01 -4.604691e+00
         vertex -1.078316e+01 9.376954e+01 -5.505833e+00
         vertex -1.058458e+01 9.222250e+01 -5.609231e+00
      endloop
   endfacet
   facet normal -9.931357e-01 -1.071308e-01 4.695230e-02
      outer loop
         vertex -1.053294e+01 9.218397e+01 -4.604691e+00
         vertex -1.058458e+01 9.222250e+01 -5.609231e+00
         vertex -1.045193e+01 9.143567e+01 -4.598611e+00
      endloop
   endfacet
   facet normal -9.932380e-01 -1.056572e-01 4.811298e-02
      outer loop
         vertex -1.045193e+01 9.143567e+01 -4.598611e+00
         vertex -1.058458e+01 9.222250e+01 -5.609231e+00
         vertex -1.050486e+01 9.145872e+01 -5.640684e+00
      endloop
   endfacet
   facet normal -9.952934e-01 -8.378118e-02 4.870131e-02
      outer loop
         vertex -1.045193e+01 9.143567e+01 -4.598611e+00
         vertex -1.050486e+01 9.145872e+01 -5.640684e+00
         vertex -1.038866e+01 9.069633e+01 -4.577460e+00
      endloop
   endfacet
   facet normal -9.953662e-01 -8.225315e-02 4.980496e-02
      outer loop
         vertex -1.038866e+01 9.069633e+01 -4.577460e+00
         vertex -1.050486e+01 9.145872e+01 -5.640684e+00
         vertex -1.044279e+01 9.069943e+01 -5.654132e+00
      endloop
   endfacet
   facet normal -9.970432e-01 -5.838743e-02 4.995797e-02
      outer loop
         vertex -1.038866e+01 9.069633e+01 -4.577460e+00
         vertex -1.044279e+01 9.069943e+01 -5.654132e+00
         vertex -1.034379e+01 8.996210e+01 -4.540178e+00
      endloop
   endfacet
   facet normal -9.970708e-01 -5.726074e-02 5.070619e-02
      outer loop
         vertex -1.034379e+01 8.996210e+01 -4.540178e+00
         vertex -1.044279e+01 9.069943e+01 -5.654132e+00
         vertex -1.039902e+01 8.994239e+01 -5.648353e+00
      endloop
   endfacet
   facet normal -9.981695e-01 -3.352108e-02 5.033878e-02
      outer loop
         vertex -1.034379e+01 8.996210e+01 -4.540178e+00
         vertex -1.039902e+01 8.994239e+01 -5.648353e+00
         vertex -1.031652e+01 8.922926e+01 -4.487333e+00
      endloop
   endfacet
   facet normal -9.981706e-01 -3.303469e-02 5.063761e-02
      outer loop
         vertex -1.031652e+01 8.922926e+01 -4.487333e+00
         vertex -1.039902e+01 8.994239e+01 -5.648353e+00
         vertex -1.037272e+01 8.918548e+01 -5.623742e+00
      endloop
   endfacet
   facet normal -9.987767e-01 -1.075799e-03 4.943639e-02
      outer loop
         vertex -1.031652e+01 8.922926e+01 -4.487333e+00
         vertex -1.037272e+01 8.918548e+01 -5.623742e+00
         vertex -1.030789e+01 8.776058e+01 -4.345022e+00
      endloop
   endfacet
   facet normal -9.988018e-01 -1.546495e-03 4.891316e-02
      outer loop
         vertex -1.030789e+01 8.776058e+01 -4.345022e+00
         vertex -1.037272e+01 8.918548e+01 -5.623742e+00
         vertex -1.036564e+01 8.766796e+01 -5.527189e+00
      endloop
   endfacet
   facet normal -9.983035e-01 3.573724e-02 4.596777e-02
      outer loop
         vertex -1.030789e+01 8.776058e+01 -4.345022e+00
         vertex -1.036564e+01 8.766796e+01 -5.527189e+00
         vertex -1.035244e+01 8.630155e+01 -4.178266e+00
      endloop
   endfacet
   facet normal -9.984409e-01 3.403321e-02 4.424300e-02
      outer loop
         vertex -1.035244e+01 8.630155e+01 -4.178266e+00
         vertex -1.036564e+01 8.766796e+01 -5.527189e+00
         vertex -1.041118e+01 8.615348e+01 -5.389843e+00
      endloop
   endfacet
   facet normal -9.967310e-01 7.035297e-02 3.972129e-02
      outer loop
         vertex -1.035244e+01 8.630155e+01 -4.178266e+00
         vertex -1.041118e+01 8.615348e+01 -5.389843e+00
         vertex -1.039958e+01 8.557548e+01 -4.075037e+00
      endloop
   endfacet
   facet normal -9.969768e-01 6.750691e-02 3.847230e-02
      outer loop
         vertex -1.039958e+01 8.557548e+01 -4.075037e+00
         vertex -1.041118e+01 8.615348e+01 -5.389843e+00
         vertex -1.045860e+01 8.539927e+01 -5.295441e+00
      endloop
   endfacet
   facet normal -9.947701e-01 9.623707e-02 3.421742e-02
      outer loop
         vertex -1.039958e+01 8.557548e+01 -4.075037e+00
         vertex -1.045860e+01 8.539927e+01 -5.295441e+00
         vertex -1.046595e+01 8.484481e+01 -3.949511e+00
      endloop
   endfacet
   facet normal -9.884083e-01 1.503939e-01 2.075155e-02
      outer loop
         vertex -1.093403e+01 8.160250e+01 -4.554368e+00
         vertex -1.087532e+01 8.181954e+01 -3.330671e+00
         vertex -1.070830e+01 8.313033e+01 -4.875090e+00
      endloop
   endfacet
   facet normal -9.885287e-01 1.496846e-01 2.013647e-02
      outer loop
         vertex -1.070830e+01 8.313033e+01 -4.875090e+00
         vertex -1.087532e+01 8.181954e+01 -3.330671e+00
         vertex -1.064913e+01 8.335565e+01 -3.645557e+00
      endloop
   endfacet
   facet normal -9.907188e-01 1.339460e-01 2.312606e-02
      outer loop
         vertex -1.070830e+01 8.313033e+01 -4.875090e+00
         vertex -1.064913e+01 8.335565e+01 -3.645557e+00
         vertex -1.060941e+01 8.388898e+01 -5.032945e+00
      endloop
   endfacet
   facet normal -9.918139e-01 1.261034e-01 2.007993e-02
      outer loop
         vertex -1.060941e+01 8.388898e+01 -5.032945e+00
         vertex -1.064913e+01 8.335565e+01 -3.645557e+00
         vertex -1.046595e+01 8.484481e+01 -3.949511e+00
      endloop
   endfacet
   facet normal -9.928083e-01 1.161511e-01 2.899176e-02
      outer loop
         vertex -1.060941e+01 8.388898e+01 -5.032945e+00
         vertex -1.046595e+01 8.484481e+01 -3.949511e+00
         vertex -1.052514e+01 8.464492e+01 -5.175582e+00
      endloop
   endfacet
   facet normal -9.951237e-01 9.299303e-02 3.287910e-02
      outer loop
         vertex -1.052514e+01 8.464492e+01 -5.175582e+00
         vertex -1.046595e+01 8.484481e+01 -3.949511e+00
         vertex -1.045860e+01 8.539927e+01 -5.295441e+00
      endloop
   endfacet
   facet normal -9.922983e-01 -1.049477e-01 6.580303e-02
      outer loop
         vertex -1.199692e+01 5.791660e+01 -4.301543e+00
         vertex -1.199216e+01 5.791058e+01 -4.239342e+00
         vertex -1.203704e+01 5.832139e+01 -4.260946e+00
      endloop
   endfacet
   facet normal -9.915696e-01 -1.042842e-01 7.690574e-02
      outer loop
         vertex -1.203704e+01 5.832139e+01 -4.260946e+00
         vertex -1.199216e+01 5.791058e+01 -4.239342e+00
         vertex -1.203174e+01 5.831569e+01 -4.200441e+00
      endloop
   endfacet
   facet normal -9.802527e-01 -1.855936e-01 6.826142e-02
      outer loop
         vertex -1.203704e+01 5.832139e+01 -4.260946e+00
         vertex -1.203174e+01 5.831569e+01 -4.200441e+00
         vertex -1.210956e+01 5.871960e+01 -4.219781e+00
      endloop
   endfacet
   facet normal -9.789332e-01 -1.844111e-01 8.764873e-02
      outer loop
         vertex -1.210956e+01 5.871960e+01 -4.219781e+00
         vertex -1.203174e+01 5.831569e+01 -4.200441e+00
         vertex -1.210256e+01 5.871330e+01 -4.154753e+00
      endloop
   endfacet
   facet normal -9.691289e-01 -2.325432e-01 8.193209e-02
      outer loop
         vertex -1.210956e+01 5.871960e+01 -4.219781e+00
         vertex -1.210256e+01 5.871330e+01 -4.154753e+00
         vertex -1.229203e+01 5.950829e+01 -4.139598e+00
      endloop
   endfacet
   facet normal -9.673413e-01 -2.324808e-01 1.010122e-01
      outer loop
         vertex -1.229203e+01 5.950829e+01 -4.139598e+00
         vertex -1.210256e+01 5.871330e+01 -4.154753e+00
         vertex -1.228039e+01 5.949952e+01 -4.048251e+00
      endloop
   endfacet
   facet normal -9.687232e-01 -2.263096e-01 1.017805e-01
      outer loop
         vertex -1.229203e+01 5.950829e+01 -4.139598e+00
         vertex -1.228039e+01 5.949952e+01 -4.048251e+00
         vertex -1.246693e+01 6.029152e+01 -4.062758e+00
      endloop
   endfacet
   facet normal -9.695095e-01 -2.266526e-01 9.316564e-02
      outer loop
         vertex -1.246693e+01 6.029152e+01 -4.062758e+00
         vertex -1.228039e+01 5.949952e+01 -4.048251e+00
         vertex -1.245105e+01 6.027923e+01 -3.927385e+00
      endloop
   endfacet
   facet normal -9.767005e-01 -1.913248e-01 9.721649e-02
      outer loop
         vertex -1.246693e+01 6.029152e+01 -4.062758e+00
         vertex -1.245105e+01 6.027923e+01 -3.927385e+00
         vertex -1.261075e+01 6.106497e+01 -3.985427e+00
      endloop
   endfacet
   facet normal -9.778538e-01 -1.927098e-01 8.163908e-02
      outer loop
         vertex -1.261075e+01 6.106497e+01 -3.985427e+00
         vertex -1.245105e+01 6.027923e+01 -3.927385e+00
         vertex -1.259157e+01 6.104767e+01 -3.796562e+00
      endloop
   endfacet
   facet normal -9.817217e-01 -1.707618e-01 8.404140e-02
      outer loop
         vertex -1.261075e+01 6.106497e+01 -3.985427e+00
         vertex -1.259157e+01 6.104767e+01 -3.796562e+00
         vertex -1.286240e+01 6.259350e+01 -3.819286e+00
      endloop
   endfacet
   facet normal -9.830756e-01 -1.712788e-01 6.500695e-02
      outer loop
         vertex -1.286240e+01 6.259350e+01 -3.819286e+00
         vertex -1.259157e+01 6.104767e+01 -3.796562e+00
         vertex -1.283744e+01 6.256384e+01 -3.519964e+00
      endloop
   endfacet
   facet normal -9.824436e-01 -1.750244e-01 6.458319e-02
      outer loop
         vertex -1.286240e+01 6.259350e+01 -3.819286e+00
         vertex -1.283744e+01 6.256384e+01 -3.519964e+00
         vertex -1.299766e+01 6.338239e+01 -3.738977e+00
      endloop
   endfacet
   facet normal -9.825028e-01 -1.760610e-01 6.075199e-02
      outer loop
         vertex -1.299766e+01 6.338239e+01 -3.738977e+00
         vertex -1.283744e+01 6.256384e+01 -3.519964e+00
         vertex -1.296995e+01 6.335001e+01 -3.384610e+00
      endloop
   endfacet
   facet normal -9.866704e-01 -1.498421e-01 6.347368e-02
      outer loop
         vertex -1.299766e+01 6.338239e+01 -3.738977e+00
         vertex -1.296995e+01 6.335001e+01 -3.384610e+00
         vertex -1.311478e+01 6.418420e+01 -3.666691e+00
      endloop
   endfacet
   facet normal -9.867003e-01 -1.507531e-01 6.079525e-02
      outer loop
         vertex -1.311478e+01 6.418420e+01 -3.666691e+00
         vertex -1.296995e+01 6.335001e+01 -3.384610e+00
         vertex -1.308448e+01 6.415111e+01 -3.256949e+00
      endloop
   endfacet
   facet normal -9.919731e-01 -1.087140e-01 6.457998e-02
      outer loop
         vertex -1.311478e+01 6.418420e+01 -3.666691e+00
         vertex -1.308448e+01 6.415111e+01 -3.256949e+00
         vertex -1.319919e+01 6.499138e+01 -3.604387e+00
      endloop
   endfacet
   facet normal -9.920179e-01 -1.097453e-01 6.210056e-02
      outer loop
         vertex -1.319919e+01 6.499138e+01 -3.604387e+00
         vertex -1.308448e+01 6.415111e+01 -3.256949e+00
         vertex -1.316645e+01 6.495877e+01 -3.139157e+00
      endloop
   endfacet
   facet normal -9.958497e-01 -6.304234e-02 6.564313e-02
      outer loop
         vertex -1.319919e+01 6.499138e+01 -3.604387e+00
         vertex -1.316645e+01 6.495877e+01 -3.139157e+00
         vertex -1.324701e+01 6.580049e+01 -3.552804e+00
      endloop
   endfacet
   facet normal -9.959329e-01 -6.428873e-02 6.312310e-02
      outer loop
         vertex -1.324701e+01 6.580049e+01 -3.552804e+00
         vertex -1.316645e+01 6.495877e+01 -3.139157e+00
         vertex -1.321200e+01 6.576925e+01 -3.032256e+00
      endloop
   endfacet
   facet normal -9.976042e-01 -2.131574e-02 6.581449e-02
      outer loop
         vertex -1.324701e+01 6.580049e+01 -3.552804e+00
         vertex -1.321200e+01 6.576925e+01 -3.032256e+00
         vertex -1.326162e+01 6.661098e+01 -3.511841e+00
      endloop
   endfacet
   facet normal -9.977370e-01 -2.277769e-02 6.326233e-02
      outer loop
         vertex -1.326162e+01 6.661098e+01 -3.511841e+00
         vertex -1.321200e+01 6.576925e+01 -3.032256e+00
         vertex -1.322448e+01 6.658203e+01 -2.936465e+00
      endloop
   endfacet
   facet normal -9.978196e-01 1.149708e-02 6.499193e-02
      outer loop
         vertex -1.326162e+01 6.661098e+01 -3.511841e+00
         vertex -1.322448e+01 6.658203e+01 -2.936465e+00
         vertex -1.325024e+01 6.742397e+01 -3.480931e+00
      endloop
   endfacet
   facet normal -9.979992e-01 9.850431e-03 6.245413e-02
      outer loop
         vertex -1.325024e+01 6.742397e+01 -3.480931e+00
         vertex -1.322448e+01 6.658203e+01 -2.936465e+00
         vertex -1.321111e+01 6.739847e+01 -2.851540e+00
      endloop
   endfacet
   facet normal -9.970262e-01 4.330007e-02 6.374902e-02
      outer loop
         vertex -1.325024e+01 6.742397e+01 -3.480931e+00
         vertex -1.321111e+01 6.739847e+01 -2.851540e+00
         vertex -1.317688e+01 6.906299e+01 -3.446908e+00
      endloop
   endfacet
   facet normal -9.974027e-01 4.154977e-02 5.883391e-02
      outer loop
         vertex -1.317688e+01 6.906299e+01 -3.446908e+00
         vertex -1.321111e+01 6.739847e+01 -2.851540e+00
         vertex -1.313419e+01 6.904884e+01 -2.713126e+00
      endloop
   endfacet
   facet normal -9.956930e-01 7.126128e-02 5.930702e-02
      outer loop
         vertex -1.317688e+01 6.906299e+01 -3.446908e+00
         vertex -1.313419e+01 6.904884e+01 -2.713126e+00
         vertex -1.311760e+01 6.988870e+01 -3.443696e+00
      endloop
   endfacet
   facet normal -9.959930e-01 6.908198e-02 5.679491e-02
      outer loop
         vertex -1.311760e+01 6.988870e+01 -3.443696e+00
         vertex -1.313419e+01 6.904884e+01 -2.713126e+00
         vertex -1.307334e+01 6.988252e+01 -2.659991e+00
      endloop
   endfacet
   facet normal -9.928523e-01 1.049131e-01 5.689993e-02
      outer loop
         vertex -1.311760e+01 6.988870e+01 -3.443696e+00
         vertex -1.307334e+01 6.988252e+01 -2.659991e+00
         vertex -1.303083e+01 7.071383e+01 -3.451084e+00
      endloop
   endfacet
   facet normal -9.932686e-01 1.023687e-01 5.420387e-02
      outer loop
         vertex -1.303083e+01 7.071383e+01 -3.451084e+00
         vertex -1.307334e+01 6.988252e+01 -2.659991e+00
         vertex -1.298515e+01 7.071657e+01 -2.619132e+00
      endloop
   endfacet
   facet normal -9.853057e-01 1.621818e-01 5.356950e-02
      outer loop
         vertex -1.303083e+01 7.071383e+01 -3.451084e+00
         vertex -1.298515e+01 7.071657e+01 -2.619132e+00
         vertex -1.289746e+01 7.153067e+01 -3.471020e+00
      endloop
   endfacet
   facet normal -9.859611e-01 1.591288e-01 5.058449e-02
      outer loop
         vertex -1.289746e+01 7.153067e+01 -3.471020e+00
         vertex -1.298515e+01 7.071657e+01 -2.619132e+00
         vertex -1.285049e+01 7.154243e+01 -2.592526e+00
      endloop
   endfacet
   facet normal -9.772307e-01 2.063279e-01 4.948605e-02
      outer loop
         vertex -1.289746e+01 7.153067e+01 -3.471020e+00
         vertex -1.285049e+01 7.154243e+01 -2.592526e+00
         vertex -1.272910e+01 7.233541e+01 -3.501522e+00
      endloop
   endfacet
   facet normal -9.781211e-01 2.028174e-01 4.630467e-02
      outer loop
         vertex -1.272910e+01 7.233541e+01 -3.501522e+00
         vertex -1.285049e+01 7.154243e+01 -2.592526e+00
         vertex -1.268092e+01 7.235702e+01 -2.578542e+00
      endloop
   endfacet
   facet normal -9.729183e-01 2.266319e-01 4.547562e-02
      outer loop
         vertex -1.272910e+01 7.233541e+01 -3.501522e+00
         vertex -1.268092e+01 7.235702e+01 -2.578542e+00
         vertex -1.236620e+01 7.391028e+01 -3.586225e+00
      endloop
   endfacet
   facet normal -9.741705e-01 2.224763e-01 3.867902e-02
      outer loop
         vertex -1.236620e+01 7.391028e+01 -3.586225e+00
         vertex -1.268092e+01 7.235702e+01 -2.578542e+00
         vertex -1.231568e+01 7.395691e+01 -2.581855e+00
      endloop
   endfacet
   facet normal -9.754838e-01 2.165848e-01 3.901864e-02
      outer loop
         vertex -1.236620e+01 7.391028e+01 -3.586225e+00
         vertex -1.231568e+01 7.395691e+01 -2.581855e+00
         vertex -1.202863e+01 7.545181e+01 -3.703501e+00
      endloop
   endfacet
   facet normal -9.767096e-01 2.120626e-01 3.267791e-02
      outer loop
         vertex -1.202863e+01 7.545181e+01 -3.703501e+00
         vertex -1.231568e+01 7.395691e+01 -2.581855e+00
         vertex -1.197579e+01 7.552963e+01 -2.629006e+00
      endloop
   endfacet
   facet normal -9.796368e-01 1.979044e-01 3.384729e-02
      outer loop
         vertex -1.202863e+01 7.545181e+01 -3.703501e+00
         vertex -1.197579e+01 7.552963e+01 -2.629006e+00
         vertex -1.172511e+01 7.698136e+01 -3.861788e+00
      endloop
   endfacet
   facet normal -9.806503e-01 1.936608e-01 2.864399e-02
      outer loop
         vertex -1.172511e+01 7.698136e+01 -3.861788e+00
         vertex -1.197579e+01 7.552963e+01 -2.629006e+00
         vertex -1.167014e+01 7.709213e+01 -2.729098e+00
      endloop
   endfacet
   facet normal -9.819833e-01 1.866679e-01 2.939257e-02
      outer loop
         vertex -1.172511e+01 7.698136e+01 -3.861788e+00
         vertex -1.167014e+01 7.709213e+01 -2.729098e+00
         vertex -1.143919e+01 7.851688e+01 -4.061291e+00
      endloop
   endfacet
   facet normal -9.828556e-01 1.826780e-01 2.497421e-02
      outer loop
         vertex -1.143919e+01 7.851688e+01 -4.061291e+00
         vertex -1.167014e+01 7.709213e+01 -2.729098e+00
         vertex -1.138253e+01 7.866068e+01 -2.883403e+00
      endloop
   endfacet
   facet normal -9.848857e-01 1.711699e-01 2.647684e-02
      outer loop
         vertex -1.143919e+01 7.851688e+01 -4.061291e+00
         vertex -1.138253e+01 7.866068e+01 -2.883403e+00
         vertex -1.117668e+01 8.006158e+01 -4.282855e+00
      endloop
   endfacet
   facet normal -9.857430e-01 1.668145e-01 2.199087e-02
      outer loop
         vertex -1.117668e+01 8.006158e+01 -4.282855e+00
         vertex -1.138253e+01 7.866068e+01 -2.883403e+00
         vertex -1.111879e+01 8.024441e+01 -3.075154e+00
      endloop
   endfacet
   facet normal -9.869281e-01 1.594887e-01 2.315676e-02
      outer loop
         vertex -1.117668e+01 8.006158e+01 -4.282855e+00
         vertex -1.111879e+01 8.024441e+01 -3.075154e+00
         vertex -1.093403e+01 8.160250e+01 -4.554368e+00
      endloop
   endfacet
   facet normal -9.874222e-01 1.567595e-01 2.058941e-02
      outer loop
         vertex -1.093403e+01 8.160250e+01 -4.554368e+00
         vertex -1.111879e+01 8.024441e+01 -3.075154e+00
         vertex -1.099567e+01 8.103547e+01 -3.192893e+00
      endloop
   endfacet
   facet normal -9.876994e-01 1.550952e-01 1.988369e-02
      outer loop
         vertex -1.093403e+01 8.160250e+01 -4.554368e+00
         vertex -1.099567e+01 8.103547e+01 -3.192893e+00
         vertex -1.087532e+01 8.181954e+01 -3.330671e+00
      endloop
   endfacet
   facet normal -9.876099e-01 -1.295450e-01 -8.857115e-02
      outer loop
         vertex -1.199487e+01 1.078997e+02 -4.303078e+00
         vertex -1.199018e+01 1.079064e+02 -4.365214e+00
         vertex -1.193881e+01 1.074975e+02 -4.339991e+00
      endloop
   endfacet
   facet normal -9.864643e-01 -1.300948e-01 -9.981757e-02
      outer loop
         vertex -1.193881e+01 1.074975e+02 -4.339991e+00
         vertex -1.199018e+01 1.079064e+02 -4.365214e+00
         vertex -1.193357e+01 1.075040e+02 -4.400241e+00
      endloop
   endfacet
   facet normal -9.942176e-01 -5.479298e-02 -9.235300e-02
      outer loop
         vertex -1.193881e+01 1.074975e+02 -4.339991e+00
         vertex -1.193357e+01 1.075040e+02 -4.400241e+00
         vertex -1.191272e+01 1.070914e+02 -4.379908e+00
      endloop
   endfacet
   facet normal -9.921222e-01 -5.566652e-02 -1.122260e-01
      outer loop
         vertex -1.191272e+01 1.070914e+02 -4.379908e+00
         vertex -1.193357e+01 1.075040e+02 -4.400241e+00
         vertex -1.190580e+01 1.070989e+02 -4.444799e+00
      endloop
   endfacet
   facet normal -9.942886e-01 -4.943120e-03 -1.066100e-01
      outer loop
         vertex -1.191272e+01 1.070914e+02 -4.379908e+00
         vertex -1.190580e+01 1.070989e+02 -4.444799e+00
         vertex -1.190045e+01 1.062813e+02 -4.456815e+00
      endloop
   endfacet
   facet normal -9.921563e-01 -4.660134e-03 -1.249169e-01
      outer loop
         vertex -1.190045e+01 1.062813e+02 -4.456815e+00
         vertex -1.190580e+01 1.070989e+02 -4.444799e+00
         vertex -1.188899e+01 1.062922e+02 -4.548242e+00
      endloop
   endfacet
   facet normal -9.921573e-01 -4.608517e-03 -1.249108e-01
      outer loop
         vertex -1.190045e+01 1.062813e+02 -4.456815e+00
         vertex -1.188899e+01 1.062922e+02 -4.548242e+00
         vertex -1.188795e+01 1.054839e+02 -4.526693e+00
      endloop
   endfacet
   facet normal -9.933153e-01 -4.355125e-03 -1.153510e-01
      outer loop
         vertex -1.188795e+01 1.054839e+02 -4.526693e+00
         vertex -1.188899e+01 1.062922e+02 -4.548242e+00
         vertex -1.187231e+01 1.054991e+02 -4.661902e+00
      endloop
   endfacet
   facet normal -9.919647e-01 -4.185284e-02 -1.193914e-01
      outer loop
         vertex -1.188795e+01 1.054839e+02 -4.526693e+00
         vertex -1.187231e+01 1.054991e+02 -4.661902e+00
         vertex -1.184625e+01 1.046995e+02 -4.598117e+00
      endloop
   endfacet
   facet normal -9.937312e-01 -4.069270e-02 -1.041269e-01
      outer loop
         vertex -1.184625e+01 1.046995e+02 -4.598117e+00
         vertex -1.187231e+01 1.054991e+02 -4.661902e+00
         vertex -1.182735e+01 1.047199e+02 -4.786498e+00
      endloop
   endfacet
   facet normal -9.911424e-01 -7.748005e-02 -1.078595e-01
      outer loop
         vertex -1.184625e+01 1.046995e+02 -4.598117e+00
         vertex -1.182735e+01 1.047199e+02 -4.786498e+00
         vertex -1.170657e+01 1.031419e+02 -4.762858e+00
      endloop
   endfacet
   facet normal -9.928952e-01 -7.735295e-02 -9.041958e-02
      outer loop
         vertex -1.170657e+01 1.031419e+02 -4.762858e+00
         vertex -1.182735e+01 1.047199e+02 -4.786498e+00
         vertex -1.168197e+01 1.031759e+02 -5.062045e+00
      endloop
   endfacet
   facet normal -9.939959e-01 -6.370610e-02 -8.895869e-02
      outer loop
         vertex -1.170657e+01 1.031419e+02 -4.762858e+00
         vertex -1.168197e+01 1.031759e+02 -5.062045e+00
         vertex -1.159455e+01 1.015821e+02 -4.897374e+00
      endloop
   endfacet
   facet normal -9.948943e-01 -6.273237e-02 -7.905693e-02
      outer loop
         vertex -1.159455e+01 1.015821e+02 -4.897374e+00
         vertex -1.168197e+01 1.031759e+02 -5.062045e+00
         vertex -1.156474e+01 1.016245e+02 -5.306256e+00
      endloop
   endfacet
   facet normal -9.936628e-01 -7.835608e-02 -8.058903e-02
      outer loop
         vertex -1.159455e+01 1.015821e+02 -4.897374e+00
         vertex -1.156474e+01 1.016245e+02 -5.306256e+00
         vertex -1.146111e+01 1.000248e+02 -5.028615e+00
      endloop
   endfacet
   facet normal -9.943049e-01 -7.716812e-02 -7.350444e-02
      outer loop
         vertex -1.146111e+01 1.000248e+02 -5.028615e+00
         vertex -1.156474e+01 1.016245e+02 -5.306256e+00
         vertex -1.142664e+01 1.000748e+02 -5.547429e+00
      endloop
   endfacet
   facet normal -9.923926e-01 -9.737954e-02 -7.532672e-02
      outer loop
         vertex -1.146111e+01 1.000248e+02 -5.028615e+00
         vertex -1.142664e+01 1.000748e+02 -5.547429e+00
         vertex -1.129809e+01 9.846826e+01 -5.164151e+00
      endloop
   endfacet
   facet normal -9.928913e-01 -9.617722e-02 -7.011979e-02
      outer loop
         vertex -1.129809e+01 9.846826e+01 -5.164151e+00
         vertex -1.142664e+01 1.000748e+02 -5.547429e+00
         vertex -1.125940e+01 9.852615e+01 -5.791283e+00
      endloop
   endfacet
   facet normal -9.926957e-01 -9.805976e-02 -7.028150e-02
      outer loop
         vertex -1.129809e+01 9.846826e+01 -5.164151e+00
         vertex -1.125940e+01 9.852615e+01 -5.791283e+00
         vertex -1.113526e+01 9.690712e+01 -5.285824e+00
      endloop
   endfacet
   facet normal -9.931097e-01 -9.678027e-02 -6.608153e-02
      outer loop
         vertex -1.113526e+01 9.690712e+01 -5.285824e+00
         vertex -1.125940e+01 9.852615e+01 -5.791283e+00
         vertex -1.109279e+01 9.697050e+01 -6.016902e+00
      endloop
   endfacet
   facet normal -9.933874e-01 -9.404208e-02 -6.586027e-02
      outer loop
         vertex -1.113526e+01 9.690712e+01 -5.285824e+00
         vertex -1.109279e+01 9.697050e+01 -6.016902e+00
         vertex -1.097990e+01 9.533839e+01 -5.389175e+00
      endloop
   endfacet
   facet normal -9.937364e-01 -9.272416e-02 -6.237087e-02
      outer loop
         vertex -1.097990e+01 9.533839e+01 -5.389175e+00
         vertex -1.109279e+01 9.697050e+01 -6.016902e+00
         vertex -1.093406e+01 9.540460e+01 -6.217977e+00
      endloop
   endfacet
   facet normal -9.907517e-01 -1.194619e-01 -6.434187e-02
      outer loop
         vertex -1.097990e+01 9.533839e+01 -5.389175e+00
         vertex -1.093406e+01 9.540460e+01 -6.217977e+00
         vertex -1.078316e+01 9.376954e+01 -5.505833e+00
      endloop
   endfacet
   facet normal -9.910772e-01 -1.182536e-01 -6.149872e-02
      outer loop
         vertex -1.078316e+01 9.376954e+01 -5.505833e+00
         vertex -1.093406e+01 9.540460e+01 -6.217977e+00
         vertex -1.073429e+01 9.383862e+01 -6.426246e+00
      endloop
   endfacet
   facet normal -9.904789e-01 -1.230020e-01 -6.182334e-02
      outer loop
         vertex -1.078316e+01 9.376954e+01 -5.505833e+00
         vertex -1.073429e+01 9.383862e+01 -6.426246e+00
         vertex -1.058458e+01 9.222250e+01 -5.609231e+00
      endloop
   endfacet
   facet normal -9.910028e-01 -1.208626e-01 -5.749539e-02
      outer loop
         vertex -1.058458e+01 9.222250e+01 -5.609231e+00
         vertex -1.073429e+01 9.383862e+01 -6.426246e+00
         vertex -1.053294e+01 9.227657e+01 -6.613097e+00
      endloop
   endfacet
   facet normal -9.932421e-01 -1.013471e-01 -5.655948e-02
      outer loop
         vertex -1.058458e+01 9.222250e+01 -5.609231e+00
         vertex -1.053294e+01 9.227657e+01 -6.613097e+00
         vertex -1.050486e+01 9.145872e+01 -5.640684e+00
      endloop
   endfacet
   facet normal -9.936909e-01 -9.830427e-02 -5.398737e-02
      outer loop
         vertex -1.050486e+01 9.145872e+01 -5.640684e+00
         vertex -1.053294e+01 9.227657e+01 -6.613097e+00
         vertex -1.045193e+01 9.149575e+01 -6.682354e+00
      endloop
   endfacet
   facet normal -9.953276e-01 -8.042144e-02 -5.343483e-02
      outer loop
         vertex -1.050486e+01 9.145872e+01 -5.640684e+00
         vertex -1.045193e+01 9.149575e+01 -6.682354e+00
         vertex -1.044279e+01 9.069943e+01 -5.654132e+00
      endloop
   endfacet
   facet normal -9.956828e-01 -7.746296e-02 -5.114045e-02
      outer loop
         vertex -1.044279e+01 9.069943e+01 -5.654132e+00
         vertex -1.045193e+01 9.149575e+01 -6.682354e+00
         vertex -1.038866e+01 9.071440e+01 -6.730670e+00
      endloop
   endfacet
   facet normal -9.970143e-01 -5.803349e-02 -5.093738e-02
      outer loop
         vertex -1.044279e+01 9.069943e+01 -5.654132e+00
         vertex -1.038866e+01 9.071440e+01 -6.730670e+00
         vertex -1.039902e+01 8.994239e+01 -5.648353e+00
      endloop
   endfacet
   facet normal -9.972438e-01 -5.555777e-02 -4.917368e-02
      outer loop
         vertex -1.039902e+01 8.994239e+01 -5.648353e+00
         vertex -1.038866e+01 9.071440e+01 -6.730670e+00
         vertex -1.034379e+01 8.993204e+01 -6.756618e+00
      endloop
   endfacet
   facet normal -9.981199e-01 -3.628552e-02 -4.939729e-02
      outer loop
         vertex -1.039902e+01 8.994239e+01 -5.648353e+00
         vertex -1.034379e+01 8.993204e+01 -6.756618e+00
         vertex -1.037272e+01 8.918548e+01 -5.623742e+00
      endloop
   endfacet
   facet normal -9.982398e-01 -3.451181e-02 -4.823149e-02
      outer loop
         vertex -1.037272e+01 8.918548e+01 -5.623742e+00
         vertex -1.034379e+01 8.993204e+01 -6.756618e+00
         vertex -1.031652e+01 8.914836e+01 -6.760383e+00
      endloop
   endfacet
   facet normal -9.987621e-01 -7.784387e-03 -4.912996e-02
      outer loop
         vertex -1.037272e+01 8.918548e+01 -5.623742e+00
         vertex -1.031652e+01 8.914836e+01 -6.760383e+00
         vertex -1.036564e+01 8.766796e+01 -5.527189e+00
      endloop
   endfacet
   facet normal -9.981602e-01 -1.566980e-02 -5.857216e-02
      outer loop
         vertex -1.036564e+01 8.766796e+01 -5.527189e+00
         vertex -1.031652e+01 8.914836e+01 -6.760383e+00
         vertex -1.030517e+01 8.836319e+01 -6.743651e+00
      endloop
   endfacet
   facet normal -9.924369e-01 -8.820194e-02 -8.537826e-02
      outer loop
         vertex -1.199216e+01 5.792318e+01 -4.363687e+00
         vertex -1.199692e+01 5.791660e+01 -4.301543e+00
         vertex -1.203174e+01 5.832768e+01 -4.321390e+00
      endloop
   endfacet
   facet normal -9.914247e-01 -8.863044e-02 -9.602960e-02
      outer loop
         vertex -1.203174e+01 5.832768e+01 -4.321390e+00
         vertex -1.199692e+01 5.791660e+01 -4.301543e+00
         vertex -1.203704e+01 5.832139e+01 -4.260946e+00
      endloop
   endfacet
   facet normal -9.809638e-01 -1.646070e-01 -1.030274e-01
      outer loop
         vertex -1.203174e+01 5.832768e+01 -4.321390e+00
         vertex -1.203704e+01 5.832139e+01 -4.260946e+00
         vertex -1.210256e+01 5.872673e+01 -4.284724e+00
      endloop
   endfacet
   facet normal -9.784302e-01 -1.654128e-01 -1.237456e-01
      outer loop
         vertex -1.210256e+01 5.872673e+01 -4.284724e+00
         vertex -1.203704e+01 5.832139e+01 -4.260946e+00
         vertex -1.210956e+01 5.871960e+01 -4.219781e+00
      endloop
   endfacet
   facet normal -9.695392e-01 -2.090859e-01 -1.275810e-01
      outer loop
         vertex -1.210256e+01 5.872673e+01 -4.284724e+00
         vertex -1.210956e+01 5.871960e+01 -4.219781e+00
         vertex -1.228039e+01 5.951844e+01 -4.230804e+00
      endloop
   endfacet
   facet normal -9.668987e-01 -2.087848e-01 -1.466829e-01
      outer loop
         vertex -1.228039e+01 5.951844e+01 -4.230804e+00
         vertex -1.210956e+01 5.871960e+01 -4.219781e+00
         vertex -1.229203e+01 5.950829e+01 -4.139598e+00
      endloop
   endfacet
   facet normal -9.680282e-01 -2.037804e-01 -1.462703e-01
      outer loop
         vertex -1.228039e+01 5.951844e+01 -4.230804e+00
         vertex -1.229203e+01 5.950829e+01 -4.139598e+00
         vertex -1.245105e+01 6.030558e+01 -4.197949e+00
      endloop
   endfacet
   facet normal -9.697554e-01 -2.033046e-01 -1.350619e-01
      outer loop
         vertex -1.245105e+01 6.030558e+01 -4.197949e+00
         vertex -1.229203e+01 5.950829e+01 -4.139598e+00
         vertex -1.246693e+01 6.029152e+01 -4.062758e+00
      endloop
   endfacet
   facet normal -9.761271e-01 -1.720560e-01 -1.325615e-01
      outer loop
         vertex -1.245105e+01 6.030558e+01 -4.197949e+00
         vertex -1.246693e+01 6.029152e+01 -4.062758e+00
         vertex -1.259157e+01 6.108438e+01 -4.174071e+00
      endloop
   endfacet
   facet normal -9.784359e-01 -1.702314e-01 -1.169808e-01
      outer loop
         vertex -1.259157e+01 6.108438e+01 -4.174071e+00
         vertex -1.246693e+01 6.029152e+01 -4.062758e+00
         vertex -1.261075e+01 6.106497e+01 -3.985427e+00
      endloop
   endfacet
   facet normal -9.815551e-01 -1.523764e-01 -1.154601e-01
      outer loop
         vertex -1.259157e+01 6.108438e+01 -4.174071e+00
         vertex -1.261075e+01 6.106497e+01 -3.985427e+00
         vertex -1.283744e+01 6.262595e+01 -4.118343e+00
      endloop
   endfacet
   facet normal -9.835792e-01 -1.512264e-01 -9.850156e-02
      outer loop
         vertex -1.283744e+01 6.262595e+01 -4.118343e+00
         vertex -1.261075e+01 6.106497e+01 -3.985427e+00
         vertex -1.286240e+01 6.259350e+01 -3.819286e+00
      endloop
   endfacet
   facet normal -9.818789e-01 -1.613156e-01 -9.945456e-02
      outer loop
         vertex -1.283744e+01 6.262595e+01 -4.118343e+00
         vertex -1.286240e+01 6.259350e+01 -3.819286e+00
         vertex -1.296995e+01 6.341697e+01 -4.093151e+00
      endloop
   endfacet
   facet normal -9.829213e-01 -1.591208e-01 -9.244576e-02
      outer loop
         vertex -1.296995e+01 6.341697e+01 -4.093151e+00
         vertex -1.286240e+01 6.259350e+01 -3.819286e+00
         vertex -1.299766e+01 6.338239e+01 -3.738977e+00
      endloop
   endfacet
   facet normal -9.861200e-01 -1.390472e-01 -9.073669e-02
      outer loop
         vertex -1.296995e+01 6.341697e+01 -4.093151e+00
         vertex -1.299766e+01 6.338239e+01 -3.738977e+00
         vertex -1.308448e+01 6.421825e+01 -4.076355e+00
      endloop
   endfacet
   facet normal -9.870324e-01 -1.365675e-01 -8.435843e-02
      outer loop
         vertex -1.308448e+01 6.421825e+01 -4.076355e+00
         vertex -1.299766e+01 6.338239e+01 -3.738977e+00
         vertex -1.311478e+01 6.418420e+01 -3.666691e+00
      endloop
   endfacet
   facet normal -9.915995e-01 -1.002926e-01 -8.168125e-02
      outer loop
         vertex -1.308448e+01 6.421825e+01 -4.076355e+00
         vertex -1.311478e+01 6.418420e+01 -3.666691e+00
         vertex -1.316645e+01 6.502330e+01 -4.069659e+00
      endloop
   endfacet
   facet normal -9.922551e-01 -9.785257e-02 -7.651629e-02
      outer loop
         vertex -1.316645e+01 6.502330e+01 -4.069659e+00
         vertex -1.311478e+01 6.418420e+01 -3.666691e+00
         vertex -1.319919e+01 6.499138e+01 -3.604387e+00
      endloop
   endfacet
   facet normal -9.956551e-01 -5.662060e-02 -7.392624e-02
      outer loop
         vertex -1.316645e+01 6.502330e+01 -4.069659e+00
         vertex -1.319919e+01 6.499138e+01 -3.604387e+00
         vertex -1.321200e+01 6.582915e+01 -4.073498e+00
      endloop
   endfacet
   facet normal -9.960644e-01 -5.440953e-02 -6.996636e-02
      outer loop
         vertex -1.321200e+01 6.582915e+01 -4.073498e+00
         vertex -1.319919e+01 6.499138e+01 -3.604387e+00
         vertex -1.324701e+01 6.580049e+01 -3.552804e+00
      endloop
   endfacet
   facet normal -9.975478e-01 -1.662131e-02 -6.798599e-02
      outer loop
         vertex -1.321200e+01 6.582915e+01 -4.073498e+00
         vertex -1.324701e+01 6.580049e+01 -3.552804e+00
         vertex -1.322448e+01 6.663525e+01 -4.087434e+00
      endloop
   endfacet
   facet normal -9.977764e-01 -1.470703e-02 -6.500670e-02
      outer loop
         vertex -1.322448e+01 6.663525e+01 -4.087434e+00
         vertex -1.324701e+01 6.580049e+01 -3.552804e+00
         vertex -1.326162e+01 6.661098e+01 -3.511841e+00
      endloop
   endfacet
   facet normal -9.978562e-01 1.470322e-02 -6.377156e-02
      outer loop
         vertex -1.322448e+01 6.663525e+01 -4.087434e+00
         vertex -1.326162e+01 6.661098e+01 -3.511841e+00
         vertex -1.321111e+01 6.744251e+01 -4.110563e+00
      endloop
   endfacet
   facet normal -9.979708e-01 1.631031e-02 -6.154922e-02
      outer loop
         vertex -1.321111e+01 6.744251e+01 -4.110563e+00
         vertex -1.326162e+01 6.661098e+01 -3.511841e+00
         vertex -1.325024e+01 6.742397e+01 -3.480931e+00
      endloop
   endfacet
   facet normal -9.971593e-01 4.464394e-02 -6.066461e-02
      outer loop
         vertex -1.321111e+01 6.744251e+01 -4.110563e+00
         vertex -1.325024e+01 6.742397e+01 -3.480931e+00
         vertex -1.313419e+01 6.906502e+01 -4.180821e+00
      endloop
   endfacet
   facet normal -9.972703e-01 4.583592e-02 -5.788815e-02
      outer loop
         vertex -1.313419e+01 6.906502e+01 -4.180821e+00
         vertex -1.325024e+01 6.742397e+01 -3.480931e+00
         vertex -1.317688e+01 6.906299e+01 -3.446908e+00
      endloop
   endfacet
   facet normal -9.957996e-01 7.106422e-02 -5.773267e-02
      outer loop
         vertex -1.313419e+01 6.906502e+01 -4.180821e+00
         vertex -1.317688e+01 6.906299e+01 -3.446908e+00
         vertex -1.307334e+01 6.987991e+01 -4.227385e+00
      endloop
   endfacet
   facet normal -9.957922e-01 7.172106e-02 -5.704417e-02
      outer loop
         vertex -1.307334e+01 6.987991e+01 -4.227385e+00
         vertex -1.317688e+01 6.906299e+01 -3.446908e+00
         vertex -1.311760e+01 6.988870e+01 -3.443696e+00
      endloop
   endfacet
   facet normal -9.929521e-01 1.037751e-01 -5.724306e-02
      outer loop
         vertex -1.307334e+01 6.987991e+01 -4.227385e+00
         vertex -1.311760e+01 6.988870e+01 -3.443696e+00
         vertex -1.298515e+01 7.069316e+01 -4.282807e+00
      endloop
   endfacet
   facet normal -9.929459e-01 1.039020e-01 -5.712047e-02
      outer loop
         vertex -1.298515e+01 7.069316e+01 -4.282807e+00
         vertex -1.311760e+01 6.988870e+01 -3.443696e+00
         vertex -1.303083e+01 7.071383e+01 -3.451084e+00
      endloop
   endfacet
   facet normal -9.853923e-01 1.600817e-01 -5.810162e-02
      outer loop
         vertex -1.298515e+01 7.069316e+01 -4.282807e+00
         vertex -1.303083e+01 7.071383e+01 -3.451084e+00
         vertex -1.285049e+01 7.149801e+01 -4.348998e+00
      endloop
   endfacet
   facet normal -9.854593e-01 1.594680e-01 -5.865096e-02
      outer loop
         vertex -1.285049e+01 7.149801e+01 -4.348998e+00
         vertex -1.303083e+01 7.071383e+01 -3.451084e+00
         vertex -1.289746e+01 7.153067e+01 -3.471020e+00
      endloop
   endfacet
   facet normal -9.772422e-01 2.035085e-01 -5.984980e-02
      outer loop
         vertex -1.285049e+01 7.149801e+01 -4.348998e+00
         vertex -1.289746e+01 7.153067e+01 -3.471020e+00
         vertex -1.268092e+01 7.229033e+01 -4.423646e+00
      endloop
   endfacet
   facet normal -9.774483e-01 2.021876e-01 -6.094997e-02
      outer loop
         vertex -1.268092e+01 7.229033e+01 -4.423646e+00
         vertex -1.289746e+01 7.153067e+01 -3.471020e+00
         vertex -1.272910e+01 7.233541e+01 -3.501522e+00
      endloop
   endfacet
   facet normal -9.728385e-01 2.231018e-01 -6.173165e-02
      outer loop
         vertex -1.268092e+01 7.229033e+01 -4.423646e+00
         vertex -1.272910e+01 7.233541e+01 -3.501522e+00
         vertex -1.231568e+01 7.383723e+01 -4.589010e+00
      endloop
   endfacet
   facet normal -9.731569e-01 2.207388e-01 -6.511591e-02
      outer loop
         vertex -1.231568e+01 7.383723e+01 -4.589010e+00
         vertex -1.272910e+01 7.233541e+01 -3.501522e+00
         vertex -1.236620e+01 7.391028e+01 -3.586225e+00
      endloop
   endfacet
   facet normal -9.752494e-01 2.114766e-01 -6.454660e-02
      outer loop
         vertex -1.231568e+01 7.383723e+01 -4.589010e+00
         vertex -1.236620e+01 7.391028e+01 -3.586225e+00
         vertex -1.197579e+01 7.534766e+01 -4.775775e+00
      endloop
   endfacet
   facet normal -9.756426e-01 2.084528e-01 -6.832954e-02
      outer loop
         vertex -1.197579e+01 7.534766e+01 -4.775775e+00
         vertex -1.236620e+01 7.391028e+01 -3.586225e+00
         vertex -1.202863e+01 7.545181e+01 -3.703501e+00
      endloop
   endfacet
   facet normal -9.794806e-01 1.901663e-01 -6.674263e-02
      outer loop
         vertex -1.197579e+01 7.534766e+01 -4.775775e+00
         vertex -1.202863e+01 7.545181e+01 -3.703501e+00
         vertex -1.167014e+01 7.684610e+01 -4.991816e+00
      endloop
   endfacet
   facet normal -9.798225e-01 1.871882e-01 -7.006089e-02
      outer loop
         vertex -1.167014e+01 7.684610e+01 -4.991816e+00
         vertex -1.202863e+01 7.545181e+01 -3.703501e+00
         vertex -1.172511e+01 7.698136e+01 -3.861788e+00
      endloop
   endfacet
   facet normal -9.818851e-01 1.765129e-01 -6.888344e-02
      outer loop
         vertex -1.167014e+01 7.684610e+01 -4.991816e+00
         vertex -1.172511e+01 7.698136e+01 -3.861788e+00
         vertex -1.138253e+01 7.835064e+01 -5.236224e+00
      endloop
   endfacet
   facet normal -9.821965e-01 1.735449e-01 -7.191801e-02
      outer loop
         vertex -1.138253e+01 7.835064e+01 -5.236224e+00
         vertex -1.172511e+01 7.698136e+01 -3.861788e+00
         vertex -1.143919e+01 7.851688e+01 -4.061291e+00
      endloop
   endfacet
   facet normal -9.845311e-01 1.605363e-01 -7.019005e-02
      outer loop
         vertex -1.138253e+01 7.835064e+01 -5.236224e+00
         vertex -1.143919e+01 7.851688e+01 -4.061291e+00
         vertex -1.111879e+01 7.985829e+01 -5.487273e+00
      endloop
   endfacet
   facet normal -9.848719e-01 1.567849e-01 -7.379550e-02
      outer loop
         vertex -1.111879e+01 7.985829e+01 -5.487273e+00
         vertex -1.143919e+01 7.851688e+01 -4.061291e+00
         vertex -1.117668e+01 8.006158e+01 -4.282855e+00
      endloop
   endfacet
   facet normal -9.867390e-01 1.454832e-01 -7.197765e-02
      outer loop
         vertex -1.111879e+01 7.985829e+01 -5.487273e+00
         vertex -1.117668e+01 8.006158e+01 -4.282855e+00
         vertex -1.087532e+01 8.136745e+01 -5.774729e+00
      endloop
   endfacet
   facet normal -9.869978e-01 1.422251e-01 -7.488184e-02
      outer loop
         vertex -1.087532e+01 8.136745e+01 -5.774729e+00
         vertex -1.117668e+01 8.006158e+01 -4.282855e+00
         vertex -1.093403e+01 8.160250e+01 -4.554368e+00
      endloop
   endfacet
   facet normal -9.886772e-01 1.311944e-01 -7.283805e-02
      outer loop
         vertex -1.087532e+01 8.136745e+01 -5.774729e+00
         vertex -1.093403e+01 8.160250e+01 -4.554368e+00
         vertex -1.064913e+01 8.289035e+01 -6.101863e+00
      endloop
   endfacet
   facet normal -9.887114e-01 1.307057e-01 -7.325108e-02
      outer loop
         vertex -1.064913e+01 8.289035e+01 -6.101863e+00
         vertex -1.093403e+01 8.160250e+01 -4.554368e+00
         vertex -1.070830e+01 8.313033e+01 -4.875090e+00
      endloop
   endfacet
   facet normal -9.911163e-01 1.131300e-01 -6.992899e-02
      outer loop
         vertex -1.064913e+01 8.289035e+01 -6.101863e+00
         vertex -1.070830e+01 8.313033e+01 -4.875090e+00
         vertex -1.055018e+01 8.365972e+01 -6.259694e+00
      endloop
   endfacet
   facet normal -9.909748e-01 1.147492e-01 -6.929377e-02
      outer loop
         vertex -1.055018e+01 8.365972e+01 -6.259694e+00
         vertex -1.070830e+01 8.313033e+01 -4.875090e+00
         vertex -1.060941e+01 8.388898e+01 -5.032945e+00
      endloop
   endfacet
   facet normal -9.931984e-01 9.599346e-02 -6.589597e-02
      outer loop
         vertex -1.055018e+01 8.365972e+01 -6.259694e+00
         vertex -1.060941e+01 8.388898e+01 -5.032945e+00
         vertex -1.046595e+01 8.443493e+01 -6.399955e+00
      endloop
   endfacet
   facet normal -9.930229e-01 9.846028e-02 -6.489237e-02
      outer loop
         vertex -1.046595e+01 8.443493e+01 -6.399955e+00
         vertex -1.060941e+01 8.388898e+01 -5.032945e+00
         vertex -1.052514e+01 8.464492e+01 -5.175582e+00
      endloop
   endfacet
   facet normal -9.952636e-01 7.562446e-02 -6.108407e-02
      outer loop
         vertex -1.046595e+01 8.443493e+01 -6.399955e+00
         vertex -1.052514e+01 8.464492e+01 -5.175582e+00
         vertex -1.039958e+01 8.521567e+01 -6.514730e+00
      endloop
   endfacet
   facet normal -9.951298e-01 7.824297e-02 -5.995551e-02
      outer loop
         vertex -1.039958e+01 8.521567e+01 -6.514730e+00
         vertex -1.052514e+01 8.464492e+01 -5.175582e+00
         vertex -1.045860e+01 8.539927e+01 -5.295441e+00
      endloop
   endfacet
   facet normal -9.969680e-01 5.366778e-02 -5.634403e-02
      outer loop
         vertex -1.039958e+01 8.521567e+01 -6.514730e+00
         vertex -1.045860e+01 8.539927e+01 -5.295441e+00
         vertex -1.035244e+01 8.600088e+01 -6.600841e+00
      endloop
   endfacet
   facet normal -9.969076e-01 5.575577e-02 -5.537684e-02
      outer loop
         vertex -1.035244e+01 8.600088e+01 -6.600841e+00
         vertex -1.045860e+01 8.539927e+01 -5.295441e+00
         vertex -1.041118e+01 8.615348e+01 -5.389843e+00
      endloop
   endfacet
   facet normal -9.980758e-01 3.290633e-02 -5.255428e-02
      outer loop
         vertex -1.035244e+01 8.600088e+01 -6.600841e+00
         vertex -1.041118e+01 8.615348e+01 -5.389843e+00
         vertex -1.032324e+01 8.678869e+01 -6.662193e+00
      endloop
   endfacet
   facet normal -9.980890e-01 2.488081e-02 -5.656190e-02
      outer loop
         vertex -1.032324e+01 8.678869e+01 -6.662193e+00
         vertex -1.041118e+01 8.615348e+01 -5.389843e+00
         vertex -1.036564e+01 8.766796e+01 -5.527189e+00
      endloop
   endfacet
   facet normal -9.986113e-01 1.644872e-02 -5.004923e-02
      outer loop
         vertex -1.032324e+01 8.678869e+01 -6.662193e+00
         vertex -1.036564e+01 8.766796e+01 -5.527189e+00
         vertex -1.030789e+01 8.757653e+01 -6.709486e+00
      endloop
   endfacet
   facet normal -9.988033e-01 1.328397e-03 -4.888937e-02
      outer loop
         vertex -1.030789e+01 8.757653e+01 -6.709486e+00
         vertex -1.036564e+01 8.766796e+01 -5.527189e+00
         vertex -1.030517e+01 8.836319e+01 -6.743651e+00
      endloop
   endfacet
   facet normal -9.783233e-01 -1.231457e-01 -1.664889e-01
      outer loop
         vertex -1.199018e+01 1.079064e+02 -4.365214e+00
         vertex -1.197642e+01 1.079172e+02 -4.454107e+00
         vertex -1.193357e+01 1.075040e+02 -4.400241e+00
      endloop
   endfacet
   facet normal -9.738622e-01 -1.256464e-01 -1.892229e-01
      outer loop
         vertex -1.193357e+01 1.075040e+02 -4.400241e+00
         vertex -1.197642e+01 1.079172e+02 -4.454107e+00
         vertex -1.191821e+01 1.075147e+02 -4.486415e+00
      endloop
   endfacet
   facet normal -9.823441e-01 -4.743459e-02 -1.809697e-01
      outer loop
         vertex -1.193357e+01 1.075040e+02 -4.400241e+00
         vertex -1.191821e+01 1.075147e+02 -4.486415e+00
         vertex -1.190580e+01 1.070989e+02 -4.444799e+00
      endloop
   endfacet
   facet normal -9.741661e-01 -5.109404e-02 -2.199768e-01
      outer loop
         vertex -1.190580e+01 1.070989e+02 -4.444799e+00
         vertex -1.191821e+01 1.075147e+02 -4.486415e+00
         vertex -1.188551e+01 1.071115e+02 -4.537587e+00
      endloop
   endfacet
   facet normal -9.770866e-01 6.913564e-03 -2.127297e-01
      outer loop
         vertex -1.190580e+01 1.070989e+02 -4.444799e+00
         vertex -1.188551e+01 1.071115e+02 -4.537587e+00
         vertex -1.188899e+01 1.062922e+02 -4.548242e+00
      endloop
   endfacet
   facet normal -9.687325e-01 7.336785e-03 -2.479989e-01
      outer loop
         vertex -1.188899e+01 1.062922e+02 -4.548242e+00
         vertex -1.188551e+01 1.071115e+02 -4.537587e+00
         vertex -1.185539e+01 1.063109e+02 -4.678929e+00
      endloop
   endfacet
   facet normal -9.689136e-01 1.501650e-02 -2.469430e-01
      outer loop
         vertex -1.188899e+01 1.062922e+02 -4.548242e+00
         vertex -1.185539e+01 1.063109e+02 -4.678929e+00
         vertex -1.187231e+01 1.054991e+02 -4.661902e+00
      endloop
   endfacet
   facet normal -9.733561e-01 1.549014e-02 -2.287747e-01
      outer loop
         vertex -1.187231e+01 1.054991e+02 -4.661902e+00
         vertex -1.185539e+01 1.063109e+02 -4.678929e+00
         vertex -1.182647e+01 1.055250e+02 -4.855182e+00
      endloop
   endfacet
   facet normal -9.722655e-01 -1.882568e-02 -2.331208e-01
      outer loop
         vertex -1.187231e+01 1.054991e+02 -4.661902e+00
         vertex -1.182647e+01 1.055250e+02 -4.855182e+00
         vertex -1.182735e+01 1.047199e+02 -4.786498e+00
      endloop
   endfacet
   facet normal -9.789406e-01 -1.629079e-02 -2.034940e-01
      outer loop
         vertex -1.182735e+01 1.047199e+02 -4.786498e+00
         vertex -1.182647e+01 1.055250e+02 -4.855182e+00
         vertex -1.177193e+01 1.047544e+02 -5.055857e+00
      endloop
   endfacet
   facet normal -9.766027e-01 -5.484559e-02 -2.079400e-01
      outer loop
         vertex -1.182735e+01 1.047199e+02 -4.786498e+00
         vertex -1.177193e+01 1.047544e+02 -5.055857e+00
         vertex -1.168197e+01 1.031759e+02 -5.062045e+00
      endloop
   endfacet
   facet normal -9.833887e-01 -5.536988e-02 -1.728608e-01
      outer loop
         vertex -1.168197e+01 1.031759e+02 -5.062045e+00
         vertex -1.177193e+01 1.047544e+02 -5.055857e+00
         vertex -1.160986e+01 1.032314e+02 -5.490071e+00
      endloop
   endfacet
   facet normal -9.839764e-01 -4.729101e-02 -1.719127e-01
      outer loop
         vertex -1.168197e+01 1.031759e+02 -5.062045e+00
         vertex -1.160986e+01 1.032314e+02 -5.490071e+00
         vertex -1.156474e+01 1.016245e+02 -5.306256e+00
      endloop
   endfacet
   facet normal -9.872183e-01 -4.519917e-02 -1.528303e-01
      outer loop
         vertex -1.156474e+01 1.016245e+02 -5.306256e+00
         vertex -1.160986e+01 1.032314e+02 -5.490071e+00
         vertex -1.147733e+01 1.016934e+02 -5.891277e+00
      endloop
   endfacet
   facet normal -9.858834e-01 -6.376333e-02 -1.548166e-01
      outer loop
         vertex -1.156474e+01 1.016245e+02 -5.306256e+00
         vertex -1.147733e+01 1.016934e+02 -5.891277e+00
         vertex -1.142664e+01 1.000748e+02 -5.547429e+00
      endloop
   endfacet
   facet normal -9.881121e-01 -6.092892e-02 -1.411457e-01
      outer loop
         vertex -1.142664e+01 1.000748e+02 -5.547429e+00
         vertex -1.147733e+01 1.016934e+02 -5.891277e+00
         vertex -1.132558e+01 1.001557e+02 -6.289851e+00
      endloop
   endfacet
   facet normal -9.861046e-01 -8.390917e-02 -1.433772e-01
      outer loop
         vertex -1.142664e+01 1.000748e+02 -5.547429e+00
         vertex -1.132558e+01 1.001557e+02 -6.289851e+00
         vertex -1.125940e+01 9.852615e+01 -5.791283e+00
      endloop
   endfacet
   facet normal -9.877849e-01 -8.086361e-02 -1.331997e-01
      outer loop
         vertex -1.125940e+01 9.852615e+01 -5.791283e+00
         vertex -1.132558e+01 1.001557e+02 -6.289851e+00
         vertex -1.114600e+01 9.861936e+01 -6.688875e+00
      endloop
   endfacet
   facet normal -9.872529e-01 -8.634593e-02 -1.337018e-01
      outer loop
         vertex -1.125940e+01 9.852615e+01 -5.791283e+00
         vertex -1.114600e+01 9.861936e+01 -6.688875e+00
         vertex -1.109279e+01 9.697050e+01 -6.016902e+00
      endloop
   endfacet
   facet normal -9.885757e-01 -8.313694e-02 -1.257229e-01
      outer loop
         vertex -1.109279e+01 9.697050e+01 -6.016902e+00
         vertex -1.114600e+01 9.861936e+01 -6.688875e+00
         vertex -1.096828e+01 9.707247e+01 -7.063386e+00
      endloop
   endfacet
   facet normal -9.884888e-01 -8.404719e-02 -1.258013e-01
      outer loop
         vertex -1.109279e+01 9.697050e+01 -6.016902e+00
         vertex -1.096828e+01 9.707247e+01 -7.063386e+00
         vertex -1.093406e+01 9.540460e+01 -6.217977e+00
      endloop
   endfacet
   facet normal -9.895560e-01 -8.080871e-02 -1.193691e-01
      outer loop
         vertex -1.093406e+01 9.540460e+01 -6.217977e+00
         vertex -1.096828e+01 9.707247e+01 -7.063386e+00
         vertex -1.079966e+01 9.551135e+01 -7.404398e+00
      endloop
   endfacet
   facet normal -9.864990e-01 -1.096737e-01 -1.216200e-01
      outer loop
         vertex -1.093406e+01 9.540460e+01 -6.217977e+00
         vertex -1.079966e+01 9.551135e+01 -7.404398e+00
         vertex -1.073429e+01 9.383862e+01 -6.426246e+00
      endloop
   endfacet
   facet normal -9.838645e-01 -7.459798e-02 -1.626217e-01
      outer loop
         vertex -1.197819e+01 5.793301e+01 -4.452671e+00
         vertex -1.199216e+01 5.792318e+01 -4.363687e+00
         vertex -1.201623e+01 5.833714e+01 -4.407933e+00
      endloop
   endfacet
   facet normal -9.799226e-01 -7.665927e-02 -1.840516e-01
      outer loop
         vertex -1.201623e+01 5.833714e+01 -4.407933e+00
         vertex -1.199216e+01 5.792318e+01 -4.363687e+00
         vertex -1.203174e+01 5.832768e+01 -4.321390e+00
      endloop
   endfacet
   facet normal -9.710043e-01 -1.451668e-01 -1.899401e-01
      outer loop
         vertex -1.201623e+01 5.833714e+01 -4.407933e+00
         vertex -1.203174e+01 5.832768e+01 -4.321390e+00
         vertex -1.208201e+01 5.873757e+01 -4.377697e+00
      endloop
   endfacet
   facet normal -9.616469e-01 -1.495165e-01 -2.299566e-01
      outer loop
         vertex -1.208201e+01 5.873757e+01 -4.377697e+00
         vertex -1.203174e+01 5.832768e+01 -4.321390e+00
         vertex -1.210256e+01 5.872673e+01 -4.284724e+00
      endloop
   endfacet
   facet normal -9.533586e-01 -1.918122e-01 -2.330566e-01
      outer loop
         vertex -1.208201e+01 5.873757e+01 -4.377697e+00
         vertex -1.210256e+01 5.872673e+01 -4.284724e+00
         vertex -1.224625e+01 5.953402e+01 -4.361360e+00
      endloop
   endfacet
   facet normal -9.432811e-01 -1.935039e-01 -2.697720e-01
      outer loop
         vertex -1.224625e+01 5.953402e+01 -4.361360e+00
         vertex -1.210256e+01 5.872673e+01 -4.284724e+00
         vertex -1.228039e+01 5.951844e+01 -4.230804e+00
      endloop
   endfacet
   facet normal -9.422080e-01 -1.982711e-01 -2.700604e-01
      outer loop
         vertex -1.224625e+01 5.953402e+01 -4.361360e+00
         vertex -1.228039e+01 5.951844e+01 -4.230804e+00
         vertex -1.240449e+01 6.032705e+01 -4.391481e+00
      endloop
   endfacet
   facet normal -9.484083e-01 -1.952036e-01 -2.498344e-01
      outer loop
         vertex -1.240449e+01 6.032705e+01 -4.391481e+00
         vertex -1.228039e+01 5.951844e+01 -4.230804e+00
         vertex -1.245105e+01 6.030558e+01 -4.197949e+00
      endloop
   endfacet
   facet normal -9.526436e-01 -1.750919e-01 -2.486223e-01
      outer loop
         vertex -1.240449e+01 6.032705e+01 -4.391481e+00
         vertex -1.245105e+01 6.030558e+01 -4.197949e+00
         vertex -1.253535e+01 6.111380e+01 -4.444151e+00
      endloop
   endfacet
   facet normal -9.615157e-01 -1.667900e-01 -2.183315e-01
      outer loop
         vertex -1.253535e+01 6.111380e+01 -4.444151e+00
         vertex -1.245105e+01 6.030558e+01 -4.197949e+00
         vertex -1.259157e+01 6.108438e+01 -4.174071e+00
      endloop
   endfacet
   facet normal -9.635689e-01 -1.555999e-01 -2.175400e-01
      outer loop
         vertex -1.253535e+01 6.111380e+01 -4.444151e+00
         vertex -1.259157e+01 6.108438e+01 -4.174071e+00
         vertex -1.276426e+01 6.267455e+01 -4.546563e+00
      endloop
   endfacet
   facet normal -9.718636e-01 -1.483919e-01 -1.829237e-01
      outer loop
         vertex -1.276426e+01 6.267455e+01 -4.546563e+00
         vertex -1.259157e+01 6.108438e+01 -4.174071e+00
         vertex -1.283744e+01 6.262595e+01 -4.118343e+00
      endloop
   endfacet
   facet normal -9.690244e-01 -1.644387e-01 -1.842597e-01
      outer loop
         vertex -1.276426e+01 6.267455e+01 -4.546563e+00
         vertex -1.283744e+01 6.262595e+01 -4.118343e+00
         vertex -1.288869e+01 6.346813e+01 -4.600383e+00
      endloop
   endfacet
   facet normal -9.724924e-01 -1.574432e-01 -1.716690e-01
      outer loop
         vertex -1.288869e+01 6.346813e+01 -4.600383e+00
         vertex -1.283744e+01 6.262595e+01 -4.118343e+00
         vertex -1.296995e+01 6.341697e+01 -4.093151e+00
      endloop
   endfacet
   facet normal -9.747844e-01 -1.437751e-01 -1.706576e-01
      outer loop
         vertex -1.288869e+01 6.346813e+01 -4.600383e+00
         vertex -1.296995e+01 6.341697e+01 -4.093151e+00
         vertex -1.299564e+01 6.426774e+01 -4.663166e+00
      endloop
   endfacet
   facet normal -9.777245e-01 -1.364053e-01 -1.595253e-01
      outer loop
         vertex -1.299564e+01 6.426774e+01 -4.663166e+00
         vertex -1.296995e+01 6.341697e+01 -4.093151e+00
         vertex -1.308448e+01 6.421825e+01 -4.076355e+00
      endloop
   endfacet
   facet normal -9.817831e-01 -1.061504e-01 -1.575879e-01
      outer loop
         vertex -1.299564e+01 6.426774e+01 -4.663166e+00
         vertex -1.308448e+01 6.421825e+01 -4.076355e+00
         vertex -1.307049e+01 6.506854e+01 -4.736225e+00
      endloop
   endfacet
   facet normal -9.839680e-01 -9.896085e-02 -1.483699e-01
      outer loop
         vertex -1.307049e+01 6.506854e+01 -4.736225e+00
         vertex -1.308448e+01 6.421825e+01 -4.076355e+00
         vertex -1.316645e+01 6.502330e+01 -4.069659e+00
      endloop
   endfacet
   facet normal -9.872018e-01 -6.322027e-02 -1.464097e-01
      outer loop
         vertex -1.307049e+01 6.506854e+01 -4.736225e+00
         vertex -1.316645e+01 6.502330e+01 -4.069659e+00
         vertex -1.310935e+01 6.586828e+01 -4.819536e+00
      endloop
   endfacet
   facet normal -9.886786e-01 -5.653625e-02 -1.389905e-01
      outer loop
         vertex -1.310935e+01 6.586828e+01 -4.819536e+00
         vertex -1.316645e+01 6.502330e+01 -4.069659e+00
         vertex -1.321200e+01 6.582915e+01 -4.073498e+00
      endloop
   endfacet
   facet normal -9.902216e-01 -2.367686e-02 -1.374793e-01
      outer loop
         vertex -1.310935e+01 6.586828e+01 -4.819536e+00
         vertex -1.321200e+01 6.582915e+01 -4.073498e+00
         vertex -1.311558e+01 6.666651e+01 -4.912171e+00
      endloop
   endfacet
   facet normal -9.911542e-01 -1.762108e-02 -1.315402e-01
      outer loop
         vertex -1.311558e+01 6.666651e+01 -4.912171e+00
         vertex -1.321200e+01 6.582915e+01 -4.073498e+00
         vertex -1.322448e+01 6.663525e+01 -4.087434e+00
      endloop
   endfacet
   facet normal -9.914042e-01 7.412795e-03 -1.306245e-01
      outer loop
         vertex -1.311558e+01 6.666651e+01 -4.912171e+00
         vertex -1.322448e+01 6.663525e+01 -4.087434e+00
         vertex -1.309637e+01 6.746383e+01 -5.012732e+00
      endloop
   endfacet
   facet normal -9.919658e-01 1.282693e-02 -1.258541e-01
      outer loop
         vertex -1.309637e+01 6.746383e+01 -5.012732e+00
         vertex -1.322448e+01 6.663525e+01 -4.087434e+00
         vertex -1.321111e+01 6.744251e+01 -4.110563e+00
      endloop
   endfacet
   facet normal -9.914373e-01 3.706052e-02 -1.252141e-01
      outer loop
         vertex -1.309637e+01 6.746383e+01 -5.012732e+00
         vertex -1.321111e+01 6.744251e+01 -4.110563e+00
         vertex -1.300902e+01 6.905884e+01 -5.232296e+00
      endloop
   endfacet
   facet normal -9.920873e-01 4.190560e-02 -1.183498e-01
      outer loop
         vertex -1.300902e+01 6.905884e+01 -5.232296e+00
         vertex -1.321111e+01 6.744251e+01 -4.110563e+00
         vertex -1.313419e+01 6.906502e+01 -4.180821e+00
      endloop
   endfacet
   facet normal -9.909173e-01 6.386402e-02 -1.183395e-01
      outer loop
         vertex -1.300902e+01 6.905884e+01 -5.232296e+00
         vertex -1.313419e+01 6.906502e+01 -4.180821e+00
         vertex -1.294357e+01 6.985611e+01 -5.350058e+00
      endloop
   endfacet
   facet normal -9.909648e-01 6.737534e-02 -1.159715e-01
      outer loop
         vertex -1.294357e+01 6.985611e+01 -5.350058e+00
         vertex -1.313419e+01 6.906502e+01 -4.180821e+00
         vertex -1.307334e+01 6.987991e+01 -4.227385e+00
      endloop
   endfacet
   facet normal -9.884839e-01 9.680871e-02 -1.163088e-01
      outer loop
         vertex -1.294357e+01 6.985611e+01 -5.350058e+00
         vertex -1.307334e+01 6.987991e+01 -4.227385e+00
         vertex -1.285121e+01 7.065010e+01 -5.474134e+00
      endloop
   endfacet
   facet normal -9.884161e-01 9.936644e-02 -1.147167e-01
      outer loop
         vertex -1.285121e+01 7.065010e+01 -5.474134e+00
         vertex -1.307334e+01 6.987991e+01 -4.227385e+00
         vertex -1.298515e+01 7.069316e+01 -4.282807e+00
      endloop
   endfacet
   facet normal -9.813410e-01 1.534364e-01 -1.158755e-01
      outer loop
         vertex -1.285121e+01 7.065010e+01 -5.474134e+00
         vertex -1.298515e+01 7.069316e+01 -4.282807e+00
         vertex -1.271279e+01 7.143555e+01 -5.606374e+00
      endloop
   endfacet
   facet normal -9.812293e-01 1.546937e-01 -1.151473e-01
      outer loop
         vertex -1.271279e+01 7.143555e+01 -5.606374e+00
         vertex -1.298515e+01 7.069316e+01 -4.282807e+00
         vertex -1.285049e+01 7.149801e+01 -4.348998e+00
      endloop
   endfacet
   facet normal -9.733949e-01 1.973609e-01 -1.164087e-01
      outer loop
         vertex -1.271279e+01 7.143555e+01 -5.606374e+00
         vertex -1.285049e+01 7.149801e+01 -4.348998e+00
         vertex -1.253968e+01 7.220814e+01 -5.744007e+00
      endloop
   endfacet
   facet normal -9.733956e-01 1.973564e-01 -1.164111e-01
      outer loop
         vertex -1.253968e+01 7.220814e+01 -5.744007e+00
         vertex -1.285049e+01 7.149801e+01 -4.348998e+00
         vertex -1.268092e+01 7.229033e+01 -4.423646e+00
      endloop
   endfacet
   facet normal -9.689287e-01 2.178068e-01 -1.172064e-01
      outer loop
         vertex -1.253968e+01 7.220814e+01 -5.744007e+00
         vertex -1.268092e+01 7.229033e+01 -4.423646e+00
         vertex -1.216754e+01 7.371277e+01 -6.024377e+00
      endloop
   endfacet
   facet normal -9.691158e-01 2.161265e-01 -1.187596e-01
      outer loop
         vertex -1.216754e+01 7.371277e+01 -6.024377e+00
         vertex -1.268092e+01 7.229033e+01 -4.423646e+00
         vertex -1.231568e+01 7.383723e+01 -4.589010e+00
      endloop
   endfacet
   facet normal -9.712540e-01 2.066502e-01 -1.181586e-01
      outer loop
         vertex -1.216754e+01 7.371277e+01 -6.024377e+00
         vertex -1.231568e+01 7.383723e+01 -4.589010e+00
         vertex -1.182085e+01 7.517875e+01 -6.310212e+00
      endloop
   endfacet
   facet normal -9.715798e-01 2.037286e-01 -1.205293e-01
      outer loop
         vertex -1.182085e+01 7.517875e+01 -6.310212e+00
         vertex -1.231568e+01 7.383723e+01 -4.589010e+00
         vertex -1.197579e+01 7.534766e+01 -4.775775e+00
      endloop
   endfacet
   facet normal -9.755855e-01 1.846902e-01 -1.188380e-01
      outer loop
         vertex -1.182085e+01 7.517875e+01 -6.310212e+00
         vertex -1.197579e+01 7.534766e+01 -4.775775e+00
         vertex -1.150901e+01 7.663397e+01 -6.608660e+00
      endloop
   endfacet
   facet normal -9.758895e-01 1.815989e-01 -1.210849e-01
      outer loop
         vertex -1.150901e+01 7.663397e+01 -6.608660e+00
         vertex -1.197579e+01 7.534766e+01 -4.775775e+00
         vertex -1.167014e+01 7.684610e+01 -4.991816e+00
      endloop
   endfacet
   facet normal -9.780464e-01 1.704796e-01 -1.198410e-01
      outer loop
         vertex -1.150901e+01 7.663397e+01 -6.608660e+00
         vertex -1.167014e+01 7.684610e+01 -4.991816e+00
         vertex -1.121642e+01 7.809570e+01 -6.917179e+00
      endloop
   endfacet
   facet normal -9.783407e-01 1.672005e-01 -1.220386e-01
      outer loop
         vertex -1.121642e+01 7.809570e+01 -6.917179e+00
         vertex -1.167014e+01 7.684610e+01 -4.991816e+00
         vertex -1.138253e+01 7.835064e+01 -5.236224e+00
      endloop
   endfacet
   facet normal -9.804181e-01 1.557509e-01 -1.205074e-01
      outer loop
         vertex -1.121642e+01 7.809570e+01 -6.917179e+00
         vertex -1.138253e+01 7.835064e+01 -5.236224e+00
         vertex -1.094909e+01 7.955173e+01 -7.210217e+00
      endloop
   endfacet
   facet normal -9.807907e-01 1.510092e-01 -1.234742e-01
      outer loop
         vertex -1.094909e+01 7.955173e+01 -7.210217e+00
         vertex -1.138253e+01 7.835064e+01 -5.236224e+00
         vertex -1.111879e+01 7.985829e+01 -5.487273e+00
      endloop
   endfacet
   facet normal -9.827774e-01 1.391784e-01 -1.215649e-01
      outer loop
         vertex -1.094909e+01 7.955173e+01 -7.210217e+00
         vertex -1.111879e+01 7.985829e+01 -5.487273e+00
         vertex -1.070317e+01 8.101723e+01 -7.520474e+00
      endloop
   endfacet
   facet normal -9.830570e-01 1.349770e-01 -1.240168e-01
      outer loop
         vertex -1.070317e+01 8.101723e+01 -7.520474e+00
         vertex -1.111879e+01 7.985829e+01 -5.487273e+00
         vertex -1.087532e+01 8.136745e+01 -5.774729e+00
      endloop
   endfacet
   facet normal -9.852412e-01 1.207036e-01 -1.213688e-01
      outer loop
         vertex -1.070317e+01 8.101723e+01 -7.520474e+00
         vertex -1.087532e+01 8.136745e+01 -5.774729e+00
         vertex -1.047567e+01 8.253558e+01 -7.857228e+00
      endloop
   endfacet
   facet normal -9.852672e-01 1.202016e-01 -1.216554e-01
      outer loop
         vertex -1.047567e+01 8.253558e+01 -7.857228e+00
         vertex -1.087532e+01 8.136745e+01 -5.774729e+00
         vertex -1.064913e+01 8.289035e+01 -6.101863e+00
      endloop
   endfacet
   facet normal -9.878802e-01 1.008397e-01 -1.180004e-01
      outer loop
         vertex -1.047567e+01 8.253558e+01 -7.857228e+00
         vertex -1.064913e+01 8.289035e+01 -6.101863e+00
         vertex -1.037652e+01 8.332188e+01 -8.015393e+00
      endloop
   endfacet
   facet normal -9.877232e-01 1.029335e-01 -1.175058e-01
      outer loop
         vertex -1.037652e+01 8.332188e+01 -8.015393e+00
         vertex -1.064913e+01 8.289035e+01 -6.101863e+00
         vertex -1.055018e+01 8.365972e+01 -6.259694e+00
      endloop
   endfacet
   facet normal -9.899137e-01 8.400359e-02 -1.140800e-01
      outer loop
         vertex -1.037652e+01 8.332188e+01 -8.015393e+00
         vertex -1.055018e+01 8.365972e+01 -6.259694e+00
         vertex -1.029241e+01 8.412652e+01 -8.152676e+00
      endloop
   endfacet
   facet normal -9.897401e-01 8.703936e-02 -1.133078e-01
      outer loop
         vertex -1.029241e+01 8.412652e+01 -8.152676e+00
         vertex -1.055018e+01 8.365972e+01 -6.259694e+00
         vertex -1.046595e+01 8.443493e+01 -6.399955e+00
      endloop
   endfacet
   facet normal -9.918260e-01 6.521395e-02 -1.096740e-01
      outer loop
         vertex -1.029241e+01 8.412652e+01 -8.152676e+00
         vertex -1.046595e+01 8.443493e+01 -6.399955e+00
         vertex -1.022653e+01 8.494709e+01 -8.260606e+00
      endloop
   endfacet
   facet normal -9.917132e-01 6.830685e-02 -1.088081e-01
      outer loop
         vertex -1.022653e+01 8.494709e+01 -8.260606e+00
         vertex -1.046595e+01 8.443493e+01 -6.399955e+00
         vertex -1.039958e+01 8.521567e+01 -6.514730e+00
      endloop
   endfacet
   facet normal -9.933628e-01 4.580387e-02 -1.055098e-01
      outer loop
         vertex -1.022653e+01 8.494709e+01 -8.260606e+00
         vertex -1.039958e+01 8.521567e+01 -6.514730e+00
         vertex -1.018024e+01 8.577891e+01 -8.335240e+00
      endloop
   endfacet
   facet normal -9.933293e-01 4.813716e-02 -1.047839e-01
      outer loop
         vertex -1.018024e+01 8.577891e+01 -8.335240e+00
         vertex -1.039958e+01 8.521567e+01 -6.514730e+00
         vertex -1.035244e+01 8.600088e+01 -6.600841e+00
      endloop
   endfacet
   facet normal -9.943649e-01 2.784292e-02 -1.022894e-01
      outer loop
         vertex -1.018024e+01 8.577891e+01 -8.335240e+00
         vertex -1.035244e+01 8.600088e+01 -6.600841e+00
         vertex -1.015228e+01 8.661477e+01 -8.379543e+00
      endloop
   endfacet
   facet normal -9.943723e-01 2.892486e-02 -1.019168e-01
      outer loop
         vertex -1.015228e+01 8.661477e+01 -8.379543e+00
         vertex -1.035244e+01 8.600088e+01 -6.600841e+00
         vertex -1.032324e+01 8.678869e+01 -6.662193e+00
      endloop
   endfacet
   facet normal -9.948548e-01 1.352088e-02 -1.004048e-01
      outer loop
         vertex -1.015228e+01 8.661477e+01 -8.379543e+00
         vertex -1.032324e+01 8.678869e+01 -6.662193e+00
         vertex -1.013858e+01 8.744647e+01 -8.403305e+00
      endloop
   endfacet
   facet normal -9.948506e-01 1.334877e-02 -1.004694e-01
      outer loop
         vertex -1.013858e+01 8.744647e+01 -8.403305e+00
         vertex -1.032324e+01 8.678869e+01 -6.662193e+00
         vertex -1.030789e+01 8.757653e+01 -6.709486e+00
      endloop
   endfacet
   facet normal -9.950392e-01 2.643142e-04 -9.948351e-02
      outer loop
         vertex -1.013858e+01 8.744647e+01 -8.403305e+00
         vertex -1.030789e+01 8.757653e+01 -6.709486e+00
         vertex -1.013792e+01 8.827423e+01 -8.407654e+00
      endloop
   endfacet
   facet normal -9.949912e-01 -9.027102e-04 -9.995819e-02
      outer loop
         vertex -1.013792e+01 8.827423e+01 -8.407654e+00
         vertex -1.030789e+01 8.757653e+01 -6.709486e+00
         vertex -1.030517e+01 8.836319e+01 -6.743651e+00
      endloop
   endfacet
   facet normal -9.949600e-01 -1.439188e-02 -9.923397e-02
      outer loop
         vertex -1.013792e+01 8.827423e+01 -8.407654e+00
         vertex -1.030517e+01 8.836319e+01 -6.743651e+00
         vertex -1.015175e+01 8.910020e+01 -8.388870e+00
      endloop
   endfacet
   facet normal -9.948334e-01 -1.650819e-02 -1.001702e-01
      outer loop
         vertex -1.015175e+01 8.910020e+01 -8.388870e+00
         vertex -1.030517e+01 8.836319e+01 -6.743651e+00
         vertex -1.031652e+01 8.914836e+01 -6.760383e+00
      endloop
   endfacet
   facet normal -9.945337e-01 -3.098784e-02 -9.971159e-02
      outer loop
         vertex -1.015175e+01 8.910020e+01 -8.388870e+00
         vertex -1.031652e+01 8.914836e+01 -6.760383e+00
         vertex -1.018189e+01 8.992424e+01 -8.344348e+00
      endloop
   endfacet
   facet normal -9.942784e-01 -3.411933e-02 -1.012238e-01
      outer loop
         vertex -1.018189e+01 8.992424e+01 -8.344348e+00
         vertex -1.031652e+01 8.914836e+01 -6.760383e+00
         vertex -1.034379e+01 8.993204e+01 -6.756618e+00
      endloop
   endfacet
   facet normal -9.936503e-01 -4.940698e-02 -1.010846e-01
      outer loop
         vertex -1.018189e+01 8.992424e+01 -8.344348e+00
         vertex -1.034379e+01 8.993204e+01 -6.756618e+00
         vertex -1.022996e+01 9.074471e+01 -8.272780e+00
      endloop
   endfacet
   facet normal -9.932125e-01 -5.353266e-02 -1.032631e-01
      outer loop
         vertex -1.022996e+01 9.074471e+01 -8.272780e+00
         vertex -1.034379e+01 8.993204e+01 -6.756618e+00
         vertex -1.038866e+01 9.071440e+01 -6.730670e+00
      endloop
   endfacet
   facet normal -9.922479e-01 -6.884066e-02 -1.034648e-01
      outer loop
         vertex -1.022996e+01 9.074471e+01 -8.272780e+00
         vertex -1.038866e+01 9.071440e+01 -6.730670e+00
         vertex -1.029674e+01 9.155928e+01 -8.174311e+00
      endloop
   endfacet
   facet normal -9.915994e-01 -7.372262e-02 -1.062807e-01
      outer loop
         vertex -1.029674e+01 9.155928e+01 -8.174311e+00
         vertex -1.038866e+01 9.071440e+01 -6.730670e+00
         vertex -1.045193e+01 9.149575e+01 -6.682354e+00
      endloop
   endfacet
   facet normal -9.904056e-01 -8.775111e-02 -1.067539e-01
      outer loop
         vertex -1.029674e+01 9.155928e+01 -8.174311e+00
         vertex -1.045193e+01 9.149575e+01 -6.682354e+00
         vertex -1.038152e+01 9.236567e+01 -8.050693e+00
      endloop
   endfacet
   facet normal -9.895805e-01 -9.291036e-02 -1.099914e-01
      outer loop
         vertex -1.038152e+01 9.236567e+01 -8.050693e+00
         vertex -1.045193e+01 9.149575e+01 -6.682354e+00
         vertex -1.053294e+01 9.227657e+01 -6.613097e+00
      endloop
   endfacet
   facet normal -9.884339e-01 -1.038169e-01 -1.105467e-01
      outer loop
         vertex -1.038152e+01 9.236567e+01 -8.050693e+00
         vertex -1.053294e+01 9.227657e+01 -6.613097e+00
         vertex -1.048145e+01 9.316252e+01 -7.905440e+00
      endloop
   endfacet
   facet normal -9.866707e-01 -1.131974e-01 -1.169072e-01
      outer loop
         vertex -1.048145e+01 9.316252e+01 -7.905440e+00
         vertex -1.053294e+01 9.227657e+01 -6.613097e+00
         vertex -1.073429e+01 9.383862e+01 -6.426246e+00
      endloop
   endfacet
   facet normal -9.866658e-01 -1.132800e-01 -1.168687e-01
      outer loop
         vertex -1.048145e+01 9.316252e+01 -7.905440e+00
         vertex -1.073429e+01 9.383862e+01 -6.426246e+00
         vertex -1.059100e+01 9.395009e+01 -7.743985e+00
      endloop
   endfacet
   facet normal -9.874598e-01 -1.066556e-01 -1.163946e-01
      outer loop
         vertex -1.059100e+01 9.395009e+01 -7.743985e+00
         vertex -1.073429e+01 9.383862e+01 -6.426246e+00
         vertex -1.079966e+01 9.551135e+01 -7.404398e+00
      endloop
   endfacet
   facet normal -9.608309e-01 -1.188551e-01 -2.503545e-01
      outer loop
         vertex -1.197642e+01 1.079172e+02 -4.454107e+00
         vertex -1.195453e+01 1.079297e+02 -4.544025e+00
         vertex -1.191821e+01 1.075147e+02 -4.486415e+00
      endloop
   endfacet
   facet normal -9.508976e-01 -1.226780e-01 -2.841546e-01
      outer loop
         vertex -1.191821e+01 1.075147e+02 -4.486415e+00
         vertex -1.195453e+01 1.079297e+02 -4.544025e+00
         vertex -1.189379e+01 1.075272e+02 -4.573557e+00
      endloop
   endfacet
   facet normal -9.603777e-01 -4.294569e-02 -2.753731e-01
      outer loop
         vertex -1.191821e+01 1.075147e+02 -4.486415e+00
         vertex -1.189379e+01 1.075272e+02 -4.573557e+00
         vertex -1.188551e+01 1.071115e+02 -4.537587e+00
      endloop
   endfacet
   facet normal -9.421685e-01 -4.746207e-02 -3.317618e-01
      outer loop
         vertex -1.189379e+01 1.075272e+02 -4.573557e+00
         vertex -1.185323e+01 1.071264e+02 -4.631388e+00
         vertex -1.188551e+01 1.071115e+02 -4.537587e+00
      endloop
   endfacet
   facet normal -9.455028e-01 -1.540027e-03 -3.256104e-01
      outer loop
         vertex -1.188551e+01 1.071115e+02 -4.537587e+00
         vertex -1.185323e+01 1.071264e+02 -4.631388e+00
         vertex -1.182482e+01 1.067282e+02 -4.712009e+00
      endloop
   endfacet
   facet normal -9.169383e-01 3.566737e-02 -3.974318e-01
      outer loop
         vertex -1.188551e+01 1.071115e+02 -4.537587e+00
         vertex -1.182482e+01 1.067282e+02 -4.712009e+00
         vertex -1.185539e+01 1.063109e+02 -4.678929e+00
      endloop
   endfacet
   facet normal -9.285534e-01 3.875852e-02 -3.691698e-01
      outer loop
         vertex -1.185539e+01 1.063109e+02 -4.678929e+00
         vertex -1.182482e+01 1.067282e+02 -4.712009e+00
         vertex -1.180194e+01 1.063335e+02 -4.810996e+00
      endloop
   endfacet
   facet normal -9.287244e-01 4.826896e-02 -3.676154e-01
      outer loop
         vertex -1.185539e+01 1.063109e+02 -4.678929e+00
         vertex -1.180194e+01 1.063335e+02 -4.810996e+00
         vertex -1.182647e+01 1.055250e+02 -4.855182e+00
      endloop
   endfacet
   facet normal -9.382396e-01 4.719878e-02 -3.427516e-01
      outer loop
         vertex -1.182647e+01 1.055250e+02 -4.855182e+00
         vertex -1.180194e+01 1.063335e+02 -4.810996e+00
         vertex -1.175355e+01 1.055561e+02 -5.050513e+00
      endloop
   endfacet
   facet normal -9.378162e-01 2.381007e-02 -3.463146e-01
      outer loop
         vertex -1.182647e+01 1.055250e+02 -4.855182e+00
         vertex -1.175355e+01 1.055561e+02 -5.050513e+00
         vertex -1.177193e+01 1.047544e+02 -5.055857e+00
      endloop
   endfacet
   facet normal -9.521501e-01 2.386133e-02 -3.046980e-01
      outer loop
         vertex -1.177193e+01 1.047544e+02 -5.055857e+00
         vertex -1.175355e+01 1.055561e+02 -5.050513e+00
         vertex -1.168377e+01 1.047950e+02 -5.328156e+00
      endloop
   endfacet
   facet normal -9.507379e-01 -1.287161e-02 -3.097286e-01
      outer loop
         vertex -1.177193e+01 1.047544e+02 -5.055857e+00
         vertex -1.168377e+01 1.047950e+02 -5.328156e+00
         vertex -1.160986e+01 1.032314e+02 -5.490071e+00
      endloop
   endfacet
   facet normal -9.657790e-01 -1.886893e-02 -2.586792e-01
      outer loop
         vertex -1.160986e+01 1.032314e+02 -5.490071e+00
         vertex -1.168377e+01 1.047950e+02 -5.328156e+00
         vertex -1.149514e+01 1.032953e+02 -5.923029e+00
      endloop
   endfacet
   facet normal -9.659404e-01 -1.585889e-02 -2.582782e-01
      outer loop
         vertex -1.160986e+01 1.032314e+02 -5.490071e+00
         vertex -1.149514e+01 1.032953e+02 -5.923029e+00
         vertex -1.147733e+01 1.016934e+02 -5.891277e+00
      endloop
   endfacet
   facet normal -9.729172e-01 -1.538864e-02 -2.306409e-01
      outer loop
         vertex -1.147733e+01 1.016934e+02 -5.891277e+00
         vertex -1.149514e+01 1.032953e+02 -5.923029e+00
         vertex -1.133827e+01 1.017723e+02 -6.483113e+00
      endloop
   endfacet
   facet normal -9.718137e-01 -3.549486e-02 -2.330626e-01
      outer loop
         vertex -1.147733e+01 1.016934e+02 -5.891277e+00
         vertex -1.133827e+01 1.017723e+02 -6.483113e+00
         vertex -1.132558e+01 1.001557e+02 -6.289851e+00
      endloop
   endfacet
   facet normal -9.764780e-01 -3.313961e-02 -2.130553e-01
      outer loop
         vertex -1.132558e+01 1.001557e+02 -6.289851e+00
         vertex -1.133827e+01 1.017723e+02 -6.483113e+00
         vertex -1.116481e+01 1.002481e+02 -7.041042e+00
      endloop
   endfacet
   facet normal -9.747350e-01 -5.790416e-02 -2.157283e-01
      outer loop
         vertex -1.132558e+01 1.001557e+02 -6.289851e+00
         vertex -1.116481e+01 1.002481e+02 -7.041042e+00
         vertex -1.114600e+01 9.861936e+01 -6.688875e+00
      endloop
   endfacet
   facet normal -9.781371e-01 -5.468177e-02 -2.006430e-01
      outer loop
         vertex -1.114600e+01 9.861936e+01 -6.688875e+00
         vertex -1.116481e+01 1.002481e+02 -7.041042e+00
         vertex -1.096559e+01 9.872539e+01 -7.597257e+00
      endloop
   endfacet
   facet normal -9.774216e-01 -6.350197e-02 -2.015305e-01
      outer loop
         vertex -1.114600e+01 9.861936e+01 -6.688875e+00
         vertex -1.096559e+01 9.872539e+01 -7.597257e+00
         vertex -1.096828e+01 9.707247e+01 -7.063386e+00
      endloop
   endfacet
   facet normal -9.800067e-01 -5.970725e-02 -1.897946e-01
      outer loop
         vertex -1.096828e+01 9.707247e+01 -7.063386e+00
         vertex -1.096559e+01 9.872539e+01 -7.597257e+00
         vertex -1.077021e+01 9.718836e+01 -8.122587e+00
      endloop
   endfacet
   facet normal -9.796355e-01 -6.425969e-02 -1.902233e-01
      outer loop
         vertex -1.096828e+01 9.707247e+01 -7.063386e+00
         vertex -1.077021e+01 9.718836e+01 -8.122587e+00
         vertex -1.079966e+01 9.551135e+01 -7.404398e+00
      endloop
   endfacet
   facet normal -9.816631e-01 -6.021575e-02 -1.808637e-01
      outer loop
         vertex -1.079966e+01 9.551135e+01 -7.404398e+00
         vertex -1.077021e+01 9.718836e+01 -8.122587e+00
         vertex -1.058586e+01 9.563295e+01 -8.605295e+00
      endloop
   endfacet
   facet normal -9.788135e-01 -9.091193e-02 -1.834644e-01
      outer loop
         vertex -1.079966e+01 9.551135e+01 -7.404398e+00
         vertex -1.058586e+01 9.563295e+01 -8.605295e+00
         vertex -1.059100e+01 9.395009e+01 -7.743985e+00
      endloop
   endfacet
   facet normal -9.805688e-01 -8.699904e-02 -1.758297e-01
      outer loop
         vertex -1.059100e+01 9.395009e+01 -7.743985e+00
         vertex -1.058586e+01 9.563295e+01 -8.605295e+00
         vertex -1.036306e+01 9.407714e+01 -9.077999e+00
      endloop
   endfacet
   facet normal -9.791554e-01 -9.994467e-02 -1.768212e-01
      outer loop
         vertex -1.059100e+01 9.395009e+01 -7.743985e+00
         vertex -1.036306e+01 9.407714e+01 -9.077999e+00
         vertex -1.048145e+01 9.316252e+01 -7.905440e+00
      endloop
   endfacet
   facet normal -9.803951e-01 -9.465290e-02 -1.728187e-01
      outer loop
         vertex -1.048145e+01 9.316252e+01 -7.905440e+00
         vertex -1.036306e+01 9.407714e+01 -9.077999e+00
         vertex -1.024690e+01 9.328301e+01 -9.302050e+00
      endloop
   endfacet
   facet normal -9.807283e-01 -9.153802e-02 -1.726059e-01
      outer loop
         vertex -1.048145e+01 9.316252e+01 -7.905440e+00
         vertex -1.024690e+01 9.328301e+01 -9.302050e+00
         vertex -1.038152e+01 9.236567e+01 -8.050693e+00
      endloop
   endfacet
   facet normal -9.819419e-01 -8.586242e-02 -1.685759e-01
      outer loop
         vertex -1.038152e+01 9.236567e+01 -8.050693e+00
         vertex -1.024690e+01 9.328301e+01 -9.302050e+00
         vertex -1.014064e+01 9.246912e+01 -9.506479e+00
      endloop
   endfacet
   facet normal -9.827138e-01 -7.753643e-02 -1.681120e-01
      outer loop
         vertex -1.038152e+01 9.236567e+01 -8.050693e+00
         vertex -1.014064e+01 9.246912e+01 -9.506479e+00
         vertex -1.029674e+01 9.155928e+01 -8.174311e+00
      endloop
   endfacet
   facet normal -9.837843e-01 -7.183349e-02 -1.643424e-01
      outer loop
         vertex -1.029674e+01 9.155928e+01 -8.174311e+00
         vertex -1.014064e+01 9.246912e+01 -9.506479e+00
         vertex -1.004988e+01 9.163547e+01 -9.685397e+00
      endloop
   endfacet
   facet normal -9.845912e-01 -6.090448e-02 -1.639232e-01
      outer loop
         vertex -1.029674e+01 9.155928e+01 -8.174311e+00
         vertex -1.004988e+01 9.163547e+01 -9.685397e+00
         vertex -1.022996e+01 9.074471e+01 -8.272780e+00
      endloop
   endfacet
   facet normal -9.854332e-01 -5.563210e-02 -1.607059e-01
      outer loop
         vertex -1.022996e+01 9.074471e+01 -8.272780e+00
         vertex -1.004988e+01 9.163547e+01 -9.685397e+00
         vertex -9.977510e+00 9.078547e+01 -9.834900e+00
      endloop
   endfacet
   facet normal -9.860646e-01 -4.377997e-02 -1.604987e-01
      outer loop
         vertex -1.022996e+01 9.074471e+01 -8.272780e+00
         vertex -9.977510e+00 9.078547e+01 -9.834900e+00
         vertex -1.018189e+01 8.992424e+01 -8.344348e+00
      endloop
   endfacet
   facet normal -9.866592e-01 -3.929149e-02 -1.579868e-01
      outer loop
         vertex -1.018189e+01 8.992424e+01 -8.344348e+00
         vertex -9.977510e+00 9.078547e+01 -9.834900e+00
         vertex -9.924324e+00 8.992427e+01 -9.952875e+00
      endloop
   endfacet
   facet normal -9.870466e-01 -2.756206e-02 -1.580486e-01
      outer loop
         vertex -1.018189e+01 8.992424e+01 -8.344348e+00
         vertex -9.924324e+00 8.992427e+01 -9.952875e+00
         vertex -1.015175e+01 8.910020e+01 -8.388870e+00
      endloop
   endfacet
   facet normal -9.874271e-01 -2.402263e-02 -1.562390e-01
      outer loop
         vertex -1.015175e+01 8.910020e+01 -8.388870e+00
         vertex -9.924324e+00 8.992427e+01 -9.952875e+00
         vertex -9.889630e+00 8.905706e+01 -1.003881e+01
      endloop
   endfacet
   facet normal -9.875844e-01 -1.296493e-02 -1.565531e-01
      outer loop
         vertex -1.015175e+01 8.910020e+01 -8.388870e+00
         vertex -9.889630e+00 8.905706e+01 -1.003881e+01
         vertex -1.013792e+01 8.827423e+01 -8.407654e+00
      endloop
   endfacet
   facet normal -9.878049e-01 -1.038754e-02 -1.553498e-01
      outer loop
         vertex -1.013792e+01 8.827423e+01 -8.407654e+00
         vertex -9.889630e+00 8.905706e+01 -1.003881e+01
         vertex -9.871869e+00 8.818744e+01 -1.009359e+01
      endloop
   endfacet
   facet normal -9.877763e-01 -3.774013e-05 -1.558780e-01
      outer loop
         vertex -1.013792e+01 8.827423e+01 -8.407654e+00
         vertex -9.871869e+00 8.818744e+01 -1.009359e+01
         vertex -1.013858e+01 8.744647e+01 -8.403305e+00
      endloop
   endfacet
   facet normal -9.878858e-01 1.607598e-03 -1.551741e-01
      outer loop
         vertex -1.013858e+01 8.744647e+01 -8.403305e+00
         vertex -9.871869e+00 8.818744e+01 -1.009359e+01
         vertex -9.869243e+00 8.731572e+01 -1.011934e+01
      endloop
   endfacet
   facet normal -9.876986e-01 1.181684e-02 -1.559225e-01
      outer loop
         vertex -1.013858e+01 8.744647e+01 -8.403305e+00
         vertex -9.869243e+00 8.731572e+01 -1.011934e+01
         vertex -1.015228e+01 8.661477e+01 -8.379543e+00
      endloop
   endfacet
   facet normal -9.877294e-01 1.243335e-02 -1.556792e-01
      outer loop
         vertex -1.015228e+01 8.661477e+01 -8.379543e+00
         vertex -9.869243e+00 8.731572e+01 -1.011934e+01
         vertex -9.880327e+00 8.643723e+01 -1.011918e+01
      endloop
   endfacet
   facet normal -9.873105e-01 2.471414e-02 -1.568670e-01
      outer loop
         vertex -1.015228e+01 8.661477e+01 -8.379543e+00
         vertex -9.880327e+00 8.643723e+01 -1.011918e+01
         vertex -1.018024e+01 8.577891e+01 -8.335240e+00
      endloop
   endfacet
   facet normal -9.872892e-01 2.407003e-02 -1.571011e-01
      outer loop
         vertex -1.018024e+01 8.577891e+01 -8.335240e+00
         vertex -9.880327e+00 8.643723e+01 -1.011918e+01
         vertex -9.906312e+00 8.555020e+01 -1.009178e+01
      endloop
   endfacet
   facet normal -9.864239e-01 4.060767e-02 -1.591194e-01
      outer loop
         vertex -1.018024e+01 8.577891e+01 -8.335240e+00
         vertex -9.906312e+00 8.555020e+01 -1.009178e+01
         vertex -1.022653e+01 8.494709e+01 -8.260606e+00
      endloop
   endfacet
   facet normal -9.864007e-01 3.877367e-02 -1.597194e-01
      outer loop
         vertex -1.022653e+01 8.494709e+01 -8.260606e+00
         vertex -9.906312e+00 8.555020e+01 -1.009178e+01
         vertex -9.951236e+00 8.466875e+01 -1.002832e+01
      endloop
   endfacet
   facet normal -9.850208e-01 5.772087e-02 -1.624879e-01
      outer loop
         vertex -1.022653e+01 8.494709e+01 -8.260606e+00
         vertex -9.951236e+00 8.466875e+01 -1.002832e+01
         vertex -1.029241e+01 8.412652e+01 -8.152676e+00
      endloop
   endfacet
   facet normal -9.850447e-01 5.512316e-02 -1.632432e-01
      outer loop
         vertex -1.029241e+01 8.412652e+01 -8.152676e+00
         vertex -9.951236e+00 8.466875e+01 -1.002832e+01
         vertex -1.001636e+01 8.380553e+01 -9.926832e+00
      endloop
   endfacet
   facet normal -9.832420e-01 7.437201e-02 -1.664454e-01
      outer loop
         vertex -1.029241e+01 8.412652e+01 -8.152676e+00
         vertex -1.001636e+01 8.380553e+01 -9.926832e+00
         vertex -1.037652e+01 8.332188e+01 -8.015393e+00
      endloop
   endfacet
   facet normal -9.833231e-01 7.170033e-02 -1.671367e-01
      outer loop
         vertex -1.037652e+01 8.332188e+01 -8.015393e+00
         vertex -1.001636e+01 8.380553e+01 -9.926832e+00
         vertex -1.010026e+01 8.296902e+01 -9.792085e+00
      endloop
   endfacet
   facet normal -9.813116e-01 8.948019e-02 -1.703551e-01
      outer loop
         vertex -1.037652e+01 8.332188e+01 -8.015393e+00
         vertex -1.010026e+01 8.296902e+01 -9.792085e+00
         vertex -1.047567e+01 8.253558e+01 -7.857228e+00
      endloop
   endfacet
   facet normal -9.814084e-01 8.752833e-02 -1.708111e-01
      outer loop
         vertex -1.047567e+01 8.253558e+01 -7.857228e+00
         vertex -1.010026e+01 8.296902e+01 -9.792085e+00
         vertex -1.019974e+01 8.216377e+01 -9.633163e+00
      endloop
   endfacet
   facet normal -9.786990e-01 1.079049e-01 -1.746561e-01
      outer loop
         vertex -1.047567e+01 8.253558e+01 -7.857228e+00
         vertex -1.019974e+01 8.216377e+01 -9.633163e+00
         vertex -1.070317e+01 8.101723e+01 -7.520474e+00
      endloop
   endfacet
   facet normal -9.786946e-01 1.082413e-01 -1.744725e-01
      outer loop
         vertex -1.070317e+01 8.101723e+01 -7.520474e+00
         vertex -1.019974e+01 8.216377e+01 -9.633163e+00
         vertex -1.042932e+01 8.064719e+01 -9.286175e+00
      endloop
   endfacet
   facet normal -9.759510e-01 1.261284e-01 -1.777956e-01
      outer loop
         vertex -1.070317e+01 8.101723e+01 -7.520474e+00
         vertex -1.042932e+01 8.064719e+01 -9.286175e+00
         vertex -1.094909e+01 7.955173e+01 -7.210217e+00
      endloop
   endfacet
   facet normal -9.758144e-01 1.301252e-01 -1.756524e-01
      outer loop
         vertex -1.094909e+01 7.955173e+01 -7.210217e+00
         vertex -1.042932e+01 8.064719e+01 -9.286175e+00
         vertex -1.067913e+01 7.922384e+01 -8.952865e+00
      endloop
   endfacet
   facet normal -9.736348e-01 1.429879e-01 -1.777349e-01
      outer loop
         vertex -1.094909e+01 7.955173e+01 -7.210217e+00
         vertex -1.067913e+01 7.922384e+01 -8.952865e+00
         vertex -1.121642e+01 7.809570e+01 -6.917179e+00
      endloop
   endfacet
   facet normal -9.734349e-01 1.472967e-01 -1.752943e-01
      outer loop
         vertex -1.121642e+01 7.809570e+01 -6.917179e+00
         vertex -1.067913e+01 7.922384e+01 -8.952865e+00
         vertex -1.095217e+01 7.781842e+01 -8.617569e+00
      endloop
   endfacet
   facet normal -9.716408e-01 1.572109e-01 -1.766322e-01
      outer loop
         vertex -1.121642e+01 7.809570e+01 -6.917179e+00
         vertex -1.095217e+01 7.781842e+01 -8.617569e+00
         vertex -1.150901e+01 7.663397e+01 -6.608660e+00
      endloop
   endfacet
   facet normal -9.715166e-01 1.595306e-01 -1.752300e-01
      outer loop
         vertex -1.150901e+01 7.663397e+01 -6.608660e+00
         vertex -1.095217e+01 7.781842e+01 -8.617569e+00
         vertex -1.125267e+01 7.639834e+01 -8.244350e+00
      endloop
   endfacet
   facet normal -9.692307e-01 1.714834e-01 -1.765937e-01
      outer loop
         vertex -1.150901e+01 7.663397e+01 -6.608660e+00
         vertex -1.125267e+01 7.639834e+01 -8.244350e+00
         vertex -1.182085e+01 7.517875e+01 -6.310212e+00
      endloop
   endfacet
   facet normal -9.691228e-01 1.732769e-01 -1.754311e-01
      outer loop
         vertex -1.182085e+01 7.517875e+01 -6.310212e+00
         vertex -1.125267e+01 7.639834e+01 -8.244350e+00
         vertex -1.157438e+01 7.498534e+01 -7.862794e+00
      endloop
   endfacet
   facet normal -9.649227e-01 1.936218e-01 -1.772988e-01
      outer loop
         vertex -1.182085e+01 7.517875e+01 -6.310212e+00
         vertex -1.157438e+01 7.498534e+01 -7.862794e+00
         vertex -1.216754e+01 7.371277e+01 -6.024377e+00
      endloop
   endfacet
   facet normal -9.648363e-01 1.948509e-01 -1.764201e-01
      outer loop
         vertex -1.216754e+01 7.371277e+01 -6.024377e+00
         vertex -1.157438e+01 7.498534e+01 -7.862794e+00
         vertex -1.193188e+01 7.356433e+01 -7.477133e+00
      endloop
   endfacet
   facet normal -9.625893e-01 2.050783e-01 -1.771007e-01
      outer loop
         vertex -1.216754e+01 7.371277e+01 -6.024377e+00
         vertex -1.193188e+01 7.356433e+01 -7.477133e+00
         vertex -1.253968e+01 7.220814e+01 -5.744007e+00
      endloop
   endfacet
   facet normal -9.626264e-01 2.045034e-01 -1.775636e-01
      outer loop
         vertex -1.253968e+01 7.220814e+01 -5.744007e+00
         vertex -1.193188e+01 7.356433e+01 -7.477133e+00
         vertex -1.231500e+01 7.210498e+01 -7.080873e+00
      endloop
   endfacet
   facet normal -9.666922e-01 1.851095e-01 -1.767504e-01
      outer loop
         vertex -1.253968e+01 7.220814e+01 -5.744007e+00
         vertex -1.231500e+01 7.210498e+01 -7.080873e+00
         vertex -1.271279e+01 7.143555e+01 -5.606374e+00
      endloop
   endfacet
   facet normal -9.669481e-01 1.825963e-01 -1.779605e-01
      outer loop
         vertex -1.271279e+01 7.143555e+01 -5.606374e+00
         vertex -1.231500e+01 7.210498e+01 -7.080873e+00
         vertex -1.249373e+01 7.135457e+01 -6.879721e+00
      endloop
   endfacet
   facet normal -9.739997e-01 1.419211e-01 -1.765868e-01
      outer loop
         vertex -1.271279e+01 7.143555e+01 -5.606374e+00
         vertex -1.249373e+01 7.135457e+01 -6.879721e+00
         vertex -1.285121e+01 7.065010e+01 -5.474134e+00
      endloop
   endfacet
   facet normal -9.742074e-01 1.377536e-01 -1.787284e-01
      outer loop
         vertex -1.285121e+01 7.065010e+01 -5.474134e+00
         vertex -1.249373e+01 7.135457e+01 -6.879721e+00
         vertex -1.263815e+01 7.059130e+01 -6.680813e+00
      endloop
   endfacet
   facet normal -9.803613e-01 8.633148e-02 -1.773093e-01
      outer loop
         vertex -1.285121e+01 7.065010e+01 -5.474134e+00
         vertex -1.263815e+01 7.059130e+01 -6.680813e+00
         vertex -1.294357e+01 6.985611e+01 -5.350058e+00
      endloop
   endfacet
   facet normal -9.802727e-01 8.047134e-02 -1.805264e-01
      outer loop
         vertex -1.294357e+01 6.985611e+01 -5.350058e+00
         vertex -1.263815e+01 7.059130e+01 -6.680813e+00
         vertex -1.273714e+01 6.981933e+01 -6.487370e+00
      endloop
   endfacet
   facet normal -9.821781e-01 5.403631e-02 -1.800175e-01
      outer loop
         vertex -1.294357e+01 6.985611e+01 -5.350058e+00
         vertex -1.273714e+01 6.981933e+01 -6.487370e+00
         vertex -1.300902e+01 6.905884e+01 -5.232296e+00
      endloop
   endfacet
   facet normal -9.817615e-01 4.692876e-02 -1.842339e-01
      outer loop
         vertex -1.300902e+01 6.905884e+01 -5.232296e+00
         vertex -1.273714e+01 6.981933e+01 -6.487370e+00
         vertex -1.280989e+01 6.904233e+01 -6.297604e+00
      endloop
   endfacet
   facet normal -9.824980e-01 2.846693e-02 -1.840853e-01
      outer loop
         vertex -1.300902e+01 6.905884e+01 -5.232296e+00
         vertex -1.280989e+01 6.904233e+01 -6.297604e+00
         vertex -1.309637e+01 6.746383e+01 -5.012732e+00
      endloop
   endfacet
   facet normal -9.805319e-01 1.885774e-02 -1.954521e-01
      outer loop
         vertex -1.309637e+01 6.746383e+01 -5.012732e+00
         vertex -1.280989e+01 6.904233e+01 -6.297604e+00
         vertex -1.291385e+01 6.747953e+01 -5.926881e+00
      endloop
   endfacet
   facet normal -9.806401e-01 -1.068738e-03 -1.958159e-01
      outer loop
         vertex -1.309637e+01 6.746383e+01 -5.012732e+00
         vertex -1.291385e+01 6.747953e+01 -5.926881e+00
         vertex -1.311558e+01 6.666651e+01 -4.912171e+00
      endloop
   endfacet
   facet normal -9.790547e-01 -1.081538e-02 -2.033101e-01
      outer loop
         vertex -1.311558e+01 6.666651e+01 -4.912171e+00
         vertex -1.291385e+01 6.747953e+01 -5.926881e+00
         vertex -1.294235e+01 6.669421e+01 -5.747854e+00
      endloop
   endfacet
   facet normal -9.784971e-01 -3.129052e-02 -2.038732e-01
      outer loop
         vertex -1.311558e+01 6.666651e+01 -4.912171e+00
         vertex -1.294235e+01 6.669421e+01 -5.747854e+00
         vertex -1.310935e+01 6.586828e+01 -4.819536e+00
      endloop
   endfacet
   facet normal -9.761650e-01 -4.194957e-02 -2.129370e-01
      outer loop
         vertex -1.310935e+01 6.586828e+01 -4.819536e+00
         vertex -1.294235e+01 6.669421e+01 -5.747854e+00
         vertex -1.294608e+01 6.590575e+01 -5.575434e+00
      endloop
   endfacet
   facet normal -9.743663e-01 -6.962939e-02 -2.139205e-01
      outer loop
         vertex -1.310935e+01 6.586828e+01 -4.819536e+00
         vertex -1.294608e+01 6.590575e+01 -5.575434e+00
         vertex -1.307049e+01 6.506854e+01 -4.736225e+00
      endloop
   endfacet
   facet normal -9.709883e-01 -8.116749e-02 -2.249303e-01
      outer loop
         vertex -1.307049e+01 6.506854e+01 -4.736225e+00
         vertex -1.294608e+01 6.590575e+01 -5.575434e+00
         vertex -1.291784e+01 6.511381e+01 -5.411525e+00
      endloop
   endfacet
   facet normal -9.677251e-01 -1.110958e-01 -2.261986e-01
      outer loop
         vertex -1.307049e+01 6.506854e+01 -4.736225e+00
         vertex -1.291784e+01 6.511381e+01 -5.411525e+00
         vertex -1.299564e+01 6.426774e+01 -4.663166e+00
      endloop
   endfacet
   facet normal -9.630235e-01 -1.233242e-01 -2.395348e-01
      outer loop
         vertex -1.299564e+01 6.426774e+01 -4.663166e+00
         vertex -1.291784e+01 6.511381e+01 -5.411525e+00
         vertex -1.285432e+01 6.431869e+01 -5.257568e+00
      endloop
   endfacet
   facet normal -9.593671e-01 -1.472136e-01 -2.407134e-01
      outer loop
         vertex -1.299564e+01 6.426774e+01 -4.663166e+00
         vertex -1.285432e+01 6.431869e+01 -5.257568e+00
         vertex -1.288869e+01 6.346813e+01 -4.600383e+00
      endloop
   endfacet
   facet normal -9.532453e-01 -1.596994e-01 -2.565530e-01
      outer loop
         vertex -1.288869e+01 6.346813e+01 -4.600383e+00
         vertex -1.285432e+01 6.431869e+01 -5.257568e+00
         vertex -1.275943e+01 6.352181e+01 -5.114073e+00
      endloop
   endfacet
   facet normal -9.519394e-01 -1.666900e-01 -2.569549e-01
      outer loop
         vertex -1.288869e+01 6.346813e+01 -4.600383e+00
         vertex -1.275943e+01 6.352181e+01 -5.114073e+00
         vertex -1.276426e+01 6.267455e+01 -4.546563e+00
      endloop
   endfacet
   facet normal -9.447014e-01 -1.787659e-01 -2.749219e-01
      outer loop
         vertex -1.276426e+01 6.267455e+01 -4.546563e+00
         vertex -1.275943e+01 6.352181e+01 -5.114073e+00
         vertex -1.264785e+01 6.272617e+01 -4.980147e+00
      endloop
   endfacet
   facet normal -9.489548e-01 -1.571276e-01 -2.734879e-01
      outer loop
         vertex -1.276426e+01 6.267455e+01 -4.546563e+00
         vertex -1.264785e+01 6.272617e+01 -4.980147e+00
         vertex -1.253535e+01 6.111380e+01 -4.444151e+00
      endloop
   endfacet
   facet normal -9.300945e-01 -1.726714e-01 -3.242050e-01
      outer loop
         vertex -1.253535e+01 6.111380e+01 -4.444151e+00
         vertex -1.264785e+01 6.272617e+01 -4.980147e+00
         vertex -1.244591e+01 6.114540e+01 -4.717567e+00
      endloop
   endfacet
   facet normal -9.293540e-01 -1.762900e-01 -3.243810e-01
      outer loop
         vertex -1.253535e+01 6.111380e+01 -4.444151e+00
         vertex -1.244591e+01 6.114540e+01 -4.717567e+00
         vertex -1.240449e+01 6.032705e+01 -4.391481e+00
      endloop
   endfacet
   facet normal -9.101580e-01 -1.922755e-01 -3.669368e-01
      outer loop
         vertex -1.240449e+01 6.032705e+01 -4.391481e+00
         vertex -1.244591e+01 6.114540e+01 -4.717567e+00
         vertex -1.233042e+01 6.035029e+01 -4.587384e+00
      endloop
   endfacet
   facet normal -9.094467e-01 -1.954172e-01 -3.670407e-01
      outer loop
         vertex -1.240449e+01 6.032705e+01 -4.391481e+00
         vertex -1.233042e+01 6.035029e+01 -4.587384e+00
         vertex -1.224625e+01 5.953402e+01 -4.361360e+00
      endloop
   endfacet
   facet normal -9.678332e-01 -5.658668e-02 -2.451466e-01
      outer loop
         vertex -1.195598e+01 5.794345e+01 -4.542769e+00
         vertex -1.197819e+01 5.793301e+01 -4.452671e+00
         vertex -1.199155e+01 5.834723e+01 -4.495555e+00
      endloop
   endfacet
   facet normal -9.590230e-01 -5.959918e-02 -2.769887e-01
      outer loop
         vertex -1.199155e+01 5.834723e+01 -4.495555e+00
         vertex -1.197819e+01 5.793301e+01 -4.452671e+00
         vertex -1.201623e+01 5.833714e+01 -4.407933e+00
      endloop
   endfacet
   facet normal -9.518779e-01 -1.201390e-01 -2.819488e-01
      outer loop
         vertex -1.199155e+01 5.834723e+01 -4.495555e+00
         vertex -1.201623e+01 5.833714e+01 -4.407933e+00
         vertex -1.204932e+01 5.874926e+01 -4.471811e+00
      endloop
   endfacet
   facet normal -9.319348e-01 -1.274562e-01 -3.394885e-01
      outer loop
         vertex -1.204932e+01 5.874926e+01 -4.471811e+00
         vertex -1.201623e+01 5.833714e+01 -4.407933e+00
         vertex -1.208201e+01 5.873757e+01 -4.377697e+00
      endloop
   endfacet
   facet normal -9.261159e-01 -1.601984e-01 -3.415345e-01
      outer loop
         vertex -1.204932e+01 5.874926e+01 -4.471811e+00
         vertex -1.208201e+01 5.873757e+01 -4.377697e+00
         vertex -1.211873e+01 5.915039e+01 -4.471769e+00
      endloop
   endfacet
   facet normal -8.903347e-01 -1.749744e-01 -4.203428e-01
      outer loop
         vertex -1.211873e+01 5.915039e+01 -4.471769e+00
         vertex -1.208201e+01 5.873757e+01 -4.377697e+00
         vertex -1.224625e+01 5.953402e+01 -4.361360e+00
      endloop
   endfacet
   facet normal -9.001878e-01 -1.858764e-01 -3.938425e-01
      outer loop
         vertex -1.211873e+01 5.915039e+01 -4.471769e+00
         vertex -1.224625e+01 5.953402e+01 -4.361360e+00
         vertex -1.219193e+01 5.955098e+01 -4.493501e+00
      endloop
   endfacet
   facet normal -8.965515e-01 -2.016558e-01 -3.943733e-01
      outer loop
         vertex -1.219193e+01 5.955098e+01 -4.493501e+00
         vertex -1.224625e+01 5.953402e+01 -4.361360e+00
         vertex -1.233042e+01 6.035029e+01 -4.587384e+00
      endloop
   endfacet
   facet normal -9.234542e-01 -1.124674e-01 -3.668561e-01
      outer loop
         vertex -1.195453e+01 1.079297e+02 -4.544025e+00
         vertex -1.192601e+01 1.079421e+02 -4.619605e+00
         vertex -1.189379e+01 1.075272e+02 -4.573557e+00
      endloop
   endfacet
   facet normal -9.034296e-01 -1.160055e-01 -4.127441e-01
      outer loop
         vertex -1.189379e+01 1.075272e+02 -4.573557e+00
         vertex -1.192601e+01 1.079421e+02 -4.619605e+00
         vertex -1.186195e+01 1.075398e+02 -4.646774e+00
      endloop
   endfacet
   facet normal -9.143570e-01 -3.430464e-02 -4.034532e-01
      outer loop
         vertex -1.189379e+01 1.075272e+02 -4.573557e+00
         vertex -1.186195e+01 1.075398e+02 -4.646774e+00
         vertex -1.185323e+01 1.071264e+02 -4.631388e+00
      endloop
   endfacet
   facet normal -8.785885e-01 -3.625773e-02 -4.762012e-01
      outer loop
         vertex -1.185323e+01 1.071264e+02 -4.631388e+00
         vertex -1.186195e+01 1.075398e+02 -4.646774e+00
         vertex -1.181116e+01 1.071417e+02 -4.710163e+00
      endloop
   endfacet
   facet normal -8.841849e-01 3.127798e-02 -4.660888e-01
      outer loop
         vertex -1.185323e+01 1.071264e+02 -4.631388e+00
         vertex -1.181116e+01 1.071417e+02 -4.710163e+00
         vertex -1.182482e+01 1.067282e+02 -4.712009e+00
      endloop
   endfacet
   facet normal -8.577308e-01 3.061475e-02 -5.131868e-01
      outer loop
         vertex -1.182482e+01 1.067282e+02 -4.712009e+00
         vertex -1.181116e+01 1.071417e+02 -4.710163e+00
         vertex -1.176932e+01 1.067474e+02 -4.803631e+00
      endloop
   endfacet
   facet normal -8.598186e-01 7.675032e-02 -5.047984e-01
      outer loop
         vertex -1.182482e+01 1.067282e+02 -4.712009e+00
         vertex -1.176932e+01 1.067474e+02 -4.803631e+00
         vertex -1.180194e+01 1.063335e+02 -4.810996e+00
      endloop
   endfacet
   facet normal -8.514533e-01 7.634094e-02 -5.188443e-01
      outer loop
         vertex -1.180194e+01 1.063335e+02 -4.810996e+00
         vertex -1.176932e+01 1.067474e+02 -4.803631e+00
         vertex -1.173229e+01 1.063569e+02 -4.921847e+00
      endloop
   endfacet
   facet normal -8.519076e-01 1.050420e-01 -5.130493e-01
      outer loop
         vertex -1.180194e+01 1.063335e+02 -4.810996e+00
         vertex -1.173229e+01 1.063569e+02 -4.921847e+00
         vertex -1.175355e+01 1.055561e+02 -5.050513e+00
      endloop
   endfacet
   facet normal -8.692634e-01 1.008289e-01 -4.839574e-01
      outer loop
         vertex -1.175355e+01 1.055561e+02 -5.050513e+00
         vertex -1.173229e+01 1.063569e+02 -4.921847e+00
         vertex -1.165852e+01 1.055884e+02 -5.214480e+00
      endloop
   endfacet
   facet normal -8.692750e-01 9.712574e-02 -4.846934e-01
      outer loop
         vertex -1.175355e+01 1.055561e+02 -5.050513e+00
         vertex -1.165852e+01 1.055884e+02 -5.214480e+00
         vertex -1.168377e+01 1.047950e+02 -5.328156e+00
      endloop
   endfacet
   facet normal -8.964060e-01 9.070468e-02 -4.338535e-01
      outer loop
         vertex -1.168377e+01 1.047950e+02 -5.328156e+00
         vertex -1.165852e+01 1.055884e+02 -5.214480e+00
         vertex -1.156888e+01 1.048367e+02 -5.556832e+00
      endloop
   endfacet
   facet normal -8.963166e-01 6.144488e-02 -4.391368e-01
      outer loop
         vertex -1.168377e+01 1.047950e+02 -5.328156e+00
         vertex -1.156888e+01 1.048367e+02 -5.556832e+00
         vertex -1.149514e+01 1.032953e+02 -5.923029e+00
      endloop
   endfacet
   facet normal -9.267730e-01 4.427627e-02 -3.730033e-01
      outer loop
         vertex -1.149514e+01 1.032953e+02 -5.923029e+00
         vertex -1.156888e+01 1.048367e+02 -5.556832e+00
         vertex -1.134563e+01 1.033587e+02 -6.286955e+00
      endloop
   endfacet
   facet normal -9.267240e-01 4.187157e-02 -3.734025e-01
      outer loop
         vertex -1.149514e+01 1.032953e+02 -5.923029e+00
         vertex -1.134563e+01 1.033587e+02 -6.286955e+00
         vertex -1.133827e+01 1.017723e+02 -6.483113e+00
      endloop
   endfacet
   facet normal -9.408337e-01 3.728171e-02 -3.368116e-01
      outer loop
         vertex -1.133827e+01 1.017723e+02 -6.483113e+00
         vertex -1.134563e+01 1.033587e+02 -6.286955e+00
         vertex -1.115706e+01 1.018504e+02 -6.980677e+00
      endloop
   endfacet
   facet normal -9.403511e-01 1.735327e-02 -3.397626e-01
      outer loop
         vertex -1.133827e+01 1.017723e+02 -6.483113e+00
         vertex -1.115706e+01 1.018504e+02 -6.980677e+00
         vertex -1.116481e+01 1.002481e+02 -7.041042e+00
      endloop
   endfacet
   facet normal -9.497325e-01 1.637661e-02 -3.126339e-01
      outer loop
         vertex -1.116481e+01 1.002481e+02 -7.041042e+00
         vertex -1.115706e+01 1.018504e+02 -6.980677e+00
         vertex -1.095530e+01 1.003392e+02 -7.672737e+00
      endloop
   endfacet
   facet normal -9.487440e-01 -8.726753e-03 -3.159250e-01
      outer loop
         vertex -1.116481e+01 1.002481e+02 -7.041042e+00
         vertex -1.095530e+01 1.003392e+02 -7.672737e+00
         vertex -1.096559e+01 9.872539e+01 -7.597257e+00
      endloop
   endfacet
   facet normal -9.554565e-01 -7.706715e-03 -2.950312e-01
      outer loop
         vertex -1.096559e+01 9.872539e+01 -7.597257e+00
         vertex -1.095530e+01 1.003392e+02 -7.672737e+00
         vertex -1.073048e+01 9.882945e+01 -8.361376e+00
      endloop
   endfacet
   facet normal -9.548187e-01 -2.003096e-02 -2.965132e-01
      outer loop
         vertex -1.096559e+01 9.872539e+01 -7.597257e+00
         vertex -1.073048e+01 9.882945e+01 -8.361376e+00
         vertex -1.077021e+01 9.718836e+01 -8.122587e+00
      endloop
   endfacet
   facet normal -9.597689e-01 -1.754366e-02 -2.802426e-01
      outer loop
         vertex -1.077021e+01 9.718836e+01 -8.122587e+00
         vertex -1.073048e+01 9.882945e+01 -8.361376e+00
         vertex -1.051208e+01 9.730200e+01 -9.013742e+00
      endloop
   endfacet
   facet normal -9.592764e-01 -2.641437e-02 -2.812312e-01
      outer loop
         vertex -1.077021e+01 9.718836e+01 -8.122587e+00
         vertex -1.051208e+01 9.730200e+01 -9.013742e+00
         vertex -1.058586e+01 9.563295e+01 -8.605295e+00
      endloop
   endfacet
   facet normal -9.630620e-01 -2.307977e-02 -2.682888e-01
      outer loop
         vertex -1.058586e+01 9.563295e+01 -8.605295e+00
         vertex -1.051208e+01 9.730200e+01 -9.013742e+00
         vertex -1.030724e+01 9.575245e+01 -9.615743e+00
      endloop
   endfacet
   facet normal -9.608666e-01 -5.511830e-02 -2.714724e-01
      outer loop
         vertex -1.058586e+01 9.563295e+01 -8.605295e+00
         vertex -1.030724e+01 9.575245e+01 -9.615743e+00
         vertex -1.036306e+01 9.407714e+01 -9.077999e+00
      endloop
   endfacet
   facet normal -9.640123e-01 -5.158917e-02 -2.608042e-01
      outer loop
         vertex -1.036306e+01 9.407714e+01 -9.077999e+00
         vertex -1.030724e+01 9.575245e+01 -9.615743e+00
         vertex -1.006602e+01 9.420212e+01 -1.020070e+01
      endloop
   endfacet
   facet normal -9.627059e-01 -6.685974e-02 -2.621584e-01
      outer loop
         vertex -1.036306e+01 9.407714e+01 -9.077999e+00
         vertex -1.006602e+01 9.420212e+01 -1.020070e+01
         vertex -1.024690e+01 9.328301e+01 -9.302050e+00
      endloop
   endfacet
   facet normal -9.644541e-01 -6.147265e-02 -2.570006e-01
      outer loop
         vertex -1.024690e+01 9.328301e+01 -9.302050e+00
         vertex -1.006602e+01 9.420212e+01 -1.020070e+01
         vertex -9.941224e+00 9.340219e+01 -1.047768e+01
      endloop
   endfacet
   facet normal -9.644627e-01 -6.137209e-02 -2.569926e-01
      outer loop
         vertex -1.024690e+01 9.328301e+01 -9.302050e+00
         vertex -9.941224e+00 9.340219e+01 -1.047768e+01
         vertex -1.014064e+01 9.246912e+01 -9.506479e+00
      endloop
   endfacet
   facet normal -9.660640e-01 -5.599922e-02 -2.521595e-01
      outer loop
         vertex -1.014064e+01 9.246912e+01 -9.506479e+00
         vertex -9.941224e+00 9.340219e+01 -1.047768e+01
         vertex -9.826718e+00 9.257296e+01 -1.073222e+01
      endloop
   endfacet
   facet normal -9.664155e-01 -5.116372e-02 -2.518398e-01
      outer loop
         vertex -1.014064e+01 9.246912e+01 -9.506479e+00
         vertex -9.826718e+00 9.257296e+01 -1.073222e+01
         vertex -1.004988e+01 9.163547e+01 -9.685397e+00
      endloop
   endfacet
   facet normal -9.677883e-01 -4.601806e-02 -2.475242e-01
      outer loop
         vertex -1.004988e+01 9.163547e+01 -9.685397e+00
         vertex -9.826718e+00 9.257296e+01 -1.073222e+01
         vertex -9.728155e+00 9.171467e+01 -1.095802e+01
      endloop
   endfacet
   facet normal -9.681851e-01 -3.895315e-02 -2.471849e-01
      outer loop
         vertex -1.004988e+01 9.163547e+01 -9.685397e+00
         vertex -9.728155e+00 9.171467e+01 -1.095802e+01
         vertex -9.977510e+00 9.078547e+01 -9.834900e+00
      endloop
   endfacet
   facet normal -9.692784e-01 -3.428476e-02 -2.435652e-01
      outer loop
         vertex -9.977510e+00 9.078547e+01 -9.834900e+00
         vertex -9.728155e+00 9.171467e+01 -1.095802e+01
         vertex -9.648508e+00 9.083255e+01 -1.115080e+01
      endloop
   endfacet
   facet normal -9.695724e-01 -2.654095e-02 -2.433617e-01
      outer loop
         vertex -9.977510e+00 9.078547e+01 -9.834900e+00
         vertex -9.648508e+00 9.083255e+01 -1.115080e+01
         vertex -9.924324e+00 8.992427e+01 -9.952875e+00
      endloop
   endfacet
   facet normal -9.703858e-01 -2.252958e-02 -2.405076e-01
      outer loop
         vertex -9.924324e+00 8.992427e+01 -9.952875e+00
         vertex -9.648508e+00 9.083255e+01 -1.115080e+01
         vertex -9.588665e+00 8.993435e+01 -1.130812e+01
      endloop
   endfacet
   facet normal -9.705360e-01 -1.499871e-02 -2.404888e-01
      outer loop
         vertex -9.924324e+00 8.992427e+01 -9.952875e+00
         vertex -9.588665e+00 8.993435e+01 -1.130812e+01
         vertex -9.889630e+00 8.905706e+01 -1.003881e+01
      endloop
   endfacet
   facet normal -9.711066e-01 -1.172045e-02 -2.383583e-01
      outer loop
         vertex -9.889630e+00 8.905706e+01 -1.003881e+01
         vertex -9.588665e+00 8.993435e+01 -1.130812e+01
         vertex -9.548034e+00 8.902789e+01 -1.142908e+01
      endloop
   endfacet
   facet normal -9.711285e-01 -4.808197e-03 -2.385087e-01
      outer loop
         vertex -9.889630e+00 8.905706e+01 -1.003881e+01
         vertex -9.548034e+00 8.902789e+01 -1.142908e+01
         vertex -9.871869e+00 8.818744e+01 -1.009359e+01
      endloop
   endfacet
   facet normal -9.715063e-01 -2.269777e-03 -2.370028e-01
      outer loop
         vertex -9.871869e+00 8.818744e+01 -1.009359e+01
         vertex -9.548034e+00 8.902789e+01 -1.142908e+01
         vertex -9.525140e+00 8.811855e+01 -1.151422e+01
      endloop
   endfacet
   facet normal -9.714297e-01 4.082975e-03 -2.372922e-01
      outer loop
         vertex -9.871869e+00 8.818744e+01 -1.009359e+01
         vertex -9.525140e+00 8.811855e+01 -1.151422e+01
         vertex -9.869243e+00 8.731572e+01 -1.011934e+01
      endloop
   endfacet
   facet normal -9.716560e-01 5.857282e-03 -2.363268e-01
      outer loop
         vertex -9.869243e+00 8.731572e+01 -1.011934e+01
         vertex -9.525140e+00 8.811855e+01 -1.151422e+01
         vertex -9.518237e+00 8.720685e+01 -1.156520e+01
      endloop
   endfacet
   facet normal -9.714901e-01 1.221360e-02 -2.367651e-01
      outer loop
         vertex -9.869243e+00 8.731572e+01 -1.011934e+01
         vertex -9.518237e+00 8.720685e+01 -1.156520e+01
         vertex -9.880327e+00 8.643723e+01 -1.011918e+01
      endloop
   endfacet
   facet normal -9.715851e-01 1.307798e-02 -2.363288e-01
      outer loop
         vertex -9.880327e+00 8.643723e+01 -1.011918e+01
         vertex -9.518237e+00 8.720685e+01 -1.156520e+01
         vertex -9.525909e+00 8.628595e+01 -1.158462e+01
      endloop
   endfacet
   facet normal -9.712600e-01 2.113026e-02 -2.370814e-01
      outer loop
         vertex -9.880327e+00 8.643723e+01 -1.011918e+01
         vertex -9.525909e+00 8.628595e+01 -1.158462e+01
         vertex -9.906312e+00 8.555020e+01 -1.009178e+01
      endloop
   endfacet
   facet normal -9.712386e-01 2.090031e-02 -2.371893e-01
      outer loop
         vertex -9.906312e+00 8.555020e+01 -1.009178e+01
         vertex -9.525909e+00 8.628595e+01 -1.158462e+01
         vertex -9.549317e+00 8.535267e+01 -1.157100e+01
      endloop
   endfacet
   facet normal -9.705921e-01 3.229216e-02 -2.385545e-01
      outer loop
         vertex -9.906312e+00 8.555020e+01 -1.009178e+01
         vertex -9.549317e+00 8.535267e+01 -1.157100e+01
         vertex -9.951236e+00 8.466875e+01 -1.002832e+01
      endloop
   endfacet
   facet normal -9.705075e-01 3.111440e-02 -2.390546e-01
      outer loop
         vertex -9.951236e+00 8.466875e+01 -1.002832e+01
         vertex -9.549317e+00 8.535267e+01 -1.157100e+01
         vertex -9.592472e+00 8.442629e+01 -1.151638e+01
      endloop
   endfacet
   facet normal -9.694811e-01 4.480266e-02 -2.410375e-01
      outer loop
         vertex -9.951236e+00 8.466875e+01 -1.002832e+01
         vertex -9.592472e+00 8.442629e+01 -1.151638e+01
         vertex -1.001636e+01 8.380553e+01 -9.926832e+00
      endloop
   endfacet
   facet normal -9.693937e-01 4.300782e-02 -2.417151e-01
      outer loop
         vertex -1.001636e+01 8.380553e+01 -9.926832e+00
         vertex -9.592472e+00 8.442629e+01 -1.151638e+01
         vertex -9.656601e+00 8.352425e+01 -1.141969e+01
      endloop
   endfacet
   facet normal -9.680131e-01 5.775736e-02 -2.441615e-01
      outer loop
         vertex -1.001636e+01 8.380553e+01 -9.926832e+00
         vertex -9.656601e+00 8.352425e+01 -1.141969e+01
         vertex -1.010026e+01 8.296902e+01 -9.792085e+00
      endloop
   endfacet
   facet normal -9.679632e-01 5.582078e-02 -2.448085e-01
      outer loop
         vertex -1.010026e+01 8.296902e+01 -9.792085e+00
         vertex -9.656601e+00 8.352425e+01 -1.141969e+01
         vertex -9.740232e+00 8.265828e+01 -1.128647e+01
      endloop
   endfacet
   facet normal -9.663239e-01 7.053506e-02 -2.474732e-01
      outer loop
         vertex -1.010026e+01 8.296902e+01 -9.792085e+00
         vertex -9.740232e+00 8.265828e+01 -1.128647e+01
         vertex -1.019974e+01 8.216377e+01 -9.633163e+00
      endloop
   endfacet
   facet normal -9.325544e-01 -3.080509e-02 -3.597130e-01
      outer loop
         vertex -1.192704e+01 5.795284e+01 -4.618614e+00
         vertex -1.195598e+01 5.794345e+01 -4.542769e+00
         vertex -1.195939e+01 5.835637e+01 -4.569308e+00
      endloop
   endfacet
   facet normal -9.145890e-01 -3.343916e-02 -4.029997e-01
      outer loop
         vertex -1.195939e+01 5.835637e+01 -4.569308e+00
         vertex -1.195598e+01 5.794345e+01 -4.542769e+00
         vertex -1.199155e+01 5.834723e+01 -4.495555e+00
      endloop
   endfacet
   facet normal -9.090105e-01 -8.814675e-02 -4.073452e-01
      outer loop
         vertex -1.195939e+01 5.835637e+01 -4.569308e+00
         vertex -1.199155e+01 5.834723e+01 -4.495555e+00
         vertex -1.200673e+01 5.876001e+01 -4.551011e+00
      endloop
   endfacet
   facet normal -8.710289e-01 -9.672829e-02 -4.816143e-01
      outer loop
         vertex -1.200673e+01 5.876001e+01 -4.551011e+00
         vertex -1.199155e+01 5.834723e+01 -4.495555e+00
         vertex -1.204932e+01 5.874926e+01 -4.471811e+00
      endloop
   endfacet
   facet normal -8.649612e-01 -1.345060e-01 -4.834772e-01
      outer loop
         vertex -1.200673e+01 5.876001e+01 -4.551011e+00
         vertex -1.204932e+01 5.874926e+01 -4.471811e+00
         vertex -1.206239e+01 5.916353e+01 -4.563686e+00
      endloop
   endfacet
   facet normal -8.343573e-01 -1.443022e-01 -5.320007e-01
      outer loop
         vertex -1.206239e+01 5.916353e+01 -4.563686e+00
         vertex -1.204932e+01 5.874926e+01 -4.471811e+00
         vertex -1.211873e+01 5.915039e+01 -4.471769e+00
      endloop
   endfacet
   facet normal -8.281438e-01 -1.748248e-01 -5.325543e-01
      outer loop
         vertex -1.206239e+01 5.916353e+01 -4.563686e+00
         vertex -1.211873e+01 5.915039e+01 -4.471769e+00
         vertex -1.212115e+01 5.956676e+01 -4.604677e+00
      endloop
   endfacet
   facet normal -8.181860e-01 -1.791628e-01 -5.463263e-01
      outer loop
         vertex -1.212115e+01 5.956676e+01 -4.604677e+00
         vertex -1.211873e+01 5.915039e+01 -4.471769e+00
         vertex -1.219193e+01 5.955098e+01 -4.493501e+00
      endloop
   endfacet
   facet normal -8.100850e-01 -2.135322e-01 -5.460460e-01
      outer loop
         vertex -1.212115e+01 5.956676e+01 -4.604677e+00
         vertex -1.219193e+01 5.955098e+01 -4.493501e+00
         vertex -1.223389e+01 6.037178e+01 -4.752231e+00
      endloop
   endfacet
   facet normal -8.327938e-01 -2.047007e-01 -5.143463e-01
      outer loop
         vertex -1.223389e+01 6.037178e+01 -4.752231e+00
         vertex -1.219193e+01 5.955098e+01 -4.493501e+00
         vertex -1.233042e+01 6.035029e+01 -4.587384e+00
      endloop
   endfacet
   facet normal -8.280744e-01 -2.236893e-01 -5.140583e-01
      outer loop
         vertex -1.223389e+01 6.037178e+01 -4.752231e+00
         vertex -1.233042e+01 6.035029e+01 -4.587384e+00
         vertex -1.232935e+01 6.117431e+01 -4.947678e+00
      endloop
   endfacet
   facet normal -8.634302e-01 -2.011559e-01 -4.626279e-01
      outer loop
         vertex -1.232935e+01 6.117431e+01 -4.947678e+00
         vertex -1.233042e+01 6.035029e+01 -4.587384e+00
         vertex -1.244591e+01 6.114540e+01 -4.717567e+00
      endloop
   endfacet
   facet normal -8.625034e-01 -2.050493e-01 -4.626475e-01
      outer loop
         vertex -1.232935e+01 6.117431e+01 -4.947678e+00
         vertex -1.244591e+01 6.114540e+01 -4.717567e+00
         vertex -1.249614e+01 6.277268e+01 -5.345145e+00
      endloop
   endfacet
   facet normal -8.997947e-01 -1.809000e-01 -3.970450e-01
      outer loop
         vertex -1.249614e+01 6.277268e+01 -5.345145e+00
         vertex -1.244591e+01 6.114540e+01 -4.717567e+00
         vertex -1.264785e+01 6.272617e+01 -4.980147e+00
      endloop
   endfacet
   facet normal -8.937790e-01 -2.070182e-01 -3.978725e-01
      outer loop
         vertex -1.249614e+01 6.277268e+01 -5.345145e+00
         vertex -1.264785e+01 6.272617e+01 -4.980147e+00
         vertex -1.259098e+01 6.356939e+01 -5.546636e+00
      endloop
   endfacet
   facet normal -9.075481e-01 -1.902931e-01 -3.743594e-01
      outer loop
         vertex -1.259098e+01 6.356939e+01 -5.546636e+00
         vertex -1.264785e+01 6.272617e+01 -4.980147e+00
         vertex -1.275943e+01 6.352181e+01 -5.114073e+00
      endloop
   endfacet
   facet normal -9.075169e-01 -1.904349e-01 -3.743629e-01
      outer loop
         vertex -1.259098e+01 6.356939e+01 -5.546636e+00
         vertex -1.275943e+01 6.352181e+01 -5.114073e+00
         vertex -1.267014e+01 6.436265e+01 -5.758253e+00
      endloop
   endfacet
   facet normal -9.193314e-01 -1.730946e-01 -3.533666e-01
      outer loop
         vertex -1.267014e+01 6.436265e+01 -5.758253e+00
         vertex -1.275943e+01 6.352181e+01 -5.114073e+00
         vertex -1.285432e+01 6.431869e+01 -5.257568e+00
      endloop
   endfacet
   facet normal -9.224163e-01 -1.565412e-01 -3.530482e-01
      outer loop
         vertex -1.267014e+01 6.436265e+01 -5.758253e+00
         vertex -1.285432e+01 6.431869e+01 -5.257568e+00
         vertex -1.271891e+01 6.515121e+01 -5.980494e+00
      endloop
   endfacet
   facet normal -9.318678e-01 -1.393164e-01 -3.349826e-01
      outer loop
         vertex -1.271891e+01 6.515121e+01 -5.980494e+00
         vertex -1.285432e+01 6.431869e+01 -5.257568e+00
         vertex -1.291784e+01 6.511381e+01 -5.411525e+00
      endloop
   endfacet
   facet normal -9.351586e-01 -1.162357e-01 -3.346156e-01
      outer loop
         vertex -1.271891e+01 6.515121e+01 -5.980494e+00
         vertex -1.291784e+01 6.511381e+01 -5.411525e+00
         vertex -1.273329e+01 6.593455e+01 -6.212417e+00
      endloop
   endfacet
   facet normal -9.423895e-01 -9.968376e-02 -3.193197e-01
      outer loop
         vertex -1.273329e+01 6.593455e+01 -6.212417e+00
         vertex -1.291784e+01 6.511381e+01 -5.411525e+00
         vertex -1.294608e+01 6.590575e+01 -5.575434e+00
      endloop
   endfacet
   facet normal -9.445190e-01 -7.803452e-02 -3.190524e-01
      outer loop
         vertex -1.273329e+01 6.593455e+01 -6.212417e+00
         vertex -1.294608e+01 6.590575e+01 -5.575434e+00
         vertex -1.271659e+01 6.671252e+01 -6.452130e+00
      endloop
   endfacet
   facet normal -9.499380e-01 -6.245368e-02 -3.061328e-01
      outer loop
         vertex -1.271659e+01 6.671252e+01 -6.452130e+00
         vertex -1.294608e+01 6.590575e+01 -5.575434e+00
         vertex -1.294235e+01 6.669421e+01 -5.747854e+00
      endloop
   endfacet
   facet normal -9.508555e-01 -4.712227e-02 -3.060282e-01
      outer loop
         vertex -1.271659e+01 6.671252e+01 -6.452130e+00
         vertex -1.294235e+01 6.669421e+01 -5.747854e+00
         vertex -1.267598e+01 6.748526e+01 -6.697287e+00
      endloop
   endfacet
   facet normal -9.549167e-01 -3.261118e-02 -2.950772e-01
      outer loop
         vertex -1.267598e+01 6.748526e+01 -6.697287e+00
         vertex -1.294235e+01 6.669421e+01 -5.747854e+00
         vertex -1.291385e+01 6.747953e+01 -5.926881e+00
      endloop
   endfacet
   facet normal -9.553080e-01 -1.762179e-02 -2.950866e-01
      outer loop
         vertex -1.267598e+01 6.748526e+01 -6.697287e+00
         vertex -1.291385e+01 6.747953e+01 -5.926881e+00
         vertex -1.255039e+01 6.901539e+01 -7.195238e+00
      endloop
   endfacet
   facet normal -9.606754e-01 -1.965876e-03 -2.776668e-01
      outer loop
         vertex -1.255039e+01 6.901539e+01 -7.195238e+00
         vertex -1.291385e+01 6.747953e+01 -5.926881e+00
         vertex -1.280989e+01 6.904233e+01 -6.297604e+00
      endloop
   endfacet
   facet normal -9.604870e-01 1.246747e-02 -2.780454e-01
      outer loop
         vertex -1.255039e+01 6.901539e+01 -7.195238e+00
         vertex -1.280989e+01 6.904233e+01 -6.297604e+00
         vertex -1.246812e+01 6.977228e+01 -7.445509e+00
      endloop
   endfacet
   facet normal -9.621913e-01 2.382505e-02 -2.713305e-01
      outer loop
         vertex -1.246812e+01 6.977228e+01 -7.445509e+00
         vertex -1.280989e+01 6.904233e+01 -6.297604e+00
         vertex -1.273714e+01 6.981933e+01 -6.487370e+00
      endloop
   endfacet
   facet normal -9.611251e-01 4.661381e-02 -2.721502e-01
      outer loop
         vertex -1.246812e+01 6.977228e+01 -7.445509e+00
         vertex -1.273714e+01 6.981933e+01 -6.487370e+00
         vertex -1.236048e+01 7.052249e+01 -7.697163e+00
      endloop
   endfacet
   facet normal -9.621235e-01 5.655444e-02 -2.666833e-01
      outer loop
         vertex -1.236048e+01 7.052249e+01 -7.697163e+00
         vertex -1.273714e+01 6.981933e+01 -6.487370e+00
         vertex -1.263815e+01 7.059130e+01 -6.680813e+00
      endloop
   endfacet
   facet normal -9.575689e-01 1.042948e-01 -2.686714e-01
      outer loop
         vertex -1.236048e+01 7.052249e+01 -7.697163e+00
         vertex -1.263815e+01 7.059130e+01 -6.680813e+00
         vertex -1.220824e+01 7.126389e+01 -7.951930e+00
      endloop
   endfacet
   facet normal -9.578191e-01 1.122945e-01 -2.645231e-01
      outer loop
         vertex -1.220824e+01 7.126389e+01 -7.951930e+00
         vertex -1.263815e+01 7.059130e+01 -6.680813e+00
         vertex -1.249373e+01 7.135457e+01 -6.879721e+00
      endloop
   endfacet
   facet normal -9.521475e-01 1.501499e-01 -2.662146e-01
      outer loop
         vertex -1.220824e+01 7.126389e+01 -7.951930e+00
         vertex -1.249373e+01 7.135457e+01 -6.879721e+00
         vertex -1.202219e+01 7.199284e+01 -8.206229e+00
      endloop
   endfacet
   facet normal -9.519992e-01 1.561695e-01 -2.632654e-01
      outer loop
         vertex -1.202219e+01 7.199284e+01 -8.206229e+00
         vertex -1.249373e+01 7.135457e+01 -6.879721e+00
         vertex -1.231500e+01 7.210498e+01 -7.080873e+00
      endloop
   endfacet
   facet normal -9.486488e-01 1.740087e-01 -2.641713e-01
      outer loop
         vertex -1.202219e+01 7.199284e+01 -8.206229e+00
         vertex -1.231500e+01 7.210498e+01 -7.080873e+00
         vertex -1.162476e+01 7.341088e+01 -8.699340e+00
      endloop
   endfacet
   facet normal -9.487921e-01 1.782721e-01 -2.607923e-01
      outer loop
         vertex -1.162476e+01 7.341088e+01 -8.699340e+00
         vertex -1.231500e+01 7.210498e+01 -7.080873e+00
         vertex -1.193188e+01 7.356433e+01 -7.477133e+00
      endloop
   endfacet
   facet normal -9.510102e-01 1.673118e-01 -2.599736e-01
      outer loop
         vertex -1.162476e+01 7.341088e+01 -8.699340e+00
         vertex -1.193188e+01 7.356433e+01 -7.477133e+00
         vertex -1.125318e+01 7.479412e+01 -9.168418e+00
      endloop
   endfacet
   facet normal -9.510437e-01 1.690426e-01 -2.587286e-01
      outer loop
         vertex -1.125318e+01 7.479412e+01 -9.168418e+00
         vertex -1.193188e+01 7.356433e+01 -7.477133e+00
         vertex -1.157438e+01 7.498534e+01 -7.862794e+00
      endloop
   endfacet
   facet normal -9.551529e-01 1.477461e-01 -2.566204e-01
      outer loop
         vertex -1.125318e+01 7.479412e+01 -9.168418e+00
         vertex -1.157438e+01 7.498534e+01 -7.862794e+00
         vertex -1.091862e+01 7.617351e+01 -9.619517e+00
      endloop
   endfacet
   facet normal -9.551656e-01 1.482696e-01 -2.562711e-01
      outer loop
         vertex -1.091862e+01 7.617351e+01 -9.619517e+00
         vertex -1.157438e+01 7.498534e+01 -7.862794e+00
         vertex -1.125267e+01 7.639834e+01 -8.244350e+00
      endloop
   endfacet
   facet normal -9.573808e-01 1.360039e-01 -2.548039e-01
      outer loop
         vertex -1.091862e+01 7.617351e+01 -9.619517e+00
         vertex -1.125267e+01 7.639834e+01 -8.244350e+00
         vertex -1.060779e+01 7.756074e+01 -1.004693e+01
      endloop
   endfacet
   facet normal -9.573683e-01 1.355473e-01 -2.550939e-01
      outer loop
         vertex -1.060779e+01 7.756074e+01 -1.004693e+01
         vertex -1.125267e+01 7.639834e+01 -8.244350e+00
         vertex -1.095217e+01 7.781842e+01 -8.617569e+00
      endloop
   endfacet
   facet normal -9.586767e-01 1.280412e-01 -2.540559e-01
      outer loop
         vertex -1.060779e+01 7.756074e+01 -1.004693e+01
         vertex -1.095217e+01 7.781842e+01 -8.617569e+00
         vertex -1.032730e+01 7.892562e+01 -1.041747e+01
      endloop
   endfacet
   facet normal -9.585953e-01 1.252151e-01 -2.557661e-01
      outer loop
         vertex -1.032730e+01 7.892562e+01 -1.041747e+01
         vertex -1.095217e+01 7.781842e+01 -8.617569e+00
         vertex -1.067913e+01 7.922384e+01 -8.952865e+00
      endloop
   endfacet
   facet normal -9.608342e-01 1.117982e-01 -2.535720e-01
      outer loop
         vertex -1.032730e+01 7.892562e+01 -1.041747e+01
         vertex -1.067913e+01 7.922384e+01 -8.952865e+00
         vertex -1.007244e+01 8.031609e+01 -1.077015e+01
      endloop
   endfacet
   facet normal -9.607128e-01 1.088181e-01 -2.553226e-01
      outer loop
         vertex -1.007244e+01 8.031609e+01 -1.077015e+01
         vertex -1.067913e+01 7.922384e+01 -8.952865e+00
         vertex -1.042932e+01 8.064719e+01 -9.286175e+00
      endloop
   endfacet
   facet normal -9.628713e-01 9.489042e-02 -2.527342e-01
      outer loop
         vertex -1.007244e+01 8.031609e+01 -1.077015e+01
         vertex -1.042932e+01 8.064719e+01 -9.286175e+00
         vertex -9.952202e+00 8.105514e+01 -1.095076e+01
      endloop
   endfacet
   facet normal -9.630774e-01 8.754586e-02 -2.545933e-01
      outer loop
         vertex -9.952202e+00 8.105514e+01 -1.095076e+01
         vertex -1.042932e+01 8.064719e+01 -9.286175e+00
         vertex -1.019974e+01 8.216377e+01 -9.633163e+00
      endloop
   endfacet
   facet normal -9.646338e-01 8.225268e-02 -2.504320e-01
      outer loop
         vertex -9.952202e+00 8.105514e+01 -1.095076e+01
         vertex -1.019974e+01 8.216377e+01 -9.633163e+00
         vertex -9.840129e+00 8.183479e+01 -1.112638e+01
      endloop
   endfacet
   facet normal -9.663176e-01 6.902507e-02 -2.479231e-01
      outer loop
         vertex -9.840129e+00 8.183479e+01 -1.112638e+01
         vertex -1.019974e+01 8.216377e+01 -9.633163e+00
         vertex -9.740232e+00 8.265828e+01 -1.128647e+01
      endloop
   endfacet
   facet normal -8.309608e-01 1.099286e-02 -5.562223e-01
      outer loop
         vertex -1.189333e+01 5.795991e+01 -4.668831e+00
         vertex -1.192704e+01 5.795284e+01 -4.618614e+00
         vertex -1.192193e+01 5.836334e+01 -4.618131e+00
      endloop
   endfacet
   facet normal -7.940941e-01 1.059474e-02 -6.077025e-01
      outer loop
         vertex -1.192193e+01 5.836334e+01 -4.618131e+00
         vertex -1.192704e+01 5.795284e+01 -4.618614e+00
         vertex -1.195939e+01 5.835637e+01 -4.569308e+00
      endloop
   endfacet
   facet normal -7.893518e-01 -4.632805e-02 -6.121907e-01
      outer loop
         vertex -1.192193e+01 5.836334e+01 -4.618131e+00
         vertex -1.195939e+01 5.835637e+01 -4.569308e+00
         vertex -1.195712e+01 5.876840e+01 -4.603410e+00
      endloop
   endfacet
   facet normal -7.209010e-01 -5.322615e-02 -6.909912e-01
      outer loop
         vertex -1.195712e+01 5.876840e+01 -4.603410e+00
         vertex -1.195939e+01 5.835637e+01 -4.569308e+00
         vertex -1.200673e+01 5.876001e+01 -4.551011e+00
      endloop
   endfacet
   facet normal -7.136122e-01 -1.057672e-01 -6.925106e-01
      outer loop
         vertex -1.195712e+01 5.876840e+01 -4.603410e+00
         vertex -1.200673e+01 5.876001e+01 -4.551011e+00
         vertex -1.199678e+01 5.917395e+01 -4.624478e+00
      endloop
   endfacet
   facet normal -6.652815e-01 -1.149465e-01 -7.376909e-01
      outer loop
         vertex -1.199678e+01 5.917395e+01 -4.624478e+00
         vertex -1.200673e+01 5.876001e+01 -4.551011e+00
         vertex -1.206239e+01 5.916353e+01 -4.563686e+00
      endloop
   endfacet
   facet normal -6.560307e-01 -1.654663e-01 -7.363726e-01
      outer loop
         vertex -1.199678e+01 5.917395e+01 -4.624478e+00
         vertex -1.206239e+01 5.916353e+01 -4.563686e+00
         vertex -1.203873e+01 5.957934e+01 -4.678200e+00
      endloop
   endfacet
   facet normal -6.414901e-01 -1.695405e-01 -7.481620e-01
      outer loop
         vertex -1.203873e+01 5.957934e+01 -4.678200e+00
         vertex -1.206239e+01 5.916353e+01 -4.563686e+00
         vertex -1.212115e+01 5.956676e+01 -4.604677e+00
      endloop
   endfacet
   facet normal -6.274804e-01 -2.322605e-01 -7.431847e-01
      outer loop
         vertex -1.203873e+01 5.957934e+01 -4.678200e+00
         vertex -1.212115e+01 5.956676e+01 -4.604677e+00
         vertex -1.212148e+01 6.038873e+01 -4.861285e+00
      endloop
   endfacet
   facet normal -6.610404e-01 -2.238445e-01 -7.161838e-01
      outer loop
         vertex -1.212148e+01 6.038873e+01 -4.861285e+00
         vertex -1.212115e+01 5.956676e+01 -4.604677e+00
         vertex -1.223389e+01 6.037178e+01 -4.752231e+00
      endloop
   endfacet
   facet normal -6.496791e-01 -2.681248e-01 -7.113552e-01
      outer loop
         vertex -1.212148e+01 6.038873e+01 -4.861285e+00
         vertex -1.223389e+01 6.037178e+01 -4.752231e+00
         vertex -1.219361e+01 6.119673e+01 -5.099957e+00
      endloop
   endfacet
   facet normal -7.053288e-01 -2.458232e-01 -6.648927e-01
      outer loop
         vertex -1.219361e+01 6.119673e+01 -5.099957e+00
         vertex -1.223389e+01 6.037178e+01 -4.752231e+00
         vertex -1.232935e+01 6.117431e+01 -4.947678e+00
      endloop
   endfacet
   facet normal -7.027129e-01 -2.555530e-01 -6.639934e-01
      outer loop
         vertex -1.219361e+01 6.119673e+01 -5.099957e+00
         vertex -1.232935e+01 6.117431e+01 -4.947678e+00
         vertex -1.231947e+01 6.280780e+01 -5.586818e+00
      endloop
   endfacet
   facet normal -7.698093e-01 -2.285277e-01 -5.959604e-01
      outer loop
         vertex -1.231947e+01 6.280780e+01 -5.586818e+00
         vertex -1.232935e+01 6.117431e+01 -4.947678e+00
         vertex -1.249614e+01 6.277268e+01 -5.345145e+00
      endloop
   endfacet
   facet normal -7.627749e-01 -2.543000e-01 -5.945636e-01
      outer loop
         vertex -1.231947e+01 6.280780e+01 -5.586818e+00
         vertex -1.249614e+01 6.277268e+01 -5.345145e+00
         vertex -1.245567e+01 6.439325e+01 -6.090202e+00
      endloop
   endfacet
   facet normal -8.194800e-01 -9.230873e-02 -5.656250e-01
      outer loop
         vertex -1.192601e+01 1.079421e+02 -4.619605e+00
         vertex -1.189280e+01 1.079529e+02 -4.669487e+00
         vertex -1.186195e+01 1.075398e+02 -4.646774e+00
      endloop
   endfacet
   facet normal -7.792633e-01 -9.228768e-02 -6.198642e-01
      outer loop
         vertex -1.186195e+01 1.075398e+02 -4.646774e+00
         vertex -1.189280e+01 1.079529e+02 -4.669487e+00
         vertex -1.182488e+01 1.075511e+02 -4.695054e+00
      endloop
   endfacet
   facet normal -7.926822e-01 -4.056663e-03 -6.096216e-01
      outer loop
         vertex -1.186195e+01 1.075398e+02 -4.646774e+00
         vertex -1.182488e+01 1.075511e+02 -4.695054e+00
         vertex -1.181116e+01 1.071417e+02 -4.710163e+00
      endloop
   endfacet
   facet normal -7.272930e-01 9.649592e-04 -6.863264e-01
      outer loop
         vertex -1.181116e+01 1.071417e+02 -4.710163e+00
         vertex -1.182488e+01 1.075511e+02 -4.695054e+00
         vertex -1.176218e+01 1.071557e+02 -4.762053e+00
      endloop
   endfacet
   facet normal -7.356041e-01 8.134395e-02 -6.725101e-01
      outer loop
         vertex -1.181116e+01 1.071417e+02 -4.710163e+00
         vertex -1.176218e+01 1.071557e+02 -4.762053e+00
         vertex -1.176932e+01 1.067474e+02 -4.803631e+00
      endloop
   endfacet
   facet normal -6.921638e-01 8.508531e-02 -7.167076e-01
      outer loop
         vertex -1.176932e+01 1.067474e+02 -4.803631e+00
         vertex -1.176218e+01 1.071557e+02 -4.762053e+00
         vertex -1.170468e+01 1.067652e+02 -4.863937e+00
      endloop
   endfacet
   facet normal -6.961297e-01 1.467531e-01 -7.027567e-01
      outer loop
         vertex -1.176932e+01 1.067474e+02 -4.803631e+00
         vertex -1.170468e+01 1.067652e+02 -4.863937e+00
         vertex -1.173229e+01 1.063569e+02 -4.921847e+00
      endloop
   endfacet
   facet normal -6.830815e-01 1.476448e-01 -7.152627e-01
      outer loop
         vertex -1.173229e+01 1.063569e+02 -4.921847e+00
         vertex -1.170468e+01 1.067652e+02 -4.863937e+00
         vertex -1.165117e+01 1.063789e+02 -4.994780e+00
      endloop
   endfacet
   facet normal -6.844877e-01 2.011020e-01 -7.007386e-01
      outer loop
         vertex -1.173229e+01 1.063569e+02 -4.921847e+00
         vertex -1.165117e+01 1.063789e+02 -4.994780e+00
         vertex -1.165852e+01 1.055884e+02 -5.214480e+00
      endloop
   endfacet
   facet normal -7.113497e-01 1.943210e-01 -6.754413e-01
      outer loop
         vertex -1.165852e+01 1.055884e+02 -5.214480e+00
         vertex -1.165117e+01 1.063789e+02 -4.994780e+00
         vertex -1.154785e+01 1.056184e+02 -5.322383e+00
      endloop
   endfacet
   facet normal -7.109949e-01 2.194844e-01 -6.680665e-01
      outer loop
         vertex -1.165852e+01 1.055884e+02 -5.214480e+00
         vertex -1.154785e+01 1.056184e+02 -5.322383e+00
         vertex -1.156888e+01 1.048367e+02 -5.556832e+00
      endloop
   endfacet
   facet normal -7.568748e-01 2.063431e-01 -6.201315e-01
      outer loop
         vertex -1.156888e+01 1.048367e+02 -5.556832e+00
         vertex -1.154785e+01 1.056184e+02 -5.322383e+00
         vertex -1.143509e+01 1.048747e+02 -5.707461e+00
      endloop
   endfacet
   facet normal -7.572880e-01 1.937195e-01 -6.236887e-01
      outer loop
         vertex -1.156888e+01 1.048367e+02 -5.556832e+00
         vertex -1.143509e+01 1.048747e+02 -5.707461e+00
         vertex -1.134563e+01 1.033587e+02 -6.286955e+00
      endloop
   endfacet
   facet normal -8.164399e-01 1.635125e-01 -5.537956e-01
      outer loop
         vertex -1.134563e+01 1.033587e+02 -6.286955e+00
         vertex -1.143509e+01 1.048747e+02 -5.707461e+00
         vertex -1.117153e+01 1.034146e+02 -6.527143e+00
      endloop
   endfacet
   facet normal -8.166778e-01 1.537246e-01 -5.562428e-01
      outer loop
         vertex -1.134563e+01 1.033587e+02 -6.286955e+00
         vertex -1.117153e+01 1.034146e+02 -6.527143e+00
         vertex -1.115706e+01 1.018504e+02 -6.980677e+00
      endloop
   endfacet
   facet normal -8.460031e-01 1.412425e-01 -5.141297e-01
      outer loop
         vertex -1.115706e+01 1.018504e+02 -6.980677e+00
         vertex -1.117153e+01 1.034146e+02 -6.527143e+00
         vertex -1.094602e+01 1.019186e+02 -7.309198e+00
      endloop
   endfacet
   facet normal -8.463738e-01 1.241838e-01 -5.179090e-01
      outer loop
         vertex -1.115706e+01 1.018504e+02 -6.980677e+00
         vertex -1.094602e+01 1.019186e+02 -7.309198e+00
         vertex -1.095530e+01 1.003392e+02 -7.672737e+00
      endloop
   endfacet
   facet normal -8.668683e-01 1.166592e-01 -4.846958e-01
      outer loop
         vertex -1.095530e+01 1.003392e+02 -7.672737e+00
         vertex -1.094602e+01 1.019186e+02 -7.309198e+00
         vertex -1.071132e+01 1.004184e+02 -8.090043e+00
      endloop
   endfacet
   facet normal -8.671233e-01 9.398824e-02 -4.891456e-01
      outer loop
         vertex -1.095530e+01 1.003392e+02 -7.672737e+00
         vertex -1.071132e+01 1.004184e+02 -8.090043e+00
         vertex -1.073048e+01 9.882945e+01 -8.361376e+00
      endloop
   endfacet
   facet normal -8.822184e-01 8.957589e-02 -4.622411e-01
      outer loop
         vertex -1.073048e+01 9.882945e+01 -8.361376e+00
         vertex -1.071132e+01 1.004184e+02 -8.090043e+00
         vertex -1.045669e+01 9.891935e+01 -8.866502e+00
      endloop
   endfacet
   facet normal -8.821965e-01 7.256693e-02 -4.652563e-01
      outer loop
         vertex -1.073048e+01 9.882945e+01 -8.361376e+00
         vertex -1.045669e+01 9.891935e+01 -8.866502e+00
         vertex -1.051208e+01 9.730200e+01 -9.013742e+00
      endloop
   endfacet
   facet normal -8.932984e-01 7.099573e-02 -4.438215e-01
      outer loop
         vertex -1.051208e+01 9.730200e+01 -9.013742e+00
         vertex -1.045669e+01 9.891935e+01 -8.866502e+00
         vertex -1.021148e+01 9.740005e+01 -9.603090e+00
      endloop
   endfacet
   facet normal -8.931464e-01 5.533854e-02 -4.463487e-01
      outer loop
         vertex -1.051208e+01 9.730200e+01 -9.013742e+00
         vertex -1.021148e+01 9.740005e+01 -9.603090e+00
         vertex -1.030724e+01 9.575245e+01 -9.615743e+00
      endloop
   endfacet
   facet normal -9.015552e-01 5.569454e-02 -4.290644e-01
      outer loop
         vertex -1.030724e+01 9.575245e+01 -9.615743e+00
         vertex -1.021148e+01 9.740005e+01 -9.603090e+00
         vertex -9.982770e+00 9.585588e+01 -1.028409e+01
      endloop
   endfacet
   facet normal -9.007669e-01 2.347537e-02 -4.336680e-01
      outer loop
         vertex -1.030724e+01 9.575245e+01 -9.615743e+00
         vertex -9.982770e+00 9.585588e+01 -1.028409e+01
         vertex -1.006602e+01 9.420212e+01 -1.020070e+01
      endloop
   endfacet
   facet normal -9.076443e-01 2.456008e-02 -4.190211e-01
      outer loop
         vertex -1.006602e+01 9.420212e+01 -1.020070e+01
         vertex -9.982770e+00 9.585588e+01 -1.028409e+01
         vertex -9.720094e+00 9.431042e+01 -1.094366e+01
      endloop
   endfacet
   facet normal -9.067941e-01 4.497671e-03 -4.215498e-01
      outer loop
         vertex -1.006602e+01 9.420212e+01 -1.020070e+01
         vertex -9.720094e+00 9.431042e+01 -1.094366e+01
         vertex -9.941224e+00 9.340219e+01 -1.047768e+01
      endloop
   endfacet
   facet normal -9.098034e-01 8.616451e-03 -4.149501e-01
      outer loop
         vertex -9.941224e+00 9.340219e+01 -1.047768e+01
         vertex -9.720094e+00 9.431042e+01 -1.094366e+01
         vertex -9.585256e+00 9.350630e+01 -1.125600e+01
      endloop
   endfacet
   facet normal -9.095015e-01 2.010112e-03 -4.156957e-01
      outer loop
         vertex -9.941224e+00 9.340219e+01 -1.047768e+01
         vertex -9.585256e+00 9.350630e+01 -1.125600e+01
         vertex -9.826718e+00 9.257296e+01 -1.073222e+01
      endloop
   endfacet
   facet normal -9.120709e-01 5.876598e-03 -4.099905e-01
      outer loop
         vertex -9.826718e+00 9.257296e+01 -1.073222e+01
         vertex -9.585256e+00 9.350630e+01 -1.125600e+01
         vertex -9.461152e+00 9.266552e+01 -1.154413e+01
      endloop
   endfacet
   facet normal -9.119679e-01 3.201886e-03 -4.102490e-01
      outer loop
         vertex -9.826718e+00 9.257296e+01 -1.073222e+01
         vertex -9.461152e+00 9.266552e+01 -1.154413e+01
         vertex -9.728155e+00 9.171467e+01 -1.095802e+01
      endloop
   endfacet
   facet normal -9.140913e-01 6.754948e-03 -4.054522e-01
      outer loop
         vertex -9.728155e+00 9.171467e+01 -1.095802e+01
         vertex -9.461152e+00 9.266552e+01 -1.154413e+01
         vertex -9.353503e+00 9.178849e+01 -1.180144e+01
      endloop
   endfacet
   facet normal -9.140736e-01 6.090801e-03 -4.055025e-01
      outer loop
         vertex -9.728155e+00 9.171467e+01 -1.095802e+01
         vertex -9.353503e+00 9.178849e+01 -1.180144e+01
         vertex -9.648508e+00 9.083255e+01 -1.115080e+01
      endloop
   endfacet
   facet normal -9.157730e-01 9.278805e-03 -4.015890e-01
      outer loop
         vertex -9.648508e+00 9.083255e+01 -1.115080e+01
         vertex -9.353503e+00 9.178849e+01 -1.180144e+01
         vertex -9.265378e+00 9.088184e+01 -1.202334e+01
      endloop
   endfacet
   facet normal -9.157735e-01 9.320825e-03 -4.015869e-01
      outer loop
         vertex -9.648508e+00 9.083255e+01 -1.115080e+01
         vertex -9.265378e+00 9.088184e+01 -1.202334e+01
         vertex -9.588665e+00 8.993435e+01 -1.130812e+01
      endloop
   endfacet
   facet normal -9.170965e-01 1.211676e-02 -3.984810e-01
      outer loop
         vertex -9.588665e+00 8.993435e+01 -1.130812e+01
         vertex -9.265378e+00 9.088184e+01 -1.202334e+01
         vertex -9.197782e+00 8.995530e+01 -1.220709e+01
      endloop
   endfacet
   facet normal -9.170967e-01 1.206916e-02 -3.984822e-01
      outer loop
         vertex -9.588665e+00 8.993435e+01 -1.130812e+01
         vertex -9.197782e+00 8.995530e+01 -1.220709e+01
         vertex -9.548034e+00 8.902789e+01 -1.142908e+01
      endloop
   endfacet
   facet normal -9.181035e-01 1.446743e-02 -3.960766e-01
      outer loop
         vertex -9.548034e+00 8.902789e+01 -1.142908e+01
         vertex -9.197782e+00 8.995530e+01 -1.220709e+01
         vertex -9.150236e+00 8.901870e+01 -1.235151e+01
      endloop
   endfacet
   facet normal -9.181118e-01 1.396754e-02 -3.960752e-01
      outer loop
         vertex -9.548034e+00 8.902789e+01 -1.142908e+01
         vertex -9.150236e+00 8.901870e+01 -1.235151e+01
         vertex -9.525140e+00 8.811855e+01 -1.151422e+01
      endloop
   endfacet
   facet normal -9.188529e-01 1.594810e-02 -3.942778e-01
      outer loop
         vertex -9.525140e+00 8.811855e+01 -1.151422e+01
         vertex -9.150236e+00 8.901870e+01 -1.235151e+01
         vertex -9.121364e+00 8.807886e+01 -1.245681e+01
      endloop
   endfacet
   facet normal -9.188783e-01 1.508727e-02 -3.942525e-01
      outer loop
         vertex -9.525140e+00 8.811855e+01 -1.151422e+01
         vertex -9.121364e+00 8.807886e+01 -1.245681e+01
         vertex -9.518237e+00 8.720685e+01 -1.156520e+01
      endloop
   endfacet
   facet normal -9.193776e-01 1.656731e-02 -3.930272e-01
      outer loop
         vertex -9.518237e+00 8.720685e+01 -1.156520e+01
         vertex -9.121364e+00 8.807886e+01 -1.245681e+01
         vertex -9.109481e+00 8.713647e+01 -1.252433e+01
      endloop
   endfacet
   facet normal -9.194033e-01 1.594681e-02 -3.929926e-01
      outer loop
         vertex -9.518237e+00 8.720685e+01 -1.156520e+01
         vertex -9.109481e+00 8.713647e+01 -1.252433e+01
         vertex -9.525909e+00 8.628595e+01 -1.158462e+01
      endloop
   endfacet
   facet normal -9.196465e-01 1.673111e-02 -3.923905e-01
      outer loop
         vertex -9.525909e+00 8.628595e+01 -1.158462e+01
         vertex -9.109481e+00 8.713647e+01 -1.252433e+01
         vertex -9.113180e+00 8.618319e+01 -1.255631e+01
      endloop
   endfacet
   facet normal -9.196137e-01 1.734091e-02 -3.924411e-01
      outer loop
         vertex -9.525909e+00 8.628595e+01 -1.158462e+01
         vertex -9.113180e+00 8.618319e+01 -1.255631e+01
         vertex -9.549317e+00 8.535267e+01 -1.157100e+01
      endloop
   endfacet
   facet normal -9.196018e-01 1.729940e-02 -3.924708e-01
      outer loop
         vertex -9.549317e+00 8.535267e+01 -1.157100e+01
         vertex -9.113180e+00 8.618319e+01 -1.255631e+01
         vertex -9.133587e+00 8.521479e+01 -1.255118e+01
      endloop
   endfacet
   facet normal -9.194406e-01 1.967369e-02 -3.927364e-01
      outer loop
         vertex -9.549317e+00 8.535267e+01 -1.157100e+01
         vertex -9.133587e+00 8.521479e+01 -1.255118e+01
         vertex -9.592472e+00 8.442629e+01 -1.151638e+01
      endloop
   endfacet
   facet normal -9.192776e-01 1.903707e-02 -3.931492e-01
      outer loop
         vertex -9.592472e+00 8.442629e+01 -1.151638e+01
         vertex -9.133587e+00 8.521479e+01 -1.255118e+01
         vertex -9.174682e+00 8.425421e+01 -1.250160e+01
      endloop
   endfacet
   facet normal -9.189393e-01 2.312742e-02 -3.937202e-01
      outer loop
         vertex -9.592472e+00 8.442629e+01 -1.151638e+01
         vertex -9.174682e+00 8.425421e+01 -1.250160e+01
         vertex -9.656601e+00 8.352425e+01 -1.141969e+01
      endloop
   endfacet
   facet normal -9.187197e-01 2.213913e-02 -3.942892e-01
      outer loop
         vertex -9.656601e+00 8.352425e+01 -1.141969e+01
         vertex -9.174682e+00 8.425421e+01 -1.250160e+01
         vertex -9.237651e+00 8.332229e+01 -1.240721e+01
      endloop
   endfacet
   facet normal -9.181616e-01 2.787096e-02 -3.952246e-01
      outer loop
         vertex -9.656601e+00 8.352425e+01 -1.141969e+01
         vertex -9.237651e+00 8.332229e+01 -1.240721e+01
         vertex -9.740232e+00 8.265828e+01 -1.128647e+01
      endloop
   endfacet
   facet normal -9.179568e-01 2.678718e-02 -3.957749e-01
      outer loop
         vertex -9.740232e+00 8.265828e+01 -1.128647e+01
         vertex -9.237651e+00 8.332229e+01 -1.240721e+01
         vertex -9.320973e+00 8.243309e+01 -1.227414e+01
      endloop
   endfacet
   facet normal -9.171474e-01 3.406217e-02 -3.970900e-01
      outer loop
         vertex -9.740232e+00 8.265828e+01 -1.128647e+01
         vertex -9.320973e+00 8.243309e+01 -1.227414e+01
         vertex -9.840129e+00 8.183479e+01 -1.112638e+01
      endloop
   endfacet
   facet normal -9.170038e-01 3.315439e-02 -3.974983e-01
      outer loop
         vertex -9.840129e+00 8.183479e+01 -1.112638e+01
         vertex -9.320973e+00 8.243309e+01 -1.227414e+01
         vertex -9.421357e+00 8.159427e+01 -1.211252e+01
      endloop
   endfacet
   facet normal -9.159375e-01 4.175424e-02 -3.991430e-01
      outer loop
         vertex -9.840129e+00 8.183479e+01 -1.112638e+01
         vertex -9.421357e+00 8.159427e+01 -1.211252e+01
         vertex -9.952202e+00 8.105514e+01 -1.095076e+01
      endloop
   endfacet
   facet normal -9.158782e-01 4.130155e-02 -3.993260e-01
      outer loop
         vertex -9.952202e+00 8.105514e+01 -1.095076e+01
         vertex -9.421357e+00 8.159427e+01 -1.211252e+01
         vertex -9.534664e+00 8.080753e+01 -1.193402e+01
      endloop
   endfacet
   facet normal -9.145981e-01 5.076334e-02 -4.011651e-01
      outer loop
         vertex -9.952202e+00 8.105514e+01 -1.095076e+01
         vertex -9.534664e+00 8.080753e+01 -1.193402e+01
         vertex -1.007244e+01 8.031609e+01 -1.077015e+01
      endloop
   endfacet
   facet normal -9.146222e-01 5.098720e-02 -4.010817e-01
      outer loop
         vertex -1.007244e+01 8.031609e+01 -1.077015e+01
         vertex -9.534664e+00 8.080753e+01 -1.193402e+01
         vertex -9.656841e+00 8.006907e+01 -1.174928e+01
      endloop
   endfacet
   facet normal -9.125808e-01 6.487079e-02 -4.037179e-01
      outer loop
         vertex -1.007244e+01 8.031609e+01 -1.077015e+01
         vertex -9.656841e+00 8.006907e+01 -1.174928e+01
         vertex -1.032730e+01 7.892562e+01 -1.041747e+01
      endloop
   endfacet
   facet normal -9.129195e-01 6.621736e-02 -4.027323e-01
      outer loop
         vertex -1.032730e+01 7.892562e+01 -1.041747e+01
         vertex -9.656841e+00 8.006907e+01 -1.174928e+01
         vertex -9.917597e+00 7.869668e+01 -1.138384e+01
      endloop
   endfacet
   facet normal -9.111909e-01 7.739940e-02 -4.046486e-01
      outer loop
         vertex -1.032730e+01 7.892562e+01 -1.041747e+01
         vertex -9.917597e+00 7.869668e+01 -1.138384e+01
         vertex -1.060779e+01 7.756074e+01 -1.004693e+01
      endloop
   endfacet
   facet normal -9.113102e-01 7.790190e-02 -4.042832e-01
      outer loop
         vertex -1.060779e+01 7.756074e+01 -1.004693e+01
         vertex -9.917597e+00 7.869668e+01 -1.138384e+01
         vertex -1.020676e+01 7.735567e+01 -1.099043e+01
      endloop
   endfacet
   facet normal -9.110650e-01 7.949606e-02 -4.045255e-01
      outer loop
         vertex -1.060779e+01 7.756074e+01 -1.004693e+01
         vertex -1.020676e+01 7.735567e+01 -1.099043e+01
         vertex -1.091862e+01 7.617351e+01 -9.619517e+00
      endloop
   endfacet
   facet normal -9.105728e-01 7.745931e-02 -4.060262e-01
      outer loop
         vertex -1.091862e+01 7.617351e+01 -9.619517e+00
         vertex -1.020676e+01 7.735567e+01 -1.099043e+01
         vertex -1.052960e+01 7.598710e+01 -1.052751e+01
      endloop
   endfacet
   facet normal -9.090730e-01 8.726189e-02 -4.073961e-01
      outer loop
         vertex -1.091862e+01 7.617351e+01 -9.619517e+00
         vertex -1.052960e+01 7.598710e+01 -1.052751e+01
         vertex -1.125318e+01 7.479412e+01 -9.168418e+00
      endloop
   endfacet
   facet normal -9.082120e-01 8.371350e-02 -4.100524e-01
      outer loop
         vertex -1.125318e+01 7.479412e+01 -9.168418e+00
         vertex -1.052960e+01 7.598710e+01 -1.052751e+01
         vertex -1.087913e+01 7.462721e+01 -1.003096e+01
      endloop
   endfacet
   facet normal -9.050942e-01 1.032589e-01 -4.124827e-01
      outer loop
         vertex -1.125318e+01 7.479412e+01 -9.168418e+00
         vertex -1.087913e+01 7.462721e+01 -1.003096e+01
         vertex -1.162476e+01 7.341088e+01 -8.699340e+00
      endloop
   endfacet
   facet normal -9.036645e-01 9.742376e-02 -4.170121e-01
      outer loop
         vertex -1.162476e+01 7.341088e+01 -8.699340e+00
         vertex -1.087913e+01 7.462721e+01 -1.003096e+01
         vertex -1.126712e+01 7.326888e+01 -9.507528e+00
      endloop
   endfacet
   facet normal -9.020462e-01 1.074358e-01 -4.180552e-01
      outer loop
         vertex -1.162476e+01 7.341088e+01 -8.699340e+00
         vertex -1.126712e+01 7.326888e+01 -9.507528e+00
         vertex -1.202219e+01 7.199284e+01 -8.206229e+00
      endloop
   endfacet
   facet normal -8.994022e-01 9.770532e-02 -4.260626e-01
      outer loop
         vertex -1.202219e+01 7.199284e+01 -8.206229e+00
         vertex -1.126712e+01 7.326888e+01 -9.507528e+00
         vertex -1.168121e+01 7.188269e+01 -8.951293e+00
      endloop
   endfacet
   facet normal -9.015996e-01 8.194698e-02 -4.247385e-01
      outer loop
         vertex -1.202219e+01 7.199284e+01 -8.206229e+00
         vertex -1.168121e+01 7.188269e+01 -8.951293e+00
         vertex -1.220824e+01 7.126389e+01 -7.951930e+00
      endloop
   endfacet
   facet normal -8.998267e-01 7.133224e-02 -4.303762e-01
      outer loop
         vertex -1.220824e+01 7.126389e+01 -7.951930e+00
         vertex -1.168121e+01 7.188269e+01 -8.951293e+00
         vertex -1.187579e+01 7.117189e+01 -8.662266e+00
      endloop
   endfacet
   facet normal -9.031190e-01 3.848046e-02 -4.276626e-01
      outer loop
         vertex -1.220824e+01 7.126389e+01 -7.951930e+00
         vertex -1.187579e+01 7.117189e+01 -8.662266e+00
         vertex -1.236048e+01 7.052249e+01 -7.697163e+00
      endloop
   endfacet
   facet normal -9.001579e-01 2.565191e-02 -4.348077e-01
      outer loop
         vertex -1.236048e+01 7.052249e+01 -7.697163e+00
         vertex -1.187579e+01 7.117189e+01 -8.662266e+00
         vertex -1.203712e+01 7.044953e+01 -8.370887e+00
      endloop
   endfacet
   facet normal -9.020792e-01 -1.524494e-02 -4.313012e-01
      outer loop
         vertex -1.236048e+01 7.052249e+01 -7.697163e+00
         vertex -1.203712e+01 7.044953e+01 -8.370887e+00
         vertex -1.246812e+01 6.977228e+01 -7.445509e+00
      endloop
   endfacet
   facet normal -8.975230e-01 -2.996018e-02 -4.399487e-01
      outer loop
         vertex -1.246812e+01 6.977228e+01 -7.445509e+00
         vertex -1.203712e+01 7.044953e+01 -8.370887e+00
         vertex -1.215483e+01 6.971829e+01 -8.080951e+00
      endloop
   endfacet
   facet normal -8.975015e-01 -4.741942e-02 -4.384546e-01
      outer loop
         vertex -1.246812e+01 6.977228e+01 -7.445509e+00
         vertex -1.215483e+01 6.971829e+01 -8.080951e+00
         vertex -1.255039e+01 6.901539e+01 -7.195238e+00
      endloop
   endfacet
   facet normal -8.915175e-01 -6.346787e-02 -4.485180e-01
      outer loop
         vertex -1.255039e+01 6.901539e+01 -7.195238e+00
         vertex -1.215483e+01 6.971829e+01 -8.080951e+00
         vertex -1.224820e+01 6.897908e+01 -7.790775e+00
      endloop
   endfacet
   facet normal -8.911860e-01 -7.258037e-02 -4.477942e-01
      outer loop
         vertex -1.255039e+01 6.901539e+01 -7.195238e+00
         vertex -1.224820e+01 6.897908e+01 -7.790775e+00
         vertex -1.267598e+01 6.748526e+01 -6.697287e+00
      endloop
   endfacet
   facet normal -8.757763e-01 -9.556369e-02 -4.731633e-01
      outer loop
         vertex -1.267598e+01 6.748526e+01 -6.697287e+00
         vertex -1.224820e+01 6.897908e+01 -7.790775e+00
         vertex -1.239898e+01 6.747844e+01 -7.208611e+00
      endloop
   endfacet
   facet normal -8.750816e-01 -1.039742e-01 -4.726749e-01
      outer loop
         vertex -1.267598e+01 6.748526e+01 -6.697287e+00
         vertex -1.239898e+01 6.747844e+01 -7.208611e+00
         vertex -1.271659e+01 6.671252e+01 -6.452130e+00
      endloop
   endfacet
   facet normal -8.644059e-01 -1.230489e-01 -4.875053e-01
      outer loop
         vertex -1.271659e+01 6.671252e+01 -6.452130e+00
         vertex -1.239898e+01 6.747844e+01 -7.208611e+00
         vertex -1.245368e+01 6.671754e+01 -6.919556e+00
      endloop
   endfacet
   facet normal -8.634175e-01 -1.315366e-01 -4.870405e-01
      outer loop
         vertex -1.271659e+01 6.671252e+01 -6.452130e+00
         vertex -1.245368e+01 6.671754e+01 -6.919556e+00
         vertex -1.273329e+01 6.593455e+01 -6.212417e+00
      endloop
   endfacet
   facet normal -8.503475e-01 -1.514745e-01 -5.039491e-01
      outer loop
         vertex -1.273329e+01 6.593455e+01 -6.212417e+00
         vertex -1.245368e+01 6.671754e+01 -6.919556e+00
         vertex -1.248549e+01 6.594972e+01 -6.635106e+00
      endloop
   endfacet
   facet normal -8.483332e-01 -1.645663e-01 -5.032383e-01
      outer loop
         vertex -1.273329e+01 6.593455e+01 -6.212417e+00
         vertex -1.248549e+01 6.594972e+01 -6.635106e+00
         vertex -1.271891e+01 6.515121e+01 -5.980494e+00
      endloop
   endfacet
   facet normal -8.322858e-01 -1.850792e-01 -5.225381e-01
      outer loop
         vertex -1.271891e+01 6.515121e+01 -5.980494e+00
         vertex -1.248549e+01 6.594972e+01 -6.635106e+00
         vertex -1.248724e+01 6.517500e+01 -6.357916e+00
      endloop
   endfacet
   facet normal -8.296945e-01 -1.983621e-01 -5.217849e-01
      outer loop
         vertex -1.271891e+01 6.515121e+01 -5.980494e+00
         vertex -1.248724e+01 6.517500e+01 -6.357916e+00
         vertex -1.267014e+01 6.436265e+01 -5.758253e+00
      endloop
   endfacet
   facet normal -8.102358e-01 -2.189111e-01 -5.436873e-01
      outer loop
         vertex -1.267014e+01 6.436265e+01 -5.758253e+00
         vertex -1.248724e+01 6.517500e+01 -6.357916e+00
         vertex -1.245567e+01 6.439325e+01 -6.090202e+00
      endloop
   endfacet
   facet normal -8.086581e-01 -2.256334e-01 -5.432878e-01
      outer loop
         vertex -1.267014e+01 6.436265e+01 -5.758253e+00
         vertex -1.245567e+01 6.439325e+01 -6.090202e+00
         vertex -1.259098e+01 6.356939e+01 -5.546636e+00
      endloop
   endfacet
   facet normal -7.976186e-01 -2.353935e-01 -5.553327e-01
      outer loop
         vertex -1.259098e+01 6.356939e+01 -5.546636e+00
         vertex -1.245567e+01 6.439325e+01 -6.090202e+00
         vertex -1.249614e+01 6.277268e+01 -5.345145e+00
      endloop
   endfacet
   facet normal -4.282844e-01 -1.490648e-02 -9.035210e-01
      outer loop
         vertex -1.189280e+01 1.079529e+02 -4.669487e+00
         vertex -1.185716e+01 1.079610e+02 -4.686517e+00
         vertex -1.182488e+01 1.075511e+02 -4.695054e+00
      endloop
   endfacet
   facet normal -3.792716e-01 -1.059532e-02 -9.252247e-01
      outer loop
         vertex -1.182488e+01 1.075511e+02 -4.695054e+00
         vertex -1.185716e+01 1.079610e+02 -4.686517e+00
         vertex -1.178510e+01 1.075599e+02 -4.711463e+00
      endloop
   endfacet
   facet normal -3.969865e-01 9.179396e-02 -9.132226e-01
      outer loop
         vertex -1.182488e+01 1.075511e+02 -4.695054e+00
         vertex -1.178510e+01 1.075599e+02 -4.711463e+00
         vertex -1.176218e+01 1.071557e+02 -4.762053e+00
      endloop
   endfacet
   facet normal -3.341494e-01 9.837946e-02 -9.373717e-01
      outer loop
         vertex -1.176218e+01 1.071557e+02 -4.762053e+00
         vertex -1.178510e+01 1.075599e+02 -4.711463e+00
         vertex -1.170961e+01 1.071670e+02 -4.779601e+00
      endloop
   endfacet
   facet normal -3.473512e-01 1.885293e-01 -9.185880e-01
      outer loop
         vertex -1.176218e+01 1.071557e+02 -4.762053e+00
         vertex -1.170961e+01 1.071670e+02 -4.779601e+00
         vertex -1.170468e+01 1.067652e+02 -4.863937e+00
      endloop
   endfacet
   facet normal -3.131665e-01 1.913883e-01 -9.302136e-01
      outer loop
         vertex -1.170468e+01 1.067652e+02 -4.863937e+00
         vertex -1.170961e+01 1.071670e+02 -4.779601e+00
         vertex -1.163532e+01 1.067800e+02 -4.884250e+00
      endloop
   endfacet
   facet normal -3.223451e-01 2.633203e-01 -9.092613e-01
      outer loop
         vertex -1.170468e+01 1.067652e+02 -4.863937e+00
         vertex -1.163532e+01 1.067800e+02 -4.884250e+00
         vertex -1.165117e+01 1.063789e+02 -4.994780e+00
      endloop
   endfacet
   facet normal -3.127288e-01 2.638239e-01 -9.124679e-01
      outer loop
         vertex -1.165117e+01 1.063789e+02 -4.994780e+00
         vertex -1.163532e+01 1.067800e+02 -4.884250e+00
         vertex -1.156413e+01 1.063973e+02 -5.019296e+00
      endloop
   endfacet
   facet normal -3.205895e-01 3.376814e-01 -8.849823e-01
      outer loop
         vertex -1.165117e+01 1.063789e+02 -4.994780e+00
         vertex -1.156413e+01 1.063973e+02 -5.019296e+00
         vertex -1.154785e+01 1.056184e+02 -5.322383e+00
      endloop
   endfacet
   facet normal -3.393735e-01 3.349581e-01 -8.789930e-01
      outer loop
         vertex -1.154785e+01 1.056184e+02 -5.322383e+00
         vertex -1.156413e+01 1.063973e+02 -5.019296e+00
         vertex -1.142909e+01 1.056435e+02 -5.358690e+00
      endloop
   endfacet
   facet normal -3.434693e-01 3.902476e-01 -8.542457e-01
      outer loop
         vertex -1.154785e+01 1.056184e+02 -5.322383e+00
         vertex -1.142909e+01 1.056435e+02 -5.358690e+00
         vertex -1.143509e+01 1.048747e+02 -5.707461e+00
      endloop
   endfacet
   facet normal -3.809245e-01 3.844751e-01 -8.408778e-01
      outer loop
         vertex -1.143509e+01 1.048747e+02 -5.707461e+00
         vertex -1.142909e+01 1.056435e+02 -5.358690e+00
         vertex -1.129151e+01 1.049056e+02 -5.758389e+00
      endloop
   endfacet
   facet normal -3.815436e-01 3.991505e-01 -8.337286e-01
      outer loop
         vertex -1.143509e+01 1.048747e+02 -5.707461e+00
         vertex -1.129151e+01 1.049056e+02 -5.758389e+00
         vertex -1.117153e+01 1.034146e+02 -6.527143e+00
      endloop
   endfacet
   facet normal -4.430803e-01 3.823955e-01 -8.108351e-01
      outer loop
         vertex -1.117153e+01 1.034146e+02 -6.527143e+00
         vertex -1.129151e+01 1.049056e+02 -5.758389e+00
         vertex -1.098470e+01 1.034572e+02 -6.609146e+00
      endloop
   endfacet
   facet normal -4.426269e-01 3.621236e-01 -8.203340e-01
      outer loop
         vertex -1.117153e+01 1.034146e+02 -6.527143e+00
         vertex -1.098470e+01 1.034572e+02 -6.609146e+00
         vertex -1.094602e+01 1.019186e+02 -7.309198e+00
      endloop
   endfacet
   facet normal -4.790346e-01 3.535293e-01 -8.034568e-01
      outer loop
         vertex -1.094602e+01 1.019186e+02 -7.309198e+00
         vertex -1.098470e+01 1.034572e+02 -6.609146e+00
         vertex -1.071956e+01 1.019700e+02 -7.421581e+00
      endloop
   endfacet
   facet normal -4.789576e-01 3.451702e-01 -8.071289e-01
      outer loop
         vertex -1.094602e+01 1.019186e+02 -7.309198e+00
         vertex -1.071956e+01 1.019700e+02 -7.421581e+00
         vertex -1.071132e+01 1.004184e+02 -8.090043e+00
      endloop
   endfacet
   facet normal -4.928565e-01 3.420505e-01 -8.000587e-01
      outer loop
         vertex -1.071132e+01 1.004184e+02 -8.090043e+00
         vertex -1.071956e+01 1.019700e+02 -7.421581e+00
         vertex -1.016288e+01 9.898587e+01 -9.040329e+00
      endloop
   endfacet
   facet normal -4.396900e-01 8.664935e-02 -8.939601e-01
      outer loop
         vertex -1.185716e+01 5.796380e+01 -4.686245e+00
         vertex -1.189333e+01 5.795991e+01 -4.668831e+00
         vertex -1.188174e+01 5.836730e+01 -4.635045e+00
      endloop
   endfacet
   facet normal -3.936809e-01 8.709412e-02 -9.151120e-01
      outer loop
         vertex -1.188174e+01 5.836730e+01 -4.635045e+00
         vertex -1.189333e+01 5.795991e+01 -4.668831e+00
         vertex -1.192193e+01 5.836334e+01 -4.618131e+00
      endloop
   endfacet
   facet normal -3.886480e-01 9.493255e-03 -9.213374e-01
      outer loop
         vertex -1.188174e+01 5.836730e+01 -4.635045e+00
         vertex -1.192193e+01 5.836334e+01 -4.618131e+00
         vertex -1.190389e+01 5.877348e+01 -4.621516e+00
      endloop
   endfacet
   facet normal -3.225518e-01 6.377689e-03 -9.465303e-01
      outer loop
         vertex -1.190389e+01 5.877348e+01 -4.621516e+00
         vertex -1.192193e+01 5.836334e+01 -4.618131e+00
         vertex -1.195712e+01 5.876840e+01 -4.603410e+00
      endloop
   endfacet
   facet normal -3.149016e-01 -7.304072e-02 -9.463097e-01
      outer loop
         vertex -1.190389e+01 5.877348e+01 -4.621516e+00
         vertex -1.195712e+01 5.876840e+01 -4.603410e+00
         vertex -1.192638e+01 5.918048e+01 -4.645445e+00
      endloop
   endfacet
   facet normal -2.780271e-01 -7.693182e-02 -9.574876e-01
      outer loop
         vertex -1.192638e+01 5.918048e+01 -4.645445e+00
         vertex -1.195712e+01 5.876840e+01 -4.603410e+00
         vertex -1.199678e+01 5.917395e+01 -4.624478e+00
      endloop
   endfacet
   facet normal -2.691892e-01 -1.516562e-01 -9.510718e-01
      outer loop
         vertex -1.192638e+01 5.918048e+01 -4.645445e+00
         vertex -1.199678e+01 5.917395e+01 -4.624478e+00
         vertex -1.195028e+01 5.958728e+01 -4.703550e+00
      endloop
   endfacet
   facet normal -2.595050e-01 -1.532124e-01 -9.535109e-01
      outer loop
         vertex -1.195028e+01 5.958728e+01 -4.703550e+00
         vertex -1.199678e+01 5.917395e+01 -4.624478e+00
         vertex -1.203873e+01 5.957934e+01 -4.678200e+00
      endloop
   endfacet
   facet normal -2.472712e-01 -2.412493e-01 -9.384326e-01
      outer loop
         vertex -1.195028e+01 5.958728e+01 -4.703550e+00
         vertex -1.203873e+01 5.957934e+01 -4.678200e+00
         vertex -1.200085e+01 6.039919e+01 -4.898947e+00
      endloop
   endfacet
   facet normal -2.705012e-01 -2.386264e-01 -9.326771e-01
      outer loop
         vertex -1.200085e+01 6.039919e+01 -4.898947e+00
         vertex -1.203873e+01 5.957934e+01 -4.678200e+00
         vertex -1.212148e+01 6.038873e+01 -4.861285e+00
      endloop
   endfacet
   facet normal -2.601405e-01 -3.020554e-01 -9.171093e-01
      outer loop
         vertex -1.200085e+01 6.039919e+01 -4.898947e+00
         vertex -1.212148e+01 6.038873e+01 -4.861285e+00
         vertex -1.204795e+01 6.121002e+01 -5.152636e+00
      endloop
   endfacet
   facet normal -3.010930e-01 -2.947650e-01 -9.068939e-01
      outer loop
         vertex -1.204795e+01 6.121002e+01 -5.152636e+00
         vertex -1.212148e+01 6.038873e+01 -4.861285e+00
         vertex -1.219361e+01 6.119673e+01 -5.099957e+00
      endloop
   endfacet
   facet normal -2.992079e-01 -3.047724e-01 -9.042060e-01
      outer loop
         vertex -1.204795e+01 6.121002e+01 -5.152636e+00
         vertex -1.219361e+01 6.119673e+01 -5.099957e+00
         vertex -1.212988e+01 6.282727e+01 -5.670640e+00
      endloop
   endfacet
   facet normal -3.607464e-01 -2.955089e-01 -8.846109e-01
      outer loop
         vertex -1.212988e+01 6.282727e+01 -5.670640e+00
         vertex -1.219361e+01 6.119673e+01 -5.099957e+00
         vertex -1.231947e+01 6.280780e+01 -5.586818e+00
      endloop
   endfacet
   facet normal -3.555509e-01 -3.193640e-01 -8.784021e-01
      outer loop
         vertex -1.212988e+01 6.282727e+01 -5.670640e+00
         vertex -1.231947e+01 6.280780e+01 -5.586818e+00
         vertex -1.222551e+01 6.440641e+01 -6.206065e+00
      endloop
   endfacet
   facet normal -4.137563e-01 -3.075942e-01 -8.568498e-01
      outer loop
         vertex -1.222551e+01 6.440641e+01 -6.206065e+00
         vertex -1.231947e+01 6.280780e+01 -5.586818e+00
         vertex -1.245567e+01 6.439325e+01 -6.090202e+00
      endloop
   endfacet
   facet normal -4.114211e-01 -3.195994e-01 -8.535742e-01
      outer loop
         vertex -1.222551e+01 6.440641e+01 -6.206065e+00
         vertex -1.245567e+01 6.439325e+01 -6.090202e+00
         vertex -1.223863e+01 6.518160e+01 -6.489990e+00
      endloop
   endfacet
   facet normal -4.401752e-01 -3.067687e-01 -8.438832e-01
      outer loop
         vertex -1.223863e+01 6.518160e+01 -6.489990e+00
         vertex -1.245567e+01 6.439325e+01 -6.090202e+00
         vertex -1.248724e+01 6.517500e+01 -6.357916e+00
      endloop
   endfacet
   facet normal -4.393834e-01 -3.113394e-01 -8.426209e-01
      outer loop
         vertex -1.223863e+01 6.518160e+01 -6.489990e+00
         vertex -1.248724e+01 6.517500e+01 -6.357916e+00
         vertex -1.221957e+01 6.594845e+01 -6.783274e+00
      endloop
   endfacet
   facet normal -4.658289e-01 -2.971629e-01 -8.334852e-01
      outer loop
         vertex -1.221957e+01 6.594845e+01 -6.783274e+00
         vertex -1.248724e+01 6.517500e+01 -6.357916e+00
         vertex -1.248549e+01 6.594972e+01 -6.635106e+00
      endloop
   endfacet
   facet normal -4.654011e-01 -3.000414e-01 -8.326926e-01
      outer loop
         vertex -1.221957e+01 6.594845e+01 -6.783274e+00
         vertex -1.248549e+01 6.594972e+01 -6.635106e+00
         vertex -1.217155e+01 6.670731e+01 -7.083545e+00
      endloop
   endfacet
   facet normal -4.893829e-01 -2.850557e-01 -8.241648e-01
      outer loop
         vertex -1.217155e+01 6.670731e+01 -7.083545e+00
         vertex -1.248549e+01 6.594972e+01 -6.635106e+00
         vertex -1.245368e+01 6.671754e+01 -6.919556e+00
      endloop
   endfacet
   facet normal -4.889781e-01 -2.883354e-01 -8.232637e-01
      outer loop
         vertex -1.217155e+01 6.670731e+01 -7.083545e+00
         vertex -1.245368e+01 6.671754e+01 -6.919556e+00
         vertex -1.210172e+01 6.745820e+01 -7.388013e+00
      endloop
   endfacet
   facet normal -5.106372e-01 -2.730072e-01 -8.153016e-01
      outer loop
         vertex -1.210172e+01 6.745820e+01 -7.388013e+00
         vertex -1.245368e+01 6.671754e+01 -6.919556e+00
         vertex -1.239898e+01 6.747844e+01 -7.208611e+00
      endloop
   endfacet
   facet normal -5.103761e-01 -2.756702e-01 -8.145687e-01
      outer loop
         vertex -1.210172e+01 6.745820e+01 -7.388013e+00
         vertex -1.239898e+01 6.747844e+01 -7.208611e+00
         vertex -1.192390e+01 6.893536e+01 -7.999335e+00
      endloop
   endfacet
   facet normal -5.471428e-01 -2.543885e-01 -7.974467e-01
      outer loop
         vertex -1.192390e+01 6.893536e+01 -7.999335e+00
         vertex -1.239898e+01 6.747844e+01 -7.208611e+00
         vertex -1.224820e+01 6.897908e+01 -7.790775e+00
      endloop
   endfacet
   facet normal -5.471419e-01 -2.544075e-01 -7.974413e-01
      outer loop
         vertex -1.192390e+01 6.893536e+01 -7.999335e+00
         vertex -1.224820e+01 6.897908e+01 -7.790775e+00
         vertex -1.181864e+01 6.966111e+01 -8.303092e+00
      endloop
   endfacet
   facet normal -5.632620e-01 -2.393137e-01 -7.908634e-01
      outer loop
         vertex -1.181864e+01 6.966111e+01 -8.303092e+00
         vertex -1.224820e+01 6.897908e+01 -7.790775e+00
         vertex -1.215483e+01 6.971829e+01 -8.080951e+00
      endloop
   endfacet
   facet normal -5.633669e-01 -2.336669e-01 -7.924756e-01
      outer loop
         vertex -1.181864e+01 6.966111e+01 -8.303092e+00
         vertex -1.215483e+01 6.971829e+01 -8.080951e+00
         vertex -1.169012e+01 7.037811e+01 -8.605867e+00
      endloop
   endfacet
   facet normal -5.775976e-01 -2.188431e-01 -7.864405e-01
      outer loop
         vertex -1.169012e+01 7.037811e+01 -8.605867e+00
         vertex -1.215483e+01 6.971829e+01 -8.080951e+00
         vertex -1.203712e+01 7.044953e+01 -8.370887e+00
      endloop
   endfacet
   facet normal -5.772642e-01 -1.998058e-01 -7.917346e-01
      outer loop
         vertex -1.169012e+01 7.037811e+01 -8.605867e+00
         vertex -1.203712e+01 7.044953e+01 -8.370887e+00
         vertex -1.151903e+01 7.108621e+01 -8.909312e+00
      endloop
   endfacet
   facet normal -5.891481e-01 -1.856344e-01 -7.864124e-01
      outer loop
         vertex -1.151903e+01 7.108621e+01 -8.909312e+00
         vertex -1.203712e+01 7.044953e+01 -8.370887e+00
         vertex -1.187579e+01 7.117189e+01 -8.662266e+00
      endloop
   endfacet
   facet normal -5.881989e-01 -1.686274e-01 -7.909405e-01
      outer loop
         vertex -1.151903e+01 7.108621e+01 -8.909312e+00
         vertex -1.187579e+01 7.117189e+01 -8.662266e+00
         vertex -1.131529e+01 7.178406e+01 -9.209610e+00
      endloop
   endfacet
   facet normal -5.973973e-01 -1.562951e-01 -7.865674e-01
      outer loop
         vertex -1.131529e+01 7.178406e+01 -9.209610e+00
         vertex -1.187579e+01 7.117189e+01 -8.662266e+00
         vertex -1.168121e+01 7.188269e+01 -8.951293e+00
      endloop
   endfacet
   facet normal -5.963576e-01 -1.444639e-01 -7.896124e-01
      outer loop
         vertex -1.131529e+01 7.178406e+01 -9.209610e+00
         vertex -1.168121e+01 7.188269e+01 -8.951293e+00
         vertex -1.088332e+01 7.315160e+01 -9.786048e+00
      endloop
   endfacet
   facet normal -6.083387e-01 -1.322994e-01 -7.825732e-01
      outer loop
         vertex -1.088332e+01 7.315160e+01 -9.786048e+00
         vertex -1.168121e+01 7.188269e+01 -8.951293e+00
         vertex -1.126712e+01 7.326888e+01 -9.507528e+00
      endloop
   endfacet
   facet normal -6.081785e-01 -1.309344e-01 -7.829273e-01
      outer loop
         vertex -1.088332e+01 7.315160e+01 -9.786048e+00
         vertex -1.126712e+01 7.326888e+01 -9.507528e+00
         vertex -1.047773e+01 7.450146e+01 -1.032686e+01
      endloop
   endfacet
   facet normal -6.137932e-01 -1.250594e-01 -7.794986e-01
      outer loop
         vertex -1.047773e+01 7.450146e+01 -1.032686e+01
         vertex -1.126712e+01 7.326888e+01 -9.507528e+00
         vertex -1.087913e+01 7.462721e+01 -1.003096e+01
      endloop
   endfacet
   facet normal -6.141412e-01 -1.279013e-01 -7.787630e-01
      outer loop
         vertex -1.047773e+01 7.450146e+01 -1.032686e+01
         vertex -1.087913e+01 7.462721e+01 -1.003096e+01
         vertex -1.011213e+01 7.585923e+01 -1.083818e+01
      endloop
   endfacet
   facet normal -6.167013e-01 -1.252620e-01 -7.771673e-01
      outer loop
         vertex -1.011213e+01 7.585923e+01 -1.083818e+01
         vertex -1.087913e+01 7.462721e+01 -1.003096e+01
         vertex -1.052960e+01 7.598710e+01 -1.052751e+01
      endloop
   endfacet
   facet normal -6.159606e-01 -1.190474e-01 -7.787299e-01
      outer loop
         vertex -1.011213e+01 7.585923e+01 -1.083818e+01
         vertex -1.052960e+01 7.598710e+01 -1.052751e+01
         vertex -9.776403e+00 7.722655e+01 -1.131275e+01
      endloop
   endfacet
   facet normal -6.176466e-01 -1.173405e-01 -7.776528e-01
      outer loop
         vertex -9.776403e+00 7.722655e+01 -1.131275e+01
         vertex -1.052960e+01 7.598710e+01 -1.052751e+01
         vertex -1.020676e+01 7.735567e+01 -1.099043e+01
      endloop
   endfacet
   facet normal -6.151331e-01 -9.704129e-02 -7.824284e-01
      outer loop
         vertex -9.776403e+00 7.722655e+01 -1.131275e+01
         vertex -1.020676e+01 7.735567e+01 -1.099043e+01
         vertex -9.477928e+00 7.856426e+01 -1.171332e+01
      endloop
   endfacet
   facet normal -6.153718e-01 -9.680278e-02 -7.822703e-01
      outer loop
         vertex -9.477928e+00 7.856426e+01 -1.171332e+01
         vertex -1.020676e+01 7.735567e+01 -1.099043e+01
         vertex -9.917597e+00 7.869668e+01 -1.138384e+01
      endloop
   endfacet
   facet normal -6.146641e-01 -9.147624e-02 -7.834667e-01
      outer loop
         vertex -9.477928e+00 7.856426e+01 -1.171332e+01
         vertex -9.917597e+00 7.869668e+01 -1.138384e+01
         vertex -9.210847e+00 7.993659e+01 -1.208309e+01
      endloop
   endfacet
   facet normal -6.140472e-01 -9.206195e-02 -7.838818e-01
      outer loop
         vertex -9.210847e+00 7.993659e+01 -1.208309e+01
         vertex -9.917597e+00 7.869668e+01 -1.138384e+01
         vertex -9.656841e+00 8.006907e+01 -1.174928e+01
      endloop
   endfacet
   facet normal -6.143318e-01 -9.423250e-02 -7.834007e-01
      outer loop
         vertex -9.210847e+00 7.993659e+01 -1.208309e+01
         vertex -9.656841e+00 8.006907e+01 -1.174928e+01
         vertex -9.086591e+00 8.067878e+01 -1.226980e+01
      endloop
   endfacet
   facet normal -6.142402e-01 -9.436579e-02 -7.834565e-01
      outer loop
         vertex -9.086591e+00 8.067878e+01 -1.226980e+01
         vertex -9.656841e+00 8.006907e+01 -1.174928e+01
         vertex -9.534664e+00 8.080753e+01 -1.193402e+01
      endloop
   endfacet
   facet normal -6.136551e-01 -8.970781e-02 -7.844616e-01
      outer loop
         vertex -9.086591e+00 8.067878e+01 -1.226980e+01
         vertex -9.534664e+00 8.080753e+01 -1.193402e+01
         vertex -8.971960e+00 8.147264e+01 -1.245026e+01
      endloop
   endfacet
   facet normal -6.137490e-01 -8.958239e-02 -7.844024e-01
      outer loop
         vertex -8.971960e+00 8.147264e+01 -1.245026e+01
         vertex -9.534664e+00 8.080753e+01 -1.193402e+01
         vertex -9.421357e+00 8.159427e+01 -1.211252e+01
      endloop
   endfacet
   facet normal -6.124271e-01 -7.855562e-02 -7.866143e-01
      outer loop
         vertex -8.971960e+00 8.147264e+01 -1.245026e+01
         vertex -9.421357e+00 8.159427e+01 -1.211252e+01
         vertex -8.871053e+00 8.232226e+01 -1.261367e+01
      endloop
   endfacet
   facet normal -6.127290e-01 -7.819053e-02 -7.864155e-01
      outer loop
         vertex -8.871053e+00 8.232226e+01 -1.261367e+01
         vertex -9.421357e+00 8.159427e+01 -1.211252e+01
         vertex -9.320973e+00 8.243309e+01 -1.227414e+01
      endloop
   endfacet
   facet normal -6.108268e-01 -6.138181e-02 -7.893814e-01
      outer loop
         vertex -8.871053e+00 8.232226e+01 -1.261367e+01
         vertex -9.320973e+00 8.243309e+01 -1.227414e+01
         vertex -8.788063e+00 8.322581e+01 -1.274815e+01
      endloop
   endfacet
   facet normal -6.113721e-01 -6.079008e-02 -7.890049e-01
      outer loop
         vertex -8.788063e+00 8.322581e+01 -1.274815e+01
         vertex -9.320973e+00 8.243309e+01 -1.227414e+01
         vertex -9.237651e+00 8.332229e+01 -1.240721e+01
      endloop
   endfacet
   facet normal -6.091615e-01 -3.972725e-02 -7.920505e-01
      outer loop
         vertex -8.788063e+00 8.322581e+01 -1.274815e+01
         vertex -9.237651e+00 8.332229e+01 -1.240721e+01
         vertex -8.726339e+00 8.417509e+01 -1.284323e+01
      endloop
   endfacet
   facet normal -6.099594e-01 -3.895441e-02 -7.914746e-01
      outer loop
         vertex -8.726339e+00 8.417509e+01 -1.284323e+01
         vertex -9.237651e+00 8.332229e+01 -1.240721e+01
         vertex -9.174682e+00 8.425421e+01 -1.250160e+01
      endloop
   endfacet
   facet normal -6.077593e-01 -1.573452e-02 -7.939654e-01
      outer loop
         vertex -8.726339e+00 8.417509e+01 -1.284323e+01
         vertex -9.174682e+00 8.425421e+01 -1.250160e+01
         vertex -8.687454e+00 8.515502e+01 -1.289242e+01
      endloop
   endfacet
   facet normal -6.087242e-01 -1.489882e-02 -7.932420e-01
      outer loop
         vertex -8.687454e+00 8.515502e+01 -1.289242e+01
         vertex -9.174682e+00 8.425421e+01 -1.250160e+01
         vertex -9.133587e+00 8.521479e+01 -1.255118e+01
      endloop
   endfacet
   facet normal -6.068432e-01 7.930547e-03 -7.947820e-01
      outer loop
         vertex -8.687454e+00 8.515502e+01 -1.289242e+01
         vertex -9.133587e+00 8.521479e+01 -1.255118e+01
         vertex -8.670268e+00 8.614318e+01 -1.289568e+01
      endloop
   endfacet
   facet normal -6.076948e-01 8.599625e-03 -7.941241e-01
      outer loop
         vertex -8.670268e+00 8.614318e+01 -1.289568e+01
         vertex -9.133587e+00 8.521479e+01 -1.255118e+01
         vertex -9.113180e+00 8.618319e+01 -1.255631e+01
      endloop
   endfacet
   facet normal -6.063140e-01 2.880026e-02 -7.947036e-01
      outer loop
         vertex -8.670268e+00 8.614318e+01 -1.289568e+01
         vertex -9.113180e+00 8.618319e+01 -1.255631e+01
         vertex -8.670832e+00 8.711494e+01 -1.286003e+01
      endloop
   endfacet
   facet normal -6.065925e-01 2.900418e-02 -7.944837e-01
      outer loop
         vertex -8.670832e+00 8.711494e+01 -1.286003e+01
         vertex -9.113180e+00 8.618319e+01 -1.255631e+01
         vertex -9.109481e+00 8.713647e+01 -1.252433e+01
      endloop
   endfacet
   facet normal -6.054664e-01 4.952467e-02 -7.943285e-01
      outer loop
         vertex -8.670832e+00 8.711494e+01 -1.286003e+01
         vertex -9.109481e+00 8.713647e+01 -1.252433e+01
         vertex -8.688060e+00 8.807503e+01 -1.278704e+01
      endloop
   endfacet
   facet normal -6.051353e-01 4.930149e-02 -7.945946e-01
      outer loop
         vertex -8.688060e+00 8.807503e+01 -1.278704e+01
         vertex -9.109481e+00 8.713647e+01 -1.252433e+01
         vertex -9.121364e+00 8.807886e+01 -1.245681e+01
      endloop
   endfacet
   facet normal -6.042263e-01 7.090262e-02 -7.936519e-01
      outer loop
         vertex -8.688060e+00 8.807503e+01 -1.278704e+01
         vertex -9.121364e+00 8.807886e+01 -1.245681e+01
         vertex -8.723347e+00 8.903258e+01 -1.267463e+01
      endloop
   endfacet
   facet normal -6.034775e-01 7.045082e-02 -7.942617e-01
      outer loop
         vertex -8.723347e+00 8.903258e+01 -1.267463e+01
         vertex -9.121364e+00 8.807886e+01 -1.245681e+01
         vertex -9.150236e+00 8.901870e+01 -1.235151e+01
      endloop
   endfacet
   facet normal -6.028498e-01 9.234826e-02 -7.924923e-01
      outer loop
         vertex -8.723347e+00 8.903258e+01 -1.267463e+01
         vertex -9.150236e+00 8.901870e+01 -1.235151e+01
         vertex -8.778313e+00 8.998660e+01 -1.252165e+01
      endloop
   endfacet
   facet normal -6.017868e-01 9.178639e-02 -7.933650e-01
      outer loop
         vertex -8.778313e+00 8.998660e+01 -1.252165e+01
         vertex -9.150236e+00 8.901870e+01 -1.235151e+01
         vertex -9.197782e+00 8.995530e+01 -1.220709e+01
      endloop
   endfacet
   facet normal -6.014660e-01 1.139099e-01 -7.907358e-01
      outer loop
         vertex -8.778313e+00 8.998660e+01 -1.252165e+01
         vertex -9.197782e+00 8.995530e+01 -1.220709e+01
         vertex -8.854229e+00 9.092943e+01 -1.232808e+01
      endloop
   endfacet
   facet normal -6.000537e-01 1.132672e-01 -7.919003e-01
      outer loop
         vertex -8.854229e+00 9.092943e+01 -1.232808e+01
         vertex -9.197782e+00 8.995530e+01 -1.220709e+01
         vertex -9.265378e+00 9.088184e+01 -1.202334e+01
      endloop
   endfacet
   facet normal -6.000373e-01 1.359546e-01 -7.883347e-01
      outer loop
         vertex -8.854229e+00 9.092943e+01 -1.232808e+01
         vertex -9.265378e+00 9.088184e+01 -1.202334e+01
         vertex -8.951451e+00 9.185009e+01 -1.209531e+01
      endloop
   endfacet
   facet normal -5.980946e-01 1.352056e-01 -7.899381e-01
      outer loop
         vertex -8.951451e+00 9.185009e+01 -1.209531e+01
         vertex -9.265378e+00 9.088184e+01 -1.202334e+01
         vertex -9.353503e+00 9.178849e+01 -1.180144e+01
      endloop
   endfacet
   facet normal -5.983495e-01 1.588791e-01 -7.853250e-01
      outer loop
         vertex -8.951451e+00 9.185009e+01 -1.209531e+01
         vertex -9.353503e+00 9.178849e+01 -1.180144e+01
         vertex -9.068851e+00 9.273769e+01 -1.182629e+01
      endloop
   endfacet
   facet normal -5.955504e-01 1.579793e-01 -7.876308e-01
      outer loop
         vertex -9.068851e+00 9.273769e+01 -1.182629e+01
         vertex -9.353503e+00 9.178849e+01 -1.180144e+01
         vertex -9.461152e+00 9.266552e+01 -1.154413e+01
      endloop
   endfacet
   facet normal -5.959966e-01 1.827911e-01 -7.819050e-01
      outer loop
         vertex -9.068851e+00 9.273769e+01 -1.182629e+01
         vertex -9.461152e+00 9.266552e+01 -1.154413e+01
         vertex -9.203256e+00 9.358483e+01 -1.152580e+01
      endloop
   endfacet
   facet normal -5.919467e-01 1.817212e-01 -7.852239e-01
      outer loop
         vertex -9.203256e+00 9.358483e+01 -1.152580e+01
         vertex -9.461152e+00 9.266552e+01 -1.154413e+01
         vertex -9.585256e+00 9.350630e+01 -1.125600e+01
      endloop
   endfacet
   facet normal -5.924409e-01 2.069993e-01 -7.785661e-01
      outer loop
         vertex -9.203256e+00 9.358483e+01 -1.152580e+01
         vertex -9.585256e+00 9.350630e+01 -1.125600e+01
         vertex -9.348874e+00 9.439101e+01 -1.120065e+01
      endloop
   endfacet
   facet normal -5.868235e-01 2.057839e-01 -7.831291e-01
      outer loop
         vertex -9.348874e+00 9.439101e+01 -1.120065e+01
         vertex -9.585256e+00 9.350630e+01 -1.125600e+01
         vertex -9.720094e+00 9.431042e+01 -1.094366e+01
      endloop
   endfacet
   facet normal -5.872337e-01 2.356907e-01 -7.743426e-01
      outer loop
         vertex -9.348874e+00 9.439101e+01 -1.120065e+01
         vertex -9.720094e+00 9.431042e+01 -1.094366e+01
         vertex -9.634575e+00 9.593270e+01 -1.051473e+01
      endloop
   endfacet
   facet normal -5.723066e-01 2.376793e-01 -7.848400e-01
      outer loop
         vertex -9.634575e+00 9.593270e+01 -1.051473e+01
         vertex -9.720094e+00 9.431042e+01 -1.094366e+01
         vertex -9.982770e+00 9.585588e+01 -1.028409e+01
      endloop
   endfacet
   facet normal -5.724471e-01 2.627951e-01 -7.766872e-01
      outer loop
         vertex -9.634575e+00 9.593270e+01 -1.051473e+01
         vertex -9.982770e+00 9.585588e+01 -1.028409e+01
         vertex -9.888894e+00 9.747245e+01 -9.806309e+00
      endloop
   endfacet
   facet normal -5.558477e-01 2.651358e-01 -7.878683e-01
      outer loop
         vertex -9.888894e+00 9.747245e+01 -9.806309e+00
         vertex -9.982770e+00 9.585588e+01 -1.028409e+01
         vertex -1.021148e+01 9.740005e+01 -9.603090e+00
      endloop
   endfacet
   facet normal -5.558449e-01 2.930888e-01 -7.779045e-01
      outer loop
         vertex -9.888894e+00 9.747245e+01 -9.806309e+00
         vertex -1.021148e+01 9.740005e+01 -9.603090e+00
         vertex -1.016288e+01 9.898587e+01 -9.040329e+00
      endloop
   endfacet
   facet normal -5.351272e-01 2.970395e-01 -7.908264e-01
      outer loop
         vertex -1.016288e+01 9.898587e+01 -9.040329e+00
         vertex -1.021148e+01 9.740005e+01 -9.603090e+00
         vertex -1.045669e+01 9.891935e+01 -8.866502e+00
      endloop
   endfacet
   facet normal -5.350811e-01 3.151183e-01 -7.838295e-01
      outer loop
         vertex -1.016288e+01 9.898587e+01 -9.040329e+00
         vertex -1.045669e+01 9.891935e+01 -8.866502e+00
         vertex -1.071132e+01 1.004184e+02 -8.090043e+00
      endloop
   endfacet
   facet normal 4.373944e-01 1.340133e-01 -8.892281e-01
      outer loop
         vertex -1.182098e+01 5.796412e+01 -4.668404e+00
         vertex -1.185716e+01 5.796380e+01 -4.686245e+00
         vertex -1.184154e+01 5.836787e+01 -4.617667e+00
      endloop
   endfacet
   facet normal 3.913326e-01 1.392597e-01 -9.096513e-01
      outer loop
         vertex -1.184154e+01 5.836787e+01 -4.617667e+00
         vertex -1.185716e+01 5.796380e+01 -4.686245e+00
         vertex -1.188174e+01 5.836730e+01 -4.635045e+00
      endloop
   endfacet
   facet normal 3.959839e-01 4.244920e-02 -9.172758e-01
      outer loop
         vertex -1.184154e+01 5.836787e+01 -4.617667e+00
         vertex -1.188174e+01 5.836730e+01 -4.635045e+00
         vertex -1.185065e+01 5.877475e+01 -4.602772e+00
      endloop
   endfacet
   facet normal 3.306688e-01 4.942575e-02 -9.424517e-01
      outer loop
         vertex -1.185065e+01 5.877475e+01 -4.602772e+00
         vertex -1.188174e+01 5.836730e+01 -4.635045e+00
         vertex -1.190389e+01 5.877348e+01 -4.621516e+00
      endloop
   endfacet
   facet normal 3.327355e-01 -4.383047e-02 -9.420010e-01
      outer loop
         vertex -1.185065e+01 5.877475e+01 -4.602772e+00
         vertex -1.190389e+01 5.877348e+01 -4.621516e+00
         vertex -1.185598e+01 5.918250e+01 -4.623624e+00
      endloop
   endfacet
   facet normal 2.968583e-01 -3.969028e-02 -9.540963e-01
      outer loop
         vertex -1.185598e+01 5.918250e+01 -4.623624e+00
         vertex -1.190389e+01 5.877348e+01 -4.621516e+00
         vertex -1.192638e+01 5.918048e+01 -4.645445e+00
      endloop
   endfacet
   facet normal 2.970504e-01 -1.201807e-01 -9.472685e-01
      outer loop
         vertex -1.185598e+01 5.918250e+01 -4.623624e+00
         vertex -1.192638e+01 5.918048e+01 -4.645445e+00
         vertex -1.186182e+01 5.958987e+01 -4.677141e+00
      endloop
   endfacet
   facet normal 2.872460e-01 -1.188810e-01 -9.504510e-01
      outer loop
         vertex -1.186182e+01 5.958987e+01 -4.677141e+00
         vertex -1.192638e+01 5.918048e+01 -4.645445e+00
         vertex -1.195028e+01 5.958728e+01 -4.703550e+00
      endloop
   endfacet
   facet normal 2.855332e-01 -2.041982e-01 -9.363620e-01
      outer loop
         vertex -1.186182e+01 5.958987e+01 -4.677141e+00
         vertex -1.195028e+01 5.958728e+01 -4.703550e+00
         vertex -1.188022e+01 6.040219e+01 -4.859898e+00
      endloop
   endfacet
   facet normal 3.060501e-01 -2.046933e-01 -9.297494e-01
      outer loop
         vertex -1.188022e+01 6.040219e+01 -4.859898e+00
         vertex -1.195028e+01 5.958728e+01 -4.703550e+00
         vertex -1.200085e+01 6.039919e+01 -4.898947e+00
      endloop
   endfacet
   facet normal 3.031461e-01 -2.612187e-01 -9.164427e-01
      outer loop
         vertex -1.188022e+01 6.040219e+01 -4.859898e+00
         vertex -1.200085e+01 6.039919e+01 -4.898947e+00
         vertex -1.190229e+01 6.121290e+01 -5.098280e+00
      endloop
   endfacet
   facet normal 3.419128e-01 -2.624587e-01 -9.023364e-01
      outer loop
         vertex -1.190229e+01 6.121290e+01 -5.098280e+00
         vertex -1.200085e+01 6.039919e+01 -4.898947e+00
         vertex -1.204795e+01 6.121002e+01 -5.152636e+00
      endloop
   endfacet
   facet normal 3.418314e-01 -2.635036e-01 -9.020627e-01
      outer loop
         vertex -1.190229e+01 6.121290e+01 -5.098280e+00
         vertex -1.204795e+01 6.121002e+01 -5.152636e+00
         vertex -1.194029e+01 6.282914e+01 -5.584803e+00
      endloop
   endfacet
   facet normal 4.002704e-01 -2.610788e-01 -8.784199e-01
      outer loop
         vertex -1.194029e+01 6.282914e+01 -5.584803e+00
         vertex -1.204795e+01 6.121002e+01 -5.152636e+00
         vertex -1.212988e+01 6.282727e+01 -5.670640e+00
      endloop
   endfacet
   facet normal 3.995807e-01 -2.676523e-01 -8.767540e-01
      outer loop
         vertex -1.194029e+01 6.282914e+01 -5.584803e+00
         vertex -1.212988e+01 6.282727e+01 -5.670640e+00
         vertex -1.199535e+01 6.440053e+01 -6.089604e+00
      endloop
   endfacet
   facet normal 4.297364e-01 -2.664968e-01 -8.627317e-01
      outer loop
         vertex -1.199535e+01 6.440053e+01 -6.089604e+00
         vertex -1.212988e+01 6.282727e+01 -5.670640e+00
         vertex -1.222551e+01 6.440641e+01 -6.206065e+00
      endloop
   endfacet
   facet normal 4.244051e-01 -3.011027e-01 -8.539423e-01
      outer loop
         vertex -1.199535e+01 6.440053e+01 -6.089604e+00
         vertex -1.222551e+01 6.440641e+01 -6.206065e+00
         vertex -1.199002e+01 6.516990e+01 -6.358239e+00
      endloop
   endfacet
   facet normal 4.350460e-01 -3.031675e-01 -8.478352e-01
      outer loop
         vertex -1.199002e+01 6.516990e+01 -6.358239e+00
         vertex -1.222551e+01 6.440641e+01 -6.206065e+00
         vertex -1.223863e+01 6.518160e+01 -6.489990e+00
      endloop
   endfacet
   facet normal 4.302446e-01 -3.280729e-01 -8.409862e-01
      outer loop
         vertex -1.199002e+01 6.516990e+01 -6.358239e+00
         vertex -1.223863e+01 6.518160e+01 -6.489990e+00
         vertex -1.195365e+01 6.593018e+01 -6.636219e+00
      endloop
   endfacet
   facet normal 4.392696e-01 -3.304146e-01 -8.353852e-01
      outer loop
         vertex -1.195365e+01 6.593018e+01 -6.636219e+00
         vertex -1.223863e+01 6.518160e+01 -6.489990e+00
         vertex -1.221957e+01 6.594845e+01 -6.783274e+00
      endloop
   endfacet
   facet normal 4.344526e-01 -3.514672e-01 -8.292899e-01
      outer loop
         vertex -1.195365e+01 6.593018e+01 -6.636219e+00
         vertex -1.221957e+01 6.594845e+01 -6.783274e+00
         vertex -1.188942e+01 6.668198e+01 -6.921201e+00
      endloop
   endfacet
   facet normal 4.423684e-01 -3.540345e-01 -8.239963e-01
      outer loop
         vertex -1.188942e+01 6.668198e+01 -6.921201e+00
         vertex -1.221957e+01 6.594845e+01 -6.783274e+00
         vertex -1.217155e+01 6.670731e+01 -7.083545e+00
      endloop
   endfacet
   facet normal 4.384646e-01 -3.689306e-01 -8.195358e-01
      outer loop
         vertex -1.188942e+01 6.668198e+01 -6.921201e+00
         vertex -1.217155e+01 6.670731e+01 -7.083545e+00
         vertex -1.180446e+01 6.742548e+01 -7.210446e+00
      endloop
   endfacet
   facet normal 4.455890e-01 -3.716716e-01 -8.144389e-01
      outer loop
         vertex -1.180446e+01 6.742548e+01 -7.210446e+00
         vertex -1.217155e+01 6.670731e+01 -7.083545e+00
         vertex -1.210172e+01 6.745820e+01 -7.388013e+00
      endloop
   endfacet
   facet normal 4.418875e-01 -3.843241e-01 -8.105741e-01
      outer loop
         vertex -1.180446e+01 6.742548e+01 -7.210446e+00
         vertex -1.210172e+01 6.745820e+01 -7.388013e+00
         vertex -1.159960e+01 6.888707e+01 -7.791762e+00
      endloop
   endfacet
   facet normal 4.556289e-01 -3.866740e-01 -8.018014e-01
      outer loop
         vertex -1.159960e+01 6.888707e+01 -7.791762e+00
         vertex -1.210172e+01 6.745820e+01 -7.388013e+00
         vertex -1.192390e+01 6.893536e+01 -7.999335e+00
      endloop
   endfacet
   facet normal 4.525432e-01 -3.957827e-01 -7.990999e-01
      outer loop
         vertex -1.159960e+01 6.888707e+01 -7.791762e+00
         vertex -1.192390e+01 6.893536e+01 -7.999335e+00
         vertex -1.148244e+01 6.960467e+01 -8.080831e+00
      endloop
   endfacet
   facet normal 4.581683e-01 -3.989114e-01 -7.943246e-01
      outer loop
         vertex -1.148244e+01 6.960467e+01 -8.080831e+00
         vertex -1.192390e+01 6.893536e+01 -7.999335e+00
         vertex -1.181864e+01 6.966111e+01 -8.303092e+00
      endloop
   endfacet
   facet normal 4.537695e-01 -4.109194e-01 -7.907202e-01
      outer loop
         vertex -1.148244e+01 6.960467e+01 -8.080831e+00
         vertex -1.181864e+01 6.966111e+01 -8.303092e+00
         vertex -1.134312e+01 7.031332e+01 -8.369145e+00
      endloop
   endfacet
   facet normal 4.588987e-01 -4.141853e-01 -7.860423e-01
      outer loop
         vertex -1.134312e+01 7.031332e+01 -8.369145e+00
         vertex -1.181864e+01 6.966111e+01 -8.303092e+00
         vertex -1.169012e+01 7.037811e+01 -8.605867e+00
      endloop
   endfacet
   facet normal 4.494055e-01 -4.379257e-01 -7.786243e-01
      outer loop
         vertex -1.134312e+01 7.031332e+01 -8.369145e+00
         vertex -1.169012e+01 7.037811e+01 -8.605867e+00
         vertex -1.116226e+01 7.101312e+01 -8.658347e+00
      endloop
   endfacet
   facet normal 4.540262e-01 -4.413827e-01 -7.739777e-01
      outer loop
         vertex -1.116226e+01 7.101312e+01 -8.658347e+00
         vertex -1.169012e+01 7.037811e+01 -8.605867e+00
         vertex -1.151903e+01 7.108621e+01 -8.909312e+00
      endloop
   endfacet
   facet normal 4.474455e-01 -4.565000e-01 -7.690256e-01
      outer loop
         vertex -1.116226e+01 7.101312e+01 -8.658347e+00
         vertex -1.151903e+01 7.108621e+01 -8.909312e+00
         vertex -1.094936e+01 7.170433e+01 -8.944785e+00
      endloop
   endfacet
   facet normal 4.523097e-01 -4.606755e-01 -7.636714e-01
      outer loop
         vertex -1.094936e+01 7.170433e+01 -8.944785e+00
         vertex -1.151903e+01 7.108621e+01 -8.909312e+00
         vertex -1.131529e+01 7.178406e+01 -9.209610e+00
      endloop
   endfacet
   facet normal 4.534333e-01 -4.582170e-01 -7.644838e-01
      outer loop
         vertex -1.094936e+01 7.170433e+01 -8.944785e+00
         vertex -1.131529e+01 7.178406e+01 -9.209610e+00
         vertex -1.049953e+01 7.306825e+01 -9.495483e+00
      endloop
   endfacet
   facet normal 4.681201e-01 -4.646830e-01 -7.516204e-01
      outer loop
         vertex -1.049953e+01 7.306825e+01 -9.495483e+00
         vertex -1.131529e+01 7.178406e+01 -9.209610e+00
         vertex -1.088332e+01 7.315160e+01 -9.786048e+00
      endloop
   endfacet
   facet normal 4.796847e-01 -4.392269e-01 -7.595935e-01
      outer loop
         vertex -1.049953e+01 7.306825e+01 -9.495483e+00
         vertex -1.088332e+01 7.315160e+01 -9.786048e+00
         vertex -1.007633e+01 7.442731e+01 -1.001409e+01
      endloop
   endfacet
   facet normal 4.968624e-01 -4.472526e-01 -7.437022e-01
      outer loop
         vertex -1.007633e+01 7.442731e+01 -1.001409e+01
         vertex -1.088332e+01 7.315160e+01 -9.786048e+00
         vertex -1.047773e+01 7.450146e+01 -1.032686e+01
      endloop
   endfacet
   facet normal 5.112002e-01 -4.126758e-01 -7.539051e-01
      outer loop
         vertex -1.007633e+01 7.442731e+01 -1.001409e+01
         vertex -1.047773e+01 7.450146e+01 -1.032686e+01
         vertex -9.694655e+00 7.580111e+01 -1.050729e+01
      endloop
   endfacet
   facet normal 5.270369e-01 -4.201125e-01 -7.387405e-01
      outer loop
         vertex -9.694655e+00 7.580111e+01 -1.050729e+01
         vertex -1.047773e+01 7.450146e+01 -1.032686e+01
         vertex -1.011213e+01 7.585923e+01 -1.083818e+01
      endloop
   endfacet
   facet normal 5.397309e-01 -3.850770e-01 -7.486029e-01
      outer loop
         vertex -9.694655e+00 7.580111e+01 -1.050729e+01
         vertex -1.011213e+01 7.585923e+01 -1.083818e+01
         vertex -9.346044e+00 7.718534e+01 -1.096799e+01
      endloop
   endfacet
   facet normal 5.523126e-01 -3.911297e-01 -7.361850e-01
      outer loop
         vertex -9.346044e+00 7.718534e+01 -1.096799e+01
         vertex -1.011213e+01 7.585923e+01 -1.083818e+01
         vertex -9.776403e+00 7.722655e+01 -1.131275e+01
      endloop
   endfacet
   facet normal 5.666640e-01 -3.444087e-01 -7.485149e-01
      outer loop
         vertex -9.346044e+00 7.718534e+01 -1.096799e+01
         vertex -9.776403e+00 7.722655e+01 -1.131275e+01
         vertex -9.038259e+00 7.854132e+01 -1.135890e+01
      endloop
   endfacet
   facet normal 5.768262e-01 -3.497522e-01 -7.382039e-01
      outer loop
         vertex -9.038259e+00 7.854132e+01 -1.135890e+01
         vertex -9.776403e+00 7.722655e+01 -1.131275e+01
         vertex -9.477928e+00 7.856426e+01 -1.171332e+01
      endloop
   endfacet
   facet normal 5.864658e-01 -3.114893e-01 -7.476846e-01
      outer loop
         vertex -9.038259e+00 7.854132e+01 -1.135890e+01
         vertex -9.477928e+00 7.856426e+01 -1.171332e+01
         vertex -8.764854e+00 7.993230e+01 -1.172393e+01
      endloop
   endfacet
   facet normal 5.934209e-01 -3.150601e-01 -7.406678e-01
      outer loop
         vertex -8.764854e+00 7.993230e+01 -1.172393e+01
         vertex -9.477928e+00 7.856426e+01 -1.171332e+01
         vertex -9.210847e+00 7.993659e+01 -1.208309e+01
      endloop
   endfacet
   facet normal 5.992189e-01 -2.865993e-01 -7.475276e-01
      outer loop
         vertex -8.764854e+00 7.993230e+01 -1.172393e+01
         vertex -9.210847e+00 7.993659e+01 -1.208309e+01
         vertex -8.638518e+00 8.068244e+01 -1.191026e+01
      endloop
   endfacet
   facet normal 6.007228e-01 -2.881737e-01 -7.457131e-01
      outer loop
         vertex -8.638518e+00 8.068244e+01 -1.191026e+01
         vertex -9.210847e+00 7.993659e+01 -1.208309e+01
         vertex -9.086591e+00 8.067878e+01 -1.226980e+01
      endloop
   endfacet
   facet normal 6.059044e-01 -2.581862e-01 -7.524758e-01
      outer loop
         vertex -8.638518e+00 8.068244e+01 -1.191026e+01
         vertex -9.086591e+00 8.067878e+01 -1.226980e+01
         vertex -8.522564e+00 8.148295e+01 -1.209156e+01
      endloop
   endfacet
   facet normal 6.062343e-01 -2.585005e-01 -7.521020e-01
      outer loop
         vertex -8.522564e+00 8.148295e+01 -1.209156e+01
         vertex -9.086591e+00 8.067878e+01 -1.226980e+01
         vertex -8.971960e+00 8.147264e+01 -1.245026e+01
      endloop
   endfacet
   facet normal 6.116705e-01 -2.195723e-01 -7.600311e-01
      outer loop
         vertex -8.522564e+00 8.148295e+01 -1.209156e+01
         vertex -8.971960e+00 8.147264e+01 -1.245026e+01
         vertex -8.421133e+00 8.233788e+01 -1.225692e+01
      endloop
   endfacet
   facet normal 6.108898e-01 -2.188912e-01 -7.608549e-01
      outer loop
         vertex -8.421133e+00 8.233788e+01 -1.225692e+01
         vertex -8.971960e+00 8.147264e+01 -1.245026e+01
         vertex -8.871053e+00 8.232226e+01 -1.261367e+01
      endloop
   endfacet
   facet normal 6.156630e-01 -1.724536e-01 -7.689075e-01
      outer loop
         vertex -8.421133e+00 8.233788e+01 -1.225692e+01
         vertex -8.871053e+00 8.232226e+01 -1.261367e+01
         vertex -8.338476e+00 8.324554e+01 -1.239431e+01
      endloop
   endfacet
   facet normal 6.139643e-01 -1.710785e-01 -7.705712e-01
      outer loop
         vertex -8.338476e+00 8.324554e+01 -1.239431e+01
         vertex -8.871053e+00 8.232226e+01 -1.261367e+01
         vertex -8.788063e+00 8.322581e+01 -1.274815e+01
      endloop
   endfacet
   facet normal 6.172402e-01 -1.198765e-01 -7.775887e-01
      outer loop
         vertex -8.338476e+00 8.324554e+01 -1.239431e+01
         vertex -8.788063e+00 8.322581e+01 -1.274815e+01
         vertex -8.277996e+00 8.419798e+01 -1.249313e+01
      endloop
   endfacet
   facet normal 6.148892e-01 -1.180831e-01 -7.797228e-01
      outer loop
         vertex -8.277996e+00 8.419798e+01 -1.249313e+01
         vertex -8.788063e+00 8.322581e+01 -1.274815e+01
         vertex -8.726339e+00 8.417509e+01 -1.284323e+01
      endloop
   endfacet
   facet normal 6.162076e-01 -6.585203e-02 -7.848259e-01
      outer loop
         vertex -8.277996e+00 8.419798e+01 -1.249313e+01
         vertex -8.726339e+00 8.417509e+01 -1.284323e+01
         vertex -8.241322e+00 8.518049e+01 -1.254678e+01
      endloop
   endfacet
   facet normal 6.134698e-01 -6.385112e-02 -7.871327e-01
      outer loop
         vertex -8.241322e+00 8.518049e+01 -1.254678e+01
         vertex -8.726339e+00 8.417509e+01 -1.284323e+01
         vertex -8.687454e+00 8.515502e+01 -1.289242e+01
      endloop
   endfacet
   facet normal 6.129188e-01 -1.533670e-02 -7.899970e-01
      outer loop
         vertex -8.241322e+00 8.518049e+01 -1.254678e+01
         vertex -8.687454e+00 8.515502e+01 -1.289242e+01
         vertex -8.227355e+00 8.617110e+01 -1.255517e+01
      endloop
   endfacet
   facet normal 6.099590e-01 -1.322457e-02 -7.923226e-01
      outer loop
         vertex -8.227355e+00 8.617110e+01 -1.255517e+01
         vertex -8.687454e+00 8.515502e+01 -1.289242e+01
         vertex -8.670268e+00 8.614318e+01 -1.289568e+01
      endloop
   endfacet
   facet normal 6.081790e-01 2.730489e-02 -7.933302e-01
      outer loop
         vertex -8.227355e+00 8.617110e+01 -1.255517e+01
         vertex -8.670268e+00 8.614318e+01 -1.289568e+01
         vertex -8.232183e+00 8.714558e+01 -1.252533e+01
      endloop
   endfacet
   facet normal 6.050317e-01 2.953862e-02 -7.956532e-01
      outer loop
         vertex -8.232183e+00 8.714558e+01 -1.252533e+01
         vertex -8.670268e+00 8.614318e+01 -1.289568e+01
         vertex -8.670832e+00 8.711494e+01 -1.286003e+01
      endloop
   endfacet
   facet normal 6.020956e-01 6.910520e-02 -7.954278e-01
      outer loop
         vertex -8.232183e+00 8.714558e+01 -1.252533e+01
         vertex -8.670832e+00 8.711494e+01 -1.286003e+01
         vertex -8.254755e+00 8.810871e+01 -1.245875e+01
      endloop
   endfacet
   facet normal 5.988236e-01 7.138976e-02 -7.976928e-01
      outer loop
         vertex -8.254755e+00 8.810871e+01 -1.245875e+01
         vertex -8.670832e+00 8.711494e+01 -1.286003e+01
         vertex -8.688060e+00 8.807503e+01 -1.278704e+01
      endloop
   endfacet
   facet normal 5.944078e-01 1.132125e-01 -7.961547e-01
      outer loop
         vertex -8.254755e+00 8.810871e+01 -1.245875e+01
         vertex -8.688060e+00 8.807503e+01 -1.278704e+01
         vertex -8.296458e+00 8.906939e+01 -1.235327e+01
      endloop
   endfacet
   facet normal 5.910229e-01 1.155001e-01 -7.983431e-01
      outer loop
         vertex -8.296458e+00 8.906939e+01 -1.235327e+01
         vertex -8.688060e+00 8.807503e+01 -1.278704e+01
         vertex -8.723347e+00 8.903258e+01 -1.267463e+01
      endloop
   endfacet
   facet normal 5.849789e-01 1.590415e-01 -7.953022e-01
      outer loop
         vertex -8.296458e+00 8.906939e+01 -1.235327e+01
         vertex -8.723347e+00 8.903258e+01 -1.267463e+01
         vertex -8.358844e+00 9.002642e+01 -1.220778e+01
      endloop
   endfacet
   facet normal 5.813839e-01 1.613760e-01 -7.974651e-01
      outer loop
         vertex -8.358844e+00 9.002642e+01 -1.220778e+01
         vertex -8.723347e+00 8.903258e+01 -1.267463e+01
         vertex -8.778313e+00 8.998660e+01 -1.252165e+01
      endloop
   endfacet
   facet normal 5.735313e-01 2.065863e-01 -7.927067e-01
      outer loop
         vertex -8.358844e+00 9.002642e+01 -1.220778e+01
         vertex -8.778313e+00 8.998660e+01 -1.252165e+01
         vertex -8.443080e+00 9.097191e+01 -1.202232e+01
      endloop
   endfacet
   facet normal 5.695603e-01 2.090583e-01 -7.949187e-01
      outer loop
         vertex -8.443080e+00 9.097191e+01 -1.202232e+01
         vertex -8.778313e+00 8.998660e+01 -1.252165e+01
         vertex -8.854229e+00 9.092943e+01 -1.232808e+01
      endloop
   endfacet
   facet normal 5.597385e-01 2.557895e-01 -7.882034e-01
      outer loop
         vertex -8.443080e+00 9.097191e+01 -1.202232e+01
         vertex -8.854229e+00 9.092943e+01 -1.232808e+01
         vertex -8.549399e+00 9.189465e+01 -1.179837e+01
      endloop
   endfacet
   facet normal 5.551913e-01 2.585029e-01 -7.905308e-01
      outer loop
         vertex -8.549399e+00 9.189465e+01 -1.179837e+01
         vertex -8.854229e+00 9.092943e+01 -1.232808e+01
         vertex -8.951451e+00 9.185009e+01 -1.209531e+01
      endloop
   endfacet
   facet normal 5.434572e-01 3.058261e-01 -7.817446e-01
      outer loop
         vertex -8.549399e+00 9.189465e+01 -1.179837e+01
         vertex -8.951451e+00 9.185009e+01 -1.209531e+01
         vertex -8.676550e+00 9.278360e+01 -1.153900e+01
      endloop
   endfacet
   facet normal 5.381462e-01 3.088652e-01 -7.842200e-01
      outer loop
         vertex -8.676550e+00 9.278360e+01 -1.153900e+01
         vertex -8.951451e+00 9.185009e+01 -1.209531e+01
         vertex -9.068851e+00 9.273769e+01 -1.182629e+01
      endloop
   endfacet
   facet normal 5.251567e-01 3.543036e-01 -7.737437e-01
      outer loop
         vertex -8.676550e+00 9.278360e+01 -1.153900e+01
         vertex -9.068851e+00 9.273769e+01 -1.182629e+01
         vertex -8.821256e+00 9.363127e+01 -1.124906e+01
      endloop
   endfacet
   facet normal 5.189398e-01 3.577181e-01 -7.763628e-01
      outer loop
         vertex -8.821256e+00 9.363127e+01 -1.124906e+01
         vertex -9.068851e+00 9.273769e+01 -1.182629e+01
         vertex -9.203256e+00 9.358483e+01 -1.152580e+01
      endloop
   endfacet
   facet normal 5.065411e-01 3.963300e-01 -7.657275e-01
      outer loop
         vertex -8.821256e+00 9.363127e+01 -1.124906e+01
         vertex -9.203256e+00 9.358483e+01 -1.152580e+01
         vertex -8.977654e+00 9.443716e+01 -1.093540e+01
      endloop
   endfacet
   facet normal 4.993483e-01 4.001330e-01 -7.684692e-01
      outer loop
         vertex -8.977654e+00 9.443716e+01 -1.093540e+01
         vertex -9.203256e+00 9.358483e+01 -1.152580e+01
         vertex -9.348874e+00 9.439101e+01 -1.120065e+01
      endloop
   endfacet
   facet normal 4.907612e-01 4.247717e-01 -7.607381e-01
      outer loop
         vertex -8.977654e+00 9.443716e+01 -1.093540e+01
         vertex -9.348874e+00 9.439101e+01 -1.120065e+01
         vertex -9.286379e+00 9.597648e+01 -1.027506e+01
      endloop
   endfacet
   facet normal 4.746922e-01 4.297158e-01 -7.681221e-01
      outer loop
         vertex -9.286379e+00 9.597648e+01 -1.027506e+01
         vertex -9.348874e+00 9.439101e+01 -1.120065e+01
         vertex -9.634575e+00 9.593270e+01 -1.051473e+01
      endloop
   endfacet
   facet normal 4.756120e-01 4.271422e-01 -7.689882e-01
      outer loop
         vertex -9.286379e+00 9.597648e+01 -1.027506e+01
         vertex -9.634575e+00 9.593270e+01 -1.051473e+01
         vertex -9.566311e+00 9.751312e+01 -9.594649e+00
      endloop
   endfacet
   facet normal 4.556735e-01 4.330724e-01 -7.776952e-01
      outer loop
         vertex -9.566311e+00 9.751312e+01 -9.594649e+00
         vertex -9.634575e+00 9.593270e+01 -1.051473e+01
         vertex -9.888894e+00 9.747245e+01 -9.806309e+00
      endloop
   endfacet
   facet normal 4.447064e-01 4.629919e-01 -7.667299e-01
      outer loop
         vertex -9.566311e+00 9.751312e+01 -9.594649e+00
         vertex -9.888894e+00 9.747245e+01 -9.806309e+00
         vertex -9.869064e+00 9.902346e+01 -8.858226e+00
      endloop
   endfacet
   facet normal 4.211063e-01 4.691240e-01 -7.762681e-01
      outer loop
         vertex -9.869064e+00 9.902346e+01 -8.858226e+00
         vertex -9.888894e+00 9.747245e+01 -9.806309e+00
         vertex -1.016288e+01 9.898587e+01 -9.040329e+00
      endloop
   endfacet
   facet normal 4.137107e-01 4.884014e-01 -7.683147e-01
      outer loop
         vertex -9.869064e+00 9.902346e+01 -8.858226e+00
         vertex -1.016288e+01 9.898587e+01 -9.040329e+00
         vertex -1.049309e+01 1.020005e+02 -7.301828e+00
      endloop
   endfacet
   facet normal 3.528182e-01 4.961508e-01 -7.933182e-01
      outer loop
         vertex -1.049309e+01 1.020005e+02 -7.301828e+00
         vertex -1.016288e+01 9.898587e+01 -9.040329e+00
         vertex -1.071956e+01 1.019700e+02 -7.421581e+00
      endloop
   endfacet
   facet normal 3.545113e-01 4.916346e-01 -7.953723e-01
      outer loop
         vertex -1.049309e+01 1.020005e+02 -7.301828e+00
         vertex -1.071956e+01 1.019700e+02 -7.421581e+00
         vertex -1.079787e+01 1.034830e+02 -6.521273e+00
      endloop
   endfacet
   facet normal 3.117498e-01 4.977444e-01 -8.093594e-01
      outer loop
         vertex -1.079787e+01 1.034830e+02 -6.521273e+00
         vertex -1.071956e+01 1.019700e+02 -7.421581e+00
         vertex -1.098470e+01 1.034572e+02 -6.609146e+00
      endloop
   endfacet
   facet normal 3.017457e-01 5.246900e-01 -7.960213e-01
      outer loop
         vertex -1.079787e+01 1.034830e+02 -6.521273e+00
         vertex -1.098470e+01 1.034572e+02 -6.609146e+00
         vertex -1.114793e+01 1.049268e+02 -5.702302e+00
      endloop
   endfacet
   facet normal 2.398349e-01 5.289452e-01 -8.140615e-01
      outer loop
         vertex -1.114793e+01 1.049268e+02 -5.702302e+00
         vertex -1.098470e+01 1.034572e+02 -6.609146e+00
         vertex -1.129151e+01 1.049056e+02 -5.758389e+00
      endloop
   endfacet
   facet normal 2.528805e-01 4.915661e-01 -8.333152e-01
      outer loop
         vertex -1.114793e+01 1.049268e+02 -5.702302e+00
         vertex -1.129151e+01 1.049056e+02 -5.758389e+00
         vertex -1.131033e+01 1.056616e+02 -5.318169e+00
      endloop
   endfacet
   facet normal 2.118847e-01 4.957367e-01 -8.422292e-01
      outer loop
         vertex -1.131033e+01 1.056616e+02 -5.318169e+00
         vertex -1.129151e+01 1.049056e+02 -5.758389e+00
         vertex -1.142909e+01 1.056435e+02 -5.358690e+00
      endloop
   endfacet
   facet normal 2.318002e-01 4.313836e-01 -8.718812e-01
      outer loop
         vertex -1.131033e+01 1.056616e+02 -5.318169e+00
         vertex -1.142909e+01 1.056435e+02 -5.358690e+00
         vertex -1.147708e+01 1.064107e+02 -4.991860e+00
      endloop
   endfacet
   facet normal 2.098886e-01 4.324153e-01 -8.769058e-01
      outer loop
         vertex -1.147708e+01 1.064107e+02 -4.991860e+00
         vertex -1.142909e+01 1.056435e+02 -5.358690e+00
         vertex -1.156413e+01 1.063973e+02 -5.019296e+00
      endloop
   endfacet
   facet normal 2.288317e-01 3.631376e-01 -9.031983e-01
      outer loop
         vertex -1.147708e+01 1.064107e+02 -4.991860e+00
         vertex -1.156413e+01 1.063973e+02 -5.019296e+00
         vertex -1.156596e+01 1.067906e+02 -4.861644e+00
      endloop
   endfacet
   facet normal 2.383679e-01 3.623234e-01 -9.010563e-01
      outer loop
         vertex -1.156596e+01 1.067906e+02 -4.861644e+00
         vertex -1.156413e+01 1.063973e+02 -5.019296e+00
         vertex -1.163532e+01 1.067800e+02 -4.884250e+00
      endloop
   endfacet
   facet normal 2.533341e-01 3.023849e-01 -9.189044e-01
      outer loop
         vertex -1.156596e+01 1.067906e+02 -4.861644e+00
         vertex -1.163532e+01 1.067800e+02 -4.884250e+00
         vertex -1.165704e+01 1.071749e+02 -4.760285e+00
      endloop
   endfacet
   facet normal 2.890400e-01 3.011502e-01 -9.087158e-01
      outer loop
         vertex -1.165704e+01 1.071749e+02 -4.760285e+00
         vertex -1.163532e+01 1.067800e+02 -4.884250e+00
         vertex -1.170961e+01 1.071670e+02 -4.779601e+00
      endloop
   endfacet
   facet normal 3.059561e-01 2.268363e-01 -9.246276e-01
      outer loop
         vertex -1.165704e+01 1.071749e+02 -4.760285e+00
         vertex -1.170961e+01 1.071670e+02 -4.779601e+00
         vertex -1.174531e+01 1.075655e+02 -4.693654e+00
      endloop
   endfacet
   facet normal 3.707459e-01 2.274283e-01 -9.004576e-01
      outer loop
         vertex -1.174531e+01 1.075655e+02 -4.693654e+00
         vertex -1.170961e+01 1.071670e+02 -4.779601e+00
         vertex -1.178510e+01 1.075599e+02 -4.711463e+00
      endloop
   endfacet
   facet normal 3.893133e-01 1.319235e-01 -9.116092e-01
      outer loop
         vertex -1.174531e+01 1.075655e+02 -4.693654e+00
         vertex -1.178510e+01 1.075599e+02 -4.711463e+00
         vertex -1.182151e+01 1.079658e+02 -4.668266e+00
      endloop
   endfacet
   facet normal 4.372224e-01 1.338514e-01 -8.893371e-01
      outer loop
         vertex -1.182151e+01 1.079658e+02 -4.668266e+00
         vertex -1.178510e+01 1.075599e+02 -4.711463e+00
         vertex -1.185716e+01 1.079610e+02 -4.686517e+00
      endloop
   endfacet
   facet normal 8.309222e-01 1.013972e-01 -5.470712e-01
      outer loop
         vertex -1.178728e+01 5.796097e+01 -4.617790e+00
         vertex -1.182098e+01 5.796412e+01 -4.668404e+00
         vertex -1.180408e+01 5.836511e+01 -4.568413e+00
      endloop
   endfacet
   facet normal 7.937619e-01 1.154557e-01 -5.971700e-01
      outer loop
         vertex -1.180408e+01 5.836511e+01 -4.568413e+00
         vertex -1.182098e+01 5.796412e+01 -4.668404e+00
         vertex -1.184154e+01 5.836787e+01 -4.617667e+00
      endloop
   endfacet
   facet normal 7.963831e-01 2.172547e-02 -6.044022e-01
      outer loop
         vertex -1.180408e+01 5.836511e+01 -4.568413e+00
         vertex -1.184154e+01 5.836787e+01 -4.617667e+00
         vertex -1.180105e+01 5.877226e+01 -4.549779e+00
      endloop
   endfacet
   facet normal 7.304068e-01 4.131840e-02 -6.817615e-01
      outer loop
         vertex -1.180105e+01 5.877226e+01 -4.549779e+00
         vertex -1.184154e+01 5.836787e+01 -4.617667e+00
         vertex -1.185065e+01 5.877475e+01 -4.602772e+00
      endloop
   endfacet
   facet normal 7.285598e-01 -3.963938e-02 -6.838343e-01
      outer loop
         vertex -1.180105e+01 5.877226e+01 -4.549779e+00
         vertex -1.185065e+01 5.877475e+01 -4.602772e+00
         vertex -1.179037e+01 5.918003e+01 -4.562038e+00
      endloop
   endfacet
   facet normal 6.835760e-01 -2.837568e-02 -7.293275e-01
      outer loop
         vertex -1.179037e+01 5.918003e+01 -4.562038e+00
         vertex -1.185065e+01 5.877475e+01 -4.602772e+00
         vertex -1.185598e+01 5.918250e+01 -4.623624e+00
      endloop
   endfacet
   facet normal 6.797672e-01 -9.089576e-02 -7.277736e-01
      outer loop
         vertex -1.179037e+01 5.918003e+01 -4.562038e+00
         vertex -1.185598e+01 5.918250e+01 -4.623624e+00
         vertex -1.177940e+01 5.958711e+01 -4.602632e+00
      endloop
   endfacet
   facet normal 6.663877e-01 -8.770691e-02 -7.404289e-01
      outer loop
         vertex -1.177940e+01 5.958711e+01 -4.602632e+00
         vertex -1.185598e+01 5.918250e+01 -4.623624e+00
         vertex -1.186182e+01 5.958987e+01 -4.677141e+00
      endloop
   endfacet
   facet normal 6.610644e-01 -1.429471e-01 -7.365867e-01
      outer loop
         vertex -1.177940e+01 5.958711e+01 -4.602632e+00
         vertex -1.186182e+01 5.958987e+01 -4.677141e+00
         vertex -1.176781e+01 6.039777e+01 -4.749552e+00
      endloop
   endfacet
   facet normal 6.903469e-01 -1.438846e-01 -7.090264e-01
      outer loop
         vertex -1.176781e+01 6.039777e+01 -4.749552e+00
         vertex -1.186182e+01 5.958987e+01 -4.677141e+00
         vertex -1.188022e+01 6.040219e+01 -4.859898e+00
      endloop
   endfacet
   facet normal 6.867030e-01 -1.714968e-01 -7.064190e-01
      outer loop
         vertex -1.176781e+01 6.039777e+01 -4.749552e+00
         vertex -1.188022e+01 6.040219e+01 -4.859898e+00
         vertex -1.176655e+01 6.120555e+01 -4.944439e+00
      endloop
   endfacet
   facet normal 7.344404e-01 -1.729726e-01 -6.562605e-01
      outer loop
         vertex -1.176655e+01 6.120555e+01 -4.944439e+00
         vertex -1.188022e+01 6.040219e+01 -4.859898e+00
         vertex -1.190229e+01 6.121290e+01 -5.098280e+00
      endloop
   endfacet
   facet normal 7.358850e-01 -1.634579e-01 -6.570805e-01
      outer loop
         vertex -1.176655e+01 6.120555e+01 -4.944439e+00
         vertex -1.190229e+01 6.121290e+01 -5.098280e+00
         vertex -1.176362e+01 6.281390e+01 -5.341251e+00
      endloop
   endfacet
   facet normal 7.946008e-01 -1.577969e-01 -5.862677e-01
      outer loop
         vertex -1.176362e+01 6.281390e+01 -5.341251e+00
         vertex -1.190229e+01 6.121290e+01 -5.098280e+00
         vertex -1.194029e+01 6.282914e+01 -5.584803e+00
      endloop
   endfacet
   facet normal 7.962201e-01 -1.473512e-01 -5.867888e-01
      outer loop
         vertex -1.176362e+01 6.281390e+01 -5.341251e+00
         vertex -1.194029e+01 6.282914e+01 -5.584803e+00
         vertex -1.178087e+01 6.437670e+01 -5.757098e+00
      endloop
   endfacet
   facet normal 8.265940e-01 -1.456739e-01 -5.436189e-01
      outer loop
         vertex -1.178087e+01 6.437670e+01 -5.757098e+00
         vertex -1.194029e+01 6.282914e+01 -5.584803e+00
         vertex -1.199535e+01 6.440053e+01 -6.089604e+00
      endloop
   endfacet
   facet normal 8.201336e-01 -1.829770e-01 -5.421257e-01
      outer loop
         vertex -1.178087e+01 6.437670e+01 -5.757098e+00
         vertex -1.199535e+01 6.440053e+01 -6.089604e+00
         vertex -1.175835e+01 6.514136e+01 -5.981118e+00
      endloop
   endfacet
   facet normal 8.302997e-01 -1.888320e-01 -5.243518e-01
      outer loop
         vertex -1.175835e+01 6.514136e+01 -5.981118e+00
         vertex -1.199535e+01 6.440053e+01 -6.089604e+00
         vertex -1.199002e+01 6.516990e+01 -6.358239e+00
      endloop
   endfacet
   facet normal 8.239485e-01 -2.188017e-01 -5.227185e-01
      outer loop
         vertex -1.175835e+01 6.514136e+01 -5.981118e+00
         vertex -1.199002e+01 6.516990e+01 -6.358239e+00
         vertex -1.170585e+01 6.589679e+01 -6.214567e+00
      endloop
   endfacet
   facet normal 8.321158e-01 -2.251306e-01 -5.068526e-01
      outer loop
         vertex -1.170585e+01 6.589679e+01 -6.214567e+00
         vertex -1.199002e+01 6.516990e+01 -6.358239e+00
         vertex -1.195365e+01 6.593018e+01 -6.636219e+00
      endloop
   endfacet
   facet normal 8.258592e-01 -2.504908e-01 -5.051841e-01
      outer loop
         vertex -1.170585e+01 6.589679e+01 -6.214567e+00
         vertex -1.195365e+01 6.593018e+01 -6.636219e+00
         vertex -1.162652e+01 6.664384e+01 -6.455307e+00
      endloop
   endfacet
   facet normal 8.324536e-01 -2.571583e-01 -4.908062e-01
      outer loop
         vertex -1.162652e+01 6.664384e+01 -6.455307e+00
         vertex -1.195365e+01 6.593018e+01 -6.636219e+00
         vertex -1.188942e+01 6.668198e+01 -6.921201e+00
      endloop
   endfacet
   facet normal 8.279159e-01 -2.735977e-01 -4.895913e-01
      outer loop
         vertex -1.162652e+01 6.664384e+01 -6.455307e+00
         vertex -1.188942e+01 6.668198e+01 -6.921201e+00
         vertex -1.152746e+01 6.738295e+01 -6.700831e+00
      endloop
   endfacet
   facet normal 8.332994e-01 -2.805404e-01 -4.763500e-01
      outer loop
         vertex -1.152746e+01 6.738295e+01 -6.700831e+00
         vertex -1.188942e+01 6.668198e+01 -6.921201e+00
         vertex -1.180446e+01 6.742548e+01 -7.210446e+00
      endloop
   endfacet
   facet normal 8.294604e-01 -2.933507e-01 -4.753323e-01
      outer loop
         vertex -1.152746e+01 6.738295e+01 -6.700831e+00
         vertex -1.180446e+01 6.742548e+01 -7.210446e+00
         vertex -1.129741e+01 6.883764e+01 -7.197145e+00
      endloop
   endfacet
   facet normal 8.408473e-01 -2.976583e-01 -4.520789e-01
      outer loop
         vertex -1.129741e+01 6.883764e+01 -7.197145e+00
         vertex -1.180446e+01 6.742548e+01 -7.210446e+00
         vertex -1.159960e+01 6.888707e+01 -7.791762e+00
      endloop
   endfacet
   facet normal 8.379212e-01 -3.068632e-01 -4.513569e-01
      outer loop
         vertex -1.129741e+01 6.883764e+01 -7.197145e+00
         vertex -1.159960e+01 6.888707e+01 -7.791762e+00
         vertex -1.116916e+01 6.955280e+01 -7.445275e+00
      endloop
   endfacet
   facet normal 8.409636e-01 -3.146297e-01 -4.402141e-01
      outer loop
         vertex -1.116916e+01 6.955280e+01 -7.445275e+00
         vertex -1.159960e+01 6.888707e+01 -7.791762e+00
         vertex -1.148244e+01 6.960467e+01 -8.080831e+00
      endloop
   endfacet
   facet normal 8.354018e-01 -3.309861e-01 -4.388075e-01
      outer loop
         vertex -1.116916e+01 6.955280e+01 -7.445275e+00
         vertex -1.148244e+01 6.960467e+01 -8.080831e+00
         vertex -1.101977e+01 7.025935e+01 -7.693797e+00
      endloop
   endfacet
   facet normal 8.377320e-01 -3.389114e-01 -4.281871e-01
      outer loop
         vertex -1.101977e+01 7.025935e+01 -7.693797e+00
         vertex -1.148244e+01 6.960467e+01 -8.080831e+00
         vertex -1.134312e+01 7.031332e+01 -8.369145e+00
      endloop
   endfacet
   facet normal 8.234790e-01 -3.765523e-01 -4.243710e-01
      outer loop
         vertex -1.101977e+01 7.025935e+01 -7.693797e+00
         vertex -1.134312e+01 7.031332e+01 -8.369145e+00
         vertex -1.082981e+01 7.095715e+01 -7.944361e+00
      endloop
   endfacet
   facet normal 8.249864e-01 -3.844181e-01 -4.142708e-01
      outer loop
         vertex -1.082981e+01 7.095715e+01 -7.944361e+00
         vertex -1.134312e+01 7.031332e+01 -8.369145e+00
         vertex -1.116226e+01 7.101312e+01 -8.658347e+00
      endloop
   endfacet
   facet normal 8.144288e-01 -4.093082e-01 -4.113060e-01
      outer loop
         vertex -1.082981e+01 7.095715e+01 -7.944361e+00
         vertex -1.116226e+01 7.101312e+01 -8.658347e+00
         vertex -1.060838e+01 7.164825e+01 -8.193658e+00
      endloop
   endfacet
   facet normal 8.153145e-01 -4.174134e-01 -4.012834e-01
      outer loop
         vertex -1.060838e+01 7.164825e+01 -8.193658e+00
         vertex -1.116226e+01 7.101312e+01 -8.658347e+00
         vertex -1.094936e+01 7.170433e+01 -8.944785e+00
      endloop
   endfacet
   facet normal 8.153244e-01 -4.173912e-01 -4.012863e-01
      outer loop
         vertex -1.060838e+01 7.164825e+01 -8.193658e+00
         vertex -1.094936e+01 7.170433e+01 -8.944785e+00
         vertex -1.014188e+01 7.302330e+01 -8.676071e+00
      endloop
   endfacet
   facet normal 8.209163e-01 -4.248247e-01 -3.816024e-01
      outer loop
         vertex -1.014188e+01 7.302330e+01 -8.676071e+00
         vertex -1.094936e+01 7.170433e+01 -8.944785e+00
         vertex -1.049953e+01 7.306825e+01 -9.495483e+00
      endloop
   endfacet
   facet normal 8.346240e-01 -3.930985e-01 -3.858449e-01
      outer loop
         vertex -1.014188e+01 7.302330e+01 -8.676071e+00
         vertex -1.049953e+01 7.306825e+01 -9.495483e+00
         vertex -9.702276e+00 7.440794e+01 -9.135826e+00
      endloop
   endfacet
   facet normal 8.395087e-01 -4.012287e-01 -3.663887e-01
      outer loop
         vertex -9.702276e+00 7.440794e+01 -9.135826e+00
         vertex -1.049953e+01 7.306825e+01 -9.495483e+00
         vertex -1.007633e+01 7.442731e+01 -1.001409e+01
      endloop
   endfacet
   facet normal 8.557809e-01 -3.591160e-01 -3.723905e-01
      outer loop
         vertex -9.702276e+00 7.440794e+01 -9.135826e+00
         vertex -1.007633e+01 7.442731e+01 -1.001409e+01
         vertex -9.305635e+00 7.581421e+01 -9.580455e+00
      endloop
   endfacet
   facet normal 8.597349e-01 -3.665396e-01 -3.556748e-01
      outer loop
         vertex -9.305635e+00 7.581421e+01 -9.580455e+00
         vertex -1.007633e+01 7.442731e+01 -1.001409e+01
         vertex -9.694655e+00 7.580111e+01 -1.050729e+01
      endloop
   endfacet
   facet normal 8.721469e-01 -3.297679e-01 -3.614042e-01
      outer loop
         vertex -9.305635e+00 7.581421e+01 -9.580455e+00
         vertex -9.694655e+00 7.580111e+01 -1.050729e+01
         vertex -8.945012e+00 7.723168e+01 -1.000358e+01
      endloop
   endfacet
   facet normal 8.752287e-01 -3.361747e-01 -3.477949e-01
      outer loop
         vertex -8.945012e+00 7.723168e+01 -1.000358e+01
         vertex -9.694655e+00 7.580111e+01 -1.050729e+01
         vertex -9.346044e+00 7.718534e+01 -1.096799e+01
      endloop
   endfacet
   facet normal 8.873194e-01 -2.945596e-01 -3.548224e-01
      outer loop
         vertex -8.945012e+00 7.723168e+01 -1.000358e+01
         vertex -9.346044e+00 7.718534e+01 -1.096799e+01
         vertex -8.628553e+00 7.862549e+01 -1.036928e+01
      endloop
   endfacet
   facet normal 8.899191e-01 -3.008341e-01 -3.428451e-01
      outer loop
         vertex -8.628553e+00 7.862549e+01 -1.036928e+01
         vertex -9.346044e+00 7.718534e+01 -1.096799e+01
         vertex -9.038259e+00 7.854132e+01 -1.135890e+01
      endloop
   endfacet
   facet normal 8.992508e-01 -2.624218e-01 -3.499755e-01
      outer loop
         vertex -8.628553e+00 7.862549e+01 -1.036928e+01
         vertex -9.038259e+00 7.854132e+01 -1.135890e+01
         vertex -8.349253e+00 8.005188e+01 -1.072118e+01
      endloop
   endfacet
   facet normal 9.011539e-01 -2.667934e-01 -3.416766e-01
      outer loop
         vertex -8.349253e+00 8.005188e+01 -1.072118e+01
         vertex -9.038259e+00 7.854132e+01 -1.135890e+01
         vertex -8.764854e+00 7.993230e+01 -1.172393e+01
      endloop
   endfacet
   facet normal 9.072123e-01 -2.366756e-01 -3.477793e-01
      outer loop
         vertex -8.349253e+00 8.005188e+01 -1.072118e+01
         vertex -8.764854e+00 7.993230e+01 -1.172393e+01
         vertex -8.220980e+00 8.081349e+01 -1.090487e+01
      endloop
   endfacet
   facet normal 9.074547e-01 -2.387121e-01 -3.457492e-01
      outer loop
         vertex -8.220980e+00 8.081349e+01 -1.090487e+01
         vertex -8.764854e+00 7.993230e+01 -1.172393e+01
         vertex -8.638518e+00 8.068244e+01 -1.191026e+01
      endloop
   endfacet
   facet normal 9.121020e-01 -2.114329e-01 -3.512350e-01
      outer loop
         vertex -8.220980e+00 8.081349e+01 -1.090487e+01
         vertex -8.638518e+00 8.068244e+01 -1.191026e+01
         vertex -8.103792e+00 8.161974e+01 -1.108589e+01
      endloop
   endfacet
   facet normal 9.121339e-01 -2.116262e-01 -3.510358e-01
      outer loop
         vertex -8.103792e+00 8.161974e+01 -1.108589e+01
         vertex -8.638518e+00 8.068244e+01 -1.191026e+01
         vertex -8.522564e+00 8.148295e+01 -1.209156e+01
      endloop
   endfacet
   facet normal 9.166218e-01 -1.792676e-01 -3.573061e-01
      outer loop
         vertex -8.103792e+00 8.161974e+01 -1.108589e+01
         vertex -8.522564e+00 8.148295e+01 -1.209156e+01
         vertex -8.001875e+00 8.247435e+01 -1.125321e+01
      endloop
   endfacet
   facet normal 9.163647e-01 -1.780707e-01 -3.585618e-01
      outer loop
         vertex -8.001875e+00 8.247435e+01 -1.125321e+01
         vertex -8.522564e+00 8.148295e+01 -1.209156e+01
         vertex -8.421133e+00 8.233788e+01 -1.225692e+01
      endloop
   endfacet
   facet normal 9.201575e-01 -1.413706e-01 -3.651362e-01
      outer loop
         vertex -8.001875e+00 8.247435e+01 -1.125321e+01
         vertex -8.421133e+00 8.233788e+01 -1.225692e+01
         vertex -7.919526e+00 8.337597e+01 -1.139477e+01
      endloop
   endfacet
   facet normal 9.196186e-01 -1.393391e-01 -3.672687e-01
      outer loop
         vertex -7.919526e+00 8.337597e+01 -1.139477e+01
         vertex -8.421133e+00 8.233788e+01 -1.225692e+01
         vertex -8.338476e+00 8.324554e+01 -1.239431e+01
      endloop
   endfacet
   facet normal 9.222340e-01 -9.983889e-02 -3.735193e-01
      outer loop
         vertex -7.919526e+00 8.337597e+01 -1.139477e+01
         vertex -8.338476e+00 8.324554e+01 -1.239431e+01
         vertex -7.860206e+00 8.431766e+01 -1.150001e+01
      endloop
   endfacet
   facet normal 9.215098e-01 -9.752023e-02 -3.759117e-01
      outer loop
         vertex -7.860206e+00 8.431766e+01 -1.150001e+01
         vertex -8.338476e+00 8.324554e+01 -1.239431e+01
         vertex -8.277996e+00 8.419798e+01 -1.249313e+01
      endloop
   endfacet
   facet normal 9.226892e-01 -5.755624e-02 -3.812241e-01
      outer loop
         vertex -7.860206e+00 8.431766e+01 -1.150001e+01
         vertex -8.277996e+00 8.419798e+01 -1.249313e+01
         vertex -7.825592e+00 8.528642e+01 -1.156250e+01
      endloop
   endfacet
   facet normal 9.219102e-01 -5.534662e-02 -3.834297e-01
      outer loop
         vertex -7.825592e+00 8.528642e+01 -1.156250e+01
         vertex -8.277996e+00 8.419798e+01 -1.249313e+01
         vertex -8.241322e+00 8.518049e+01 -1.254678e+01
      endloop
   endfacet
   facet normal 9.217505e-01 -1.825994e-02 -3.873534e-01
      outer loop
         vertex -7.825592e+00 8.528642e+01 -1.156250e+01
         vertex -8.241322e+00 8.518049e+01 -1.254678e+01
         vertex -7.814626e+00 8.626259e+01 -1.158242e+01
      endloop
   endfacet
   facet normal 9.209942e-01 -1.628414e-02 -3.892358e-01
      outer loop
         vertex -7.814626e+00 8.626259e+01 -1.158242e+01
         vertex -8.241322e+00 8.518049e+01 -1.254678e+01
         vertex -8.227355e+00 8.617110e+01 -1.255517e+01
      endloop
   endfacet
   facet normal 9.199718e-01 1.464409e-02 -3.917110e-01
      outer loop
         vertex -7.814626e+00 8.626259e+01 -1.158242e+01
         vertex -8.227355e+00 8.617110e+01 -1.255517e+01
         vertex -7.823427e+00 8.722444e+01 -1.156713e+01
      endloop
   endfacet
   facet normal 9.191847e-01 1.660224e-02 -3.934767e-01
      outer loop
         vertex -7.823427e+00 8.722444e+01 -1.156713e+01
         vertex -8.227355e+00 8.617110e+01 -1.255517e+01
         vertex -8.232183e+00 8.714558e+01 -1.252533e+01
      endloop
   endfacet
   facet normal 9.173888e-01 4.697573e-02 -3.952103e-01
      outer loop
         vertex -7.823427e+00 8.722444e+01 -1.156713e+01
         vertex -8.232183e+00 8.714558e+01 -1.252533e+01
         vertex -7.850980e+00 8.817624e+01 -1.151796e+01
      endloop
   endfacet
   facet normal 9.165625e-01 4.892106e-02 -3.968879e-01
      outer loop
         vertex -7.850980e+00 8.817624e+01 -1.151796e+01
         vertex -8.232183e+00 8.714558e+01 -1.252533e+01
         vertex -8.254755e+00 8.810871e+01 -1.245875e+01
      endloop
   endfacet
   facet normal 9.137289e-01 8.170484e-02 -3.980248e-01
      outer loop
         vertex -7.850980e+00 8.817624e+01 -1.151796e+01
         vertex -8.254755e+00 8.810871e+01 -1.245875e+01
         vertex -7.898660e+00 8.912580e+01 -1.143249e+01
      endloop
   endfacet
   facet normal 9.129170e-01 8.349192e-02 -3.995142e-01
      outer loop
         vertex -7.898660e+00 8.912580e+01 -1.143249e+01
         vertex -8.254755e+00 8.810871e+01 -1.245875e+01
         vertex -8.296458e+00 8.906939e+01 -1.235327e+01
      endloop
   endfacet
   facet normal 9.088494e-01 1.186014e-01 -3.999080e-01
      outer loop
         vertex -7.898660e+00 8.912580e+01 -1.143249e+01
         vertex -8.296458e+00 8.906939e+01 -1.235327e+01
         vertex -7.967960e+00 9.007175e+01 -1.130944e+01
      endloop
   endfacet
   facet normal 9.080773e-01 1.201862e-01 -4.011869e-01
      outer loop
         vertex -7.967960e+00 9.007175e+01 -1.130944e+01
         vertex -8.296458e+00 8.906939e+01 -1.235327e+01
         vertex -8.358844e+00 9.002642e+01 -1.220778e+01
      endloop
   endfacet
   facet normal 9.025540e-01 1.576596e-01 -4.006741e-01
      outer loop
         vertex -7.967960e+00 9.007175e+01 -1.130944e+01
         vertex -8.358844e+00 9.002642e+01 -1.220778e+01
         vertex -8.059950e+00 9.100655e+01 -1.114883e+01
      endloop
   endfacet
   facet normal 9.017697e-01 1.591627e-01 -4.018440e-01
      outer loop
         vertex -8.059950e+00 9.100655e+01 -1.114883e+01
         vertex -8.358844e+00 9.002642e+01 -1.220778e+01
         vertex -8.443080e+00 9.097191e+01 -1.202232e+01
      endloop
   endfacet
   facet normal 8.946000e-01 1.986893e-01 -4.002666e-01
      outer loop
         vertex -8.059950e+00 9.100655e+01 -1.114883e+01
         vertex -8.443080e+00 9.097191e+01 -1.202232e+01
         vertex -8.174745e+00 9.191974e+01 -1.095209e+01
      endloop
   endfacet
   facet normal 8.936331e-01 2.004233e-01 -4.015599e-01
      outer loop
         vertex -8.174745e+00 9.191974e+01 -1.095209e+01
         vertex -8.443080e+00 9.097191e+01 -1.202232e+01
         vertex -8.549399e+00 9.189465e+01 -1.179837e+01
      endloop
   endfacet
   facet normal 8.848359e-01 2.407792e-01 -3.988619e-01
      outer loop
         vertex -8.174745e+00 9.191974e+01 -1.095209e+01
         vertex -8.549399e+00 9.189465e+01 -1.179837e+01
         vertex -8.310985e+00 9.280106e+01 -1.072230e+01
      endloop
   endfacet
   facet normal 8.833711e-01 2.432412e-01 -4.006111e-01
      outer loop
         vertex -8.310985e+00 9.280106e+01 -1.072230e+01
         vertex -8.549399e+00 9.189465e+01 -1.179837e+01
         vertex -8.676550e+00 9.278360e+01 -1.153900e+01
      endloop
   endfacet
   facet normal 8.735461e-01 2.815707e-01 -3.970330e-01
      outer loop
         vertex -8.310985e+00 9.280106e+01 -1.072230e+01
         vertex -8.676550e+00 9.278360e+01 -1.153900e+01
         vertex -8.465287e+00 9.364361e+01 -1.046428e+01
      endloop
   endfacet
   facet normal 8.711228e-01 2.853959e-01 -3.996176e-01
      outer loop
         vertex -8.465287e+00 9.364361e+01 -1.046428e+01
         vertex -8.676550e+00 9.278360e+01 -1.153900e+01
         vertex -8.821256e+00 9.363127e+01 -1.124906e+01
      endloop
   endfacet
   facet normal 8.620323e-01 3.163844e-01 -3.959814e-01
      outer loop
         vertex -8.465287e+00 9.364361e+01 -1.046428e+01
         vertex -8.821256e+00 9.363127e+01 -1.124906e+01
         vertex -8.631732e+00 9.444696e+01 -1.018475e+01
      endloop
   endfacet
   facet normal 8.581941e-01 3.221092e-01 -3.996855e-01
      outer loop
         vertex -8.631732e+00 9.444696e+01 -1.018475e+01
         vertex -8.821256e+00 9.363127e+01 -1.124906e+01
         vertex -8.977654e+00 9.443716e+01 -1.093540e+01
      endloop
   endfacet
   facet normal 8.540590e-01 3.349934e-01 -3.979481e-01
      outer loop
         vertex -8.631732e+00 9.444696e+01 -1.018475e+01
         vertex -8.977654e+00 9.443716e+01 -1.093540e+01
         vertex -8.961911e+00 9.598541e+01 -9.598294e+00
      endloop
   endfacet
   facet normal 8.445601e-01 3.450403e-01 -4.094696e-01
      outer loop
         vertex -8.961911e+00 9.598541e+01 -9.598294e+00
         vertex -8.977654e+00 9.443716e+01 -1.093540e+01
         vertex -9.286379e+00 9.597648e+01 -1.027506e+01
      endloop
   endfacet
   facet normal 8.497150e-01 3.293324e-01 -4.117337e-01
      outer loop
         vertex -8.961911e+00 9.598541e+01 -9.598294e+00
         vertex -9.286379e+00 9.597648e+01 -1.027506e+01
         vertex -9.265711e+00 9.752045e+01 -8.997435e+00
      endloop
   endfacet
   facet normal 8.379262e-01 3.412494e-01 -4.259443e-01
      outer loop
         vertex -9.265711e+00 9.752045e+01 -8.997435e+00
         vertex -9.286379e+00 9.597648e+01 -1.027506e+01
         vertex -9.566311e+00 9.751312e+01 -9.594649e+00
      endloop
   endfacet
   facet normal 8.303045e-01 3.635766e-01 -4.223819e-01
      outer loop
         vertex -9.265711e+00 9.752045e+01 -8.997435e+00
         vertex -9.566311e+00 9.751312e+01 -9.594649e+00
         vertex -9.595273e+00 9.903058e+01 -8.345388e+00
      endloop
   endfacet
   facet normal 8.145569e-01 3.778784e-01 -4.401192e-01
      outer loop
         vertex -9.595273e+00 9.903058e+01 -8.345388e+00
         vertex -9.566311e+00 9.751312e+01 -9.594649e+00
         vertex -9.869064e+00 9.902346e+01 -8.858226e+00
      endloop
   endfacet
   facet normal 8.101787e-01 3.896339e-01 -4.379450e-01
      outer loop
         vertex -9.595273e+00 9.903058e+01 -8.345388e+00
         vertex -9.869064e+00 9.902346e+01 -8.858226e+00
         vertex -1.028206e+01 1.020086e+02 -6.966440e+00
      endloop
   endfacet
   facet normal 7.646699e-01 4.171046e-01 -4.912268e-01
      outer loop
         vertex -1.028206e+01 1.020086e+02 -6.966440e+00
         vertex -9.869064e+00 9.902346e+01 -8.858226e+00
         vertex -1.049309e+01 1.020005e+02 -7.301828e+00
      endloop
   endfacet
   facet normal 7.686013e-01 4.071239e-01 -4.934593e-01
      outer loop
         vertex -1.028206e+01 1.020086e+02 -6.966440e+00
         vertex -1.049309e+01 1.020005e+02 -7.301828e+00
         vertex -1.062377e+01 1.034910e+02 -6.275614e+00
      endloop
   endfacet
   facet normal 7.300328e-01 4.298155e-01 -5.313292e-01
      outer loop
         vertex -1.062377e+01 1.034910e+02 -6.275614e+00
         vertex -1.049309e+01 1.020005e+02 -7.301828e+00
         vertex -1.079787e+01 1.034830e+02 -6.521273e+00
      endloop
   endfacet
   facet normal 7.182658e-01 4.578467e-01 -5.238995e-01
      outer loop
         vertex -1.062377e+01 1.034910e+02 -6.275614e+00
         vertex -1.079787e+01 1.034830e+02 -6.521273e+00
         vertex -1.101414e+01 1.049373e+02 -5.546865e+00
      endloop
   endfacet
   facet normal 6.443199e-01 4.895082e-01 -5.875658e-01
      outer loop
         vertex -1.101414e+01 1.049373e+02 -5.546865e+00
         vertex -1.079787e+01 1.034830e+02 -6.521273e+00
         vertex -1.114793e+01 1.049268e+02 -5.702302e+00
      endloop
   endfacet
   facet normal 6.632100e-01 4.461657e-01 -6.009065e-01
      outer loop
         vertex -1.101414e+01 1.049373e+02 -5.546865e+00
         vertex -1.114793e+01 1.049268e+02 -5.702302e+00
         vertex -1.119966e+01 1.056717e+02 -5.206341e+00
      endloop
   endfacet
   facet normal 6.058946e-01 4.696358e-01 -6.421324e-01
      outer loop
         vertex -1.119966e+01 1.056717e+02 -5.206341e+00
         vertex -1.114793e+01 1.049268e+02 -5.702302e+00
         vertex -1.131033e+01 1.056616e+02 -5.318169e+00
      endloop
   endfacet
   facet normal 6.257751e-01 4.199436e-01 -6.573073e-01
      outer loop
         vertex -1.119966e+01 1.056717e+02 -5.206341e+00
         vertex -1.131033e+01 1.056616e+02 -5.318169e+00
         vertex -1.139597e+01 1.064183e+02 -4.916205e+00
      endloop
   endfacet
   facet normal 5.942113e-01 4.287071e-01 -6.805315e-01
      outer loop
         vertex -1.139597e+01 1.064183e+02 -4.916205e+00
         vertex -1.131033e+01 1.056616e+02 -5.318169e+00
         vertex -1.147708e+01 1.064107e+02 -4.991860e+00
      endloop
   endfacet
   facet normal 6.099546e-01 3.844581e-01 -6.929266e-01
      outer loop
         vertex -1.139597e+01 1.064183e+02 -4.916205e+00
         vertex -1.147708e+01 1.064107e+02 -4.991860e+00
         vertex -1.150133e+01 1.067964e+02 -4.799200e+00
      endloop
   endfacet
   facet normal 6.247568e-01 3.799903e-01 -6.821190e-01
      outer loop
         vertex -1.150133e+01 1.067964e+02 -4.799200e+00
         vertex -1.147708e+01 1.064107e+02 -4.991860e+00
         vertex -1.156596e+01 1.067906e+02 -4.861644e+00
      endloop
   endfacet
   facet normal 6.360503e-01 3.444677e-01 -6.904940e-01
      outer loop
         vertex -1.150133e+01 1.067964e+02 -4.799200e+00
         vertex -1.156596e+01 1.067906e+02 -4.861644e+00
         vertex -1.160805e+01 1.071788e+02 -4.706747e+00
      endloop
   endfacet
   facet normal 6.833927e-01 3.332625e-01 -6.495463e-01
      outer loop
         vertex -1.160805e+01 1.071788e+02 -4.706747e+00
         vertex -1.156596e+01 1.067906e+02 -4.861644e+00
         vertex -1.165704e+01 1.071749e+02 -4.760285e+00
      endloop
   endfacet
   facet normal 6.966347e-01 2.854713e-01 -6.581841e-01
      outer loop
         vertex -1.160805e+01 1.071788e+02 -4.706747e+00
         vertex -1.165704e+01 1.071749e+02 -4.760285e+00
         vertex -1.170824e+01 1.075678e+02 -4.644071e+00
      endloop
   endfacet
   facet normal 7.647003e-01 2.723932e-01 -5.839824e-01
      outer loop
         vertex -1.170824e+01 1.075678e+02 -4.644071e+00
         vertex -1.165704e+01 1.071749e+02 -4.760285e+00
         vertex -1.174531e+01 1.075655e+02 -4.693654e+00
      endloop
   endfacet
   facet normal 7.810483e-01 1.963758e-01 -5.927900e-01
      outer loop
         vertex -1.170824e+01 1.075678e+02 -4.644071e+00
         vertex -1.174531e+01 1.075655e+02 -4.693654e+00
         vertex -1.178830e+01 1.079672e+02 -4.617246e+00
      endloop
   endfacet
   facet normal 8.204859e-01 1.903707e-01 -5.390380e-01
      outer loop
         vertex -1.178830e+01 1.079672e+02 -4.617246e+00
         vertex -1.174531e+01 1.075655e+02 -4.693654e+00
         vertex -1.182151e+01 1.079658e+02 -4.668266e+00
      endloop
   endfacet
   facet normal 9.342439e-01 7.221421e-02 -3.492469e-01
      outer loop
         vertex -1.175833e+01 5.795495e+01 -4.541604e+00
         vertex -1.178728e+01 5.796097e+01 -4.617790e+00
         vertex -1.177192e+01 5.835959e+01 -4.494289e+00
      endloop
   endfacet
   facet normal 9.162874e-01 8.590392e-02 -3.912007e-01
      outer loop
         vertex -1.177192e+01 5.835959e+01 -4.494289e+00
         vertex -1.178728e+01 5.796097e+01 -4.617790e+00
         vertex -1.180408e+01 5.836511e+01 -4.568413e+00
      endloop
   endfacet
   facet normal 9.171570e-01 -6.638872e-03 -3.984708e-01
      outer loop
         vertex -1.177192e+01 5.835959e+01 -4.494289e+00
         vertex -1.180408e+01 5.836511e+01 -4.568413e+00
         vertex -1.175845e+01 5.876660e+01 -4.470069e+00
      endloop
   endfacet
   facet normal 8.823004e-01 1.495421e-02 -4.704491e-01
      outer loop
         vertex -1.175845e+01 5.876660e+01 -4.470069e+00
         vertex -1.180408e+01 5.836511e+01 -4.568413e+00
         vertex -1.180105e+01 5.877226e+01 -4.549779e+00
      endloop
   endfacet
   facet normal 8.792231e-01 -5.199908e-02 -4.735639e-01
      outer loop
         vertex -1.175845e+01 5.876660e+01 -4.470069e+00
         vertex -1.180105e+01 5.877226e+01 -4.549779e+00
         vertex -1.173403e+01 5.917373e+01 -4.469437e+00
      endloop
   endfacet
   facet normal 8.525461e-01 -3.799929e-02 -5.212689e-01
      outer loop
         vertex -1.173403e+01 5.917373e+01 -4.469437e+00
         vertex -1.180105e+01 5.877226e+01 -4.549779e+00
         vertex -1.179037e+01 5.918003e+01 -4.562038e+00
      endloop
   endfacet
   facet normal 8.491122e-01 -8.037090e-02 -5.220622e-01
      outer loop
         vertex -1.173403e+01 5.917373e+01 -4.469437e+00
         vertex -1.179037e+01 5.918003e+01 -4.562038e+00
         vertex -1.170862e+01 5.957976e+01 -4.490609e+00
      endloop
   endfacet
   facet normal 8.406741e-01 -7.612524e-02 -5.361642e-01
      outer loop
         vertex -1.170862e+01 5.957976e+01 -4.490609e+00
         vertex -1.179037e+01 5.918003e+01 -4.562038e+00
         vertex -1.177940e+01 5.958711e+01 -4.602632e+00
      endloop
   endfacet
   facet normal 8.381172e-01 -1.005206e-01 -5.361485e-01
      outer loop
         vertex -1.170862e+01 5.957976e+01 -4.490609e+00
         vertex -1.177940e+01 5.958711e+01 -4.602632e+00
         vertex -1.167128e+01 6.038705e+01 -4.583595e+00
      endloop
   endfacet
   facet normal 8.568148e-01 -1.037874e-01 -5.050708e-01
      outer loop
         vertex -1.167128e+01 6.038705e+01 -4.583595e+00
         vertex -1.177940e+01 5.958711e+01 -4.602632e+00
         vertex -1.176781e+01 6.039777e+01 -4.749552e+00
      endloop
   endfacet
   facet normal 8.567714e-01 -1.041534e-01 -5.050692e-01
      outer loop
         vertex -1.167128e+01 6.038705e+01 -4.583595e+00
         vertex -1.176781e+01 6.039777e+01 -4.749552e+00
         vertex -1.165000e+01 6.118958e+01 -4.712987e+00
      endloop
   endfacet
   facet normal 8.845597e-01 -1.106877e-01 -4.531030e-01
      outer loop
         vertex -1.165000e+01 6.118958e+01 -4.712987e+00
         vertex -1.176781e+01 6.039777e+01 -4.749552e+00
         vertex -1.176655e+01 6.120555e+01 -4.944439e+00
      endloop
   endfacet
   facet normal 8.863944e-01 -9.548025e-02 -4.529774e-01
      outer loop
         vertex -1.165000e+01 6.118958e+01 -4.712987e+00
         vertex -1.176655e+01 6.120555e+01 -4.944439e+00
         vertex -1.161191e+01 6.278448e+01 -4.974640e+00
      endloop
   endfacet
   facet normal 9.168532e-01 -9.720547e-02 -3.872097e-01
      outer loop
         vertex -1.161191e+01 6.278448e+01 -4.974640e+00
         vertex -1.176655e+01 6.120555e+01 -4.944439e+00
         vertex -1.176362e+01 6.281390e+01 -5.341251e+00
      endloop
   endfacet
   facet normal 9.188687e-01 -7.896874e-02 -3.865802e-01
      outer loop
         vertex -1.161191e+01 6.278448e+01 -4.974640e+00
         vertex -1.176362e+01 6.281390e+01 -5.341251e+00
         vertex -1.159669e+01 6.433856e+01 -5.255934e+00
      endloop
   endfacet
   facet normal 9.333620e-01 -8.264202e-02 -3.492931e-01
      outer loop
         vertex -1.159669e+01 6.433856e+01 -5.255934e+00
         vertex -1.176362e+01 6.281390e+01 -5.341251e+00
         vertex -1.178087e+01 6.437670e+01 -5.757098e+00
      endloop
   endfacet
   facet normal 9.291916e-01 -1.175266e-01 -3.504148e-01
      outer loop
         vertex -1.159669e+01 6.433856e+01 -5.255934e+00
         vertex -1.178087e+01 6.437670e+01 -5.757098e+00
         vertex -1.155941e+01 6.509986e+01 -5.412407e+00
      endloop
   endfacet
   facet normal 9.335132e-01 -1.258491e-01 -3.357309e-01
      outer loop
         vertex -1.155941e+01 6.509986e+01 -5.412407e+00
         vertex -1.178087e+01 6.437670e+01 -5.757098e+00
         vertex -1.175835e+01 6.514136e+01 -5.981118e+00
      endloop
   endfacet
   facet normal 9.287377e-01 -1.561085e-01 -3.362684e-01
      outer loop
         vertex -1.155941e+01 6.509986e+01 -5.412407e+00
         vertex -1.175835e+01 6.514136e+01 -5.981118e+00
         vertex -1.149306e+01 6.585235e+01 -5.578475e+00
      endloop
   endfacet
   facet normal 9.318812e-01 -1.646590e-01 -3.232411e-01
      outer loop
         vertex -1.149306e+01 6.585235e+01 -5.578475e+00
         vertex -1.175835e+01 6.514136e+01 -5.981118e+00
         vertex -1.170585e+01 6.589679e+01 -6.214567e+00
      endloop
   endfacet
   facet normal 9.240451e-01 -2.039068e-01 -3.233615e-01
      outer loop
         vertex -1.149306e+01 6.585235e+01 -5.578475e+00
         vertex -1.170585e+01 6.589679e+01 -6.214567e+00
         vertex -1.128959e+01 6.733485e+01 -5.931892e+00
      endloop
   endfacet
   facet normal 9.232431e-01 -2.031307e-01 -3.261289e-01
      outer loop
         vertex -1.170585e+01 6.589679e+01 -6.214567e+00
         vertex -1.162652e+01 6.664384e+01 -6.455307e+00
         vertex -1.128959e+01 6.733485e+01 -5.931892e+00
      endloop
   endfacet
   facet normal 9.269775e-01 -2.241535e-01 -3.007788e-01
      outer loop
         vertex -1.128959e+01 6.733485e+01 -5.931892e+00
         vertex -1.162652e+01 6.664384e+01 -6.455307e+00
         vertex -1.152746e+01 6.738295e+01 -6.700831e+00
      endloop
   endfacet
   facet normal 9.241331e-01 -2.357990e-01 -3.006274e-01
      outer loop
         vertex -1.128959e+01 6.733485e+01 -5.931892e+00
         vertex -1.152746e+01 6.738295e+01 -6.700831e+00
         vertex -1.103791e+01 6.879094e+01 -6.300301e+00
      endloop
   endfacet
   facet normal 9.284057e-01 -2.427896e-01 -2.812756e-01
      outer loop
         vertex -1.103791e+01 6.879094e+01 -6.300301e+00
         vertex -1.152746e+01 6.738295e+01 -6.700831e+00
         vertex -1.129741e+01 6.883764e+01 -7.197145e+00
      endloop
   endfacet
   facet normal 9.263171e-01 -2.508476e-01 -2.810908e-01
      outer loop
         vertex -1.103791e+01 6.879094e+01 -6.300301e+00
         vertex -1.129741e+01 6.883764e+01 -7.197145e+00
         vertex -1.090014e+01 6.950894e+01 -6.487039e+00
      endloop
   endfacet
   facet normal 9.263685e-01 -2.604947e-01 -2.719997e-01
      outer loop
         vertex -1.090014e+01 6.950894e+01 -6.487039e+00
         vertex -1.129741e+01 6.883764e+01 -7.197145e+00
         vertex -1.116916e+01 6.955280e+01 -7.445275e+00
      endloop
   endfacet
   facet normal 9.216345e-01 -2.773256e-01 -2.714411e-01
      outer loop
         vertex -1.090014e+01 6.950894e+01 -6.487039e+00
         vertex -1.116916e+01 6.955280e+01 -7.445275e+00
         vertex -1.074210e+01 7.021916e+01 -6.676053e+00
      endloop
   endfacet
   facet normal 9.211664e-01 -2.871619e-01 -2.626603e-01
      outer loop
         vertex -1.074210e+01 7.021916e+01 -6.676053e+00
         vertex -1.116916e+01 6.955280e+01 -7.445275e+00
         vertex -1.101977e+01 7.025935e+01 -7.693797e+00
      endloop
   endfacet
   facet normal 9.081116e-01 -3.276732e-01 -2.606982e-01
      outer loop
         vertex -1.074210e+01 7.021916e+01 -6.676053e+00
         vertex -1.101977e+01 7.025935e+01 -7.693797e+00
         vertex -1.054433e+01 7.092078e+01 -6.869016e+00
      endloop
   endfacet
   facet normal 9.069367e-01 -3.374436e-01 -2.521856e-01
      outer loop
         vertex -1.054433e+01 7.092078e+01 -6.869016e+00
         vertex -1.101977e+01 7.025935e+01 -7.693797e+00
         vertex -1.082981e+01 7.095715e+01 -7.944361e+00
      endloop
   endfacet
   facet normal 8.970100e-01 -3.642048e-01 -2.504553e-01
      outer loop
         vertex -1.054433e+01 7.092078e+01 -6.869016e+00
         vertex -1.082981e+01 7.095715e+01 -7.944361e+00
         vertex -1.031557e+01 7.161766e+01 -7.063095e+00
      endloop
   endfacet
   facet normal 8.952483e-01 -3.741272e-01 -2.419904e-01
      outer loop
         vertex -1.031557e+01 7.161766e+01 -7.063095e+00
         vertex -1.082981e+01 7.095715e+01 -7.944361e+00
         vertex -1.060838e+01 7.164825e+01 -8.193658e+00
      endloop
   endfacet
   facet normal 8.953867e-01 -3.737787e-01 -2.420169e-01
      outer loop
         vertex -1.031557e+01 7.161766e+01 -7.063095e+00
         vertex -1.060838e+01 7.164825e+01 -8.193658e+00
         vertex -9.834770e+00 7.301619e+01 -7.444226e+00
      endloop
   endfacet
   facet normal 8.957797e-01 -3.830282e-01 -2.255395e-01
      outer loop
         vertex -9.834770e+00 7.301619e+01 -7.444226e+00
         vertex -1.060838e+01 7.164825e+01 -8.193658e+00
         vertex -1.014188e+01 7.302330e+01 -8.676071e+00
      endloop
   endfacet
   facet normal 9.086261e-01 -3.495196e-01 -2.285489e-01
      outer loop
         vertex -9.834770e+00 7.301619e+01 -7.444226e+00
         vertex -1.014188e+01 7.302330e+01 -8.676071e+00
         vertex -9.381074e+00 7.443920e+01 -7.816701e+00
      endloop
   endfacet
   facet normal 9.087065e-01 -3.591472e-01 -2.127576e-01
      outer loop
         vertex -9.381074e+00 7.443920e+01 -7.816701e+00
         vertex -1.014188e+01 7.302330e+01 -8.676071e+00
         vertex -9.702276e+00 7.440794e+01 -9.135826e+00
      endloop
   endfacet
   facet normal 9.233977e-01 -3.163803e-01 -2.173482e-01
      outer loop
         vertex -9.381074e+00 7.443920e+01 -7.816701e+00
         vertex -9.702276e+00 7.440794e+01 -9.135826e+00
         vertex -8.971577e+00 7.589021e+01 -8.189107e+00
      endloop
   endfacet
   facet normal 9.234700e-01 -3.249584e-01 -2.039734e-01
      outer loop
         vertex -8.971577e+00 7.589021e+01 -8.189107e+00
         vertex -9.702276e+00 7.440794e+01 -9.135826e+00
         vertex -9.305635e+00 7.581421e+01 -9.580455e+00
      endloop
   endfacet
   facet normal 9.342707e-01 -2.892381e-01 -2.085176e-01
      outer loop
         vertex -8.971577e+00 7.589021e+01 -8.189107e+00
         vertex -9.305635e+00 7.581421e+01 -9.580455e+00
         vertex -8.600639e+00 7.735307e+01 -8.556268e+00
      endloop
   endfacet
   facet normal 9.343537e-01 -2.966491e-01 -1.974397e-01
      outer loop
         vertex -8.600639e+00 7.735307e+01 -8.556268e+00
         vertex -9.305635e+00 7.581421e+01 -9.580455e+00
         vertex -8.945012e+00 7.723168e+01 -1.000358e+01
      endloop
   endfacet
   facet normal 9.446300e-01 -2.576883e-01 -2.031525e-01
      outer loop
         vertex -8.600639e+00 7.735307e+01 -8.556268e+00
         vertex -8.945012e+00 7.723168e+01 -1.000358e+01
         vertex -8.276730e+00 7.879938e+01 -8.884710e+00
      endloop
   endfacet
   facet normal 9.447417e-01 -2.650971e-01 -1.928385e-01
      outer loop
         vertex -8.276730e+00 7.879938e+01 -8.884710e+00
         vertex -8.945012e+00 7.723168e+01 -1.000358e+01
         vertex -8.628553e+00 7.862549e+01 -1.036928e+01
      endloop
   endfacet
   facet normal 9.529366e-01 -2.286749e-01 -1.990470e-01
      outer loop
         vertex -8.276730e+00 7.879938e+01 -8.884710e+00
         vertex -8.628553e+00 7.862549e+01 -1.036928e+01
         vertex -7.992369e+00 8.027355e+01 -9.216927e+00
      endloop
   endfacet
   facet normal 9.185564e-01 2.067535e-01 -3.369082e-01
      outer loop
         vertex -1.178830e+01 1.079672e+02 -4.617246e+00
         vertex -1.175978e+01 1.079652e+02 -4.540688e+00
         vertex -1.170824e+01 1.075678e+02 -4.644071e+00
      endloop
   endfacet
   facet normal 8.986407e-01 2.158730e-01 -3.818949e-01
      outer loop
         vertex -1.170824e+01 1.075678e+02 -4.644071e+00
         vertex -1.175978e+01 1.079652e+02 -4.540688e+00
         vertex -1.167641e+01 1.075668e+02 -4.569734e+00
      endloop
   endfacet
   facet normal 8.818944e-01 2.873569e-01 -3.737490e-01
      outer loop
         vertex -1.170824e+01 1.075678e+02 -4.644071e+00
         vertex -1.167641e+01 1.075668e+02 -4.569734e+00
         vertex -1.160805e+01 1.071788e+02 -4.706747e+00
      endloop
   endfacet
   facet normal 8.432725e-01 3.048839e-01 -4.426480e-01
      outer loop
         vertex -1.160805e+01 1.071788e+02 -4.706747e+00
         vertex -1.167641e+01 1.075668e+02 -4.569734e+00
         vertex -1.156599e+01 1.071788e+02 -4.626557e+00
      endloop
   endfacet
   facet normal 8.332075e-01 3.383006e-01 -4.373992e-01
      outer loop
         vertex -1.160805e+01 1.071788e+02 -4.706747e+00
         vertex -1.156599e+01 1.071788e+02 -4.626557e+00
         vertex -1.150133e+01 1.067964e+02 -4.799200e+00
      endloop
   endfacet
   facet normal 8.026723e-01 3.527756e-01 -4.809019e-01
      outer loop
         vertex -1.150133e+01 1.067964e+02 -4.799200e+00
         vertex -1.156599e+01 1.071788e+02 -4.626557e+00
         vertex -1.144583e+01 1.067975e+02 -4.705743e+00
      endloop
   endfacet
   facet normal 7.968669e-01 3.699254e-01 -4.776593e-01
      outer loop
         vertex -1.150133e+01 1.067964e+02 -4.799200e+00
         vertex -1.144583e+01 1.067975e+02 -4.705743e+00
         vertex -1.139597e+01 1.064183e+02 -4.916205e+00
      endloop
   endfacet
   facet normal 7.864145e-01 3.756100e-01 -4.903768e-01
      outer loop
         vertex -1.139597e+01 1.064183e+02 -4.916205e+00
         vertex -1.144583e+01 1.067975e+02 -4.705743e+00
         vertex -1.132631e+01 1.064203e+02 -4.803018e+00
      endloop
   endfacet
   facet normal 7.797154e-01 3.940726e-01 -4.865703e-01
      outer loop
         vertex -1.139597e+01 1.064183e+02 -4.916205e+00
         vertex -1.132631e+01 1.064203e+02 -4.803018e+00
         vertex -1.119966e+01 1.056717e+02 -5.206341e+00
      endloop
   endfacet
   facet normal 8.009335e-01 3.833272e-01 -4.599628e-01
      outer loop
         vertex -1.119966e+01 1.056717e+02 -5.206341e+00
         vertex -1.132631e+01 1.064203e+02 -4.803018e+00
         vertex -1.110462e+01 1.056739e+02 -5.039004e+00
      endloop
   endfacet
   facet normal 7.905848e-01 4.104314e-01 -4.544465e-01
      outer loop
         vertex -1.119966e+01 1.056717e+02 -5.206341e+00
         vertex -1.110462e+01 1.056739e+02 -5.039004e+00
         vertex -1.101414e+01 1.049373e+02 -5.546865e+00
      endloop
   endfacet
   facet normal 8.281393e-01 3.835424e-01 -4.087549e-01
      outer loop
         vertex -1.101414e+01 1.049373e+02 -5.546865e+00
         vertex -1.110462e+01 1.056739e+02 -5.039004e+00
         vertex -1.089925e+01 1.049373e+02 -5.314060e+00
      endloop
   endfacet
   facet normal 8.130894e-01 4.216833e-01 -4.013338e-01
      outer loop
         vertex -1.101414e+01 1.049373e+02 -5.546865e+00
         vertex -1.089925e+01 1.049373e+02 -5.314060e+00
         vertex -1.062377e+01 1.034910e+02 -6.275614e+00
      endloop
   endfacet
   facet normal 8.571248e-01 3.882863e-01 -3.384832e-01
      outer loop
         vertex -1.062377e+01 1.034910e+02 -6.275614e+00
         vertex -1.089925e+01 1.049373e+02 -5.314060e+00
         vertex -1.047426e+01 1.034823e+02 -5.906991e+00
      endloop
   endfacet
   facet normal 8.674867e-01 3.599663e-01 -3.433526e-01
      outer loop
         vertex -1.062377e+01 1.034910e+02 -6.275614e+00
         vertex -1.047426e+01 1.034823e+02 -5.906991e+00
         vertex -1.028206e+01 1.020086e+02 -6.966440e+00
      endloop
   endfacet
   facet normal 8.877160e-01 3.394007e-01 -3.110748e-01
      outer loop
         vertex -1.028206e+01 1.020086e+02 -6.966440e+00
         vertex -1.047426e+01 1.034823e+02 -5.906991e+00
         vertex -1.010084e+01 1.019960e+02 -6.462979e+00
      endloop
   endfacet
   facet normal 8.849641e-01 3.475810e-01 -3.098805e-01
      outer loop
         vertex -1.028206e+01 1.020086e+02 -6.966440e+00
         vertex -1.010084e+01 1.019960e+02 -6.462979e+00
         vertex -9.595273e+00 9.903058e+01 -8.345388e+00
      endloop
   endfacet
   facet normal 9.070560e-01 3.247321e-01 -2.679523e-01
      outer loop
         vertex -9.595273e+00 9.903058e+01 -8.345388e+00
         vertex -1.010084e+01 1.019960e+02 -6.462979e+00
         vertex -9.360163e+00 9.900984e+01 -7.574647e+00
      endloop
   endfacet
   facet normal 9.101736e-01 3.148524e-01 -2.691691e-01
      outer loop
         vertex -9.595273e+00 9.903058e+01 -8.345388e+00
         vertex -9.360163e+00 9.900984e+01 -7.574647e+00
         vertex -9.265711e+00 9.752045e+01 -8.997435e+00
      endloop
   endfacet
   facet normal 9.179846e-01 3.028552e-01 -2.560917e-01
      outer loop
         vertex -9.265711e+00 9.752045e+01 -8.997435e+00
         vertex -9.360163e+00 9.900984e+01 -7.574647e+00
         vertex -9.007580e+00 9.749729e+01 -8.099525e+00
      endloop
   endfacet
   facet normal 9.234725e-01 2.838165e-01 -2.581604e-01
      outer loop
         vertex -9.265711e+00 9.752045e+01 -8.997435e+00
         vertex -9.007580e+00 9.749729e+01 -8.099525e+00
         vertex -8.961911e+00 9.598541e+01 -9.598294e+00
      endloop
   endfacet
   facet normal 9.291246e-01 2.741001e-01 -2.481868e-01
      outer loop
         vertex -8.961911e+00 9.598541e+01 -9.598294e+00
         vertex -9.007580e+00 9.749729e+01 -8.099525e+00
         vertex -8.683286e+00 9.596241e+01 -8.580619e+00
      endloop
   endfacet
   facet normal 9.240596e-01 2.922428e-01 -2.463900e-01
      outer loop
         vertex -8.961911e+00 9.598541e+01 -9.598294e+00
         vertex -8.683286e+00 9.596241e+01 -8.580619e+00
         vertex -8.631732e+00 9.444696e+01 -1.018475e+01
      endloop
   endfacet
   facet normal 9.287465e-01 2.839161e-01 -2.383730e-01
      outer loop
         vertex -8.631732e+00 9.444696e+01 -1.018475e+01
         vertex -8.683286e+00 9.596241e+01 -8.580619e+00
         vertex -8.334682e+00 9.442341e+01 -9.055440e+00
      endloop
   endfacet
   facet normal 9.309194e-01 2.760731e-01 -2.391081e-01
      outer loop
         vertex -8.631732e+00 9.444696e+01 -1.018475e+01
         vertex -8.334682e+00 9.442341e+01 -9.055440e+00
         vertex -8.465287e+00 9.364361e+01 -1.046428e+01
      endloop
   endfacet
   facet normal 9.326998e-01 2.718875e-01 -2.369564e-01
      outer loop
         vertex -8.465287e+00 9.364361e+01 -1.046428e+01
         vertex -8.334682e+00 9.442341e+01 -9.055440e+00
         vertex -8.159611e+00 9.362442e+01 -9.283100e+00
      endloop
   endfacet
   facet normal 9.394892e-01 2.452949e-01 -2.391453e-01
      outer loop
         vertex -8.465287e+00 9.364361e+01 -1.046428e+01
         vertex -8.159611e+00 9.362442e+01 -9.283100e+00
         vertex -8.310985e+00 9.280106e+01 -1.072230e+01
      endloop
   endfacet
   facet normal 9.402351e-01 2.434051e-01 -2.381427e-01
      outer loop
         vertex -8.310985e+00 9.280106e+01 -1.072230e+01
         vertex -8.159611e+00 9.362442e+01 -9.283100e+00
         vertex -7.997066e+00 9.279170e+01 -9.492461e+00
      endloop
   endfacet
   facet normal 9.478752e-01 2.091958e-01 -2.403533e-01
      outer loop
         vertex -8.310985e+00 9.280106e+01 -1.072230e+01
         vertex -7.997066e+00 9.279170e+01 -9.492461e+00
         vertex -8.174745e+00 9.191974e+01 -1.095209e+01
      endloop
   endfacet
   facet normal 9.480141e-01 2.088109e-01 -2.401403e-01
      outer loop
         vertex -8.174745e+00 9.191974e+01 -1.095209e+01
         vertex -7.997066e+00 9.279170e+01 -9.492461e+00
         vertex -7.853024e+00 9.192549e+01 -9.677022e+00
      endloop
   endfacet
   facet normal 9.549567e-01 1.721217e-01 -2.417268e-01
      outer loop
         vertex -8.174745e+00 9.191974e+01 -1.095209e+01
         vertex -7.853024e+00 9.192549e+01 -9.677022e+00
         vertex -8.059950e+00 9.100655e+01 -1.114883e+01
      endloop
   endfacet
   facet normal 9.548801e-01 1.723561e-01 -2.418624e-01
      outer loop
         vertex -8.059950e+00 9.100655e+01 -1.114883e+01
         vertex -7.853024e+00 9.192549e+01 -9.677022e+00
         vertex -7.730948e+00 9.103154e+01 -9.832105e+00
      endloop
   endfacet
   facet normal 9.605214e-01 1.362013e-01 -2.425856e-01
      outer loop
         vertex -8.059950e+00 9.100655e+01 -1.114883e+01
         vertex -7.730948e+00 9.103154e+01 -9.832105e+00
         vertex -7.967960e+00 9.007175e+01 -1.130944e+01
      endloop
   endfacet
   facet normal 9.604682e-01 1.363822e-01 -2.426946e-01
      outer loop
         vertex -7.967960e+00 9.007175e+01 -1.130944e+01
         vertex -7.730948e+00 9.103154e+01 -9.832105e+00
         vertex -7.632301e+00 9.011857e+01 -9.954753e+00
      endloop
   endfacet
   facet normal 9.647324e-01 1.022293e-01 -2.425706e-01
      outer loop
         vertex -7.967960e+00 9.007175e+01 -1.130944e+01
         vertex -7.632301e+00 9.011857e+01 -9.954753e+00
         vertex -7.898660e+00 8.912580e+01 -1.143249e+01
      endloop
   endfacet
   facet normal 9.647978e-01 1.019807e-01 -2.424154e-01
      outer loop
         vertex -7.898660e+00 8.912580e+01 -1.143249e+01
         vertex -7.632301e+00 9.011857e+01 -9.954753e+00
         vertex -7.557064e+00 8.919554e+01 -1.004362e+01
      endloop
   endfacet
   facet normal 9.678301e-01 7.033979e-02 -2.415724e-01
      outer loop
         vertex -7.898660e+00 8.912580e+01 -1.143249e+01
         vertex -7.557064e+00 8.919554e+01 -1.004362e+01
         vertex -7.850980e+00 8.817624e+01 -1.151796e+01
      endloop
   endfacet
   facet normal 9.680130e-01 6.955497e-02 -2.410663e-01
      outer loop
         vertex -7.850980e+00 8.817624e+01 -1.151796e+01
         vertex -7.557064e+00 8.919554e+01 -1.004362e+01
         vertex -7.504250e+00 8.826903e+01 -1.009887e+01
      endloop
   endfacet
   facet normal 9.700150e-01 4.046230e-02 -2.396532e-01
      outer loop
         vertex -7.850980e+00 8.817624e+01 -1.151796e+01
         vertex -7.504250e+00 8.826903e+01 -1.009887e+01
         vertex -7.823427e+00 8.722444e+01 -1.156713e+01
      endloop
   endfacet
   facet normal 9.702677e-01 3.923267e-02 -2.388333e-01
      outer loop
         vertex -7.823427e+00 8.722444e+01 -1.156713e+01
         vertex -7.504250e+00 8.826903e+01 -1.009887e+01
         vertex -7.472421e+00 8.734059e+01 -1.012207e+01
      endloop
   endfacet
   facet normal 9.714321e-01 1.265550e-02 -2.369798e-01
      outer loop
         vertex -7.823427e+00 8.722444e+01 -1.156713e+01
         vertex -7.472421e+00 8.734059e+01 -1.012207e+01
         vertex -7.814626e+00 8.626259e+01 -1.158242e+01
      endloop
   endfacet
   facet normal 9.717036e-01 1.116028e-02 -2.359397e-01
      outer loop
         vertex -7.814626e+00 8.626259e+01 -1.158242e+01
         vertex -7.472421e+00 8.734059e+01 -1.012207e+01
         vertex -7.460208e+00 8.640420e+01 -1.011607e+01
      endloop
   endfacet
   facet normal 9.722361e-01 -1.568640e-02 -2.334758e-01
      outer loop
         vertex -7.814626e+00 8.626259e+01 -1.158242e+01
         vertex -7.460208e+00 8.640420e+01 -1.011607e+01
         vertex -7.825592e+00 8.528642e+01 -1.156250e+01
      endloop
   endfacet
   facet normal 9.725242e-01 -1.750553e-02 -2.321428e-01
      outer loop
         vertex -7.825592e+00 8.528642e+01 -1.156250e+01
         vertex -7.460208e+00 8.640420e+01 -1.011607e+01
         vertex -7.468597e+00 8.545650e+01 -1.007975e+01
      endloop
   endfacet
   facet normal 9.723042e-01 -4.947383e-02 -2.284228e-01
      outer loop
         vertex -7.825592e+00 8.528642e+01 -1.156250e+01
         vertex -7.468597e+00 8.545650e+01 -1.007975e+01
         vertex -7.860206e+00 8.431766e+01 -1.150001e+01
      endloop
   endfacet
   facet normal 9.726108e-01 -5.188353e-02 -2.265751e-01
      outer loop
         vertex -7.860206e+00 8.431766e+01 -1.150001e+01
         vertex -7.468597e+00 8.545650e+01 -1.007975e+01
         vertex -7.501442e+00 8.451512e+01 -1.000518e+01
      endloop
   endfacet
   facet normal 9.713044e-01 -8.596903e-02 -2.217592e-01
      outer loop
         vertex -7.860206e+00 8.431766e+01 -1.150001e+01
         vertex -7.501442e+00 8.451512e+01 -1.000518e+01
         vertex -7.919526e+00 8.337597e+01 -1.139477e+01
      endloop
   endfacet
   facet normal 9.715564e-01 -8.876651e-02 -2.195417e-01
      outer loop
         vertex -7.919526e+00 8.337597e+01 -1.139477e+01
         vertex -7.501442e+00 8.451512e+01 -1.000518e+01
         vertex -7.559766e+00 8.359583e+01 -9.891589e+00
      endloop
   endfacet
   facet normal 9.691499e-01 -1.221298e-01 -2.140860e-01
      outer loop
         vertex -7.919526e+00 8.337597e+01 -1.139477e+01
         vertex -7.559766e+00 8.359583e+01 -9.891589e+00
         vertex -8.001875e+00 8.247435e+01 -1.125321e+01
      endloop
   endfacet
   facet normal 9.692801e-01 -1.247291e-01 -2.119874e-01
      outer loop
         vertex -8.001875e+00 8.247435e+01 -1.125321e+01
         vertex -7.559766e+00 8.359583e+01 -9.891589e+00
         vertex -7.641849e+00 8.270890e+01 -9.745053e+00
      endloop
   endfacet
   facet normal 9.660133e-01 -1.556131e-01 -2.064044e-01
      outer loop
         vertex -8.001875e+00 8.247435e+01 -1.125321e+01
         vertex -7.641849e+00 8.270890e+01 -9.745053e+00
         vertex -8.103792e+00 8.161974e+01 -1.108589e+01
      endloop
   endfacet
   facet normal 9.660303e-01 -1.572556e-01 -2.050761e-01
      outer loop
         vertex -8.103792e+00 8.161974e+01 -1.108589e+01
         vertex -7.641849e+00 8.270890e+01 -9.745053e+00
         vertex -7.744185e+00 8.185966e+01 -9.575901e+00
      endloop
   endfacet
   facet normal 9.622631e-01 -1.847269e-01 -1.998141e-01
      outer loop
         vertex -8.103792e+00 8.161974e+01 -1.108589e+01
         vertex -7.744185e+00 8.185966e+01 -9.575901e+00
         vertex -8.220980e+00 8.081349e+01 -1.090487e+01
      endloop
   endfacet
   facet normal 9.619466e-01 -1.940542e-01 -1.923581e-01
      outer loop
         vertex -8.220980e+00 8.081349e+01 -1.090487e+01
         vertex -7.744185e+00 8.185966e+01 -9.575901e+00
         vertex -7.992369e+00 8.027355e+01 -9.216927e+00
      endloop
   endfacet
   facet normal 9.580182e-01 -2.087531e-01 -1.965280e-01
      outer loop
         vertex -8.220980e+00 8.081349e+01 -1.090487e+01
         vertex -7.992369e+00 8.027355e+01 -9.216927e+00
         vertex -8.349253e+00 8.005188e+01 -1.072118e+01
      endloop
   endfacet
   facet normal 9.531746e-01 -2.339252e-01 -1.916695e-01
      outer loop
         vertex -8.349253e+00 8.005188e+01 -1.072118e+01
         vertex -7.992369e+00 8.027355e+01 -9.216927e+00
         vertex -8.628553e+00 7.862549e+01 -1.036928e+01
      endloop
   endfacet
   facet normal 9.517122e-01 2.151056e-01 -2.190283e-01
      outer loop
         vertex -1.175978e+01 1.079652e+02 -4.540688e+00
         vertex -1.173789e+01 1.079607e+02 -4.450021e+00
         vertex -1.167641e+01 1.075668e+02 -4.569734e+00
      endloop
   endfacet
   facet normal 9.415129e-01 2.235724e-01 -2.521288e-01
      outer loop
         vertex -1.167641e+01 1.075668e+02 -4.569734e+00
         vertex -1.173789e+01 1.079607e+02 -4.450021e+00
         vertex -1.165198e+01 1.075631e+02 -4.481732e+00
      endloop
   endfacet
   facet normal 9.227701e-01 2.983904e-01 -2.438413e-01
      outer loop
         vertex -1.167641e+01 1.075668e+02 -4.569734e+00
         vertex -1.165198e+01 1.075631e+02 -4.481732e+00
         vertex -1.156599e+01 1.071788e+02 -4.626557e+00
      endloop
   endfacet
   facet normal 9.020744e-01 3.136057e-01 -2.965016e-01
      outer loop
         vertex -1.156599e+01 1.071788e+02 -4.626557e+00
         vertex -1.165198e+01 1.075631e+02 -4.481732e+00
         vertex -1.153371e+01 1.071757e+02 -4.531670e+00
      endloop
   endfacet
   facet normal 8.929874e-01 3.421048e-01 -2.924683e-01
      outer loop
         vertex -1.156599e+01 1.071788e+02 -4.626557e+00
         vertex -1.153371e+01 1.071757e+02 -4.531670e+00
         vertex -1.144583e+01 1.067975e+02 -4.705743e+00
      endloop
   endfacet
   facet normal 8.660537e-01 3.606133e-01 -3.462788e-01
      outer loop
         vertex -1.144583e+01 1.067975e+02 -4.705743e+00
         vertex -1.153371e+01 1.071757e+02 -4.531670e+00
         vertex -1.127287e+01 1.064172e+02 -4.669158e+00
      endloop
   endfacet
   facet normal 9.144145e-01 -7.190408e-02 -3.983414e-01
      outer loop
         vertex -1.172577e+01 5.875880e+01 -4.375563e+00
         vertex -1.173403e+01 5.917373e+01 -4.469437e+00
         vertex -1.165431e+01 5.956927e+01 -4.357818e+00
      endloop
   endfacet
   facet normal 9.206231e-01 -7.757854e-02 -3.826679e-01
      outer loop
         vertex -1.165431e+01 5.956927e+01 -4.357818e+00
         vertex -1.173403e+01 5.917373e+01 -4.469437e+00
         vertex -1.170862e+01 5.957976e+01 -4.490609e+00
      endloop
   endfacet
   facet normal 9.204492e-01 -7.930141e-02 -3.827330e-01
      outer loop
         vertex -1.165431e+01 5.956927e+01 -4.357818e+00
         vertex -1.170862e+01 5.957976e+01 -4.490609e+00
         vertex -1.159721e+01 6.037207e+01 -4.386840e+00
      endloop
   endfacet
   facet normal 9.304339e-01 -8.411824e-02 -3.566749e-01
      outer loop
         vertex -1.159721e+01 6.037207e+01 -4.386840e+00
         vertex -1.170862e+01 5.957976e+01 -4.490609e+00
         vertex -1.167128e+01 6.038705e+01 -4.583595e+00
      endloop
   endfacet
   facet normal 9.321671e-01 -6.605258e-02 -3.559516e-01
      outer loop
         vertex -1.159721e+01 6.037207e+01 -4.386840e+00
         vertex -1.167128e+01 6.038705e+01 -4.583595e+00
         vertex -1.156056e+01 6.116791e+01 -4.438540e+00
      endloop
   endfacet
   facet normal 9.462739e-01 -7.577873e-02 -3.143617e-01
      outer loop
         vertex -1.156056e+01 6.116791e+01 -4.438540e+00
         vertex -1.167128e+01 6.038705e+01 -4.583595e+00
         vertex -1.165000e+01 6.118958e+01 -4.712987e+00
      endloop
   endfacet
   facet normal 9.477324e-01 -5.919372e-02 -3.135275e-01
      outer loop
         vertex -1.156056e+01 6.116791e+01 -4.438540e+00
         vertex -1.165000e+01 6.118958e+01 -4.712987e+00
         vertex -1.149550e+01 6.274596e+01 -4.539819e+00
      endloop
   endfacet
   facet normal 9.623803e-01 -6.621234e-02 -2.635149e-01
      outer loop
         vertex -1.149550e+01 6.274596e+01 -4.539819e+00
         vertex -1.165000e+01 6.118958e+01 -4.712987e+00
         vertex -1.161191e+01 6.278448e+01 -4.974640e+00
      endloop
   endfacet
   facet normal 9.639603e-01 -4.558966e-02 -2.621110e-01
      outer loop
         vertex -1.149550e+01 6.274596e+01 -4.539819e+00
         vertex -1.161191e+01 6.278448e+01 -4.974640e+00
         vertex -1.145537e+01 6.429207e+01 -4.661165e+00
      endloop
   endfacet
   facet normal 9.706759e-01 -5.198583e-02 -2.347034e-01
      outer loop
         vertex -1.145537e+01 6.429207e+01 -4.661165e+00
         vertex -1.161191e+01 6.278448e+01 -4.974640e+00
         vertex -1.159669e+01 6.433856e+01 -5.255934e+00
      endloop
   endfacet
   facet normal 9.678084e-01 -8.567971e-02 -2.366558e-01
      outer loop
         vertex -1.145537e+01 6.429207e+01 -4.661165e+00
         vertex -1.159669e+01 6.433856e+01 -5.255934e+00
         vertex -1.140676e+01 6.505147e+01 -4.737305e+00
      endloop
   endfacet
   facet normal 9.695948e-01 -9.392790e-02 -2.259722e-01
      outer loop
         vertex -1.140676e+01 6.505147e+01 -4.737305e+00
         vertex -1.159669e+01 6.433856e+01 -5.255934e+00
         vertex -1.155941e+01 6.509986e+01 -5.412407e+00
      endloop
   endfacet
   facet normal 9.657681e-01 -1.249511e-01 -2.273307e-01
      outer loop
         vertex -1.140676e+01 6.505147e+01 -4.737305e+00
         vertex -1.155941e+01 6.509986e+01 -5.412407e+00
         vertex -1.132978e+01 6.580288e+01 -4.823260e+00
      endloop
   endfacet
   facet normal 9.668520e-01 -1.333178e-01 -2.177693e-01
      outer loop
         vertex -1.132978e+01 6.580288e+01 -4.823260e+00
         vertex -1.155941e+01 6.509986e+01 -5.412407e+00
         vertex -1.149306e+01 6.585235e+01 -5.578475e+00
      endloop
   endfacet
   facet normal 9.602777e-01 -1.729994e-01 -2.189474e-01
      outer loop
         vertex -1.132978e+01 6.580288e+01 -4.823260e+00
         vertex -1.149306e+01 6.585235e+01 -5.578475e+00
         vertex -1.110707e+01 6.728663e+01 -5.018870e+00
      endloop
   endfacet
   facet normal 9.626599e-01 -1.802664e-01 -2.019652e-01
      outer loop
         vertex -1.110707e+01 6.728663e+01 -5.018870e+00
         vertex -1.149306e+01 6.585235e+01 -5.578475e+00
         vertex -1.128959e+01 6.733485e+01 -5.931892e+00
      endloop
   endfacet
   facet normal 9.575531e-01 -2.053747e-01 -2.022704e-01
      outer loop
         vertex -1.110707e+01 6.728663e+01 -5.018870e+00
         vertex -1.128959e+01 6.733485e+01 -5.931892e+00
         vertex -1.083878e+01 6.875096e+01 -5.235599e+00
      endloop
   endfacet
   facet normal 9.588924e-01 -2.131435e-01 -1.873373e-01
      outer loop
         vertex -1.083878e+01 6.875096e+01 -5.235599e+00
         vertex -1.128959e+01 6.733485e+01 -5.931892e+00
         vertex -1.103791e+01 6.879094e+01 -6.300301e+00
      endloop
   endfacet
   facet normal 9.571215e-01 -2.209906e-01 -1.873008e-01
      outer loop
         vertex -1.083878e+01 6.875096e+01 -5.235599e+00
         vertex -1.103791e+01 6.879094e+01 -6.300301e+00
         vertex -1.069371e+01 6.947596e+01 -5.349654e+00
      endloop
   endfacet
   facet normal 9.562672e-01 -2.303642e-01 -1.802372e-01
      outer loop
         vertex -1.069371e+01 6.947596e+01 -5.349654e+00
         vertex -1.103791e+01 6.879094e+01 -6.300301e+00
         vertex -1.090014e+01 6.950894e+01 -6.487039e+00
      endloop
   endfacet
   facet normal 9.519157e-01 -2.479353e-01 -1.799569e-01
      outer loop
         vertex -1.069371e+01 6.947596e+01 -5.349654e+00
         vertex -1.090014e+01 6.950894e+01 -6.487039e+00
         vertex -1.052903e+01 7.019433e+01 -5.468305e+00
      endloop
   endfacet
   facet normal 9.506426e-01 -2.575827e-01 -1.730025e-01
      outer loop
         vertex -1.052903e+01 7.019433e+01 -5.468305e+00
         vertex -1.090014e+01 6.950894e+01 -6.487039e+00
         vertex -1.074210e+01 7.021916e+01 -6.676053e+00
      endloop
   endfacet
   facet normal 9.384877e-01 -2.995871e-01 -1.717219e-01
      outer loop
         vertex -1.052903e+01 7.019433e+01 -5.468305e+00
         vertex -1.074210e+01 7.021916e+01 -6.676053e+00
         vertex -1.032527e+01 7.090427e+01 -5.593263e+00
      endloop
   endfacet
   facet normal 9.365643e-01 -3.093245e-01 -1.648204e-01
      outer loop
         vertex -1.032527e+01 7.090427e+01 -5.593263e+00
         vertex -1.074210e+01 7.021916e+01 -6.676053e+00
         vertex -1.054433e+01 7.092078e+01 -6.869016e+00
      endloop
   endfacet
   facet normal 9.271232e-01 -3.371807e-01 -1.635597e-01
      outer loop
         vertex -1.032527e+01 7.090427e+01 -5.593263e+00
         vertex -1.054433e+01 7.092078e+01 -6.869016e+00
         vertex -1.009089e+01 7.161129e+01 -5.722233e+00
      endloop
   endfacet
   facet normal 9.246497e-01 -3.471359e-01 -1.565875e-01
      outer loop
         vertex -1.009089e+01 7.161129e+01 -5.722233e+00
         vertex -1.054433e+01 7.092078e+01 -6.869016e+00
         vertex -1.031557e+01 7.161766e+01 -7.063095e+00
      endloop
   endfacet
   facet normal 9.248158e-01 -3.466816e-01 -1.566132e-01
      outer loop
         vertex -1.009089e+01 7.161129e+01 -5.722233e+00
         vertex -1.031557e+01 7.161766e+01 -7.063095e+00
         vertex -9.599113e+00 7.304145e+01 -5.984074e+00
      endloop
   endfacet
   facet normal 9.233582e-01 -3.563721e-01 -1.428585e-01
      outer loop
         vertex -9.599113e+00 7.304145e+01 -5.984074e+00
         vertex -1.031557e+01 7.161766e+01 -7.063095e+00
         vertex -9.834770e+00 7.301619e+01 -7.444226e+00
      endloop
   endfacet
   facet normal 9.353160e-01 -3.225687e-01 -1.453731e-01
      outer loop
         vertex -9.599113e+00 7.304145e+01 -5.984074e+00
         vertex -9.834770e+00 7.301619e+01 -7.444226e+00
         vertex -9.134606e+00 7.450987e+01 -6.253761e+00
      endloop
   endfacet
   facet normal 9.338407e-01 -3.323484e-01 -1.322349e-01
      outer loop
         vertex -9.134606e+00 7.450987e+01 -6.253761e+00
         vertex -9.834770e+00 7.301619e+01 -7.444226e+00
         vertex -9.381074e+00 7.443920e+01 -7.816701e+00
      endloop
   endfacet
   facet normal 9.471192e-01 -2.905329e-01 -1.362196e-01
      outer loop
         vertex -9.134606e+00 7.450987e+01 -6.253761e+00
         vertex -9.381074e+00 7.443920e+01 -7.816701e+00
         vertex -8.715244e+00 7.601164e+01 -6.541003e+00
      endloop
   endfacet
   facet normal 9.459926e-01 -2.990801e-01 -1.250961e-01
      outer loop
         vertex -8.715244e+00 7.601164e+01 -6.541003e+00
         vertex -9.381074e+00 7.443920e+01 -7.816701e+00
         vertex -8.971577e+00 7.589021e+01 -8.189107e+00
      endloop
   endfacet
   facet normal 9.556232e-01 -2.647868e-01 -1.291207e-01
      outer loop
         vertex -8.715244e+00 7.601164e+01 -6.541003e+00
         vertex -8.971577e+00 7.589021e+01 -8.189107e+00
         vertex -8.336392e+00 7.752575e+01 -6.842101e+00
      endloop
   endfacet
   facet normal 9.547696e-01 -2.721603e-01 -1.197653e-01
      outer loop
         vertex -8.336392e+00 7.752575e+01 -6.842101e+00
         vertex -8.971577e+00 7.589021e+01 -8.189107e+00
         vertex -8.600639e+00 7.735307e+01 -8.556268e+00
      endloop
   endfacet
   facet normal 9.640241e-01 -2.346033e-01 -1.249753e-01
      outer loop
         vertex -8.336392e+00 7.752575e+01 -6.842101e+00
         vertex -8.600639e+00 7.735307e+01 -8.556268e+00
         vertex -8.006766e+00 7.903187e+01 -7.126744e+00
      endloop
   endfacet
   facet normal 9.633112e-01 -2.420624e-01 -1.159193e-01
      outer loop
         vertex -8.006766e+00 7.903187e+01 -7.126744e+00
         vertex -8.600639e+00 7.735307e+01 -8.556268e+00
         vertex -8.276730e+00 7.879938e+01 -8.884710e+00
      endloop
   endfacet
   facet normal 9.706048e-01 -2.077114e-01 -1.215822e-01
      outer loop
         vertex -8.006766e+00 7.903187e+01 -7.126744e+00
         vertex -8.276730e+00 7.879938e+01 -8.884710e+00
         vertex -7.718523e+00 8.055961e+01 -7.435662e+00
      endloop
   endfacet
   facet normal 9.702534e-01 -2.130625e-01 -1.149466e-01
      outer loop
         vertex -7.718523e+00 8.055961e+01 -7.435662e+00
         vertex -8.276730e+00 7.879938e+01 -8.884710e+00
         vertex -7.992369e+00 8.027355e+01 -9.216927e+00
      endloop
   endfacet
   facet normal 9.763390e-01 -1.789833e-01 -1.213552e-01
      outer loop
         vertex -7.718523e+00 8.055961e+01 -7.435662e+00
         vertex -7.992369e+00 8.027355e+01 -9.216927e+00
         vertex -7.468249e+00 8.216312e+01 -7.787096e+00
      endloop
   endfacet
   facet normal 9.763202e-01 -1.799446e-01 -1.200779e-01
      outer loop
         vertex -7.468249e+00 8.216312e+01 -7.787096e+00
         vertex -7.992369e+00 8.027355e+01 -9.216927e+00
         vertex -7.744185e+00 8.185966e+01 -9.575901e+00
      endloop
   endfacet
   facet normal 9.812002e-01 -1.456191e-01 -1.266539e-01
      outer loop
         vertex -7.468249e+00 8.216312e+01 -7.787096e+00
         vertex -7.744185e+00 8.185966e+01 -9.575901e+00
         vertex -7.365592e+00 8.300330e+01 -7.957791e+00
      endloop
   endfacet
   facet normal 9.813016e-01 -1.437444e-01 -1.280026e-01
      outer loop
         vertex -7.365592e+00 8.300330e+01 -7.957791e+00
         vertex -7.744185e+00 8.185966e+01 -9.575901e+00
         vertex -7.641849e+00 8.270890e+01 -9.745053e+00
      endloop
   endfacet
   facet normal 9.842707e-01 -1.163068e-01 -1.329810e-01
      outer loop
         vertex -7.365592e+00 8.300330e+01 -7.957791e+00
         vertex -7.641849e+00 8.270890e+01 -9.745053e+00
         vertex -7.283713e+00 8.386969e+01 -8.109512e+00
      endloop
   endfacet
   facet normal 9.843271e-01 -1.134101e-01 -1.350492e-01
      outer loop
         vertex -7.283713e+00 8.386969e+01 -8.109512e+00
         vertex -7.641849e+00 8.270890e+01 -9.745053e+00
         vertex -7.559766e+00 8.359583e+01 -9.891589e+00
      endloop
   endfacet
   facet normal 9.866429e-01 -8.319527e-02 -1.400512e-01
      outer loop
         vertex -7.283713e+00 8.386969e+01 -8.109512e+00
         vertex -7.559766e+00 8.359583e+01 -9.891589e+00
         vertex -7.226153e+00 8.475894e+01 -8.232262e+00
      endloop
   endfacet
   facet normal 9.865914e-01 -8.016003e-02 -1.421684e-01
      outer loop
         vertex -7.226153e+00 8.475894e+01 -8.232262e+00
         vertex -7.559766e+00 8.359583e+01 -9.891589e+00
         vertex -7.501442e+00 8.451512e+01 -1.000518e+01
      endloop
   endfacet
   facet normal 9.879807e-01 -4.867036e-02 -1.467149e-01
      outer loop
         vertex -7.226153e+00 8.475894e+01 -8.232262e+00
         vertex -7.501442e+00 8.451512e+01 -1.000518e+01
         vertex -7.194665e+00 8.566414e+01 -8.320505e+00
      endloop
   endfacet
   facet normal 9.878523e-01 -4.621963e-02 -1.483630e-01
      outer loop
         vertex -7.194665e+00 8.566414e+01 -8.320505e+00
         vertex -7.501442e+00 8.451512e+01 -1.000518e+01
         vertex -7.468597e+00 8.545650e+01 -1.007975e+01
      endloop
   endfacet
   facet normal 9.882525e-01 -1.618382e-02 -1.519704e-01
      outer loop
         vertex -7.194665e+00 8.566414e+01 -8.320505e+00
         vertex -7.468597e+00 8.545650e+01 -1.007975e+01
         vertex -7.188254e+00 8.657432e+01 -8.375738e+00
      endloop
   endfacet
   facet normal 9.881211e-01 -1.460972e-02 -1.529814e-01
      outer loop
         vertex -7.188254e+00 8.657432e+01 -8.375738e+00
         vertex -7.468597e+00 8.545650e+01 -1.007975e+01
         vertex -7.460208e+00 8.640420e+01 -1.011607e+01
      endloop
   endfacet
   facet normal 9.877877e-01 1.090611e-02 -1.554235e-01
      outer loop
         vertex -7.188254e+00 8.657432e+01 -8.375738e+00
         vertex -7.460208e+00 8.640420e+01 -1.011607e+01
         vertex -7.203084e+00 8.747693e+01 -8.406655e+00
      endloop
   endfacet
   facet normal 9.876825e-01 1.188105e-02 -1.560195e-01
      outer loop
         vertex -7.203084e+00 8.747693e+01 -8.406655e+00
         vertex -7.460208e+00 8.640420e+01 -1.011607e+01
         vertex -7.472421e+00 8.734059e+01 -1.012207e+01
      endloop
   endfacet
   facet normal 9.867514e-01 3.730065e-02 -1.578936e-01
      outer loop
         vertex -7.203084e+00 8.747693e+01 -8.406655e+00
         vertex -7.472421e+00 8.734059e+01 -1.012207e+01
         vertex -7.238195e+00 8.837415e+01 -8.414125e+00
      endloop
   endfacet
   facet normal 9.866881e-01 3.777992e-02 -1.581749e-01
      outer loop
         vertex -7.238195e+00 8.837415e+01 -8.414125e+00
         vertex -7.472421e+00 8.734059e+01 -1.012207e+01
         vertex -7.504250e+00 8.826903e+01 -1.009887e+01
      endloop
   endfacet
   facet normal 9.849731e-01 6.586304e-02 -1.596563e-01
      outer loop
         vertex -7.238195e+00 8.837415e+01 -8.414125e+00
         vertex -7.504250e+00 8.826903e+01 -1.009887e+01
         vertex -7.294948e+00 8.926980e+01 -8.394768e+00
      endloop
   endfacet
   facet normal 9.850050e-01 6.566197e-02 -1.595422e-01
      outer loop
         vertex -7.294948e+00 8.926980e+01 -8.394768e+00
         vertex -7.504250e+00 8.826903e+01 -1.009887e+01
         vertex -7.557064e+00 8.919554e+01 -1.004362e+01
      endloop
   endfacet
   facet normal 9.823085e-01 9.648412e-02 -1.605017e-01
      outer loop
         vertex -7.294948e+00 8.926980e+01 -8.394768e+00
         vertex -7.557064e+00 8.919554e+01 -1.004362e+01
         vertex -7.374741e+00 9.016222e+01 -8.346649e+00
      endloop
   endfacet
   facet normal 9.824959e-01 9.548390e-02 -1.599520e-01
      outer loop
         vertex -7.374741e+00 9.016222e+01 -8.346649e+00
         vertex -7.557064e+00 8.919554e+01 -1.004362e+01
         vertex -7.632301e+00 9.011857e+01 -9.954753e+00
      endloop
   endfacet
   facet normal 9.786268e-01 1.288912e-01 -1.602391e-01
      outer loop
         vertex -7.374741e+00 9.016222e+01 -8.346649e+00
         vertex -7.632301e+00 9.011857e+01 -9.954753e+00
         vertex -7.478496e+00 9.104609e+01 -8.269357e+00
      endloop
   endfacet
   facet normal 9.789976e-01 1.271857e-01 -1.593343e-01
      outer loop
         vertex -7.478496e+00 9.104609e+01 -8.269357e+00
         vertex -7.632301e+00 9.011857e+01 -9.954753e+00
         vertex -7.730948e+00 9.103154e+01 -9.832105e+00
      endloop
   endfacet
   facet normal 9.738532e-01 1.624275e-01 -1.588312e-01
      outer loop
         vertex -7.478496e+00 9.104609e+01 -8.269357e+00
         vertex -7.730948e+00 9.103154e+01 -9.832105e+00
         vertex -7.606158e+00 9.191447e+01 -8.164053e+00
      endloop
   endfacet
   facet normal 9.743490e-01 1.604338e-01 -1.578130e-01
      outer loop
         vertex -7.606158e+00 9.191447e+01 -8.164053e+00
         vertex -7.730948e+00 9.103154e+01 -9.832105e+00
         vertex -7.853024e+00 9.192549e+01 -9.677022e+00
      endloop
   endfacet
   facet normal 9.680778e-01 1.957625e-01 -1.565326e-01
      outer loop
         vertex -7.606158e+00 9.191447e+01 -8.164053e+00
         vertex -7.853024e+00 9.192549e+01 -9.677022e+00
         vertex -7.756188e+00 9.276076e+01 -8.033525e+00
      endloop
   endfacet
   facet normal 9.685037e-01 1.942451e-01 -1.557865e-01
      outer loop
         vertex -7.756188e+00 9.276076e+01 -8.033525e+00
         vertex -7.853024e+00 9.192549e+01 -9.677022e+00
         vertex -7.997066e+00 9.279170e+01 -9.492461e+00
      endloop
   endfacet
   facet normal 9.617606e-01 2.265038e-01 -1.539892e-01
      outer loop
         vertex -7.756188e+00 9.276076e+01 -8.033525e+00
         vertex -7.997066e+00 9.279170e+01 -9.492461e+00
         vertex -7.925058e+00 9.358066e+01 -7.882232e+00
      endloop
   endfacet
   facet normal 9.617786e-01 2.264458e-01 -1.539616e-01
      outer loop
         vertex -7.925058e+00 9.358066e+01 -7.882232e+00
         vertex -7.997066e+00 9.279170e+01 -9.492461e+00
         vertex -8.159611e+00 9.362442e+01 -9.283100e+00
      endloop
   endfacet
   facet normal 9.560132e-01 2.507236e-01 -1.522380e-01
      outer loop
         vertex -7.925058e+00 9.358066e+01 -7.882232e+00
         vertex -8.159611e+00 9.362442e+01 -9.283100e+00
         vertex -8.106749e+00 9.437417e+01 -7.716355e+00
      endloop
   endfacet
   facet normal 9.552466e-01 2.529902e-01 -1.532967e-01
      outer loop
         vertex -8.106749e+00 9.437417e+01 -7.716355e+00
         vertex -8.159611e+00 9.362442e+01 -9.283100e+00
         vertex -8.334682e+00 9.442341e+01 -9.055440e+00
      endloop
   endfacet
   facet normal 9.538363e-01 2.585190e-01 -1.528534e-01
      outer loop
         vertex -8.106749e+00 9.437417e+01 -7.716355e+00
         vertex -8.334682e+00 9.442341e+01 -9.055440e+00
         vertex -8.469488e+00 9.591486e+01 -7.374176e+00
      endloop
   endfacet
   facet normal 9.513800e-01 2.643013e-01 -1.581799e-01
      outer loop
         vertex -8.469488e+00 9.591486e+01 -7.374176e+00
         vertex -8.334682e+00 9.442341e+01 -9.055440e+00
         vertex -8.683286e+00 9.596241e+01 -8.580619e+00
      endloop
   endfacet
   facet normal 9.558159e-01 2.468327e-01 -1.596545e-01
      outer loop
         vertex -8.469488e+00 9.591486e+01 -7.374176e+00
         vertex -8.683286e+00 9.596241e+01 -8.580619e+00
         vertex -8.809509e+00 9.745082e+01 -7.035142e+00
      endloop
   endfacet
   facet normal 9.529501e-01 2.534576e-01 -1.662687e-01
      outer loop
         vertex -8.809509e+00 9.745082e+01 -7.035142e+00
         vertex -8.683286e+00 9.596241e+01 -8.580619e+00
         vertex -9.007580e+00 9.749729e+01 -8.099525e+00
      endloop
   endfacet
   facet normal 9.481253e-01 2.719887e-01 -1.645618e-01
      outer loop
         vertex -8.809509e+00 9.745082e+01 -7.035142e+00
         vertex -9.007580e+00 9.749729e+01 -8.099525e+00
         vertex -9.179758e+00 9.896773e+01 -6.661183e+00
      endloop
   endfacet
   facet normal 9.440982e-01 2.802936e-01 -1.735342e-01
      outer loop
         vertex -9.179758e+00 9.896773e+01 -6.661183e+00
         vertex -9.007580e+00 9.749729e+01 -8.099525e+00
         vertex -9.360163e+00 9.900984e+01 -7.574647e+00
      endloop
   endfacet
   facet normal 9.410505e-01 2.910138e-01 -1.724381e-01
      outer loop
         vertex -9.179758e+00 9.896773e+01 -6.661183e+00
         vertex -9.360163e+00 9.900984e+01 -7.574647e+00
         vertex -9.961789e+00 1.019674e+02 -5.866619e+00
      endloop
   endfacet
   facet normal 9.302970e-01 3.060279e-01 -2.022237e-01
      outer loop
         vertex -9.961789e+00 1.019674e+02 -5.866619e+00
         vertex -9.360163e+00 9.900984e+01 -7.574647e+00
         vertex -1.010084e+01 1.019960e+02 -6.462979e+00
      endloop
   endfacet
   facet normal 9.315270e-01 3.019394e-01 -2.027068e-01
      outer loop
         vertex -9.961789e+00 1.019674e+02 -5.866619e+00
         vertex -1.010084e+01 1.019960e+02 -6.462979e+00
         vertex -1.035955e+01 1.034605e+02 -5.470430e+00
      endloop
   endfacet
   facet normal 9.213239e-01 3.161381e-01 -2.263161e-01
      outer loop
         vertex -1.035955e+01 1.034605e+02 -5.470430e+00
         vertex -1.010084e+01 1.019960e+02 -6.462979e+00
         vertex -1.047426e+01 1.034823e+02 -5.906991e+00
      endloop
   endfacet
   facet normal 9.116115e-01 3.457661e-01 -2.222843e-01
      outer loop
         vertex -1.035955e+01 1.034605e+02 -5.470430e+00
         vertex -1.047426e+01 1.034823e+02 -5.906991e+00
         vertex -1.081109e+01 1.049286e+02 -5.038593e+00
      endloop
   endfacet
   facet normal 8.880005e-01 3.704115e-01 -2.724892e-01
      outer loop
         vertex -1.081109e+01 1.049286e+02 -5.038593e+00
         vertex -1.047426e+01 1.034823e+02 -5.906991e+00
         vertex -1.089925e+01 1.049373e+02 -5.314060e+00
      endloop
   endfacet
   facet normal 8.982889e-01 3.413414e-01 -2.767002e-01
      outer loop
         vertex -1.081109e+01 1.049286e+02 -5.038593e+00
         vertex -1.089925e+01 1.049373e+02 -5.314060e+00
         vertex -1.103170e+01 1.056693e+02 -4.841085e+00
      endloop
   endfacet
   facet normal 8.773330e-01 3.621811e-01 -3.148201e-01
      outer loop
         vertex -1.103170e+01 1.056693e+02 -4.841085e+00
         vertex -1.089925e+01 1.049373e+02 -5.314060e+00
         vertex -1.110462e+01 1.056739e+02 -5.039004e+00
      endloop
   endfacet
   facet normal 8.794658e-01 3.561520e-01 -3.157462e-01
      outer loop
         vertex -1.103170e+01 1.056693e+02 -4.841085e+00
         vertex -1.110462e+01 1.056739e+02 -5.039004e+00
         vertex -1.127287e+01 1.064172e+02 -4.669158e+00
      endloop
   endfacet
   facet normal 8.675900e-01 3.646115e-01 -3.381510e-01
      outer loop
         vertex -1.127287e+01 1.064172e+02 -4.669158e+00
         vertex -1.110462e+01 1.056739e+02 -5.039004e+00
         vertex -1.132631e+01 1.064203e+02 -4.803018e+00
      endloop
   endfacet
   facet normal 8.683696e-01 3.624140e-01 -3.385120e-01
      outer loop
         vertex -1.127287e+01 1.064172e+02 -4.669158e+00
         vertex -1.132631e+01 1.064203e+02 -4.803018e+00
         vertex -1.144583e+01 1.067975e+02 -4.705743e+00
      endloop
   endfacet
   facet normal 9.708017e-01 5.255803e-02 -2.340550e-01
      outer loop
         vertex -1.173612e+01 5.794710e+01 -4.451244e+00
         vertex -1.175833e+01 5.795495e+01 -4.541604e+00
         vertex -1.174724e+01 5.835228e+01 -4.406383e+00
      endloop
   endfacet
   facet normal 9.622028e-01 6.328790e-02 -2.648780e-01
      outer loop
         vertex -1.174724e+01 5.835228e+01 -4.406383e+00
         vertex -1.175833e+01 5.795495e+01 -4.541604e+00
         vertex -1.177192e+01 5.835959e+01 -4.494289e+00
      endloop
   endfacet
   facet normal 9.616824e-01 -3.014088e-02 -2.725041e-01
      outer loop
         vertex -1.174724e+01 5.835228e+01 -4.406383e+00
         vertex -1.177192e+01 5.835959e+01 -4.494289e+00
         vertex -1.172577e+01 5.875880e+01 -4.375563e+00
      endloop
   endfacet
   facet normal 9.447074e-01 -1.176182e-02 -3.277035e-01
      outer loop
         vertex -1.172577e+01 5.875880e+01 -4.375563e+00
         vertex -1.177192e+01 5.835959e+01 -4.494289e+00
         vertex -1.175845e+01 5.876660e+01 -4.470069e+00
      endloop
   endfacet
   facet normal 9.421546e-01 -5.599568e-02 -3.304682e-01
      outer loop
         vertex -1.172577e+01 5.875880e+01 -4.375563e+00
         vertex -1.175845e+01 5.876660e+01 -4.470069e+00
         vertex -1.173403e+01 5.917373e+01 -4.469437e+00
      endloop
   endfacet
   facet normal 9.915768e-01 -1.099676e-01 6.842991e-02
      outer loop
         vertex -7.235624e+00 8.270025e+01 -4.794109e+00
         vertex -7.132696e+00 8.352111e+01 -4.966432e+00
         vertex -7.191929e+00 8.375038e+01 -3.739683e+00
      endloop
   endfacet
   facet normal 9.977596e-01 4.825271e-02 4.634134e-02
      outer loop
         vertex -7.013901e+00 8.854270e+01 -5.589702e+00
         vertex -7.070946e+00 8.860686e+01 -4.428281e+00
         vertex -6.976022e+00 8.770314e+01 -5.531057e+00
      endloop
   endfacet
   facet normal 9.977885e-01 4.034638e-02 5.282302e-02
      outer loop
         vertex -6.976022e+00 8.770314e+01 -5.531057e+00
         vertex -7.070946e+00 8.860686e+01 -4.428281e+00
         vertex -7.018533e+00 8.710892e+01 -4.274199e+00
      endloop
   endfacet
   facet normal 9.986876e-01 2.411842e-02 4.518123e-02
      outer loop
         vertex -6.976022e+00 8.770314e+01 -5.531057e+00
         vertex -7.018533e+00 8.710892e+01 -4.274199e+00
         vertex -6.958985e+00 8.686255e+01 -5.458927e+00
      endloop
   endfacet
   facet normal 9.987340e-01 -4.845775e-04 5.030000e-02
      outer loop
         vertex -6.958985e+00 8.686255e+01 -5.458927e+00
         vertex -7.018533e+00 8.710892e+01 -4.274199e+00
         vertex -6.963730e+00 8.602095e+01 -5.372828e+00
      endloop
   endfacet
   facet normal 9.988344e-01 1.597704e-03 4.824292e-02
      outer loop
         vertex -6.963730e+00 8.602095e+01 -5.372828e+00
         vertex -7.018533e+00 8.710892e+01 -4.274199e+00
         vertex -7.022464e+00 8.617354e+01 -4.161830e+00
      endloop
   endfacet
   facet normal 9.982129e-01 -2.926593e-02 5.210165e-02
      outer loop
         vertex -6.963730e+00 8.602095e+01 -5.372828e+00
         vertex -7.022464e+00 8.617354e+01 -4.161830e+00
         vertex -6.994074e+00 8.518201e+01 -5.262712e+00
      endloop
   endfacet
   facet normal 9.983382e-01 -2.758827e-02 5.059386e-02
      outer loop
         vertex -7.022464e+00 8.617354e+01 -4.161830e+00
         vertex -7.045567e+00 8.551204e+01 -4.066664e+00
         vertex -6.994074e+00 8.518201e+01 -5.262712e+00
      endloop
   endfacet
   facet normal 9.975916e-01 -4.263150e-02 5.471267e-02
      outer loop
         vertex -6.994074e+00 8.518201e+01 -5.262712e+00
         vertex -7.045567e+00 8.551204e+01 -4.066664e+00
         vertex -7.053099e+00 8.536562e+01 -4.043423e+00
      endloop
   endfacet
   facet normal 9.966445e-01 -5.866471e-02 5.708115e-02
      outer loop
         vertex -6.994074e+00 8.518201e+01 -5.262712e+00
         vertex -7.053099e+00 8.536562e+01 -4.043423e+00
         vertex -7.050989e+00 8.434836e+01 -5.125741e+00
      endloop
   endfacet
   facet normal 9.964732e-01 -6.016563e-02 5.849152e-02
      outer loop
         vertex -7.050989e+00 8.434836e+01 -5.125741e+00
         vertex -7.053099e+00 8.536562e+01 -4.043423e+00
         vertex -7.110178e+00 8.455836e+01 -3.901368e+00
      endloop
   endfacet
   facet normal 9.943025e-01 -8.610617e-02 6.283585e-02
      outer loop
         vertex -7.050989e+00 8.434836e+01 -5.125741e+00
         vertex -7.110178e+00 8.455836e+01 -3.901368e+00
         vertex -7.132696e+00 8.352111e+01 -4.966432e+00
      endloop
   endfacet
   facet normal 9.946005e-01 -8.406909e-02 6.084567e-02
      outer loop
         vertex -7.132696e+00 8.352111e+01 -4.966432e+00
         vertex -7.110178e+00 8.455836e+01 -3.901368e+00
         vertex -7.162747e+00 8.401407e+01 -3.794098e+00
      endloop
   endfacet
   facet normal 9.931648e-01 -9.630138e-02 6.595248e-02
      outer loop
         vertex -7.132696e+00 8.352111e+01 -4.966432e+00
         vertex -7.162747e+00 8.401407e+01 -3.794098e+00
         vertex -7.191929e+00 8.375038e+01 -3.739683e+00
      endloop
   endfacet
   facet normal 9.740252e-01 2.183915e-01 5.983391e-02
      outer loop
         vertex -7.914591e+00 9.425922e+01 -5.473929e+00
         vertex -7.837576e+00 9.366717e+01 -4.566668e+00
         vertex -7.553118e+00 9.267870e+01 -5.589407e+00
      endloop
   endfacet
   facet normal 9.743344e-01 2.164599e-01 6.178679e-02
      outer loop
         vertex -7.553118e+00 9.267870e+01 -5.589407e+00
         vertex -7.837576e+00 9.366717e+01 -4.566668e+00
         vertex -7.604765e+00 9.262463e+01 -4.585542e+00
      endloop
   endfacet
   facet normal 9.808994e-01 1.848925e-01 6.042431e-02
      outer loop
         vertex -7.553118e+00 9.267870e+01 -5.589407e+00
         vertex -7.604765e+00 9.262463e+01 -4.585542e+00
         vertex -7.398041e+00 9.186886e+01 -5.628839e+00
      endloop
   endfacet
   facet normal 9.796576e-01 1.932368e-01 5.413365e-02
      outer loop
         vertex -7.398041e+00 9.186886e+01 -5.628839e+00
         vertex -7.604765e+00 9.262463e+01 -4.585542e+00
         vertex -7.486175e+00 9.202411e+01 -4.588047e+00
      endloop
   endfacet
   facet normal 9.857276e-01 1.572890e-01 6.000974e-02
      outer loop
         vertex -7.398041e+00 9.186886e+01 -5.628839e+00
         vertex -7.486175e+00 9.202411e+01 -4.588047e+00
         vertex -7.265670e+00 9.104744e+01 -5.650179e+00
      endloop
   endfacet
   facet normal 9.847670e-01 1.659776e-01 5.182084e-02
      outer loop
         vertex -7.265670e+00 9.104744e+01 -5.650179e+00
         vertex -7.486175e+00 9.202411e+01 -4.588047e+00
         vertex -7.319798e+00 9.103248e+01 -4.573641e+00
      endloop
   endfacet
   facet normal 9.903223e-01 1.288443e-01 5.158411e-02
      outer loop
         vertex -7.265670e+00 9.104744e+01 -5.650179e+00
         vertex -7.319798e+00 9.103248e+01 -4.573641e+00
         vertex -7.157607e+00 9.021718e+01 -5.651009e+00
      endloop
   endfacet
   facet normal 9.897060e-01 1.353189e-01 4.659163e-02
      outer loop
         vertex -7.319798e+00 9.103248e+01 -4.573641e+00
         vertex -7.225822e+00 9.033630e+01 -4.547960e+00
         vertex -7.157607e+00 9.021718e+01 -5.651009e+00
      endloop
   endfacet
   facet normal 9.915120e-01 1.207188e-01 4.828001e-02
      outer loop
         vertex -7.157607e+00 9.021718e+01 -5.651009e+00
         vertex -7.225822e+00 9.033630e+01 -4.547960e+00
         vertex -7.212832e+00 9.022752e+01 -4.542745e+00
      endloop
   endfacet
   facet normal 9.937385e-01 1.006173e-01 4.857853e-02
      outer loop
         vertex -7.157607e+00 9.021718e+01 -5.651009e+00
         vertex -7.212832e+00 9.022752e+01 -4.542745e+00
         vertex -7.073974e+00 8.938131e+01 -5.630552e+00
      endloop
   endfacet
   facet normal 9.934994e-01 1.042532e-01 4.571965e-02
      outer loop
         vertex -7.073974e+00 8.938131e+01 -5.630552e+00
         vertex -7.212832e+00 9.022752e+01 -4.542745e+00
         vertex -7.130175e+00 8.941842e+01 -4.493912e+00
      endloop
   endfacet
   facet normal 9.961835e-01 7.364376e-02 4.685176e-02
      outer loop
         vertex -7.073974e+00 8.938131e+01 -5.630552e+00
         vertex -7.130175e+00 8.941842e+01 -4.493912e+00
         vertex -7.013901e+00 8.854270e+01 -5.589702e+00
      endloop
   endfacet
   facet normal 9.960028e-01 7.817311e-02 4.321289e-02
      outer loop
         vertex -7.013901e+00 8.854270e+01 -5.589702e+00
         vertex -7.130175e+00 8.941842e+01 -4.493912e+00
         vertex -7.078233e+00 8.872620e+01 -4.438885e+00
      endloop
   endfacet
   facet normal 9.968597e-01 6.489688e-02 4.537772e-02
      outer loop
         vertex -7.013901e+00 8.854270e+01 -5.589702e+00
         vertex -7.078233e+00 8.872620e+01 -4.438885e+00
         vertex -7.070946e+00 8.860686e+01 -4.428281e+00
      endloop
   endfacet
   facet normal 9.310517e-01 3.249369e-01 1.660080e-01
      outer loop
         vertex -1.122781e+01 1.064040e+02 -4.445532e+00
         vertex -1.150650e+01 1.071656e+02 -4.373076e+00
         vertex -1.141377e+01 1.068771e+02 -4.328512e+00
      endloop
   endfacet
   facet normal 9.318189e-01 3.277456e-01 1.558729e-01
      outer loop
         vertex -1.141377e+01 1.068771e+02 -4.328512e+00
         vertex -1.123927e+01 1.063931e+02 -4.354104e+00
         vertex -1.122781e+01 1.064040e+02 -4.445532e+00
      endloop
   endfacet
   facet normal 9.350692e-01 3.186826e-01 1.551998e-01
      outer loop
         vertex -1.122781e+01 1.064040e+02 -4.445532e+00
         vertex -1.123927e+01 1.063931e+02 -4.354104e+00
         vertex -1.113237e+01 1.060847e+02 -4.364812e+00
      endloop
   endfacet
   facet normal 9.425497e-01 3.119208e-01 1.196055e-01
      outer loop
         vertex -1.122781e+01 1.064040e+02 -4.445532e+00
         vertex -1.113237e+01 1.060847e+02 -4.364812e+00
         vertex -1.097023e+01 1.056506e+02 -4.510416e+00
      endloop
   endfacet
   facet normal 9.419317e-01 3.038654e-01 1.429354e-01
      outer loop
         vertex -1.097023e+01 1.056506e+02 -4.510416e+00
         vertex -1.113237e+01 1.060847e+02 -4.364812e+00
         vertex -1.098586e+01 1.056354e+02 -4.375207e+00
      endloop
   endfacet
   facet normal 9.487631e-01 2.826120e-01 1.413468e-01
      outer loop
         vertex -1.097023e+01 1.056506e+02 -4.510416e+00
         vertex -1.098586e+01 1.056354e+02 -4.375207e+00
         vertex -1.073677e+01 1.049007e+02 -4.578182e+00
      endloop
   endfacet
   facet normal 9.495222e-01 2.868169e-01 1.270580e-01
      outer loop
         vertex -1.073677e+01 1.049007e+02 -4.578182e+00
         vertex -1.098586e+01 1.056354e+02 -4.375207e+00
         vertex -1.060584e+01 1.043901e+02 -4.404000e+00
      endloop
   endfacet
   facet normal 9.492504e-01 2.871675e-01 1.282902e-01
      outer loop
         vertex -1.073677e+01 1.049007e+02 -4.578182e+00
         vertex -1.060584e+01 1.043901e+02 -4.404000e+00
         vertex -1.026283e+01 1.034065e+02 -4.740177e+00
      endloop
   endfacet
   facet normal 9.495833e-01 2.930616e-01 1.113838e-01
      outer loop
         vertex -1.026283e+01 1.034065e+02 -4.740177e+00
         vertex -1.060584e+01 1.043901e+02 -4.404000e+00
         vertex -1.028743e+01 1.033724e+02 -4.440990e+00
      endloop
   endfacet
   facet normal 9.603045e-01 2.571232e-01 1.081797e-01
      outer loop
         vertex -1.026283e+01 1.034065e+02 -4.740177e+00
         vertex -1.028743e+01 1.033724e+02 -4.440990e+00
         vertex -9.844561e+00 1.018985e+02 -4.868900e+00
      endloop
   endfacet
   facet normal 9.607447e-01 2.631539e-01 8.786181e-02
      outer loop
         vertex -9.844561e+00 1.018985e+02 -4.868900e+00
         vertex -1.028743e+01 1.033724e+02 -4.440990e+00
         vertex -9.962919e+00 1.021932e+02 -4.457386e+00
      endloop
   endfacet
   facet normal 9.630207e-01 2.513804e-01 9.694828e-02
      outer loop
         vertex -9.844561e+00 1.018985e+02 -4.868900e+00
         vertex -9.962919e+00 1.021932e+02 -4.457386e+00
         vertex -9.027668e+00 9.887053e+01 -5.132175e+00
      endloop
   endfacet
   facet normal 9.635855e-01 2.546752e-01 8.150755e-02
      outer loop
         vertex -9.027668e+00 9.887053e+01 -5.132175e+00
         vertex -9.962919e+00 1.021932e+02 -4.457386e+00
         vertex -9.163486e+00 9.918164e+01 -4.498605e+00
      endloop
   endfacet
   facet normal 9.672755e-01 2.368234e-01 9.106452e-02
      outer loop
         vertex -9.027668e+00 9.887053e+01 -5.132175e+00
         vertex -9.163486e+00 9.918164e+01 -4.498605e+00
         vertex -8.642527e+00 9.734401e+01 -5.253210e+00
      endloop
   endfacet
   facet normal 9.670844e-01 2.424616e-01 7.720221e-02
      outer loop
         vertex -8.642527e+00 9.734401e+01 -5.253210e+00
         vertex -9.163486e+00 9.918164e+01 -4.498605e+00
         vertex -8.684997e+00 9.728062e+01 -4.522131e+00
      endloop
   endfacet
   facet normal 9.729627e-01 2.182914e-01 7.544796e-02
      outer loop
         vertex -8.642527e+00 9.734401e+01 -5.253210e+00
         vertex -8.684997e+00 9.728062e+01 -4.522131e+00
         vertex -8.289249e+00 9.580432e+01 -5.354278e+00
      endloop
   endfacet
   facet normal 9.725738e-01 2.224884e-01 6.781709e-02
      outer loop
         vertex -8.289249e+00 9.580432e+01 -5.354278e+00
         vertex -8.684997e+00 9.728062e+01 -4.522131e+00
         vertex -8.489773e+00 9.642780e+01 -4.523994e+00
      endloop
   endfacet
   facet normal 9.710875e-01 2.307267e-01 6.127176e-02
      outer loop
         vertex -8.289249e+00 9.580432e+01 -5.354278e+00
         vertex -8.489773e+00 9.642780e+01 -4.523994e+00
         vertex -7.914591e+00 9.425922e+01 -5.473929e+00
      endloop
   endfacet
   facet normal 9.713408e-01 2.275602e-01 6.865394e-02
      outer loop
         vertex -7.914591e+00 9.425922e+01 -5.473929e+00
         vertex -8.489773e+00 9.642780e+01 -4.523994e+00
         vertex -7.963463e+00 9.419015e+01 -4.553515e+00
      endloop
   endfacet
   facet normal 9.703114e-01 2.318317e-01 6.891984e-02
      outer loop
         vertex -7.914591e+00 9.425922e+01 -5.473929e+00
         vertex -7.963463e+00 9.419015e+01 -4.553515e+00
         vertex -7.837576e+00 9.366717e+01 -4.566668e+00
      endloop
   endfacet
   facet normal 9.970701e-01 8.309431e-04 7.648854e-02
      outer loop
         vertex -1.172216e+01 5.792629e+01 -4.237750e+00
         vertex -1.171740e+01 5.793287e+01 -4.299895e+00
         vertex -1.172658e+01 5.845150e+01 -4.185777e+00
      endloop
   endfacet
   facet normal 9.989403e-01 2.604444e-02 -3.794794e-02
      outer loop
         vertex -1.172658e+01 5.845150e+01 -4.185777e+00
         vertex -1.171740e+01 5.793287e+01 -4.299895e+00
         vertex -1.172643e+01 5.833887e+01 -4.259155e+00
      endloop
   endfacet
   facet normal 9.859641e-01 -9.021894e-02 1.404825e-01
      outer loop
         vertex -1.172658e+01 5.845150e+01 -4.185777e+00
         vertex -1.172643e+01 5.833887e+01 -4.259155e+00
         vertex -1.170522e+01 5.873699e+01 -4.152373e+00
      endloop
   endfacet
   facet normal 9.919922e-01 -7.923934e-02 9.834918e-02
      outer loop
         vertex -1.170522e+01 5.873699e+01 -4.152373e+00
         vertex -1.172643e+01 5.833887e+01 -4.259155e+00
         vertex -1.169821e+01 5.874412e+01 -4.217316e+00
      endloop
   endfacet
   facet normal 9.886350e-01 -1.174944e-01 9.378680e-02
      outer loop
         vertex -1.170522e+01 5.873699e+01 -4.152373e+00
         vertex -1.169821e+01 5.874412e+01 -4.217316e+00
         vertex -1.162528e+01 5.949025e+01 -4.051350e+00
      endloop
   endfacet
   facet normal 9.863031e-01 -1.212730e-01 1.117990e-01
      outer loop
         vertex -1.162528e+01 5.949025e+01 -4.051350e+00
         vertex -1.169821e+01 5.874412e+01 -4.217316e+00
         vertex -1.160852e+01 5.954899e+01 -4.135507e+00
      endloop
   endfacet
   facet normal 9.929970e-01 -7.219585e-02 9.351355e-02
      outer loop
         vertex -1.148516e+01 6.112744e+01 -3.978950e+00
         vertex -1.150433e+01 6.110802e+01 -3.790305e+00
         vertex -1.153476e+01 6.034351e+01 -4.057400e+00
      endloop
   endfacet
   facet normal 9.910968e-01 -7.731859e-02 1.083930e-01
      outer loop
         vertex -1.153476e+01 6.034351e+01 -4.057400e+00
         vertex -1.150433e+01 6.110802e+01 -3.790305e+00
         vertex -1.155065e+01 6.032945e+01 -3.922210e+00
      endloop
   endfacet
   facet normal 9.891454e-01 -1.022007e-01 1.055769e-01
      outer loop
         vertex -1.153476e+01 6.034351e+01 -4.057400e+00
         vertex -1.155065e+01 6.032945e+01 -3.922210e+00
         vertex -1.160852e+01 5.954899e+01 -4.135507e+00
      endloop
   endfacet
   facet normal 9.879067e-01 -1.045474e-01 1.144995e-01
      outer loop
         vertex -1.160852e+01 5.954899e+01 -4.135507e+00
         vertex -1.155065e+01 6.032945e+01 -3.922210e+00
         vertex -1.162016e+01 5.953884e+01 -4.044300e+00
      endloop
   endfacet
   facet normal 9.863484e-01 -1.201977e-01 1.125586e-01
      outer loop
         vertex -1.160852e+01 5.954899e+01 -4.135507e+00
         vertex -1.162016e+01 5.953884e+01 -4.044300e+00
         vertex -1.162528e+01 5.949025e+01 -4.051350e+00
      endloop
   endfacet
   facet normal 9.805793e-01 -1.874530e-01 5.766837e-02
      outer loop
         vertex -1.067092e+01 6.870748e+01 -3.450722e+00
         vertex -1.095531e+01 6.740867e+01 -2.836706e+00
         vertex -1.095320e+01 6.721936e+01 -3.488018e+00
      endloop
   endfacet
   facet normal 9.819576e-01 -1.807083e-01 5.571240e-02
      outer loop
         vertex -1.095320e+01 6.721936e+01 -3.488018e+00
         vertex -1.095531e+01 6.740867e+01 -2.836706e+00
         vertex -1.099233e+01 6.720082e+01 -2.858386e+00
      endloop
   endfacet
   facet normal 9.854687e-01 -1.601727e-01 5.653522e-02
      outer loop
         vertex -1.095320e+01 6.721936e+01 -3.488018e+00
         vertex -1.099233e+01 6.720082e+01 -2.858386e+00
         vertex -1.119213e+01 6.572497e+01 -3.557105e+00
      endloop
   endfacet
   facet normal 9.845494e-01 -1.632590e-01 6.331709e-02
      outer loop
         vertex -1.119213e+01 6.572497e+01 -3.557105e+00
         vertex -1.099233e+01 6.720082e+01 -2.858386e+00
         vertex -1.121087e+01 6.582011e+01 -3.020330e+00
      endloop
   endfacet
   facet normal 9.916262e-01 -1.166963e-01 5.531157e-02
      outer loop
         vertex -1.119213e+01 6.572497e+01 -3.557105e+00
         vertex -1.121087e+01 6.582011e+01 -3.020330e+00
         vertex -1.127807e+01 6.497165e+01 -3.605634e+00
      endloop
   endfacet
   facet normal 9.907717e-01 -1.208331e-01 6.140632e-02
      outer loop
         vertex -1.127807e+01 6.497165e+01 -3.605634e+00
         vertex -1.121087e+01 6.582011e+01 -3.020330e+00
         vertex -1.131080e+01 6.493972e+01 -3.140362e+00
      endloop
   endfacet
   facet normal 9.946182e-01 -8.116221e-02 6.439902e-02
      outer loop
         vertex -1.127807e+01 6.497165e+01 -3.605634e+00
         vertex -1.131080e+01 6.493972e+01 -3.140362e+00
         vertex -1.133623e+01 6.421230e+01 -3.664381e+00
      endloop
   endfacet
   facet normal 9.939453e-01 -8.494865e-02 6.968786e-02
      outer loop
         vertex -1.133623e+01 6.421230e+01 -3.664381e+00
         vertex -1.131080e+01 6.493972e+01 -3.140362e+00
         vertex -1.136216e+01 6.425479e+01 -3.242792e+00
      endloop
   endfacet
   facet normal 9.967644e-01 -4.597275e-02 6.593296e-02
      outer loop
         vertex -1.133623e+01 6.421230e+01 -3.664381e+00
         vertex -1.136216e+01 6.425479e+01 -3.242792e+00
         vertex -1.139736e+01 6.267595e+01 -3.811499e+00
      endloop
   endfacet
   facet normal 9.957165e-01 -5.017389e-02 7.766105e-02
      outer loop
         vertex -1.139736e+01 6.267595e+01 -3.811499e+00
         vertex -1.136216e+01 6.425479e+01 -3.242792e+00
         vertex -1.142232e+01 6.264349e+01 -3.512442e+00
      endloop
   endfacet
   facet normal 9.950082e-01 -6.463598e-02 7.603245e-02
      outer loop
         vertex -1.139736e+01 6.267595e+01 -3.811499e+00
         vertex -1.142232e+01 6.264349e+01 -3.512442e+00
         vertex -1.148516e+01 6.112744e+01 -3.978950e+00
      endloop
   endfacet
   facet normal 9.931217e-01 -7.003477e-02 9.383147e-02
      outer loop
         vertex -1.148516e+01 6.112744e+01 -3.978950e+00
         vertex -1.142232e+01 6.264349e+01 -3.512442e+00
         vertex -1.150153e+01 6.116043e+01 -3.781078e+00
      endloop
   endfacet
   facet normal 9.931478e-01 -6.972951e-02 9.378274e-02
      outer loop
         vertex -1.148516e+01 6.112744e+01 -3.978950e+00
         vertex -1.150153e+01 6.116043e+01 -3.781078e+00
         vertex -1.150433e+01 6.110802e+01 -3.790305e+00
      endloop
   endfacet
   facet normal 9.551733e-01 -2.887662e-01 6.525318e-02
      outer loop
         vertex -8.926824e+00 7.467944e+01 -3.638317e+00
         vertex -9.184595e+00 7.407352e+01 -2.546452e+00
         vertex -9.400444e+00 7.313510e+01 -3.539687e+00
      endloop
   endfacet
   facet normal 9.536569e-01 -2.927875e-01 6.938211e-02
      outer loop
         vertex -9.400444e+00 7.313510e+01 -3.539687e+00
         vertex -9.184595e+00 7.407352e+01 -2.546452e+00
         vertex -9.450972e+00 7.320815e+01 -2.536902e+00
      endloop
   endfacet
   facet normal 9.463089e-01 -3.154462e-01 7.066255e-02
      outer loop
         vertex -9.400444e+00 7.313510e+01 -3.539687e+00
         vertex -9.450972e+00 7.320815e+01 -2.536902e+00
         vertex -9.901475e+00 7.164624e+01 -3.476380e+00
      endloop
   endfacet
   facet normal 9.645342e-01 -2.539183e-01 7.210623e-02
      outer loop
         vertex -8.499146e+00 7.626274e+01 -3.783664e+00
         vertex -8.647527e+00 7.602725e+01 -2.628113e+00
         vertex -8.926824e+00 7.467944e+01 -3.638317e+00
      endloop
   endfacet
   facet normal 9.645096e-01 -2.539845e-01 7.220138e-02
      outer loop
         vertex -8.926824e+00 7.467944e+01 -3.638317e+00
         vertex -8.647527e+00 7.602725e+01 -2.628113e+00
         vertex -8.979670e+00 7.478358e+01 -2.566043e+00
      endloop
   endfacet
   facet normal 9.586998e-01 -2.746459e-01 7.392164e-02
      outer loop
         vertex -8.926824e+00 7.467944e+01 -3.638317e+00
         vertex -8.979670e+00 7.478358e+01 -2.566043e+00
         vertex -9.184595e+00 7.407352e+01 -2.546452e+00
      endloop
   endfacet
   facet normal 9.487943e-01 -3.100479e-01 6.049587e-02
      outer loop
         vertex -9.450972e+00 7.320815e+01 -2.536902e+00
         vertex -9.753847e+00 7.228020e+01 -2.542604e+00
         vertex -9.901475e+00 7.164624e+01 -3.476380e+00
      endloop
   endfacet
   facet normal 9.465341e-01 -3.160081e-01 6.489971e-02
      outer loop
         vertex -9.901475e+00 7.164624e+01 -3.476380e+00
         vertex -9.753847e+00 7.228020e+01 -2.542604e+00
         vertex -9.949650e+00 7.169132e+01 -2.554256e+00
      endloop
   endfacet
   facet normal 9.487413e-01 -3.093624e-01 6.469010e-02
      outer loop
         vertex -9.901475e+00 7.164624e+01 -3.476380e+00
         vertex -9.949650e+00 7.169132e+01 -2.554256e+00
         vertex -1.014059e+01 7.091720e+01 -3.455881e+00
      endloop
   endfacet
   facet normal 9.520292e-01 -3.007304e-01 5.658257e-02
      outer loop
         vertex -1.014059e+01 7.091720e+01 -3.455881e+00
         vertex -9.949650e+00 7.169132e+01 -2.554256e+00
         vertex -1.027875e+01 7.064261e+01 -2.590847e+00
      endloop
   endfacet
   facet normal 9.595580e-01 -2.735661e-01 6.640810e-02
      outer loop
         vertex -1.014059e+01 7.091720e+01 -3.455881e+00
         vertex -1.027875e+01 7.064261e+01 -2.590847e+00
         vertex -1.034941e+01 7.018755e+01 -3.444353e+00
      endloop
   endfacet
   facet normal 9.634960e-01 -2.610481e-01 5.940791e-02
      outer loop
         vertex -1.034941e+01 7.018755e+01 -3.444353e+00
         vertex -1.027875e+01 7.064261e+01 -2.590847e+00
         vertex -1.039510e+01 7.020821e+01 -2.612630e+00
      endloop
   endfacet
   facet normal 9.727122e-01 -2.243871e-01 5.900311e-02
      outer loop
         vertex -1.034941e+01 7.018755e+01 -3.444353e+00
         vertex -1.039510e+01 7.020821e+01 -2.612630e+00
         vertex -1.051968e+01 6.944973e+01 -3.443229e+00
      endloop
   endfacet
   facet normal 9.736328e-01 -2.211612e-01 5.591918e-02
      outer loop
         vertex -1.051968e+01 6.944973e+01 -3.443229e+00
         vertex -1.039510e+01 7.020821e+01 -2.612630e+00
         vertex -1.057953e+01 6.938308e+01 -2.664843e+00
      endloop
   endfacet
   facet normal 9.780983e-01 -1.998746e-01 5.808506e-02
      outer loop
         vertex -1.051968e+01 6.944973e+01 -3.443229e+00
         vertex -1.057953e+01 6.938308e+01 -2.664843e+00
         vertex -1.067092e+01 6.870748e+01 -3.450722e+00
      endloop
   endfacet
   facet normal 9.785877e-01 -1.979580e-01 5.638048e-02
      outer loop
         vertex -1.067092e+01 6.870748e+01 -3.450722e+00
         vertex -1.057953e+01 6.938308e+01 -2.664843e+00
         vertex -1.071361e+01 6.870545e+01 -2.716810e+00
      endloop
   endfacet
   facet normal 9.805438e-01 -1.879873e-01 5.652180e-02
      outer loop
         vertex -1.067092e+01 6.870748e+01 -3.450722e+00
         vertex -1.071361e+01 6.870545e+01 -2.716810e+00
         vertex -1.095531e+01 6.740867e+01 -2.836706e+00
      endloop
   endfacet
   facet normal 9.735305e-01 2.074570e-01 9.591581e-02
      outer loop
         vertex -1.171944e+01 1.079498e+02 -4.298360e+00
         vertex -1.172414e+01 1.079431e+02 -4.236224e+00
         vertex -1.163138e+01 1.075533e+02 -4.334583e+00
      endloop
   endfacet
   facet normal 9.732692e-01 2.059483e-01 1.016482e-01
      outer loop
         vertex -1.163138e+01 1.075533e+02 -4.334583e+00
         vertex -1.172414e+01 1.079431e+02 -4.236224e+00
         vertex -1.163510e+01 1.075414e+02 -4.274841e+00
      endloop
   endfacet
   facet normal 9.485903e-01 2.938157e-01 1.176806e-01
      outer loop
         vertex -1.163138e+01 1.075533e+02 -4.334583e+00
         vertex -1.163510e+01 1.075414e+02 -4.274841e+00
         vertex -1.150650e+01 1.071656e+02 -4.373076e+00
      endloop
   endfacet
   facet normal 9.477941e-01 2.891692e-01 1.344154e-01
      outer loop
         vertex -1.150650e+01 1.071656e+02 -4.373076e+00
         vertex -1.163510e+01 1.075414e+02 -4.274841e+00
         vertex -1.151342e+01 1.071581e+02 -4.308185e+00
      endloop
   endfacet
   facet normal 9.366752e-01 3.222702e-01 1.370453e-01
      outer loop
         vertex -1.150650e+01 1.071656e+02 -4.373076e+00
         vertex -1.151342e+01 1.071581e+02 -4.308185e+00
         vertex -1.141377e+01 1.068771e+02 -4.328512e+00
      endloop
   endfacet
   facet normal 9.913764e-01 -1.110730e-01 6.953914e-02
      outer loop
         vertex -7.191929e+00 8.375038e+01 -3.739683e+00
         vertex -7.294788e+00 8.294022e+01 -3.567335e+00
         vertex -7.235624e+00 8.270025e+01 -4.794109e+00
      endloop
   endfacet
   facet normal 9.884576e-01 -1.324314e-01 7.357640e-02
      outer loop
         vertex -7.235624e+00 8.270025e+01 -4.794109e+00
         vertex -7.294788e+00 8.294022e+01 -3.567335e+00
         vertex -7.456236e+00 8.186048e+01 -3.341831e+00
      endloop
   endfacet
   facet normal 9.878781e-01 -1.385891e-01 6.992770e-02
      outer loop
         vertex -7.235624e+00 8.270025e+01 -4.794109e+00
         vertex -7.456236e+00 8.186048e+01 -3.341831e+00
         vertex -7.487659e+00 8.107409e+01 -4.456436e+00
      endloop
   endfacet
   facet normal 9.862752e-01 -1.467266e-01 7.571409e-02
      outer loop
         vertex -7.487659e+00 8.107409e+01 -4.456436e+00
         vertex -7.456236e+00 8.186048e+01 -3.341831e+00
         vertex -7.546376e+00 8.130914e+01 -3.236075e+00
      endloop
   endfacet
   facet normal 9.842677e-01 -1.585829e-01 7.790112e-02
      outer loop
         vertex -7.487659e+00 8.107409e+01 -4.456436e+00
         vertex -7.546376e+00 8.130914e+01 -3.236075e+00
         vertex -7.629308e+00 8.026647e+01 -4.310798e+00
      endloop
   endfacet
   facet normal 9.841620e-01 -1.590234e-01 7.833667e-02
      outer loop
         vertex -7.629308e+00 8.026647e+01 -4.310798e+00
         vertex -7.546376e+00 8.130914e+01 -3.236075e+00
         vertex -7.764226e+00 8.006027e+01 -3.034363e+00
      endloop
   endfacet
   facet normal 9.823073e-01 -1.710754e-01 7.619377e-02
      outer loop
         vertex -7.629308e+00 8.026647e+01 -4.310798e+00
         vertex -7.764226e+00 8.006027e+01 -3.034363e+00
         vertex -7.779177e+00 7.946130e+01 -4.186469e+00
      endloop
   endfacet
   facet normal 9.823712e-01 -1.707777e-01 7.603816e-02
      outer loop
         vertex -7.779177e+00 7.946130e+01 -4.186469e+00
         vertex -7.764226e+00 8.006027e+01 -3.034363e+00
         vertex -7.837061e+00 7.966460e+01 -2.982052e+00
      endloop
   endfacet
   facet normal 9.778523e-01 -1.935423e-01 7.966347e-02
      outer loop
         vertex -7.779177e+00 7.946130e+01 -4.186469e+00
         vertex -7.837061e+00 7.966460e+01 -2.982052e+00
         vertex -8.113622e+00 7.785876e+01 -3.974597e+00
      endloop
   endfacet
   facet normal 9.791213e-01 -1.898637e-01 7.261713e-02
      outer loop
         vertex -8.113622e+00 7.785876e+01 -3.974597e+00
         vertex -7.837061e+00 7.966460e+01 -2.982052e+00
         vertex -8.150366e+00 7.811507e+01 -2.809023e+00
      endloop
   endfacet
   facet normal 9.710656e-01 -2.249840e-01 8.008606e-02
      outer loop
         vertex -8.113622e+00 7.785876e+01 -3.974597e+00
         vertex -8.150366e+00 7.811507e+01 -2.809023e+00
         vertex -8.499146e+00 7.626274e+01 -3.783664e+00
      endloop
   endfacet
   facet normal 9.722620e-01 -2.219292e-01 7.385211e-02
      outer loop
         vertex -8.499146e+00 7.626274e+01 -3.783664e+00
         vertex -8.150366e+00 7.811507e+01 -2.809023e+00
         vertex -8.554107e+00 7.639801e+01 -2.653636e+00
      endloop
   endfacet
   facet normal 9.681329e-01 -2.387337e-01 7.566281e-02
      outer loop
         vertex -8.499146e+00 7.626274e+01 -3.783664e+00
         vertex -8.554107e+00 7.639801e+01 -2.653636e+00
         vertex -8.647527e+00 7.602725e+01 -2.628113e+00
      endloop
   endfacet
   facet normal -1.799901e-01 9.793424e-01 9.215180e-02
      outer loop
         vertex -1.199487e+01 1.078997e+02 -4.303078e+00
         vertex -1.199018e+01 1.078947e+02 -4.240782e+00
         vertex -1.172414e+01 1.079431e+02 -4.236224e+00
      endloop
   endfacet
   facet normal -1.799901e-01 9.793520e-01 9.204991e-02
      outer loop
         vertex -1.172414e+01 1.079431e+02 -4.236224e+00
         vertex -1.199018e+01 1.078947e+02 -4.240782e+00
         vertex -1.197642e+01 1.078888e+02 -4.151416e+00
      endloop
   endfacet
   facet normal -1.799774e-01 9.793501e-01 9.209531e-02
      outer loop
         vertex -1.172414e+01 1.079431e+02 -4.236224e+00
         vertex -1.171944e+01 1.079498e+02 -4.298360e+00
         vertex -1.199487e+01 1.078997e+02 -4.303078e+00
      endloop
   endfacet
   facet normal -1.799774e-01 9.793448e-01 9.215104e-02
      outer loop
         vertex -1.199487e+01 1.078997e+02 -4.303078e+00
         vertex -1.171944e+01 1.079498e+02 -4.298360e+00
         vertex -1.172414e+01 1.079548e+02 -4.360656e+00
      endloop
   endfacet
   facet normal -1.799901e-01 9.793479e-01 9.209411e-02
      outer loop
         vertex -1.199487e+01 1.078997e+02 -4.303078e+00
         vertex -1.172414e+01 1.079548e+02 -4.360656e+00
         vertex -1.199018e+01 1.079064e+02 -4.365214e+00
      endloop
   endfacet
   facet normal -1.799901e-01 9.793502e-01 9.206883e-02
      outer loop
         vertex -1.199018e+01 1.079064e+02 -4.365214e+00
         vertex -1.172414e+01 1.079548e+02 -4.360656e+00
         vertex -1.197642e+01 1.079172e+02 -4.454107e+00
      endloop
   endfacet
   facet normal -1.799834e-01 9.793533e-01 9.204944e-02
      outer loop
         vertex -1.172414e+01 1.079548e+02 -4.360656e+00
         vertex -1.173789e+01 1.079607e+02 -4.450021e+00
         vertex -1.197642e+01 1.079172e+02 -4.454107e+00
      endloop
   endfacet
   facet normal -1.799834e-01 9.793455e-01 9.213291e-02
      outer loop
         vertex -1.197642e+01 1.079172e+02 -4.454107e+00
         vertex -1.173789e+01 1.079607e+02 -4.450021e+00
         vertex -1.175978e+01 1.079652e+02 -4.540688e+00
      endloop
   endfacet
   facet normal -1.799901e-01 9.793458e-01 9.211632e-02
      outer loop
         vertex -1.197642e+01 1.079172e+02 -4.454107e+00
         vertex -1.175978e+01 1.079652e+02 -4.540688e+00
         vertex -1.195453e+01 1.079297e+02 -4.544025e+00
      endloop
   endfacet
   facet normal -1.799901e-01 9.793521e-01 9.204897e-02
      outer loop
         vertex -1.195453e+01 1.079297e+02 -4.544025e+00
         vertex -1.175978e+01 1.079652e+02 -4.540688e+00
         vertex -1.192601e+01 1.079421e+02 -4.619605e+00
      endloop
   endfacet
   facet normal -1.799646e-01 9.793629e-01 9.198436e-02
      outer loop
         vertex -1.192601e+01 1.078823e+02 -3.984192e+00
         vertex -1.189280e+01 1.078836e+02 -3.933172e+00
         vertex -1.185716e+01 1.078885e+02 -3.914921e+00
      endloop
   endfacet
   facet normal -1.799987e-01 9.793533e-01 9.201914e-02
      outer loop
         vertex -1.185716e+01 1.078885e+02 -3.914921e+00
         vertex -1.182151e+01 1.078966e+02 -3.931950e+00
         vertex -1.192601e+01 1.078823e+02 -3.984192e+00
      endloop
   endfacet
   facet normal -1.800288e-01 9.793418e-01 9.208248e-02
      outer loop
         vertex -1.192601e+01 1.078823e+02 -3.984192e+00
         vertex -1.182151e+01 1.078966e+02 -3.931950e+00
         vertex -1.178830e+01 1.079074e+02 -3.981832e+00
      endloop
   endfacet
   facet normal -1.800288e-01 9.793368e-01 9.213662e-02
      outer loop
         vertex -1.192601e+01 1.078823e+02 -3.984192e+00
         vertex -1.178830e+01 1.079074e+02 -3.981832e+00
         vertex -1.195453e+01 1.078843e+02 -4.060749e+00
      endloop
   endfacet
   facet normal -1.799901e-01 9.793520e-01 9.205059e-02
      outer loop
         vertex -1.195453e+01 1.078843e+02 -4.060749e+00
         vertex -1.178830e+01 1.079074e+02 -3.981832e+00
         vertex -1.175978e+01 1.079198e+02 -4.057413e+00
      endloop
   endfacet
   facet normal -1.799901e-01 9.793440e-01 9.213493e-02
      outer loop
         vertex -1.195453e+01 1.078843e+02 -4.060749e+00
         vertex -1.175978e+01 1.079198e+02 -4.057413e+00
         vertex -1.197642e+01 1.078888e+02 -4.151416e+00
      endloop
   endfacet
   facet normal -1.799832e-01 9.793469e-01 9.211815e-02
      outer loop
         vertex -1.197642e+01 1.078888e+02 -4.151416e+00
         vertex -1.175978e+01 1.079198e+02 -4.057413e+00
         vertex -1.173789e+01 1.079322e+02 -4.147330e+00
      endloop
   endfacet
   facet normal -1.799832e-01 9.793514e-01 9.207004e-02
      outer loop
         vertex -1.197642e+01 1.078888e+02 -4.151416e+00
         vertex -1.173789e+01 1.079322e+02 -4.147330e+00
         vertex -1.172414e+01 1.079431e+02 -4.236224e+00
      endloop
   endfacet
   facet normal -1.799896e-01 9.793534e-01 9.203575e-02
      outer loop
         vertex -1.185716e+01 1.079610e+02 -4.686517e+00
         vertex -1.189280e+01 1.079529e+02 -4.669487e+00
         vertex -1.182151e+01 1.079658e+02 -4.668266e+00
      endloop
   endfacet
   facet normal -1.799896e-01 9.793462e-01 9.211289e-02
      outer loop
         vertex -1.182151e+01 1.079658e+02 -4.668266e+00
         vertex -1.189280e+01 1.079529e+02 -4.669487e+00
         vertex -1.192601e+01 1.079421e+02 -4.619605e+00
      endloop
   endfacet
   facet normal -1.800285e-01 9.793469e-01 9.202968e-02
      outer loop
         vertex -1.182151e+01 1.079658e+02 -4.668266e+00
         vertex -1.192601e+01 1.079421e+02 -4.619605e+00
         vertex -1.178830e+01 1.079672e+02 -4.617246e+00
      endloop
   endfacet
   facet normal -1.800285e-01 9.793370e-01 9.213432e-02
      outer loop
         vertex -1.178830e+01 1.079672e+02 -4.617246e+00
         vertex -1.192601e+01 1.079421e+02 -4.619605e+00
         vertex -1.175978e+01 1.079652e+02 -4.540688e+00
      endloop
   endfacet
   facet normal 9.877450e-01 3.910099e-02 -1.510988e-01
      outer loop
         vertex -1.172216e+01 5.793889e+01 -4.362096e+00
         vertex -1.173612e+01 5.794710e+01 -4.451244e+00
         vertex -1.173173e+01 5.834457e+01 -4.319660e+00
      endloop
   endfacet
   facet normal 9.840293e-01 4.604462e-02 -1.719486e-01
      outer loop
         vertex -1.173173e+01 5.834457e+01 -4.319660e+00
         vertex -1.173612e+01 5.794710e+01 -4.451244e+00
         vertex -1.174724e+01 5.835228e+01 -4.406383e+00
      endloop
   endfacet
   facet normal 9.825116e-01 -4.761811e-02 -1.800096e-01
      outer loop
         vertex -1.173173e+01 5.834457e+01 -4.319660e+00
         vertex -1.174724e+01 5.835228e+01 -4.406383e+00
         vertex -1.170522e+01 5.875041e+01 -4.282344e+00
      endloop
   endfacet
   facet normal 9.752949e-01 -3.498310e-02 -2.181194e-01
      outer loop
         vertex -1.170522e+01 5.875041e+01 -4.282344e+00
         vertex -1.174724e+01 5.835228e+01 -4.406383e+00
         vertex -1.172577e+01 5.875880e+01 -4.375563e+00
      endloop
   endfacet
   facet normal 9.711747e-01 -8.706304e-02 -2.219003e-01
      outer loop
         vertex -1.170522e+01 5.875041e+01 -4.282344e+00
         vertex -1.172577e+01 5.875880e+01 -4.375563e+00
         vertex -1.162016e+01 5.955775e+01 -4.226854e+00
      endloop
   endfacet
   facet normal 9.628924e-01 -7.925149e-02 -2.579871e-01
      outer loop
         vertex -1.162016e+01 5.955775e+01 -4.226854e+00
         vertex -1.172577e+01 5.875880e+01 -4.375563e+00
         vertex -1.165431e+01 5.956927e+01 -4.357818e+00
      endloop
   endfacet
   facet normal 9.634983e-01 -7.293001e-02 -2.575893e-01
      outer loop
         vertex -1.162016e+01 5.955775e+01 -4.226854e+00
         vertex -1.165431e+01 5.956927e+01 -4.357818e+00
         vertex -1.155065e+01 6.035580e+01 -4.192773e+00
      endloop
   endfacet
   facet normal 9.679878e-01 -7.747696e-02 -2.387403e-01
      outer loop
         vertex -1.155065e+01 6.035580e+01 -4.192773e+00
         vertex -1.165431e+01 5.956927e+01 -4.357818e+00
         vertex -1.159721e+01 6.037207e+01 -4.386840e+00
      endloop
   endfacet
   facet normal 9.702650e-01 -4.946175e-02 -2.369376e-01
      outer loop
         vertex -1.155065e+01 6.035580e+01 -4.192773e+00
         vertex -1.159721e+01 6.037207e+01 -4.386840e+00
         vertex -1.150433e+01 6.114473e+01 -4.167814e+00
      endloop
   endfacet
   facet normal 9.764253e-01 -5.846547e-02 -2.077872e-01
      outer loop
         vertex -1.150433e+01 6.114473e+01 -4.167814e+00
         vertex -1.159721e+01 6.037207e+01 -4.386840e+00
         vertex -1.156056e+01 6.116791e+01 -4.438540e+00
      endloop
   endfacet
   facet normal 9.774151e-01 -4.380731e-02 -2.067379e-01
      outer loop
         vertex -1.150433e+01 6.114473e+01 -4.167814e+00
         vertex -1.156056e+01 6.116791e+01 -4.438540e+00
         vertex -1.142232e+01 6.270560e+01 -4.110821e+00
      endloop
   endfacet
   facet normal 9.836298e-01 -5.163191e-02 -1.726455e-01
      outer loop
         vertex -1.142232e+01 6.270560e+01 -4.110821e+00
         vertex -1.156056e+01 6.116791e+01 -4.438540e+00
         vertex -1.149550e+01 6.274596e+01 -4.539819e+00
      endloop
   endfacet
   facet normal 9.847716e-01 -3.160420e-02 -1.709561e-01
      outer loop
         vertex -1.142232e+01 6.270560e+01 -4.110821e+00
         vertex -1.149550e+01 6.274596e+01 -4.539819e+00
         vertex -1.136653e+01 6.424539e+01 -4.074123e+00
      endloop
   endfacet
   facet normal 9.875965e-01 -3.759612e-02 -1.524459e-01
      outer loop
         vertex -1.136653e+01 6.424539e+01 -4.074123e+00
         vertex -1.149550e+01 6.274596e+01 -4.539819e+00
         vertex -1.145537e+01 6.429207e+01 -4.661165e+00
      endloop
   endfacet
   facet normal 9.853381e-01 -7.169882e-02 -1.548162e-01
      outer loop
         vertex -1.136653e+01 6.424539e+01 -4.074123e+00
         vertex -1.145537e+01 6.429207e+01 -4.661165e+00
         vertex -1.131080e+01 6.500425e+01 -4.070864e+00
      endloop
   endfacet
   facet normal 9.859907e-01 -7.790346e-02 -1.474903e-01
      outer loop
         vertex -1.131080e+01 6.500425e+01 -4.070864e+00
         vertex -1.145537e+01 6.429207e+01 -4.661165e+00
         vertex -1.140676e+01 6.505147e+01 -4.737305e+00
      endloop
   endfacet
   facet normal 9.825754e-01 -1.106750e-01 -1.493203e-01
      outer loop
         vertex -1.131080e+01 6.500425e+01 -4.070864e+00
         vertex -1.140676e+01 6.505147e+01 -4.737305e+00
         vertex -1.122714e+01 6.575620e+01 -4.077652e+00
      endloop
   endfacet
   facet normal 9.828363e-01 -1.170100e-01 -1.426233e-01
      outer loop
         vertex -1.122714e+01 6.575620e+01 -4.077652e+00
         vertex -1.140676e+01 6.505147e+01 -4.737305e+00
         vertex -1.132978e+01 6.580288e+01 -4.823260e+00
      endloop
   endfacet
   facet normal 9.768411e-01 -1.579295e-01 -1.443597e-01
      outer loop
         vertex -1.122714e+01 6.575620e+01 -4.077652e+00
         vertex -1.132978e+01 6.580288e+01 -4.823260e+00
         vertex -1.099233e+01 6.724487e+01 -4.117409e+00
      endloop
   endfacet
   facet normal 9.775625e-01 -1.641348e-01 -1.320277e-01
      outer loop
         vertex -1.099233e+01 6.724487e+01 -4.117409e+00
         vertex -1.132978e+01 6.580288e+01 -4.823260e+00
         vertex -1.110707e+01 6.728663e+01 -5.018870e+00
      endloop
   endfacet
   facet normal 9.728566e-01 -1.896429e-01 -1.326104e-01
      outer loop
         vertex -1.099233e+01 6.724487e+01 -4.117409e+00
         vertex -1.110707e+01 6.728663e+01 -5.018870e+00
         vertex -1.071361e+01 6.872162e+01 -4.184505e+00
      endloop
   endfacet
   facet normal 9.730190e-01 -1.962323e-01 -1.213541e-01
      outer loop
         vertex -1.071361e+01 6.872162e+01 -4.184505e+00
         vertex -1.110707e+01 6.728663e+01 -5.018870e+00
         vertex -1.083878e+01 6.875096e+01 -5.235599e+00
      endloop
   endfacet
   facet normal 9.712115e-01 -2.049740e-01 -1.213829e-01
      outer loop
         vertex -1.071361e+01 6.872162e+01 -4.184505e+00
         vertex -1.083878e+01 6.875096e+01 -5.235599e+00
         vertex -1.056394e+01 6.945590e+01 -4.226933e+00
      endloop
   endfacet
   facet normal 9.702808e-01 -2.123977e-01 -1.159410e-01
      outer loop
         vertex -1.056394e+01 6.945590e+01 -4.226933e+00
         vertex -1.083878e+01 6.875096e+01 -5.235599e+00
         vertex -1.069371e+01 6.947596e+01 -5.349654e+00
      endloop
   endfacet
   facet normal 9.659005e-01 -2.315855e-01 -1.157775e-01
      outer loop
         vertex -1.056394e+01 6.945590e+01 -4.226933e+00
         vertex -1.069371e+01 6.947596e+01 -5.349654e+00
         vertex -1.039510e+01 7.018481e+01 -4.276306e+00
      endloop
   endfacet
   facet normal 9.646479e-01 -2.393492e-01 -1.103017e-01
      outer loop
         vertex -1.039510e+01 7.018481e+01 -4.276306e+00
         vertex -1.069371e+01 6.947596e+01 -5.349654e+00
         vertex -1.052903e+01 7.019433e+01 -5.468305e+00
      endloop
   endfacet
   facet normal 9.528068e-01 -2.832101e-01 -1.093213e-01
      outer loop
         vertex -1.039510e+01 7.018481e+01 -4.276306e+00
         vertex -1.052903e+01 7.019433e+01 -5.468305e+00
         vertex -1.018756e+01 7.090544e+01 -4.334376e+00
      endloop
   endfacet
   facet normal 9.510128e-01 -2.912196e-01 -1.037581e-01
      outer loop
         vertex -1.018756e+01 7.090544e+01 -4.334376e+00
         vertex -1.052903e+01 7.019433e+01 -5.468305e+00
         vertex -1.032527e+01 7.090427e+01 -5.593263e+00
      endloop
   endfacet
   facet normal 9.415769e-01 -3.207585e-01 -1.026985e-01
      outer loop
         vertex -1.018756e+01 7.090544e+01 -4.334376e+00
         vertex -1.032527e+01 7.090427e+01 -5.593263e+00
         vertex -9.949650e+00 7.162463e+01 -4.399360e+00
      endloop
   endfacet
   facet normal 9.393121e-01 -3.290742e-01 -9.696855e-02
      outer loop
         vertex -9.949650e+00 7.162463e+01 -4.399360e+00
         vertex -1.032527e+01 7.090427e+01 -5.593263e+00
         vertex -1.009089e+01 7.161129e+01 -5.722233e+00
      endloop
   endfacet
   facet normal 9.391572e-01 -3.295223e-01 -9.694749e-02
      outer loop
         vertex -9.949650e+00 7.162463e+01 -4.399360e+00
         vertex -1.009089e+01 7.161129e+01 -5.722233e+00
         vertex -9.450972e+00 7.308846e+01 -4.544058e+00
      endloop
   endfacet
   facet normal 9.372893e-01 -3.379309e-01 -8.539044e-02
      outer loop
         vertex -9.450972e+00 7.308846e+01 -4.544058e+00
         vertex -1.009089e+01 7.161129e+01 -5.722233e+00
         vertex -9.599113e+00 7.304145e+01 -5.984074e+00
      endloop
   endfacet
   facet normal 9.482750e-01 -3.051266e-01 -8.759157e-02
      outer loop
         vertex -9.450972e+00 7.308846e+01 -4.544058e+00
         vertex -9.599113e+00 7.304145e+01 -5.984074e+00
         vertex -8.979670e+00 7.460162e+01 -4.712812e+00
      endloop
   endfacet
   facet normal 9.465139e-01 -3.134625e-01 -7.650311e-02
      outer loop
         vertex -8.979670e+00 7.460162e+01 -4.712812e+00
         vertex -9.599113e+00 7.304145e+01 -5.984074e+00
         vertex -9.134606e+00 7.450987e+01 -6.253761e+00
      endloop
   endfacet
   facet normal 9.584995e-01 -2.736162e-01 -8.008081e-02
      outer loop
         vertex -8.979670e+00 7.460162e+01 -4.712812e+00
         vertex -9.134606e+00 7.450987e+01 -6.253761e+00
         vertex -8.554107e+00 7.615197e+01 -4.916354e+00
      endloop
   endfacet
   facet normal 9.571602e-01 -2.808007e-01 -7.067806e-02
      outer loop
         vertex -8.554107e+00 7.615197e+01 -4.916354e+00
         vertex -9.134606e+00 7.450987e+01 -6.253761e+00
         vertex -8.715244e+00 7.601164e+01 -6.541003e+00
      endloop
   endfacet
   facet normal 9.657997e-01 -2.484059e-01 -7.433326e-02
      outer loop
         vertex -8.554107e+00 7.615197e+01 -4.916354e+00
         vertex -8.715244e+00 7.601164e+01 -6.541003e+00
         vertex -8.170280e+00 7.771495e+01 -5.152485e+00
      endloop
   endfacet
   facet normal 9.647705e-01 -2.545913e-01 -6.634160e-02
      outer loop
         vertex -8.170280e+00 7.771495e+01 -5.152485e+00
         vertex -8.715244e+00 7.601164e+01 -6.541003e+00
         vertex -8.336392e+00 7.752575e+01 -6.842101e+00
      endloop
   endfacet
   facet normal 9.732498e-01 -2.184308e-01 -7.122442e-02
      outer loop
         vertex -8.170280e+00 7.771495e+01 -5.152485e+00
         vertex -8.336392e+00 7.752575e+01 -6.842101e+00
         vertex -7.837061e+00 7.927846e+01 -5.394171e+00
      endloop
   endfacet
   facet normal 9.723585e-01 -2.247623e-01 -6.325279e-02
      outer loop
         vertex -7.837061e+00 7.927846e+01 -5.394171e+00
         vertex -8.336392e+00 7.752575e+01 -6.842101e+00
         vertex -8.006766e+00 7.903187e+01 -7.126744e+00
      endloop
   endfacet
   facet normal 9.788755e-01 -1.926549e-01 -6.846087e-02
      outer loop
         vertex -7.837061e+00 7.927846e+01 -5.394171e+00
         vertex -8.006766e+00 7.903187e+01 -7.126744e+00
         vertex -7.546376e+00 8.085705e+01 -5.680133e+00
      endloop
   endfacet
   facet normal 9.783611e-01 -1.972324e-01 -6.252171e-02
      outer loop
         vertex -7.546376e+00 8.085705e+01 -5.680133e+00
         vertex -8.006766e+00 7.903187e+01 -7.126744e+00
         vertex -7.718523e+00 8.055961e+01 -7.435662e+00
      endloop
   endfacet
   facet normal 9.835353e-01 -1.674005e-01 -6.808345e-02
      outer loop
         vertex -7.546376e+00 8.085705e+01 -5.680133e+00
         vertex -7.718523e+00 8.055961e+01 -7.435662e+00
         vertex -7.294788e+00 8.247492e+01 -6.023641e+00
      endloop
   endfacet
   facet normal 9.834758e-01 -1.681848e-01 -6.700172e-02
      outer loop
         vertex -7.294788e+00 8.247492e+01 -6.023641e+00
         vertex -7.718523e+00 8.055961e+01 -7.435662e+00
         vertex -7.468249e+00 8.216312e+01 -7.787096e+00
      endloop
   endfacet
   facet normal 9.878086e-01 -1.375815e-01 -7.283892e-02
      outer loop
         vertex -7.294788e+00 8.247492e+01 -6.023641e+00
         vertex -7.468249e+00 8.216312e+01 -7.787096e+00
         vertex -7.191929e+00 8.330438e+01 -6.195447e+00
      endloop
   endfacet
   facet normal 9.879598e-01 -1.357795e-01 -7.415728e-02
      outer loop
         vertex -7.191929e+00 8.330438e+01 -6.195447e+00
         vertex -7.468249e+00 8.216312e+01 -7.787096e+00
         vertex -7.365592e+00 8.300330e+01 -7.957791e+00
      endloop
   endfacet
   facet normal 9.907472e-01 -1.105413e-01 -7.874374e-02
      outer loop
         vertex -7.191929e+00 8.330438e+01 -6.195447e+00
         vertex -7.365592e+00 8.300330e+01 -7.957791e+00
         vertex -7.110178e+00 8.414847e+01 -6.351812e+00
      endloop
   endfacet
   facet normal 9.908910e-01 -1.077830e-01 -8.073344e-02
      outer loop
         vertex -7.110178e+00 8.414847e+01 -6.351812e+00
         vertex -7.365592e+00 8.300330e+01 -7.957791e+00
         vertex -7.283713e+00 8.386969e+01 -8.109512e+00
      endloop
   endfacet
   facet normal 9.931848e-01 -7.921692e-02 -8.549072e-02
      outer loop
         vertex -7.110178e+00 8.414847e+01 -6.351812e+00
         vertex -7.283713e+00 8.386969e+01 -8.109512e+00
         vertex -7.053099e+00 8.500581e+01 -6.483117e+00
      endloop
   endfacet
   facet normal 9.932340e-01 -7.636637e-02 -8.748896e-02
      outer loop
         vertex -7.053099e+00 8.500581e+01 -6.483117e+00
         vertex -7.283713e+00 8.386969e+01 -8.109512e+00
         vertex -7.226153e+00 8.475894e+01 -8.232262e+00
      endloop
   endfacet
   facet normal 9.947071e-01 -4.588480e-02 -9.193675e-02
      outer loop
         vertex -7.053099e+00 8.500581e+01 -6.483117e+00
         vertex -7.226153e+00 8.475894e+01 -8.232262e+00
         vertex -7.022464e+00 8.587287e+01 -6.584405e+00
      endloop
   endfacet
   facet normal 9.946685e-01 -4.370606e-02 -9.340478e-02
      outer loop
         vertex -7.022464e+00 8.587287e+01 -6.584405e+00
         vertex -7.226153e+00 8.475894e+01 -8.232262e+00
         vertex -7.194665e+00 8.566414e+01 -8.320505e+00
      endloop
   endfacet
   facet normal 9.951830e-01 -1.410168e-02 -9.701522e-02
      outer loop
         vertex -7.022464e+00 8.587287e+01 -6.584405e+00
         vertex -7.194665e+00 8.566414e+01 -8.320505e+00
         vertex -7.017296e+00 8.674357e+01 -6.657949e+00
      endloop
   endfacet
   facet normal 9.951257e-01 -1.294264e-02 -9.776163e-02
      outer loop
         vertex -7.017296e+00 8.674357e+01 -6.657949e+00
         vertex -7.194665e+00 8.566414e+01 -8.320505e+00
         vertex -7.188254e+00 8.657432e+01 -8.375738e+00
      endloop
   endfacet
   facet normal 9.948840e-01 1.251600e-02 -1.002460e-01
      outer loop
         vertex -7.017296e+00 8.674357e+01 -6.657949e+00
         vertex -7.188254e+00 8.657432e+01 -8.375738e+00
         vertex -7.033772e+00 8.761052e+01 -6.713223e+00
      endloop
   endfacet
   facet normal 9.948549e-01 1.290402e-02 -1.004852e-01
      outer loop
         vertex -7.033772e+00 8.761052e+01 -6.713223e+00
         vertex -7.188254e+00 8.657432e+01 -8.375738e+00
         vertex -7.203084e+00 8.747693e+01 -8.406655e+00
      endloop
   endfacet
   facet normal 9.940053e-01 3.830129e-02 -1.024037e-01
      outer loop
         vertex -7.033772e+00 8.761052e+01 -6.713223e+00
         vertex -7.203084e+00 8.747693e+01 -8.406655e+00
         vertex -7.070946e+00 8.847462e+01 -6.750869e+00
      endloop
   endfacet
   facet normal 9.940304e-01 3.804877e-02 -1.022536e-01
      outer loop
         vertex -7.070946e+00 8.847462e+01 -6.750869e+00
         vertex -7.203084e+00 8.747693e+01 -8.406655e+00
         vertex -7.238195e+00 8.837415e+01 -8.414125e+00
      endloop
   endfacet
   facet normal 9.923950e-01 6.618192e-02 -1.037887e-01
      outer loop
         vertex -7.070946e+00 8.847462e+01 -6.750869e+00
         vertex -7.238195e+00 8.837415e+01 -8.414125e+00
         vertex -7.130175e+00 8.933753e+01 -6.766961e+00
      endloop
   endfacet
   facet normal 9.925290e-01 6.512114e-02 -1.031770e-01
      outer loop
         vertex -7.130175e+00 8.933753e+01 -6.766961e+00
         vertex -7.238195e+00 8.837415e+01 -8.414125e+00
         vertex -7.294948e+00 8.926980e+01 -8.394768e+00
      endloop
   endfacet
   facet normal 9.899036e-01 9.608999e-02 -1.041998e-01
      outer loop
         vertex -7.130175e+00 8.933753e+01 -6.766961e+00
         vertex -7.294948e+00 8.926980e+01 -8.394768e+00
         vertex -7.212832e+00 9.019747e+01 -6.759183e+00
      endloop
   endfacet
   facet normal 9.902121e-01 9.409483e-02 -1.030836e-01
      outer loop
         vertex -7.212832e+00 9.019747e+01 -6.759183e+00
         vertex -7.294948e+00 8.926980e+01 -8.394768e+00
         vertex -7.374741e+00 9.016222e+01 -8.346649e+00
      endloop
   endfacet
   facet normal 9.864158e-01 1.276086e-01 -1.034407e-01
      outer loop
         vertex -7.212832e+00 9.019747e+01 -6.759183e+00
         vertex -7.374741e+00 9.016222e+01 -8.346649e+00
         vertex -7.319798e+00 9.105054e+01 -6.726851e+00
      endloop
   endfacet
   facet normal 9.869398e-01 1.247654e-01 -1.018993e-01
      outer loop
         vertex -7.319798e+00 9.105054e+01 -6.726851e+00
         vertex -7.374741e+00 9.016222e+01 -8.346649e+00
         vertex -7.478496e+00 9.104609e+01 -8.269357e+00
      endloop
   endfacet
   facet normal 9.819144e-01 1.598291e-01 -1.014833e-01
      outer loop
         vertex -7.319798e+00 9.105054e+01 -6.726851e+00
         vertex -7.478496e+00 9.104609e+01 -8.269357e+00
         vertex -7.450972e+00 9.189192e+01 -6.670912e+00
      endloop
   endfacet
   facet normal 9.826183e-01 1.565531e-01 -9.976194e-02
      outer loop
         vertex -7.450972e+00 9.189192e+01 -6.670912e+00
         vertex -7.478496e+00 9.104609e+01 -8.269357e+00
         vertex -7.606158e+00 9.191447e+01 -8.164053e+00
      endloop
   endfacet
   facet normal 9.765885e-01 1.911819e-01 -9.861221e-02
      outer loop
         vertex -7.450972e+00 9.189192e+01 -6.670912e+00
         vertex -7.606158e+00 9.191447e+01 -8.164053e+00
         vertex -7.604765e+00 9.271722e+01 -6.593948e+00
      endloop
   endfacet
   facet normal 9.773119e-01 1.882337e-01 -9.710556e-02
      outer loop
         vertex -7.604765e+00 9.271722e+01 -6.593948e+00
         vertex -7.606158e+00 9.191447e+01 -8.164053e+00
         vertex -7.756188e+00 9.276076e+01 -8.033525e+00
      endloop
   endfacet
   facet normal 9.709934e-01 2.192050e-01 -9.550420e-02
      outer loop
         vertex -7.604765e+00 9.271722e+01 -6.593948e+00
         vertex -7.756188e+00 9.276076e+01 -8.033525e+00
         vertex -7.777611e+00 9.352372e+01 -6.500172e+00
      endloop
   endfacet
   facet normal 9.714457e-01 2.175537e-01 -9.467624e-02
      outer loop
         vertex -7.777611e+00 9.352372e+01 -6.500172e+00
         vertex -7.756188e+00 9.276076e+01 -8.033525e+00
         vertex -7.925058e+00 9.358066e+01 -7.882232e+00
      endloop
   endfacet
   facet normal 9.662161e-01 2.402991e-01 -9.318115e-02
      outer loop
         vertex -7.777611e+00 9.352372e+01 -6.500172e+00
         vertex -7.925058e+00 9.358066e+01 -7.882232e+00
         vertex -7.963463e+00 9.431162e+01 -6.395430e+00
      endloop
   endfacet
   facet normal 9.660881e-01 2.407301e-01 -9.339636e-02
      outer loop
         vertex -7.963463e+00 9.431162e+01 -6.395430e+00
         vertex -7.925058e+00 9.358066e+01 -7.882232e+00
         vertex -8.106749e+00 9.437417e+01 -7.716355e+00
      endloop
   endfacet
   facet normal 9.650073e-01 2.451508e-01 -9.306980e-02
      outer loop
         vertex -7.963463e+00 9.431162e+01 -6.395430e+00
         vertex -8.106749e+00 9.437417e+01 -7.716355e+00
         vertex -8.335089e+00 9.585465e+01 -6.184268e+00
      endloop
   endfacet
   facet normal 9.638779e-01 2.483239e-01 -9.630434e-02
      outer loop
         vertex -8.335089e+00 9.585465e+01 -6.184268e+00
         vertex -8.106749e+00 9.437417e+01 -7.716355e+00
         vertex -8.469488e+00 9.591486e+01 -7.374176e+00
      endloop
   endfacet
   facet normal 9.676294e-01 2.327748e-01 -9.751484e-02
      outer loop
         vertex -8.335089e+00 9.585465e+01 -6.184268e+00
         vertex -8.469488e+00 9.591486e+01 -7.374176e+00
         vertex -8.684997e+00 9.739251e+01 -5.985399e+00
      endloop
   endfacet
   facet normal 9.663581e-01 2.363285e-01 -1.014932e-01
      outer loop
         vertex -8.684997e+00 9.739251e+01 -5.985399e+00
         vertex -8.469488e+00 9.591486e+01 -7.374176e+00
         vertex -8.809509e+00 9.745082e+01 -7.035142e+00
      endloop
   endfacet
   facet normal 9.615948e-01 2.556650e-01 -9.985404e-02
      outer loop
         vertex -8.684997e+00 9.739251e+01 -5.985399e+00
         vertex -8.809509e+00 9.745082e+01 -7.035142e+00
         vertex -9.066350e+00 9.891471e+01 -5.760397e+00
      endloop
   endfacet
   facet normal 9.597534e-01 2.602698e-01 -1.055131e-01
      outer loop
         vertex -9.066350e+00 9.891471e+01 -5.760397e+00
         vertex -8.809509e+00 9.745082e+01 -7.035142e+00
         vertex -9.179758e+00 9.896773e+01 -6.661183e+00
      endloop
   endfacet
   facet normal 9.563568e-01 2.729375e-01 -1.043399e-01
      outer loop
         vertex -9.066350e+00 9.891471e+01 -5.760397e+00
         vertex -9.179758e+00 9.896773e+01 -6.661183e+00
         vertex -9.874376e+00 1.019301e+02 -5.278752e+00
      endloop
   endfacet
   facet normal 9.517342e-01 2.808903e-01 -1.237042e-01
      outer loop
         vertex -9.874376e+00 1.019301e+02 -5.278752e+00
         vertex -9.179758e+00 9.896773e+01 -6.661183e+00
         vertex -9.961789e+00 1.019674e+02 -5.866619e+00
      endloop
   endfacet
   facet normal 9.515759e-01 2.814520e-01 -1.236451e-01
      outer loop
         vertex -9.874376e+00 1.019301e+02 -5.278752e+00
         vertex -9.961789e+00 1.019674e+02 -5.866619e+00
         vertex -1.028743e+01 1.034315e+02 -5.040138e+00
      endloop
   endfacet
   facet normal 9.470848e-01 2.892317e-01 -1.391958e-01
      outer loop
         vertex -1.028743e+01 1.034315e+02 -5.040138e+00
         vertex -9.961789e+00 1.019674e+02 -5.866619e+00
         vertex -1.035955e+01 1.034605e+02 -5.470430e+00
      endloop
   endfacet
   facet normal 9.373735e-01 3.209206e-01 -1.354283e-01
      outer loop
         vertex -1.028743e+01 1.034315e+02 -5.040138e+00
         vertex -1.035955e+01 1.034605e+02 -5.470430e+00
         vertex -1.075567e+01 1.049143e+02 -4.767243e+00
      endloop
   endfacet
   facet normal 9.263525e-01 3.353572e-01 -1.714833e-01
      outer loop
         vertex -1.075567e+01 1.049143e+02 -4.767243e+00
         vertex -1.035955e+01 1.034605e+02 -5.470430e+00
         vertex -1.081109e+01 1.049286e+02 -5.038593e+00
      endloop
   endfacet
   facet normal 9.326686e-01 3.161114e-01 -1.737895e-01
      outer loop
         vertex -1.075567e+01 1.049143e+02 -4.767243e+00
         vertex -1.081109e+01 1.049286e+02 -5.038593e+00
         vertex -1.098586e+01 1.056600e+02 -4.646179e+00
      endloop
   endfacet
   facet normal 9.227698e-01 3.285473e-01 -2.013765e-01
      outer loop
         vertex -1.098586e+01 1.056600e+02 -4.646179e+00
         vertex -1.081109e+01 1.049286e+02 -5.038593e+00
         vertex -1.103170e+01 1.056693e+02 -4.841085e+00
      endloop
   endfacet
   facet normal 9.191809e-01 3.392605e-01 -2.000221e-01
      outer loop
         vertex -1.098586e+01 1.056600e+02 -4.646179e+00
         vertex -1.103170e+01 1.056693e+02 -4.841085e+00
         vertex -1.123927e+01 1.064108e+02 -4.537344e+00
      endloop
   endfacet
   facet normal 9.137052e-01 3.442518e-01 -2.159479e-01
      outer loop
         vertex -1.123927e+01 1.064108e+02 -4.537344e+00
         vertex -1.103170e+01 1.056693e+02 -4.841085e+00
         vertex -1.127287e+01 1.064172e+02 -4.669158e+00
      endloop
   endfacet
   facet normal 9.095218e-01 3.561565e-01 -2.142955e-01
      outer loop
         vertex -1.123927e+01 1.064108e+02 -4.537344e+00
         vertex -1.127287e+01 1.064172e+02 -4.669158e+00
         vertex -1.151342e+01 1.071705e+02 -4.438201e+00
      endloop
   endfacet
   facet normal 9.196498e-01 3.489449e-01 -1.802266e-01
      outer loop
         vertex -1.151342e+01 1.071705e+02 -4.438201e+00
         vertex -1.127287e+01 1.064172e+02 -4.669158e+00
         vertex -1.153371e+01 1.071757e+02 -4.531670e+00
      endloop
   endfacet
   facet normal 9.305149e-01 3.164510e-01 -1.843931e-01
      outer loop
         vertex -1.151342e+01 1.071705e+02 -4.438201e+00
         vertex -1.153371e+01 1.071757e+02 -4.531670e+00
         vertex -1.163662e+01 1.075580e+02 -4.395017e+00
      endloop
   endfacet
   facet normal 9.403559e-01 3.061842e-01 -1.482634e-01
      outer loop
         vertex -1.163662e+01 1.075580e+02 -4.395017e+00
         vertex -1.153371e+01 1.071757e+02 -4.531670e+00
         vertex -1.165198e+01 1.075631e+02 -4.481732e+00
      endloop
   endfacet
   facet normal 9.615161e-01 2.256005e-01 -1.568156e-01
      outer loop
         vertex -1.163662e+01 1.075580e+02 -4.395017e+00
         vertex -1.165198e+01 1.075631e+02 -4.481732e+00
         vertex -1.172414e+01 1.079548e+02 -4.360656e+00
      endloop
   endfacet
   facet normal 9.663111e-01 2.195361e-01 -1.343386e-01
      outer loop
         vertex -1.172414e+01 1.079548e+02 -4.360656e+00
         vertex -1.165198e+01 1.075631e+02 -4.481732e+00
         vertex -1.173789e+01 1.079607e+02 -4.450021e+00
      endloop
   endfacet
   facet normal 5.839869e-02 -9.932058e-01 -1.006573e-01
      outer loop
         vertex -1.199216e+01 5.791058e+01 -4.239342e+00
         vertex -1.199692e+01 5.791660e+01 -4.301543e+00
         vertex -1.171740e+01 5.793287e+01 -4.299895e+00
      endloop
   endfacet
   facet normal 5.839869e-02 -9.932105e-01 -1.006110e-01
      outer loop
         vertex -1.171740e+01 5.793287e+01 -4.299895e+00
         vertex -1.199692e+01 5.791660e+01 -4.301543e+00
         vertex -1.199216e+01 5.792318e+01 -4.363687e+00
      endloop
   endfacet
   facet normal 5.839575e-02 -9.932119e-01 -1.005982e-01
      outer loop
         vertex -1.171740e+01 5.793287e+01 -4.299895e+00
         vertex -1.199216e+01 5.792318e+01 -4.363687e+00
         vertex -1.172216e+01 5.793889e+01 -4.362096e+00
      endloop
   endfacet
   facet normal 5.839592e-02 -9.932047e-01 -1.006694e-01
      outer loop
         vertex -1.171740e+01 5.793287e+01 -4.299895e+00
         vertex -1.172216e+01 5.792629e+01 -4.237750e+00
         vertex -1.199216e+01 5.791058e+01 -4.239342e+00
      endloop
   endfacet
   facet normal 5.839592e-02 -9.932107e-01 -1.006100e-01
      outer loop
         vertex -1.199216e+01 5.791058e+01 -4.239342e+00
         vertex -1.172216e+01 5.792629e+01 -4.237750e+00
         vertex -1.173612e+01 5.791646e+01 -4.148766e+00
      endloop
   endfacet
   facet normal 5.839966e-02 -9.932094e-01 -1.006207e-01
      outer loop
         vertex -1.199216e+01 5.791058e+01 -4.239342e+00
         vertex -1.173612e+01 5.791646e+01 -4.148766e+00
         vertex -1.197819e+01 5.790237e+01 -4.150194e+00
      endloop
   endfacet
   facet normal 5.839966e-02 -9.932084e-01 -1.006311e-01
      outer loop
         vertex -1.197819e+01 5.790237e+01 -4.150194e+00
         vertex -1.173612e+01 5.791646e+01 -4.148766e+00
         vertex -1.195598e+01 5.789452e+01 -4.059834e+00
      endloop
   endfacet
   facet normal 5.839575e-02 -9.932097e-01 -1.006201e-01
      outer loop
         vertex -1.172216e+01 5.793889e+01 -4.362096e+00
         vertex -1.199216e+01 5.792318e+01 -4.363687e+00
         vertex -1.173612e+01 5.794710e+01 -4.451244e+00
      endloop
   endfacet
   facet normal 5.839966e-02 -9.932106e-01 -1.006089e-01
      outer loop
         vertex -1.173612e+01 5.794710e+01 -4.451244e+00
         vertex -1.199216e+01 5.792318e+01 -4.363687e+00
         vertex -1.197819e+01 5.793301e+01 -4.452671e+00
      endloop
   endfacet
   facet normal 5.839966e-02 -9.932084e-01 -1.006304e-01
      outer loop
         vertex -1.173612e+01 5.794710e+01 -4.451244e+00
         vertex -1.197819e+01 5.793301e+01 -4.452671e+00
         vertex -1.195598e+01 5.794345e+01 -4.542769e+00
      endloop
   endfacet
   facet normal 5.830384e-02 -9.932061e-01 -1.007090e-01
      outer loop
         vertex -1.192704e+01 5.795284e+01 -4.618614e+00
         vertex -1.189333e+01 5.795991e+01 -4.668831e+00
         vertex -1.185716e+01 5.796380e+01 -4.686245e+00
      endloop
   endfacet
   facet normal 5.841284e-02 -9.932110e-01 -1.005972e-01
      outer loop
         vertex -1.185716e+01 5.796380e+01 -4.686245e+00
         vertex -1.182098e+01 5.796412e+01 -4.668404e+00
         vertex -1.192704e+01 5.795284e+01 -4.618614e+00
      endloop
   endfacet
   facet normal 5.838566e-02 -9.932069e-01 -1.006541e-01
      outer loop
         vertex -1.192704e+01 5.795284e+01 -4.618614e+00
         vertex -1.182098e+01 5.796412e+01 -4.668404e+00
         vertex -1.178728e+01 5.796097e+01 -4.617790e+00
      endloop
   endfacet
   facet normal 5.838566e-02 -9.932071e-01 -1.006520e-01
      outer loop
         vertex -1.192704e+01 5.795284e+01 -4.618614e+00
         vertex -1.178728e+01 5.796097e+01 -4.617790e+00
         vertex -1.195598e+01 5.794345e+01 -4.542769e+00
      endloop
   endfacet
   facet normal 5.839973e-02 -9.932094e-01 -1.006210e-01
      outer loop
         vertex -1.195598e+01 5.794345e+01 -4.542769e+00
         vertex -1.178728e+01 5.796097e+01 -4.617790e+00
         vertex -1.175833e+01 5.795495e+01 -4.541604e+00
      endloop
   endfacet
   facet normal 5.839973e-02 -9.932084e-01 -1.006305e-01
      outer loop
         vertex -1.195598e+01 5.794345e+01 -4.542769e+00
         vertex -1.175833e+01 5.795495e+01 -4.541604e+00
         vertex -1.173612e+01 5.794710e+01 -4.451244e+00
      endloop
   endfacet
   facet normal 5.838561e-02 -9.931972e-01 -1.007496e-01
      outer loop
         vertex -1.185716e+01 5.788568e+01 -3.915193e+00
         vertex -1.189333e+01 5.788536e+01 -3.933033e+00
         vertex -1.182098e+01 5.788957e+01 -3.932607e+00
      endloop
   endfacet
   facet normal 5.838562e-02 -9.932143e-01 -1.005804e-01
      outer loop
         vertex -1.182098e+01 5.788957e+01 -3.932607e+00
         vertex -1.189333e+01 5.788536e+01 -3.933033e+00
         vertex -1.192704e+01 5.788850e+01 -3.983648e+00
      endloop
   endfacet
   facet normal 5.841205e-02 -9.932072e-01 -1.006355e-01
      outer loop
         vertex -1.182098e+01 5.788957e+01 -3.932607e+00
         vertex -1.192704e+01 5.788850e+01 -3.983648e+00
         vertex -1.178728e+01 5.789664e+01 -3.982824e+00
      endloop
   endfacet
   facet normal 5.841205e-02 -9.932082e-01 -1.006255e-01
      outer loop
         vertex -1.178728e+01 5.789664e+01 -3.982824e+00
         vertex -1.192704e+01 5.788850e+01 -3.983648e+00
         vertex -1.195598e+01 5.789452e+01 -4.059834e+00
      endloop
   endfacet
   facet normal 5.839996e-02 -9.932116e-01 -1.005990e-01
      outer loop
         vertex -1.178728e+01 5.789664e+01 -3.982824e+00
         vertex -1.195598e+01 5.789452e+01 -4.059834e+00
         vertex -1.175833e+01 5.790602e+01 -4.058668e+00
      endloop
   endfacet
   facet normal 5.839996e-02 -9.932084e-01 -1.006304e-01
      outer loop
         vertex -1.175833e+01 5.790602e+01 -4.058668e+00
         vertex -1.195598e+01 5.789452e+01 -4.059834e+00
         vertex -1.173612e+01 5.791646e+01 -4.148766e+00
      endloop
   endfacet
   facet normal 9.739953e-01 2.196020e-01 -5.574991e-02
      outer loop
         vertex -1.172414e+01 1.079548e+02 -4.360656e+00
         vertex -1.171944e+01 1.079498e+02 -4.298360e+00
         vertex -1.163662e+01 1.075580e+02 -4.395017e+00
      endloop
   endfacet
   facet normal 9.726763e-01 2.221833e-01 -6.734544e-02
      outer loop
         vertex -1.163662e+01 1.075580e+02 -4.395017e+00
         vertex -1.171944e+01 1.079498e+02 -4.298360e+00
         vertex -1.163138e+01 1.075533e+02 -4.334583e+00
      endloop
   endfacet
   facet normal 9.494219e-01 3.084591e-01 -5.874603e-02
      outer loop
         vertex -1.163662e+01 1.075580e+02 -4.395017e+00
         vertex -1.163138e+01 1.075533e+02 -4.334583e+00
         vertex -1.151342e+01 1.071705e+02 -4.438201e+00
      endloop
   endfacet
   facet normal 9.467906e-01 3.125443e-01 -7.683534e-02
      outer loop
         vertex -1.151342e+01 1.071705e+02 -4.438201e+00
         vertex -1.163138e+01 1.075533e+02 -4.334583e+00
         vertex -1.150650e+01 1.071656e+02 -4.373076e+00
      endloop
   endfacet
   facet normal 9.350494e-01 3.469260e-01 -7.297190e-02
      outer loop
         vertex -1.151342e+01 1.071705e+02 -4.438201e+00
         vertex -1.150650e+01 1.071656e+02 -4.373076e+00
         vertex -1.123927e+01 1.064108e+02 -4.537344e+00
      endloop
   endfacet
   facet normal 9.323940e-01 3.498598e-01 -9.077234e-02
      outer loop
         vertex -1.123927e+01 1.064108e+02 -4.537344e+00
         vertex -1.150650e+01 1.071656e+02 -4.373076e+00
         vertex -1.122781e+01 1.064040e+02 -4.445532e+00
      endloop
   endfacet
   facet normal 9.392054e-01 3.305101e-01 -9.303891e-02
      outer loop
         vertex -1.123927e+01 1.064108e+02 -4.537344e+00
         vertex -1.122781e+01 1.064040e+02 -4.445532e+00
         vertex -1.098586e+01 1.056600e+02 -4.646179e+00
      endloop
   endfacet
   facet normal 9.405025e-01 3.288759e-01 -8.541513e-02
      outer loop
         vertex -1.098586e+01 1.056600e+02 -4.646179e+00
         vertex -1.122781e+01 1.064040e+02 -4.445532e+00
         vertex -1.097023e+01 1.056506e+02 -4.510416e+00
      endloop
   endfacet
   facet normal 9.477189e-01 3.067946e-01 -8.778403e-02
      outer loop
         vertex -1.098586e+01 1.056600e+02 -4.646179e+00
         vertex -1.097023e+01 1.056506e+02 -4.510416e+00
         vertex -1.075567e+01 1.049143e+02 -4.767243e+00
      endloop
   endfacet
   facet normal 9.503293e-01 3.024964e-01 -7.328142e-02
      outer loop
         vertex -1.075567e+01 1.049143e+02 -4.767243e+00
         vertex -1.097023e+01 1.056506e+02 -4.510416e+00
         vertex -1.073677e+01 1.049007e+02 -4.578182e+00
      endloop
   endfacet
   facet normal 9.471993e-01 3.123977e-01 -7.225717e-02
      outer loop
         vertex -1.075567e+01 1.049143e+02 -4.767243e+00
         vertex -1.073677e+01 1.049007e+02 -4.578182e+00
         vertex -1.028743e+01 1.034315e+02 -5.040138e+00
      endloop
   endfacet
   facet normal 9.502484e-01 3.070657e-01 -5.233286e-02
      outer loop
         vertex -1.028743e+01 1.034315e+02 -5.040138e+00
         vertex -1.073677e+01 1.049007e+02 -4.578182e+00
         vertex -1.026283e+01 1.034065e+02 -4.740177e+00
      endloop
   endfacet
   facet normal 9.603510e-01 2.731136e-01 -5.599062e-02
      outer loop
         vertex -1.028743e+01 1.034315e+02 -5.040138e+00
         vertex -1.026283e+01 1.034065e+02 -4.740177e+00
         vertex -9.874376e+00 1.019301e+02 -5.278752e+00
      endloop
   endfacet
   facet normal 9.613761e-01 2.708386e-01 -4.901480e-02
      outer loop
         vertex -9.874376e+00 1.019301e+02 -5.278752e+00
         vertex -1.026283e+01 1.034065e+02 -4.740177e+00
         vertex -9.844561e+00 1.018985e+02 -4.868900e+00
      endloop
   endfacet
   facet normal 9.627330e-01 2.658860e-01 -4.949605e-02
      outer loop
         vertex -9.874376e+00 1.019301e+02 -5.278752e+00
         vertex -9.844561e+00 1.018985e+02 -4.868900e+00
         vertex -9.066350e+00 9.891471e+01 -5.760397e+00
      endloop
   endfacet
   facet normal 9.637788e-01 2.635626e-01 -4.080685e-02
      outer loop
         vertex -9.066350e+00 9.891471e+01 -5.760397e+00
         vertex -9.844561e+00 1.018985e+02 -4.868900e+00
         vertex -9.027668e+00 9.887053e+01 -5.132175e+00
      endloop
   endfacet
   facet normal 9.676778e-01 2.486515e-01 -4.209560e-02
      outer loop
         vertex -9.066350e+00 9.891471e+01 -5.760397e+00
         vertex -9.027668e+00 9.887053e+01 -5.132175e+00
         vertex -8.684997e+00 9.739251e+01 -5.985399e+00
      endloop
   endfacet
   facet normal 9.680961e-01 2.474037e-01 -3.976602e-02
      outer loop
         vertex -8.684997e+00 9.739251e+01 -5.985399e+00
         vertex -9.027668e+00 9.887053e+01 -5.132175e+00
         vertex -8.642527e+00 9.734401e+01 -5.253210e+00
      endloop
   endfacet
   facet normal 9.730697e-01 2.267589e-01 -4.142189e-02
      outer loop
         vertex -8.684997e+00 9.739251e+01 -5.985399e+00
         vertex -8.642527e+00 9.734401e+01 -5.253210e+00
         vertex -8.335089e+00 9.585465e+01 -6.184268e+00
      endloop
   endfacet
   facet normal 9.733143e-01 2.259537e-01 -4.005311e-02
      outer loop
         vertex -8.335089e+00 9.585465e+01 -6.184268e+00
         vertex -8.642527e+00 9.734401e+01 -5.253210e+00
         vertex -8.289249e+00 9.580432e+01 -5.354278e+00
      endloop
   endfacet
   facet normal 9.702273e-01 2.390210e-01 -3.909013e-02
      outer loop
         vertex -8.335089e+00 9.585465e+01 -6.184268e+00
         vertex -8.289249e+00 9.580432e+01 -5.354278e+00
         vertex -7.963463e+00 9.431162e+01 -6.395430e+00
      endloop
   endfacet
   facet normal 9.704617e-01 2.382564e-01 -3.792060e-02
      outer loop
         vertex -7.963463e+00 9.431162e+01 -6.395430e+00
         vertex -8.289249e+00 9.580432e+01 -5.354278e+00
         vertex -7.914591e+00 9.425922e+01 -5.473929e+00
      endloop
   endfacet
   facet normal 9.714326e-01 2.342207e-01 -3.820158e-02
      outer loop
         vertex -7.963463e+00 9.431162e+01 -6.395430e+00
         vertex -7.914591e+00 9.425922e+01 -5.473929e+00
         vertex -7.777611e+00 9.352372e+01 -6.500172e+00
      endloop
   endfacet
   facet normal 9.738545e-01 2.250093e-01 -3.127653e-02
      outer loop
         vertex -7.777611e+00 9.352372e+01 -6.500172e+00
         vertex -7.914591e+00 9.425922e+01 -5.473929e+00
         vertex -7.553118e+00 9.267870e+01 -5.589407e+00
      endloop
   endfacet
   facet normal 9.759237e-01 2.140366e-01 -4.196720e-02
      outer loop
         vertex -7.777611e+00 9.352372e+01 -6.500172e+00
         vertex -7.553118e+00 9.267870e+01 -5.589407e+00
         vertex -7.604765e+00 9.271722e+01 -6.593948e+00
      endloop
   endfacet
   facet normal 9.814203e-01 1.869231e-01 -4.328968e-02
      outer loop
         vertex -7.604765e+00 9.271722e+01 -6.593948e+00
         vertex -7.553118e+00 9.267870e+01 -5.589407e+00
         vertex -7.450972e+00 9.189192e+01 -6.670912e+00
      endloop
   endfacet
   facet normal 9.807200e-01 1.900211e-01 -4.560955e-02
      outer loop
         vertex -7.450972e+00 9.189192e+01 -6.670912e+00
         vertex -7.553118e+00 9.267870e+01 -5.589407e+00
         vertex -7.398041e+00 9.186886e+01 -5.628839e+00
      endloop
   endfacet
   facet normal 9.865128e-01 1.568995e-01 -4.663672e-02
      outer loop
         vertex -7.450972e+00 9.189192e+01 -6.670912e+00
         vertex -7.398041e+00 9.186886e+01 -5.628839e+00
         vertex -7.319798e+00 9.105054e+01 -6.726851e+00
      endloop
   endfacet
   facet normal 9.858712e-01 1.601467e-01 -4.910251e-02
      outer loop
         vertex -7.319798e+00 9.105054e+01 -6.726851e+00
         vertex -7.398041e+00 9.186886e+01 -5.628839e+00
         vertex -7.265670e+00 9.104744e+01 -5.650179e+00
      endloop
   endfacet
   facet normal 9.907832e-01 1.261098e-01 -4.944744e-02
      outer loop
         vertex -7.319798e+00 9.105054e+01 -6.726851e+00
         vertex -7.265670e+00 9.104744e+01 -5.650179e+00
         vertex -7.212832e+00 9.019747e+01 -6.759183e+00
      endloop
   endfacet
   facet normal 9.903060e-01 1.289454e-01 -5.164344e-02
      outer loop
         vertex -7.212832e+00 9.019747e+01 -6.759183e+00
         vertex -7.265670e+00 9.104744e+01 -5.650179e+00
         vertex -7.157607e+00 9.021718e+01 -5.651009e+00
      endloop
   endfacet
   facet normal 9.940603e-01 9.601057e-02 -5.124484e-02
      outer loop
         vertex -7.212832e+00 9.019747e+01 -6.759183e+00
         vertex -7.157607e+00 9.021718e+01 -5.651009e+00
         vertex -7.130175e+00 8.933753e+01 -6.766961e+00
      endloop
   endfacet
   facet normal 9.937646e-01 9.813572e-02 -5.292727e-02
      outer loop
         vertex -7.130175e+00 8.933753e+01 -6.766961e+00
         vertex -7.157607e+00 9.021718e+01 -5.651009e+00
         vertex -7.073974e+00 8.938131e+01 -5.630552e+00
      endloop
   endfacet
   facet normal 9.963751e-01 6.742331e-02 -5.187319e-02
      outer loop
         vertex -7.130175e+00 8.933753e+01 -6.766961e+00
         vertex -7.073974e+00 8.938131e+01 -5.630552e+00
         vertex -7.070946e+00 8.847462e+01 -6.750869e+00
      endloop
   endfacet
   facet normal 9.962241e-01 6.878388e-02 -5.297473e-02
      outer loop
         vertex -7.070946e+00 8.847462e+01 -6.750869e+00
         vertex -7.073974e+00 8.938131e+01 -5.630552e+00
         vertex -7.013901e+00 8.854270e+01 -5.589702e+00
      endloop
   endfacet
   facet normal 9.978486e-01 4.068836e-02 -5.140737e-02
      outer loop
         vertex -7.070946e+00 8.847462e+01 -6.750869e+00
         vertex -7.013901e+00 8.854270e+01 -5.589702e+00
         vertex -7.033772e+00 8.761052e+01 -6.713223e+00
      endloop
   endfacet
   facet normal 9.977899e-01 4.138580e-02 -5.198500e-02
      outer loop
         vertex -7.033772e+00 8.761052e+01 -6.713223e+00
         vertex -7.013901e+00 8.854270e+01 -5.589702e+00
         vertex -6.976022e+00 8.770314e+01 -5.531057e+00
      endloop
   endfacet
   facet normal 9.986234e-01 1.578930e-02 -5.002033e-02
      outer loop
         vertex -7.033772e+00 8.761052e+01 -6.713223e+00
         vertex -6.976022e+00 8.770314e+01 -5.531057e+00
         vertex -7.017296e+00 8.674357e+01 -6.657949e+00
      endloop
   endfacet
   facet normal 9.986147e-01 1.593709e-02 -5.014586e-02
      outer loop
         vertex -7.017296e+00 8.674357e+01 -6.657949e+00
         vertex -6.976022e+00 8.770314e+01 -5.531057e+00
         vertex -6.958985e+00 8.686255e+01 -5.458927e+00
      endloop
   endfacet
   facet normal 9.988175e-01 -9.948323e-03 -4.758713e-02
      outer loop
         vertex -7.017296e+00 8.674357e+01 -6.657949e+00
         vertex -6.958985e+00 8.686255e+01 -5.458927e+00
         vertex -7.022464e+00 8.587287e+01 -6.584405e+00
      endloop
   endfacet
   facet normal 9.988334e-01 -1.045407e-02 -4.714330e-02
      outer loop
         vertex -7.022464e+00 8.587287e+01 -6.584405e+00
         vertex -6.958985e+00 8.686255e+01 -5.458927e+00
         vertex -6.963730e+00 8.602095e+01 -5.372828e+00
      endloop
   endfacet
   facet normal 9.982401e-01 -4.034677e-02 -4.346102e-02
      outer loop
         vertex -7.022464e+00 8.587287e+01 -6.584405e+00
         vertex -6.963730e+00 8.602095e+01 -5.372828e+00
         vertex -7.053099e+00 8.500581e+01 -6.483117e+00
      endloop
   endfacet
   facet normal 9.982377e-01 -4.165315e-02 -4.226640e-02
      outer loop
         vertex -7.053099e+00 8.500581e+01 -6.483117e+00
         vertex -6.963730e+00 8.602095e+01 -5.372828e+00
         vertex -6.994074e+00 8.518201e+01 -5.262712e+00
      endloop
   endfacet
   facet normal 9.966781e-01 -7.214376e-02 -3.778882e-02
      outer loop
         vertex -7.053099e+00 8.500581e+01 -6.483117e+00
         vertex -6.994074e+00 8.518201e+01 -5.262712e+00
         vertex -7.110178e+00 8.414847e+01 -6.351812e+00
      endloop
   endfacet
   facet normal 9.966089e-01 -7.396452e-02 -3.605356e-02
      outer loop
         vertex -7.110178e+00 8.414847e+01 -6.351812e+00
         vertex -6.994074e+00 8.518201e+01 -5.262712e+00
         vertex -7.050989e+00 8.434836e+01 -5.125741e+00
      endloop
   endfacet
   facet normal 9.942795e-01 -1.021045e-01 -3.135350e-02
      outer loop
         vertex -7.110178e+00 8.414847e+01 -6.351812e+00
         vertex -7.050989e+00 8.434836e+01 -5.125741e+00
         vertex -7.191929e+00 8.330438e+01 -6.195447e+00
      endloop
   endfacet
   facet normal 9.941484e-01 -1.038907e-01 -2.959297e-02
      outer loop
         vertex -7.191929e+00 8.330438e+01 -6.195447e+00
         vertex -7.050989e+00 8.434836e+01 -5.125741e+00
         vertex -7.132696e+00 8.352111e+01 -4.966432e+00
      endloop
   endfacet
   facet normal 9.914337e-01 -1.281600e-01 -2.518238e-02
      outer loop
         vertex -7.191929e+00 8.330438e+01 -6.195447e+00
         vertex -7.132696e+00 8.352111e+01 -4.966432e+00
         vertex -7.294788e+00 8.247492e+01 -6.023641e+00
      endloop
   endfacet
   facet normal 9.913102e-01 -1.293375e-01 -2.399828e-02
      outer loop
         vertex -7.294788e+00 8.247492e+01 -6.023641e+00
         vertex -7.132696e+00 8.352111e+01 -4.966432e+00
         vertex -7.235624e+00 8.270025e+01 -4.794109e+00
      endloop
   endfacet
   facet normal 9.873435e-01 -1.574962e-01 -1.864694e-02
      outer loop
         vertex -7.294788e+00 8.247492e+01 -6.023641e+00
         vertex -7.235624e+00 8.270025e+01 -4.794109e+00
         vertex -7.546376e+00 8.085705e+01 -5.680133e+00
      endloop
   endfacet
   facet normal 9.968603e-01 2.956108e-02 -7.345482e-02
      outer loop
         vertex -1.171740e+01 5.793287e+01 -4.299895e+00
         vertex -1.172216e+01 5.793889e+01 -4.362096e+00
         vertex -1.172643e+01 5.833887e+01 -4.259155e+00
      endloop
   endfacet
   facet normal 9.959371e-01 3.228218e-02 -8.406605e-02
      outer loop
         vertex -1.172643e+01 5.833887e+01 -4.259155e+00
         vertex -1.172216e+01 5.793889e+01 -4.362096e+00
         vertex -1.173173e+01 5.834457e+01 -4.319660e+00
      endloop
   endfacet
   facet normal 9.939192e-01 -5.966514e-02 -9.254556e-02
      outer loop
         vertex -1.172643e+01 5.833887e+01 -4.259155e+00
         vertex -1.173173e+01 5.834457e+01 -4.319660e+00
         vertex -1.169821e+01 5.874412e+01 -4.217316e+00
      endloop
   endfacet
   facet normal 9.921904e-01 -5.448482e-02 -1.122035e-01
      outer loop
         vertex -1.169821e+01 5.874412e+01 -4.217316e+00
         vertex -1.173173e+01 5.834457e+01 -4.319660e+00
         vertex -1.170522e+01 5.875041e+01 -4.282344e+00
      endloop
   endfacet
   facet normal 9.883643e-01 -9.834518e-02 -1.160351e-01
      outer loop
         vertex -1.169821e+01 5.874412e+01 -4.217316e+00
         vertex -1.170522e+01 5.875041e+01 -4.282344e+00
         vertex -1.160852e+01 5.954899e+01 -4.135507e+00
      endloop
   endfacet
   facet normal 9.863394e-01 -9.464573e-02 -1.348213e-01
      outer loop
         vertex -1.160852e+01 5.954899e+01 -4.135507e+00
         vertex -1.170522e+01 5.875041e+01 -4.282344e+00
         vertex -1.162016e+01 5.955775e+01 -4.226854e+00
      endloop
   endfacet
   facet normal 9.879303e-01 -7.858629e-02 -1.334838e-01
      outer loop
         vertex -1.160852e+01 5.954899e+01 -4.135507e+00
         vertex -1.162016e+01 5.955775e+01 -4.226854e+00
         vertex -1.153476e+01 6.034351e+01 -4.057400e+00
      endloop
   endfacet
   facet normal 9.890575e-01 -8.088800e-02 -1.233789e-01
      outer loop
         vertex -1.153476e+01 6.034351e+01 -4.057400e+00
         vertex -1.162016e+01 5.955775e+01 -4.226854e+00
         vertex -1.155065e+01 6.035580e+01 -4.192773e+00
      endloop
   endfacet
   facet normal 9.913719e-01 -5.063560e-02 -1.209039e-01
      outer loop
         vertex -1.153476e+01 6.034351e+01 -4.057400e+00
         vertex -1.155065e+01 6.035580e+01 -4.192773e+00
         vertex -1.148516e+01 6.112744e+01 -3.978950e+00
      endloop
   endfacet
   facet normal 9.928642e-01 -5.493567e-02 -1.058430e-01
      outer loop
         vertex -1.148516e+01 6.112744e+01 -3.978950e+00
         vertex -1.155065e+01 6.035580e+01 -4.192773e+00
         vertex -1.150433e+01 6.114473e+01 -4.167814e+00
      endloop
   endfacet
   facet normal 9.934558e-01 -4.497264e-02 -1.049908e-01
      outer loop
         vertex -1.148516e+01 6.112744e+01 -3.978950e+00
         vertex -1.150433e+01 6.114473e+01 -4.167814e+00
         vertex -1.139736e+01 6.267595e+01 -3.811499e+00
      endloop
   endfacet
   facet normal 9.949264e-01 -4.906926e-02 -8.782771e-02
      outer loop
         vertex -1.139736e+01 6.267595e+01 -3.811499e+00
         vertex -1.150433e+01 6.114473e+01 -4.167814e+00
         vertex -1.142232e+01 6.270560e+01 -4.110821e+00
      endloop
   endfacet
   facet normal 9.957885e-01 -3.137113e-02 -8.614628e-02
      outer loop
         vertex -1.139736e+01 6.267595e+01 -3.811499e+00
         vertex -1.142232e+01 6.270560e+01 -4.110821e+00
         vertex -1.133623e+01 6.421230e+01 -3.664381e+00
      endloop
   endfacet
   facet normal 9.964831e-01 -3.428065e-02 -7.646083e-02
      outer loop
         vertex -1.133623e+01 6.421230e+01 -3.664381e+00
         vertex -1.142232e+01 6.270560e+01 -4.110821e+00
         vertex -1.136653e+01 6.424539e+01 -4.074123e+00
      endloop
   endfacet
   facet normal 9.943959e-01 -7.003618e-02 -7.919386e-02
      outer loop
         vertex -1.133623e+01 6.421230e+01 -3.664381e+00
         vertex -1.136653e+01 6.424539e+01 -4.074123e+00
         vertex -1.127807e+01 6.497165e+01 -3.605634e+00
      endloop
   endfacet
   facet normal 9.945239e-01 -7.271590e-02 -7.506388e-02
      outer loop
         vertex -1.127807e+01 6.497165e+01 -3.605634e+00
         vertex -1.136653e+01 6.424539e+01 -4.074123e+00
         vertex -1.131080e+01 6.500425e+01 -4.070864e+00
      endloop
   endfacet
   facet normal 9.911302e-01 -1.080966e-01 -7.730464e-02
      outer loop
         vertex -1.127807e+01 6.497165e+01 -3.605634e+00
         vertex -1.131080e+01 6.500425e+01 -4.070864e+00
         vertex -1.119213e+01 6.572497e+01 -3.557105e+00
      endloop
   endfacet
   facet normal 9.911193e-01 -1.109395e-01 -7.331400e-02
      outer loop
         vertex -1.119213e+01 6.572497e+01 -3.557105e+00
         vertex -1.131080e+01 6.500425e+01 -4.070864e+00
         vertex -1.122714e+01 6.575620e+01 -4.077652e+00
      endloop
   endfacet
   facet normal 9.851786e-01 -1.540223e-01 -7.549943e-02
      outer loop
         vertex -1.119213e+01 6.572497e+01 -3.557105e+00
         vertex -1.122714e+01 6.575620e+01 -4.077652e+00
         vertex -1.095320e+01 6.721936e+01 -3.488018e+00
      endloop
   endfacet
   facet normal 9.852473e-01 -1.572062e-01 -6.763070e-02
      outer loop
         vertex -1.095320e+01 6.721936e+01 -3.488018e+00
         vertex -1.122714e+01 6.575620e+01 -4.077652e+00
         vertex -1.099233e+01 6.724487e+01 -4.117409e+00
      endloop
   endfacet
   facet normal 9.804895e-01 -1.842756e-01 -6.843173e-02
      outer loop
         vertex -1.095320e+01 6.721936e+01 -3.488018e+00
         vertex -1.099233e+01 6.724487e+01 -4.117409e+00
         vertex -1.067092e+01 6.870748e+01 -3.450722e+00
      endloop
   endfacet
   facet normal 9.803353e-01 -1.877853e-01 -6.065781e-02
      outer loop
         vertex -1.067092e+01 6.870748e+01 -3.450722e+00
         vertex -1.099233e+01 6.724487e+01 -4.117409e+00
         vertex -1.071361e+01 6.872162e+01 -4.184505e+00
      endloop
   endfacet
   facet normal 9.781780e-01 -1.986911e-01 -6.074246e-02
      outer loop
         vertex -1.067092e+01 6.870748e+01 -3.450722e+00
         vertex -1.071361e+01 6.872162e+01 -4.184505e+00
         vertex -1.051968e+01 6.944973e+01 -3.443229e+00
      endloop
   endfacet
   facet normal 9.776229e-01 -2.025495e-01 -5.680740e-02
      outer loop
         vertex -1.051968e+01 6.944973e+01 -3.443229e+00
         vertex -1.071361e+01 6.872162e+01 -4.184505e+00
         vertex -1.056394e+01 6.945590e+01 -4.226933e+00
      endloop
   endfacet
   facet normal 9.728031e-01 -2.245845e-01 -5.670865e-02
      outer loop
         vertex -1.051968e+01 6.944973e+01 -3.443229e+00
         vertex -1.056394e+01 6.945590e+01 -4.226933e+00
         vertex -1.034941e+01 7.018755e+01 -3.444353e+00
      endloop
   endfacet
   facet normal 9.720651e-01 -2.287358e-01 -5.262515e-02
      outer loop
         vertex -1.034941e+01 7.018755e+01 -3.444353e+00
         vertex -1.056394e+01 6.945590e+01 -4.226933e+00
         vertex -1.039510e+01 7.018481e+01 -4.276306e+00
      endloop
   endfacet
   facet normal 9.598956e-01 -2.755303e-01 -5.180312e-02
      outer loop
         vertex -1.034941e+01 7.018755e+01 -3.444353e+00
         vertex -1.039510e+01 7.018481e+01 -4.276306e+00
         vertex -1.014059e+01 7.091720e+01 -3.455881e+00
      endloop
   endfacet
   facet normal 9.588336e-01 -2.799652e-01 -4.751457e-02
      outer loop
         vertex -1.014059e+01 7.091720e+01 -3.455881e+00
         vertex -1.039510e+01 7.018481e+01 -4.276306e+00
         vertex -1.018756e+01 7.090544e+01 -4.334376e+00
      endloop
   endfacet
   facet normal 9.487764e-01 -3.125015e-01 -4.654115e-02
      outer loop
         vertex -1.014059e+01 7.091720e+01 -3.455881e+00
         vertex -1.018756e+01 7.090544e+01 -4.334376e+00
         vertex -9.901475e+00 7.164624e+01 -3.476380e+00
      endloop
   endfacet
   facet normal 9.474237e-01 -3.172103e-01 -4.202454e-02
      outer loop
         vertex -9.901475e+00 7.164624e+01 -3.476380e+00
         vertex -1.018756e+01 7.090544e+01 -4.334376e+00
         vertex -9.949650e+00 7.162463e+01 -4.399360e+00
      endloop
   endfacet
   facet normal 9.464014e-01 -3.202636e-01 -4.189971e-02
      outer loop
         vertex -9.901475e+00 7.164624e+01 -3.476380e+00
         vertex -9.949650e+00 7.162463e+01 -4.399360e+00
         vertex -9.400444e+00 7.313510e+01 -3.539687e+00
      endloop
   endfacet
   facet normal 9.450986e-01 -3.251704e-01 -3.244594e-02
      outer loop
         vertex -9.400444e+00 7.313510e+01 -3.539687e+00
         vertex -9.949650e+00 7.162463e+01 -4.399360e+00
         vertex -9.450972e+00 7.308846e+01 -4.544058e+00
      endloop
   endfacet
   facet normal 9.548697e-01 -2.950335e-01 -3.433700e-02
      outer loop
         vertex -9.400444e+00 7.313510e+01 -3.539687e+00
         vertex -9.450972e+00 7.308846e+01 -4.544058e+00
         vertex -8.926824e+00 7.467944e+01 -3.638317e+00
      endloop
   endfacet
   facet normal 9.536560e-01 -2.998430e-01 -2.518651e-02
      outer loop
         vertex -8.926824e+00 7.467944e+01 -3.638317e+00
         vertex -9.450972e+00 7.308846e+01 -4.544058e+00
         vertex -8.979670e+00 7.460162e+01 -4.712812e+00
      endloop
   endfacet
   facet normal 9.643530e-01 -2.630935e-01 -2.837422e-02
      outer loop
         vertex -8.926824e+00 7.467944e+01 -3.638317e+00
         vertex -8.979670e+00 7.460162e+01 -4.712812e+00
         vertex -8.499146e+00 7.626274e+01 -3.783664e+00
      endloop
   endfacet
   facet normal 9.634306e-01 -2.671634e-01 -2.062099e-02
      outer loop
         vertex -8.499146e+00 7.626274e+01 -3.783664e+00
         vertex -8.979670e+00 7.460162e+01 -4.712812e+00
         vertex -8.554107e+00 7.615197e+01 -4.916354e+00
      endloop
   endfacet
   facet normal 9.711094e-01 -2.374347e-01 -2.390081e-02
      outer loop
         vertex -8.499146e+00 7.626274e+01 -3.783664e+00
         vertex -8.554107e+00 7.615197e+01 -4.916354e+00
         vertex -8.113622e+00 7.785876e+01 -3.974597e+00
      endloop
   endfacet
   facet normal 9.703934e-01 -2.409120e-01 -1.726367e-02
      outer loop
         vertex -8.113622e+00 7.785876e+01 -3.974597e+00
         vertex -8.554107e+00 7.615197e+01 -4.916354e+00
         vertex -8.170280e+00 7.771495e+01 -5.152485e+00
      endloop
   endfacet
   facet normal 9.780976e-01 -2.070046e-01 -2.177410e-02
      outer loop
         vertex -8.113622e+00 7.785876e+01 -3.974597e+00
         vertex -8.170280e+00 7.771495e+01 -5.152485e+00
         vertex -7.779177e+00 7.946130e+01 -4.186469e+00
      endloop
   endfacet
   facet normal 9.774516e-01 -2.106290e-01 -1.496028e-02
      outer loop
         vertex -7.779177e+00 7.946130e+01 -4.186469e+00
         vertex -8.170280e+00 7.771495e+01 -5.152485e+00
         vertex -7.837061e+00 7.927846e+01 -5.394171e+00
      endloop
   endfacet
   facet normal 9.824072e-01 -1.857868e-01 -1.895872e-02
      outer loop
         vertex -7.779177e+00 7.946130e+01 -4.186469e+00
         vertex -7.837061e+00 7.927846e+01 -5.394171e+00
         vertex -7.629308e+00 8.026647e+01 -4.310798e+00
      endloop
   endfacet
   facet normal 9.826117e-01 -1.845817e-01 -2.009698e-02
      outer loop
         vertex -7.629308e+00 8.026647e+01 -4.310798e+00
         vertex -7.837061e+00 7.927846e+01 -5.394171e+00
         vertex -7.546376e+00 8.085705e+01 -5.680133e+00
      endloop
   endfacet
   facet normal 9.843397e-01 -1.755458e-01 -1.609523e-02
      outer loop
         vertex -7.629308e+00 8.026647e+01 -4.310798e+00
         vertex -7.546376e+00 8.085705e+01 -5.680133e+00
         vertex -7.487659e+00 8.107409e+01 -4.456436e+00
      endloop
   endfacet
   facet normal 9.873920e-01 -1.570868e-01 -1.951569e-02
      outer loop
         vertex -7.487659e+00 8.107409e+01 -4.456436e+00
         vertex -7.546376e+00 8.085705e+01 -5.680133e+00
         vertex -7.235624e+00 8.270025e+01 -4.794109e+00
      endloop
   endfacet
endsolid yp24.1_fill